27.6479	65.3038	107.9025
70.4288	162.5044	38.5541
189.0685	136.5435	184.5648
118.2168	113.4179	418.7048
150.3796	140.7868	326.5655
25.0635	139.6438	113.8281
56.9790	90.3537	404.3829
9.6774	10.0539	49.6575
19.2811	67.7178	79.7657
181.0757	141.0327	214.1391
133.7030	179.4499	386.8325
169.2419	0.0682	82.4026
157.0549	47.4039	268.9236
174.6681	180.2931	26.2600
38.5844	187.3023	420.5693
47.6829	91.1234	150.1863
169.0035	165.8838	240.6614
17.8201	112.0959	323.6369
160.0699	92.0569	183.2873
178.2456	39.1365	127.2195
139.1347	87.9778	202.7214
107.0613	119.1469	179.0670
58.0272	135.5406	141.0832
188.4441	37.0515	6.7728
12.1287	26.4865	181.8632
7.1357	113.0765	281.6112
179.0527	145.4062	253.4375
64.7674	116.5002	252.6378
103.9039	144.2102	158.4028
60.8348	6.4108	66.1098
15.7059	172.3701	203.0794
129.6216	175.8310	313.2209
17.5639	80.8909	187.7688
160.2073	146.0775	355.0839
177.0826	176.6679	30.7068
164.2181	88.9875	234.7121
86.9571	17.7835	322.3274
9.2019	43.6132	189.3161
49.5385	159.9762	458.7990
111.8530	186.7793	78.8270
75.0617	184.1643	184.1250
74.4735	42.3259	94.1286
18.0827	64.5461	8.6806
115.9078	110.1536	371.8356
112.6346	154.8813	213.9686
152.0830	18.2910	103.3634
1.6726	24.2688	81.5560
13.4721	137.9213	171.3373
149.3823	84.2625	160.6962
147.9522	129.7896	201.1671
122.0828	183.8512	208.7180
81.8438	101.1101	252.6861
109.9962	140.9539	26.7298
19.6509	167.4902	235.8549
149.7462	114.7593	14.2452
54.3196	45.2170	58.8303
86.7907	22.2514	37.6883
98.2085	114.9067	336.4484
182.7073	48.4060	6.8479
129.9532	148.7125	218.4602
1.1626	33.7205	52.2296
2.7116	126.7676	247.3561
125.7229	51.1903	376.9124
167.9361	45.9135	32.1862
108.6301	76.4988	200.7820
167.8183	131.8274	427.4806
19.9921	165.7271	437.6351
187.6792	34.1971	72.3523
63.3513	120.9985	67.3158
82.5245	112.2889	56.6193
54.5167	34.9457	433.7344
13.2709	135.8671	310.0201
132.4332	83.8795	137.0015
147.6007	152.4416	315.4921
83.0456	102.3977	9.6018
83.0447	58.6372	157.8427
111.6262	179.6752	380.3246
5.9932	102.3948	328.5987
62.0513	129.1394	274.0289
115.6430	97.6013	266.1864
104.5521	91.1760	316.8986
167.2391	48.5359	53.2703
129.6356	114.9394	377.9128
75.6398	61.5596	383.0747
25.9012	63.0511	444.6155
23.6423	148.9581	290.2129
61.6680	100.5815	395.6086
48.6483	70.2976	408.0433
76.9548	183.2591	403.8252
159.1744	158.8406	150.9898
18.6508	77.4213	219.2079
186.8634	183.1164	97.9452
45.3203	64.1144	299.1177
161.5043	118.9074	343.1193
126.4705	33.9108	159.2071
1.1363	154.2266	126.1811
10.4172	41.7894	394.6235
91.3779	181.8610	267.8856
74.9544	94.4355	418.6204
115.3469	97.6750	433.6852
68.7930	142.0237	103.1752
68.4219	143.5655	269.2684
141.2127	186.3651	304.7566
131.5353	19.4918	299.8394
97.4068	53.5807	343.4525
172.2707	179.1733	394.9660
180.9403	71.0616	169.6926
89.1417	107.9705	84.5347
100.4971	30.9829	108.8605
121.5914	30.4556	445.5567
30.6353	114.1302	180.2023
95.1456	116.5563	176.3393
95.6341	12.8797	462.2699
161.6771	116.8611	301.8673
31.0904	151.7416	436.5079
56.5681	162.0013	273.6285
182.5285	174.0804	88.9025
83.8561	1.2021	176.3943
147.7581	79.6034	361.6936
112.1319	6.1280	241.0323
168.7432	63.0281	428.8273
74.7290	176.2107	130.1956
130.4140	48.8832	10.6738
34.8551	24.0690	416.3856
176.4428	175.6561	216.2667
41.8671	13.2864	185.8467
118.1034	71.9279	303.9057
94.3561	144.3391	400.0940
26.2071	39.5471	62.3130
43.3576	72.4562	85.0455
135.7535	82.2998	204.3069
70.9746	114.8687	66.0378
177.5503	24.7325	245.6584
20.2045	12.8099	23.1840
51.4488	6.4133	125.5424
4.6387	74.7225	122.4494
73.4311	47.7910	461.3074
177.0125	115.3939	162.0758
35.8631	5.7508	289.6348
162.8673	45.2386	278.8547
179.3981	171.6407	145.9226
67.5627	157.5810	258.3688
11.3735	53.9390	175.5255
36.9780	148.9565	21.6606
7.5944	105.8599	182.1491
98.1495	20.6175	187.9103
49.4865	322.7704	-993.6000
86.3109	149.5605	153.2393
13.8002	25.7338	180.6072
49.9773	177.8745	219.5671
64.0826	44.8889	202.5633
94.5908	26.0956	388.9565
66.2938	26.2737	150.8098
157.3910	99.1671	267.5420
9.9005	37.6026	118.1731
175.3272	147.8354	70.1009
140.9898	25.4787	279.1428
170.5525	84.0601	300.4704
171.4422	171.2012	214.1926
26.8269	63.3013	302.7978
5.3924	129.8912	305.3007
24.2512	117.4004	206.8574
24.0229	37.9083	163.8586
107.1617	1.0164	48.3655
80.3864	122.9917	136.7751
150.0125	7.4223	353.8603
40.2059	113.5843	73.0989
73.6557	26.4540	118.6697
138.7576	183.7227	217.5951
106.2249	40.1058	266.1592
110.2273	97.3419	373.2541
62.4237	61.6092	77.9179
20.2045	83.6875	19.5981
43.3469	10.0564	78.4312
117.8210	34.1862	468.5948
36.4474	32.9737	362.4220
143.3029	44.4752	273.5024
113.3580	136.0833	422.8328
146.5494	169.7421	191.3649
105.0334	177.4599	95.8514
159.4858	41.0700	259.1109
184.6093	21.6738	47.5702
103.2028	165.2867	165.6671
102.5838	183.1026	37.0986
28.0644	169.5001	206.8791
151.4412	56.8755	239.4280
148.0291	11.0887	86.4460
158.1019	93.3586	201.8837
42.1472	188.6501	362.6100
138.5127	98.4032	292.2303
69.2732	143.2260	328.3257
34.3524	146.2238	127.7470
98.1543	176.9396	365.4015
168.4613	88.5223	220.3874
133.1988	121.5067	253.8122
178.3790	147.5762	170.0402
51.2329	32.8778	425.6046
65.3001	66.9275	229.1379
120.1169	6.6788	218.2003
65.4843	141.3467	129.6104
16.8884	132.4563	425.4583
69.2627	180.2752	374.4027
128.8304	183.3485	142.9131
170.0039	188.7095	437.8927
182.5027	36.9419	224.6785
145.6206	184.8371	311.0710
120.5140	162.8226	352.9011
8.3200	102.6680	26.2713
178.7415	140.6412	262.8039
68.7288	2.0765	460.6149
30.3644	145.6523	183.8886
120.8005	65.9301	69.4623
85.5307	32.5569	88.5270
61.9103	122.2529	274.7004
51.2405	13.8398	80.3576
172.4423	158.6129	360.4365
102.9942	61.4990	265.9979
111.7411	139.6882	200.5068
38.2390	176.0029	469.1038
97.1459	55.7878	25.7217
93.1434	130.7565	13.5468
151.3582	95.3320	199.4567
130.8509	64.1725	22.6028
140.3295	90.1496	236.2230
133.8803	8.2401	151.6885
171.0081	12.8061	334.7937
131.7207	110.8266	392.5863
144.8311	146.0375	266.1531
183.5183	177.9801	397.8732
47.9764	185.8074	34.6068
162.8940	180.6725	382.8640
83.1330	108.1491	399.0101
89.1977	2.3063	175.4423
112.6120	115.1441	214.8953
114.7954	6.1567	347.2581
164.9249	150.5888	325.1120
144.3487	37.7756	129.2703
153.7612	149.5993	4.0488
151.0093	64.6002	419.3670
49.5171	3.3426	21.4866
139.7971	20.2055	373.2772
145.4644	144.0321	439.5772
124.4725	32.1378	76.6224
88.2882	182.7503	171.7283
59.5342	40.2343	214.0032
147.4990	31.2296	418.6188
136.1900	103.4957	427.8717
125.1683	182.6357	31.9984
11.7976	63.9593	120.5568
56.6190	52.9392	37.6644
152.7533	179.4548	58.5980
151.4420	39.5311	467.8102
83.5509	105.4109	443.5661
6.9635	68.2878	1.0439
173.9516	58.2407	273.3714
155.1947	95.0261	79.4767
37.9306	8.2438	0.8900
39.7386	139.4454	321.4030
11.2970	144.5251	367.6503
154.3057	133.4619	104.7601
183.1989	173.5812	134.6368
52.0203	42.2016	63.0940
59.5302	92.1272	279.2612
1.7800	145.6815	332.5349
82.8856	140.9560	286.2666
41.8537	0.9087	433.3535
56.1282	161.5668	411.9026
119.8166	75.9638	376.8215
151.9771	2.2582	422.8372
3.4217	88.4788	256.4757
188.9701	162.8221	176.7541
65.1695	3.9082	243.4417
110.4633	125.5924	247.5732
136.0122	99.5284	438.4882
179.5850	9.6976	164.5206
98.2149	30.3502	194.1882
158.6871	113.7665	468.1021
82.5879	143.7370	0.8518
27.1739	145.0680	462.6535
165.3346	64.9515	399.7073
124.1062	107.4865	383.2675
139.5272	39.9899	124.0838
77.8424	162.1041	123.9171
74.1672	112.2813	97.7238
131.3957	9.6905	165.4201
92.3075	150.9891	201.2428
33.1757	171.6062	280.9199
76.0686	78.2655	259.4382
48.1085	7.7848	187.6139
38.8552	67.1681	71.5589
61.7485	138.2693	56.3726
86.6730	137.7023	292.6460
48.6859	178.1628	227.3905
142.2891	136.7464	372.6120
163.4682	17.3500	392.4960
165.5891	118.2359	19.1263
85.1361	86.0737	140.2439
87.8670	5.7191	110.9229
91.1117	72.8920	408.7395
156.3693	131.9635	326.2438
116.0267	28.9561	125.8998
80.5152	132.0056	397.1692
83.0522	46.8449	215.1615
61.9570	95.5543	377.7788
155.0234	169.4773	261.6265
47.8751	39.0870	383.7876
9.7788	5.6551	398.0389
144.0625	0.1932	46.1940
63.4767	38.7338	48.6457
9.3082	109.0481	189.9491
36.7408	33.0278	132.9657
147.1347	111.7869	250.1679
172.6094	90.4874	109.9432
145.4838	136.6825	197.1054
176.3332	27.2760	205.8257
135.9428	177.9760	134.8305
180.4585	77.7175	272.3391
77.3309	123.7520	79.1208
35.2941	94.2958	273.9786
156.4997	108.3781	277.1666
104.2897	92.8819	270.0860
86.8662	183.5824	345.4554
23.9102	23.0182	10.1589
141.2462	129.3755	125.1340
142.8923	185.2547	222.7673
94.0543	45.8560	439.4697
75.0200	30.6053	181.5723
91.0938	135.6416	466.2654
35.9290	7.4754	91.5223
82.5674	71.2682	68.9971
119.8093	147.8778	316.7205
140.0174	167.3083	109.2909
160.0890	114.5017	66.8064
113.2754	154.0817	93.3550
145.3634	156.9577	262.6002
175.6499	152.7157	430.4619
177.3304	115.4176	255.7723
77.1750	91.7871	464.3263
159.3655	27.8208	99.5453
128.3420	163.3250	361.9245
108.4857	60.7663	259.5114
144.2179	15.2302	8.1833
73.1689	188.0518	165.8368
10.0584	68.2433	5.6741
17.0251	13.3962	327.0338
121.4149	107.6489	149.6528
10.9186	11.1012	415.9722
65.5203	152.7639	421.0620
165.5822	42.4395	361.1604
166.5598	149.7564	200.9817
119.3735	135.6071	82.1539
60.9352	123.5794	410.3818
10.4656	169.9795	225.7483
103.1426	4.9594	368.2877
113.6023	174.8345	41.7157
119.2229	178.2876	66.5353
18.2202	5.1613	229.8369
112.3844	101.4889	185.0284
140.1121	94.4453	163.2260
128.0551	8.7617	140.8900
89.2688	143.5670	334.7023
136.3846	41.1860	100.1755
9.3767	139.1252	146.6408
35.6411	174.4307	241.4789
181.3357	118.2652	76.5657
119.4655	54.2705	21.9850
68.6617	80.1983	242.3049
72.9981	120.6962	160.9670
188.3478	158.0953	413.1797
105.4813	78.5203	391.3047
82.3798	150.9279	187.5646
132.2206	91.0292	17.8835
66.2091	155.9819	405.3426
60.5565	32.4631	194.7403
37.0326	3.3337	22.5437
117.1917	158.9891	109.8748
187.8961	93.1173	387.7629
50.3035	8.0553	315.3794
159.6679	112.0775	92.6743
106.1832	16.2958	104.0557
148.5802	76.7354	258.8980
137.6025	180.1333	223.5809
97.7711	148.4931	148.0652
106.2931	118.1708	299.4137
158.6858	58.0798	378.3391
150.1825	172.9898	188.9467
0.3821	49.6580	439.8163
19.2415	147.3756	462.2886
60.6178	164.5851	394.8881
24.2488	25.1039	206.7222
12.4414	124.4863	182.4914
8.5539	60.4962	275.9304
33.0774	40.6200	158.0833
182.3636	27.6496	237.6745
1.6934	81.2481	20.3661
25.6041	97.0112	332.6377
63.5674	12.3712	318.9414
80.0485	79.8336	357.6709
64.5533	18.2421	236.1858
175.7853	159.0055	455.9578
167.0400	78.2338	5.7061
99.5445	15.9598	320.6562
174.0734	29.6273	344.1899
82.7105	21.5427	170.6937
46.7569	11.4814	340.4087
87.3605	160.2438	246.4561
78.2269	129.7890	76.2306
77.5121	39.4551	289.5092
41.4934	86.7683	271.0478
122.9940	93.0495	112.8524
122.9015	102.7594	82.0455
181.0332	167.7376	8.8342
151.9924	141.8625	4.3353
148.0072	113.4859	79.7740
27.2827	139.0693	443.4577
107.3335	103.3465	444.3321
155.8671	119.4969	312.1567
4.6448	130.0407	76.5253
135.7634	59.5044	61.3049
72.5425	70.6740	246.6694
97.2061	130.4011	6.2766
144.2128	125.4798	446.3910
14.3388	169.1336	278.8044
116.0688	146.2693	353.8398
181.7343	107.0801	252.2454
134.8401	93.6373	162.0197
89.1733	152.6079	205.1644
126.6684	150.6579	157.6579
34.6174	69.6510	75.7072
183.2510	29.1508	184.7125
86.6807	30.1830	303.6408
62.8426	46.1337	101.9743
15.7754	132.1077	139.6497
66.8634	142.0558	263.0087
134.0826	4.4566	25.6858
65.3661	63.6252	152.1971
45.4412	155.8088	434.8562
106.2072	31.9799	206.0240
61.6818	125.0587	417.1728
53.9068	179.0237	270.1992
86.2971	12.2997	32.0407
188.4909	145.8466	150.7505
21.1284	145.5087	467.8181
56.0580	153.0915	37.5757
55.7724	136.5820	164.9446
123.8386	55.4034	326.3346
173.0203	110.9975	93.9383
78.3815	78.0156	228.1811
184.0146	22.7512	455.8865
42.7558	140.2100	35.9577
103.6262	154.0109	335.6384
117.0064	107.9284	244.9415
173.6015	14.3172	297.7425
157.4367	48.4203	137.0773
71.2398	64.9573	99.9576
70.9956	40.4710	111.1487
115.8666	145.1547	308.3313
153.4702	22.9570	314.2574
58.8475	16.7297	34.9247
81.0313	132.5922	388.4994
6.6033	25.6821	70.6993
50.9375	77.8292	354.8304
101.0256	57.6562	74.5613
114.2201	50.9795	120.5685
122.7873	26.1142	323.0177
188.5083	182.4180	439.7933
129.7477	75.9752	433.8802
94.3952	19.1852	93.0749
161.5072	41.3123	464.7833
135.5912	66.7585	227.6378
83.2461	122.5321	58.1108
27.1047	25.0002	13.4934
59.0663	103.3158	91.9565
170.4490	79.1199	184.0968
158.3672	50.8416	383.2940
106.4532	139.2212	144.4116
48.6224	71.9274	343.6650
154.4178	0.8999	137.4105
125.1914	94.2455	211.8038
182.9502	6.2344	350.9884
65.1414	76.7077	356.5584
8.0640	124.1208	139.2658
170.3188	48.7821	254.8714
3.9617	60.1575	257.7991
18.1305	93.9018	138.7591
18.4333	25.5440	463.6540
99.6626	125.8297	298.6414
49.1314	173.6637	185.4386
59.6183	9.7726	106.0479
55.8472	26.5481	35.7349
18.9477	182.9574	3.5261
10.8857	173.4534	41.9112
105.5897	106.9897	331.2810
113.5361	78.1159	178.8991
106.1961	125.6552	407.8414
153.2356	114.5124	402.1802
34.8963	4.0071	391.6531
121.6972	101.5476	92.6004
10.0798	115.6300	201.3366
148.0904	132.6197	370.5250
77.4708	158.1258	396.9701
180.8744	135.7575	110.3972
25.6173	21.9674	169.4421
178.8969	176.1879	47.7322
136.9873	3.6802	394.1286
87.9500	43.1257	369.0757
67.7161	80.3710	262.7764
155.1813	156.0718	51.8237
129.3565	187.0384	151.3381
65.5281	80.3640	342.2652
174.6458	100.0290	62.6060
60.5954	4.1570	380.3723
35.9870	164.0653	189.8702
11.9881	166.7321	408.4121
3.2737	2.0984	104.2533
36.7697	26.3653	366.8834
147.5243	126.1899	467.7270
134.8013	151.2924	146.1838
143.4210	185.3256	175.9680
68.9151	102.8804	237.7418
114.2087	14.5630	338.6139
130.1692	43.1177	358.9223
44.1991	39.9061	437.5778
137.0876	126.9256	60.1539
169.8092	29.0216	94.8846
106.0607	141.9056	135.7720
156.7115	139.0160	215.5798
1.6835	103.7743	152.5282
107.9065	118.5165	441.6835
94.8037	118.7444	441.2007
4.4770	41.5279	379.2169
33.5835	23.8274	130.2230
63.6485	128.0614	87.2463
78.2845	57.2290	26.3896
80.3817	67.5649	160.6258
82.2972	3.9875	383.1537
106.8530	123.7473	28.1759
23.5685	154.0577	220.0408
10.9085	55.4962	55.4665
93.7513	31.1136	157.4682
98.6107	106.2890	328.5165
72.2414	91.5617	252.1161
170.1204	133.4971	57.8948
115.4768	128.2152	433.4646
118.5469	94.1419	424.3755
88.3743	158.0544	372.3073
183.5750	99.4581	91.6774
7.0252	28.5338	187.9474
80.7172	175.7697	328.2846
62.4506	21.1322	120.0970
66.6069	95.4834	203.8960
61.4300	100.6642	362.1160
111.8041	91.5507	164.3875
86.2901	125.0203	11.8366
172.6726	34.5328	133.1280
124.2746	153.2735	333.6173
6.6935	130.2587	128.7177
41.3934	158.7389	65.1122
47.7162	157.3671	429.2119
5.4651	19.3495	211.4229
156.9411	62.4826	458.6924
6.3489	20.0230	115.6938
143.0006	59.5400	246.8635
6.0506	0.5383	142.6390
164.6746	57.5987	73.0490
167.4343	173.7682	160.6249
130.7083	150.0586	344.4525
37.8112	123.5206	148.2907
164.6212	67.6079	19.4273
95.1390	74.0039	214.3865
55.5349	65.8763	426.1874
174.7430	186.9517	387.6987
42.0749	99.3060	383.5322
77.9836	65.4017	16.5939
123.9509	77.9874	94.8179
106.4992	177.7376	20.5741
176.3087	163.7211	257.5541
66.5384	90.0755	361.6612
183.2103	86.1184	183.4751
19.0311	23.7868	447.2199
176.3619	114.5841	111.2492
67.8790	130.9603	257.0161
45.8045	179.1346	77.4499
91.2139	40.6867	118.2741
54.2378	132.1546	21.5404
143.6140	91.8520	294.9831
75.4737	36.7313	30.3227
56.6354	45.0628	367.0705
143.7741	65.8806	220.6703
90.0699	82.8109	446.2575
17.2932	95.0056	338.1829
73.9802	164.4093	128.0264
43.5439	166.8509	71.9301
88.8841	11.6905	107.1864
185.1581	103.0961	327.5695
74.2475	168.0200	466.8906
93.3714	64.5753	72.7493
49.4907	96.9560	22.9785
79.9920	50.5491	23.5749
140.5219	183.1306	264.8472
21.6489	23.1045	41.9959
137.5679	135.2531	259.6072
97.8954	39.2646	354.5061
171.8867	85.8393	277.5059
130.4254	69.8304	175.0148
21.2366	31.4006	44.6655
22.3067	181.0144	337.7000
124.7874	114.9531	410.4747
119.5232	30.0318	100.2053
24.7803	27.6839	44.7253
70.6533	18.5455	101.4133
84.9883	187.1156	387.0952
2.4638	181.5259	110.1191
127.4939	39.7608	273.2237
139.1915	0.8082	138.5106
81.0544	15.1398	83.3108
131.3976	54.3054	298.9082
76.0334	141.5596	388.4263
29.0329	178.1984	211.4211
131.4067	184.3995	147.4552
138.4042	148.1506	330.1849
48.8592	140.9829	196.6327
138.7836	59.4864	129.3000
31.2561	31.4611	374.4236
48.3614	76.9682	372.6612
155.7114	49.4733	280.7220
24.0335	132.3191	45.3967
17.4182	97.9730	203.2875
186.5505	60.1843	463.5645
134.5212	124.1804	313.0795
34.5275	116.1275	69.5305
21.3078	41.4226	8.3743
172.4368	147.3312	464.9279
164.2391	132.9707	338.7576
14.6621	183.7749	99.8655
13.8917	67.7169	270.0619
93.8011	71.8103	258.4546
18.3839	108.4183	120.5610
122.5572	111.3715	415.0851
118.7064	125.2537	321.6735
176.2841	69.7087	47.6100
49.7468	77.9301	392.8615
76.6270	188.9330	264.4425
157.3229	-77.5535	800.4000
164.9537	32.9099	354.7812
1.4214	63.7975	182.9436
119.2581	112.9014	265.1315
38.9890	51.4555	323.7494
158.5620	92.4017	422.8238
48.9726	13.9246	73.9485
159.2573	28.1328	196.2143
168.7381	84.1709	62.3079
58.8689	112.4336	425.2108
2.9646	109.1996	382.2897
125.5621	96.2708	87.7284
114.6179	2.4785	102.4633
38.1702	177.2556	188.9095
12.1934	122.1432	444.3335
154.1891	4.8686	401.6113
111.5263	113.9650	314.0241
34.9295	10.3794	128.1252
51.5195	140.6421	245.2944
71.5606	134.3546	152.3302
126.5412	21.3110	163.4149
117.0284	40.1490	12.0178
29.5853	147.3304	430.8164
94.7294	38.5687	19.1809
88.9269	130.0139	225.7695
99.4707	146.1636	146.0037
162.8615	27.1255	158.4016
24.3909	15.5379	8.5903
72.1475	115.5483	243.8929
62.6077	38.6099	41.3364
32.3976	89.6331	97.0621
21.3416	97.0025	49.8082
134.7712	102.6166	173.6640
93.8258	183.8542	456.0166
28.6373	128.6682	158.6791
62.1295	53.7538	397.5964
6.6186	46.6313	76.4093
161.1330	4.3903	426.0210
174.3435	13.4212	368.2982
155.2129	147.0122	414.6302
94.4834	73.6040	385.2024
176.0823	93.5320	299.6143
38.2344	108.9928	177.6852
63.0845	16.0067	125.4969
58.3580	152.7908	76.4559
121.2765	93.4303	365.8203
9.5921	163.0406	88.6886
159.4347	132.5611	210.3334
173.5083	149.8528	3.9532
85.3759	127.8775	391.1737
55.1462	45.4225	247.3193
169.8122	133.5575	233.7168
167.4136	32.2811	344.3848
131.5269	103.3936	340.6574
111.4002	87.6421	162.1658
143.5187	173.4411	371.8024
5.2263	143.1590	73.9781
55.9608	53.5975	43.8240
20.2620	39.8433	172.5427
59.2014	160.5168	430.5047
179.2038	52.3683	320.5894
153.2545	27.2795	403.0541
160.9896	188.2745	322.4426
57.8172	14.7530	116.6624
162.5657	177.5182	465.8426
44.0767	36.7809	76.4076
60.7432	72.3937	262.0363
63.0181	126.9092	110.6196
95.5928	61.2905	359.9126
44.7008	64.0526	143.7033
49.0353	188.8758	305.6697
106.3805	168.8132	127.6236
138.2243	4.7439	317.2019
17.4729	162.0299	97.4280
75.9921	3.4832	355.6865
167.3142	185.7835	13.8048
175.7024	28.6175	398.9345
140.1319	168.0298	417.1989
138.7056	53.9093	89.9436
95.9951	179.0193	205.7190
133.8597	4.0454	374.2378
165.4488	135.8724	69.7602
19.8880	150.6790	246.5712
65.1805	138.6291	174.1762
6.1710	38.7393	84.2073
112.3102	114.5426	120.5070
150.4381	112.1468	403.4955
182.2354	5.0314	391.5495
63.2537	95.3656	120.5456
98.7029	125.8068	179.6822
40.6596	16.3400	298.7243
39.5827	145.4191	183.0037
69.4289	54.6568	237.3600
164.1126	55.5645	185.2944
113.0827	139.5137	244.3174
56.7332	54.1761	57.4307
62.6306	84.8692	277.4809
104.1435	18.2574	164.8800
174.7574	99.5124	292.1060
175.1556	145.7744	282.7683
153.1485	59.0631	340.6654
21.7474	86.6771	55.9428
69.4883	168.1409	178.6027
66.7249	78.8546	261.9527
63.7448	115.5824	429.8951
172.2871	80.8670	85.9353
168.6373	89.5437	98.9908
123.5516	27.6694	63.2253
150.9638	63.6769	274.8483
31.3444	39.1170	468.8344
141.1271	11.9308	59.3659
163.8292	116.9442	303.3545
137.3923	16.8526	259.6037
92.2374	80.6256	84.3915
157.6414	89.1317	340.2273
184.1468	22.2350	14.6566
163.1201	182.4987	417.7454
178.6835	21.2370	128.2773
149.0553	158.5961	162.1114
51.3693	177.1139	169.8688
0.5296	46.0897	308.8706
77.5821	11.7200	180.7480
39.5294	130.1554	53.3554
147.7041	168.4981	116.1265
146.6725	100.8712	279.1754
129.0878	1.6983	310.8469
110.6209	97.5201	295.6691
19.3854	18.4059	24.2862
21.2649	186.6517	175.2187
153.0872	29.3069	4.3737
10.2465	139.3461	89.8678
48.0474	107.5260	415.8106
160.1285	170.6594	368.1443
90.3079	85.7912	89.4577
135.3284	100.1460	71.7249
115.9781	184.1394	215.4879
17.5499	68.5133	239.3832
101.2374	64.3914	296.4237
69.0047	135.5777	312.1680
52.3989	183.5070	160.6134
119.5092	72.5928	413.5367
122.3038	75.9903	124.8210
15.1094	165.3783	226.9701
20.4164	188.6341	439.4012
42.6234	86.8378	95.5128
65.9256	11.4920	182.4602
59.0374	12.4264	455.6316
96.9447	112.9532	231.3965
84.0161	163.3452	284.8807
42.0635	62.8524	176.3397
170.5901	7.4149	416.0248
78.8791	101.3001	78.2309
136.8129	138.0251	100.0349
166.6599	64.1456	27.6066
16.5479	14.1817	408.9610
0.9805	148.8929	376.0735
16.5336	185.3542	467.3636
81.1043	95.1318	331.2979
36.3156	187.6783	9.3206
2.1494	116.7382	186.1343
69.1527	63.5958	63.5994
37.5267	88.5700	138.0849
62.3448	187.8478	255.9563
143.1376	26.2047	418.9149
30.6711	171.9809	271.1362
109.3824	89.4760	11.9402
141.1830	22.2911	67.0029
10.5388	127.1971	425.0581
49.8428	119.9750	295.7123
48.2740	24.7992	273.4952
161.5520	129.6747	346.5332
103.1064	34.6178	186.5752
68.9318	182.5430	362.7767
52.0623	57.9289	442.5029
147.8072	111.2473	61.6345
6.5224	128.0572	354.9785
113.3151	141.7196	70.6209
51.2919	65.7942	377.0418
175.0638	112.1783	238.3494
38.6598	166.5797	146.9943
30.9449	115.9160	220.8629
46.5841	135.5943	370.6613
62.2592	30.9201	119.3901
117.6225	182.8963	135.8312
184.0068	47.5544	204.7786
140.9059	81.1623	79.9267
119.2211	110.6804	112.4977
50.3192	134.0385	258.7109
99.6882	15.0167	171.7618
173.7815	77.3224	55.9910
42.5087	176.9654	155.3948
85.6316	100.4469	175.1181
117.1347	87.3824	200.0815
51.2565	33.1623	294.6065
143.3571	181.1346	194.0495
180.8756	84.1620	220.9628
84.5235	61.6327	431.6515
161.7106	46.4924	419.8331
58.6602	2.0544	97.8166
72.4492	23.4863	73.9355
185.6941	134.1999	468.1213
154.1258	55.5719	43.3472
96.6065	165.6249	204.6048
64.5139	122.8104	313.5213
38.5900	41.0395	397.1584
147.4860	155.6618	393.5954
120.0826	18.5499	2.4257
9.8545	6.9696	337.4212
113.9136	143.5522	229.2290
55.8695	127.1903	402.7068
130.5965	31.2075	155.4925
85.2033	39.6420	51.7611
171.2520	142.4026	395.3446
77.1617	59.1761	112.6637
141.6687	5.4637	224.6835
2.5477	63.4308	290.0757
93.3561	139.0466	341.4524
161.2687	67.7042	58.2072
178.5058	61.1729	334.8681
117.6548	179.8536	52.9001
108.5139	179.3711	91.8928
98.8810	121.2199	154.0384
164.2664	13.5951	432.7433
87.7208	178.9616	44.7535
18.0164	8.0829	20.0644
25.8837	16.7065	22.2610
129.3102	180.6454	391.9762
153.9918	78.9434	208.2974
17.1920	116.6257	97.1580
49.6053	71.6027	329.6076
176.4430	134.1082	403.6776
7.3755	72.0056	404.2561
25.1918	49.8914	214.0760
20.0669	80.3624	236.3891
152.3313	43.8607	65.1128
161.8920	64.5962	335.3068
83.4704	37.4171	62.9172
136.6132	137.3413	156.0912
180.9612	5.2616	458.8287
181.0141	131.0449	110.9829
98.4874	113.4253	160.5877
182.9117	34.6420	109.7713
16.5291	43.3965	446.1511
184.6038	100.8175	286.1761
20.8589	90.1809	344.0470
129.1502	165.7425	454.2809
98.0154	12.2506	288.3847
76.8178	71.6013	349.6358
188.7313	57.8432	452.8423
150.0573	37.1816	334.1160
182.5951	33.4689	419.6386
171.2348	93.9497	374.0590
157.6359	22.5500	18.2792
4.8693	0.6942	258.7097
141.1865	60.7509	364.6763
79.7562	109.5881	297.6194
8.2165	152.3251	374.0980
169.0208	125.9463	400.3375
143.5152	84.1698	104.0791
65.6871	91.7822	387.1698
119.2975	110.2503	28.8402
12.5493	68.4858	209.8043
50.9266	4.5123	350.4360
2.6773	83.2077	273.1270
144.9089	69.5191	49.5979
172.2260	143.1970	407.9207
111.5991	87.4924	272.7850
188.6734	180.2378	110.1635
67.4051	1.1900	182.1197
58.1885	33.7341	299.6636
177.2210	16.9471	34.9864
126.9913	146.9312	29.4001
52.5064	184.0288	144.2914
160.9182	140.4062	55.4157
98.3470	89.7701	257.6759
145.5476	67.3924	318.9813
36.7340	93.9129	350.9512
18.1273	24.1882	171.1688
51.5828	140.2778	180.0868
137.2867	15.0615	256.1353
110.1799	64.7748	142.6767
12.9158	8.0388	35.4313
94.0716	146.9241	288.6438
188.8889	106.5805	306.2723
48.8407	120.2374	226.6859
115.2044	187.7335	217.6725
79.5910	52.3250	190.8869
59.2512	50.8927	330.0611
123.9255	185.8420	300.4252
169.8718	79.1066	100.7436
159.7972	37.4982	425.7778
15.4472	112.7946	421.9716
64.4546	95.6604	104.2471
144.3279	33.3146	184.0287
18.3676	113.6392	19.6121
88.7956	18.6567	430.6264
42.5768	48.3668	186.5044
58.8649	81.7632	114.8426
77.1663	80.5281	370.2391
16.6057	155.7977	273.8478
33.4475	2.7294	156.8643
119.2046	153.4693	23.2812
49.0250	26.0691	116.6511
108.9020	84.7324	282.0861
23.7641	34.2273	441.0745
69.8014	56.4086	155.3915
0.7576	99.5586	202.8786
19.9884	179.0192	348.1210
4.3129	31.8791	35.2419
174.7265	154.6271	150.7068
183.3521	44.3288	348.1339
9.8408	92.9014	106.8990
80.7885	40.3868	99.8947
6.8968	145.3589	269.3287
138.0161	114.3889	411.9581
99.4799	114.9515	320.9688
185.5806	115.4649	329.8035
135.7507	69.7281	81.6274
70.3814	105.1355	316.7669
15.1873	113.2294	52.8343
79.4233	58.6785	408.0068
97.1218	172.6022	436.5220
165.0632	57.2927	382.2518
18.6535	123.4086	400.3774
107.1808	23.9180	240.2678
30.7482	151.2829	138.0766
94.1408	187.9470	368.6031
80.9911	63.1106	466.9926
114.4136	115.6072	286.0817
1.0201	114.5434	73.6457
174.4787	173.8287	182.2595
32.7424	142.8858	44.3079
4.9328	78.5481	430.2908
78.5655	77.3323	447.7353
149.2082	61.8514	348.0442
2.4122	130.6132	378.3196
10.1054	92.0043	45.1041
64.1024	111.6117	144.5278
146.9995	62.7657	419.0269
154.2070	129.3513	76.1320
149.3766	12.6208	254.7573
98.8009	105.4730	395.7123
126.7638	144.5476	350.2762
130.2224	41.6800	34.3741
163.7126	42.0911	122.4579
71.8874	172.5853	233.4758
103.9884	140.5528	259.9838
90.2613	183.1938	213.9335
8.5423	159.0461	430.0234
85.7278	153.5037	422.5711
3.6109	114.0498	274.5496
105.3557	167.0669	285.9428
29.7746	16.3235	5.4099
83.9153	11.8559	207.1337
148.1811	157.0913	386.0628
92.4721	95.5732	164.6007
18.5770	3.5731	30.0875
111.3735	33.2693	251.7755
91.4013	52.6770	330.3844
126.5765	103.4304	305.0723
120.5123	20.3373	312.6743
108.8416	177.1358	335.9756
129.0279	178.2132	169.3734
167.7862	7.8147	432.9606
182.3730	56.5246	300.5529
173.9431	73.7766	36.5820
150.4255	147.2248	57.5327
135.5388	167.6942	264.1873
180.3978	147.6213	230.0904
75.1777	53.5664	258.5377
110.9972	154.8896	176.0113
29.4424	138.5547	351.2181
77.1416	163.9546	214.2800
40.3073	50.8067	259.2545
140.7286	187.9605	447.4733
106.1160	129.2007	237.8275
168.1695	128.9508	376.0090
54.5745	16.1752	64.1156
13.9698	50.2037	228.2599
171.6276	179.5634	234.2050
153.6108	72.4109	281.6143
63.0440	148.0134	101.5691
46.2663	175.8307	263.2042
170.0913	53.6791	357.2377
181.9941	67.0719	110.1650
181.3794	42.4088	348.9455
184.1130	185.8063	392.8333
11.0617	106.6110	143.2537
126.4339	133.9160	21.5192
163.1221	182.7307	405.6306
8.6188	181.7627	343.4823
149.5840	55.8740	27.8642
9.3439	83.4408	263.8644
165.1649	57.7385	19.5441
7.9771	65.3095	27.5117
76.7533	136.7498	236.9834
119.2436	75.7736	37.8144
117.1953	33.9368	352.2652
87.5385	35.0057	29.9663
0.0803	18.1363	370.9480
53.7395	174.1570	4.7591
103.7158	164.2753	359.9676
78.9496	4.1843	9.9244
72.6753	187.1717	339.1941
67.5407	163.1837	49.1760
180.5004	3.4364	298.9608
17.0856	173.7718	252.6315
123.6214	34.2678	141.7455
84.4450	129.6798	167.8984
58.2493	128.4050	145.4985
75.5726	148.3475	139.1860
187.7443	145.6610	247.7154
58.4513	48.2211	22.9227
69.6838	132.7261	200.0309
177.8136	145.4365	358.0565
123.5170	100.5958	117.1951
60.6004	188.7401	267.3973
30.9250	154.4670	445.0975
80.9525	178.5244	59.7510
30.1948	132.7571	428.6208
34.6575	66.5476	86.0539
83.0754	10.7305	434.8199
0.1298	0.1976	290.6330
73.0696	101.8757	232.3077
25.9165	92.3394	163.8570
189.0393	38.7617	172.6835
171.6362	125.8306	276.2765
2.0909	55.5443	212.5379
7.5769	25.7907	200.5437
151.1313	147.0178	132.1315
178.6925	168.9501	118.5278
31.0043	154.2228	368.2623
20.2817	34.0458	362.7876
167.9718	120.5748	275.5485
17.9368	188.1807	215.5486
61.8022	15.0100	252.6085
24.1309	188.9586	370.4769
168.0028	161.7446	310.3215
53.7948	61.6278	217.2421
97.6858	179.4133	211.2379
177.4105	139.0853	286.8632
118.3814	124.6011	430.4320
131.8922	37.3499	31.3686
55.8472	26.5481	35.7349
65.7825	142.3780	15.8793
156.2108	169.2204	8.8462
38.0947	137.0443	146.2439
103.0455	73.8257	273.5765
21.6763	89.1440	181.2750
4.6275	106.5620	226.8236
141.5257	55.2390	381.2750
28.9444	168.0376	393.1789
86.2784	66.4694	341.7418
140.6832	171.7478	165.9176
142.4470	165.5453	112.6053
126.3744	77.4331	140.8751
175.9202	59.6203	446.5737
107.3612	59.2996	160.0496
6.5463	18.6440	282.8071
90.4464	10.6939	166.6746
106.8115	19.8436	370.8451
181.5503	156.7689	45.2406
50.3428	138.7322	453.4691
55.3538	169.8247	229.1845
66.6923	5.8092	442.4652
42.1404	32.6994	365.7151
91.0834	85.3341	87.4441
65.2462	115.1312	420.0918
144.9254	95.0619	180.6447
93.7776	45.3513	117.6353
44.0564	138.6900	0.8402
45.1499	27.6537	233.5511
27.6975	139.7273	43.6792
70.6255	45.7392	426.8753
175.6040	143.8436	418.3144
60.4889	159.2908	430.9771
156.1912	14.5361	455.5700
61.7967	133.3391	195.1614
142.4803	172.7373	428.6186
19.9375	77.6526	373.3539
134.0113	77.1059	210.8655
58.8101	21.2066	94.1719
40.8575	33.5878	142.3721
75.5371	172.6602	149.1324
121.0471	175.5406	22.6083
49.7475	68.4437	363.7695
118.6598	158.2797	283.6050
57.4949	172.7228	175.5299
91.4629	101.8181	85.0654
3.9466	104.1693	205.1327
173.3754	74.1918	345.0863
74.7111	175.6114	118.8637
66.1082	109.6522	294.4453
98.2378	23.1907	341.4178
16.8791	147.7423	160.1940
37.2021	98.8241	322.7955
24.6731	61.4867	347.3669
169.5386	173.3782	131.3686
69.4768	7.2595	470.2884
58.2884	100.3070	298.3893
155.0818	161.1919	92.5152
100.5033	164.6341	177.9313
17.5106	94.8545	35.1123
35.0544	139.5543	436.2075
132.6441	169.8120	435.1942
0.1108	119.9757	388.4845
93.1339	17.7539	149.0488
3.4975	44.1269	390.3608
131.2552	5.7376	27.8002
183.8468	127.6378	4.4644
83.4318	126.0560	295.0238
89.7235	153.9819	264.9387
147.7416	158.8825	394.4348
62.0475	0.8595	304.4057
156.7829	179.9814	406.9781
141.3656	153.0911	338.0613
138.4554	176.6808	343.1203
148.3441	42.6861	468.0218
180.3535	43.4723	438.2546
61.9275	161.6471	270.3322
82.7281	174.2386	252.1427
65.5754	156.4757	307.2339
149.9947	146.8230	8.6386
157.2671	118.5540	275.7770
46.2699	71.8623	346.8605
9.1946	93.5221	150.0203
170.0736	174.7263	105.7888
82.8390	1.1014	83.1509
88.7823	28.9321	65.5212
130.7259	72.4040	446.1620
47.2337	6.6715	196.4717
136.9186	158.7985	448.4529
73.2938	79.7802	376.5369
88.6263	81.6821	133.5536
153.0613	114.1804	2.9919
93.4567	33.1307	413.2459
38.9159	121.4245	22.2368
111.1253	18.0818	10.1688
119.5013	145.7771	359.7540
126.9011	81.6201	400.3781
84.6872	179.2733	141.1346
14.9757	139.9779	397.6375
16.2745	94.2616	54.5997
175.9485	55.2486	141.2400
127.3727	100.1302	233.2155
11.8513	42.5506	151.0664
41.6931	58.2656	332.7798
186.0781	11.6480	155.2641
3.2299	56.3343	141.1739
42.7653	172.5799	70.8711
122.5302	186.3891	302.5999
117.2359	61.0584	76.0142
53.3614	51.8280	391.5602
48.4825	121.2942	93.5122
9.9119	158.4285	96.9681
102.1287	36.8442	449.5946
21.4950	142.0829	348.6257
28.5389	63.8945	184.4226
164.8872	18.9611	289.2098
51.8664	128.7881	223.5942
99.3097	40.2180	171.9695
30.9489	97.2308	198.8474
40.7186	184.5874	375.8133
119.8526	97.3953	153.7718
165.1011	111.6533	28.9038
26.8078	131.2487	33.3925
130.8343	158.1686	131.7629
161.8528	37.9153	244.6388
130.0769	64.4460	113.5555
116.2703	25.5060	95.4491
96.1258	48.8695	367.0581
181.1378	22.1745	201.2443
175.5561	179.3270	129.9543
25.4766	61.0941	329.3586
57.6478	78.3794	158.7178
90.6370	131.0977	307.2585
96.4066	138.6434	320.0958
91.2811	73.1257	200.8796
39.3023	50.4927	342.9892
15.5294	158.1851	446.2691
34.7711	44.5852	211.3258
3.3548	80.0421	234.9890
95.4251	75.5269	209.1055
3.2458	66.6381	434.7944
27.2221	131.3241	248.9112
25.8786	101.2150	303.4003
182.6138	76.4431	448.6803
50.2301	53.5642	268.2863
17.1015	106.4340	264.7408
140.4349	72.1318	343.3773
187.4825	169.6960	445.0472
30.7729	182.5546	207.1613
172.1927	167.2118	215.9038
76.5307	117.4014	246.4799
8.1748	108.8105	189.9704
129.0174	173.2467	391.1511
129.3327	9.8385	228.0408
158.7857	41.9323	77.5128
97.8226	120.4267	148.4885
55.7036	163.6280	468.4553
36.8247	176.8759	205.2746
30.1477	111.6791	462.9016
121.3375	73.2163	37.6552
45.3839	181.1553	79.3957
21.1702	164.8187	443.7564
159.6871	178.2741	383.3343
13.2635	141.9171	428.0925
149.3764	28.3149	439.4688
34.8802	16.9857	447.1434
71.2770	175.6295	74.8701
179.2901	21.4028	203.9525
90.2427	44.1180	85.7590
110.9668	96.4414	232.4957
114.2640	22.4802	4.9338
122.9760	66.6940	290.5849
37.5814	37.7807	383.6870
29.3497	152.6210	142.2951
102.7353	50.9447	446.3197
114.8546	82.7793	316.8543
60.8644	128.1778	263.0671
19.1291	27.5211	22.5060
99.2029	180.1194	377.8498
108.1222	0.3703	83.3577
159.5528	185.9610	320.8569
186.2437	6.6059	279.0262
182.2572	56.4190	467.3152
164.7084	24.4834	430.5934
106.5640	119.4715	298.4760
172.6605	15.9419	251.9607
52.9415	187.2498	135.0189
138.6109	79.0768	48.3355
117.4596	132.2190	204.3749
52.1440	15.7005	57.0119
125.3910	170.1259	65.8552
6.3385	170.3123	426.4520
125.1499	8.7120	151.7458
70.7440	184.5469	359.4938
108.2926	146.4805	111.5678
127.3258	12.2699	30.3795
8.7810	27.9704	184.4096
60.6279	123.5558	253.8781
38.3014	152.4923	79.6817
136.5737	144.2693	210.0826
73.9638	184.8144	50.0411
32.9603	127.4039	249.7797
11.2452	12.5625	291.0031
127.4605	107.3939	227.0559
153.9915	33.2329	419.0023
1.1519	107.3542	10.2181
126.1090	8.9291	294.2138
161.8157	75.3324	298.1078
3.7307	47.1432	138.7685
74.0756	67.7154	157.6508
129.0929	10.7834	461.6681
5.3449	106.3489	362.9582
36.5091	83.7829	275.1089
183.5919	2.0285	15.5368
102.8240	186.0473	227.0631
102.1636	60.5353	357.9969
172.6500	104.8087	105.7549
35.5656	138.8071	81.6690
112.1132	43.8023	399.7046
86.8985	122.0337	253.8137
134.6999	185.5431	264.3503
78.7139	24.9394	68.9945
174.1419	61.2707	49.3029
10.4318	115.9308	349.0951
141.7334	90.5269	211.7821
88.2843	151.4864	406.9568
60.6889	21.7061	415.2607
45.3724	99.9558	237.6348
178.4210	91.0741	438.0212
55.5995	88.4057	335.0985
103.5669	13.7106	458.0712
93.8689	50.5126	20.7065
12.7828	137.7935	276.6943
86.8396	83.9545	223.7387
182.5815	30.3271	427.8175
17.8097	74.9515	335.0782
161.3886	100.8385	79.5383
45.9266	98.5828	91.4884
28.7137	182.6641	100.8541
101.8118	24.4980	113.7736
9.1985	145.5741	143.8106
105.3753	185.8143	70.9419
9.9479	45.2199	313.4726
112.9428	56.1372	262.7214
97.9696	110.7651	35.9118
80.6650	77.3244	32.6596
145.5921	71.6670	111.2236
154.8801	29.6599	449.3465
123.2106	41.4437	347.6742
114.5302	138.6420	208.8201
186.6916	66.4879	14.8496
162.6370	19.6448	30.1143
29.7645	160.3706	319.2455
113.3057	182.3958	215.3368
121.7854	172.2920	390.6751
86.5171	34.3516	413.1007
138.8289	14.6175	369.9253
39.9968	150.4294	462.6515
9.1716	136.3699	424.4047
30.6740	46.8274	344.1290
145.0545	56.7934	325.3834
64.8097	72.0618	420.7173
14.8979	156.2758	363.7748
45.8792	63.3238	279.8004
27.5678	31.5313	165.9731
127.5871	38.2936	17.9231
129.9335	167.9678	86.4774
179.9436	40.8880	339.4375
49.0061	87.7681	227.5986
96.7442	112.1197	192.2114
93.5970	58.1288	105.5630
1.9369	70.0954	274.2831
115.5638	100.4144	79.5146
28.2872	6.7629	157.1259
53.9423	163.2232	198.9692
48.9342	52.0161	238.2548
135.0745	45.2329	360.7958
90.6728	49.2068	14.3030
88.9853	176.0439	374.9774
151.6420	64.0159	377.5830
98.5337	138.1481	192.9220
157.8489	54.7496	141.7228
179.5756	81.4746	46.5942
120.6592	48.6086	296.3601
141.0795	150.8864	243.7941
20.9882	139.8133	108.0053
35.5683	121.5159	24.1871
62.7217	182.5513	360.0229
49.6631	60.8818	309.5831
103.2319	42.8138	47.0250
163.8718	51.2790	87.3249
30.2713	171.7458	273.4798
70.7743	104.9296	390.3432
89.6749	128.6799	107.6800
160.6823	132.6792	211.8200
110.7833	119.3720	317.1180
161.9216	148.6384	73.8983
97.9625	171.3314	387.5740
23.5109	25.4285	296.1588
8.1989	29.7347	17.7230
96.1890	71.9849	398.0315
76.9092	16.7205	398.5084
112.0221	36.7080	247.3122
1.1739	41.7949	450.8333
114.9328	18.3120	346.9205
108.7790	104.2326	245.2982
149.0335	187.8187	404.8512
103.9832	36.6901	417.1744
79.8348	115.8564	445.6076
42.7777	162.4448	117.7036
124.6163	111.2517	50.9802
92.0609	5.6346	336.1229
182.6489	102.2161	84.1678
15.5343	149.0086	304.5192
159.3222	117.5438	356.0044
81.7352	141.8540	35.9101
184.4223	32.5484	268.5778
126.2440	111.0416	46.3778
75.2061	75.6347	38.2197
66.5511	138.9090	264.8644
108.2164	108.4350	238.4581
173.5310	77.8993	126.0463
168.1382	82.0670	202.6090
178.8130	85.8723	115.0404
143.9202	115.5808	334.0001
106.0467	39.6067	467.4245
118.3721	81.9385	20.9510
84.1418	41.5614	107.8772
61.4542	50.8971	387.1707
166.4680	148.0102	387.3900
0.2801	169.6866	277.3334
142.2654	166.1205	467.4636
32.6942	135.1608	333.8378
62.8928	53.1870	373.0770
157.3150	23.5903	447.5595
45.8186	23.3084	52.1458
19.3586	99.0037	2.8033
27.9019	141.2481	207.7744
49.7248	169.9768	276.3452
113.4099	151.4276	240.8231
127.5387	136.9588	126.2782
173.8872	103.0327	246.2537
22.9686	144.7825	291.9252
47.8796	96.4002	210.1479
40.2069	129.2054	401.4495
88.8737	88.7941	424.3239
43.9635	168.2906	470.9709
24.6710	82.0874	178.3078
106.8218	95.9976	220.2099
172.5305	35.8973	453.6855
35.0219	143.9562	77.9949
50.1113	21.0227	344.1967
189.0026	154.9733	436.7364
163.3625	131.5899	1.5132
48.1507	179.1669	256.1491
95.5566	143.9207	402.1424
19.4630	12.1305	2.4748
125.2116	1.6322	193.7756
161.9675	184.0317	237.7464
172.8230	183.4870	386.2888
109.7720	92.6938	67.0591
22.8033	133.4490	338.3294
150.0317	16.7162	418.0702
175.2208	180.1546	281.0218
153.6019	79.6794	347.7046
24.6038	47.0815	329.0498
171.0351	8.7298	209.1772
131.7148	127.2181	33.6245
14.2496	146.3569	89.2422
100.6085	7.5398	119.6719
60.8387	172.3357	223.5088
24.1640	147.1740	450.1480
79.3594	41.4106	52.0580
95.7421	86.5535	371.1303
78.2330	16.2153	297.3365
171.6065	5.6948	409.4622
161.2648	175.4178	134.8776
124.4943	47.3870	134.8200
95.6481	91.6117	145.6218
26.3891	128.5634	243.1138
152.6440	49.9323	25.5586
86.4013	63.6194	440.1973
122.0991	114.3014	268.0068
45.0914	169.0074	449.8457
185.2814	76.8698	33.1776
128.3682	139.9730	152.1819
41.2152	5.5665	240.8659
85.0229	62.4666	226.5395
36.1454	144.1902	218.5056
74.1558	30.5574	48.4014
60.1137	88.8446	362.8931
76.3655	106.6423	353.1886
118.9619	115.0794	259.8803
136.8232	61.7084	40.2632
15.6192	149.3533	273.7560
58.4868	12.7769	352.4781
72.7126	92.7580	326.3603
109.3246	27.5363	38.4630
135.8738	86.4862	356.7069
145.6151	0.4314	207.2691
0.7922	116.1419	86.9180
47.1447	57.6352	127.0698
109.3193	8.9843	252.7414
187.0994	19.7061	431.4510
21.1947	113.3942	133.5603
143.8581	55.3187	357.9462
171.6526	164.2653	126.5319
66.0338	49.6055	384.6600
67.9483	18.8915	1.2360
151.3735	112.1724	274.7506
166.3301	11.0423	307.2798
29.6537	145.5383	360.6850
91.6621	186.1797	229.6032
161.5069	106.4673	60.3643
116.0001	108.7121	239.7260
61.9213	49.8770	165.1843
155.5764	109.9931	356.1831
188.1244	28.4683	203.7448
71.9067	159.1203	262.0196
177.2718	126.1775	97.1688
35.7047	63.7763	83.5602
82.9877	145.9448	245.1712
82.3804	14.6580	452.9249
54.2447	92.3225	113.8254
178.1807	69.3059	159.5145
127.1545	26.4181	44.8652
71.4194	167.0776	74.7274
84.7283	3.9234	416.2416
59.7618	133.9029	139.9206
160.1917	123.6546	33.2667
26.1733	33.8680	460.8078
6.6756	164.4498	273.9865
124.3801	161.9792	98.7232
66.2671	63.4978	29.6269
87.6052	103.8900	23.1640
2.5434	45.1444	452.1679
175.6322	27.2166	307.1067
157.4748	161.0633	446.1216
178.6371	73.9787	202.2940
171.0499	74.3994	333.0182
105.2776	149.3488	365.3533
39.2574	181.6556	353.8038
164.4740	103.0879	119.8434
31.3860	39.9270	77.6333
112.4590	113.5629	362.9132
180.5238	89.3901	131.1386
40.7369	121.0922	169.9078
10.9823	121.1962	10.9464
125.3710	109.9544	385.0326
68.8535	107.8234	80.4295
88.2501	113.9263	81.4958
23.5015	65.2293	165.8755
149.0845	107.1375	91.7488
144.9259	141.4692	219.5662
0.5765	0.1436	219.9199
75.7822	7.5096	413.5426
28.2643	54.7637	108.6504
116.1133	129.5887	134.6402
48.3116	150.4505	72.8987
56.1251	161.6378	390.6647
127.4702	91.5866	357.7063
109.4782	86.3086	281.2196
105.2517	62.2802	355.8882
187.9982	175.9960	260.5731
84.1580	87.3609	303.2200
139.8002	63.1986	381.8410
58.1442	170.4291	263.9137
71.1643	23.4357	275.5052
147.4564	41.9204	6.1751
93.0454	175.1306	393.8438
116.1430	147.8824	465.1551
87.2718	24.2737	32.5282
60.4221	177.4703	84.6584
3.9995	30.5905	160.6463
126.5645	54.3760	231.1122
145.3564	37.4449	408.4448
149.7951	53.9873	430.9947
143.5138	175.0227	141.7411
68.6395	135.8356	347.5630
52.1440	15.7005	57.0119
64.7027	175.1240	378.2482
95.8079	168.8171	102.9523
52.7072	79.5113	121.3051
36.8012	34.9983	103.1369
137.5908	120.4212	207.6568
119.6888	75.4548	337.4492
127.3050	96.9016	192.5716
70.0538	79.4941	249.8366
144.7183	65.8241	461.2490
120.6211	61.6983	465.3608
22.2226	160.7044	90.3904
45.7500	63.9859	319.4062
46.9102	143.6243	130.1840
175.2259	139.1334	297.8531
42.9309	49.2602	372.0023
47.5407	87.6363	223.5692
21.3783	176.3158	286.4096
136.0956	146.8296	312.6656
108.5368	39.4838	301.6838
59.2438	71.1285	300.8783
95.1494	100.8473	103.8092
2.6462	86.8470	424.9801
9.8158	77.8245	201.6194
108.0380	2.6268	409.0494
130.7024	173.8305	254.5569
18.1648	77.3385	107.4908
163.7520	137.5167	164.4863
169.4377	27.6556	43.3235
30.6810	185.1142	306.8410
156.4087	183.6248	274.6659
149.8340	27.8179	424.3862
7.6284	97.7999	5.2004
70.1754	20.9481	461.1480
177.6408	102.3639	272.5431
94.9296	12.8173	176.7638
133.6097	142.8214	368.2927
168.5998	94.6432	113.8746
123.8041	107.7164	66.3089
92.3142	130.5480	149.2861
28.1592	1.0416	360.9558
171.6374	137.1093	153.2141
172.4771	28.2925	262.5839
117.4271	16.5485	174.6445
53.7322	185.0480	454.8989
17.2035	35.1554	153.8972
95.1971	58.7888	403.3831
30.8842	172.7396	47.1525
6.9612	58.1173	14.3371
133.6834	64.1539	155.0042
145.5141	139.8763	75.0109
38.1267	169.1931	389.8267
134.6579	68.3896	258.8897
94.4424	1.3505	18.7368
128.5860	182.9715	381.2574
168.5147	22.5953	67.8747
178.2730	166.4339	319.6223
148.8665	84.7950	366.6849
13.8297	73.4415	147.1153
111.6151	38.1011	4.8185
86.5184	176.0001	187.4880
6.8170	79.8846	167.8568
0.0469	66.7761	91.1918
115.1627	142.0253	201.2136
135.6082	121.5248	115.2769
176.1732	146.6570	0.7592
64.2907	151.9869	126.9602
154.3469	13.9818	413.8627
184.2118	123.1246	251.6446
133.6911	122.2668	42.0718
144.9689	27.7440	187.1794
128.7638	72.0662	43.1578
26.2298	79.5678	263.1228
186.8209	179.3739	27.5955
79.4463	14.5346	459.9714
133.6444	80.3237	150.3276
100.6438	95.8343	129.8631
133.6904	9.4731	253.1462
85.8217	10.1079	82.5679
67.8961	153.5363	308.7190
43.4977	103.3845	199.8294
169.3453	171.0656	461.9081
98.3293	143.9873	184.0698
149.2989	102.4310	307.0601
73.6014	182.9226	85.2621
153.1966	135.2441	388.8000
42.4681	130.2267	302.1835
131.1924	8.6336	159.7604
91.7616	77.3836	171.3395
14.4213	108.6541	387.1737
3.2312	66.5128	14.2432
143.3326	47.6922	121.7911
149.8538	45.8518	338.1723
146.9100	111.9528	441.5342
166.9212	140.8956	269.0713
37.5721	56.1523	203.6133
151.3149	155.3179	131.7449
109.4025	109.1624	71.9866
98.2951	27.0439	245.6277
172.7218	104.2561	51.8948
162.0669	176.2183	109.4293
15.3880	78.0993	23.8419
163.8123	92.0627	292.6911
157.5353	93.5685	146.0572
5.3916	120.3207	260.1064
60.1331	179.6222	47.3565
40.0885	124.3339	129.1021
74.1702	115.7775	299.0014
57.3359	123.6179	465.7005
60.1467	167.3702	102.7764
31.1057	35.8667	70.1047
16.8066	122.5547	46.0756
144.4388	81.2590	177.7057
124.9237	23.1714	309.5346
108.9888	147.5143	352.4049
130.0801	0.2064	342.3526
72.5914	149.6677	318.1198
123.2402	113.3914	401.0536
43.7307	45.9317	406.7213
61.4852	182.9090	346.2983
152.6306	142.2599	86.6506
74.2746	118.3318	96.6683
95.9053	182.3965	214.8517
18.8978	149.8633	145.9697
66.0095	185.9487	182.8698
139.8717	171.8447	155.9703
89.9411	64.6249	417.3804
117.1122	91.9914	270.9039
0.2200	132.6061	462.0642
78.0415	60.9874	357.5493
79.2351	133.6562	233.3838
89.9703	65.5535	456.1205
11.7341	20.7109	199.4392
187.6351	79.4246	250.5594
126.1450	1.2398	91.1814
98.1210	4.6070	201.0272
95.7550	173.1644	107.7062
25.9679	118.2107	3.3674
62.5355	53.5445	415.9546
119.7021	38.7186	346.2635
188.5977	97.2082	9.9297
93.8706	43.3038	78.8886
53.2632	104.3891	101.7668
119.3357	110.2554	140.1071
54.3521	48.9779	441.4741
62.6977	96.5928	287.9362
115.3424	32.4918	364.5080
28.9989	95.9209	7.5585
153.5395	143.3586	114.6153
176.8508	50.9838	96.8146
2.5417	167.0126	144.5485
44.9438	29.9749	53.3558
8.1359	107.2853	179.6511
149.5923	97.0763	46.5508
21.8786	59.2682	462.0359
13.7016	9.3617	288.6857
66.6936	175.0909	158.1193
88.0597	2.9597	103.1448
95.6535	105.2051	13.2232
101.7099	108.7032	191.8645
46.2995	167.1510	305.2372
186.5626	115.6390	233.6144
160.0873	66.3016	194.5617
172.1845	118.1853	450.9493
44.1945	59.7474	146.2413
45.1051	160.5217	186.8170
91.6679	177.4817	254.4848
76.9791	23.2271	36.6308
1.0457	13.1176	384.0270
126.8388	48.5569	141.5488
188.0891	102.1332	323.4540
12.6882	93.1652	6.3303
43.3907	36.2610	232.2558
68.1631	74.0211	263.1115
26.3293	162.0840	91.2146
89.8216	123.6385	192.5307
111.4415	47.6211	58.6225
107.7653	39.6474	145.3154
187.8476	108.9689	426.9019
69.3554	178.2693	150.5469
132.4942	78.1764	356.0909
65.0182	182.9185	248.0779
35.9348	86.4654	69.9097
102.0296	158.9248	404.8993
63.4862	54.0490	66.0750
169.5265	44.0829	192.4724
138.6111	26.0536	87.7972
152.5224	136.6304	184.1281
146.8339	138.5999	110.9186
14.7864	40.8251	40.4740
44.7688	26.2962	184.0612
135.5134	51.1805	343.9593
59.4200	83.1925	152.9996
6.5847	48.5042	113.4779
72.0949	154.9056	28.5076
177.0703	9.3749	69.7249
9.2682	8.7764	397.2301
163.9932	112.4825	393.3019
149.9070	41.2663	387.6413
165.2816	71.8278	180.6373
148.9492	135.3246	142.7031
119.1006	32.2524	413.4739
144.4230	174.9910	278.9419
29.9765	146.7180	217.0543
164.1293	155.9506	451.5308
33.5927	185.9825	88.7741
39.4711	188.0798	390.7614
167.5229	183.6668	262.0365
1.9913	123.5709	165.0761
120.5445	136.4656	26.9833
123.4618	45.3375	462.4674
178.0772	46.4653	129.3415
174.6290	27.6675	416.8548
176.8378	172.5782	269.0779
117.0860	86.8912	212.6650
17.8217	9.4020	17.4831
5.6922	186.3099	372.4402
66.4493	37.6942	163.6023
112.0907	157.2257	409.5734
46.8271	97.7261	326.9539
77.9431	160.5094	252.5303
115.1820	6.6247	12.5784
165.3707	94.9834	59.8125
138.6936	176.1542	21.3753
16.6638	6.6648	96.4527
143.3780	14.1657	258.1783
108.1956	11.5032	352.9307
187.7629	124.7080	373.1638
19.8874	62.2297	207.3362
108.3641	3.9778	199.0339
136.5182	52.2865	376.0038
5.4267	160.3918	128.3096
59.0703	112.7134	115.2298
155.7728	37.6214	413.2028
159.4740	72.4000	213.0246
141.1059	135.2045	358.9096
152.7328	121.0913	130.7852
50.3271	67.4880	98.7456
143.4857	4.3739	138.6066
177.2647	174.2760	209.6051
95.5838	136.6981	247.0220
52.8741	31.5440	212.2589
186.1991	57.1619	75.0548
83.1997	106.3360	392.1716
54.7777	79.2787	81.5749
78.3433	105.8922	10.1010
151.2273	173.1377	41.7111
116.0617	134.2497	40.1312
168.6445	131.9854	336.0816
87.8920	31.9559	80.5359
2.0738	111.1467	140.9270
186.8947	103.6705	387.5885
90.9260	184.8721	213.8983
156.6659	136.9643	42.9496
131.8645	104.0018	325.9007
168.9908	151.7499	384.7136
120.6132	26.0864	34.5133
13.1553	102.0001	282.8657
66.4746	125.1931	64.6384
145.8541	133.6976	346.7402
173.7287	31.6072	338.6388
124.4013	48.2496	52.5864
336.8039	202.3778	809.6000
172.2661	85.1971	100.1708
24.4133	125.4734	402.0732
30.6561	123.6702	103.0072
113.3184	123.9922	135.6476
142.4069	43.1447	135.8747
171.6478	188.0217	251.2194
10.6275	14.1114	450.8394
108.1125	3.2451	304.3752
170.9358	128.5995	405.1488
22.3970	43.2955	126.7204
45.3955	11.3810	69.5036
21.5802	102.6437	257.2751
5.0876	29.6952	172.9192
37.9408	78.7659	83.5219
91.0983	142.4713	403.7928
156.2673	77.2125	402.5877
89.9835	156.9985	201.0027
27.2203	47.1613	81.6962
68.7252	153.7720	435.1488
91.8033	53.4345	54.6581
102.5719	14.0561	156.5032
52.1440	15.7005	57.0119
116.8072	67.5660	425.6347
49.5282	144.2722	295.0121
173.0861	167.9649	150.0632
46.9795	88.6367	175.9686
134.7972	136.1296	125.8401
1.4364	186.1604	447.8099
102.7951	29.1931	461.3333
114.8838	105.6479	157.3053
123.7631	97.8909	86.3669
122.7838	138.4946	11.6538
110.7720	95.5512	426.5768
87.0759	80.7598	235.7974
13.1154	84.4965	166.4086
45.5330	180.0356	162.4838
165.8654	162.5247	405.6556
19.9895	173.3954	40.1881
7.9376	13.5473	295.0024
136.5904	138.2777	61.4140
187.0187	49.1661	309.1899
71.2138	126.9883	364.7346
143.8224	162.2625	407.6863
22.2723	95.5992	61.1903
18.5905	188.0237	341.2306
89.2549	148.3302	188.4080
24.0627	90.1476	390.7519
110.1248	76.6910	456.3280
119.4575	123.4878	405.5180
14.2547	177.2560	1.2904
147.0940	187.1361	259.7415
57.1860	23.1179	174.1967
72.5032	123.3491	300.0603
78.6061	146.6627	145.6914
179.9554	172.6706	284.9284
114.6774	173.3398	237.0698
13.2051	180.6716	447.7355
154.0697	52.6148	385.2011
84.0994	9.5957	440.3314
130.1276	129.3166	312.0639
97.1270	63.4717	182.3415
168.1155	88.4524	42.0122
174.0351	63.1702	314.4632
29.5578	102.4572	453.7193
91.9671	88.1795	245.0809
99.4256	110.0120	138.8058
98.6417	75.9159	212.1119
120.0401	137.9047	429.1300
22.6461	8.0039	240.9490
10.9203	146.7529	148.8720
93.4344	1.3231	58.4955
35.1093	120.3678	400.9456
157.1044	183.0055	283.8575
10.0717	22.4097	364.3088
130.1453	91.8672	456.6868
188.9580	53.4300	236.5118
180.3969	71.2973	133.7560
188.1953	152.9882	40.7840
36.3407	122.2718	63.6625
26.6325	158.2118	285.5068
13.2821	17.3260	137.1791
65.2413	57.3162	404.0628
50.4208	122.5289	87.1993
60.8440	115.8015	45.8901
188.7908	79.8749	72.5622
34.5102	11.6297	204.0826
53.2286	95.2895	7.0961
141.0616	164.1844	101.3957
62.2498	78.7791	239.1686
128.7474	87.1457	442.9682
43.2971	170.3671	365.4285
72.3132	93.6333	364.2915
136.9008	18.1295	227.9350
125.3746	128.4146	309.6369
179.7600	69.3263	401.0276
97.6179	117.3244	262.7342
126.1185	156.3153	75.2959
127.1395	29.8796	26.3760
174.5817	4.6070	176.6892
17.0227	177.3579	316.1066
11.0276	71.3578	56.0406
48.8876	157.5988	23.0092
34.4871	105.1490	68.9786
26.0027	94.0181	84.6755
19.1003	92.5487	334.8792
159.0863	126.5613	90.7532
110.8600	88.0968	180.2293
13.3315	90.3613	79.6914
87.5611	178.9565	181.1081
77.6660	132.0446	132.1115
40.2093	130.6975	230.7497
175.8490	138.0672	187.6538
140.1291	0.1487	62.6282
15.3197	153.3700	44.9803
49.8169	96.6223	399.4358
67.3834	65.9066	293.7382
21.5049	143.0848	57.7335
27.0596	70.6810	452.3896
130.8685	138.1715	276.4498
121.6844	0.4627	2.3021
188.4172	103.4302	428.5707
27.2536	33.1721	201.6462
157.8506	51.8840	251.7784
46.3358	5.5213	29.2097
147.5156	73.1740	360.4869
101.0907	144.2295	97.9031
5.1762	56.5584	169.7705
157.6107	50.9855	406.3233
160.1085	26.7709	180.8066
75.8218	34.8421	7.5650
88.9062	143.5372	81.4173
45.6131	166.8848	338.0459
46.2056	136.0519	24.9554
36.4489	77.3461	331.6673
69.2264	113.9283	394.3134
166.2312	36.4363	146.6533
130.8722	27.7158	466.5862
167.6166	152.0750	60.6798
165.9334	132.5605	201.8441
12.2171	126.0082	102.3100
61.7145	148.7667	381.7985
49.8720	91.1172	60.2146
22.4977	116.3014	356.8409
168.8379	187.4962	9.7488
48.5870	160.5333	452.5652
154.1868	156.6553	103.3083
106.1238	85.4886	192.1180
87.5145	119.8754	13.6168
34.1248	63.6520	147.5993
69.4424	142.5258	233.6952
40.9055	152.2770	103.3486
71.2925	167.6251	107.0123
138.2476	183.6644	220.8674
24.9045	164.9280	313.9636
95.9856	98.8825	293.1738
46.0237	141.0406	146.2358
104.6737	31.0594	31.5684
98.4657	97.6378	389.3852
148.0890	133.5716	233.7933
124.4934	75.3086	195.2266
74.7849	58.7674	212.4768
59.6809	183.8745	232.5626
164.3965	79.3114	257.3178
3.1751	97.5965	438.8296
41.4169	164.7205	80.7362
105.7596	81.2495	436.6383
16.5723	88.0466	192.8309
115.5344	81.7219	384.7829
18.9140	86.3577	271.2259
116.5472	99.9929	287.4550
93.4458	57.1914	36.4758
159.8741	83.2489	57.8492
101.6234	109.2593	465.6535
141.9323	111.2630	334.2742
39.6219	99.2582	9.8701
176.1963	176.2937	136.6781
58.9604	26.7856	161.4500
10.4947	125.3815	183.5083
24.9145	16.8627	168.7432
115.3285	178.7432	226.2732
5.4191	21.3046	303.4185
52.7007	18.2606	52.9090
177.7262	64.2045	273.5917
145.1852	182.8346	60.3803
60.7557	142.3661	363.9841
16.8494	107.9519	154.5833
71.4309	21.1821	250.3263
161.0766	11.9755	387.6418
58.1699	171.9733	291.4153
6.9818	112.3488	420.5315
1.2290	162.4531	283.8113
26.7844	173.1728	423.5080
80.4460	58.4497	239.3184
55.1492	180.4892	191.4548
98.3211	32.5284	123.1626
87.3980	13.1930	298.4939
47.4679	57.0283	18.1558
0.3717	26.0452	378.9545
58.6939	6.5846	427.0727
154.4292	158.9832	125.6973
87.6434	74.1596	468.2502
16.3536	75.8080	286.8040
41.9350	102.8180	276.2122
117.4585	102.5225	275.1553
78.1327	25.8071	289.3421
67.1804	188.8725	2.2685
27.9700	30.5041	293.5893
55.7212	118.3315	70.2198
21.6712	179.5280	354.5281
126.9062	21.7458	123.6818
41.9088	151.8354	466.3852
135.3994	133.0283	316.2146
64.9749	117.9735	47.5121
174.3200	145.7314	49.9602
15.3964	187.3914	427.9303
144.8628	23.6610	240.1699
96.8202	26.4387	460.5982
50.9827	169.7047	159.6170
148.0948	175.4253	48.3202
111.9710	2.1372	314.2064
76.3164	68.4958	170.3522
45.5919	57.8489	459.6088
95.0967	92.3164	93.9227
92.5889	23.0492	433.5339
186.4910	81.1040	304.4398
130.7904	174.8680	78.7522
118.1247	135.3743	329.4923
58.4756	31.3964	180.0116
55.6132	91.4517	109.7255
43.1900	141.4328	124.9023
49.9800	101.1597	396.5231
175.2771	9.8733	158.5879
128.5382	118.7187	310.0213
10.0201	6.4788	459.1180
157.1568	159.9877	132.1124
156.1363	173.6981	465.6763
8.5651	180.5337	319.3010
97.8310	174.7817	364.1909
12.4570	52.7119	352.9351
75.1851	155.0546	267.1287
72.6272	116.7059	322.0624
154.9723	86.3760	64.9514
92.8686	125.0800	307.7625
20.3055	25.4806	364.4966
36.6472	127.9087	84.3035
45.9692	80.6088	188.4949
13.3154	98.7559	424.6586
64.7986	171.5572	142.1033
24.3835	69.4893	207.6946
54.4324	16.6036	301.7005
91.4844	92.5290	242.8837
135.2288	46.1105	328.9590
90.2040	75.1808	394.5971
110.3670	63.9816	230.6518
152.9164	24.7962	112.4776
158.1936	164.0685	249.5850
36.5591	55.1191	136.8560
7.5362	24.4789	400.7677
160.9698	128.5681	266.2423
140.1195	157.2354	1.8525
117.2756	150.5983	385.5180
172.4257	65.6383	131.6306
151.3141	187.3432	90.5259
108.9268	83.2873	166.2460
151.4924	44.8054	198.4977
56.9157	66.8425	465.0694
24.5441	158.3591	78.9915
166.6689	123.9652	121.1855
110.2115	7.6086	217.9186
104.5245	163.0334	310.8946
40.1107	23.0465	95.6680
62.8305	17.1840	364.3582
154.6482	35.5861	424.9018
76.7465	15.5221	171.2817
158.5639	63.6438	81.6013
51.7922	105.2199	182.8135
106.8795	103.8384	307.6601
140.2781	71.6547	59.9512
184.8097	122.6947	385.1817
5.2938	147.8402	371.4230
161.0274	183.7158	225.6054
142.8310	156.1623	448.0901
25.9619	169.8601	407.4756
183.3687	82.5568	374.3608
123.7255	129.3289	279.4238
0.2683	21.8056	430.7826
140.3878	130.3331	82.1394
173.7882	98.1455	342.7925
136.3204	30.1155	14.9773
175.9790	29.6692	395.7901
91.3026	127.2292	20.4295
83.5975	140.1333	56.5526
57.6478	93.5157	106.9045
119.3634	42.8869	25.2488
70.5728	138.2010	349.9063
64.7928	72.9486	103.8240
131.6948	171.5375	224.3917
47.0855	47.5739	249.7002
1.7605	91.1107	303.7115
97.3085	110.8290	19.1713
44.8647	35.3838	200.9527
140.5818	38.3997	115.0165
128.6838	174.1871	420.8302
179.1438	158.0266	103.3577
96.2805	93.7512	55.7052
81.4658	122.4861	343.5388
9.8527	116.6739	183.3995
44.6548	60.4219	161.4853
165.0684	100.5032	355.8195
78.1425	120.1880	331.0918
130.0362	155.3725	129.6772
50.9933	52.0827	414.2761
175.6636	166.3771	21.3314
36.1189	61.0070	140.4361
99.0522	145.9216	118.1136
171.6759	138.1833	268.1177
93.1125	92.8833	417.3128
124.3647	35.5144	354.8839
75.3866	112.5344	63.4161
113.7441	97.7739	436.4719
99.5041	33.7109	464.1353
31.2751	179.8590	357.5637
188.6606	83.9573	89.1811
132.2689	179.9236	297.8300
144.3637	45.8173	313.2508
7.7763	88.1629	266.2414
87.8884	19.0329	144.5999
187.5952	123.7519	164.3379
10.9653	45.0411	352.5123
74.9827	62.6443	50.0756
175.9935	164.0895	96.0448
102.0570	51.4807	360.5073
74.4383	62.9233	6.2350
32.8538	122.6458	106.0446
180.4681	102.2234	60.8389
153.5708	164.3528	74.2028
1.1929	155.5613	307.4438
6.4369	95.2155	239.1269
52.1440	15.7005	57.0119
86.3983	76.2773	64.8263
27.4142	86.7263	11.7686
80.5506	20.6942	14.7790
16.1572	183.1717	364.5996
22.7848	97.2959	63.6006
30.1919	132.6685	349.2506
81.9934	163.6935	391.9467
112.5424	146.4569	327.8879
113.6596	164.0378	251.4065
99.0958	103.3767	126.1330
173.6594	16.7714	139.9367
174.5817	44.5010	457.2404
136.1552	69.4421	261.7229
46.6126	62.4528	22.4860
39.1201	167.9795	269.2774
92.6710	25.8627	360.9091
143.5418	142.4036	340.9441
118.4972	169.9162	184.1697
83.5412	67.4605	308.2843
161.0541	81.6965	303.8351
124.9070	111.0558	280.9622
60.3704	170.6750	291.3841
172.1573	96.5261	95.8883
89.8516	153.4817	376.8267
167.6140	122.5141	11.3221
109.1428	77.0701	188.8140
164.2831	61.6380	421.9907
50.5678	158.5433	254.2378
35.8581	177.6303	370.5100
84.1302	172.5430	325.2559
54.2495	141.7610	257.7173
154.5623	158.3886	129.3617
180.5774	36.1459	261.8652
59.2179	82.1533	288.6939
108.1581	163.2685	231.2426
25.4395	88.0184	132.8738
103.4710	162.8154	171.8327
74.0079	154.6445	233.0711
112.1579	18.6134	155.6681
139.0490	178.0248	21.0677
79.9656	41.8852	124.6339
55.6258	12.2292	158.4856
68.3400	179.5903	76.8323
59.1319	166.7539	453.5410
67.4866	61.1933	198.3789
36.9912	23.5471	327.7939
129.9265	136.0330	6.4773
4.2635	83.4823	423.8015
38.7918	188.5630	48.4510
168.5732	13.1891	67.3387
11.5291	46.6947	162.6869
102.7889	39.7594	116.9818
17.9257	24.0737	302.4698
160.1215	36.5844	135.0071
179.3942	177.6649	365.7287
12.9399	165.7316	17.7205
13.2123	125.3694	286.9556
152.7616	75.3477	305.8634
41.5420	157.8629	97.0270
29.6268	17.4567	16.0857
119.2726	110.9609	313.9024
51.8697	50.3478	132.5260
97.6017	25.0091	456.9224
45.2630	110.0157	180.4598
94.0060	29.7703	58.8647
148.9746	100.4594	247.2501
12.6835	103.6399	32.0794
135.8476	142.3229	13.3206
144.1454	176.4987	285.2041
6.4185	114.7513	371.3718
73.0615	62.8330	232.5603
68.2870	179.3631	50.9269
115.8391	91.9780	54.6810
75.5950	47.9996	268.3474
116.1438	147.8860	465.1494
133.0999	54.3882	195.4740
176.7608	158.1005	346.9197
153.5017	184.6488	369.7315
69.7151	164.6965	249.0267
32.2253	87.6740	276.2134
168.9468	149.8124	439.5622
131.5603	182.5487	300.4851
133.7349	84.7876	421.6568
39.6120	23.7330	316.1440
159.6642	87.9264	360.3782
152.5741	90.6463	142.3211
95.8986	82.3810	440.8794
152.3918	161.3311	380.5490
38.6998	40.3308	204.1939
89.5633	105.6847	238.5479
148.5510	58.4984	428.7457
131.9120	96.5706	466.3479
29.8176	153.2569	195.5161
107.5146	166.5236	7.1677
132.8345	30.1276	464.2304
52.2434	3.4171	409.7182
147.8418	39.1941	291.4301
28.2841	18.1208	305.8557
143.0554	41.3413	87.2055
91.7472	41.3027	174.6899
13.9427	7.6975	381.4046
11.9094	80.6417	253.4754
30.8630	35.1922	152.8462
152.3120	53.4976	266.4669
144.2367	110.6592	392.1391
41.0111	46.1934	169.6151
120.6129	140.4829	421.2545
186.8372	121.9889	323.1589
183.9318	9.6296	305.2667
74.4461	51.6054	95.6411
11.4629	130.7538	311.1677
161.0121	179.8098	113.2735
59.1874	36.3741	443.3713
124.8906	158.1646	172.9328
86.0773	37.7855	262.8063
19.5486	75.2638	37.1528
43.9903	91.0914	242.4287
130.1583	186.2849	211.3974
163.5824	54.9440	100.4085
151.8787	148.2147	6.3380
47.2570	163.3506	38.1554
144.2782	169.3239	432.0406
40.2561	89.8335	173.9276
21.8220	181.6023	226.0585
172.6849	3.1567	361.1623
107.3214	188.2676	181.9412
29.6776	111.3642	269.7328
5.9947	157.8568	405.5485
179.6306	141.7090	343.3783
92.0539	164.3186	460.8219
2.8123	93.2809	263.1341
29.0450	92.9269	45.2166
186.0404	27.2126	197.4256
180.8615	56.5999	44.7703
117.7051	131.8308	199.3298
152.8420	176.8566	175.4799
81.4138	14.9977	447.8100
17.3428	60.9000	350.1826
8.5040	57.2325	10.9452
111.9412	25.2053	118.5607
42.7865	36.8758	89.6162
12.5271	69.0458	216.6019
89.9394	135.6216	384.7208
88.0060	10.5583	166.2725
61.3756	52.6256	464.4653
40.2432	3.4216	169.6076
99.5712	66.3405	229.3446
61.2500	112.3465	411.7634
160.8622	108.3787	32.5276
92.5050	177.9095	429.5095
63.1377	11.5580	462.6432
11.2432	116.4101	77.9203
3.4867	9.2885	42.5928
67.8503	154.1681	379.2851
141.3394	65.8821	57.7303
152.1621	128.0167	466.7926
99.9011	74.3440	141.7314
11.1804	185.8157	205.3054
60.0922	106.3802	120.6246
133.2437	151.4519	56.0034
10.3748	26.1805	367.5368
40.1301	142.0670	28.1247
36.1430	51.6436	105.1828
126.4524	184.8758	14.4727
95.0592	23.8431	427.0364
68.1584	144.9211	223.8095
160.9752	75.8492	107.3666
0.6853	126.2911	251.8734
182.5540	148.5060	21.3592
118.8830	60.0679	434.1466
116.6060	30.6287	338.6633
126.4034	28.9070	136.3277
180.2654	167.0479	17.4125
77.2245	154.4930	63.2913
92.4905	6.6345	183.4601
139.5373	39.4565	337.1598
43.3746	37.7140	92.8804
130.8418	188.4049	307.6925
145.1886	21.9691	183.5420
129.3688	6.1418	384.2409
183.9305	158.3664	195.8443
103.3310	158.2073	273.5305
61.0461	18.2140	254.5127
137.6943	107.3980	30.4472
79.8987	162.4517	447.0163
139.5377	57.9846	81.0390
37.0933	31.9006	458.4054
139.4833	105.6790	246.6465
146.9038	124.7862	187.7610
22.9711	183.3554	333.0418
147.0891	62.9170	34.9381
98.9482	110.0155	397.1979
12.5519	61.3513	89.4335
184.1420	116.0151	251.9897
29.8976	28.8802	82.9316
177.0814	135.4216	116.7174
177.1270	52.3032	349.0220
14.8333	115.2934	398.0835
9.3940	65.5345	280.6918
30.6666	23.7804	348.3799
80.9398	115.9805	6.1371
18.8254	161.7481	10.8912
91.2562	119.5246	400.5014
72.5592	24.7706	50.8330
41.2469	49.4729	192.2903
95.5742	176.8635	70.2443
28.7442	50.2122	283.7954
32.8276	14.3743	410.8050
188.1669	134.6439	343.4461
78.9241	171.7883	8.5111
172.3878	85.0008	95.3108
155.5032	157.3481	160.7314
136.1518	89.6747	390.2588
166.0063	184.2018	420.7063
113.8487	113.7410	336.5349
179.0721	36.4386	63.0005
20.9348	70.3566	117.6331
126.1867	56.0846	328.9293
117.6166	56.3087	77.4737
100.3924	52.7052	377.3482
33.5657	102.5376	445.1874
104.2065	188.0818	326.3691
82.8605	41.3630	117.6784
170.2752	166.1666	135.7178
114.9319	91.6362	291.0276
22.8861	61.0594	76.4019
93.7152	114.7755	413.9163
154.3092	144.4458	423.5232
45.5334	158.6606	27.2597
45.8352	185.5672	371.7589
73.6992	12.9233	300.7665
144.4317	156.0857	113.1519
73.2435	169.4095	23.7094
24.3783	13.5454	157.0396
80.2914	37.7688	383.9435
167.6588	49.9255	370.9303
123.7034	102.3812	285.7071
6.3076	187.5923	445.4858
44.5308	3.7983	78.7849
120.2600	8.2878	42.1518
78.0755	146.0209	230.5714
-68.6903	19.2037	-1012.0000
125.1183	72.5020	429.8436
76.8299	78.3033	469.1515
54.7183	37.2912	424.2767
179.5333	47.9929	194.2134
147.7070	188.7581	275.0793
13.5009	179.4615	398.4301
38.6713	52.7139	285.7086
122.6784	26.5535	275.2765
14.7603	82.5409	20.6497
101.8159	8.7156	315.3056
24.6197	137.0484	68.7735
156.7166	34.6329	201.7847
97.5001	75.3711	208.8944
132.1764	180.9515	412.1973
131.2396	71.9072	289.7025
73.8825	39.5335	112.1840
164.6244	46.0954	271.2663
23.1133	16.2091	176.3681
77.1970	15.3797	281.0537
174.0662	113.3636	106.6045
21.9929	31.8007	26.4863
18.9480	8.4924	60.3845
151.0800	91.2084	125.6109
164.9559	31.5148	258.8526
133.0440	89.3913	466.7391
156.7901	105.9253	361.6053
7.0580	27.6613	182.7135
62.1378	127.1590	398.9523
61.0385	106.6658	314.2352
97.2551	43.7165	106.9740
26.1144	177.8112	120.4723
133.0441	117.1638	24.0207
71.6147	117.0079	175.4166
113.2567	119.8613	237.5004
104.0912	136.5659	243.7042
74.2956	23.0828	46.3575
29.6905	117.1667	142.0877
41.3955	167.9134	457.3204
163.8537	187.6087	333.9835
29.0445	100.6191	164.2960
99.8319	169.5630	247.8076
153.4852	23.6613	156.3335
179.4789	171.7954	231.8633
84.3121	57.6599	318.9733
115.0579	138.6663	193.5941
4.9411	65.8345	216.2032
81.4334	160.2521	447.4166
124.8281	31.1577	126.9561
110.1191	37.4810	146.9139
76.6852	137.2997	385.8366
159.0397	140.0795	430.4333
86.1612	105.5176	458.0689
180.1670	28.0609	205.3762
169.0514	80.5342	323.5937
13.6222	152.7969	361.4656
69.8836	175.6504	321.5271
106.0312	162.4322	166.5889
59.9111	101.2765	209.2720
91.7942	0.8658	463.0269
188.6220	22.4539	469.0860
141.4483	133.4509	165.5100
56.0390	17.3663	54.8345
141.6206	3.8473	218.7034
143.7256	125.8146	62.2717
66.0154	67.1102	276.4855
174.1912	102.1090	95.6269
66.0117	57.3853	167.3638
64.0299	136.9472	263.6678
172.6686	14.3140	380.0999
43.4395	148.6170	455.0043
19.4950	79.8169	169.2959
177.7813	49.5084	341.9124
9.0154	65.4827	15.0031
81.5228	158.8695	428.0949
143.3309	139.0170	318.8277
94.3375	2.7920	269.0902
75.6816	55.1999	437.2934
16.6138	21.5082	172.3838
114.5913	57.2934	226.4985
129.7602	145.7800	412.0502
46.8245	162.5149	317.5308
30.6477	129.4037	443.4119
149.1372	63.5956	408.1600
9.2280	24.4890	305.3241
139.6570	50.3884	366.7370
144.0768	105.1920	467.0063
160.4814	180.6796	123.0974
164.8004	58.4700	440.6089
91.4070	27.2562	357.7208
61.8949	155.6740	43.0614
128.1075	162.8392	428.2240
67.4365	70.0666	87.9202
174.4332	29.0173	111.2176
182.9893	35.7056	269.6800
137.5278	151.0164	127.2279
128.0961	21.1399	325.1181
176.5095	119.6331	49.6314
114.2438	156.4960	96.0448
92.5134	172.5329	379.8944
98.3413	34.4157	6.3886
55.2261	48.2851	174.4568
8.9428	65.2190	9.8154
167.0305	37.4735	249.4005
88.2456	41.2204	156.6556
64.1978	155.4002	165.0700
34.3543	134.9248	418.4483
76.8102	62.3599	298.8853
174.7247	142.6799	423.1276
35.6382	168.2779	52.9250
47.2933	1.4620	21.6605
171.5136	121.0629	376.2992
129.5334	79.9753	265.5041
53.5316	2.4545	69.5320
119.1385	88.2823	384.4683
61.6419	182.3045	47.6450
46.7706	118.8629	291.8360
71.1296	45.6909	133.3450
91.3188	60.8436	271.9690
144.9499	26.9231	92.2180
9.8285	125.6499	339.9751
140.8054	37.9723	118.0916
58.0625	100.2188	386.2247
175.6463	49.4050	194.2645
154.9607	68.4936	465.1210
156.0668	188.9237	212.4023
116.4015	101.2868	443.4209
63.7654	33.6661	330.1422
56.8624	131.8936	27.5929
80.5829	38.5580	89.6054
123.2361	89.5905	232.8133
56.6616	63.6237	367.5468
140.0553	42.3322	100.4188
134.0788	124.6842	298.8731
160.3560	97.9501	287.0828
75.1372	178.8514	129.5332
14.0011	186.7955	105.9237
129.8054	55.9007	73.9762
67.9758	49.9048	238.9046
146.1180	92.2204	79.8368
32.4810	46.3103	42.4358
18.9950	30.3686	322.8103
85.9315	95.5668	438.1182
50.9591	131.2555	232.6286
1.0536	132.1574	423.9756
141.4651	172.0816	4.6421
130.5087	178.3789	154.0313
89.7218	133.7041	119.9734
172.2960	81.7791	277.3123
144.2282	118.3998	70.3475
42.4169	156.8266	345.3964
25.1932	142.2824	322.6368
30.8226	10.2398	321.2369
81.0362	53.5279	273.1830
96.4747	49.8163	312.4965
163.2384	4.7108	243.5247
159.3960	169.8978	160.3462
27.4200	183.1216	295.4467
111.8418	94.1199	358.4497
37.5484	87.4797	271.3265
55.0867	175.9482	141.0470
87.9815	9.6173	29.0741
14.9903	164.0974	72.9134
71.0817	51.1595	407.9960
55.8472	26.5481	35.7349
104.8994	9.2334	234.0397
10.2507	77.6386	161.7997
144.8292	156.6116	460.0734
128.1811	172.6613	29.0228
59.9061	94.4383	389.9274
144.6139	70.9285	368.9882
80.3318	131.7172	459.1603
27.0973	144.0324	373.5550
105.9435	113.8972	26.7781
162.2949	181.0876	177.4151
84.7587	62.0697	289.2113
47.7480	133.4808	211.9379
24.8349	144.7262	382.4260
175.4273	165.1640	131.3142
49.9916	17.1129	87.4339
73.6111	165.0437	325.4101
37.7123	5.8216	251.8924
185.3653	101.5539	171.1719
115.4415	165.8662	73.8543
122.3667	30.2016	355.8445
109.9730	37.9584	178.1525
128.1949	62.8446	460.3672
70.1060	20.8611	290.7279
49.8623	171.0441	50.2911
132.0678	45.1169	306.1247
59.9297	119.3522	405.3721
61.6536	3.2761	205.0013
30.9853	40.0290	339.8138
178.4121	111.3149	461.8158
41.5687	37.5026	75.3785
125.2136	126.0297	348.1664
94.6596	46.5023	335.1515
157.0738	52.2568	148.4354
26.0575	42.5470	32.9201
120.1693	47.3990	468.6195
169.8503	124.3221	121.7508
11.3896	20.9076	432.2921
46.3152	182.3728	118.3870
56.9492	45.9842	214.3189
20.0994	17.3452	373.3307
15.4461	114.1663	458.4656
112.4947	11.5250	25.9456
110.3668	24.0561	19.2728
93.7069	19.9121	277.1951
164.3791	16.5109	9.5812
132.3080	13.0145	442.9486
36.3650	37.2125	329.3116
31.6133	102.5106	15.3665
168.6907	154.3505	369.3265
116.3481	122.3110	257.3255
89.9028	6.3626	427.5841
76.3974	128.3150	425.4172
179.9162	79.8841	296.9492
91.8941	8.7640	448.2494
64.7927	182.1267	296.8437
58.4966	90.4954	321.7914
163.9096	38.6092	462.2622
21.0381	57.5448	52.7828
137.0327	160.9698	93.3611
54.3876	133.3847	256.6268
130.8886	47.9146	216.1862
128.9651	25.9979	34.9846
66.4544	49.7405	416.2710
68.4258	143.4334	82.0056
92.0140	81.1396	390.8562
19.2953	123.3721	37.8100
164.1073	170.8376	241.8547
90.3053	20.6687	1.4777
71.3069	147.6241	281.7673
173.2275	46.1816	71.8067
180.9021	151.4941	350.9596
77.9308	39.1694	213.5471
145.3894	83.0979	455.6649
115.1798	93.7823	172.3315
171.5118	46.5478	254.7321
65.7913	20.0189	145.8938
33.2178	121.8926	166.5374
110.6924	122.3318	428.6220
124.0442	62.6190	49.3028
43.4594	129.3266	116.1650
86.4255	174.2297	109.7655
137.3805	130.7646	456.9381
123.4900	4.5937	416.9631
161.1537	15.6200	64.3965
46.8573	171.2790	154.6141
102.6028	33.0008	443.3137
157.6032	59.7942	463.7896
95.0295	19.3309	1.7330
184.3707	168.4990	118.8469
78.8363	109.5854	27.6679
161.9074	47.2293	147.5514
59.9744	167.1667	137.7648
161.1585	126.4171	131.9157
33.6519	93.7536	257.3768
59.6335	163.1708	438.5614
158.7463	69.7564	224.2891
94.1123	174.7979	274.3234
43.4683	30.1075	56.9631
129.3947	185.8522	297.8290
76.4673	45.3746	95.8664
0.8699	188.3934	325.8449
172.8930	97.0858	230.9341
134.8220	115.1271	89.1777
177.7912	29.0732	121.5366
37.9709	134.6663	208.0750
182.4247	5.5447	74.1318
130.5603	179.4540	437.1733
133.3157	11.8773	220.3961
97.8143	143.0279	68.4261
164.8071	14.8681	183.1534
88.3983	88.9063	360.5245
133.8202	147.1478	333.8505
72.6585	4.0004	113.8692
41.1819	182.7514	292.0453
160.9801	53.8211	6.3555
93.9369	34.9346	426.7765
96.6653	69.7693	302.0854
130.0265	6.5802	80.3768
29.5658	155.1681	202.3570
131.0009	186.6696	126.8695
6.6300	135.9462	348.6877
55.8472	26.5481	35.7349
17.1557	147.8324	434.6280
168.8276	133.4007	215.9540
52.5352	133.7534	240.4091
77.8553	100.8367	25.5207
122.6543	184.8328	135.1889
126.3557	140.4059	303.5626
24.0195	96.9741	8.4503
52.1105	162.5883	309.3958
67.8620	119.7608	100.5609
136.7259	115.7661	354.7214
110.1932	25.8565	33.1781
63.0969	104.5835	302.9098
99.9894	68.9398	453.6547
165.7970	10.4095	344.2054
166.8940	87.6812	117.7687
117.7190	78.1821	366.0203
47.8497	17.1263	309.2872
107.6737	35.1475	424.2279
67.9731	105.5930	270.5571
125.6334	130.3016	154.8763
130.5583	41.6796	246.0790
64.9094	93.2240	342.9941
104.9180	186.3638	353.2288
157.3916	89.5092	311.8316
57.7531	96.3203	142.2744
74.7005	39.1231	116.8106
186.7599	120.9574	95.0094
166.3120	130.3989	323.9574
101.8075	97.7192	310.0107
139.7240	67.1143	213.7609
65.8965	146.1185	158.5753
149.9456	163.2824	150.6501
164.8441	153.3349	454.8276
129.2856	156.5100	141.5133
167.5172	34.1582	462.8668
174.5012	64.1066	252.4863
174.6596	14.8027	323.1992
37.2979	167.0246	319.3843
62.3076	37.5500	127.4595
84.0524	26.8977	440.0863
35.4046	120.3659	405.9876
50.6085	111.4346	69.9350
44.6259	87.9807	95.7311
7.3563	28.8326	168.8203
58.6177	143.7939	232.2925
132.9759	177.2913	295.1863
152.8248	64.4784	210.3241
138.2858	161.1271	373.3404
169.7636	23.6494	349.2736
99.1893	142.0846	237.1795
50.3155	0.1751	153.5248
72.9707	149.0707	29.7744
25.3047	172.4671	364.1292
149.4137	143.2578	409.1216
170.6529	11.1688	377.6756
151.5414	31.8030	381.5343
162.8155	79.7252	285.4907
57.7659	108.8707	189.1454
157.7509	146.0342	187.5221
31.6661	46.3819	61.4765
179.2272	161.3150	18.0409
56.8255	152.4699	230.1817
54.4728	49.6413	35.7083
188.2700	128.9027	138.9791
164.9968	161.3943	113.1962
137.3564	114.9751	153.7070
22.1860	117.6357	224.7018
14.1890	68.5276	454.5110
170.4204	29.2802	219.8766
9.3381	118.8202	285.4986
12.1464	107.4598	349.6864
55.3768	63.7189	3.5362
33.8586	135.2907	68.2155
69.3725	140.4528	313.3165
90.3430	140.6144	54.3339
143.9133	38.7225	348.6810
44.6494	143.9930	218.2850
80.5293	31.4286	341.3805
62.5290	176.9389	257.4221
179.3897	82.9725	140.5744
86.9913	1.4910	252.5148
111.9472	88.6560	247.5391
186.4228	143.6286	283.9489
168.5682	98.4516	408.3154
125.8839	14.1295	293.0560
176.3187	101.8814	256.2212
23.3983	118.3487	15.9711
166.6820	41.1363	109.1063
113.7158	104.8098	230.5552
84.5134	132.2831	62.2824
26.4850	149.9681	94.5894
3.5801	165.7560	21.1616
31.9421	129.5170	414.3694
62.9850	171.4546	69.8558
22.7176	107.4269	181.2104
145.8197	80.1630	123.1969
121.1831	165.3234	368.8687
166.0241	8.2110	155.4909
163.8904	32.6190	10.4961
162.6437	42.0940	431.3234
115.6894	110.5424	147.2925
182.8777	163.9133	107.2776
128.1036	78.1071	228.3996
173.0304	70.6967	282.1229
65.3719	138.5235	269.7155
183.8556	136.6546	103.2630
57.8240	37.8219	118.9080
109.7355	30.1575	386.4177
63.5686	13.6738	332.0787
169.6080	164.5839	400.9217
0.2952	2.5423	111.6937
174.3223	147.8540	384.1523
182.6269	116.8463	452.9244
85.0143	40.5851	417.0577
86.1200	120.7308	1.4065
136.1271	19.6615	187.1174
15.9524	54.0893	354.4738
163.6101	51.1868	15.4883
188.1690	21.5581	83.0879
18.3073	9.4477	11.4119
1.9434	140.6690	124.8065
123.2512	152.0164	91.6031
1.5047	17.5830	246.8738
177.5652	144.5059	407.6955
13.9442	164.0663	463.0453
160.7036	158.7669	44.9623
98.2730	91.5721	220.1055
69.9167	138.5523	322.7717
66.8164	14.3448	99.3592
21.4416	71.6846	150.1593
25.7434	179.4687	115.0692
188.6208	124.0337	305.4070
27.7968	148.3920	216.5847
3.9035	28.6501	454.0965
9.2478	181.5185	367.6842
4.5157	48.3799	449.3154
143.9870	45.8760	256.6817
7.4464	135.3142	242.9544
28.8464	54.2226	96.7974
43.4068	8.9286	185.5181
29.1805	21.6439	291.7846
184.9891	44.2945	195.2576
123.3356	1.9770	54.7411
14.4917	167.8051	118.3362
98.8423	132.2053	90.0544
13.8725	166.3103	117.0721
150.7038	21.6346	379.7490
14.6408	91.9887	171.9495
184.2708	44.8463	95.0363
168.0395	17.9775	239.3981
185.7303	36.8464	127.8617
156.7377	75.3759	99.6673
61.0539	144.9981	395.6709
50.3258	140.2146	219.9099
182.8422	32.2470	52.3608
44.9789	116.7223	59.4391
13.8669	55.9018	337.7463
145.6598	18.4952	88.5312
90.0347	46.6764	192.2564
14.7535	15.0989	457.7120
156.5174	162.4812	426.0778
27.1754	151.9293	354.4758
188.0894	116.8670	454.6729
125.3950	131.5884	139.5202
85.9412	13.0827	179.6394
49.8086	122.8576	98.6631
119.1155	17.3544	385.7147
77.3015	12.8969	64.8586
130.9110	117.5025	405.1915
95.4488	174.1827	431.2817
24.7576	182.6028	466.4666
15.3283	73.0685	223.0575
187.8051	46.0836	240.2917
177.5702	88.0993	163.2402
109.7958	110.7190	35.3311
102.0641	143.0054	335.7424
55.6899	85.1598	136.7893
147.1610	172.8886	11.7011
144.8909	59.5308	378.1625
48.2764	54.2604	206.1451
51.2688	159.5524	72.3889
19.7073	80.5604	44.4875
146.1188	91.8172	145.4728
88.7739	139.1454	281.9563
21.3421	160.6874	283.0344
22.4247	179.3346	414.5756
172.6326	158.2648	153.1107
117.0746	146.9942	4.9779
173.8345	68.9690	172.4278
44.7332	180.3424	238.8545
114.5746	77.0201	242.1479
27.0057	16.3352	43.8784
78.2471	151.3046	291.7451
37.5598	86.6762	188.2711
80.6844	166.8699	303.9215
165.8105	108.0108	308.3086
17.8873	129.8200	223.3447
26.9098	184.5546	75.4121
78.4574	108.3118	312.3655
50.5712	67.3880	302.1464
128.9216	31.8287	137.4490
141.3278	166.7581	362.4045
91.2424	176.3743	287.8027
30.7493	163.7399	436.7327
1.7722	9.2192	155.8973
125.4486	123.4774	398.6729
81.1887	31.6834	186.9641
46.6018	69.1553	294.3386
2.0655	101.1506	253.9613
174.9435	27.0718	166.0346
176.6930	147.6452	441.6764
82.7243	33.5925	415.3977
92.2256	62.9074	448.0046
77.3537	2.7972	439.0249
131.8625	165.4860	276.6112
71.9811	154.7871	21.6690
144.1608	36.8202	385.4174
8.5262	91.2167	306.8160
23.1242	167.4193	280.3308
31.6897	13.5939	20.1519
186.1224	45.6809	2.7352
177.0390	136.1152	25.4173
136.2475	187.0244	153.1508
29.4140	187.4846	116.0402
27.6946	127.3515	385.9214
81.3852	12.8903	53.4554
125.8267	113.5653	145.0692
114.5917	96.4973	375.3469
43.2318	17.5333	261.7517
182.3550	99.2037	211.9981
16.7158	160.5982	67.8963
8.0383	37.5775	236.3540
179.4810	-6.6474	391.9200
163.3932	178.1936	101.6227
157.8011	114.1730	271.0768
13.3672	93.7645	170.0348
25.7783	184.1952	358.6349
13.6444	134.4202	395.1851
177.3208	46.3084	232.6802
115.8882	28.6401	21.2313
163.7737	69.6677	46.8067
161.9770	88.2829	130.5780
135.4234	169.6549	189.5871
176.2957	165.4319	246.6369
19.0393	93.7684	457.2840
12.6016	96.0040	34.0597
110.5976	40.6396	101.1368
70.9509	169.8019	368.0311
2.8110	89.4642	250.4683
145.9726	57.0458	371.9122
5.2735	55.6974	67.1538
157.6978	72.8620	256.3242
180.5083	91.3693	278.4444
62.4178	42.2235	91.8676
163.9076	24.4425	384.7539
9.8356	103.6661	211.0408
65.2381	108.4601	412.1855
162.7977	173.8080	94.5662
129.6388	33.6998	30.6623
51.2830	55.5395	439.3801
101.3358	160.1132	228.6032
150.4259	62.8686	362.8285
73.1295	133.2727	114.1728
170.3053	13.6809	247.7225
86.5411	119.8574	355.9648
152.2396	38.7584	42.9945
126.1614	123.1993	343.0728
106.6041	139.3718	52.7550
80.0923	62.3538	285.7781
90.8658	87.1336	84.6394
30.3741	138.3066	404.1617
2.6905	31.4406	449.3037
77.6122	93.2694	13.6988
6.3128	31.4902	57.5849
170.6572	68.1754	11.9086
141.3093	124.9858	75.9553
62.2727	20.3527	354.9942
117.4037	43.7855	283.2495
98.1284	104.2230	293.7872
104.0040	112.1124	282.1480
4.9604	164.4316	413.8936
76.9249	91.3995	252.8092
83.5202	49.2031	183.2335
118.3068	77.0493	386.3307
158.5831	123.7376	462.3544
49.5682	54.5612	342.9734
8.7984	105.7311	450.1417
76.4059	18.3734	3.6282
13.7519	176.0894	389.7904
141.8604	142.2998	396.1680
137.3401	86.6499	223.5965
60.1420	77.0815	367.9028
147.6569	144.6094	87.8665
63.2954	168.7539	300.8684
174.3593	149.0482	60.4307
88.0085	164.6704	288.3424
172.3540	106.6040	80.0822
32.0663	118.1557	413.9702
9.7741	65.9725	424.1106
77.2976	3.5200	112.6201
9.6474	162.1174	214.6456
49.4912	180.6545	257.5848
187.9193	3.1868	238.1795
60.9372	47.4500	359.2199
110.1820	181.4559	396.6440
14.9594	94.0351	231.3588
113.5923	78.5764	267.3312
171.0530	138.6983	405.1455
2.0284	38.8534	221.0390
83.6933	102.0805	465.6637
17.0390	71.1478	31.3966
105.1318	176.5397	78.6691
8.0604	163.1915	146.8599
135.7566	153.3037	9.9943
104.8061	110.4392	242.9703
102.4369	36.1664	464.1253
43.8118	90.8876	64.4127
32.5561	164.8083	470.1752
63.4782	106.9341	84.8054
23.2485	19.6192	372.0634
95.8392	22.1214	453.5238
73.3192	153.9672	430.3104
32.9993	177.1881	94.7177
26.7967	141.5193	57.8259
168.1187	92.1015	70.3955
147.8400	58.0856	232.1100
115.5176	101.3307	220.4349
120.2705	119.2093	250.2674
182.4243	107.6503	75.5912
31.0755	172.5580	334.4632
13.7955	108.9583	137.0393
169.9609	71.6944	127.3202
147.9025	33.3538	404.6013
28.4468	175.8853	246.1777
82.9600	135.2768	146.1152
87.6819	169.5934	277.7480
39.2976	42.9378	439.2927
145.5713	66.2135	21.4478
132.3508	88.1338	201.6274
9.4837	183.9907	61.6237
82.4591	119.1370	289.6112
43.2581	122.3392	271.5848
56.3743	60.0728	199.3590
87.1936	168.0729	161.8089
109.6725	52.2764	352.9490
18.4372	177.6836	6.7437
156.0099	162.9497	124.0186
76.2555	146.6312	344.1302
121.0184	130.4371	113.4627
141.5813	84.4534	19.9068
80.3660	39.7275	251.9557
62.7380	90.6981	130.1135
110.1085	132.2581	213.3515
89.5083	83.7650	62.6225
182.8604	140.1677	13.3304
94.8642	37.0981	438.6571
124.0406	127.5083	356.3753
17.2338	97.5979	257.7172
179.5477	27.3535	77.9767
75.7858	151.4499	152.3729
143.2450	133.1142	181.8721
125.9813	36.6328	344.7475
151.2864	114.2210	297.9969
48.7779	47.1756	444.1568
181.8704	71.7097	411.8146
4.2484	138.2285	224.2858
12.8488	156.5073	278.6614
35.2652	77.8135	252.1489
144.6666	59.2902	372.1877
146.9445	172.8865	302.6859
79.3269	52.8920	168.5299
175.5792	171.6862	288.6534
46.9184	150.0161	17.3218
45.6623	138.8039	221.5385
49.4689	131.6628	30.3434
62.3988	141.0655	176.9558
182.0573	136.0236	165.9895
27.4830	75.7161	173.0316
135.7483	139.9325	314.4344
162.5456	100.1680	366.0935
64.7021	147.3418	245.4217
20.5219	122.4447	14.6700
134.8586	69.2529	243.7858
9.1461	143.6961	55.1243
68.4490	72.2810	235.7132
138.8588	1.4986	141.2017
44.0397	145.9208	106.8385
175.2566	106.0289	395.0059
8.7150	115.7473	88.1517
181.6350	15.8955	256.9156
53.7032	14.4961	460.6059
61.2680	141.9652	175.4714
18.7902	167.9983	333.7802
115.3924	36.2884	74.7903
24.6952	31.1757	71.3712
79.4455	56.4942	170.6724
121.1876	13.3826	348.9287
21.2020	42.2383	72.1410
143.7785	138.8209	92.4692
0.3015	11.4595	106.3489
28.6060	7.0109	112.3727
129.6310	13.3327	159.4208
61.8408	128.2315	374.4686
84.1001	61.7703	192.0274
138.8934	187.4338	394.1271
152.0486	40.1280	454.3182
147.7370	83.6710	134.7754
128.0906	53.6105	197.2183
65.8598	44.7582	242.9033
0.7212	106.2260	296.3739
152.7434	60.7030	25.2584
128.7658	56.8702	137.9023
75.8625	72.6718	18.5328
67.3637	184.7520	440.1399
176.4172	74.6340	303.9773
151.4631	52.7898	401.4365
118.1552	54.2134	64.8585
9.8350	47.9561	152.8443
188.8404	183.1390	45.8232
82.6722	20.2852	406.6108
136.1568	172.2353	126.6153
137.8619	156.1307	437.7018
81.7430	85.7568	270.4915
173.6358	0.3440	260.5001
12.0654	97.5649	242.3395
94.9737	23.8582	159.1649
2.8306	98.6533	429.6032
90.9994	76.8221	228.4585
176.1986	81.6947	153.5600
75.3835	138.3389	168.1732
141.7131	187.7736	294.4491
187.4749	44.9404	1.1145
123.4976	28.3641	302.9207
141.1102	147.5362	16.4246
99.2010	171.4438	388.9031
51.9841	106.6862	216.3891
24.0232	154.8530	450.4730
45.5410	20.1761	118.4332
135.4257	167.9675	463.2353
88.8571	115.0982	113.6938
58.3392	143.1200	199.1274
187.1735	183.8223	72.4255
97.8325	170.0746	217.9321
136.9188	111.5196	169.8283
69.5586	8.7355	325.4760
58.5202	155.3651	133.2760
158.1162	97.2849	88.8683
48.9318	93.3576	225.2917
44.2964	66.4195	207.9070
156.2676	35.3399	186.7176
73.0425	159.7329	441.1940
89.5197	10.1165	447.2722
162.8632	45.1584	73.1986
162.6890	31.2041	80.8678
155.6579	162.2499	114.4856
7.7625	68.8579	222.1436
69.9607	21.1829	68.2432
153.7153	22.2655	380.3567
141.5075	62.2422	352.3390
95.4270	82.2850	250.6043
113.7480	120.1441	10.6191
175.5083	121.2176	267.6533
128.0285	156.1152	145.0143
102.2372	107.8181	268.3354
53.4703	168.1948	449.5661
50.0871	103.2018	402.7239
38.3294	122.6562	124.8232
150.4492	112.9006	39.7255
111.8008	28.6347	463.2639
179.1660	78.9609	182.5032
34.0534	105.2191	5.8940
11.1023	115.8737	85.6691
123.5996	156.8654	345.4700
87.8036	27.3118	220.6161
2.1163	156.4974	442.9032
173.6088	55.0921	461.7303
41.2745	176.5275	227.2477
88.5824	133.9061	154.9751
163.5241	70.6469	251.5827
13.8278	115.1710	309.2631
138.1967	34.6912	403.0536
150.2089	120.9665	63.2893
160.0887	58.1910	404.8244
52.2462	149.7316	217.6936
80.8680	50.8034	421.1626
163.9164	19.7378	85.8250
126.2786	16.9664	289.5978
115.0612	137.2549	276.4097
156.9718	93.8553	255.1726
112.6116	48.1960	200.3771
20.3201	148.0579	73.8596
166.6603	107.0611	225.9844
68.6874	175.1887	292.6060
95.7889	30.7640	327.5936
30.3734	145.1494	132.1424
37.8752	121.1810	222.0296
183.8463	114.6780	86.7840
11.6239	61.5263	229.7434
13.9612	127.6565	286.6891
15.7282	27.8663	431.2219
138.2920	136.2378	61.1183
38.2443	77.2316	347.5695
79.7329	36.1874	333.9423
76.6001	43.6326	371.5650
93.7807	151.5340	346.2743
94.0423	85.1446	391.9336
56.7499	79.5898	326.5902
112.4842	99.5240	174.9703
71.0227	163.4842	339.2375
185.3722	62.7924	229.6506
6.2729	130.4642	240.0107
31.5453	26.7266	3.2239
0.6992	109.5511	461.6174
156.2289	156.9096	35.9952
126.9050	140.5464	424.8118
94.9770	104.1856	235.2513
19.2274	174.5483	255.4241
125.6112	139.0100	470.5190
92.2996	0.2281	334.3759
146.1911	118.7103	53.2827
41.6776	35.0234	149.4652
35.6598	5.9664	58.1270
142.4338	128.6767	230.2429
176.9443	92.8303	159.7878
63.1236	184.2892	257.6290
6.4138	177.7854	229.9257
71.7818	169.6217	112.7286
48.2354	29.1252	206.4925
136.3493	49.7427	126.4396
159.6082	41.4527	423.4090
99.3647	100.3337	272.2341
46.8228	62.4989	277.8694
176.9946	59.5138	357.0344
85.0622	182.3740	160.8443
89.7044	126.8488	402.9808
57.0423	131.7253	260.8019
120.0947	149.7423	357.9305
57.2354	32.5116	209.9476
98.1630	66.1963	242.3702
59.3096	154.8779	286.6647
25.6363	11.7022	142.9166
164.6978	75.6133	393.4916
1.6591	63.5103	280.9708
128.5846	54.0892	196.0411
85.7472	120.8087	205.9283
123.3991	23.5156	223.7966
66.7649	58.0273	7.6676
30.7970	11.8396	170.1985
32.7430	24.3793	440.6963
84.4736	158.5316	401.1150
88.7209	70.1769	210.5509
113.9239	153.9593	25.8851
59.6066	106.8582	216.9783
12.5817	55.4364	71.3285
160.4010	53.9669	335.7044
43.8499	181.2428	77.3941
92.7832	14.5647	457.9966
75.0073	185.5389	157.4883
68.5780	48.9379	109.1097
122.2569	42.8579	147.7567
67.7129	8.2694	128.3106
164.7381	136.2753	213.8838
110.6715	100.6609	234.5638
80.1700	161.3582	10.3916
105.4540	41.8766	388.8040
135.2543	5.9248	140.1245
73.6453	10.2351	53.3213
19.6799	105.0536	296.5273
87.2572	127.4169	105.3506
177.2242	58.3035	270.4157
15.2098	50.5844	38.8649
3.4431	30.1878	57.1543
124.5971	84.7728	113.4439
52.6690	133.0424	27.4492
85.8653	73.9182	320.0377
49.9771	184.5306	24.9451
79.9269	105.6473	14.5787
109.9588	184.9297	112.3273
132.0827	69.0464	35.7858
44.7577	179.1735	159.6583
10.3674	0.3846	197.8149
125.4760	69.1864	50.0652
13.0313	159.8583	18.9325
11.9629	175.9578	117.9832
80.5817	159.7330	278.8513
166.9676	44.1538	47.4529
180.1121	178.1501	245.7003
149.3155	158.2265	310.2072
20.8655	135.3762	459.7346
11.0291	80.2629	265.9710
23.3873	121.3383	20.6009
167.6064	164.7826	460.8843
20.0208	100.1268	185.6197
76.2743	10.9442	62.3699
62.2440	132.7637	148.6337
17.7689	161.4229	318.8361
148.1835	76.6707	126.0453
110.5635	40.3432	84.5512
84.6715	91.7683	175.5389
106.2973	105.1491	164.5136
96.6761	39.2312	335.1985
119.8461	67.2320	98.1334
15.0096	81.7367	262.6367
15.0046	97.5507	209.4638
171.5284	176.9584	278.4640
53.2368	159.1647	98.4684
43.5697	95.6731	201.4354
79.2958	124.2020	178.9138
87.9418	159.9519	330.9899
35.3925	169.8498	239.5166
112.6872	177.6562	456.9350
90.2257	57.7814	415.9001
64.9475	181.3509	61.7788
183.4187	46.5736	194.1737
43.0384	15.9045	322.5225
152.8013	16.7494	460.8222
105.7410	21.7614	336.3771
109.9017	146.1985	389.6266
131.2795	115.0879	333.5464
13.6090	86.4990	424.0188
175.3530	76.4743	35.7018
173.4196	124.9975	89.7173
115.6735	32.0989	21.7936
101.8361	13.3596	168.3333
164.0206	167.9734	112.6741
83.3333	166.8052	469.7461
71.6459	131.1431	112.2607
67.0679	150.8455	9.6831
183.6206	2.0871	313.1491
41.2715	127.0228	239.6611
188.2462	141.8680	109.2933
61.7217	103.4177	320.9291
104.9246	186.7063	20.3969
96.4948	34.6512	451.6868
50.3212	52.8162	168.2556
109.2757	91.2376	183.4690
159.9427	33.8932	179.1417
91.7296	17.4473	35.1264
140.0421	165.9012	289.5484
156.9844	48.6214	371.5942
85.1714	12.7278	188.0230
173.3972	127.0135	357.8174
137.6052	110.9123	405.8668
23.1607	74.6854	456.2753
22.9830	51.8813	206.4587
152.1724	24.2664	41.7302
140.8250	82.3260	356.4984
105.1355	159.4352	432.0229
12.8279	77.3160	445.9625
38.9454	167.5218	33.8329
13.2170	46.1372	50.4677
53.7546	24.1094	268.4287
131.2310	10.4322	48.3989
134.6755	129.0775	238.2076
38.8668	6.2447	371.4018
14.6010	128.3616	418.5661
147.0183	187.9596	267.0967
99.6318	165.7207	417.4830
173.1000	182.0248	39.8462
19.3120	41.1653	453.2846
87.0712	117.2231	357.2891
10.1765	119.5573	262.1637
164.0477	80.8407	330.1193
57.5666	82.4448	84.5323
132.6408	76.2515	92.2135
105.3134	31.7818	134.4852
86.9414	134.3611	106.6957
154.4329	140.4472	398.7574
44.1418	121.6644	204.3006
44.3937	91.7900	153.8301
49.0407	21.6047	99.6491
102.9708	58.6519	369.3504
93.9299	139.5461	73.1720
74.3372	146.9802	296.5009
74.8870	117.9989	345.9144
134.2566	4.4913	46.8836
159.7473	149.2662	411.4819
144.7801	9.8325	441.8257
17.6519	182.1101	201.2718
26.8251	56.7821	219.1123
40.7848	153.5026	164.8429
101.8352	61.0773	302.3231
31.0604	59.7646	201.9861
106.4700	169.2624	346.3623
44.0627	146.0882	244.6900
13.2781	91.2570	344.5665
141.9243	100.5047	94.2221
72.3657	8.9943	339.5559
94.1431	44.2224	218.1233
39.6599	151.6092	24.9442
75.5038	160.3868	429.9912
21.7189	121.6689	395.8384
46.2240	111.3518	251.0976
129.2664	171.9198	455.3427
108.7791	161.8413	6.5558
57.8348	28.6535	380.3697
115.0755	72.1812	437.1784
55.6687	17.6863	52.3046
172.0011	159.7042	66.9918
20.6447	91.3734	179.8113
164.4594	7.2618	290.7249
45.2114	162.3355	287.1719
134.5068	17.4966	140.5487
2.0968	125.6005	199.2868
47.8855	105.6225	268.1751
93.1588	158.9473	159.1435
118.5753	116.8762	361.8662
91.9410	98.7388	256.4922
109.0478	45.9908	141.7217
36.8687	178.0182	101.9658
14.9558	166.1553	69.2396
163.9217	175.4447	256.8880
21.6256	83.4243	145.4149
8.9347	85.1231	256.6360
61.6484	121.8265	90.9702
58.3754	121.2966	284.6006
143.8000	31.7036	341.7974
8.9706	82.5516	269.8325
30.3627	177.2552	111.9860
131.6145	24.7703	414.0970
107.8336	70.4795	297.1741
29.7571	135.2584	286.0163
58.1366	153.5120	363.3808
187.7461	2.9760	176.1805
67.2429	117.5229	218.8119
165.0805	156.4141	202.2464
134.1054	82.4142	93.5562
42.2114	51.6043	309.9118
111.3436	36.7326	56.9370
182.8445	148.2617	6.6718
125.4039	19.0361	318.4123
107.2575	183.3763	83.8037
82.6236	137.5251	360.5527
45.0746	160.6226	447.2508
159.9301	118.7725	11.6054
22.2330	123.8857	269.7769
160.9989	113.3381	157.1765
137.1377	34.9468	198.2375
138.8001	173.7956	419.6087
129.4400	172.2998	300.7153
18.7356	99.6678	107.8038
130.4465	158.1612	140.2790
110.1826	16.2009	29.0227
168.0734	165.0769	386.1818
77.0904	88.7629	468.4302
142.7440	62.8373	14.2209
128.1618	130.7650	28.0296
104.9984	55.3942	244.3443
182.8790	111.2725	234.0703
116.7213	185.3534	248.6738
16.2701	117.2714	414.8585
145.4222	67.6116	14.9527
2.7708	56.1993	235.0610
177.2120	160.7663	60.6299
31.1734	72.4554	328.5124
45.7468	107.3840	458.4245
151.7476	154.8608	29.3317
145.3269	73.6470	9.1662
149.2440	112.0047	354.3266
10.0796	30.9311	297.5243
95.4996	140.3993	325.0580
5.1023	63.3669	70.3194
75.8981	60.0567	407.7668
35.2248	78.9830	19.9207
150.1997	59.9784	427.4788
158.2232	75.7225	308.2812
118.1940	74.6174	406.0914
186.9237	181.1926	411.4613
110.8142	145.9688	266.3312
90.2995	9.6230	9.7985
2.5358	104.8893	234.2841
96.6269	41.7187	36.7105
134.2723	83.5884	202.9999
17.4138	115.2612	69.1882
150.6311	111.0568	251.5098
69.1553	43.8818	360.1377
90.2515	33.2306	99.1702
111.4862	107.6877	346.0760
165.5273	47.2741	189.2584
151.1435	80.3076	70.6469
108.5463	33.0382	446.0967
115.9721	49.4634	20.8012
108.5585	75.7180	255.5755
94.6579	114.6199	374.1463
74.5900	5.8994	369.4027
175.0826	80.5113	168.2391
86.1771	91.8876	24.6192
184.6292	172.4922	233.6109
89.1754	84.8389	32.7240
2.5448	46.6559	43.2680
146.4860	14.2050	207.6783
74.4400	184.7152	356.7027
172.1084	56.5025	9.1995
135.2731	37.0274	341.8752
72.6468	117.9634	454.6012
60.7837	160.6986	468.4945
147.7574	178.3446	242.5620
133.3123	6.7756	166.9069
42.2644	139.1851	69.1162
169.3697	148.7382	450.6851
148.9264	32.2912	208.5720
13.9693	96.6316	201.1674
153.1867	34.4572	465.7706
1.5669	188.2653	394.3626
128.9642	84.6315	460.2425
51.1714	81.9603	400.3237
51.6303	96.5530	404.4743
150.7935	158.4679	116.8867
174.8900	105.3236	380.6657
95.7982	80.1020	216.5976
107.6022	166.0942	272.3271
30.1980	169.4687	137.6626
42.4714	24.0721	109.1742
84.0134	58.1661	275.5116
161.2333	108.7975	400.4747
147.6305	138.1440	2.2502
70.5193	22.7592	21.4466
76.4724	41.7567	270.5178
10.3233	72.4440	339.0021
169.5581	86.0824	391.9895
160.8799	165.6684	348.1328
171.3370	18.9349	432.8843
77.4100	58.1128	12.5349
168.6650	108.8972	237.1946
2.0643	122.1686	360.0539
60.0370	4.6144	185.7846
10.8764	52.5939	301.6641
24.1484	175.0281	392.7702
47.0547	153.7718	40.3539
3.2587	136.7829	399.4080
173.1974	153.6185	171.5585
20.8711	149.6554	456.6606
162.9626	37.3914	426.3913
7.7848	86.1581	32.3070
90.6411	135.9851	109.3880
97.2741	122.9989	314.5691
81.0480	136.7376	240.1389
89.5243	164.7093	350.4309
40.6482	169.4497	23.2975
74.5633	159.3895	448.2747
129.1031	146.9095	1.7522
71.8208	68.4215	257.3706
52.3780	84.0894	272.6408
2.5511	48.1888	182.3407
188.4241	122.7911	142.7447
29.4067	127.0690	343.7459
40.6722	43.8120	346.5283
43.7415	185.2436	252.0294
160.1885	125.3685	191.1167
136.7575	41.1913	364.0500
43.1834	46.9793	385.3256
13.4678	117.0653	432.6523
30.2962	147.6531	313.8359
170.0147	147.6500	267.4585
175.2581	149.2979	85.1285
144.8660	91.9591	305.0919
109.5826	179.3370	460.2820
6.9700	6.7204	307.9307
32.1157	11.1890	441.6424
61.2247	11.2156	77.6401
181.9545	65.9589	450.6136
95.8545	139.1692	359.9341
30.8881	144.1223	470.9917
57.2528	24.0995	204.9536
1.8532	155.2301	156.5285
110.9244	41.0461	102.2080
53.8490	25.6985	138.3040
48.2115	135.7462	404.9138
29.6553	42.6155	67.4103
174.8295	180.0057	402.2914
87.9089	29.6604	409.3105
124.5960	67.3128	77.0996
90.5549	15.0912	37.9475
50.6757	157.8525	99.4248
123.6552	141.9007	417.3888
40.1100	71.1856	351.9855
152.4566	31.6314	430.6600
53.4726	120.5139	53.9675
99.2592	174.1379	434.1655
107.8582	134.4932	245.1010
12.0776	4.9679	398.2505
118.0578	81.2699	307.4846
155.0607	113.8479	343.9938
7.0744	172.8365	174.0501
169.4537	100.3847	102.1631
71.3527	52.8315	349.0761
108.4517	46.5891	452.8631
186.3618	132.6535	182.4174
46.7645	57.2169	447.8891
47.2050	77.5434	412.1183
176.7628	158.2877	140.6058
177.4768	153.1185	418.7419
0.6917	74.0728	244.0255
21.8892	181.6349	125.0833
46.3373	157.4885	411.5061
86.4522	59.7949	308.9564
86.6770	181.4471	317.6783
58.8212	157.4586	386.9436
96.1609	19.7546	310.4594
25.4700	161.4218	123.1655
96.8847	85.2778	443.5456
46.0970	17.3230	285.9902
68.8298	187.1158	308.2356
9.0629	179.0232	320.4997
72.6696	7.9443	351.0174
107.8751	41.3310	32.4048
156.1355	51.8413	418.9191
149.0427	140.5155	276.4205
19.1640	73.6240	153.5762
39.6812	141.1772	220.5962
35.9093	136.7790	279.0159
1.0930	102.8691	0.2010
94.2876	26.9109	319.3229
106.6658	103.8011	382.8135
85.4599	177.5244	47.2383
100.2901	70.7257	307.8408
6.3281	132.8222	278.8543
119.9233	49.8046	280.2496
56.6343	63.1495	102.1545
91.5483	27.4137	424.2384
73.6983	169.0652	460.7199
18.4399	114.7665	226.3736
140.0744	49.4241	31.8517
142.1132	166.1401	334.9265
140.0970	138.9733	9.0864
35.7348	146.9111	453.5603
110.0713	124.5671	33.8765
68.2157	64.7169	261.8356
69.7782	105.2121	357.8931
152.9215	144.3544	0.6585
105.8988	103.4722	317.8231
22.4698	168.0561	392.2942
40.9056	118.4609	134.0369
111.4221	65.7325	165.1393
168.7651	115.6695	269.0932
116.2946	74.7614	73.4467
144.8957	177.6557	35.9236
6.8721	144.2564	232.2639
86.8320	89.2446	198.2810
146.3404	34.9676	129.8126
179.4435	147.6229	469.5252
117.1560	18.9090	16.6078
184.4327	174.8370	84.4170
152.9944	133.7159	469.7660
83.2474	5.5187	371.4074
112.5871	0.0081	342.7477
45.8822	186.9232	376.2178
144.5050	59.8451	286.3617
115.9494	139.1192	58.4465
70.5358	73.6168	60.9378
145.9518	0.3207	295.8119
113.6685	99.5261	12.4321
25.5633	57.1013	88.8381
16.0142	73.6505	27.0455
105.8005	105.9001	0.8553
85.1041	88.4868	139.6838
167.6048	55.9295	199.9048
26.8947	54.5179	14.5349
148.9396	5.2067	252.7422
148.9775	148.9680	130.5122
181.9711	37.3968	436.3539
170.4550	49.3888	187.7050
151.2658	114.4560	395.4269
121.4737	173.9936	145.7250
58.7444	144.7379	175.6510
73.7312	187.2954	367.0477
75.2523	93.3325	166.4301
83.7058	81.4190	161.5203
101.7246	178.1624	115.5834
19.5935	18.3054	102.2570
159.8615	66.1205	197.8580
50.0054	92.4300	219.0915
175.9118	93.9555	407.6871
172.1625	73.0198	407.0164
48.8852	32.4391	403.3078
185.9253	123.6481	251.4329
73.9714	126.4648	364.4893
42.4722	162.6411	89.1588
37.9118	179.1110	230.2286
124.4254	109.2850	383.4898
176.1584	49.8245	123.1354
172.5043	131.3909	86.6902
36.3578	160.8835	244.1074
71.5343	62.6595	412.5468
82.2276	144.0158	1.6906
42.3181	112.3190	74.7294
14.6580	68.2942	202.9001
94.4525	47.1570	267.5729
50.7637	14.4546	36.7931
80.3836	40.7212	265.6660
160.4884	38.7879	350.1321
153.7768	27.9744	163.8450
32.4394	63.3012	194.4760
167.5127	150.0386	402.3914
131.3839	86.4976	7.5484
109.1225	74.4410	159.2573
36.2398	65.0129	150.4705
92.4578	147.6887	399.4507
101.5633	179.7794	380.6327
26.5239	13.1242	257.5897
74.4081	58.6997	438.0121
52.1440	15.7005	57.0119
63.0895	107.3342	210.3165
11.7445	12.1171	410.3325
106.7401	32.9219	251.6982
167.3149	157.6704	295.3358
37.7175	148.8359	38.6878
51.9372	186.1471	411.4714
157.0207	177.5233	77.3173
16.4717	187.6093	184.2660
53.1969	63.0010	368.8829
175.2977	183.4450	19.2715
128.9052	34.4445	404.4719
1.0565	70.0025	264.5663
155.4501	72.9260	134.6418
32.1532	179.0250	110.9430
188.5197	147.1965	149.4200
88.6493	114.7882	215.6008
182.2320	37.2522	278.4330
118.5201	169.6884	268.7025
149.5148	159.1156	103.1836
63.9461	75.3294	220.3758
169.2837	72.8407	369.5651
156.0315	116.8710	400.8762
33.1086	3.8653	155.8835
147.6247	48.2193	59.9744
67.7955	123.6702	339.4147
152.6066	140.2125	213.3668
159.5662	19.9713	359.3766
15.8550	121.4226	204.2175
87.9807	76.1652	251.7733
87.6129	53.5030	57.8870
88.3934	13.1950	360.3641
57.0518	188.2503	78.6955
134.7155	147.4595	274.7708
32.2694	158.3460	111.8443
103.2786	64.6315	253.0202
18.5658	177.4325	272.8433
132.2408	65.5998	388.6516
126.1289	25.5828	232.1666
32.6793	168.1126	416.0184
10.6335	188.2204	348.9711
117.9061	101.5126	268.0710
184.4120	41.6683	179.3633
77.9233	39.4218	400.7358
178.1623	141.5723	452.2207
63.2263	172.0847	209.3536
121.2578	109.9638	190.2636
122.3199	41.0630	335.7285
178.2454	116.4470	86.4985
31.7130	142.0092	122.7043
58.8485	66.2379	379.0879
104.5647	111.2227	371.4195
158.6314	57.1845	414.7308
90.4982	36.4814	81.9719
58.9855	162.4579	449.9032
91.3451	137.4999	117.9013
161.1815	160.2296	267.4679
165.6093	30.6136	12.7688
58.6166	157.2466	369.2940
23.9945	31.9872	127.0457
77.4375	115.8013	30.3119
112.5612	118.7744	279.7570
90.8328	167.6486	172.5651
53.4065	39.6180	319.9374
73.8083	113.5345	454.7282
67.9046	19.7019	131.3616
176.8910	177.6908	400.5964
27.5002	47.7788	302.4243
124.3409	131.3657	127.7650
78.2536	147.5510	248.7470
152.7149	84.0711	204.8045
124.1477	130.9192	299.7290
100.4663	174.7062	111.6003
165.5706	153.6524	364.2048
171.6391	71.2861	415.9143
59.2752	70.1116	400.5257
50.7867	104.0399	456.2116
79.6831	98.0987	6.3730
140.8458	116.8848	450.5273
118.0329	162.5442	255.6549
21.0954	94.0896	296.2961
165.4739	69.4824	56.5687
41.0344	129.3707	171.0990
165.8469	160.6574	67.1321
151.3328	52.6665	296.5430
59.3819	103.9143	109.4381
143.7546	160.5555	213.4657
150.7785	148.1342	426.1582
175.2659	174.6717	178.2907
97.6072	141.3559	205.0334
103.9448	147.0177	119.5918
150.3100	133.4738	182.8476
68.5320	73.9131	261.3362
1.3280	163.3204	189.6528
67.7804	27.2204	248.8913
187.6406	38.2031	124.2339
24.8824	52.9193	210.7942
52.1440	15.7005	57.0119
151.2221	158.9728	120.5766
21.0913	39.3633	0.9936
76.2790	104.8345	370.5748
31.5423	95.3700	66.8153
55.1302	13.8135	109.8515
137.8883	101.8774	403.2789
96.2301	1.6958	344.2497
93.1214	94.5667	206.2538
126.5350	170.1124	370.9356
99.6796	40.2415	327.9293
59.1714	165.9783	57.2702
68.9936	112.2836	321.6732
130.5492	184.4242	205.6638
156.3083	66.6834	334.8305
91.9169	25.4839	323.7392
99.6969	36.9071	73.7000
64.4038	96.5075	305.1430
87.4613	183.3685	71.0493
173.7970	117.6838	290.5241
184.6079	37.2712	268.2286
59.9812	131.1994	108.3733
97.7698	47.7579	61.8144
89.3681	102.7494	368.2864
123.1701	66.1717	223.8678
146.0549	61.6632	466.3580
67.7020	20.3353	49.8361
171.1147	52.0432	58.9977
174.1207	9.3877	84.5234
97.4578	164.9930	170.5600
128.9380	155.4254	152.2806
145.6282	108.8270	228.7871
151.9502	81.1345	314.7185
103.3220	170.8549	174.7895
63.6012	31.4068	100.4863
186.7227	185.5616	324.6462
170.6185	155.5291	406.6920
121.6025	3.5153	148.1913
169.6744	182.3332	252.5506
104.4581	60.0467	305.2170
34.7983	76.8034	70.7766
154.2138	72.0155	191.9549
40.6061	176.6912	200.8064
119.9200	108.0632	145.6975
61.2835	98.7607	457.6838
92.5197	163.9205	139.8563
84.4162	177.6460	92.2386
93.4214	85.3018	387.3190
163.6560	55.5718	137.7134
158.1754	63.7810	437.5539
186.8972	158.4086	446.3314
151.1478	102.8318	349.8914
165.2674	89.7680	208.3045
179.8093	34.0529	281.4760
95.5548	42.5106	110.4503
31.8942	159.0321	394.3545
29.1441	12.3836	25.0210
100.4094	129.2857	400.9516
38.9157	141.7629	470.4028
92.9654	17.0788	175.3731
79.8659	93.9625	428.9617
58.0397	22.8966	448.5923
154.1283	148.4123	105.9400
108.5831	145.0991	88.1781
5.5341	127.8634	461.0941
142.9767	62.1461	427.7499
14.1454	62.7906	452.9110
181.1423	120.0147	229.0234
135.3726	46.9970	46.4997
97.9404	139.8584	90.1385
31.9067	86.8759	54.0908
128.9411	35.6820	245.6518
84.0698	63.2543	176.2990
85.3412	136.7184	243.3059
178.8331	80.6434	378.1183
112.2822	72.4919	301.1785
2.8116	119.8465	223.8744
155.9292	187.6547	120.9842
78.8041	3.6615	187.0785
149.8352	108.3880	43.7593
26.9228	130.3196	372.4481
93.5463	128.6162	163.3846
122.9230	27.3839	339.7005
80.3741	92.8422	135.3748
14.1308	132.7892	133.7501
71.2884	55.5122	375.1769
34.8746	169.4566	463.7487
131.0553	127.4345	34.0631
37.6922	142.3760	129.4979
80.5409	103.9288	125.7346
113.7494	56.2376	266.6553
56.5275	15.6668	463.1582
130.4013	55.0483	140.1615
18.3215	47.0395	55.5638
151.0362	172.3051	244.3084
11.9381	184.4060	200.1002
12.3720	19.4590	90.0549
35.8269	55.9432	196.0847
27.7995	160.0980	324.4702
95.5773	139.8611	371.6095
80.6488	74.4935	250.8141
58.3128	85.6186	362.6054
171.8371	155.2992	24.7303
93.0986	52.3625	411.2796
70.0070	151.9709	33.4814
9.0509	3.8759	448.9542
69.7788	39.4259	48.3177
104.3738	69.0271	239.0641
109.5080	72.6731	207.2117
35.1254	168.0864	439.7818
177.3150	61.4557	405.7646
185.2833	101.2662	407.8160
47.3741	70.0018	78.3810
123.4739	52.0477	121.6130
183.1470	22.8392	271.9777
182.4478	132.4449	466.3519
18.2344	61.2616	102.3575
178.4325	73.9201	285.3736
177.8876	149.5923	452.0214
178.8467	123.2594	16.8358
105.0808	16.5299	8.7358
117.9255	96.5146	413.0283
50.5080	132.1401	18.0937
179.8141	186.1766	450.4803
106.4237	43.8428	232.2755
9.1162	41.3378	378.0330
76.7412	103.7599	216.5302
91.8320	166.4428	170.8828
139.2602	3.9698	389.4793
136.9602	6.4247	261.4977
24.1026	122.5672	467.9064
128.5308	141.8976	212.6957
111.1478	183.5489	22.6036
132.7713	185.6975	411.2365
82.4336	153.4739	15.9074
175.2077	97.7366	374.5221
85.4149	184.6749	216.6649
149.4775	52.6236	429.0555
47.2233	30.3328	101.0685
12.5567	49.1238	227.1816
63.8048	107.2434	50.4228
132.5307	56.3140	130.5171
36.5558	180.6144	59.3612
64.6916	129.2750	453.6544
151.4247	133.0203	233.2812
163.1435	24.1090	375.6986
84.4468	38.9782	151.3487
12.3579	85.4538	153.4873
119.0425	113.6341	335.4280
118.0932	13.6245	77.7346
143.6420	162.6786	233.6726
93.0108	105.9012	428.8529
126.4697	38.5126	351.4296
157.3773	106.4225	118.6297
40.4348	23.1178	311.2459
92.0197	28.4343	247.2032
15.7547	108.7118	244.4706
111.8615	27.6649	48.9986
139.5954	69.0694	5.8327
186.8187	185.4645	195.8851
175.0391	148.7494	269.6426
103.0883	61.6887	292.1059
39.7400	112.2194	77.5704
83.8552	101.0085	126.9125
180.2021	171.0213	139.1059
155.9790	126.0600	325.9215
8.5835	89.9138	89.9260
89.5588	104.7841	37.4512
68.4780	128.3590	403.4475
74.3187	106.2925	349.5243
136.2176	184.0250	213.5984
18.7410	124.0218	200.1826
94.0875	143.8444	369.5088
132.9428	75.2179	438.2715
97.9572	170.0636	125.3368
60.6208	37.5212	200.3798
187.4626	129.3732	417.9664
28.9495	98.0109	43.5182
22.8646	120.3722	322.7296
167.8496	59.2247	136.9138
123.9475	184.0861	416.4676
143.1895	47.7901	382.5643
96.0403	35.0446	420.2842
2.2241	165.1102	379.8636
101.2707	2.1578	281.6822
140.2721	32.0869	360.2273
170.2752	81.6370	313.9477
48.4801	62.5676	213.1437
134.6899	105.7024	321.9032
64.1679	152.6266	424.5631
128.2654	51.7027	331.2713
174.3867	28.6954	372.3149
116.1678	124.4059	26.7982
146.6489	132.4821	260.1416
76.5479	66.1930	242.6831
178.6073	80.2546	156.7372
28.3952	92.7306	280.3874
117.7612	74.0390	126.3610
50.4976	25.9302	110.8322
33.2537	166.1614	273.7567
163.8294	119.3421	253.3579
87.6385	48.1440	360.5675
177.6493	52.0644	124.6439
112.1540	13.0089	106.4392
181.1231	119.0206	254.1810
172.9446	8.8441	201.2521
164.2139	33.1182	452.6703
25.0392	170.0435	344.2616
106.0315	54.5893	370.0997
71.1532	101.8211	240.2654
99.0206	97.7889	256.9795
104.8067	45.2393	312.7591
37.3969	127.1309	91.7581
67.9484	0.4322	455.5059
7.1746	155.0187	30.1651
64.6078	118.4277	9.6718
123.3070	116.7768	454.5106
89.6808	73.7164	449.0835
152.0438	69.8281	365.2191
49.9741	152.9734	14.6682
67.7613	22.3713	236.3809
92.0331	17.7232	390.0647
30.8269	120.6832	256.4786
123.5705	111.3052	384.5932
49.2395	141.4114	468.5550
32.7273	97.8284	207.3019
79.3550	164.9765	389.0152
100.3554	165.9287	382.1959
186.7592	75.9607	32.2318
63.5769	61.0732	460.0429
127.3433	40.2351	75.3466
118.0335	63.9740	309.2109
176.1813	141.7226	252.9262
120.1224	161.4652	348.5345
56.1291	40.0177	414.7435
91.0324	183.7110	91.1285
166.7198	40.7265	438.0291
102.5639	101.3831	330.3362
79.7217	159.2906	413.8691
44.5805	39.6549	57.3495
95.1690	91.3149	92.8981
166.2314	6.7858	350.7656
16.2750	43.0100	328.9107
41.5775	5.3412	324.2398
62.9368	142.1439	106.6139
36.4008	67.1375	163.2569
145.7972	177.2860	399.2856
21.2047	71.0307	264.8014
37.6163	37.4400	54.0262
24.3109	85.8600	61.3519
155.5342	186.0719	425.3919
179.0791	132.8587	190.6602
114.0889	186.9987	160.2368
7.1922	164.9778	150.7072
165.3738	103.7441	377.4301
88.3735	170.8413	352.0260
144.2883	29.0634	127.4840
107.1943	13.0047	179.9409
132.0665	179.4093	366.4369
65.3330	30.5436	284.6491
159.3933	125.1223	50.9777
118.3274	75.1993	34.0605
15.5819	117.7049	124.2024
109.4307	43.9420	343.7462
154.6095	75.7841	421.9762
157.7466	96.4758	224.5012
125.9284	173.7203	52.2040
51.4076	99.8565	236.1152
159.0866	161.8658	413.5189
24.0598	96.8092	145.9668
84.0600	23.1768	155.6764
57.9379	123.6991	48.2993
157.6779	56.9673	90.2892
34.6295	153.8274	376.6560
153.5743	122.4533	346.7726
6.1773	91.5547	300.9092
139.0979	156.9427	40.6831
150.8084	43.4031	330.8168
102.4738	14.5764	303.7331
86.3932	98.5963	125.9110
179.6974	122.9449	298.7651
3.1361	41.6159	100.2197
100.5198	183.2226	133.6690
73.6866	115.7605	223.9299
23.6199	131.6328	52.1705
69.3368	102.2247	437.2429
123.6119	129.8008	325.1443
45.9599	52.1657	458.8556
141.4927	89.0108	87.0782
70.4460	71.6910	434.0524
126.6221	26.4673	177.0551
128.0003	142.1127	432.7261
168.8295	136.9218	434.2275
65.4373	79.4805	252.2565
154.2948	176.4522	329.0871
12.7367	131.8797	392.7085
135.3705	137.6666	186.1650
52.2225	76.4266	398.2594
75.2287	11.6176	447.3813
182.6178	138.7112	359.0188
185.1283	144.6298	332.3181
157.0990	188.0336	428.1243
73.9372	67.5690	274.8550
90.9730	53.0013	51.9162
86.1741	85.8012	78.1927
167.6279	74.8891	121.1551
133.2425	113.8357	202.2991
97.2845	148.9316	398.7917
175.8533	154.9608	437.0484
157.3703	127.5717	83.4985
45.8942	136.3042	3.9919
17.3407	116.9025	142.9184
181.4788	138.5834	114.3162
65.0701	0.3088	419.1074
31.1019	109.5239	66.7673
83.1102	129.8380	345.5419
40.6146	174.1686	38.1768
108.3387	62.1146	239.8350
78.9089	145.3658	186.1553
143.7534	3.6455	247.4432
79.1591	38.2244	102.7914
124.0248	133.6750	14.6065
81.4577	71.7712	324.7163
133.7205	138.4041	117.4144
1.9931	21.1393	376.0497
166.1009	0.9282	167.8057
186.2510	107.7749	420.0125
141.1518	167.4469	85.1687
129.4896	163.2921	467.6604
16.4850	173.5527	110.4106
94.5964	46.9565	318.6596
136.4602	161.9760	37.4416
170.2114	144.3246	188.7516
178.0287	78.5748	188.3863
144.2142	9.5882	74.2286
90.7971	69.5248	266.3142
104.3493	123.5893	110.7382
139.2859	153.0234	42.5465
118.8274	6.4811	108.8931
120.1517	15.5728	118.5347
152.0989	159.5644	134.3261
109.2521	171.7319	454.7796
180.0097	117.1457	298.2780
53.7731	105.5729	403.6644
68.8867	142.5257	340.5948
107.5267	157.1821	22.6458
37.7366	68.1522	461.8870
58.2318	100.2856	374.5163
17.5965	147.1948	0.4396
46.1322	65.9556	129.1680
105.4316	113.3991	461.2713
163.8253	38.5919	157.7890
170.8389	153.6378	246.3129
160.5317	173.7325	442.5968
5.6833	114.4191	171.0418
34.1032	23.3892	39.7587
47.3371	144.8597	468.2884
42.8574	69.3142	365.8379
31.7156	154.5137	326.3542
184.4038	64.5714	100.8323
25.6806	165.1738	106.7923
105.7745	59.2716	248.9860
97.7415	142.3763	452.4359
83.4206	120.6368	21.8085
98.1548	9.8659	183.9415
155.0479	66.6567	71.0892
156.0284	116.2110	218.3537
67.7520	56.0571	462.1722
169.7917	44.1947	421.3329
118.7625	108.5673	240.5462
39.6236	143.2645	365.2237
52.4545	157.4981	87.4546
9.1683	6.1349	267.6741
172.0094	95.0346	253.8653
167.1495	31.9318	460.1705
184.7800	32.7225	209.3011
80.2070	11.6851	11.6713
80.2658	6.9862	168.3455
149.9114	121.3580	145.4103
124.6007	21.2578	43.2529
96.7129	14.0754	186.0591
159.9556	106.1051	128.0759
164.9106	22.3577	102.1459
66.6786	14.5139	223.7167
58.1352	62.2175	25.0289
172.1509	38.3446	205.9359
61.8089	64.9935	432.3916
28.3477	134.7010	213.3174
74.9507	186.2638	84.2969
74.5317	33.3525	304.8577
90.6617	50.2075	358.5400
40.8626	60.5526	303.7860
109.6388	130.4188	189.9420
116.8066	165.8181	286.4225
58.7750	45.9101	394.9438
123.4653	75.7653	98.6379
79.2116	55.0642	421.1943
71.9336	54.9800	417.4244
120.0818	49.9462	256.0100
99.5892	167.3038	139.6475
125.7352	39.0360	62.6592
100.1770	74.6613	178.0378
94.6701	85.8276	277.0886
134.3138	84.9385	363.0129
22.8125	138.8773	108.2875
21.7980	116.7973	319.9155
86.3415	145.1452	366.2200
121.9596	151.8918	265.9968
72.3978	122.8331	180.8370
12.5525	136.9308	363.9486
5.4592	64.2646	277.3908
115.9899	67.1486	271.7215
185.2187	35.6022	126.3260
109.0619	67.6484	250.6881
91.4094	14.2732	350.9529
55.3783	92.5506	312.6328
174.3385	149.3025	303.3040
129.4801	182.7305	87.9415
33.5850	7.5461	215.8471
5.9873	31.7098	50.7407
68.3295	159.6584	6.1618
49.5734	98.1864	404.4523
75.9895	73.1373	425.6430
124.1050	43.3198	465.3258
8.7997	33.6700	28.9021
42.7819	91.3271	189.0773
33.5469	77.4617	112.3174
13.3723	63.7408	226.3285
181.3044	166.8239	470.9362
87.1084	108.5853	207.3970
129.6656	1.2573	400.5258
41.9681	144.1458	40.0230
186.5374	58.8209	319.3046
184.7198	157.2593	324.7235
185.8901	73.9740	432.0736
92.7447	51.7414	347.0482
163.5705	63.6327	337.0736
67.5413	116.5183	63.6997
173.5227	101.7549	415.8293
187.9182	180.4433	391.8302
54.6229	100.3140	215.4583
155.0355	146.9469	254.1577
29.6716	183.8716	299.4474
96.1025	120.3346	159.9488
57.6245	143.6687	283.9222
26.2938	151.9362	289.8948
163.8110	134.8834	446.4508
122.2800	166.7312	37.9134
165.9619	144.5860	328.0825
43.7283	185.3316	137.0220
186.0219	1.1982	330.5931
79.8525	178.6278	77.4843
171.4408	134.5862	314.2270
113.6496	58.4809	440.5164
41.3149	167.2933	254.1992
38.4055	180.4337	54.5510
184.4892	36.7876	265.6465
158.6987	175.0334	127.0449
180.9827	43.5666	422.2021
150.1805	185.1006	339.3507
70.1794	47.8278	92.9919
35.1239	15.2822	338.7696
71.1324	176.5004	229.4522
16.8140	102.8365	212.1080
77.7412	64.0320	419.0215
118.9351	109.4279	37.7753
180.8886	86.6338	439.9988
62.5262	124.1124	395.1965
86.8941	49.5034	463.1819
45.6746	41.3197	211.3374
0.7375	144.7107	420.1029
90.9548	62.2496	326.9640
125.0628	84.2462	197.8473
115.6582	113.0170	43.4586
164.6978	167.1872	149.7767
12.7714	161.9507	407.6232
131.0411	161.7486	460.9221
25.2686	172.7842	391.9581
23.7761	131.3672	72.2441
63.6573	13.5640	342.1500
153.2052	130.7859	327.1128
70.0684	133.0334	327.4314
143.8506	67.3521	48.5096
66.7138	81.8889	179.7079
48.1084	41.2669	245.0931
159.2470	171.6658	451.8658
139.4774	72.4974	331.8119
12.5855	159.4523	4.3021
183.6773	139.3500	22.9336
117.6316	120.0081	118.6400
97.8849	8.4768	317.2435
59.1805	68.1553	98.9642
2.1804	82.6821	403.8580
129.2337	112.4578	147.8404
1.9421	27.6310	1.9935
179.1190	36.0357	80.2097
35.7791	65.8879	7.2976
184.4405	85.8706	295.8805
101.9763	145.6700	190.8062
142.2608	28.2415	371.1421
175.2413	52.9425	346.7672
113.0900	91.9258	67.5746
63.2271	43.6703	68.0356
168.0006	59.6845	333.6748
152.8127	26.1986	7.6485
39.0158	87.3935	271.4893
51.1090	21.3259	327.5008
28.5966	36.3942	196.1889
124.0776	109.0898	406.0154
42.7938	129.5297	178.6095
62.6255	104.1676	115.8468
75.7698	142.3254	94.8638
159.1368	62.9842	429.2031
125.4407	57.3056	230.7388
67.8160	59.7528	8.7847
92.0108	113.2817	114.2197
115.1659	151.3331	397.8807
140.3921	53.6389	255.0457
21.5314	14.1559	78.3781
167.6884	85.8169	470.2392
156.3069	119.8685	333.9269
79.3073	149.1756	358.4683
43.7124	96.4064	144.1997
112.1274	81.5792	298.8943
79.4145	34.3034	67.2491
10.3451	158.6403	238.3599
116.4862	11.6504	157.3046
83.4902	47.3270	461.5391
159.3487	59.4896	98.7743
174.8389	55.3625	249.2839
120.0456	115.5776	277.8114
101.7067	72.9061	406.4947
28.4801	62.5257	207.6147
6.4565	121.0789	287.2554
140.1012	169.2205	289.4589
10.5361	118.1415	174.0058
86.2195	144.3909	283.8134
5.2679	7.1845	269.5711
185.5646	166.2894	7.1858
139.1998	66.5345	146.9923
41.7666	26.3132	397.1280
133.8959	30.8401	151.0098
158.5238	87.3094	78.1026
149.3442	84.3016	293.8616
20.4387	153.3889	423.0977
84.5261	90.6019	77.4904
185.8266	109.0041	347.4661
94.5614	121.1194	180.5214
163.6458	79.2661	312.1036
28.6698	148.6534	135.7464
66.2293	167.2424	394.0691
63.8544	170.0321	341.1047
20.9863	81.0103	177.9683
83.4812	173.5438	109.1708
94.8811	122.5181	270.4328
59.2153	151.4248	48.7390
87.9530	5.5448	393.2484
172.8457	187.0644	366.4831
17.1758	27.2566	306.0015
99.8906	161.3333	367.8147
48.1982	114.9545	219.6406
124.0357	0.7023	17.1853
76.7540	37.4764	278.2588
121.8269	65.8051	338.3832
151.8432	118.3507	135.1891
22.0832	37.9222	383.8117
9.0816	139.2686	379.1520
171.6882	63.1853	454.9035
49.0231	175.5509	244.7592
139.5636	180.3202	373.1041
99.8835	144.7587	6.7889
116.7303	160.0579	48.4196
75.2654	83.8117	347.3503
16.2157	101.3920	417.3829
98.1598	163.6934	444.0497
116.7884	158.1870	91.3021
185.6892	49.1237	399.3688
44.5608	164.9869	137.8709
83.0965	69.7122	248.4338
95.1783	115.4711	180.2937
88.3701	147.6156	284.7671
91.3676	81.6062	218.2224
167.1853	150.6874	188.1999
96.4608	97.1338	163.1984
95.3584	147.5213	339.2410
6.5797	18.8009	182.3211
69.9773	143.1753	228.9169
86.6462	174.2993	179.5111
187.8551	150.7298	92.4712
174.0198	86.6430	105.1106
99.9226	47.8436	400.6936
161.6140	94.1811	114.5166
164.7000	166.9519	274.0645
58.6344	33.6444	172.1215
150.9150	159.6556	402.2387
61.4745	153.8800	464.9442
94.1980	16.7787	194.5027
163.7251	148.1336	185.0433
25.3150	94.3783	461.0865
184.4676	152.6395	130.3614
53.7060	35.1708	383.8160
90.4848	124.9332	349.4112
88.3163	21.7574	411.3931
153.3845	185.9133	155.2150
21.6577	73.1488	149.8558
99.0907	44.6855	318.8217
168.1142	34.2666	363.5916
52.1440	15.7005	57.0119
21.9502	31.2611	369.9962
159.8357	56.8901	416.3565
79.2724	125.9445	310.7149
7.2970	6.0001	319.6790
166.2513	125.3249	235.3024
159.9234	18.9711	436.2540
50.5575	39.6152	318.0580
162.4589	139.2359	173.8737
110.9319	26.1311	203.1280
134.5480	28.2662	195.1050
16.9839	40.2718	316.3512
111.8530	91.9066	292.1673
147.7560	105.2590	9.7453
116.9676	137.2786	399.5502
119.9580	45.2388	312.0742
45.8540	172.8269	462.2254
1.8458	24.7183	274.6225
60.9058	68.4859	403.6992
11.1963	152.2542	321.8352
40.7193	171.8929	36.8991
91.1613	8.6686	229.6379
67.4512	81.9420	222.5135
148.1203	60.8436	414.5383
78.8997	100.3126	424.4415
8.8026	7.7751	410.8151
137.8722	71.1479	185.0563
70.5838	151.1033	20.4716
172.6010	56.6263	50.2462
165.5275	90.6865	215.4731
38.6775	38.1614	277.0193
180.4816	182.4410	232.7535
7.9646	149.8191	343.7179
161.5450	17.9265	105.9983
11.9062	13.0999	394.7162
121.7790	130.8289	188.5487
50.1808	52.9585	447.8664
88.2900	75.1345	215.4666
144.8036	28.5417	425.9341
101.6980	1.9721	287.7553
8.0023	106.4329	428.3826
126.8075	51.0087	75.7446
129.5140	0.1475	111.8265
183.6442	100.8533	461.4261
173.6270	55.4851	278.2462
3.5031	118.7540	231.3329
39.8411	109.7230	133.7015
89.4803	7.8487	99.0041
16.1530	80.0116	254.8264
82.5884	162.2470	242.6808
156.7462	35.5684	427.4124
39.9790	158.4954	87.7441
20.6972	177.7169	436.3931
136.7014	99.0981	105.7890
123.7037	159.8258	206.6641
74.4687	145.9355	191.5199
116.3647	50.1959	462.0995
84.7359	174.6074	322.9185
65.2830	52.0769	46.5052
105.0769	114.9054	460.6931
44.7257	63.6354	313.3444
133.1914	120.8997	468.7267
151.6768	28.9929	93.0955
37.5853	29.9725	359.9827
43.3816	63.1581	156.8330
83.8299	32.6458	4.2527
99.6624	99.4092	81.6131
71.3503	144.6139	301.1996
81.0827	59.6340	316.0895
74.7024	71.2489	315.7633
188.4003	158.0262	246.7290
126.3173	41.3471	141.3705
27.3657	89.8584	26.3119
9.1406	115.4433	63.4598
38.1529	181.9119	43.6525
177.4824	91.6058	316.0243
154.1891	4.8686	401.6113
62.6013	105.5930	366.7324
179.6772	80.4816	55.0958
41.3925	55.9696	327.5873
41.5367	119.0239	240.7416
36.3983	122.4749	420.7681
125.6305	146.6992	225.5664
133.1721	127.4589	55.0574
159.3734	167.0099	285.2860
33.7590	31.9213	201.5181
35.5977	24.7373	145.8750
38.3467	119.0546	130.6647
130.2324	108.0187	330.1618
29.3156	95.9856	338.7308
98.8141	83.6410	177.1053
142.4447	126.7551	326.4615
119.4452	20.0104	270.9329
82.2131	125.3175	83.7125
43.4447	140.1525	45.3741
170.1015	90.0285	123.7715
95.5880	51.1116	219.6730
19.0417	32.6093	32.9380
138.7754	65.5000	436.8543
109.3071	42.3139	217.5640
105.3667	166.5899	257.1399
128.8130	151.8577	13.9237
119.9911	10.5441	422.8106
140.3798	12.4737	272.0157
161.4182	185.2547	341.5182
134.7490	67.4216	448.3219
40.5074	22.1995	299.6982
17.3020	73.3113	189.6189
187.6636	20.2009	459.4305
70.7308	12.8706	4.3160
122.7457	61.3778	444.0399
71.1988	80.0070	268.5591
1.0274	105.4548	466.0623
104.2686	99.0384	415.3311
187.0920	167.5541	187.8751
104.4023	83.8345	304.3949
167.8436	170.4292	95.7586
77.6919	189.0038	13.7813
145.3590	175.9012	326.6937
127.3744	171.0330	73.0012
163.5907	121.6337	405.0387
66.5208	27.2315	181.7592
25.9860	138.7410	433.2571
123.1687	44.0670	370.1698
76.5520	147.7483	317.6965
103.2609	107.9078	187.9590
36.0508	101.4432	322.7058
20.0728	29.9464	458.8387
110.4906	139.8126	22.9065
106.8684	94.5755	383.4807
69.6837	168.8851	101.7207
146.8221	150.9110	128.9043
87.1282	166.8184	393.6889
166.2689	129.3928	347.1212
20.3157	4.1556	352.9762
66.0367	9.8450	334.6893
41.7125	17.0470	299.7242
186.8291	163.5993	432.0434
17.7838	118.1275	264.7925
164.7319	48.4700	402.0275
169.0093	5.3175	76.4116
11.2330	173.3117	205.8047
103.0192	46.1298	214.1066
144.4121	125.1479	212.7566
185.5570	65.3628	142.6844
68.5812	139.2331	458.5452
129.0632	183.0310	227.7391
10.2874	138.0356	406.3604
92.2560	91.0658	438.0667
118.4250	181.7351	443.1406
41.5004	29.1572	55.6714
180.7456	3.2362	331.0868
32.8855	23.0618	71.4973
112.2513	40.6678	99.3351
109.9669	95.3609	237.9650
164.0237	70.8210	129.9010
98.9143	75.2700	236.1151
23.2419	85.6621	316.4599
22.4260	111.6991	17.6506
184.1083	112.8572	116.6338
170.8392	72.8805	42.8731
146.3297	13.4690	431.7417
6.6268	72.9787	367.6047
24.3553	95.2068	176.3011
64.6555	140.4081	202.7376
9.5394	122.9553	339.5398
92.3069	123.7874	117.5623
119.2250	171.5954	44.9454
111.2730	112.6679	155.9378
89.9695	138.9313	8.3141
112.3723	2.6965	186.1875
13.2252	147.4006	461.4658
61.6068	145.1966	213.2979
2.2891	59.1974	323.0240
47.7849	25.9329	443.6869
174.8879	111.3091	229.8697
16.4614	188.1446	411.3982
81.6357	161.4238	408.2848
1.2528	166.8372	164.7521
50.0869	107.5096	401.3845
104.2490	8.0333	27.3764
162.1192	153.8080	4.2543
87.2562	89.3299	58.1059
126.6266	66.1329	71.8684
189.0476	18.9609	302.3208
10.0143	104.5552	90.9556
1.5513	167.4500	180.9733
28.6268	22.9215	440.3583
70.4382	83.6995	297.6846
102.8181	10.5760	80.6054
156.3036	108.6591	241.4506
66.7858	179.1279	206.6312
104.7635	31.9629	14.1045
9.8239	49.5120	160.9902
163.9524	138.3769	6.3533
168.4121	10.2475	68.9431
10.5655	114.2107	109.0021
121.8986	79.7200	3.1357
185.9775	9.1012	362.1707
118.1383	51.9306	34.8287
102.7861	75.8917	286.9374
173.1091	131.6662	64.0089
33.0984	136.7212	365.2067
100.5601	75.0038	319.1432
4.6002	115.8090	355.1361
130.4944	135.4375	30.1722
55.9628	22.4474	140.0535
138.0538	32.3427	174.2082
148.2513	53.8353	436.4080
5.9540	127.1529	227.2695
67.8160	92.0234	313.8860
139.2444	43.2203	284.7855
73.4901	3.3417	120.2503
50.9976	62.7669	138.0565
112.8124	140.6284	261.2459
129.1742	183.1760	188.5810
114.2381	45.3541	415.5950
80.3160	39.4043	211.9549
95.6903	95.3617	342.0105
127.1622	160.6388	273.7787
85.2275	70.7143	242.2013
142.4489	15.5202	268.0855
96.6324	16.9868	371.6699
34.3668	99.3066	15.7125
10.9163	101.6066	214.3312
20.8785	120.7987	465.5879
147.8985	52.7050	27.0722
20.0137	74.7172	227.5907
138.7168	79.8317	309.9304
21.4073	88.2520	220.2268
122.6472	167.9849	401.0871
186.1778	168.8804	150.8577
172.6054	157.8468	311.5134
100.4856	20.8738	19.2648
45.5301	140.2264	231.5241
98.7286	123.0733	392.1415
13.9770	65.6330	275.5763
95.7642	163.0956	78.8205
0.2905	108.4983	2.7642
85.0013	79.6046	53.9735
128.1162	169.4392	409.3751
10.3916	50.0903	184.5938
137.3744	56.5996	333.1384
55.9722	52.5599	393.4914
129.3181	93.5472	293.3588
128.6889	86.2106	435.5411
98.5666	133.2680	289.3469
95.0496	160.0435	250.0393
1.7437	167.5304	28.9685
33.5519	82.6144	285.8566
134.0828	173.5608	358.2188
6.6060	138.7221	438.8789
90.1299	13.7533	286.0612
66.4855	21.0265	333.4495
109.2253	150.9378	338.3313
135.5378	4.2669	311.1910
57.0271	153.7218	418.0366
127.1686	138.8548	309.4851
138.6662	89.6260	109.6422
1.4307	151.2038	103.2632
12.3092	26.8773	314.8615
19.2308	6.0244	431.3529
174.7542	27.2919	247.4265
164.5148	17.9528	125.8564
44.1825	174.2694	12.1627
166.3128	86.2926	30.6594
21.7964	141.1208	41.8458
151.1834	164.3478	221.8432
71.4052	83.3856	205.3012
25.5950	130.2892	38.0153
143.3618	154.1135	344.3598
73.8896	105.0509	402.7874
145.4679	4.9508	152.6673
95.8810	7.1815	392.1134
126.3101	10.8604	154.9610
124.9430	77.3034	144.7623
0.5600	3.5833	307.7825
139.6211	139.4538	467.3994
33.7217	21.2958	277.9467
62.8354	95.1881	305.2876
13.9601	77.8598	254.6667
10.9669	46.2220	283.5009
14.7448	151.8551	147.6593
28.3003	87.7618	250.7330
104.0420	138.1601	264.6107
1.7291	16.0541	68.4394
142.8981	114.2634	312.8708
1.1349	44.9628	314.3648
96.4813	54.3666	431.1042
25.7848	161.8505	172.1838
185.5363	53.4894	46.6979
160.3615	103.6791	99.8052
19.7634	28.2187	395.8313
39.5375	56.7704	77.3564
97.5633	99.6417	90.8726
120.9451	181.9596	211.0929
97.9028	103.4228	78.4440
61.6811	15.0151	132.0257
55.8472	26.5481	35.7349
38.7471	13.0777	111.6137
153.9618	8.3244	288.8750
143.5813	121.6873	284.2191
145.6965	42.3452	372.0423
177.7277	149.3569	98.3909
116.6145	125.4974	311.4706
142.9111	142.4676	273.1130
156.3794	53.1426	24.2432
153.5239	97.0971	105.2771
72.0539	0.2922	334.0760
3.6279	119.2400	15.4300
141.3363	42.6452	97.6858
89.1798	22.3123	122.9161
151.9347	107.0130	435.6619
69.4281	34.1973	139.6173
27.7396	82.8829	23.6560
43.4926	127.5754	32.5775
109.9500	129.5053	168.6389
179.8296	66.7265	30.5304
163.8198	124.3355	51.5385
64.1704	70.0997	15.9906
132.3202	45.9515	368.4063
59.9386	47.8445	213.4377
17.5165	108.6707	213.3069
6.9921	72.7552	65.0017
62.5542	158.0008	299.2009
124.4076	56.9053	327.3771
62.2657	184.5769	40.2805
184.6341	143.6476	301.8795
51.5783	99.4963	275.1277
11.9726	148.0952	426.1386
92.1471	165.1040	173.6539
37.9045	161.6841	354.3853
147.9821	157.6995	144.1855
57.3596	61.6397	146.8012
50.0384	106.7512	124.0778
35.1716	14.3136	195.7612
129.4153	49.8201	245.2455
126.8210	182.1209	206.7407
110.3235	166.9571	6.6286
187.4759	77.9141	275.3300
120.1551	62.8732	150.3765
101.9686	102.3618	86.5544
165.9371	108.9398	118.3171
149.7390	24.8645	368.7308
84.5856	74.9519	184.7839
72.3770	161.6445	274.8921
147.7099	57.2682	259.0719
27.3351	92.9857	153.7414
174.9563	53.6645	52.6142
121.1979	28.4680	59.7319
167.1299	21.7324	266.3720
123.6755	8.9018	170.8247
129.1946	160.2269	65.8735
55.7501	52.6163	12.2785
53.1437	136.1109	417.9907
186.2850	98.2951	341.2945
57.5028	6.8822	213.2887
117.3328	90.1424	162.9198
36.8491	50.8636	287.0778
147.0357	54.4018	455.3300
74.9038	97.7804	428.0483
52.4421	150.3756	214.1510
160.5665	100.9720	141.2853
67.6339	168.2351	465.1567
71.1222	171.3225	40.3647
141.1983	142.7557	323.2575
150.7113	12.4189	265.2795
124.4035	119.7328	16.2870
8.8986	97.8648	168.7688
68.9045	102.9564	222.1865
73.5772	170.6124	61.3189
88.3542	176.5445	91.2003
24.2581	21.3550	284.0552
44.0086	171.7233	171.9937
56.5932	43.0533	137.9936
184.2158	143.2738	271.0593
35.7752	135.9325	468.3222
83.4025	110.5312	12.2894
116.5144	152.1475	345.0809
101.2629	45.6366	5.8873
13.1838	26.0811	459.9147
10.6893	104.3855	160.0751
15.3804	102.2735	244.3661
58.8076	177.0310	182.4715
157.2467	119.3440	305.2941
86.8697	12.5384	51.7802
151.4063	57.7188	85.8450
15.1679	150.7118	226.8921
17.3383	99.7831	70.4990
43.7578	20.2562	82.2680
67.4635	145.0685	312.6933
86.5889	184.0034	454.8033
44.8565	166.9313	324.2167
178.3675	180.8490	7.1362
162.6607	15.1937	290.0143
139.1398	111.0386	183.1031
187.2847	162.7418	470.0111
116.4937	89.0355	125.9673
180.8085	33.2270	80.0986
88.4371	56.5170	347.5788
181.6312	95.5318	437.2616
165.9111	23.1130	1.7696
61.3265	33.1855	202.3140
2.6138	56.9614	471.0298
60.7356	126.1064	15.9207
78.3688	157.2423	37.6827
90.4422	47.2853	358.9784
92.3941	110.3688	161.1411
178.4835	16.6478	289.0074
26.9696	187.1634	359.7897
55.0062	15.7327	64.8344
115.2022	115.2034	339.0697
72.8938	137.5489	315.7895
133.3684	25.9503	246.7338
184.0386	66.1477	318.3740
170.1871	87.6778	377.4016
135.0678	18.8840	249.5693
12.2611	32.1743	219.6568
113.9791	140.3567	85.1603
101.3531	149.1921	172.4054
25.5060	6.9170	309.3687
74.8743	47.5827	51.1243
40.9692	73.8770	113.7823
102.9402	88.4499	316.2577
6.6793	132.1258	335.1762
151.2970	28.2688	74.2693
176.7397	133.4260	6.6334
131.5302	37.0740	357.5312
42.2341	149.2826	176.5838
82.2155	89.9897	110.9399
40.1806	82.1488	38.9626
29.8490	187.7386	340.8314
164.0662	117.9069	282.9485
125.3494	108.2759	228.3884
118.3341	70.5357	21.3830
0.0035	156.5362	461.2095
85.4627	28.3651	366.0463
171.8629	79.7662	61.9784
111.8079	20.6593	110.0998
11.0104	13.2348	47.3191
42.5876	74.6923	33.7235
27.7590	179.1802	393.8286
130.1240	155.7455	216.1327
71.8216	134.1119	340.8409
131.5059	124.7920	340.4582
147.6726	106.7734	146.5573
89.5150	91.4837	228.3089
39.9157	110.4107	271.2809
171.8019	3.6596	51.9006
116.2866	176.1075	31.0123
77.7981	26.2960	314.2434
178.1663	77.4323	187.7599
39.2597	54.0201	4.5808
0.9827	161.4451	175.5858
108.8285	69.0247	242.4948
75.7557	39.6441	50.5024
46.6322	83.5152	338.6415
64.2412	99.9261	262.7286
162.0414	102.0970	316.2399
171.8641	7.6584	63.6931
25.5494	113.2289	35.7863
0.3246	109.9479	362.8381
30.8130	142.7366	204.6929
105.3699	27.4627	143.8132
125.5754	129.8992	54.8479
149.1951	69.5045	304.9011
113.5355	30.8983	120.3923
88.4906	55.8430	301.2105
79.7751	124.0059	334.6060
164.8691	136.9468	250.2033
7.7713	151.6661	401.9948
21.4407	64.7581	56.5925
47.2699	89.1783	95.1117
111.5193	10.3256	163.3848
76.5464	146.8635	433.2767
138.5031	95.5571	148.2187
130.3965	138.4259	455.9644
75.7580	46.4143	170.3516
173.2762	109.7569	192.9035
179.0241	55.6774	468.9402
177.1548	130.4004	175.3343
44.0310	16.5903	110.6434
121.9134	150.8706	277.2068
140.2755	66.8712	206.8136
26.8627	167.5802	192.9689
158.5434	26.7909	390.1369
147.2458	149.7422	263.9545
100.3223	34.9057	115.6408
122.0711	166.9769	114.3803
169.4403	16.7569	322.4127
81.5642	174.9040	372.6636
21.3228	13.9000	173.6051
23.4186	159.2980	393.4021
113.8540	0.8576	66.8160
148.4230	170.6109	446.8938
47.8111	6.3812	19.4269
58.5294	97.3658	360.0851
16.2041	108.4787	266.4298
9.9815	98.5814	121.0479
37.2893	165.3270	327.8379
126.5193	133.0260	59.2945
37.4734	169.4346	369.6804
113.4684	177.9720	151.3867
47.2151	9.6653	235.4364
145.5814	101.5140	73.5703
91.0514	38.4921	65.7283
135.8778	126.4256	108.2121
125.0131	12.2203	77.8583
117.2929	183.3058	206.1307
1.4312	144.5280	55.1300
90.2613	88.1961	437.9009
139.2074	43.3439	197.9162
164.5247	110.9562	70.2812
103.3989	67.2530	116.7524
120.2928	136.1034	350.1715
76.2422	186.5473	353.4340
173.4615	145.8770	40.3702
30.5817	77.3087	373.3266
51.2594	104.3989	231.2960
119.2061	135.9815	3.9451
178.7461	79.5870	289.2990
6.0665	62.3684	56.4119
147.8516	49.4919	440.5760
61.2654	46.0893	390.6405
131.2388	145.1720	273.0609
93.1054	188.2938	70.3720
74.8899	125.7350	413.3177
45.3902	60.0957	207.3384
46.7317	81.4768	422.5901
93.4542	49.7791	39.9060
113.0769	13.7204	119.0853
98.7710	49.3915	333.3192
145.0507	86.0193	58.8398
20.4189	25.9540	454.6107
91.5148	154.1963	215.5193
50.1239	6.0652	207.5732
174.3924	156.1384	173.7525
90.4308	6.2041	49.4556
57.3116	183.4072	119.8413
156.4285	185.3083	278.3133
3.7598	64.9195	205.4342
64.8469	142.5207	224.9596
53.1141	178.3060	81.0485
173.2216	119.2709	276.7306
61.9788	119.4373	381.1037
172.1501	57.9110	193.0090
156.8187	23.1948	404.6144
64.8072	144.4939	407.8237
18.0009	177.8512	423.6636
10.4556	27.2320	183.1307
27.8435	148.9259	459.2941
144.1150	155.1031	232.8874
130.4955	153.6272	132.3388
108.0980	163.8047	112.7136
76.3056	2.4360	27.8662
130.2752	8.6358	238.6143
82.5215	104.6090	362.9252
68.3956	2.2232	266.8200
86.1860	99.4312	208.8064
142.6043	183.3623	119.0526
155.1942	145.0497	238.5625
13.3243	94.2975	68.4257
170.4609	110.9186	171.6517
0.3643	2.1320	116.8442
111.0798	99.8887	457.1511
138.9763	168.3766	379.3925
28.4912	114.8969	236.8067
96.2419	141.5708	393.1907
154.4869	186.1543	469.7284
98.8722	97.8832	120.4359
180.9076	176.5175	62.5350
175.6506	153.6064	272.1256
118.6510	118.3897	259.4516
148.9561	60.8740	432.7558
173.5823	35.4902	84.8481
185.7240	96.0370	309.1177
137.7292	175.0643	386.3652
121.7576	137.2115	317.2822
16.0873	90.2535	193.7522
77.3087	130.5218	269.2576
83.2687	50.2487	189.7755
150.9441	149.6312	399.6977
44.1250	65.5361	156.2021
42.9406	140.4339	19.5789
159.5755	93.8784	130.2812
72.5398	30.2576	415.9241
118.2858	19.2726	104.8567
65.6603	44.0321	419.5322
95.5411	146.0562	2.5564
156.2787	28.1150	448.7556
9.6640	73.5596	204.5109
173.2665	105.0287	280.0777
37.8504	97.1807	78.5435
144.3150	0.5606	274.0083
167.3169	18.2783	379.2218
99.1909	121.7369	460.8788
41.4622	70.2036	351.4730
184.7386	80.8972	28.5532
64.5545	121.0898	49.3715
134.9907	100.9807	301.6873
108.4222	14.5431	294.5286
115.9337	140.6830	304.3498
158.8015	168.5244	386.2883
93.2475	32.4592	368.0931
78.1798	188.2855	271.6024
104.3107	76.2872	213.9665
149.3656	176.6040	306.4282
64.2003	135.5775	454.7048
180.0707	94.2405	123.8769
182.6507	117.2056	44.0067
25.7186	132.8329	24.7919
9.8385	37.5868	351.0778
151.1541	188.7236	406.4590
36.2778	145.6250	262.5983
41.0286	83.6809	419.7356
25.8570	126.5015	267.1946
22.8521	37.0272	24.8271
81.2940	45.8513	238.6156
60.8852	145.8711	245.1215
81.5962	187.4757	347.0699
104.9630	45.3526	253.5703
52.6140	23.5973	78.7336
11.9477	120.4891	113.8823
104.2982	131.3201	295.3756
65.0518	159.3884	209.0214
188.5785	82.9349	87.3200
104.2124	134.8439	212.3585
22.7717	48.0368	74.6565
112.0477	96.2924	39.7073
107.3255	177.6087	322.7857
114.6947	38.4773	14.7985
81.7321	15.5216	293.4085
64.1048	127.6477	401.1206
26.4303	169.5406	401.2007
55.5717	182.8063	140.2607
19.3811	34.7514	398.0551
46.9843	55.4251	48.8802
22.4668	19.2490	371.4748
155.7083	180.4448	258.0658
67.0701	41.4023	156.5592
75.5241	54.9998	443.2854
146.7047	52.8930	242.1999
186.0669	143.7801	192.4497
32.8018	140.7959	399.9123
169.4416	52.9122	19.7990
50.9995	124.8120	42.1657
77.3965	71.9316	201.3025
125.5352	74.3693	356.9148
102.7155	146.2593	290.1514
150.2341	184.6086	417.7430
182.2243	165.6414	453.5674
175.5419	69.7250	255.8220
175.8598	55.1827	316.7053
93.4144	54.8808	375.8143
13.9490	80.3327	206.3161
138.3563	136.8277	411.0989
91.8424	80.5308	226.6857
183.1092	60.0586	426.1325
164.2557	48.2963	97.4749
161.4436	116.3502	147.5674
161.2164	81.4588	420.2342
58.0902	105.7374	120.4037
18.4474	156.3429	470.7258
41.9026	50.5035	17.5598
118.9351	41.2441	18.0308
75.3835	122.6172	108.5705
15.6058	44.0911	34.9132
0.0841	147.4882	445.6218
61.1804	169.3678	156.6253
2.8665	32.2001	268.5805
138.5841	21.6488	160.9925
160.0334	146.6607	40.9992
43.0748	166.4182	32.7125
100.7447	76.3347	219.5332
121.8812	106.1242	439.9830
53.7799	64.6348	402.4484
79.1973	140.6265	343.8585
141.6870	186.2800	206.4096
115.1903	131.0262	25.9790
86.2153	118.0080	322.7869
66.5034	143.7245	224.3788
22.4563	156.2796	248.6822
10.1571	132.2126	414.4309
13.6796	24.8980	296.8612
110.7879	126.1219	20.2207
128.9859	131.7590	445.9116
180.1546	110.4718	441.6764
148.1755	56.2857	281.8444
4.3292	129.3324	337.7680
176.6575	8.0803	259.9156
17.4024	117.6572	199.1339
105.8075	12.9501	196.3101
35.8734	135.5558	56.0290
184.0645	24.3652	430.3717
36.7294	172.7969	242.0600
174.9942	88.7701	300.6992
114.1024	21.8499	229.5248
0.7064	77.3010	24.2797
159.1631	60.0719	206.4227
163.1338	113.2442	199.5534
172.3067	182.0333	427.6292
165.5952	20.5480	369.1773
37.4906	147.2114	395.9378
130.8509	64.3519	47.4449
133.1297	46.4180	106.4417
99.2836	116.8633	147.3949
73.4868	132.7793	334.5547
105.1648	83.9219	470.9110
79.8988	182.7860	202.1661
39.2525	65.7761	252.0626
143.1927	139.8189	201.7164
86.7032	70.8593	144.4428
129.2156	163.6625	97.5313
144.6012	62.1083	404.4060
7.9259	112.5845	350.8291
159.5988	48.1044	20.3046
96.6872	164.8617	172.3345
58.0743	146.7494	211.3937
108.5231	33.6728	3.8036
43.7588	108.8912	248.0846
184.6890	180.0562	202.3127
44.7939	112.8479	275.1499
43.8174	150.9788	425.8548
158.5971	9.5788	282.8211
101.6925	47.0949	454.6422
149.7743	10.4308	249.5787
119.4394	115.3046	432.9048
34.1880	176.6660	408.4601
98.4342	179.0422	343.7477
4.6334	19.2663	143.1157
7.1356	142.1268	323.2881
84.4376	78.8926	378.2240
36.4422	160.9690	95.3583
62.3403	151.6411	43.9413
24.2520	117.4040	206.8517
153.8636	120.3678	144.6654
121.8621	160.8855	118.6273
166.6470	171.3334	281.1580
31.6670	175.3452	425.8397
172.4602	153.4453	460.3517
128.9658	109.0510	117.3823
57.9615	31.0529	90.8024
17.3038	4.9956	426.9365
58.2944	89.6876	361.3267
131.1673	129.0052	104.4289
136.3978	25.6204	50.0724
1.7671	112.1232	463.2864
49.9977	19.5224	125.3427
167.0550	135.5278	95.1964
47.1304	99.6049	174.5018
77.1931	158.9968	396.6202
18.3510	20.4743	78.3361
16.0749	171.4879	347.5691
134.4782	143.2704	34.7191
186.7383	129.3240	46.3934
111.4105	155.4681	18.7963
13.9624	136.9880	429.8117
70.3054	106.7052	220.7093
41.6144	120.2321	86.4302
107.6702	77.2088	148.0105
166.5180	65.5284	368.8955
171.4481	142.5122	315.3426
141.2457	15.2097	150.5783
182.0494	97.7567	109.0267
97.9041	41.0113	180.7622
23.1528	105.6214	92.1956
120.5835	136.8520	204.6740
40.3627	70.7183	186.8583
10.4268	160.8940	37.0514
133.1209	159.3250	114.1428
34.1648	134.6590	309.0828
54.0635	66.1812	391.3458
6.4814	67.0087	276.1281
31.3396	68.2619	338.0955
0.6738	165.0928	121.9073
71.2549	129.7993	260.4799
90.7847	43.2424	116.6589
52.7215	11.3938	360.5908
18.0296	35.5333	97.5524
81.4845	45.8707	289.7275
20.8807	18.3180	239.5686
162.7321	91.9519	270.8208
176.4709	143.4867	396.6953
80.6577	3.7185	164.4410
54.7420	142.5788	455.9270
41.1440	45.3661	48.4678
143.0756	145.1637	157.3362
126.2924	72.3852	134.5600
129.5470	150.6817	400.3080
108.0643	41.0724	93.2963
172.0411	97.5128	136.2769
16.2953	166.1957	327.9590
95.5139	58.9510	66.9889
161.8396	55.4104	454.9542
185.8384	73.8611	85.7836
122.6377	108.0453	189.8208
158.6892	183.1092	356.5246
6.6971	70.0188	468.7205
160.0710	175.2044	160.2004
78.9927	155.9981	136.1922
20.5665	139.5558	48.5105
24.6425	32.7390	185.2134
36.0359	101.6158	433.0570
16.9538	19.1115	73.7038
16.4582	28.6056	98.1258
165.1171	63.2937	259.9822
90.1792	160.0076	324.4642
69.2203	164.5514	467.7481
184.5032	58.6580	205.3154
172.1461	23.7588	355.5641
42.0495	100.9599	229.6842
31.0802	96.2408	64.6488
3.0450	93.5949	110.9307
40.0699	120.5817	146.1888
178.9037	184.2535	54.5643
180.0766	160.6815	93.5023
166.9397	40.1947	247.2509
39.9887	165.4041	152.8300
26.2633	46.4282	72.3668
23.4984	143.1470	284.8615
52.1440	15.7005	57.0119
109.1109	161.9542	456.6159
174.3658	17.2078	381.4152
178.8599	46.3524	249.8176
129.8868	119.9489	195.5642
161.2675	179.1692	441.2279
48.1759	125.8400	374.8560
67.5114	117.9656	398.3977
21.4982	122.0470	153.2462
181.1018	100.0248	200.7249
53.9081	98.4182	270.3502
34.8124	188.5069	111.9683
83.3360	179.7489	307.3032
6.2400	129.4505	252.1136
185.0347	73.9232	37.2535
95.7190	11.4622	337.7435
180.9524	113.5666	341.1109
24.6901	56.1489	29.3903
9.9061	85.3636	96.4492
111.6433	43.6241	53.4189
32.3971	37.1997	418.6026
182.7642	152.5680	51.9334
90.7257	181.4205	310.3770
110.8685	140.3675	382.9621
96.6499	77.7401	212.7403
105.6585	53.7824	382.3213
30.8154	164.3935	429.4405
178.8491	43.9063	150.5998
157.8596	45.7192	108.6394
150.6356	104.6468	361.2732
31.5117	90.6926	104.3717
96.9551	3.4299	191.6110
75.9756	50.9850	414.5736
161.5963	50.8232	126.9052
106.3591	207.5480	395.6000
91.5705	36.5103	246.7897
114.6191	55.4282	30.8269
23.8233	2.6692	198.2820
86.8404	187.3183	328.2950
23.1847	113.5900	248.6552
70.7348	65.5323	227.2498
135.9340	90.0667	245.4929
40.7842	17.7198	449.6059
174.4811	27.1345	461.9522
119.2404	120.9860	126.7460
154.5118	102.6402	282.6116
123.3133	167.5584	254.2102
18.6877	132.2147	391.5918
65.6979	135.8962	304.3263
146.8784	13.1773	407.5204
106.8195	40.3257	109.5802
102.1166	62.9487	281.2051
40.1382	80.4891	11.2732
177.8644	182.9441	46.8934
18.4358	75.3336	193.7906
156.3062	61.8809	71.4667
27.5994	103.6534	16.1379
89.4357	45.9465	181.3981
5.2211	158.7212	376.9751
94.6584	81.7985	257.0981
119.5609	154.5553	292.0514
133.2500	177.1363	314.9813
118.6802	146.6656	308.8365
34.7610	61.1831	196.7388
136.9401	161.4167	284.8236
134.6724	15.4524	314.8465
163.8470	167.0920	282.1864
57.2263	138.2044	423.1412
144.7464	8.0467	438.9774
179.7361	154.8294	228.9615
130.9605	134.5207	147.8442
107.1520	6.3088	428.5651
81.9699	92.0425	87.4080
83.7875	68.0314	448.7886
168.1517	96.1130	119.6436
79.6712	6.7346	371.8072
184.5206	5.7331	155.9891
8.9223	166.7545	250.4663
150.5175	158.0759	412.0528
172.6093	131.8270	256.2080
148.0984	181.7249	166.4648
88.7424	181.2878	344.0332
114.1396	88.1281	65.9248
160.0450	151.7228	450.2302
67.2760	7.8508	100.7802
77.3533	146.2195	43.0983
170.7441	7.3439	266.3344
112.5740	66.0953	447.1414
1.0501	23.8026	244.5283
14.7463	173.0451	418.2469
142.9378	41.0851	14.5953
168.3742	185.2835	360.3906
10.1636	64.9290	221.4688
25.4139	139.3461	248.9095
24.6990	170.0425	231.9345
143.4819	152.3227	353.6058
180.5528	56.8098	213.4316
113.2691	69.1783	285.8682
141.4517	72.0921	392.7880
57.1567	32.4561	121.5757
182.5740	117.9443	301.6859
90.5865	38.8249	17.2227
164.1922	159.2851	289.4295
137.0631	101.3631	100.9334
29.2288	154.1343	166.9237
82.4938	128.7728	241.9676
91.2381	52.5223	321.7393
166.0487	88.3859	157.6342
42.1559	137.6436	222.1214
4.8536	160.3053	370.5176
32.5261	94.2171	114.5680
10.6147	52.8754	278.2663
104.4500	29.7429	121.2642
97.7819	62.5383	252.6433
117.9424	186.9740	22.7865
140.4341	55.5592	374.3928
151.7825	80.5608	58.3563
81.2413	159.8700	272.7091
127.5075	5.5260	180.3133
95.1610	27.7452	340.7884
51.2113	66.0435	88.7130
92.2720	130.0213	129.0220
133.3898	52.1228	55.0099
70.9056	152.3376	255.3886
26.4527	17.3870	426.1904
145.5901	0.2389	182.3501
82.4793	122.1639	470.7243
129.3080	48.7856	219.1361
119.0315	42.6009	92.8243
104.9584	10.3600	151.0026
4.9949	56.5458	465.3127
130.1617	11.6427	152.0953
113.4702	159.6934	184.2384
138.5902	89.6042	64.2547
49.3104	184.8785	466.3472
81.7939	57.1098	267.2871
134.6543	178.2235	409.7612
18.0909	186.9939	40.8949
70.0064	29.1976	97.1294
43.8842	5.5725	31.8147
70.0715	166.3293	256.1943
134.0503	188.9266	219.0073
157.0774	4.2415	289.3109
122.7756	187.6664	139.6888
0.5817	29.1344	236.7176
177.5287	166.2632	29.1180
47.2946	54.1286	21.9746
65.5790	10.1652	357.9638
115.7245	40.6641	195.4675
176.7770	60.0503	415.8113
22.6674	129.6438	175.9875
15.5174	2.4329	413.8987
132.3387	88.8099	246.0998
64.2844	97.8285	123.4831
5.3581	21.4005	110.0271
6.7496	169.9714	226.2594
33.1103	23.9039	459.5106
12.1844	105.4759	173.7752
137.5006	20.4154	52.5574
2.2533	34.2791	118.5325
168.2435	34.2341	227.8055
16.3613	145.8375	380.2690
142.1718	89.1108	164.1282
3.5900	83.6454	273.6316
61.4177	154.9921	112.0172
63.3311	69.0279	310.8298
91.7773	127.0120	456.1104
174.6983	26.6177	82.3102
59.2689	34.4610	186.0480
10.8134	132.0741	243.3351
47.0812	62.0218	96.9915
187.2918	29.8106	80.4314
151.1304	26.5701	401.4562
148.1604	10.8464	40.5590
178.4261	4.4970	201.9231
94.2268	105.6055	261.1977
169.5223	33.3174	172.6070
162.5256	157.0168	55.6700
6.4791	34.1426	314.6987
133.6013	170.6166	24.0635
117.0827	81.8834	201.0798
93.1867	159.4253	45.0418
92.5663	36.3224	19.2626
141.3507	109.4031	320.3111
42.0198	19.0907	173.0915
46.3145	5.4127	69.0757
160.2145	169.4571	60.5840
2.8940	188.0564	204.5343
117.4288	126.5926	350.2772
30.5442	40.4633	33.4079
148.0179	86.7392	157.7004
121.7423	14.7704	227.8409
49.3780	178.3853	247.0958
147.4805	37.2910	287.3490
52.7742	65.1367	15.3660
181.0072	33.9959	453.6842
97.8313	90.1593	138.2077
36.1034	59.4609	37.8928
73.8856	182.9101	257.2880
35.9885	164.0724	189.8587
167.4271	166.7908	230.7910
62.3646	152.7372	32.4737
154.7569	112.3892	381.8445
182.5012	172.8919	85.8734
128.4558	139.4514	186.2344
89.3700	130.3264	307.2620
94.8884	73.5445	224.5022
6.9659	49.0246	181.8480
18.2859	145.7590	143.1254
125.6595	114.8981	17.1103
25.5343	125.0312	401.9301
146.7212	137.7324	197.7918
177.8935	69.2028	51.5221
158.6653	63.7998	453.4368
5.9957	170.1425	339.0442
133.2221	171.7407	143.4855
24.8140	110.5659	45.9685
45.8235	61.1974	156.1079
1.5212	149.2810	285.4421
120.9570	121.9004	363.6736
138.5653	37.2507	155.2716
123.4753	64.0543	426.6075
85.8447	56.4204	250.5460
138.6705	166.9848	214.9092
41.5843	45.6353	179.5276
91.3637	151.0386	406.2960
82.7450	142.6200	86.5638
175.5220	15.1280	327.2993
28.1977	137.0446	431.8544
135.7008	167.2341	102.1579
0.8020	145.0147	48.0237
143.1085	156.1388	363.9940
29.2008	17.0405	379.1156
130.2442	114.9141	415.5103
110.6304	131.5362	461.9164
89.4400	89.9891	227.3610
150.0831	61.0456	297.8489
168.7607	0.6980	362.3760
177.5731	160.5860	190.0092
144.0055	15.5417	160.0817
31.3681	176.5319	320.9830
20.8039	33.9982	441.5632
162.2357	32.4706	243.9157
53.6017	169.0863	161.5325
72.4601	119.8011	163.1145
134.3071	183.8097	277.6476
0.4652	172.5322	78.1539
89.3304	106.5458	407.7355
100.0688	12.2297	287.2922
36.9076	142.2882	33.5597
11.4138	169.9856	195.6540
89.6402	4.5080	275.0396
185.4582	28.8375	260.2644
45.2454	181.8843	23.9212
157.6632	2.4048	274.8023
125.9938	122.5213	254.7665
128.9643	160.2178	335.1476
99.5362	176.5263	434.2773
10.4826	65.6213	127.0945
13.7844	37.0914	367.9174
86.6022	15.2388	94.3289
5.1239	133.0201	113.8134
174.2111	27.3274	187.0100
151.6857	47.5408	257.8116
178.0200	6.0713	395.6015
165.4548	129.3840	111.1746
123.5495	51.4525	278.7446
8.9768	68.4632	65.8877
9.2449	171.4146	184.8463
114.3424	162.5090	373.0490
80.0566	188.4839	364.2262
16.8273	179.6417	405.7939
62.6874	43.9718	250.8593
161.6012	40.4355	266.6759
54.9807	128.4576	144.9995
55.6480	39.1305	131.1548
156.3919	25.2771	157.0826
137.3460	140.4278	289.0482
179.6561	171.5921	271.5707
171.6287	146.5967	251.9620
43.7549	38.5513	83.9636
54.4483	168.8855	181.8673
6.7802	32.8719	353.8369
115.9333	62.9912	245.2406
105.8626	95.0162	314.9952
172.5363	92.6726	212.4741
61.3688	34.3057	242.1058
87.5625	161.0512	18.9165
106.6381	95.6683	158.8379
30.5895	183.4359	276.6034
159.6495	175.2917	444.0225
157.2261	36.3787	436.9085
165.2807	18.7126	70.9956
159.0309	148.9920	413.5446
13.9349	179.1082	56.2087
58.3227	45.7822	214.2535
36.2494	114.7572	178.6275
71.3865	33.5298	425.4904
14.6780	21.2259	335.2369
13.2256	87.7505	372.3003
33.8564	103.9402	359.9692
106.2957	128.7009	219.6857
167.9022	96.3883	107.6948
14.7241	0.8763	327.5512
153.1665	125.6895	214.6133
184.9020	115.5620	297.0708
135.3381	40.1393	219.4959
42.7613	6.6022	214.1815
52.2170	147.5887	156.6543
172.6952	168.6191	110.0075
68.5533	35.8113	46.8374
45.5050	142.7075	470.4437
83.7965	176.7175	346.6579
138.5613	72.0651	258.9847
136.1281	65.4394	377.1884
46.6650	12.3769	267.1104
119.4215	138.7992	313.9808
182.1463	147.2707	2.0938
24.6990	133.2042	52.1899
40.1964	118.2144	191.4583
61.7097	96.8974	354.2349
126.6800	7.1648	21.3574
68.2191	20.3638	137.2989
31.6844	7.5400	372.7482
142.7115	72.5474	361.6941
182.0039	61.0760	47.0645
169.2704	184.7756	252.5031
84.9926	107.1772	6.8592
23.8270	33.0554	415.0610
130.6698	38.5706	30.2203
148.5410	61.8074	339.7918
145.0279	59.9873	241.2776
137.7958	165.0072	75.1374
12.1678	82.0988	144.0087
159.0443	187.1704	456.6330
78.0987	160.9847	405.1573
53.6206	157.5736	457.7763
26.8760	3.5718	268.0885
24.8401	183.3955	363.8103
15.0072	41.2418	56.4734
74.0628	27.7016	41.9189
100.0642	74.2044	193.3828
2.9815	172.0599	215.2966
56.1171	35.5906	332.0334
174.3896	137.9272	25.9018
41.8803	13.6738	252.7445
99.6146	26.4606	342.8381
184.3656	172.6092	121.7343
188.7771	69.4535	181.6636
71.7405	175.6644	53.2005
80.9263	81.5325	223.2489
142.3585	78.0202	215.9203
46.5636	44.9458	208.3310
41.3714	16.7699	189.3546
84.4876	32.3622	76.2088
118.1708	149.7136	406.4555
12.5219	8.2936	318.6105
153.9156	85.7751	71.6032
41.7373	19.6825	133.8441
13.0794	111.7903	164.3816
55.7068	180.9069	308.8557
78.1400	68.6072	417.5465
93.0535	86.9569	100.8960
141.6991	103.2117	430.9232
168.0760	30.5657	143.3347
119.3908	175.8608	408.3021
86.0528	44.9789	238.5856
141.0064	51.5543	75.4821
9.6757	63.1147	279.0137
65.9008	21.9888	32.3994
20.6035	112.1638	85.4935
50.6734	153.8670	168.4348
23.6511	88.0932	60.8207
69.1357	66.8050	25.4907
36.1134	92.6488	190.7995
122.8785	139.3041	27.5257
89.6787	28.1370	414.8368
45.8424	81.7177	214.6001
89.0267	37.7314	74.7950
183.6872	2.7311	314.6948
188.2483	25.5793	65.6283
132.8254	140.1028	32.3261
117.7935	121.9141	125.9340
54.9381	20.8627	453.8561
38.2650	120.8411	23.1158
87.1971	42.2472	116.7483
17.4079	114.6968	256.6977
5.6325	149.5683	104.7471
103.1728	44.7071	329.4327
123.0277	86.3041	284.6114
178.3895	59.2414	327.0863
182.2276	54.3763	3.9838
121.4969	12.8912	75.4125
83.7906	120.7158	200.1054
133.1788	7.2893	405.0689
153.5325	61.5922	218.5386
42.0910	79.0399	115.7514
75.1380	40.8491	122.7103
124.2790	155.2785	163.2387
136.5954	36.2936	99.2975
118.1436	119.2736	453.7583
4.4697	163.4946	5.2539
40.6038	92.2508	87.8425
82.1576	38.4836	56.6401
142.4745	13.1889	153.3301
42.7782	123.0671	423.1544
38.7362	91.9025	405.3982
136.3909	137.3641	470.5089
134.4404	120.0320	109.5067
78.7174	32.2739	54.4585
8.8718	95.8436	174.4300
14.0475	68.3927	168.8429
60.4172	7.2061	429.0521
95.0619	178.3497	11.5316
130.1922	57.6002	117.7036
66.2100	145.7025	193.2968
157.3046	143.5442	155.2786
18.2427	168.3416	255.3156
89.6520	53.8862	403.1908
45.2544	140.2682	238.6900
138.8204	8.4361	183.0345
96.8995	186.4530	69.7475
91.6697	161.3735	30.2504
7.7919	83.8509	141.4909
187.0969	79.3124	469.8371
182.9305	149.1590	415.5531
83.4088	9.8051	57.0789
12.8280	41.8575	120.3269
40.0757	165.2488	303.0744
168.8127	70.0079	351.1485
124.3176	182.3805	369.5579
45.7541	112.8474	286.5485
126.1980	173.8745	446.5000
126.4953	5.8297	96.8909
85.2074	61.4203	84.9630
36.3063	93.6087	84.1721
140.1712	185.7357	205.9595
110.8394	78.1602	251.4840
155.3738	173.0425	18.1141
67.6205	37.5390	253.1358
47.4025	48.8112	395.1687
153.4617	107.3304	272.9238
19.4362	69.0851	385.3593
8.0749	165.6602	376.1992
163.3082	128.3085	105.0733
76.9933	12.0149	303.0239
149.0464	18.1322	114.6643
155.5488	104.4297	73.6759
84.0553	50.8344	171.4309
141.7902	180.3548	363.4118
163.0078	181.5892	400.2990
33.8989	175.3711	250.1901
137.4205	160.7376	115.9284
183.7193	45.2543	439.2682
157.5619	169.8001	165.1722
3.3070	128.7228	165.1057
79.5926	95.9427	420.0715
152.7067	65.1741	227.1948
79.7663	9.6707	444.9099
184.3363	4.1003	320.3431
154.9263	152.3055	235.2908
173.2789	92.5180	398.0467
166.3797	23.9949	236.8069
185.0543	56.8533	195.7791
180.7557	68.8083	117.1794
71.8536	82.4317	278.2900
42.4895	8.2497	407.6197
62.0336	6.1531	85.7500
77.3170	167.6048	234.5398
48.2709	149.5405	24.4169
3.4965	87.0450	258.9937
161.5886	84.3257	218.8968
34.9427	153.6385	27.1195
98.6731	188.9566	303.1393
119.5936	22.9285	340.4735
22.1803	128.5521	161.7847
87.5617	142.1546	424.7971
107.7382	118.9733	326.9445
120.5239	69.7749	224.8563
38.4844	6.8710	457.8529
39.5623	8.1264	112.1061
136.6599	153.5089	51.7663
171.7316	52.7338	219.1524
55.5645	171.1635	174.8596
26.8066	8.3112	343.9547
5.3853	107.5536	224.6770
24.7426	125.4189	45.5786
134.3591	188.7684	175.4819
140.1933	68.6002	149.1200
81.3962	9.6433	280.1941
155.5322	6.0558	269.3424
37.9847	65.9703	12.6781
102.0088	184.5828	51.0984
106.2060	85.8630	407.9692
12.9722	62.7315	47.8857
142.2078	67.0672	375.4089
70.2817	5.3263	417.0556
132.2895	169.2236	400.0795
19.3518	105.9110	7.2953
3.5244	20.9306	406.3209
16.9776	62.8604	74.6413
104.7658	179.8698	338.5223
186.0788	11.6515	155.2584
183.2288	16.0282	78.6045
57.0021	9.0040	218.5682
132.2551	174.7983	168.5956
165.8496	129.2115	17.0773
134.3537	18.0812	201.6276
46.4331	156.3579	36.0387
38.5216	143.1907	100.8449
61.2652	98.1732	108.7433
186.4886	39.1115	88.4347
121.5340	17.7079	127.8460
136.6537	31.8298	182.9911
111.7709	183.1649	6.7449
128.6553	4.8557	11.6755
53.4029	188.3352	374.6133
63.4884	170.3971	80.9168
141.9713	187.1718	146.9275
120.5371	42.2931	50.6822
90.4341	178.2363	341.6848
137.9372	10.7131	376.7242
65.1093	88.6583	257.8711
140.4574	44.5928	117.3570
184.5787	24.8680	426.1905
114.1079	79.0604	176.1974
82.8315	46.4906	93.3364
57.5945	53.6950	156.4929
165.3830	90.0844	390.3382
26.4618	121.8356	385.6304
144.0303	58.3592	373.3987
44.3381	156.3754	52.7727
95.1567	120.2345	313.9317
18.1327	62.8477	222.0766
16.7716	34.9866	38.4088
121.1131	87.4758	114.7137
149.9906	184.5672	384.0539
167.2356	7.5269	324.6342
93.2235	169.9783	453.2804
180.4316	127.2733	248.2510
152.7738	181.3083	440.9486
80.0993	113.6877	467.4665
61.0301	62.7270	88.4378
25.0206	160.6179	319.3908
164.3647	133.9542	56.3355
73.0363	51.3672	417.6325
130.2899	71.0033	383.1228
54.4108	53.3000	349.1321
172.8985	90.1239	457.2042
187.7864	30.6898	29.4683
56.2320	157.0348	31.2346
33.0453	66.1115	455.0007
82.2233	84.6658	412.0768
47.8644	105.0961	267.7576
150.5274	128.1456	188.3477
33.0256	94.9528	344.8353
21.1895	137.7190	428.6749
72.4504	12.3134	159.9679
154.0307	98.8354	309.5275
15.9754	120.3771	437.2496
134.5851	61.6639	87.8040
93.1362	14.8676	124.4348
21.3662	76.5627	145.9668
120.6720	118.4306	129.9698
3.4230	155.6410	105.2279
164.7467	173.6752	97.1586
107.6638	136.8671	283.5062
163.0763	165.7614	188.8629
46.8868	142.2619	115.6515
21.5367	94.0099	26.3057
100.8629	139.6303	78.4370
147.2132	52.2153	57.6669
130.3164	23.1976	461.4444
137.7123	52.0598	464.8781
39.7785	169.6305	68.7682
121.5281	180.5738	152.5408
175.2447	43.2548	296.7949
136.0088	69.5752	259.6161
15.6174	107.6889	279.3172
42.3648	151.1070	448.3439
85.6328	140.1785	157.3424
121.1088	111.5325	352.3722
138.3609	23.4336	349.2029
33.2460	45.1137	279.8471
51.6340	36.2958	221.0511
54.7523	103.6667	394.8091
137.5078	69.1731	447.7296
114.6571	68.8427	396.9352
110.3247	94.5994	363.6927
86.8986	75.8736	429.6982
30.5965	103.2249	221.0099
143.9380	11.4839	457.1749
158.0078	69.4332	285.5713
94.9635	10.6650	319.7864
35.4992	174.6623	442.8226
104.6949	30.5544	234.3024
25.4191	130.2183	251.3736
111.7463	50.0979	4.1334
18.4848	28.5154	402.5457
66.7703	104.0706	366.2577
43.8609	144.3863	256.1362
56.8686	102.9987	302.3773
181.7448	1.9599	25.4870
37.0494	61.0935	141.4995
28.8404	65.5357	376.5129
150.2755	133.3340	227.3927
2.3694	80.7942	266.2004
155.9653	124.1336	462.9020
111.6200	16.0384	250.9343
69.0356	160.1135	118.9774
55.1169	170.8024	316.8943
87.2012	69.3750	247.5617
20.6367	109.8909	32.5245
167.1262	151.1571	376.4204
102.5873	49.7216	47.2832
34.8511	10.5462	385.9499
144.1082	53.8603	397.4812
113.3756	38.6200	31.5464
58.6360	106.6441	25.8556
41.0466	40.5212	373.7931
6.5752	110.0255	36.3993
143.6947	182.7703	286.1831
20.1537	29.7484	430.1047
22.6316	101.8801	52.4356
116.1751	113.3786	38.3191
163.4880	151.5075	135.9774
156.6783	69.6921	29.2989
79.1182	132.9295	27.3261
8.4138	168.7219	180.6431
0.1050	72.1445	285.0463
141.1084	39.3200	303.0978
39.0346	163.0216	443.3100
42.0713	154.7192	94.1388
125.9242	163.9537	2.0612
31.3206	53.3149	190.2569
142.3956	24.3991	113.1885
70.5175	105.9470	338.9924
154.8220	107.9354	265.7574
57.3901	176.1337	162.3648
22.6721	80.2177	178.1149
91.6849	187.0342	54.1414
19.9923	184.9260	111.7225
187.5880	90.3623	70.7773
52.4058	71.2852	309.3541
148.5773	113.0080	252.1823
24.6828	125.3226	139.9698
59.7659	128.6276	15.1562
179.5085	18.0501	323.9388
172.2417	132.7558	375.6532
4.0340	30.8760	347.3066
59.9913	142.0618	275.3819
43.8324	128.4756	409.1655
175.9441	88.8621	166.0286
92.1409	119.0094	196.1814
112.5087	179.5001	7.2071
164.5555	140.3671	211.9957
115.3309	188.2510	207.0175
16.7416	16.4837	55.5331
164.1115	68.4621	37.8763
155.3035	91.4247	46.9451
144.5582	75.7522	50.7376
84.2295	176.2915	71.7111
56.8164	91.4007	397.2307
106.9118	165.1513	14.5927
132.1909	110.9014	422.9807
122.1278	44.3608	154.6976
25.7654	138.3577	108.2951
20.0115	63.0486	35.8974
185.2821	98.1273	0.9148
68.1468	90.6482	380.7509
181.2020	15.4395	101.5857
13.4866	185.8180	48.2143
57.6483	131.2471	225.8068
108.7337	102.5373	194.3256
109.3673	107.0255	437.5945
123.5920	171.9757	97.0182
167.6452	109.3547	333.9643
34.3314	144.4500	423.6224
133.6078	157.0139	441.2508
149.8736	161.5568	369.2823
170.4276	150.6474	256.8800
26.4149	181.4166	323.2664
1.4760	27.0591	170.7322
74.0506	181.5006	304.3098
143.1066	106.8972	25.7398
111.2635	133.3635	181.2802
92.2204	84.1236	450.3662
34.6733	182.2107	22.9484
65.3655	28.4970	146.9537
149.7421	12.0431	448.3140
95.5023	125.8477	168.2693
139.5674	95.5494	64.1070
60.3837	136.4515	9.5248
109.3307	172.7748	204.9628
119.9337	188.4813	34.3911
23.0352	114.2686	51.4193
132.7991	71.7616	431.8737
126.0674	151.0556	33.9072
166.5676	92.7091	73.2704
72.3795	104.4515	392.9412
180.3987	20.0416	162.8109
133.7024	15.1871	325.5223
176.3991	122.4848	301.0471
54.0760	34.6612	49.0519
18.6492	186.5392	419.7902
90.6741	161.9339	435.9950
80.3057	124.3851	100.6956
108.0331	160.7247	428.1942
179.8114	143.2754	409.3424
130.8919	171.6425	26.5374
133.5491	31.5536	466.7444
32.6662	150.8547	33.5040
55.8051	131.2596	15.6430
186.5794	29.6048	403.6205
148.2822	153.7399	436.9524
11.5084	14.2410	14.7897
183.0577	53.8105	461.8238
132.7841	125.6945	266.7716
74.1570	136.0333	324.4791
162.1532	5.6224	433.9935
91.7201	188.4799	321.4413
167.4284	117.1779	110.6393
32.8410	74.4259	363.1565
100.4800	49.2555	73.6234
93.8532	93.9733	155.6043
81.1866	55.7682	163.1806
23.2705	165.2996	425.8719
59.8417	45.4315	120.9206
52.2255	159.8958	360.3325
43.2683	120.9647	90.5772
131.6484	41.9432	160.8486
64.9422	45.0910	56.2967
28.2611	19.5174	342.5949
56.8656	49.0514	215.2769
66.0993	16.0146	238.6838
75.7692	140.4380	129.4513
76.7141	17.3006	121.7574
158.3860	96.5179	63.6208
139.2936	34.3433	142.6621
33.9067	139.3614	444.6298
186.9428	104.0393	205.1740
156.1251	104.6302	425.9754
179.4668	147.5447	439.6849
65.4365	81.5999	304.5863
175.0308	108.7518	43.1266
146.7387	35.2128	315.4376
4.3336	149.1520	107.7696
96.1411	133.5163	355.8224
127.2333	62.5753	8.6208
68.6255	29.5245	108.8155
139.1892	109.8710	30.1853
34.8516	158.3610	92.1035
26.5609	159.9665	100.6516
25.6707	129.7160	36.0624
158.7275	55.7853	225.0512
66.9173	70.1233	415.1468
133.1483	117.4363	85.5092
11.9891	63.9039	34.3141
29.6358	94.6461	160.7466
55.9646	136.9666	422.2523
126.8318	38.0103	15.2907
166.2748	103.9573	421.1769
79.1394	51.6974	153.9740
109.2197	107.3423	176.4308
145.6149	181.3696	160.4181
101.1901	109.2431	126.4792
129.1089	50.9575	215.1700
94.0177	57.4215	444.6192
166.5111	21.0704	390.2355
188.8985	45.5058	315.5672
183.1023	82.9786	189.1801
177.5063	127.7947	265.3818
92.9244	59.9818	267.7963
46.3363	97.1499	225.7385
143.8665	141.1989	116.5849
154.8690	44.0272	67.8010
115.9061	144.3408	257.9600
121.7920	123.0233	24.4710
187.9805	137.9357	57.2465
46.7844	89.2892	89.5028
18.8548	179.9237	314.2975
183.3315	101.9427	330.4505
170.0694	125.8568	428.6251
91.9492	45.8009	184.8260
28.5645	127.1499	55.0464
79.0917	92.8600	17.0059
127.7061	88.8741	130.5661
38.6066	154.6047	86.3973
6.1776	59.7910	276.5721
141.8257	184.1967	349.2894
183.5968	123.3411	369.1230
119.4279	86.3870	253.4130
66.8886	60.1155	97.0942
147.2968	170.9882	434.6071
183.5389	185.3338	284.7198
149.3321	43.5398	281.9221
43.1025	74.2683	351.3888
139.0821	137.9010	140.1257
53.7908	66.7441	292.9153
171.9553	96.5942	13.0853
142.4826	94.5239	34.8374
82.1705	183.9836	218.4641
87.6502	106.0985	349.2669
119.6638	138.1071	375.4651
39.1291	53.1182	336.0242
14.2421	115.2225	23.6542
11.4016	22.5623	209.0881
78.0939	14.6768	151.5341
66.0151	57.5752	226.5397
152.0947	182.4322	381.0689
22.9687	84.5657	64.7491
11.3609	101.8082	149.5184
34.3345	57.8499	108.0277
179.8274	93.6679	143.3163
169.9461	118.2592	260.8251
77.3773	147.0898	379.3141
52.0493	102.1238	426.7272
182.1214	76.7558	143.7880
74.8919	161.6472	164.2031
125.4213	8.2205	242.1527
106.9605	131.6369	158.2091
5.7435	25.6831	440.5031
149.4600	122.0256	48.0217
186.9632	151.7400	343.0597
101.0826	119.6898	431.7455
87.7193	91.6113	313.4425
36.0420	179.6333	63.0137
22.3718	145.4446	144.3564
16.0777	112.2509	353.9041
11.0242	64.9508	181.5004
34.6427	168.9841	234.2907
160.9307	135.8966	114.2131
90.9616	161.3819	126.9867
166.6720	116.0684	14.6503
100.3172	139.7268	25.6994
120.4984	56.6060	238.9984
13.0974	142.4855	342.5391
145.2683	30.6028	219.9190
79.2186	64.9310	240.6575
27.0017	116.2604	152.6856
75.1517	91.4134	138.9561
187.7950	39.7719	108.1457
169.1884	85.2797	186.9960
150.6218	66.8502	303.0855
35.6653	36.4310	133.7555
109.7502	145.1708	317.5132
183.7396	48.6811	310.0382
38.7548	58.2562	21.3021
19.8617	59.8421	280.9566
57.0450	106.2626	292.3756
27.9385	68.1444	142.7725
5.4150	163.9744	13.3660
31.6057	110.1920	372.0174
1.8858	51.7987	260.1812
97.5940	57.4402	55.3331
89.9964	97.6114	289.4029
67.3131	183.3258	342.6673
44.5814	186.2279	192.8199
146.9600	185.3563	104.7836
27.5715	123.5087	409.4993
35.0562	32.8273	67.0738
143.1497	181.7590	320.0150
181.5417	107.6729	15.1082
116.4461	178.7453	176.4582
40.0740	52.0010	196.1191
91.0159	38.1991	124.7045
79.9196	118.5655	378.2372
10.8814	86.1720	213.7091
56.8416	125.8313	136.4300
142.1079	120.0309	301.3742
23.8270	19.7174	415.4128
1.1073	89.4874	242.5904
2.5646	14.6249	307.2656
74.8720	167.7670	401.2912
149.0865	154.8019	395.6113
6.4318	165.8320	162.5818
41.1741	51.3756	72.2378
50.8434	0.1379	375.4216
184.0115	31.8082	88.9857
37.7500	90.6507	68.6223
177.9781	172.0430	24.6716
28.0340	173.1537	429.9130
183.9079	185.4963	10.7944
99.3900	125.7561	315.2180
168.3097	6.3092	252.9687
20.4437	39.9209	455.5613
112.6317	186.3821	459.7825
39.1018	7.1159	381.5076
170.5604	112.8246	82.8356
163.1485	105.4031	113.8641
177.0872	140.8608	303.8439
5.9103	80.1386	125.2142
161.1900	90.6058	224.2328
142.2675	136.1927	89.4865
101.5817	70.4933	248.8752
129.2371	181.2260	393.3408
129.0145	46.8755	341.3948
6.8865	165.2748	3.5002
49.2834	142.3854	274.2028
52.7208	175.1180	8.0619
180.6223	34.2537	178.7708
121.4854	46.9755	124.7143
116.6712	42.9116	269.0627
167.8061	170.3614	361.7532
47.3220	39.1419	91.4717
85.2399	49.7157	448.0423
17.5759	171.4155	77.7802
170.7204	98.5410	231.5240
153.4606	0.3716	406.1741
77.0090	1.6022	465.7650
5.2686	50.9883	290.4146
109.7143	123.6350	359.1028
117.6787	117.0849	252.7479
113.9517	128.2613	181.7515
92.7283	139.6845	96.6623
49.8127	174.3154	253.9484
18.1897	28.8203	298.5599
81.8755	121.2998	270.3888
57.3654	79.2280	219.0368
46.0560	32.6634	173.5719
43.5540	28.4153	198.5901
160.1616	90.9037	125.0653
88.7168	115.8543	256.4013
182.3706	168.0743	282.0949
185.8330	184.5446	199.4767
43.5421	136.2672	31.9039
93.8816	129.3666	75.9357
19.3966	71.9761	382.2678
20.7936	127.5681	170.5438
147.5835	61.9682	154.7385
58.4530	69.9589	455.5741
67.1300	17.3668	324.1667
88.1418	87.2015	430.4435
124.3449	29.1911	20.3024
127.9832	111.3828	387.3120
55.6573	110.5299	2.1058
90.1511	163.3145	15.4703
110.2420	117.1431	468.7337
72.5101	155.5113	322.1068
160.1787	7.3875	245.6927
184.5980	79.1350	323.1647
136.9329	122.0960	37.1218
42.4921	77.7922	95.2083
32.9908	10.1346	243.4087
113.1722	149.4916	353.8096
167.8927	30.6812	164.0859
67.5400	81.9234	388.4482
18.0081	85.1982	363.2280
167.9510	162.5101	171.5711
86.7928	0.9768	240.9004
51.7649	101.4213	164.2305
98.7201	92.0558	279.3851
184.7025	10.3608	297.3661
43.5210	28.1306	51.4477
102.0500	135.4524	455.6900
115.4108	163.5500	397.6659
29.6293	186.6796	356.4345
37.8354	14.5344	19.0962
2.1736	28.4240	418.3487
95.5197	31.6618	463.5707
1.5241	186.6537	187.3424
159.5314	136.4805	334.6865
182.5190	4.8681	404.3534
36.4322	152.5221	161.7701
45.8036	158.0309	151.7280
34.6356	105.3183	469.8832
103.5642	50.1393	35.1422
93.0662	109.2044	160.1865
113.1500	39.8054	191.2385
67.5021	99.2005	223.6751
39.9801	112.8055	272.8945
114.0890	45.4034	11.8583
135.4753	160.3263	87.4131
145.7094	109.1842	306.0879
155.7470	70.0011	95.4576
0.6659	16.7558	258.9125
113.1438	170.9774	396.9019
134.9552	98.3604	338.8698
114.4236	100.4368	227.6928
157.8040	63.1447	456.0589
4.8607	10.6395	51.2078
4.1015	59.6240	287.1650
79.5001	45.5420	295.5547
29.3808	79.2896	243.1742
143.4888	50.3413	36.5071
139.3622	188.1123	231.1031
61.4765	181.9383	16.2042
35.6604	101.2198	263.5034
176.8607	106.1665	454.3804
179.8898	18.4804	201.0388
39.5008	47.1854	470.6485
158.0026	108.5212	71.3737
41.1398	156.9738	88.2157
123.5784	2.7629	231.4160
69.2260	108.3934	122.0918
158.9453	132.7127	111.2073
172.9303	67.7881	137.3018
134.4372	91.2142	233.6248
61.7603	121.2446	38.4600
0.7564	31.9670	171.2130
52.2836	144.5183	93.0362
109.1877	14.0793	177.4675
108.6300	34.5904	207.3613
41.9825	140.0950	238.9822
122.1577	12.6329	388.4480
36.6030	117.7427	157.3791
171.1021	97.9270	88.5787
187.1237	98.5076	160.1765
39.7120	125.4002	91.4905
188.7837	47.2371	186.3864
103.5250	176.4252	131.4146
2.8966	54.2767	93.6510
168.6567	168.0091	239.6118
8.2015	45.9084	122.4920
34.2612	66.7920	339.5214
47.0236	108.9089	76.5907
38.8184	17.4920	209.6472
25.8545	113.3344	266.7054
87.7482	148.5983	87.2671
84.8404	51.4129	153.0978
111.6222	122.0440	433.2674
102.2045	184.6764	352.8387
32.1604	19.1037	136.4540
58.7358	62.2133	407.2972
57.8573	131.0273	263.6169
127.1445	169.2233	386.0288
65.1863	133.7986	143.2340
61.6108	177.8229	115.1135
98.6805	143.4677	222.2816
186.3674	59.1721	26.4222
67.0612	174.8313	269.6723
124.9654	95.6434	450.7258
161.7320	55.4673	451.9226
22.8201	31.5560	197.8221
84.2916	32.9001	334.3556
5.8281	8.2311	376.7908
63.3457	18.3844	190.4205
165.2796	149.9616	275.4009
146.4287	73.9124	345.2341
66.0679	25.5509	47.2159
0.1672	45.7134	112.4461
128.7851	80.2298	149.0530
145.1865	80.0828	334.9164
186.2259	152.7850	172.6265
28.1953	11.6923	233.7205
104.4568	26.0137	147.4620
125.4353	119.1917	296.5930
141.4947	104.6223	102.4446
92.9586	152.0655	202.2598
36.0950	156.5423	86.3716
129.5510	137.7664	355.3320
100.5539	164.9635	109.1974
65.8580	110.9799	422.6256
100.3276	102.9993	236.6737
152.8047	89.8914	34.3875
34.2665	185.8776	359.2797
51.8564	164.1403	335.7742
54.3279	50.4990	41.9959
156.6554	4.3910	432.5729
64.7661	11.1943	229.5059
120.1448	170.9109	393.0561
84.1465	78.1890	173.1464
152.3513	42.7548	132.3832
137.4264	158.3461	335.8047
114.5772	110.7588	225.6339
134.9692	11.3662	382.4728
188.5772	127.5245	244.0680
53.9015	36.7988	362.4572
7.7539	54.7825	78.1528
101.9489	63.9454	83.8154
171.7300	64.4392	37.6612
150.2207	167.4865	213.7369
97.8535	159.9866	442.6700
46.6938	23.6447	252.4755
92.1354	171.1710	116.4753
183.0391	28.0647	80.6686
129.3460	145.2258	20.2636
169.8091	11.5481	322.4710
92.2225	44.4954	40.7266
38.5394	175.8040	60.5925
102.1550	162.9929	257.6609
124.6181	63.3906	148.9631
79.1937	3.0934	273.6958
186.0542	91.8164	204.1625
65.1248	94.5992	391.8926
167.7101	67.2335	263.6458
185.9979	45.4357	449.7166
44.9911	56.7685	17.1919
182.6844	116.2410	298.3484
182.2469	0.0482	300.2228
125.4746	112.1340	77.1728
28.7693	93.6381	240.1046
188.6303	74.5040	31.5716
101.8851	127.9190	400.9577
3.0317	8.3678	39.6959
133.6061	50.5710	44.8038
3.4533	109.6454	248.9477
133.6635	51.7592	165.9634
156.6213	75.2344	36.6653
128.0235	17.6594	435.5624
24.1255	141.3617	254.6044
69.7130	108.5488	372.4827
135.8070	85.1227	213.2925
7.0977	41.7868	194.9881
75.9721	162.5967	448.9455
141.8247	42.8188	131.9623
140.2344	3.4131	336.5903
20.0035	138.0418	241.9831
171.7567	180.9224	173.9725
50.5328	51.0309	233.8396
14.5971	128.3003	197.3080
30.8338	14.8406	400.5095
63.8822	173.1153	302.3625
129.2858	83.5816	81.3683
174.5240	24.9594	318.9714
69.6152	17.2220	5.4953
58.7494	100.6249	326.5355
16.6061	123.1012	421.2984
181.5704	45.9405	379.3720
153.8521	108.9547	265.8906
31.8335	173.1582	120.4574
113.0648	168.1271	18.8016
19.0762	63.8328	114.6261
164.4799	166.7819	60.1429
62.3751	9.5532	470.2537
117.7734	43.7911	470.9196
82.5450	137.2062	34.2917
140.4167	132.0766	459.7466
89.3589	93.4431	84.1892
16.3249	157.9624	436.9107
31.2428	180.9001	413.8001
121.0757	177.1015	257.7727
155.9830	25.7063	452.9349
148.1736	33.4257	428.1806
101.3599	52.9358	56.4241
0.4697	2.6465	237.0962
58.1889	32.3720	72.5502
150.1030	113.9719	90.9816
77.3610	57.3111	238.7361
122.9228	86.8133	135.9222
132.0263	46.6618	326.6441
113.8007	113.3752	326.9656
124.7808	31.1959	67.3670
71.7412	21.8373	144.7552
68.5744	75.5941	232.3989
33.2614	135.1931	403.9469
164.0804	78.5263	336.7718
159.3290	171.1650	133.4972
51.2388	54.2819	303.0785
110.4442	175.4813	377.7778
185.8387	170.8970	129.3126
31.5719	176.9526	249.0602
186.4258	151.6398	229.3030
169.7331	78.5345	315.7919
6.4715	27.2437	370.2920
141.5683	132.3737	462.3141
187.7863	74.6484	194.0036
170.2025	73.0041	74.8258
94.1981	39.4686	181.3048
63.4454	113.8590	190.5353
6.7033	58.1219	172.9855
34.2096	135.8069	185.5524
63.7786	143.2976	114.5239
141.9627	160.4046	73.6196
133.2311	106.5985	344.1462
187.5310	50.0597	443.7517
126.1328	83.4975	197.2021
102.2116	30.8895	133.4680
26.2082	12.1524	187.5524
172.1782	104.6529	422.6241
34.8371	3.5510	241.7835
15.9071	162.1764	427.9419
9.7583	74.0525	362.1154
140.7241	164.6833	356.0480
164.3807	44.3348	131.3290
16.5843	153.4145	470.5084
161.6458	163.8412	290.5341
88.7357	46.9103	185.4228
147.5701	175.9789	93.0477
156.6666	115.9182	293.5759
47.1407	178.8537	262.8076
73.8322	91.4946	337.1544
83.4831	45.8560	250.2852
40.2428	18.1075	308.6695
9.4490	167.9890	8.3532
1.5953	97.6471	11.4228
42.5818	176.1532	207.5590
53.6965	186.3014	365.9912
89.1084	91.0872	163.0370
5.6784	101.8668	259.0808
1.0037	109.1525	262.8008
140.9694	38.7592	358.0482
145.6190	49.1293	306.9577
184.5365	43.1394	10.0165
149.2661	17.4314	445.6986
134.6704	46.2104	323.6451
114.4196	71.0389	416.9379
147.6066	108.9502	117.1866
79.9615	42.0980	94.5714
25.6931	186.7533	180.6887
9.8731	69.9195	74.5232
140.5307	35.9633	39.7493
16.4339	141.1484	235.7013
2.8130	98.5390	20.2222
33.0967	143.3689	13.0993
46.2520	89.7643	250.9781
163.8606	146.8689	168.0143
119.9143	169.7126	411.3013
92.1582	103.3727	219.3367
77.8406	143.2069	309.9397
170.5707	103.3449	233.4580
86.7319	54.8531	310.4505
121.6789	5.4982	410.2979
132.5025	99.2350	417.7220
22.7194	123.6135	280.6087
13.6534	145.4994	49.0930
14.1410	61.4810	13.7974
133.5784	106.1591	143.0571
176.1335	164.6316	186.7166
143.5125	111.4779	333.3227
89.5561	113.2572	399.8072
171.3518	154.5001	354.7658
129.1585	120.6027	206.2526
53.5296	90.6060	123.4747
184.9858	91.6073	459.0141
33.2741	27.9439	352.5450
161.5030	152.4218	367.2702
185.7472	152.4699	261.3066
139.6617	73.8422	312.0963
175.1656	148.0327	404.5241
45.3623	166.9951	98.9865
155.8850	67.6491	36.3935
70.9126	175.1653	68.8739
20.9106	5.4269	87.7172
56.4105	37.6390	440.3798
78.5521	167.6101	100.4254
24.2421	132.2628	8.8091
95.2657	106.7831	370.6418
68.6395	115.3676	48.8871
44.4555	155.3744	433.5147
82.3793	99.6034	345.4696
92.9415	94.3952	257.4233
75.9474	71.5719	406.0623
99.1116	86.4740	360.1917
157.0265	83.2077	188.0139
16.3630	2.8218	42.4024
129.4307	26.9429	44.9861
117.0123	91.1443	243.1540
151.2288	112.0564	265.9366
145.4731	149.9276	45.5488
122.6391	171.5012	459.4754
148.6907	38.3640	177.1809
110.2468	109.5041	295.3317
119.7683	16.2508	470.3066
105.6404	53.6447	100.4234
91.7415	87.5544	369.8177
56.5036	165.8414	101.1981
166.8329	5.6879	283.4503
75.8374	162.7718	308.6147
173.2596	126.8202	440.3308
131.6192	33.0544	102.3151
11.6862	65.5873	278.1283
86.4102	38.8572	135.8365
54.7731	51.1353	65.8967
132.1592	166.6209	354.2897
138.6858	93.8099	249.3897
187.2700	181.8754	20.7607
162.3211	121.7592	433.3401
120.0192	87.1820	168.0750
63.7276	133.0209	289.1996
183.5454	31.9156	292.0243
83.5121	67.3084	199.7752
131.5605	93.3855	210.9917
60.7351	21.6583	61.3642
159.3118	26.8844	369.8146
108.4070	40.2808	434.9192
189.0680	138.2927	413.2390
26.2324	98.4740	303.3425
0.7513	161.3696	292.3533
172.9047	157.0858	160.8721
120.1181	121.9794	269.9942
54.3714	35.9053	186.9566
95.8104	127.3459	13.2569
112.6263	132.3681	131.4562
181.2747	94.1122	425.9249
98.2102	168.6828	234.7884
154.0680	96.5432	238.8548
188.4017	166.1827	349.7090
142.9650	11.1924	95.6956
79.6509	175.0608	122.2560
1.4344	115.0805	341.4861
118.9495	112.9460	366.7628
27.8564	67.1962	125.4666
138.8284	59.7439	117.8826
83.3155	77.2130	320.1445
19.9992	6.3782	51.4296
44.3386	177.4233	89.2488
100.5100	37.4870	17.3998
74.1696	91.0049	211.9379
159.6392	136.5530	122.8137
47.2235	168.4294	317.7565
19.2782	129.6178	109.4955
165.3713	57.0104	420.2958
99.1286	142.7239	462.5570
96.6752	173.9096	307.5151
79.9509	152.6228	20.4366
43.9083	61.0172	141.0592
90.4026	112.3952	75.4010
125.9301	53.8512	124.8093
149.6572	101.2193	124.0308
34.7690	33.3266	160.6744
128.8507	21.2146	134.9754
160.6774	126.0392	339.0000
184.6654	45.3410	172.0459
174.6474	81.9799	48.0230
176.5733	184.2337	37.8904
7.3864	15.4133	62.7448
146.6859	57.9137	287.1142
38.0628	13.6510	95.9554
14.4821	165.7205	123.0120
129.5317	56.7969	470.4791
185.0990	69.4449	331.5552
4.7874	152.3039	369.9820
139.7338	95.2336	45.7900
109.4448	13.7583	171.9058
38.7501	30.7698	126.7911
64.3183	140.0851	144.5368
165.9816	101.5005	168.4946
140.6843	32.4952	442.9853
62.1241	68.4285	459.4808
52.1440	15.7005	57.0119
35.2401	36.9152	66.1218
179.4994	11.3276	176.8297
107.7068	12.8280	90.2039
1.8638	107.3151	78.0357
69.6937	64.7348	379.1141
62.7355	37.5177	58.5992
86.3231	46.2307	263.9389
118.8984	161.2926	350.9321
122.3852	22.4021	21.3947
30.0061	147.5800	449.4896
63.9461	32.3816	143.3246
81.6473	54.4420	356.4446
70.7589	62.6844	143.0644
84.5797	116.2356	59.3732
141.2200	63.3221	426.2232
6.7213	124.9025	169.9993
0.9256	137.8034	292.3033
2.7846	141.5647	146.0286
153.5244	146.6654	321.8155
68.3939	0.8110	468.1138
104.9222	50.6108	297.6803
88.6541	160.8105	434.5657
154.6164	160.9903	290.1746
124.8925	153.6178	292.4466
131.8816	128.4836	189.3509
58.3493	146.1955	350.1584
179.0787	23.0122	167.8170
0.2280	85.9549	217.3557
10.7176	59.1353	14.0582
10.5402	75.4799	341.3925
154.2025	59.7325	22.6419
40.4976	62.7750	205.8962
149.8232	53.0580	443.1560
37.0936	88.6564	97.2205
160.2104	84.4386	132.1045
158.8599	35.2161	300.0128
89.8996	168.6440	317.3053
67.1104	159.2201	345.1832
95.9111	160.1943	259.8855
179.9851	108.9965	236.4607
78.5121	97.6348	460.6330
4.3588	101.4370	39.4301
74.9911	144.7915	135.8647
170.5835	65.9469	33.4129
19.7065	73.4479	323.1633
14.8180	27.5852	101.0702
154.1076	153.5244	387.1133
146.2806	172.1705	140.1865
112.6064	94.8892	82.6562
184.8370	155.0408	307.5883
126.7471	87.4709	123.5799
128.1411	57.7459	122.4210
123.2471	183.1915	435.4284
67.2505	9.0010	184.9405
156.5973	167.0587	256.9102
16.2731	109.4841	333.4983
53.1639	81.0809	425.6088
157.0653	14.9054	14.9153
169.3169	182.2809	24.9985
92.6443	54.4276	292.8422
123.0719	163.1232	90.7206
79.3323	127.0097	306.5286
111.0189	91.7510	414.3637
62.0403	82.9915	375.4150
100.9652	38.1813	320.8557
0.7202	33.9883	131.9964
42.2294	99.2387	237.4018
126.7428	21.9059	284.6312
170.4573	125.1061	16.0140
47.8361	111.6809	113.9692
78.0089	39.6152	297.2869
182.6591	182.7147	349.0721
128.7803	34.7839	453.7133
49.4968	101.6998	210.4505
161.8487	55.0226	87.8095
45.6470	76.4632	84.6658
93.1972	122.5356	140.1542
35.6180	171.4126	345.0560
15.6912	73.6716	41.6786
47.5602	28.3361	309.8251
117.4734	126.8924	361.8235
114.8136	89.6261	390.9235
152.3379	160.2865	286.6393
161.4943	49.3638	423.1476
33.2731	131.1330	392.9100
103.8039	11.4804	302.0925
48.0690	6.6258	155.9067
154.6610	100.6124	104.8428
178.5597	120.3814	419.2564
135.0340	183.2783	209.0083
180.0956	14.5096	48.9442
15.7900	100.2525	68.6203
87.4980	135.2356	351.9241
40.8180	36.0882	434.2041
142.8332	184.1393	242.9614
156.3703	142.3046	154.5534
77.4361	64.7616	251.5578
52.4627	174.0599	218.3662
71.3635	173.9874	135.1275
29.5715	24.8693	345.8632
25.1754	13.9696	360.7233
83.7773	173.6122	7.6530
150.7572	53.3335	379.1595
85.7179	119.7889	325.9463
146.2122	67.4037	2.8869
123.7581	101.1721	180.6649
12.2507	92.4582	163.7760
113.2258	16.5032	229.0622
96.9245	76.2415	135.6678
44.8802	4.1745	183.1033
136.0036	69.4401	193.0121
143.5952	28.4639	182.4340
27.9588	127.8393	405.9692
68.4428	138.3110	292.3695
107.8280	25.5692	154.0431
56.1920	49.7005	237.7832
90.3112	24.4951	63.6622
95.2420	187.5667	49.4113
98.3102	156.2585	455.5968
6.2360	77.7320	281.7477
28.8523	174.0409	276.0139
131.9415	35.8954	64.9799
159.4801	144.3861	429.5740
147.5565	114.3338	334.4693
181.8738	64.6541	195.6528
75.0774	64.5711	243.0505
185.2081	20.0093	42.5914
5.9648	71.8207	129.0370
2.4171	44.1412	115.4161
7.8696	184.8823	107.0344
36.0897	66.1659	275.0812
18.9413	83.4078	277.3308
157.4130	158.4448	35.7142
33.5643	40.3740	422.7488
111.7562	4.8583	78.3008
177.0237	144.0569	127.8779
147.9061	155.3808	368.7568
187.0932	40.0632	126.1403
43.3723	188.4176	226.2806
81.9254	45.7928	122.0577
174.8573	76.0695	123.0692
78.5515	8.7297	437.7208
9.6514	188.1246	406.3834
89.3699	155.5794	329.6509
102.4851	122.9195	362.9963
55.3143	155.7303	336.7929
86.2877	14.0033	348.1203
52.4479	100.6836	401.9314
184.3689	53.7898	54.5750
119.0582	163.4321	361.1133
152.5492	109.6138	97.8244
112.0274	9.4260	83.5142
57.5213	147.1717	414.3152
170.7487	35.3963	388.0658
78.6181	160.6338	92.3987
104.5456	131.8570	20.1502
125.9808	173.0678	313.4041
139.3223	168.6746	254.4430
23.2487	167.9209	181.6695
43.3380	104.7346	385.7453
158.1340	15.1091	199.1046
53.2435	17.0099	270.0518
113.9689	141.9711	372.0261
182.6073	96.7492	357.0891
59.9724	150.8816	91.7889
163.8631	179.6017	211.1665
85.6065	125.4981	82.4654
154.3159	29.2100	95.2423
18.9976	31.5718	457.3003
155.2420	66.7742	429.9931
1.9444	161.9064	141.2702
35.7571	36.7389	163.0363
43.3086	94.6863	401.1547
18.7065	128.8222	414.8029
64.4931	171.1227	206.1886
33.8119	133.6298	51.8005
103.5704	37.7255	128.4015
60.0401	15.7599	446.1425
19.4231	73.9828	148.6911
155.3862	172.9202	16.4208
38.3530	183.1268	337.0151
86.4094	38.8536	135.8422
107.0412	188.3219	360.8880
50.5353	27.7756	175.2527
17.8354	136.4350	48.2072
78.8744	161.9894	266.4845
76.0602	90.2394	119.5413
145.7119	52.8532	380.6996
15.2945	131.8218	64.1273
22.4883	138.0666	149.5513
74.3079	135.0533	403.4969
135.0187	72.2792	178.7062
87.0481	35.4693	447.9235
16.9252	91.6659	164.9985
81.0931	104.4656	422.3146
186.8143	146.1055	20.0671
17.9644	126.1243	164.8589
58.7921	133.1309	176.3471
147.9665	177.6707	252.8244
155.2167	24.4197	291.3850
67.8241	134.2800	247.4498
130.9052	126.1366	123.4267
60.3537	109.9069	307.5527
34.8966	101.6526	437.1546
48.9347	137.4782	257.1819
67.2662	114.3518	62.1412
126.4323	135.6358	374.8595
71.6292	110.2560	366.6567
164.2658	131.3102	397.3745
134.9129	11.2783	320.3157
45.1564	30.1961	320.0793
158.4995	100.9105	263.0087
99.1091	113.0197	2.1085
77.4087	158.3333	443.5522
13.2971	160.8227	449.8741
166.2016	85.0434	119.2579
20.0554	95.9596	118.1605
180.5039	3.9830	17.5348
165.1298	157.4574	147.1466
63.6774	75.6668	269.1827
147.2215	110.8063	139.1462
131.0366	130.4999	328.6576
59.5452	75.9207	357.2617
128.2392	74.8869	277.3146
139.3073	9.2272	325.9380
117.3171	177.4887	281.5456
163.9789	77.4468	399.2136
52.4858	99.3601	310.5801
72.1447	57.7375	374.1701
175.0256	175.4218	122.4505
41.9171	71.6285	387.8948
128.9897	147.5045	337.6836
79.0110	155.0969	227.2472
177.1061	30.9123	451.7083
161.9602	173.9419	435.0392
188.7323	18.4355	244.8750
163.6955	94.8338	376.7386
120.2752	10.2885	374.9952
6.2177	88.7015	148.8690
158.7760	83.3241	139.4994
112.4220	183.6625	141.5607
103.5490	87.3603	445.6559
159.2704	34.2934	302.7390
187.4331	75.8704	356.0771
46.6902	92.8513	126.0753
21.3818	45.7057	309.2493
58.7267	61.6102	179.0303
75.0678	78.8118	365.7770
130.2947	30.0625	453.7784
57.1959	24.4236	276.4336
19.0515	63.5838	224.6426
67.8290	149.0547	30.3001
42.3185	41.5284	189.5591
172.7315	83.8546	23.0232
77.6824	53.9377	433.2304
85.4521	126.3562	418.3219
130.0653	58.3430	153.3402
52.0592	55.5573	381.9646
64.9078	61.1435	49.0719
130.0909	39.1523	344.8894
67.3435	29.7261	94.3732
81.3610	161.5012	244.4738
103.6794	21.5222	251.4785
1.1769	16.4491	419.2283
68.7449	27.3253	381.1055
168.5605	42.4260	144.2145
89.8472	186.4084	39.1672
182.4724	171.6961	82.8556
106.1910	83.9808	193.6050
112.6162	13.3682	112.7565
12.8147	78.4748	270.1221
60.7922	131.6540	45.5767
16.8090	65.4431	31.1988
181.4079	169.3471	131.1344
105.6882	153.1480	213.4625
49.3843	39.6124	223.2874
42.3518	56.6708	68.2959
88.6002	90.9917	430.4854
56.5109	139.7942	447.1150
98.2974	131.0890	432.5358
107.7005	48.1454	20.5981
35.5747	161.3410	285.5555
23.1424	141.6477	429.9737
42.9768	172.0905	348.5552
139.9152	19.1180	267.8045
109.6947	112.5846	320.2182
19.7380	58.7474	194.6034
62.6555	146.0630	132.1942
7.6091	145.8559	64.1906
4.1582	175.8973	225.1694
42.6480	62.0145	115.5874
161.9150	29.6091	197.2958
54.3191	105.5438	276.4311
111.8346	46.4277	64.8856
119.2419	65.5625	263.4288
174.5554	120.3559	251.2445
126.2219	3.1051	97.4668
107.1209	9.4362	55.8683
152.6011	3.3523	281.2363
46.1529	30.6504	388.9258
66.0843	144.6669	41.9426
165.0595	141.7461	229.0327
185.5512	185.6786	167.4803
99.4199	53.1448	341.2202
26.8712	41.3800	328.7708
36.1525	90.3654	60.3274
56.8143	78.0692	167.8564
68.8818	170.7473	251.4106
65.2881	13.6319	5.1311
152.1715	146.3807	391.7812
72.1168	187.1213	301.1615
27.2116	180.4924	266.0906
104.0106	4.1884	173.9126
170.2518	170.1779	308.0295
101.1120	126.7031	218.0073
135.1292	38.8015	136.3467
142.5892	100.5339	62.1740
162.1809	110.3437	31.7321
140.5808	52.3238	37.9868
46.0678	135.0879	261.3081
110.6197	88.2966	7.7617
154.6835	20.6977	96.8150
42.9838	62.4224	73.3199
96.5504	158.3409	320.8780
16.9428	70.6040	179.2398
105.2611	70.9644	217.4066
17.2016	109.9510	137.5074
18.7564	95.9533	62.5761
48.4017	158.3959	140.9837
29.7095	110.9376	4.6808
59.2982	73.2796	54.9171
176.2561	138.3352	193.1466
122.9491	111.7719	0.6867
62.4662	141.4908	197.0760
33.4305	130.9873	180.0833
156.8373	59.3938	150.5609
2.8960	93.5622	131.6535
29.4130	126.6608	344.8077
28.9746	178.8219	261.7640
141.8401	167.5728	135.7450
101.8785	66.1417	258.8351
104.7433	4.9291	146.6416
119.5219	97.5703	410.5778
23.4061	160.2392	426.2991
16.2174	140.4506	73.6664
18.1597	23.6989	172.6144
21.6305	71.9318	238.5650
127.1214	12.8735	170.3568
182.7057	1.7097	40.4882
169.9501	167.4986	216.0081
117.0757	67.5661	155.2759
187.6071	93.2065	425.9242
176.8953	97.1242	102.3024
102.3853	104.7397	302.5648
118.9946	20.7515	50.3879
113.0611	1.9171	24.3803
118.6691	177.6041	211.8051
147.1193	186.6201	68.2526
90.3558	44.3443	145.7607
68.4966	75.2247	66.8297
46.0294	171.4989	327.1781
133.8740	130.4476	48.7249
83.8789	19.1008	73.8615
131.3935	185.5270	306.4834
176.9343	113.3516	202.6860
35.0954	102.1034	69.2558
37.1076	47.9984	244.9996
144.5053	140.8823	316.4529
75.0569	160.6524	399.4176
32.3202	24.6775	29.0461
11.8540	157.3439	426.1438
111.0341	44.5984	457.8631
154.8147	173.4542	172.9861
97.3990	45.1180	59.5579
160.2087	12.2729	189.7885
20.8557	174.9276	103.5954
97.7324	20.0445	400.3509
37.2021	118.1074	145.0020
12.4473	166.1560	258.2816
146.3294	159.6961	400.0782
104.2839	159.3086	59.6307
33.0364	162.7842	324.8422
175.6012	85.4401	105.1699
101.8450	44.1444	219.6578
5.9582	28.1686	254.7044
151.5098	107.8750	296.1843
85.6224	147.2726	46.6590
24.2643	23.6254	87.3912
169.9894	72.8470	419.4197
22.9389	156.4096	217.9667
40.1200	29.1589	210.3393
85.7059	103.2823	123.5648
156.3242	67.3525	54.9369
53.8021	176.5268	110.9498
58.7676	43.0345	368.2252
7.0183	60.1983	101.5767
29.1520	21.5343	21.1379
140.3726	14.3511	429.1264
15.5274	15.2771	395.6758
130.0148	127.5694	369.6217
121.7565	111.2193	304.6274
65.8643	57.2144	67.6187
100.5407	66.7182	279.7750
34.1718	4.2101	160.9945
178.5764	59.0188	88.4650
178.3758	133.6644	93.2002
178.1238	88.8530	354.3594
110.3245	40.6754	22.8326
52.4343	2.7896	428.9010
129.1502	40.2766	243.0610
89.0227	125.0184	382.0545
171.9962	128.4682	323.9444
72.3561	6.3151	146.9020
118.5575	81.9155	402.0142
83.3512	9.1964	16.2128
23.1739	181.0057	396.0706
65.0749	155.9740	1.4398
48.0656	129.5219	27.7796
31.8600	147.8115	365.2911
103.9738	72.3398	270.6715
189.0119	11.6599	437.2833
106.3740	183.6972	128.6375
146.9401	45.3720	288.7900
162.8642	25.3081	102.6716
107.9740	144.4266	407.2184
56.9263	186.9401	75.1616
100.0564	66.9229	257.6679
154.3622	183.2477	101.1631
164.4606	155.1874	458.4805
130.0625	29.0525	71.1614
152.2652	27.6801	229.3104
175.0292	63.2400	32.1553
147.1319	94.1279	135.1939
94.0503	85.3689	424.5028
17.9096	143.4024	338.8397
49.0571	105.8665	233.0349
155.0614	57.1772	380.1068
96.5891	156.8141	138.1552
186.7604	28.9567	470.1259
183.2432	109.6819	425.8604
27.4579	68.8516	102.5549
60.0645	177.7839	51.2557
65.6577	157.5584	326.8452
160.1986	60.9149	249.7287
143.4411	32.8939	285.0566
174.1583	128.0399	297.2340
177.3971	176.9754	189.4162
116.9530	10.7292	308.1407
55.0005	51.3906	197.8286
38.7835	12.4439	454.0413
53.5882	14.0150	26.0590
170.3683	171.5629	387.5780
33.1205	53.3760	70.1423
156.8984	165.2802	303.6285
99.2926	101.3480	317.1966
88.9461	187.7870	56.2267
82.8172	186.9748	22.7580
112.3439	44.5045	393.4310
156.6528	91.3278	188.0182
165.2229	19.3070	358.1599
169.0503	60.7964	315.0342
185.5062	51.5487	65.8264
69.6219	14.4831	128.6501
159.4379	114.3188	405.2140
119.7162	79.1939	196.2367
144.9976	101.6337	270.1087
94.7819	98.6170	346.0635
36.5123	39.0871	129.6902
55.4248	165.6139	201.7068
87.4489	166.9501	290.9216
79.2732	11.4212	276.1739
78.7683	140.5091	348.2214
5.1577	10.9506	390.6229
15.1960	38.0005	30.5816
21.9981	87.3377	166.0358
51.3489	158.6356	334.7092
73.8375	58.2650	324.2200
16.8647	186.6598	447.7038
93.9823	162.3058	84.1865
97.8288	150.7626	436.1847
89.4841	6.8974	156.4066
151.9221	156.9371	45.9796
62.1632	46.2587	67.2427
108.1492	93.6535	168.8976
145.4352	143.7745	198.8077
83.6980	57.0974	244.0330
70.8619	41.4930	363.8148
150.6635	11.5968	453.6033
83.1449	126.3524	337.5311
142.7536	147.1419	176.4013
165.3184	58.5448	163.4566
68.1274	152.0509	299.6334
131.0080	127.8093	303.3822
84.3118	16.8008	111.0181
173.1233	29.8418	185.0913
48.4338	61.6279	108.6538
140.1958	178.4892	326.8049
71.4894	104.6384	94.3388
101.8183	49.8809	327.1827
110.4577	84.8750	258.6084
52.5874	136.3040	277.1045
31.7968	146.8299	434.2351
124.8613	80.1419	336.6042
96.1155	100.8891	445.7392
120.6165	185.5757	130.3244
138.9716	107.6908	415.8476
107.7961	187.3225	127.2661
97.2172	154.9114	4.7299
115.3469	12.9584	109.4977
85.5615	97.2139	112.5369
92.0503	62.1883	62.4831
7.0746	89.1168	164.7671
176.5617	48.2417	159.3009
3.9700	134.5912	216.7686
109.7757	170.2708	12.6161
185.5383	24.6990	7.7814
143.9601	183.0637	166.0589
118.6278	73.6247	225.7764
70.1606	146.8620	441.6199
168.2859	93.9385	418.9803
118.8740	132.0627	326.7539
32.8839	9.0368	440.0676
74.7082	42.1702	350.6070
146.1017	144.3052	356.0301
184.4902	153.1516	399.2154
44.0942	143.1599	273.0404
114.0497	14.6445	91.8123
157.5350	162.0166	10.0985
181.6124	144.8854	262.8352
22.3640	75.8214	171.1484
53.3000	75.5213	79.5129
24.1689	146.5959	175.9799
144.5704	91.1749	157.3457
64.6743	17.2517	83.2165
2.5050	97.3058	337.5059
105.7622	79.1745	305.8177
83.1052	75.7495	457.9870
12.9788	7.1723	12.0230
8.7140	14.9418	413.6254
146.7343	123.8083	292.2149
136.4822	5.0658	33.8118
163.3501	112.3777	63.1671
162.3430	85.3065	139.5601
82.4060	122.5111	135.8327
141.9522	115.7343	152.7717
172.8824	22.1300	336.3341
92.0745	42.6367	28.1866
109.0585	172.9588	335.9656
92.6238	10.9782	363.1747
184.2355	162.9932	58.7527
39.7272	65.5338	107.8631
152.6348	93.2582	374.3035
54.7248	108.7538	416.4591
183.1669	37.4283	235.2568
142.6253	60.4933	5.9988
14.3888	94.5967	455.6952
17.1324	9.4247	145.8739
112.6251	92.1250	246.5160
103.8135	184.3753	295.1646
9.4050	82.3198	149.9989
142.3897	186.8200	187.9209
52.3975	185.0176	51.2094
145.6759	42.1184	297.6602
157.8452	23.5617	113.9392
173.0402	3.6089	228.0262
117.5970	173.9770	306.7490
111.2294	49.0044	103.4862
9.3794	129.0692	431.0648
157.4004	105.3108	140.3652
179.5385	110.5013	293.4102
65.0301	41.2782	79.9187
35.1938	140.2099	19.6718
40.3824	160.6708	24.6819
109.6291	89.3402	336.0270
107.6450	93.0574	428.1880
137.2555	173.3036	171.6711
87.4897	38.7922	84.1164
176.9746	114.3911	451.4570
146.9643	41.4485	348.1518
70.8853	25.5213	48.1263
92.3447	52.7546	58.0838
17.6656	13.8808	130.1844
149.7391	103.7843	107.6386
75.4501	25.5355	376.9730
84.7410	163.5547	98.4613
74.8348	23.9136	440.4107
117.4899	137.6452	192.3276
134.7617	137.3562	363.0445
83.5450	10.0568	104.5017
146.7708	17.0680	109.4148
1.9477	159.6942	132.2199
182.1985	132.8081	118.3914
185.7374	87.5411	231.2177
111.0387	85.8104	341.8664
35.2791	135.0215	395.2965
177.9239	119.3758	417.4688
58.3140	159.4869	361.3822
104.8427	183.1203	345.8698
158.6215	112.7127	61.6896
84.1494	55.0638	290.0862
159.4326	171.0136	152.9291
19.9640	122.3977	178.7228
173.9845	13.8809	333.4147
119.8293	184.2721	9.9263
128.7987	152.6295	364.7500
75.2253	188.9214	132.3555
21.8391	86.6148	43.1987
166.9317	170.4005	283.7332
161.8906	115.9271	365.0147
84.7099	107.2603	261.1836
151.1049	2.4559	236.5982
50.7688	177.3395	249.5065
47.2755	164.9656	137.3213
76.5027	12.0077	137.1513
167.2807	102.1649	429.7151
46.1335	34.3912	119.6032
179.9615	110.7404	45.9406
111.1906	170.2365	188.0354
115.4053	90.6535	4.2583
63.5798	185.1442	264.6502
14.2777	79.3821	268.6030
168.3198	31.0129	433.8529
15.5715	54.5201	217.9497
124.1188	144.4300	2.4663
130.2723	164.0510	74.8260
152.1099	52.9089	58.6597
22.4467	123.4815	248.7560
111.2276	129.8720	392.0798
1.8820	25.3851	250.9620
12.1321	11.4367	415.0279
36.0320	97.3796	256.9173
145.3572	37.4484	408.4391
13.7007	4.2997	9.8990
179.8600	62.9904	451.4588
162.1525	102.3825	85.6967
23.5787	102.8232	60.3970
115.7845	81.1258	300.2115
58.8513	147.4954	253.8173
78.0430	102.9746	314.6311
110.8060	30.6361	397.7246
27.6562	0.5597	195.8085
36.1056	97.6812	347.9323
32.0163	27.0667	50.9396
170.0541	16.6718	453.5248
56.3364	159.3508	167.4023
18.7862	31.8415	316.5389
23.9564	70.0329	205.3375
162.3063	148.6081	336.9515
116.7792	117.9285	128.2204
64.5680	61.1653	395.2068
25.6421	48.3869	66.4683
42.0133	47.1532	331.0227
160.1078	164.2472	70.5268
145.5045	139.2062	455.9189
162.7897	174.8119	222.1775
7.1761	75.6950	435.7112
1.9002	90.9626	64.2234
140.5191	37.5763	368.5089
143.0378	10.1490	183.5805
119.9297	53.6309	220.9572
179.3913	35.0989	324.4048
95.3447	35.9702	435.7261
57.5922	56.6888	45.6635
80.4894	54.9495	304.0515
105.3779	78.6414	419.2124
175.8330	49.5431	253.1499
102.8244	34.5451	313.9391
10.7872	44.0998	261.9467
187.7044	186.5425	25.2423
50.1154	45.1199	437.0892
157.1340	164.3663	33.4437
139.2435	167.3974	30.6638
140.6087	56.3692	292.5370
179.0932	129.6220	249.0280
79.4533	51.7176	309.2077
57.2689	9.8658	434.3143
129.1615	134.5961	183.8516
34.5687	1.7145	206.8414
69.2184	175.9263	129.4654
74.6365	59.0663	279.7228
124.0809	68.5488	407.9289
129.0797	179.9704	426.1613
108.5355	158.5683	217.0985
12.2383	75.1309	140.7863
90.9512	8.9582	458.5071
53.2073	183.6616	249.7968
19.9396	99.2628	242.6151
81.1418	97.1751	327.4027
51.4252	45.5787	39.8626
143.5626	59.3624	398.6499
9.9977	116.6820	153.6871
93.1304	17.2892	293.9303
4.6430	46.3090	180.1193
68.7780	183.1276	58.6740
90.7936	122.8302	166.9556
4.5497	61.1492	147.2722
166.0798	96.6399	372.9045
65.2737	1.9550	213.6979
58.7917	35.8853	164.2427
18.7024	73.5511	238.2915
2.3419	178.9547	228.0230
80.5413	145.3997	350.4668
0.9538	92.5497	317.8796
7.6194	33.8797	328.5002
90.1850	173.0601	77.4569
114.6890	3.0031	335.1405
164.6101	136.4521	17.6444
52.0869	30.6011	174.4788
36.0417	124.9430	407.3516
59.3461	173.4556	287.9485
61.5968	97.7487	382.1554
145.5312	96.4542	363.6315
129.5934	22.9520	69.3669
154.6924	122.6975	201.7425
1.0736	30.4017	191.2896
11.4979	73.8795	332.9450
51.0283	141.1810	145.6247
157.3863	182.2317	128.1907
142.3969	75.3410	228.2180
99.4697	112.8556	178.1940
16.6230	181.3367	365.6561
78.5541	90.9149	143.6451
86.5734	117.6486	225.8647
1.0902	58.6143	276.7091
73.1226	117.3668	405.1867
88.0328	51.4830	316.1770
56.2303	36.5484	70.5788
65.3684	150.0931	305.9247
147.0998	140.6396	333.2743
30.2068	55.6806	359.6743
170.4863	167.8107	351.0809
35.0523	37.8033	399.1729
105.5893	111.5260	327.7759
147.5336	155.5542	103.3293
31.4479	46.5264	445.1278
23.6723	183.0458	223.8590
79.4631	115.0285	395.1769
182.7863	140.9738	469.7998
142.4535	2.0085	210.3951
90.5851	63.8354	278.4475
44.8649	99.7014	386.0914
183.8230	66.3058	320.2315
139.0967	33.6182	221.5262
75.2450	32.2313	48.5007
12.3761	70.4891	229.6017
111.6705	28.3033	122.4774
106.4091	1.4170	187.4397
7.9922	122.2042	219.0473
130.8044	52.6828	22.6433
153.3168	171.0640	256.8515
112.1909	20.3715	52.8889
151.7156	23.0070	104.1743
66.3208	48.9614	357.0729
139.8004	28.4689	85.1805
70.2558	133.5608	423.3400
98.9790	62.5684	279.8518
160.0452	86.1629	371.9853
27.3744	124.1012	379.6703
175.7377	42.2026	128.7289
55.1962	66.0667	456.4837
22.9775	150.4564	333.0009
62.7616	124.7672	68.0180
172.1773	131.9204	17.2446
111.8714	42.5051	260.4384
44.0252	155.6025	100.4459
92.7187	118.9971	10.0674
27.3352	87.5341	53.4338
109.7469	68.0997	354.4222
59.8597	137.8706	288.8782
61.7670	50.1987	411.8734
141.1992	153.8266	37.7785
132.4587	19.5566	208.8100
64.6425	165.9435	0.1761
101.5773	153.0179	311.1580
107.2035	41.4351	440.6064
58.6503	46.6971	365.1877
183.8301	115.9891	267.8760
107.8444	5.3164	232.6387
44.0952	110.8748	243.7578
1.5869	20.6233	446.8161
4.5116	20.3688	248.3231
161.5190	165.5128	309.0896
20.7327	65.7805	125.9092
81.2721	86.3586	207.9339
125.0551	122.1051	40.5555
18.6780	36.3948	43.3013
53.2406	121.4011	301.1061
5.3902	178.9599	412.4382
150.3359	60.3838	8.6090
2.8946	134.4561	236.6510
63.6944	83.6659	118.2361
145.0574	42.0955	335.6661
147.9178	0.3089	73.3258
38.9319	140.6813	83.5974
47.9041	15.4737	58.9962
160.9309	33.5617	172.9914
34.4303	92.9369	263.4102
94.2833	126.8152	307.3813
54.4443	112.1060	192.4767
8.5989	56.7889	92.0189
66.1433	81.2724	237.4034
2.4009	10.8232	308.5277
54.3977	154.4073	183.8671
164.8319	55.0789	434.9252
128.2346	24.9163	66.4952
71.7617	118.8718	308.4117
144.2546	188.1050	141.9994
154.6970	110.0063	140.7468
119.4830	10.1558	184.2657
185.7068	74.6383	212.4766
120.7893	107.2888	268.0171
123.8127	126.3305	332.9839
88.8868	116.0904	347.9856
146.6356	50.2344	28.7000
53.8555	45.1127	238.2369
141.0933	187.4811	59.5764
188.8081	152.2508	330.1962
36.4925	30.1658	354.9601
88.4378	152.1751	111.1751
177.8093	144.2717	381.9108
46.9668	102.5363	397.6736
141.5956	66.1454	371.8365
182.6110	3.1150	313.1809
176.3020	155.0054	373.3069
57.7900	100.9985	263.3014
163.3077	36.9637	257.5341
33.4032	58.9789	325.7050
40.6886	19.0649	171.0612
123.6812	163.1607	65.3423
121.6187	53.1841	62.5236
39.4075	23.8284	437.5904
164.8049	187.6488	390.4414
57.5477	37.6373	170.5709
185.9750	25.9041	270.0857
150.9112	101.6284	262.4610
126.3943	75.8848	160.0251
17.3959	21.8017	273.1524
77.6810	57.4367	255.3632
165.6819	76.6368	379.8196
173.3042	34.2447	72.3771
182.6048	14.5940	440.2406
43.6146	129.8906	22.1179
88.4905	38.8067	119.7665
132.3380	7.6669	73.3520
67.9593	136.6545	18.9355
177.0160	84.0834	425.5678
38.3512	26.0712	48.0535
108.2639	180.5768	136.6834
104.2719	13.6265	358.3808
60.0002	116.2340	278.0794
52.5742	112.9662	83.0641
177.9314	116.5458	70.3627
37.2258	160.6358	392.4478
177.4604	8.5832	444.8779
36.8022	101.7961	294.8601
17.0834	112.5847	423.8528
23.7096	133.2554	235.7673
23.4516	186.6219	232.2490
161.3098	1.5653	84.5988
145.1235	21.3315	98.7727
1.5480	155.4072	184.0995
106.5130	124.9169	282.9471
2.2279	43.7368	190.3949
130.7055	13.3171	35.5594
182.3412	26.8170	365.5120
11.5313	163.8318	85.1501
20.4684	120.7036	253.7784
160.5868	185.7117	423.1754
1.2187	62.8005	288.6304
71.7114	88.8514	357.7706
114.2607	163.4966	335.2739
154.9657	180.1532	347.1422
61.3078	87.5702	346.3713
13.9625	110.9739	24.3307
161.1800	39.0352	446.1850
154.0866	114.3340	126.4904
173.6292	164.2398	239.9060
139.0874	52.8063	198.3930
22.4293	156.6542	63.7424
118.2665	37.7698	2.4330
2.0064	63.4496	86.9873
41.0377	98.6657	327.8172
118.3234	42.8551	147.2191
60.8840	37.7516	216.4251
69.7218	165.0884	378.0146
95.9051	25.5984	411.7909
104.0337	179.1365	422.8303
96.2669	2.9269	77.7456
48.6682	29.7518	313.0873
9.4463	124.0968	287.8280
34.8841	47.7400	95.0661
171.3985	42.4209	68.1205
68.6697	58.9540	9.2141
49.3123	51.4061	429.0871
86.2203	29.4717	251.6566
103.9382	172.0622	274.6238
38.3224	81.1309	197.0981
31.7471	124.9432	232.1961
171.7558	62.4866	284.2172
109.5694	132.0133	399.6540
105.7277	147.3375	15.7536
167.2303	50.8113	424.4851
166.3093	131.5242	134.0789
96.9259	162.4618	456.8906
151.4917	45.3395	335.2382
82.6604	170.8911	336.0201
84.4993	43.2873	148.6209
41.0831	138.4357	167.7838
177.9188	125.3642	321.1670
128.1241	185.6895	304.5693
99.1831	184.1921	370.2486
148.8940	176.9581	255.7025
142.2256	35.0997	132.2902
106.1151	177.0345	424.8592
88.0497	36.7002	66.0027
33.8361	156.4772	22.5725
130.3519	22.9382	316.8600
75.8025	58.5724	106.5557
125.2348	138.7363	327.7138
30.0887	127.4510	127.4103
81.8812	160.6481	290.7094
103.7431	81.1745	112.3245
126.3248	179.1743	190.6231
166.4688	134.6768	203.0869
133.3304	170.1152	34.3459
16.6608	21.0180	368.1804
129.8719	98.7792	152.4234
31.1751	139.1553	199.8687
84.6977	91.7011	398.8572
147.1217	20.6189	127.4422
75.5589	83.7443	363.7344
64.1566	185.1888	73.5214
65.5603	10.6780	124.0460
52.0318	145.1085	105.7564
131.6084	0.9134	171.3947
187.4612	37.8953	141.4162
175.6635	156.3197	100.9822
127.1021	133.5829	467.5431
51.9608	89.8222	277.7090
124.9277	41.1732	363.5663
10.4008	68.6084	419.9108
37.5826	136.3024	102.2878
146.1085	58.1644	410.0730
110.9718	34.7378	369.4880
123.8254	42.4203	342.6654
2.3762	69.5079	331.6323
9.3709	122.1410	72.8000
170.2451	143.7761	228.4601
118.7702	141.9839	66.0728
123.2801	70.5330	2.3861
99.6860	0.7646	368.8829
7.0497	21.8629	468.5206
58.1572	94.3410	97.2262
120.9873	159.3707	100.1821
180.3620	176.6565	228.9513
170.7989	68.6217	127.4080
155.4372	130.4710	47.8959
52.9760	142.5918	97.8021
11.5197	79.2636	16.4995
4.4670	17.6443	446.3914
32.9059	158.3135	32.5898
4.2442	113.5564	44.5990
15.1287	127.7582	247.8203
66.6182	127.6015	380.9635
110.5668	25.5500	40.1297
16.0978	153.3813	428.2967
11.9923	25.8629	186.0452
144.4234	85.0459	108.9474
103.1736	182.9471	26.6284
80.8176	158.1148	423.4635
83.1626	136.7889	126.4288
19.3000	37.6733	33.8146
18.0969	29.6188	95.1928
151.1815	30.4596	396.7189
28.0525	126.1582	154.0748
128.7813	7.2711	115.5429
159.3530	9.1063	373.9413
65.5931	2.9235	453.1782
112.1258	150.1009	85.1461
0.6821	71.0310	145.2497
114.2297	96.3047	252.7149
184.6148	115.7919	376.1324
125.2494	32.3183	256.8736
11.3858	62.0135	242.3691
74.9902	163.5887	400.5634
45.6646	44.5045	19.4501
43.2764	139.7883	18.9766
64.5306	18.6198	348.5458
117.1749	144.3096	380.6040
122.9669	100.2074	279.0808
113.1630	75.0513	283.4274
111.1599	88.3993	122.6211
115.0299	2.3734	189.5568
113.7612	124.0622	254.9502
186.5499	13.7457	21.2686
83.0075	86.2411	45.3845
7.6841	48.3984	47.9351
114.3945	97.2602	451.3310
134.7059	61.4898	175.6860
44.7756	9.5498	323.3304
36.3139	173.3861	69.6181
47.8182	19.6983	423.1960
124.8347	178.3941	171.7293
101.3458	63.5124	255.2108
94.2510	31.8023	381.7183
135.1242	72.7826	272.8239
55.3518	135.4836	278.3041
139.0989	57.1579	392.6474
133.3227	35.3319	197.7155
40.1174	31.4719	67.9220
133.5670	102.4535	185.1014
184.6341	143.1534	71.1727
80.5916	188.9905	364.0500
27.6162	64.2391	76.3777
63.7104	6.3029	329.4719
63.9780	129.2874	453.7161
2.8307	29.8315	168.8720
146.6632	20.7075	87.7748
57.3551	122.8185	418.7232
61.4196	168.3237	114.9579
43.9988	139.6066	390.5878
175.9889	81.8726	282.2269
26.2473	152.9798	233.0280
46.8527	184.3069	47.9421
47.4033	17.5569	51.9012
122.0928	33.0155	101.6223
151.2228	34.2805	219.5007
3.1522	129.6048	248.0157
27.4466	166.9624	105.2578
38.7676	124.7024	53.7220
18.8495	174.1708	6.5678
86.3223	72.8421	114.8003
6.1845	104.5807	28.0752
96.1747	83.7852	80.4260
122.7616	175.9219	149.3205
54.0007	159.3226	470.3586
89.8249	43.5712	276.6316
22.0656	23.2892	108.5523
95.4524	22.2371	221.3010
85.6500	102.9888	8.8881
138.4971	163.6928	31.3246
168.2329	143.0732	278.3646
171.5109	25.0129	370.0570
178.5582	83.0022	140.0600
126.1993	85.1492	120.7373
108.1360	28.4079	263.6915
148.8621	12.9882	148.1570
129.9065	109.3775	174.5976
72.6042	49.5217	114.4415
158.0679	14.7684	280.9084
76.1641	47.5054	223.5643
56.0712	10.7611	241.1920
60.0931	140.1202	228.8243
168.1445	107.2416	112.4830
160.6848	182.3880	227.4758
182.6820	133.2795	190.0760
117.8397	112.3476	331.5920
148.1006	153.8269	165.8205
110.9923	77.0473	454.4365
82.3062	28.1035	312.9891
124.9872	62.0889	351.1698
27.9986	84.4110	42.3648
173.2222	149.0580	69.6713
53.9614	7.5011	103.9956
188.7696	129.3535	435.8996
112.3521	129.5808	400.8677
145.7249	180.4231	118.0934
138.2663	37.7590	330.5913
77.7759	19.9209	79.0465
134.6262	66.3254	2.7865
11.9545	48.6214	361.0476
57.0428	69.3203	180.2720
63.1074	182.2489	249.2823
55.8677	90.4910	128.4815
125.5964	21.6057	16.4506
72.3357	175.6215	231.9730
179.7419	155.7677	399.1875
104.6678	134.2090	149.6551
130.5508	108.4098	339.7368
31.9604	187.4901	373.5296
20.3234	108.2570	321.1880
59.7851	69.5870	136.5065
42.0068	34.8095	167.2082
183.5804	166.7894	147.5584
94.9317	47.5935	456.4326
161.8514	171.5747	439.9915
35.9450	2.7628	449.5518
110.3262	146.7779	334.4816
173.6344	149.4358	447.7763
83.1610	68.3567	2.6786
18.9640	107.3236	310.4775
150.2081	155.5654	145.1072
23.9700	174.1921	387.3570
133.2102	127.9443	40.6508
181.6489	89.6065	405.2447
73.8284	32.3133	37.4918
107.6210	124.7451	153.3375
184.2219	138.8293	271.6211
44.7614	157.4113	129.8687
80.8894	179.0853	1.8968
143.4914	26.7805	424.2110
171.4089	154.8886	15.5051
187.5667	166.0895	84.8646
22.6037	180.7460	427.1715
177.9720	40.8434	438.7315
119.8684	87.8300	204.9844
161.6739	178.5307	430.6793
88.7146	141.5583	295.0457
174.1186	48.3750	230.2239
65.9839	170.0889	243.0593
100.5979	24.9908	387.6884
21.3375	163.1790	316.3942
84.2745	21.2586	457.9106
76.7668	156.4571	451.2746
136.0575	172.9895	163.9451
3.0536	179.8753	170.6747
176.2249	185.0623	331.3886
150.4242	164.4695	408.9942
68.8792	79.2010	88.9683
177.3653	2.0296	250.7199
84.8842	82.7158	145.2468
49.8695	120.6391	288.8145
37.9042	48.1296	269.3986
125.2010	134.5163	32.7181
11.4462	184.7306	48.7283
68.6164	147.5585	457.3234
181.6974	76.6560	425.1240
81.4931	55.3952	416.3999
29.9736	64.7264	197.8215
185.6000	159.3822	185.3667
170.3968	146.5879	451.0292
26.4715	178.5102	428.2131
62.1528	65.0382	39.6555
180.7265	113.1064	17.4509
16.7570	61.0669	340.0247
116.0643	29.5912	75.3719
36.1751	184.0392	297.5877
91.1867	183.1974	113.1893
85.9690	111.5195	65.9766
79.9581	92.4748	17.7199
164.1980	52.2981	185.8856
51.4131	116.7357	62.9896
134.3930	184.5981	147.2002
140.4462	122.1954	197.3512
17.3375	101.3185	440.6007
176.1479	108.2261	197.2988
182.0499	26.4572	273.4315
161.2770	182.7212	382.3370
72.8165	88.2300	207.7740
9.3554	160.9362	436.5613
92.9953	55.7870	60.1496
116.6625	70.5200	328.7150
156.7023	142.8778	114.9861
19.5570	182.6995	102.6323
116.2633	107.1955	372.4807
128.6538	179.1486	312.2058
76.2645	102.4331	459.1135
9.4175	107.1516	457.3812
115.2820	112.0985	436.1708
112.7933	34.4599	58.8518
132.9212	23.3176	162.8103
170.3628	90.9510	243.1907
109.7065	67.4795	213.8019
124.4083	91.0232	233.2613
128.7583	168.7127	365.3471
74.9788	3.7638	113.2389
86.5778	17.4742	161.8932
13.3877	104.7219	123.8292
33.3253	23.1676	391.2377
130.2015	70.3350	210.2909
8.8128	28.0232	68.3391
134.8662	55.6578	123.3389
146.0755	118.9620	239.2777
97.8913	44.1036	49.1353
163.0983	164.5988	227.9154
182.1255	159.4562	187.9657
130.7239	117.2332	190.8928
102.0098	188.5298	195.6073
170.6175	40.1940	99.9977
100.1067	70.7827	311.2150
98.8779	181.5974	341.4628
42.0038	164.4129	329.8253
19.7670	110.1513	334.1247
171.8604	124.7341	420.2265
166.2943	87.8730	118.3754
65.7723	13.6257	118.9459
137.6210	87.5461	132.4756
94.2057	137.3268	206.4069
67.9407	178.2043	167.9703
128.5384	86.2233	185.6317
159.0186	29.7295	312.2936
143.2966	68.4618	430.1542
101.3296	28.9098	98.5013
8.5923	130.6780	338.5056
184.3596	122.8103	146.0780
103.9040	183.8144	93.0426
22.7078	26.9159	81.7355
55.5497	143.3307	298.6967
83.9502	148.4807	251.5303
155.3946	20.3217	10.5890
35.7344	153.5585	43.4269
23.8083	28.7071	19.4758
156.6459	117.8054	333.2038
129.5085	86.8053	180.2628
167.5100	28.9450	152.6030
91.0711	39.8422	8.8438
133.5668	131.3934	351.8038
171.7027	177.7983	331.7019
90.7801	28.3787	347.8054
127.5088	174.3968	260.6833
60.8017	127.8588	55.6976
23.6118	127.5063	224.5608
113.3385	4.7696	306.1899
118.0217	129.8741	373.0669
87.3932	170.3632	146.1184
136.6811	0.8046	154.5351
31.5217	73.9704	374.6112
145.9961	11.8242	206.7008
26.2112	77.2714	143.0630
175.5986	65.3948	331.6566
92.3153	15.4848	357.1550
66.7818	181.8422	251.4848
18.5838	4.2089	253.0307
69.4338	176.0581	53.4261
9.5958	134.7963	385.3171
77.2086	109.8979	83.2375
29.2977	91.3823	76.9821
80.9873	89.2258	140.6265
34.6882	172.0633	170.3077
73.8617	149.8364	324.9939
153.8844	152.3603	103.9606
13.8484	15.4460	244.6960
116.2410	45.1830	108.5785
72.5224	105.9904	175.6864
60.9539	180.0125	144.5339
15.7974	92.7424	197.8028
59.3330	86.7573	94.4759
43.6152	116.5253	179.1099
167.7576	93.8761	307.7131
134.2746	131.1455	48.1521
140.5077	61.0520	425.8203
167.6565	180.3386	143.5669
172.1411	127.6808	168.5226
177.4673	156.8376	230.0381
114.1500	56.3399	421.3527
102.3360	5.6558	395.9106
131.7573	20.0688	191.4702
101.0071	186.1484	206.4718
131.2237	188.7274	94.8925
6.3345	183.5086	351.8084
13.3101	40.7284	261.5690
174.5719	184.3747	375.4313
3.8683	181.5269	356.6482
87.6023	62.5949	25.3744
28.6269	43.5454	40.4483
85.1556	33.6525	350.9645
10.4538	55.1572	295.4300
146.4251	86.3072	150.1695
185.7053	173.4113	65.5834
186.5385	27.1756	255.9777
109.8078	95.0028	176.4155
66.7607	172.5384	272.0306
170.5043	29.5162	399.2767
111.7732	8.6247	75.2419
130.3448	126.0868	126.2179
168.4248	144.6619	374.5970
49.6563	176.1542	239.1874
19.4229	24.7872	98.5982
164.3363	161.3364	470.1133
41.7208	131.8233	268.0310
106.1927	161.3991	469.1877
3.5361	188.3642	461.7629
135.9863	30.4013	226.5131
95.6443	139.4379	307.9888
41.5369	86.5039	192.7374
32.0700	118.0465	236.9326
105.3746	128.3363	19.6102
2.5359	173.7696	198.6720
126.1980	40.3484	344.3181
153.0963	39.5261	18.4563
43.8850	175.5432	184.7174
181.2618	136.8057	2.7258
34.1698	43.6120	148.6039
117.0296	118.8597	286.6738
75.9687	155.5350	400.9967
125.1412	3.9806	379.5279
137.1391	5.9018	78.9830
93.5241	4.1844	180.9777
17.5962	183.4827	3.8810
146.5372	79.5985	327.2264
54.5692	23.7292	42.6470
121.7188	183.7639	98.6970
169.9594	116.1543	16.0951
126.2891	140.1652	446.9562
76.8234	17.4885	179.9410
166.1434	19.2236	462.7314
20.1197	78.9401	46.2724
183.5880	128.9293	364.1552
52.5700	54.3284	414.6226
30.8969	83.1181	152.5346
46.1757	66.2417	362.7601
124.1987	158.2231	145.8415
54.9307	10.5100	132.1737
100.2207	99.9514	376.3891
152.9271	61.6809	414.9068
4.7244	42.4960	325.7931
9.8229	124.7289	302.5281
121.6396	20.6029	399.6166
170.6220	45.4808	157.0346
68.3839	76.6300	365.3680
10.2463	62.9348	27.4538
81.0827	21.6852	413.5287
70.1225	179.8755	454.9198
52.8581	63.9720	174.1610
129.8122	111.8127	241.6451
140.9389	91.9451	60.6851
64.3081	88.4328	264.1773
38.8393	131.0124	191.6843
34.6388	96.4060	268.0911
15.0233	162.0324	76.5986
77.7964	63.8484	468.9668
38.1317	151.5575	190.7117
187.9746	67.4537	215.8481
27.9850	95.6774	9.2187
41.1986	64.3961	142.4279
64.5173	104.4208	190.4605
101.6358	23.6324	31.1961
138.7641	38.5478	370.8074
31.0441	27.6927	288.5656
175.1216	78.2142	195.2626
135.1550	144.7609	34.4915
48.1111	50.1586	23.0616
162.0049	137.3143	285.7820
175.6771	179.4550	360.7536
118.1865	164.9089	449.5272
115.2915	52.5291	392.6569
161.8920	143.3441	229.1117
166.7275	135.1499	43.6106
87.4288	137.9264	276.7927
14.7824	5.4919	316.6240
117.4197	86.2043	180.4448
52.8444	95.4171	179.8909
97.2987	136.6451	15.2812
150.0223	113.1452	54.8980
97.3062	1.9862	246.6220
132.1571	91.5893	171.4548
17.5065	31.3654	15.6334
167.3538	28.1280	371.8413
38.2044	139.2206	226.3910
116.5840	84.1123	288.8180
49.0057	117.3216	59.6471
170.8283	86.4761	287.0045
179.4556	42.1678	168.6362
7.0560	175.4558	424.5125
182.8865	181.9050	463.1635
188.2048	91.5608	395.0121
24.7243	100.8205	142.0226
10.8439	45.2569	151.9496
42.6081	82.1355	190.4386
120.6609	162.6015	233.0641
76.2932	151.7209	371.2919
136.9919	0.2113	174.4044
122.0629	84.6102	123.9165
114.3537	88.1642	247.8678
186.9130	156.7158	242.5847
121.6460	71.8100	407.1990
122.4019	22.0144	56.5774
129.8980	16.9099	441.9965
59.6381	22.0271	336.1724
143.9843	184.3999	237.6219
120.8686	0.3666	16.6170
40.5118	3.1555	342.6639
121.8728	109.3446	429.1280
31.2945	33.2496	309.5391
27.0266	22.9681	454.9366
54.7771	26.2641	332.6633
184.5689	38.5405	249.5810
58.6177	142.4302	319.6131
179.6743	148.1583	415.1242
187.8769	32.1072	110.2547
16.6753	46.6133	342.2254
0.6232	31.1460	43.0925
80.1775	71.1227	407.5520
132.7717	135.2582	14.5203
164.4386	166.6453	380.1262
122.7261	82.7825	419.8272
99.7675	182.7420	64.7214
85.8466	50.1292	289.3473
84.0942	31.6053	420.6842
181.7657	157.5069	152.5150
68.7177	9.4829	137.7738
112.7420	47.9414	258.2453
127.1579	141.6874	391.8716
81.2585	36.8289	262.7279
20.8175	177.0800	5.7671
66.0118	20.2812	431.7527
170.2641	96.7472	119.8959
41.7435	57.4166	269.3037
76.3638	153.9039	5.0391
98.8218	156.3218	309.2423
145.7743	57.2933	251.0317
36.1603	5.2113	293.5955
84.1234	91.1254	142.5344
112.5581	110.4153	109.7783
131.9887	65.6629	448.9256
64.4773	42.6610	115.3601
173.2093	125.2553	147.3215
8.3759	129.2735	197.3969
103.9837	82.2911	425.3795
162.8876	45.9302	311.0620
177.4435	142.2559	411.9339
9.7914	28.4998	182.6337
171.3302	52.4886	350.4546
94.6842	12.1807	364.9520
106.9353	127.8896	437.5429
132.1047	36.2524	201.8358
180.3394	24.5418	336.8434
127.4931	182.4041	387.0857
76.4790	152.9521	202.3794
175.9811	162.9036	196.4098
108.1100	143.5786	19.3244
19.4614	151.3181	444.6948
108.8517	44.5212	154.4953
63.7468	168.0251	310.0313
81.1242	135.6057	325.5782
64.2600	53.4495	211.5565
47.8576	62.7888	465.9066
97.8427	97.0285	284.2034
158.5200	180.3308	454.3690
188.7570	171.0224	151.5321
49.8029	118.0831	149.1457
94.5024	98.6152	226.1718
57.4826	54.8825	375.3527
98.1211	70.1941	417.2850
134.6317	132.8467	360.7510
81.7495	163.5283	214.3329
102.9384	179.4149	14.6770
0.3789	59.9520	21.1578
12.3902	118.9449	275.3096
29.3970	20.3756	307.4074
110.7119	61.4889	154.7553
78.9558	118.6412	328.5414
61.0386	182.4049	162.7631
77.2323	107.2082	81.9176
96.9529	130.7563	154.5028
2.7868	106.1696	464.2739
107.2923	3.6222	173.9444
19.0867	101.5658	402.5785
0.4246	83.5979	183.9948
57.6205	0.6942	70.5664
45.6880	93.5945	17.8973
23.7970	9.7363	62.2250
53.3319	136.6020	153.4436
19.7437	32.0677	50.7407
188.8163	55.2628	457.7165
98.9845	110.7598	286.2377
52.7890	109.1576	381.5232
79.4553	67.5507	245.6446
154.9571	44.7596	431.0744
135.2588	175.2014	408.0304
70.8114	60.8070	305.3542
70.5423	63.0799	305.4644
156.1491	147.9242	154.0927
72.5654	65.8204	420.7391
173.5605	129.4517	152.1600
55.8472	26.5481	35.7349
13.2139	75.6126	144.7050
161.0942	183.9370	285.7563
102.9666	1.9359	192.5501
153.6704	75.0080	295.7461
13.4739	168.9820	119.2351
43.7952	150.3069	465.9404
103.4056	106.9975	428.4066
160.1834	37.0020	211.1713
141.9337	173.4366	20.5695
32.6664	138.5095	169.3920
5.3248	48.8400	6.3334
26.2597	102.2364	18.2901
71.6662	135.4085	311.1978
78.2030	41.0548	65.9936
181.0269	156.6948	414.5427
34.5139	174.5224	92.0860
39.6195	115.5736	270.9914
118.4472	184.6149	203.5483
148.8961	14.0993	102.8994
143.7394	91.0697	243.4630
154.5433	3.3167	99.9220
121.7905	22.4918	367.2903
7.5757	15.5461	96.6507
95.1662	141.2516	279.5798
130.3058	54.3127	54.2438
103.9516	36.2379	452.5881
65.4702	25.9877	265.1309
163.2914	95.3517	439.9254
53.1112	178.6827	312.8472
183.7688	111.5847	455.1730
65.2590	134.3163	307.9975
109.1887	183.4076	115.1894
146.8686	158.0387	124.3804
17.5461	65.7341	460.8227
96.6906	18.1705	383.2275
66.5924	100.9417	399.4072
186.9821	80.5140	82.8757
38.4564	132.0476	59.6233
74.0491	151.0593	242.6253
121.0934	44.1529	357.7712
180.9507	77.0275	214.3708
50.5288	40.0478	150.4401
134.7374	62.3754	393.8001
156.3377	101.1217	59.6419
129.8584	110.4384	240.6574
80.4672	40.2146	189.3818
153.1104	133.7450	454.4231
62.5437	178.3014	420.8276
81.7240	32.3614	322.2979
138.6299	20.6832	191.2300
21.3893	15.8638	125.7232
4.5137	16.0506	128.9463
119.6588	158.5318	83.8667
19.3961	96.8897	105.9390
123.3483	135.8095	328.2808
36.3540	24.4250	5.1270
29.0380	136.1859	223.8001
99.5014	51.8339	304.1514
186.7528	158.8848	342.6228
24.4958	117.7195	19.7968
132.3737	56.2156	58.4832
42.8365	132.4683	184.9826
63.7767	22.8307	58.3026
68.4748	58.6661	11.1688
121.7015	114.1560	369.0164
24.8093	123.6506	30.8406
126.6862	149.5596	237.5431
160.6876	150.3697	309.3280
17.3023	17.9509	365.0357
137.1515	42.9187	51.5004
62.9259	76.4168	411.1750
135.2368	154.8166	52.4276
12.7984	172.8857	365.3723
30.3396	5.8740	446.2931
96.0416	5.8598	6.9475
130.1074	91.8947	389.6488
178.8641	73.6583	402.5780
156.0549	173.6825	371.7153
114.5346	45.6729	6.9153
59.9292	70.7360	124.4095
82.4514	172.8905	164.1544
90.9080	103.7845	110.1829
119.5365	12.1745	116.2555
90.3887	22.8801	160.9713
171.9947	142.5508	96.5261
166.2884	163.0254	235.2903
136.7222	29.7883	42.6636
15.3915	17.1342	344.9422
75.7617	52.4388	431.1406
100.4755	181.3424	70.5874
169.5663	23.1811	237.9486
86.0379	37.9329	438.4406
40.8354	136.1219	0.6314
80.1441	89.7518	264.0456
43.5782	163.5578	217.7298
113.2252	62.1546	460.9100
30.7017	138.8440	435.0724
75.5440	46.0032	177.6478
88.6030	163.2384	388.5715
20.1724	168.6274	396.3568
136.2871	147.2679	404.6507
129.6714	39.7070	174.4949
116.6385	121.4495	360.2561
41.7327	26.0623	98.7034
79.7260	113.2118	386.7645
165.9010	187.5337	6.3510
183.8553	55.7792	312.0440
155.8031	141.1191	349.6095
33.7297	69.8009	438.2899
32.1715	79.7420	170.7464
139.5834	43.3681	94.2631
53.9940	11.1815	151.4224
114.2820	170.1614	377.5274
64.5460	106.1736	100.7620
116.2639	126.9616	19.6633
60.0835	46.1269	431.3317
140.5921	2.3281	306.0531
165.7741	116.8685	34.4830
0.8513	131.5932	90.5666
42.6143	171.7623	456.4865
105.0676	143.1855	267.1097
124.8457	176.3147	266.9980
169.4859	166.6422	363.7125
67.4728	126.2228	447.1575
143.1498	36.9805	349.2962
118.3332	89.8075	360.0260
2.1204	35.5882	43.3881
99.8925	18.9807	192.3436
101.0966	83.9598	78.6601
13.6181	114.3016	297.0273
171.5687	120.2487	290.0204
28.8560	104.1901	96.3878
160.2771	106.0435	328.2733
33.7932	156.7293	407.4278
36.6839	9.5851	330.0144
5.1397	135.4821	330.9115
94.3454	31.7675	398.2565
113.6869	62.2845	199.9604
139.8392	81.1008	11.8521
84.4144	137.7480	442.2180
103.1571	94.5845	140.7779
148.6529	94.3584	269.3792
158.6483	168.8524	354.1777
56.3325	101.8381	234.3888
159.7702	148.3443	455.1308
0.9829	11.3859	402.5493
15.1800	172.0273	320.7026
167.9847	113.3222	197.4868
188.0511	118.2130	234.3682
150.6745	5.9364	136.5683
168.4016	63.7164	272.6203
181.0369	149.0799	444.9803
125.5583	13.1156	160.4951
93.8819	76.2118	237.3185
17.7203	65.2515	330.9067
136.5651	29.3522	445.4275
133.6237	166.7230	409.4826
142.5123	113.1157	348.2487
34.8132	144.9186	164.8972
65.9877	17.3849	368.0155
86.4945	14.8292	44.5524
52.1597	168.6262	157.4758
156.4308	78.7495	206.3935
83.4686	122.0436	425.4907
154.1875	4.8615	401.6227
25.6304	158.9953	383.3875
65.3440	59.3952	40.3004
70.7180	138.1202	356.0357
184.6350	52.8392	142.1647
6.8231	73.4436	84.3134
0.6756	99.5686	318.9908
106.4208	39.7909	184.7403
48.7025	50.4536	416.4208
65.3717	40.8712	123.1305
93.6225	144.6169	159.9883
53.5983	100.3313	143.8235
128.4584	184.3340	385.1272
135.6058	115.5735	425.4141
95.9429	17.4516	177.5989
165.7948	63.4617	334.0334
70.4458	54.1935	401.1757
127.5351	181.9281	312.1198
8.8598	74.3864	265.1026
123.5985	87.7427	459.5554
103.9927	66.9590	282.6761
141.0585	44.8856	326.8083
155.3974	31.6486	431.6735
39.9478	88.0850	23.4451
68.5795	133.3557	364.6694
176.4091	110.4182	466.3453
6.9412	79.4435	86.6998
158.3425	84.4585	141.8717
160.1651	48.1140	245.8578
37.9757	109.8109	433.8626
139.8260	80.8735	324.7624
93.2945	128.6512	164.5019
116.9368	1.3549	128.4818
31.0540	135.5191	149.0061
85.0186	71.3500	223.8620
143.5508	57.9113	34.1102
142.6544	10.6120	139.1289
157.4449	62.4552	248.3415
166.4046	118.0202	118.7018
128.1300	79.7038	367.3872
127.2942	40.7440	40.6415
160.0216	46.0412	449.6424
69.6151	185.6800	1.5272
126.2578	76.2461	178.0115
129.0995	33.4194	23.0927
60.6998	75.0401	166.6601
62.7277	12.3022	354.3262
12.2182	11.0233	388.4624
46.7010	4.8520	316.9476
84.9549	152.7715	156.5822
153.1542	110.8183	154.5534
14.9468	17.6720	364.7209
106.3503	179.9090	448.8452
187.3869	173.5231	130.9660
184.2822	41.9458	280.0269
63.8989	114.1126	406.3240
176.2031	170.1576	25.6993
108.0164	43.8960	19.5770
99.5083	140.6847	469.1485
26.6777	183.9489	438.2509
175.2984	107.4666	292.4641
82.9063	104.2922	214.7654
155.6842	33.0801	423.3165
115.5210	144.4343	310.3240
59.5445	17.4795	239.9113
162.2593	109.2993	149.1739
132.6646	65.7422	193.3096
45.1097	88.5369	120.8688
13.7318	14.9860	424.1028
118.4047	185.1342	240.2943
129.2511	141.5152	328.4874
90.4138	0.4494	252.7860
143.6101	52.6361	276.0275
63.2920	85.4672	111.4870
52.6273	183.1508	50.5084
52.5483	47.1677	342.7063
133.9932	59.7626	379.6235
145.6874	124.8266	220.3944
187.4883	119.3738	341.8333
181.4414	121.9040	133.7134
122.5865	0.2970	42.2369
165.5430	53.3576	447.0028
115.2990	119.1362	333.7789
75.3297	5.2258	117.4684
79.8328	50.8589	139.0223
77.4204	50.7617	447.2989
137.1380	80.8538	130.2464
184.0760	25.5185	265.6485
90.8732	140.5814	271.2780
127.7387	121.1257	315.6272
100.6378	40.0417	321.1543
71.4151	114.4539	98.8680
116.0954	60.2061	282.0136
132.2674	93.3940	292.1015
115.2133	33.2808	79.1672
121.4085	47.9553	89.3200
61.1265	86.0499	303.8049
15.0923	101.4584	394.1766
145.9943	136.5851	388.5659
163.7063	169.6881	154.7739
59.5240	180.8239	343.3940
70.6685	60.1016	139.4449
152.7832	29.5222	230.4691
117.6280	125.2100	289.2982
51.8874	37.4270	49.3829
95.9260	173.9297	14.4095
42.7537	51.3958	339.6237
145.0777	119.3466	51.3698
20.7460	153.3076	440.0065
37.9416	124.0443	149.5953
114.6361	12.6440	124.5410
155.7897	57.9691	153.7855
10.1558	145.4334	391.2220
116.8553	160.7049	380.2328
176.8759	89.4754	117.5710
142.8869	9.2687	284.5832
41.4789	95.5449	305.7588
78.6473	124.6098	377.6552
84.4334	71.4095	118.1857
119.4601	126.7568	266.6812
132.7277	125.0071	250.5555
57.0825	66.7839	381.4149
181.9247	180.2178	39.8804
38.2214	158.0914	41.7986
106.1009	148.7030	251.0305
124.1690	28.2760	9.1190
14.7468	31.5176	54.2930
35.7514	151.2898	445.3581
16.1540	92.5618	12.2261
43.9727	159.2389	434.2251
113.0514	144.7166	390.8343
80.2319	59.3721	262.4242
178.5790	162.7096	86.2507
161.6848	120.7616	346.3236
9.4746	43.5486	46.8528
176.2419	180.2116	223.3319
188.5692	140.9747	196.3345
21.4340	81.7716	247.0172
3.9846	104.0883	447.7112
80.4858	128.5328	298.5590
131.5047	25.5705	132.9005
50.5176	4.8857	286.6955
141.4389	118.3006	178.7127
89.3311	87.5472	74.2834
31.8111	67.1881	135.8990
67.8613	42.4794	54.1866
144.2608	115.8317	248.6862
169.0779	128.9147	19.8734
91.2103	180.9080	443.6800
17.0982	65.5867	47.6149
67.7003	138.1395	160.5581
79.3932	33.1901	224.8481
91.2118	125.5958	251.8482
19.0206	173.3227	92.1813
169.1797	104.6842	216.4352
51.4305	185.2113	261.3267
186.7253	182.2966	97.3101
158.1094	172.2990	66.8592
185.4741	83.3456	239.6647
49.0583	22.8636	115.1075
21.4166	18.2037	358.0304
136.4667	45.9209	47.1978
39.9615	100.6215	190.9207
10.5769	52.4955	267.0978
157.2772	125.4825	16.3961
142.6844	60.0468	336.5432
137.0516	31.3143	464.6137
29.0109	114.0806	151.2111
41.0805	128.1686	55.5628
70.5583	8.3868	335.9859
48.0019	96.6844	394.4088
152.9213	107.4442	159.6986
1.4622	92.8307	239.7129
15.3146	188.8176	445.4087
182.8083	136.2093	318.8344
96.2622	112.6023	116.7919
174.6017	142.6283	241.0069
155.9065	164.0813	208.2497
186.5867	180.3471	75.1595
143.3361	63.9267	340.3951
69.3498	80.1206	409.6157
85.2209	164.6033	260.7905
3.8121	26.2850	451.8522
55.3305	13.6012	111.7622
173.7656	94.8354	199.7650
9.3991	37.5981	40.0927
113.5068	122.3374	291.1477
14.0628	107.0997	169.7420
37.6315	118.0523	52.3039
50.2657	40.4071	193.9129
147.1572	40.3755	271.7883
56.6127	95.6901	404.6736
14.8545	13.4037	440.1529
62.0244	120.9368	3.7515
65.3697	5.8772	120.2357
147.3326	43.0494	170.3837
59.4949	67.3434	263.6002
25.3450	147.9015	76.5074
98.2327	104.2759	344.4452
106.9151	31.1347	206.8953
127.5069	98.1567	159.9227
43.7640	105.8455	237.1393
26.0904	147.1601	126.1429
30.7122	107.6033	357.6938
14.8295	145.9414	301.2814
50.3722	53.9723	265.9174
54.6743	163.6163	363.1252
175.2422	136.7175	162.6110
40.0844	73.8288	191.5240
32.9774	138.6133	205.8475
127.0963	77.2895	247.9304
31.9401	165.2428	458.0260
138.9558	154.9493	3.9742
35.2764	0.8862	441.6616
172.5580	112.6802	17.1824
14.2290	86.2383	198.2564
20.1384	58.5761	212.9839
67.1772	117.3565	94.8981
70.4465	154.5385	15.2567
189.0756	103.0426	241.8989
81.1928	36.5446	75.7738
80.4888	149.3415	385.6757
135.4808	118.4220	5.0270
35.5911	121.0040	59.7170
70.9519	178.7393	233.1652
33.0600	153.8889	425.8641
177.2432	66.7103	449.8834
41.9477	96.7844	198.5570
132.1662	170.2253	402.9395
170.4804	117.4132	85.3100
118.9913	148.4789	291.3712
91.3153	27.7402	238.2799
170.5649	173.9252	177.1573
178.3006	77.2213	257.0695
42.8792	50.1475	267.6987
74.6673	60.1958	170.2240
126.2208	105.4572	57.9363
164.8366	89.0611	381.8407
83.4133	91.7845	105.4826
130.1917	117.5589	7.2911
21.0022	114.2124	182.4632
49.8327	16.8047	103.1519
20.3077	138.3353	41.3501
156.3007	130.1595	37.9634
149.4919	147.2989	252.1136
72.1634	110.1951	84.7046
112.0890	168.4201	456.3320
125.4646	47.2970	450.6215
175.9449	19.2114	282.0390
138.1944	45.2649	99.4450
60.3467	9.4956	151.3787
8.5645	10.0284	421.2045
29.5945	142.7375	187.0001
37.0771	89.4769	344.6202
106.4966	50.4656	242.6614
142.9182	123.7208	152.4165
141.8383	120.4776	193.3194
119.0770	77.1026	404.9336
128.4383	128.7250	28.0969
171.6663	67.6142	267.8740
92.1146	187.1634	311.6279
71.7157	72.0140	404.5840
188.3137	144.7027	26.4451
20.1522	179.8147	413.1692
103.6750	140.4162	360.7790
121.7387	181.4539	406.3462
48.0630	115.5089	113.7331
109.3685	48.2760	464.2483
123.8080	46.1097	77.5243
3.8478	56.0759	115.4734
177.5905	47.8495	50.4818
65.2620	154.1502	382.8514
119.4449	67.5017	259.6809
187.4705	103.9517	246.2151
176.7163	79.5811	189.0494
72.9319	124.3051	308.0897
4.1330	35.8978	356.5284
69.3835	90.7090	135.9086
54.2417	53.4138	437.0591
109.3006	14.1110	276.0781
79.5691	2.5086	36.7486
66.1370	70.5510	463.1530
133.7678	124.9928	303.5664
69.0288	53.7769	339.4428
7.2439	58.2221	9.3770
102.9728	16.6897	177.3443
1.4795	31.9117	173.5385
57.4907	178.9337	301.3090
70.3082	53.6357	391.6254
86.6118	45.7556	48.7357
187.3277	88.2832	406.9832
187.0986	19.7025	431.4567
138.2514	123.8562	351.2672
188.2470	141.8716	109.2876
6.7584	174.2461	208.5414
133.7307	183.4504	209.4176
157.6125	53.9431	109.1427
28.8820	14.8140	396.8425
133.0108	142.9494	114.8893
59.4877	44.9684	43.2958
150.8403	169.6751	20.8054
1.5962	102.1264	237.5941
166.5890	178.4229	289.3247
160.2949	109.3593	232.0445
103.7274	107.9231	393.3272
100.3162	110.3061	330.7621
154.8026	106.7634	323.4759
49.2158	55.3845	414.4692
19.7736	168.8622	136.4407
112.4180	67.4398	119.4141
143.2335	23.3067	14.3265
11.6071	165.4545	66.8904
12.4512	95.8697	8.3729
138.5364	28.7084	100.4338
31.9089	24.5236	358.4098
162.0129	115.9722	21.8510
169.7748	55.8113	227.3773
186.0551	158.1970	175.5265
125.9742	14.0226	87.6008
122.2116	130.2461	415.8602
9.6608	148.3060	424.0781
134.1058	139.1561	271.1214
116.1404	144.6569	382.1837
27.8275	22.9484	447.6418
7.6324	96.3229	244.2985
60.1336	159.5806	423.5931
126.0873	76.4648	267.4726
37.1926	48.4105	29.9921
139.6156	176.2188	376.2922
33.8853	154.9174	392.2687
158.6491	152.6231	345.8318
12.9701	70.0514	256.3307
165.2346	175.2270	80.7010
42.8177	36.6258	70.0321
84.9738	137.1248	336.5382
13.3565	79.0740	147.8588
94.9845	27.6753	288.3485
55.8415	122.4686	235.6735
45.1506	148.3954	274.9719
172.8241	159.2517	154.2908
70.6433	20.8955	459.1554
2.2291	47.1955	156.1710
31.7232	52.2942	133.9636
93.6407	66.6254	249.2269
177.9097	145.4729	253.2527
126.8404	127.9894	9.6918
65.8016	36.6256	342.2904
48.0955	54.1511	118.2442
59.1792	132.5319	279.2633
147.3720	55.0360	379.8224
38.5758	49.5046	83.0136
176.7263	25.0721	143.6520
89.7502	95.4455	270.7398
11.0664	32.2529	94.6098
26.5280	169.9816	28.4298
117.0437	77.1903	166.7825
46.9810	9.9233	62.1788
121.9395	105.1901	125.5905
46.5072	178.8883	251.4049
65.8583	51.6442	127.5785
33.6358	103.4057	139.4424
133.1940	116.7510	438.8815
13.3434	85.1851	143.8803
99.1105	38.4134	329.3549
152.3644	112.5062	320.5645
22.8519	130.4877	420.0201
101.0431	50.7921	231.1615
146.6265	119.5599	52.4100
1.2558	184.9398	23.9297
92.2863	134.2238	457.4407
118.8582	142.4503	208.0619
96.1103	159.6531	230.3411
0.0607	111.3398	285.1676
187.8051	68.5606	227.9122
90.4181	181.0849	443.2243
156.2099	119.5942	304.9394
128.9430	54.8727	18.2948
40.7542	31.7226	111.4125
93.0371	118.5141	244.6603
28.0879	86.1352	233.1434
35.8337	107.4187	96.4296
98.2317	167.0112	441.0857
86.2865	164.2613	389.4191
120.6964	65.9216	367.9268
145.7715	97.9891	468.4666
53.1485	42.7604	219.2651
149.1342	29.2245	364.6406
177.8598	3.7014	151.4479
164.0275	173.0090	157.8029
30.9284	162.0999	283.8958
121.5423	68.7155	265.1517
187.5862	143.2648	71.2503
9.2106	149.9064	235.5452
25.9020	63.0546	444.6098
183.3113	5.0214	235.0430
3.5808	153.4659	19.4561
20.8838	134.4808	379.2733
106.9219	84.1894	157.3079
167.2425	150.0757	303.4130
88.3513	111.2742	264.5022
92.5806	29.1426	111.5813
2.8974	13.2634	78.8259
73.8302	153.6429	441.6547
126.6086	125.8885	336.8651
131.9028	2.4476	77.8553
68.9080	71.0939	53.4621
75.6736	179.9479	72.7592
176.5636	30.6662	77.0985
65.3904	34.4655	246.3010
169.5134	54.0497	463.6250
104.5216	154.5465	225.7088
171.6745	127.7958	246.0240
111.5969	11.4778	385.1947
140.8841	38.3857	100.9987
87.3775	144.3455	250.7601
31.4054	47.6163	195.4345
146.2179	49.5740	419.6483
149.9760	144.2490	9.9399
133.0804	39.6652	373.1267
3.3305	38.5077	118.9221
61.1684	120.0950	249.6991
174.8861	1.4512	47.7376
158.6020	99.7655	178.2219
81.6580	10.1414	14.3254
63.0612	106.2237	109.6511
78.1610	100.4767	172.1763
38.6566	118.9655	37.6451
108.5803	33.5726	171.9514
6.0545	60.0051	264.2939
124.8456	59.7082	298.1178
137.6120	165.0978	111.6308
52.2613	158.6102	286.9125
133.9184	67.9778	447.8057
126.6772	94.2966	417.9630
170.2779	45.1077	144.2705
91.9538	18.2220	178.3807
91.9849	54.3978	56.0272
150.3337	107.4309	66.8599
79.8477	103.4753	456.9511
53.4508	152.1587	407.2992
8.8134	3.3916	299.1520
165.8475	44.1519	251.8008
54.9151	157.8359	4.3971
119.1305	72.5187	224.6943
130.7166	180.4165	390.6409
77.4976	172.8303	303.7574
11.6532	48.4235	32.3718
46.6534	139.7381	266.8916
94.4103	55.1302	206.4648
49.5772	128.3089	140.2580
178.9498	139.9107	119.1318
56.7878	53.0340	167.5231
104.4703	149.6824	424.5807
130.1689	109.8827	328.7963
44.3200	92.4504	410.4233
63.1378	55.2904	334.8827
187.7551	122.6522	78.1325
16.2846	141.0846	239.0842
84.1208	160.0352	434.3744
82.9478	111.2174	163.9517
135.9435	177.5858	209.7733
38.8086	156.5912	86.6837
182.0787	7.2014	75.0403
69.0407	174.8238	263.8943
129.4633	97.6377	101.7339
97.2939	149.0200	141.6716
72.9082	64.5067	179.9700
132.5539	156.5763	368.5268
16.3312	113.5391	303.4057
116.6501	144.8156	387.3586
66.8119	9.3295	176.5013
118.0936	174.0057	166.8158
123.8416	58.8662	262.5433
67.1898	92.0970	362.5958
68.7939	68.0547	224.3961
115.7320	13.4283	89.3071
98.6891	161.3038	451.0080
11.2912	107.5739	23.3165
95.1664	19.4456	127.8536
162.7375	53.8940	210.9851
32.7364	180.2093	140.9802
156.5740	64.5933	355.9651
77.9380	137.9500	100.3626
78.2951	160.7863	414.8337
34.0032	90.8425	26.5741
5.3557	155.9815	277.9411
87.5527	168.6112	191.9159
114.2627	114.7220	197.3971
3.7259	29.8447	179.5479
159.2723	45.7880	199.1724
80.6382	178.2887	162.9507
80.5747	164.6289	402.9440
138.4534	87.4664	370.1579
43.6066	187.6786	334.6465
174.5716	8.8148	291.4399
91.8974	109.1096	196.6506
25.5477	119.5630	391.6019
39.5648	122.6169	26.2983
132.3848	184.9046	145.0103
114.4704	23.8954	98.5811
14.2032	65.0306	219.4896
63.0627	54.6556	383.7537
115.3786	82.0479	276.6950
88.2452	134.1326	446.8044
37.8181	175.9271	69.3221
142.0848	173.0575	293.3168
20.5083	75.3405	138.4264
56.2078	43.9777	50.3530
92.9429	130.6324	396.6992
66.5907	56.8888	332.3619
87.5689	155.5656	132.7886
32.5552	130.4064	72.4545
21.7428	68.9145	166.3060
8.0266	29.5231	81.7801
120.4156	117.1097	112.3926
11.8712	98.7816	218.5525
71.9259	60.0342	164.3928
185.5986	57.4858	159.3740
93.1704	132.0548	354.6670
171.3859	25.0662	361.2443
56.5360	130.3984	258.3401
141.8496	168.3392	413.0304
153.6651	20.4788	120.7913
6.2560	152.6647	105.8793
88.4800	5.1421	233.8370
45.2476	28.6122	401.7190
161.0958	22.1242	467.6831
186.8397	150.3813	271.9239
99.5564	150.2036	381.7670
28.2609	139.4662	69.9210
100.0662	18.3455	216.3565
69.8044	55.4597	61.6308
121.6515	154.7870	122.8857
125.8397	168.5058	453.6975
170.9296	126.7182	127.1855
12.3813	126.7963	201.7044
107.5961	104.0589	469.6834
50.9138	164.7417	337.6491
63.3161	151.3646	366.0660
136.0944	53.6008	196.9278
27.3059	87.0868	56.2804
163.3154	14.0550	46.2276
143.6503	25.0418	351.1254
161.7424	142.3068	235.0044
79.1931	9.5658	213.5451
159.9580	119.8620	323.7567
113.1380	124.4235	430.3672
2.9383	2.7643	160.7913
142.7004	6.5751	89.8167
85.1323	159.2365	337.3374
39.3481	158.1410	369.9174
118.7902	71.1996	29.6925
37.3615	124.8025	60.8538
38.1418	174.7226	212.4525
25.1764	99.5245	92.8704
8.0936	108.6899	135.1823
134.6623	150.4654	38.5755
29.7655	16.4641	352.7939
8.9146	22.2558	205.0999
56.0745	154.3181	302.0526
110.7329	74.5488	318.9945
1.7758	110.6658	21.0474
178.7795	151.4467	379.0205
110.3742	179.7784	36.9753
99.5660	103.1535	130.2280
7.1635	68.9219	106.6034
155.9311	123.3637	457.8998
129.8756	52.6469	353.5259
30.8970	58.1278	73.1960
56.2858	67.5222	13.8882
173.3577	76.2191	317.5658
47.4681	179.3787	260.4043
169.9178	87.7868	269.2155
51.2527	90.6357	96.2337
84.9484	165.8022	391.6477
162.6861	37.4445	446.3613
129.6559	178.3898	408.3971
122.7104	43.4062	352.9337
87.3451	132.3125	351.8867
150.8324	33.2664	239.6168
51.4753	90.8562	104.9221
55.3738	127.6842	243.4482
131.2287	143.7477	441.6582
44.1528	67.0063	226.7615
68.6973	131.7292	191.5703
161.4638	35.2496	366.2262
16.3726	25.5571	359.7600
58.7072	9.7946	95.6896
121.5808	185.9932	300.7753
182.6329	23.7080	368.0917
13.8919	145.1889	363.7351
18.3923	167.6778	115.5165
71.7159	155.0928	411.4090
152.4973	162.0317	404.7206
0.0657	166.8784	378.9364
181.4511	184.7044	258.4756
101.2143	110.1628	199.8363
33.4320	113.4391	173.7492
120.0358	177.7853	466.2122
43.0008	147.9557	120.0249
58.4490	139.1533	271.2297
105.4979	145.1227	217.0680
36.5652	156.0560	50.7050
6.9319	29.9202	387.6724
177.6996	106.0197	377.2887
57.4201	42.1280	360.8328
1.3160	150.2469	261.7623
28.4797	26.6047	5.3298
56.1084	154.1469	84.7807
96.9526	163.3626	169.9866
81.9065	31.8601	34.1595
177.7393	184.2472	46.2216
174.2928	78.7086	381.9100
134.5550	9.3990	7.6936
51.3589	5.2103	195.8652
120.1620	68.5134	41.9664
60.2500	57.8956	60.0751
137.6956	186.2345	388.0967
165.4215	93.4077	213.7017
36.8290	22.1844	320.5005
164.5346	63.1297	435.7974
26.4839	56.6398	5.7911
1.2183	82.8298	167.2088
133.6314	181.4627	287.2241
27.1322	150.3940	42.8613
158.4996	43.7001	266.3068
1.9737	86.1357	428.3316
85.0129	80.3290	156.4943
41.6743	29.3615	61.2717
116.9152	9.9359	263.6528
114.0654	48.7471	455.2107
106.0911	137.0070	181.1593
124.7540	82.5627	373.1524
130.1569	172.2806	352.7404
60.8627	148.0645	459.5638
125.6400	23.0441	326.7492
170.3575	84.8145	40.0185
50.7954	134.3609	69.8737
152.1199	150.8049	102.2949
171.4230	58.2073	74.4106
115.0413	60.4370	50.4757
43.0038	143.9204	137.3663
128.5684	172.3223	389.9755
149.7674	116.5247	299.0970
29.3989	127.4702	342.6956
152.7415	156.8126	441.1396
50.6507	169.0706	247.5820
25.7244	174.1075	278.0702
131.5664	85.4797	354.3846
120.0762	26.1938	93.4549
166.5343	10.3149	64.9329
48.7305	102.3148	311.2609
160.9544	129.4134	50.1249
7.0414	90.8208	38.4133
148.3379	13.8292	408.8097
102.9489	104.5943	5.4550
139.0934	71.5014	75.3684
147.9873	168.6449	89.2523
131.8104	179.0439	218.2412
4.4518	163.8521	44.2980
165.0254	99.3568	321.8343
130.1668	79.6702	435.2269
35.9064	181.5865	26.5955
10.1328	152.6472	406.9524
149.1833	81.5719	377.3473
97.9658	188.6083	129.9097
95.9605	91.1692	225.1787
47.7409	167.3636	286.2691
22.4567	154.2846	298.9722
87.2913	144.7487	349.6169
16.6161	86.2503	214.8353
161.7611	133.6654	207.4053
27.3083	87.6876	43.7613
103.3476	35.6166	35.5237
133.9302	176.8095	255.6832
98.1599	36.1849	340.2338
105.2560	39.6629	439.3242
130.8375	64.7672	399.9043
97.7213	173.5344	60.1456
30.3393	18.7757	181.1776
36.4757	165.1537	296.8794
107.3097	127.5268	141.9727
73.7902	146.4038	342.0755
186.2222	102.4456	396.5599
168.4793	128.2725	359.8151
67.5039	157.1580	125.4381
84.8252	58.2335	411.9478
141.4305	96.9836	147.3062
32.6289	129.9261	222.1609
44.7610	153.9180	45.2234
157.7355	45.6357	287.8119
156.4189	178.1853	135.9395
151.5617	15.1690	281.7780
12.5977	157.0823	320.4881
45.1189	126.7190	104.1903
116.4780	28.1944	75.7986
82.1474	122.2565	60.6145
15.3752	92.8009	458.2659
60.9665	21.0357	224.2467
159.4566	147.3275	124.8873
144.0349	59.4695	28.9575
67.9961	37.0753	239.9664
78.3533	160.8472	204.8058
71.5247	113.6538	316.3813
135.7292	184.2827	214.2533
13.6804	98.3693	324.6263
20.2736	122.9458	254.9803
50.9232	11.3550	59.7718
139.6844	47.4812	308.5709
97.4043	188.8111	232.7022
47.6156	169.4938	4.3709
131.2936	161.9050	119.3532
18.9178	146.8994	360.3089
62.2641	105.6882	460.8183
7.3858	107.6595	91.4413
65.1462	129.5673	450.4113
41.6720	29.9878	142.0850
1.9777	185.5705	329.1165
159.2348	78.0870	198.4075
180.1492	162.8553	391.8285
10.1372	58.6553	49.7639
48.6373	120.1983	203.0238
106.0364	32.4443	442.9511
14.5082	90.5168	206.2936
72.7722	71.0425	191.3768
54.3730	175.3714	52.9240
138.2279	59.7572	465.3986
46.6805	147.8999	115.1252
123.1313	80.2152	382.1924
98.9809	142.6836	141.1329
50.9326	128.0208	41.2120
45.6037	170.4524	216.9898
105.0739	25.2745	208.5060
144.0168	53.3696	385.3974
108.2756	183.0941	279.3784
88.9962	69.4740	233.9942
178.1489	133.6901	345.3713
65.7034	57.1808	9.3247
65.5499	181.0487	295.7435
114.9099	68.1170	318.0595
133.3648	18.2118	33.9538
19.1991	140.2287	252.2012
163.8170	177.2291	435.0256
133.1892	12.5538	202.8048
73.0956	147.8891	435.0461
62.1937	81.6834	323.4904
91.9010	158.6196	427.1659
176.1739	180.0920	238.3150
4.8996	127.9246	346.9885
97.0824	154.3344	59.2321
165.7179	50.2765	141.7687
90.7206	157.3962	229.8072
178.6397	14.6440	443.6845
124.4255	42.1389	42.9929
7.1158	64.9147	210.0203
69.2999	182.6162	360.0014
153.1974	161.8221	53.1691
146.3787	150.5460	398.6423
4.4853	11.4045	143.4990
60.5864	177.6914	129.8116
122.2859	109.0219	72.9101
51.8880	144.6643	370.1697
150.2087	118.0001	145.0425
157.3660	170.1085	350.7253
44.3835	102.4615	2.9080
104.5423	57.4592	236.6196
58.4281	14.8677	11.5221
111.6102	170.0412	452.0193
160.4860	142.1623	129.6659
119.3187	143.3898	20.2361
52.2126	81.6158	87.8849
54.8976	153.7754	156.6936
159.5727	187.7290	355.0539
162.1767	116.7767	27.5964
95.3733	40.5166	461.2543
158.5010	165.7107	240.6245
150.8472	29.0357	423.5127
25.2697	134.9107	57.4561
126.7311	77.6726	138.1415
58.4584	59.7681	194.6215
37.7342	75.4247	367.6710
85.3172	153.9247	230.1559
132.7580	38.6494	265.0610
11.0011	138.2207	73.9113
52.1443	26.0352	262.3437
89.2157	126.6289	185.7934
61.0711	57.6728	65.1778
162.0572	105.7634	129.6029
5.5181	164.3727	282.8789
57.5831	84.5503	352.2942
75.7575	169.9527	133.9892
78.7163	130.0094	109.2044
90.0822	123.4689	70.9221
176.1264	3.7576	214.8661
132.7301	181.9405	469.4413
65.7004	180.0629	104.7496
20.1203	15.2197	376.5683
24.1074	119.6217	18.4579
88.7610	7.4088	245.1211
5.5176	108.2834	402.9440
167.8907	37.3275	261.7451
184.5135	168.9461	156.2637
36.1625	176.9877	454.2138
58.9466	79.9897	31.9421
180.0623	30.7990	204.6039
188.5651	118.0766	57.5121
129.2922	119.0444	7.8040
55.8845	180.6110	203.8301
29.4964	131.5276	157.6381
34.4435	174.5137	219.8679
30.1817	171.1803	275.5673
139.6354	40.6107	191.7991
95.8172	9.5476	398.9283
39.2678	170.9817	253.9095
111.6955	1.9340	94.8474
2.3036	31.9577	54.6863
32.7074	52.2575	78.9254
174.4568	150.2125	430.8586
105.7956	100.8256	236.3672
177.9217	16.9213	269.1422
84.9897	117.9379	218.9186
115.1592	124.6655	382.8501
107.8182	86.0964	310.1164
48.8664	23.8607	150.4332
168.5357	26.4320	382.4118
163.2282	131.2895	225.6720
33.5326	54.3526	336.7742
0.6139	154.7532	103.9344
177.3624	141.3449	21.5423
127.4906	60.2419	73.2165
136.7433	179.0030	307.4928
62.4527	64.9720	412.1619
76.1808	79.5520	353.7626
51.2010	29.3626	235.6343
59.6388	36.1549	81.5426
16.1252	117.2066	307.1184
115.7233	177.0091	177.9078
133.0792	90.5875	470.8217
146.4713	93.5473	98.5146
180.3916	145.6388	4.4008
186.6166	45.3669	284.5356
188.7522	81.9163	132.3330
123.6967	181.9394	311.4009
96.1261	64.0836	199.2373
94.2402	48.3151	1.0264
30.1040	128.9815	333.9843
78.3898	160.7130	100.1705
21.2048	128.1484	417.4929
52.1440	15.7005	57.0119
10.7835	57.2137	98.3991
43.0395	2.8406	464.2761
179.8777	78.8915	435.8485
65.1547	40.7590	251.9918
97.3490	148.4122	370.3453
71.7408	138.0471	216.8788
13.1581	145.1014	234.3677
122.3854	133.8243	347.0175
49.1734	86.6842	448.1088
42.0309	13.8968	300.4807
161.3069	101.4186	225.9330
58.7268	85.7570	273.1526
107.6407	32.9285	122.0511
105.0443	9.3122	402.3825
165.8219	50.8798	60.2452
64.8436	4.1255	272.3589
69.4021	42.7021	408.8976
12.4578	52.7154	352.9294
187.2943	133.4635	333.2158
148.9336	181.2038	282.0383
92.9483	38.3182	439.7085
119.1413	95.6129	464.0275
181.6826	49.5551	467.8271
143.7507	175.4696	314.0121
52.3514	48.0416	374.6584
144.9658	39.0117	385.5824
81.2866	84.0367	242.4576
119.9603	82.7947	243.8691
171.0708	163.3015	222.7000
78.0900	48.1652	147.2172
88.5419	120.1131	347.1392
42.4107	97.6386	175.6255
140.5661	138.6928	320.8318
162.3550	22.0362	96.2753
61.4667	118.7062	414.4624
140.7283	83.9741	361.2585
142.7880	69.3481	293.2328
52.0673	19.9486	401.6118
24.3021	92.2566	157.1131
70.9268	156.0853	342.9795
157.9235	4.3941	403.8866
17.8712	8.7829	4.7610
149.4366	7.0217	416.2507
62.8880	142.1278	319.2234
14.4135	128.0342	270.7795
29.5082	136.8385	167.0601
156.3570	171.9617	9.2035
101.6136	91.5369	149.3228
174.6727	74.3035	421.6836
64.7521	104.1282	212.1983
107.6455	6.8914	202.6039
116.8952	98.7360	451.8490
5.0655	104.6965	21.0716
143.3346	3.6713	245.3279
180.3198	46.0671	337.0690
25.4279	172.9562	199.8732
56.8397	4.0377	409.3580
80.4753	68.8718	395.9348
167.9927	165.4091	339.7357
57.0309	77.5898	129.0519
31.6861	22.0859	61.0922
94.6657	172.4642	407.2970
65.2307	69.7223	268.0577
51.7972	65.0760	214.4818
126.1649	115.1732	426.6213
157.5361	162.4817	340.6369
165.1462	39.3202	181.3309
87.7834	26.5693	352.2312
113.2192	160.1576	237.7585
96.5448	26.6894	65.9153
69.0931	150.6491	466.0338
161.8552	134.0203	448.2353
172.6154	78.7842	397.6231
59.9203	182.0058	405.1153
54.3437	188.7418	150.1039
15.2798	29.3516	126.5430
98.6366	41.0756	222.0163
33.7236	138.1442	343.1970
73.3963	125.4763	96.6115
54.3978	5.2930	468.1356
65.2804	140.9793	131.9825
113.7310	44.3724	448.0319
162.5203	15.3338	462.2213
161.5435	68.9192	86.7595
182.8852	33.1192	45.4730
70.8867	185.6118	359.8095
162.1418	26.9643	400.4461
53.4984	61.7168	402.5053
141.6257	92.2335	42.1792
31.4724	176.4706	310.7668
149.6137	136.9958	453.1596
149.7054	168.0415	248.4775
182.0741	41.6948	224.1866
131.9066	93.5668	109.1449
165.8708	5.2817	393.9903
63.3976	5.9970	219.5700
37.2529	63.5815	142.2264
34.6426	9.0828	241.3653
15.0888	78.2996	236.3112
61.4935	129.6655	121.8859
118.2723	76.7857	235.7992
100.7964	127.8222	62.6440
70.6735	14.0426	274.7665
183.6843	8.4939	393.5212
103.5677	149.6764	377.6364
172.6651	86.4244	176.6920
111.8449	99.2398	73.8184
153.8732	130.1509	203.2961
44.2485	49.0184	211.3698
174.3217	169.8788	191.7791
138.3645	51.3709	108.4293
6.7728	186.3544	402.8647
116.8689	11.7835	239.7898
85.2719	168.3589	119.1001
126.2419	42.1768	30.3577
20.7526	34.4410	145.9150
0.6597	19.9363	170.3409
176.9848	159.5608	210.1785
86.8428	92.2514	263.4861
37.3141	80.0613	107.5833
30.3378	141.2546	206.2077
174.8125	128.5473	350.3889
20.2823	79.7611	299.3624
115.2535	99.3244	244.8792
44.8532	101.0172	414.7712
122.5740	61.7968	221.3333
181.8994	151.3065	248.1751
96.2392	43.6366	450.7329
70.2789	41.9908	117.1466
132.1878	141.3470	441.1062
179.2170	62.3189	125.5888
131.3133	164.9219	257.3674
180.3659	136.7386	321.1115
26.6056	169.3741	276.7560
131.3318	174.9792	149.1646
28.9023	91.1494	172.2345
104.3752	92.2114	60.5617
181.7694	22.4333	126.7166
21.4846	29.8482	136.8426
181.7375	49.0694	448.6113
181.2057	149.4784	310.3341
164.9109	56.0656	179.3910
125.8418	164.4535	212.1829
169.6655	183.3917	88.4746
186.0828	132.3888	185.7824
126.5821	16.5849	302.0042
0.2643	37.9884	189.4161
61.1481	134.7201	469.1586
130.5407	115.6336	92.6516
177.5601	69.2237	287.0206
171.8300	46.2817	70.6745
145.8287	82.6780	200.6423
152.5524	144.3692	101.5477
176.3054	138.6602	248.9483
116.1455	44.9805	406.5620
64.9678	90.6373	120.4333
84.6271	5.6615	459.8506
169.6640	22.9186	396.9168
24.0643	32.1574	84.8482
113.5723	125.1174	354.6843
26.5379	130.9261	49.5692
32.0284	5.0850	137.5861
126.9610	113.7358	428.7003
85.7357	129.7359	147.1760
43.6787	165.9083	375.5227
171.7133	24.2230	72.7988
164.0148	97.7176	42.6595
170.4289	129.0806	81.4290
27.8781	134.8966	169.9136
142.6630	82.8854	153.0031
51.5283	186.7015	358.6794
5.4199	40.9639	123.2279
163.2941	167.8849	148.3704
172.2220	93.6991	394.1452
123.4698	29.7872	65.7487
67.8925	140.6558	338.0492
135.7808	5.5743	278.8354
22.2888	91.4314	159.4015
72.5187	65.1166	283.5055
109.4336	89.4513	363.2551
82.8993	145.6523	204.5809
136.3632	55.6045	470.6427
81.0698	57.9884	13.2577
29.3603	141.2353	352.3635
100.1962	132.3237	43.8887
161.0036	119.7404	47.9449
61.6974	12.3685	219.1795
175.6208	144.0986	363.6366
30.1870	26.3541	366.6283
24.6820	46.2480	195.6875
148.6146	109.6839	17.2403
94.2146	43.3092	260.6942
102.0905	185.0730	330.9443
107.0701	84.7533	7.0981
142.1647	177.9723	77.2119
177.7783	167.7533	392.0427
172.1628	180.5474	282.8777
170.6983	98.7884	234.4280
90.4159	118.1991	421.3636
22.4626	109.7540	72.5399
31.9724	177.0277	126.9154
45.0429	69.3847	388.7004
118.3321	155.9080	35.4462
130.1023	60.8558	29.0698
70.1622	184.8783	220.1701
34.5576	173.8130	348.4760
138.0926	107.4953	349.5687
21.0869	128.4672	276.0180
121.7063	74.5359	364.7678
144.2045	90.8979	144.9437
148.6120	158.3653	252.4474
46.6868	186.5426	190.0129
24.5819	111.9837	8.0541
184.3513	94.4306	430.7096
88.6078	16.7550	125.7559
151.2622	159.1340	176.3667
57.9619	32.0554	67.1870
98.8192	59.1454	75.3614
167.8428	55.8609	350.8352
122.7670	5.2779	15.9862
55.9996	127.6449	247.4973
92.0316	21.7417	183.8847
125.9470	0.3733	98.0542
5.4123	161.0426	423.2598
149.1434	137.2225	332.7839
31.5388	14.6115	202.4949
113.2490	169.6741	335.8350
119.5412	95.8329	202.9153
97.4083	44.8373	65.0993
112.8000	155.9607	389.9953
101.3687	165.9706	428.6650
89.5596	181.6292	427.7487
176.9882	126.6178	165.2863
118.0667	29.7344	267.7854
88.0543	71.3711	203.4165
185.6926	18.1960	253.4529
144.0038	136.5779	306.9805
70.0463	139.8750	98.7444
67.3696	174.8948	252.6936
99.1059	155.7870	456.5392
23.6309	178.6848	427.4816
42.9229	101.1543	74.8243
74.4469	41.7337	140.9851
131.7236	155.5321	10.2583
57.3940	10.8863	363.7419
133.3702	102.7765	274.7572
36.9427	135.4426	105.8804
9.5257	99.9860	261.4419
114.0043	115.7003	296.4578
85.1976	158.1077	421.5235
33.3541	158.6494	334.6708
5.3127	102.5696	461.4020
93.8976	134.2757	54.9204
93.9251	125.3125	430.6324
117.7273	67.1961	135.4212
186.2221	28.9117	322.1181
111.8720	181.8666	454.9683
113.8465	121.5869	396.1283
187.1544	177.0407	114.7721
65.5881	124.9428	140.5919
16.9094	41.7095	50.7050
87.2857	182.3717	208.2532
36.6349	148.3654	149.0421
105.8259	0.5666	307.1684
176.4816	170.1763	205.6714
144.6061	186.9435	128.3443
142.0388	166.7574	456.1358
183.7863	5.2739	375.3647
15.0944	148.8431	431.9977
181.6050	154.0843	192.0455
185.1049	123.6149	415.8223
161.5181	185.4179	348.6295
151.6011	113.0931	133.2901
133.6599	78.0990	350.7243
123.4015	159.2037	288.4255
168.3691	85.7923	178.9136
137.7175	183.9857	394.7822
57.2149	62.1988	390.6782
30.6761	186.2428	398.5090
60.3671	169.5057	194.7657
63.1115	157.8491	220.8537
126.7047	59.7944	32.6810
61.7133	36.1855	36.2363
23.0744	21.9101	335.2254
14.0210	18.1530	448.6215
160.3746	29.4789	416.1498
45.5580	42.1319	248.4061
124.0971	160.4712	294.2968
85.3086	9.9868	470.0152
103.9185	37.3238	23.3434
151.3227	149.4691	26.4765
9.6299	69.4591	67.3588
40.6261	122.9912	131.0005
78.2759	29.5082	458.3875
99.2918	103.0480	73.7322
177.8948	184.2002	177.7834
31.8165	56.1587	152.0978
175.9301	187.9587	204.1766
163.8291	160.4550	246.3942
179.9744	122.7800	143.5390
188.6518	55.7474	297.3398
81.5938	39.7329	401.8192
158.7287	108.0197	88.9344
113.7087	68.1238	465.5535
20.5815	147.3695	465.6861
29.0596	157.9133	122.1931
186.4171	110.5445	249.5074
103.4706	105.2152	399.4532
40.3646	12.8660	187.6327
78.4067	94.6059	215.7907
77.0871	120.9484	309.6732
168.8602	0.3655	362.4613
178.2287	9.0687	307.4712
63.1893	63.1103	149.0991
66.3296	20.8003	116.0418
116.5085	94.8935	171.8577
96.7541	6.8215	368.6030
49.2385	155.3208	84.0392
82.3323	145.2848	456.0471
52.8412	100.8615	224.2832
54.5960	61.2940	170.7276
57.1121	136.3106	468.5952
50.4810	3.7506	132.3846
159.2570	148.9083	401.5477
5.7922	5.7384	56.9688
142.4437	43.3523	295.7021
72.0870	141.7875	401.3778
70.0420	88.8723	107.9215
91.4196	46.6947	330.9296
92.0428	9.6990	470.0089
157.0918	103.2861	323.1839
100.2110	169.5484	89.1058
50.8087	134.4810	378.5669
130.5663	6.7135	432.3713
44.3429	139.4103	164.2188
52.6248	77.8840	433.2960
140.8340	157.8889	419.1214
173.1142	39.5761	193.2189
25.0536	181.6702	441.1852
74.0224	118.0397	306.9609
23.2148	177.9346	328.8586
152.2695	100.3921	41.8008
57.8346	133.8545	75.5832
129.7280	165.0368	356.4914
144.5867	182.6987	147.9954
31.9982	39.9101	424.4551
42.1783	41.0715	423.7393
76.6096	76.6087	341.1092
177.8782	77.7977	303.4016
109.8969	6.3258	188.7242
156.2887	119.6474	113.3679
156.5756	111.0920	88.9852
90.0905	135.8203	99.4775
184.8289	29.9989	355.7916
186.9104	119.2118	434.8983
116.3125	141.6167	199.5778
140.8409	162.8400	313.0236
67.9351	156.9360	302.1454
187.7658	178.9117	420.0874
5.7791	116.4665	309.2022
107.2558	134.7643	209.3834
73.4691	120.6488	335.1988
160.4415	102.3272	81.6473
107.4299	28.0820	22.1716
179.3468	157.8518	399.0636
78.1750	70.6664	211.3517
73.3253	5.4669	318.0940
133.4322	19.1280	69.3442
128.2113	59.0330	142.5347
30.3941	21.3289	60.3034
136.7931	139.5227	287.1202
80.9332	41.5735	113.4284
74.1435	165.7628	397.8498
169.5393	36.1379	214.6900
90.0333	78.3810	146.7285
156.5876	9.4571	125.4337
85.3076	49.7578	180.6765
20.2068	18.4354	442.8097
165.7323	129.8219	27.7826
87.2200	170.6747	291.8514
2.0490	83.2141	140.0871
126.9832	160.7318	143.2669
87.4376	143.8901	306.2700
170.2542	55.1828	332.3339
77.1209	76.4589	466.6383
6.0395	44.2547	124.0296
20.8783	184.7883	57.8955
133.4553	125.2943	308.2712
136.4206	148.7026	360.8287
143.9486	118.5315	146.7270
174.8383	16.1855	49.8032
148.7688	140.1018	342.3736
158.2539	69.5387	32.2142
111.5297	96.4843	273.9461
111.8937	74.5602	109.7067
153.6857	53.3037	273.6436
26.8366	126.4314	32.6079
134.0389	53.8155	164.5934
33.8354	68.4612	435.8289
37.2149	31.1576	133.2797
5.7475	42.4378	103.4682
86.0402	68.5441	405.2665
80.5354	43.2550	300.1302
39.0819	15.5969	330.6404
154.7490	130.5921	153.0644
64.1648	79.6420	316.9810
4.4560	100.6059	262.7207
40.0245	176.4022	75.2014
161.5435	27.7505	360.7141
151.2779	137.1447	186.7827
110.6932	93.2209	309.0693
15.4540	10.4948	181.3428
52.3638	2.7877	195.6708
48.3773	137.0530	119.8996
103.7942	10.4298	108.9901
132.9379	144.4928	383.6627
103.6497	104.4774	317.1371
163.0373	178.8353	94.2053
93.8443	91.0954	328.2421
69.4590	12.9715	119.8996
63.0865	17.7998	362.7264
85.2389	184.5429	114.3924
92.6852	16.6401	348.1018
104.0266	28.5242	412.9095
165.9158	124.0143	66.5355
21.8885	183.7815	254.5412
14.1375	48.9118	160.2355
22.6131	79.6158	14.8386
137.5555	4.2988	274.3285
168.5098	130.3358	64.0759
127.5899	88.8255	119.6120
169.1788	31.5573	23.6914
32.2867	41.7591	91.8306
20.0000	170.9366	267.3677
186.3854	14.5133	169.0581
180.2481	27.1753	110.7597
145.0795	135.9103	211.5342
142.1532	60.2977	25.8501
61.0574	85.1656	320.5426
29.9264	120.4367	362.6399
31.1034	114.9948	302.3722
32.9296	46.6021	130.4518
87.4745	148.6105	342.8810
51.5208	115.1796	297.0514
1.6163	180.0798	411.9440
67.9688	38.2490	160.1600
76.9855	158.2577	10.7814
148.3762	7.0158	321.3467
182.0710	109.3917	68.7694
183.2132	150.7512	223.5223
144.0079	121.9262	79.8502
119.6462	109.2259	349.3176
164.1683	87.4364	63.7257
134.1305	21.2688	45.0983
161.5685	58.8931	305.0318
143.9034	23.1696	110.4660
126.4481	101.0875	447.3075
101.5796	98.6559	305.9553
42.6969	121.0691	139.3915
64.1735	10.0773	346.7606
151.3939	111.9160	47.7450
89.9046	123.3358	47.7216
115.5747	96.9558	79.0547
167.4325	27.4946	143.1371
74.2584	36.7895	218.7042
74.9733	175.6372	227.5528
115.9985	77.3651	424.0771
121.9979	17.8096	270.8871
182.1392	9.7621	319.3021
167.5396	109.8218	80.9142
26.5653	37.6261	421.8662
87.3601	170.0737	227.0989
114.6896	116.6040	132.4865
104.6261	109.1722	444.2370
168.6936	32.9547	69.4203
29.2632	130.3273	51.4069
136.6023	167.9706	367.6824
34.0310	118.9824	33.6408
154.5759	62.4403	268.0615
3.7590	174.6361	383.8276
156.8608	123.4430	152.6682
150.4447	61.3351	249.4650
89.1830	104.7111	66.6583
72.3800	6.7357	429.7029
78.5724	65.0258	391.1063
60.3180	173.7675	202.7473
60.4078	165.6438	356.3760
117.4824	28.0252	262.7314
70.7108	45.8546	226.2515
130.0401	158.0282	345.9486
30.4776	63.1886	356.9466
23.0259	132.8108	147.7303
76.8164	68.2401	17.8921
147.5069	8.3549	277.1134
29.4361	148.3430	142.4158
167.9369	187.7422	157.4404
73.2130	83.8882	422.1389
155.7480	7.6693	404.7208
86.2582	88.5441	75.4321
75.8154	51.1419	94.5551
140.4069	165.8271	346.0253
159.3925	31.8407	131.3388
67.4471	46.2633	356.4719
127.2117	26.3824	118.1121
28.3204	104.9052	69.4952
89.7459	66.1724	418.7043
114.6707	90.3544	460.6220
79.9762	98.8191	301.5685
169.5483	174.2601	145.6792
181.3197	130.5228	340.0267
181.8821	102.6418	308.1187
28.7578	128.0453	404.4216
158.4533	66.2490	155.1425
94.7773	96.4878	228.3760
1.6710	170.5687	198.3182
140.4801	83.1120	345.0065
95.2447	150.4000	8.5579
57.8309	150.1022	51.6127
4.3761	87.1488	448.7412
105.3087	68.2881	248.8121
53.6647	102.9380	215.5512
77.0643	10.8075	465.3317
174.4690	72.2315	106.8241
85.0429	8.2443	18.1116
37.1620	86.8081	103.3647
60.4959	144.5231	306.3713
45.2535	49.0191	1.4361
175.9796	157.4341	75.5191
186.4223	144.3553	438.8078
54.3165	104.6184	231.2700
118.7038	107.3478	442.9341
176.5035	163.4193	178.3785
161.1029	142.7773	11.0932
37.2485	130.0146	48.8450
17.4003	89.1144	156.8560
24.8225	17.3997	442.7498
124.0386	44.0928	109.0938
88.6312	50.8921	217.6492
35.6344	177.1138	77.4608
127.9350	26.2299	448.5829
104.2577	29.2538	211.9136
186.3181	183.2288	78.5035
90.4240	27.7336	8.0596
99.8879	166.9108	390.8873
122.0822	43.6547	5.6410
14.3059	134.7044	117.8482
167.8835	118.1319	276.8593
188.9665	188.8960	243.6200
103.8177	13.6541	110.9743
55.3295	98.9272	427.8496
136.0692	150.6870	327.5162
89.6558	128.9527	410.9338
24.0303	112.5277	338.8623
25.9272	28.8981	133.9161
186.5361	2.1585	129.4466
81.1546	47.3712	342.0222
155.8440	55.5923	344.5653
52.7109	181.5119	343.4745
100.4151	177.1979	278.7284
147.7537	177.9604	127.2765
46.4428	33.0210	48.6514
39.3564	8.9549	185.9222
163.2042	54.7807	58.9844
22.2509	98.3774	461.3022
25.1078	131.6420	48.3210
142.4071	91.7541	316.7239
147.4771	62.7282	343.4999
12.4486	152.6128	442.0809
165.2823	178.5231	440.4257
84.0653	126.3966	427.8822
157.8061	125.6606	52.9319
120.5768	1.8825	360.3184
90.6323	164.9614	131.5002
59.1019	148.9326	328.0024
59.5707	137.5829	69.9004
120.7190	120.3041	374.1714
188.9382	7.7509	168.5911
170.3326	142.2285	408.8287
121.0841	35.8771	264.8518
114.3893	72.1926	150.6752
168.4406	67.7527	13.9910
3.2039	82.2430	405.0599
32.6497	23.2700	202.0008
42.1321	31.9021	171.8963
185.2651	30.2508	422.5939
171.7941	165.5952	28.9557
68.1882	139.9531	113.6325
27.6346	50.4279	133.9219
5.3075	151.7526	167.8050
13.4271	115.2091	271.4689
154.1715	10.7834	420.7515
63.8603	185.0365	278.4887
156.1408	61.2129	314.5793
144.5965	149.7050	143.6184
175.6169	31.2587	178.1692
188.0549	181.6158	397.6520
127.1790	39.7812	291.4416
65.8104	184.5983	184.4194
51.6071	93.7362	77.4103
15.7018	89.6962	19.2708
166.1546	142.3057	258.4973
87.6497	186.6201	303.4080
53.0383	29.0326	176.8819
60.8726	36.4846	191.7850
10.1340	121.0750	174.9042
80.9104	67.5103	411.2317
119.0936	83.9611	187.6958
7.4176	113.0751	76.3201
114.7253	136.8404	244.6220
1.5444	62.9977	27.7648
106.6288	46.4888	235.6669
72.4656	91.5564	180.1115
164.2962	102.4580	333.1285
9.3362	73.2560	390.1248
123.1933	79.7719	126.5345
34.5128	15.4516	177.4744
97.0261	141.2551	145.3353
185.2775	137.9073	322.4099
155.3150	134.7253	254.1322
118.6984	18.5791	97.9113
64.3265	163.2365	139.2516
155.5242	102.8655	301.1351
125.3722	80.9749	458.3443
146.6189	26.5530	425.5451
54.3728	90.8975	107.5524
74.6833	170.8739	359.7029
167.4692	120.8406	50.0307
115.4804	47.8848	366.8273
87.9696	184.6519	361.2355
168.8540	14.2584	372.3088
181.9744	180.6087	316.4281
157.8198	184.3036	288.8432
134.2996	35.2051	227.7602
150.9411	34.8614	92.2371
63.2946	124.7071	405.5674
58.6907	131.9335	420.0679
62.8737	172.8400	228.6278
11.2612	74.6420	136.8790
44.9930	67.2287	28.4958
178.9696	2.7341	468.6604
139.5352	57.7975	97.1488
49.2413	120.6914	134.5595
51.0412	17.4227	117.4879
139.5658	151.5740	138.6360
188.2786	30.0916	381.6460
166.1167	17.7402	137.7068
96.3608	134.1225	59.4180
5.9390	163.1312	326.1428
72.5682	63.8913	430.9738
99.5091	159.4629	14.9798
55.6004	176.7928	436.3799
1.6809	86.8677	238.9715
93.2797	55.7134	313.6978
175.1121	177.4512	237.9166
57.7982	42.5023	49.0430
116.9450	19.3386	100.8902
0.9790	168.6279	226.6558
163.9254	148.9972	193.4083
5.9788	88.4570	146.8636
146.4960	74.8144	349.4547
59.4883	10.4439	206.3269
110.8967	77.4841	98.8969
70.9556	168.3927	217.2723
135.7808	171.9893	233.5359
79.0214	144.2702	275.3100
154.7823	173.6516	266.0382
40.5993	115.5414	66.0467
91.7910	40.2687	150.3169
23.8058	98.8448	98.2962
163.9779	62.2910	130.0624
158.4465	72.3953	76.3489
146.0797	18.7947	131.5674
123.0311	112.1501	398.9014
137.4676	125.9567	44.9113
61.3440	11.2434	337.2220
100.4603	18.0270	406.0940
25.7825	185.8158	223.3254
65.4059	59.7405	80.5166
179.1116	77.5551	23.8545
55.8472	26.5481	35.7349
4.0900	129.6192	336.9023
69.9393	6.3976	272.0633
123.2342	17.1249	176.1753
174.3735	84.1941	62.5481
95.0993	39.3366	470.8088
13.5280	29.5555	11.6823
181.2949	17.4258	235.9868
116.7680	28.9154	255.6595
12.4858	37.6721	166.8313
117.5363	148.1157	211.1986
63.0929	184.7598	276.1006
178.3804	32.5998	70.4780
89.3748	59.9718	57.1767
101.0944	149.3266	316.9402
121.8664	8.1373	292.6015
117.8016	95.9406	460.4416
161.2515	26.7861	371.3275
139.2213	156.7556	117.3524
36.1801	63.0135	145.4476
72.6543	97.8621	33.9663
85.4366	88.1251	323.2454
50.4625	49.1661	338.4521
65.8213	75.7976	265.2199
124.0368	110.1867	330.8712
76.6188	152.4820	137.3082
81.3076	62.5598	465.9401
182.4899	11.9280	48.9333
7.7578	177.3723	419.3140
117.8737	100.7099	169.7191
83.8628	17.8617	155.9072
82.5039	117.9409	324.1746
68.2694	34.0813	290.5169
75.4029	111.4999	73.2589
74.4112	94.5513	356.9663
119.7615	98.7457	450.6146
77.3526	162.5728	311.7576
121.1494	84.5946	170.3656
66.0991	25.1935	280.6682
187.2346	121.4055	17.6691
94.6147	96.8898	431.5203
107.3357	103.0791	199.1809
139.6085	143.6017	356.5438
97.2398	163.7847	144.1700
145.4855	163.8587	250.3793
76.2313	38.9268	92.8231
114.6673	0.6792	85.8474
92.4876	50.6557	39.1154
87.9803	74.6676	307.4363
165.8955	159.2274	158.1569
138.7868	38.4701	254.9511
39.3431	9.1279	126.6060
113.0725	28.6487	337.4426
101.9442	120.3990	281.4433
123.5715	30.1364	249.3721
4.4274	162.1379	297.5181
56.0139	76.2414	103.6505
10.3637	147.2317	242.6792
156.3838	150.0295	105.2594
149.7536	62.8398	235.6986
58.4008	100.5055	109.6675
109.5062	162.2227	179.8152
8.9046	106.4875	28.2110
167.3693	15.1058	355.1541
149.0364	121.2573	177.3303
94.9942	173.1421	401.9191
161.7910	185.9763	437.5913
7.6717	111.0158	317.1433
22.9678	32.6200	37.7431
183.5787	56.9657	270.7266
44.7331	118.6618	220.4714
68.4164	106.1656	314.3446
71.6575	177.3762	466.6379
120.6614	9.5673	21.2883
84.0057	96.3331	285.6434
155.9476	172.1252	61.0366
96.5552	172.1070	294.1735
57.7209	26.5569	309.5544
139.8420	37.5603	388.6494
44.6287	122.0866	304.8087
67.3269	5.1388	454.9576
170.8583	59.4292	173.0262
151.8344	48.2435	212.0573
65.6763	120.0294	140.4608
61.6277	78.0831	329.7471
157.3944	189.0186	436.4053
12.3256	162.3672	155.8113
26.1156	187.0069	261.3344
49.9923	86.2968	234.2095
118.7956	16.7114	169.0846
91.4116	22.2656	358.7768
155.1936	28.0089	367.9784
76.4124	161.4654	444.8338
6.9371	9.2212	384.1584
69.7867	144.6164	334.0916
126.8421	187.2293	296.9016
163.3309	150.8805	98.4048
101.6649	165.3745	353.9121
149.5765	130.7459	71.5971
16.0771	151.9936	289.3243
100.5656	64.4930	71.2807
27.1770	32.5277	100.1857
37.4232	169.3172	393.8230
4.3040	1.5820	359.5007
17.5021	66.1729	73.6597
137.9547	93.7818	396.6006
77.1204	27.8115	356.7470
184.0695	36.2657	162.9165
20.0203	13.3335	91.0400
59.9917	178.5693	456.5723
114.0565	119.4455	208.9706
46.0142	39.4322	189.5722
56.2866	113.5472	426.7547
108.1916	72.2668	456.1332
179.0387	28.8296	424.0147
71.1861	93.3477	398.7314
118.3917	1.3902	172.9560
81.6753	174.5636	135.8804
96.9093	165.7012	211.4730
187.4589	140.1157	97.6927
46.3956	75.2025	90.9683
123.9015	90.9511	395.4337
123.9010	185.6190	41.1799
92.6786	63.7289	416.4876
106.5543	80.9735	319.9409
16.6334	50.8047	194.8216
77.2921	80.2850	341.7596
121.1193	92.3179	233.1127
50.7167	126.3115	279.3229
45.4312	41.0617	335.0142
10.3035	124.3245	123.3510
119.5689	76.0179	296.3024
78.3751	127.6922	404.3177
123.6089	188.2479	124.8290
180.3543	4.6308	325.0991
13.3656	86.0700	95.5075
98.0242	129.4277	23.9752
63.7954	31.3255	136.3769
122.5912	4.1511	202.9157
131.3147	76.0668	273.7117
38.6209	172.8289	105.1371
64.0688	22.6509	89.0913
91.5525	91.0833	209.0075
0.7501	110.1248	237.3155
42.4162	126.0632	97.8347
157.4778	179.7479	242.0336
156.8640	4.8837	72.7402
4.5723	104.2875	96.1097
126.1313	42.6260	357.9325
53.7735	122.0503	427.0760
152.1744	57.6604	38.1077
149.0832	123.3938	467.3724
56.5228	99.6249	221.1829
134.6426	46.2113	319.9064
71.4837	126.0219	367.8050
101.1232	15.9187	394.8418
107.4077	154.3224	14.4409
68.4291	133.9296	291.4779
139.0082	30.7287	83.4618
69.5041	43.1524	74.6506
76.9791	123.1075	332.2735
16.5631	48.7730	311.2948
175.5036	6.0430	296.3695
0.5717	62.9056	38.6665
100.7587	106.6133	323.2352
16.1575	24.3368	175.9878
26.4139	90.0913	226.6579
26.6972	183.6525	371.8161
102.7442	150.6418	260.5220
110.4909	45.5833	302.7919
10.6700	120.4460	188.3323
91.2832	62.4615	82.6089
17.4483	79.2788	148.8896
93.0889	74.6615	462.5444
160.7234	76.3047	47.0451
173.0997	1.3384	4.5663
60.0882	62.7734	431.6656
120.2504	108.0570	105.4947
73.2730	1.7841	1.7332
11.4833	44.4438	233.6024
131.2887	28.9071	345.0261
19.5092	16.6969	93.9883
43.8643	150.8102	115.1185
131.8216	64.4137	286.3387
53.6908	40.9181	403.5392
168.9877	84.3609	305.3902
73.0910	58.5944	237.1957
143.0238	21.5295	272.6561
178.4536	24.2561	313.2817
36.8168	8.3224	239.6269
121.7695	175.4002	430.9149
79.9453	77.7773	132.1382
6.8230	44.7873	279.6991
59.8101	145.6529	162.6129
29.9983	151.4942	398.4716
125.3918	59.6849	468.5408
132.8706	112.3538	34.5268
46.6269	89.1165	95.9608
171.2075	179.4777	43.0472
185.6610	163.9086	413.2054
39.0155	37.0139	133.7185
22.8365	180.2589	111.5466
154.4001	117.0389	350.5581
9.9703	24.7348	134.0266
52.1440	15.7005	57.0119
53.2507	175.4221	50.1942
87.9288	25.4913	351.6332
142.3722	36.3515	181.5614
37.5213	155.3122	244.4911
29.0902	160.0619	392.3603
143.9409	138.1826	162.4106
161.8565	29.2363	430.9290
184.7858	169.9700	314.0211
96.4316	84.2754	440.1179
158.4257	59.9733	459.3521
114.5898	120.3291	23.3509
178.3078	88.1584	190.0787
79.4928	69.5913	425.0621
152.0999	106.7182	280.1016
155.7667	123.2695	361.8012
185.4072	12.3903	303.2535
138.0941	125.9500	120.6025
83.6513	110.2765	379.7740
101.3941	90.4701	412.1047
83.6486	170.2469	346.0433
161.1723	82.7249	67.8711
169.6332	124.8147	8.1381
155.5060	102.5746	331.5099
55.1630	171.7809	165.7522
20.4382	104.8658	52.2144
81.8578	25.1354	257.6758
48.4994	3.1288	308.5236
50.1374	18.3186	94.3082
118.7804	185.1305	125.7996
5.0375	37.1886	133.0095
104.3107	1.1947	287.4268
65.7698	94.9352	210.1041
176.9565	185.1943	42.9479
129.1602	50.7232	62.6608
50.7052	172.9809	459.4387
128.4303	155.0407	218.9632
64.1480	125.1799	77.6813
154.7019	134.4965	466.7498
115.6844	0.0565	69.7692
151.8110	51.6913	60.1961
79.8333	177.4542	72.8754
144.5803	165.7033	371.8170
12.1555	134.6926	269.3302
111.0897	7.7653	115.5252
12.0783	70.0767	15.8136
178.2722	166.4303	319.6280
37.7856	58.4086	341.0154
34.8854	180.0073	208.9145
168.4509	148.7431	136.5934
73.0089	137.8245	3.9786
89.4757	67.9705	209.2398
89.2828	15.1703	139.6116
44.9316	49.0451	426.4444
105.5460	171.6668	116.3452
26.7413	165.7026	131.2642
126.1805	12.1847	304.9074
106.3351	178.6329	414.1209
166.8702	31.2717	44.1327
80.3898	62.8358	242.0691
119.7901	44.5226	32.4783
111.0937	163.9968	157.9388
86.3514	43.3535	143.5667
104.0038	20.9186	356.4882
108.0549	121.6216	445.3643
36.7524	56.0800	175.4525
95.5544	158.4520	242.7193
78.1108	47.7867	115.8848
48.9867	4.4083	140.7204
114.1230	132.1146	420.1540
111.5959	163.8286	170.3837
178.7945	101.0303	359.4387
186.1523	147.9494	302.1196
116.0561	2.3209	15.7234
23.3885	182.2735	428.8250
99.3449	102.9906	150.4591
148.3720	178.8019	139.5638
81.8819	75.7479	408.8847
115.6892	162.6332	350.7907
120.4610	55.7199	283.4929
9.0316	120.4050	146.4707
146.3529	111.6912	362.6688
82.8638	7.9846	17.7689
136.7639	46.0801	315.4938
3.3076	31.4637	56.3640
56.7071	50.9838	61.8254
32.9027	112.5849	365.3064
159.3621	163.9303	187.9399
128.4968	152.4083	127.2357
78.8711	125.9407	219.9297
27.8364	124.3105	388.1139
53.6091	20.9077	46.9983
172.9124	129.4200	414.6874
188.7476	83.8768	211.7423
60.9899	82.0474	131.5447
96.2422	70.9290	318.2440
28.6690	127.1551	348.2672
107.2729	110.5441	464.8690
102.9922	24.7529	77.8001
27.5806	12.7937	265.1943
138.1633	172.8731	366.6230
165.1204	152.4916	212.2679
121.9886	107.7464	62.2727
109.3807	25.8538	178.5799
133.9038	25.4800	59.5270
33.5331	77.7715	218.3542
60.5798	153.5588	94.6681
160.8061	62.6329	463.8590
68.9573	122.8437	415.0054
62.8338	188.8458	354.3038
141.7263	75.0252	242.7341
186.2021	18.3168	244.7341
73.9382	41.2133	384.0136
18.6938	51.0821	5.9043
5.2032	66.5647	467.3656
46.1738	136.6841	12.3593
130.0745	20.5779	230.6356
98.2765	24.0130	398.2096
163.0424	181.1547	275.9915
6.2355	67.7439	56.8514
97.3146	117.5866	75.6923
124.0211	159.4133	361.4535
151.6422	59.7259	102.2749
16.3220	105.3087	243.1618
86.8576	33.4317	346.4248
151.5079	2.3266	412.9246
164.2150	88.7850	44.9401
5.8401	161.7518	0.8324
131.3156	11.0344	141.7498
53.9114	128.4030	126.7822
145.8460	121.9877	231.8438
117.4715	15.5662	190.5586
97.4787	145.3405	95.9061
159.9399	68.5878	46.2303
140.8886	75.4639	232.4998
141.6066	146.4933	39.3195
155.1747	66.4479	226.1299
106.2569	25.8446	309.1725
134.0623	113.1032	162.3821
83.8311	49.6995	424.2886
43.5189	148.9091	18.3307
0.9970	94.3291	209.4857
10.7556	78.5087	343.7944
161.4239	6.1623	149.3299
24.0320	147.5995	361.2654
106.7083	67.2642	257.4151
8.1357	5.4107	71.6319
100.7067	113.5013	388.5914
101.1859	143.2406	11.3687
162.1245	33.5938	416.2525
129.6330	152.0150	26.5376
140.8031	39.9339	126.8521
177.1090	85.3898	457.4264
153.8446	167.0462	181.1506
130.6149	5.2870	465.8680
173.7156	95.7215	384.3279
154.5388	104.5944	50.1275
183.8229	148.5485	336.2926
23.3838	100.8897	446.5681
97.0558	52.3389	51.7236
133.2710	118.5320	103.7479
11.2635	38.6917	45.7819
130.6555	71.7870	320.2583
121.1291	116.2902	111.9512
109.9105	116.6227	445.8134
145.1715	95.3992	26.1709
137.3133	172.7982	10.6055
50.3017	70.5623	230.6656
141.8965	176.5556	195.4008
72.3930	87.6734	25.4835
183.8995	143.6797	411.8128
77.7696	63.9438	443.9884
88.5926	165.8789	371.2477
83.9863	60.8196	267.9621
90.6653	107.2690	189.5640
175.6195	138.5496	240.3096
62.0714	68.7998	302.9370
186.3995	145.4579	459.9658
74.3090	19.1299	462.9211
67.6260	31.1291	459.3744
117.7384	27.0915	327.3450
27.1062	129.2708	408.3194
175.0455	158.6810	175.1989
70.0862	105.9263	249.6473
46.8748	24.5365	111.7535
67.4424	188.1011	192.8406
36.0369	163.7682	333.4730
144.7025	100.0730	276.0769
45.0469	187.6138	39.4020
52.1334	28.4005	189.9712
4.2070	37.0673	343.7785
31.6347	108.6983	302.6226
22.5518	148.5588	243.1873
139.0636	92.5531	34.6210
182.0404	129.8726	175.4021
122.1438	28.5213	273.1305
35.8748	150.7955	390.1944
18.2034	187.0449	346.6608
122.4547	73.3985	120.2640
112.7808	52.7488	103.4894
143.1275	164.8143	385.0291
12.5299	33.0799	107.7434
121.7691	174.3421	223.0557
48.5817	96.7422	180.7282
12.0148	110.5862	236.6987
145.5844	15.1705	116.8621
125.5190	17.7252	207.1658
69.9803	118.3788	177.4702
73.8922	156.2399	110.1196
88.3148	34.3985	123.0978
165.5053	38.8139	222.0908
74.1892	123.9104	147.1451
58.8264	9.7895	265.2800
126.6597	41.3134	143.5944
51.5958	99.7897	316.8583
107.3166	75.0953	137.7499
139.0641	146.4873	327.6987
41.7742	152.9063	107.4122
42.2359	4.7356	224.8587
75.4232	75.8186	222.5862
95.1060	125.8272	180.0191
116.2473	86.4678	109.4592
41.1364	63.8280	204.3300
148.7305	0.6248	242.2436
30.2349	160.0343	233.6490
134.9648	32.4274	168.7273
164.2300	82.4497	130.7499
0.6898	89.1971	239.6724
143.8011	1.0542	294.7538
71.7346	184.5322	203.7928
86.7140	3.0887	82.4879
115.6555	34.0028	380.1173
156.6692	9.6429	122.9308
153.0468	33.3397	184.2736
102.8683	43.6190	415.5541
33.6765	19.7213	40.6652
144.0549	170.6983	242.4902
138.9334	144.9224	37.3456
166.8706	54.9495	445.4389
172.3963	165.9795	130.8495
82.8814	85.7202	369.2585
175.2282	15.8669	154.8421
59.4465	65.9946	154.7313
148.9236	148.5203	11.2015
93.0909	29.5717	199.1648
27.6709	5.1151	415.1002
100.8875	31.5572	462.5850
48.6561	11.0594	395.0831
146.4028	19.6843	311.4277
74.0677	114.5353	393.9890
101.7662	115.5262	256.3315
30.6869	137.6190	86.8639
5.7800	145.3870	448.2691
154.8075	164.8779	75.6718
16.0039	132.6200	397.4940
68.2227	140.9590	330.4212
75.1497	149.6189	422.1078
186.9899	29.4867	376.6322
67.5747	136.3961	263.8291
149.5427	149.2292	48.2713
0.8579	36.1167	134.8109
179.8679	84.9495	22.9239
34.7251	71.9066	69.8094
156.1119	139.3458	431.1200
42.7728	23.7461	292.7030
28.5973	153.7889	298.3997
49.4377	61.4592	314.6983
164.6340	54.9266	70.0676
156.9974	121.9125	61.8991
180.5918	24.1594	462.8794
127.9898	144.2127	307.7708
93.5414	16.9751	170.3419
84.6938	167.2590	463.4534
96.6046	48.8843	404.3289
175.1410	116.0016	232.2573
79.9321	9.8594	340.7763
83.3772	65.7199	115.0581
56.8731	187.1070	447.5337
67.1689	22.8419	129.9658
47.2762	88.6791	184.6059
146.3413	68.3343	58.8531
71.1992	5.3052	437.7434
173.8706	150.7274	430.1690
131.0182	122.1165	217.1468
72.2950	84.0745	279.8810
167.4876	180.7666	405.6490
33.0379	144.4696	36.8915
185.5177	14.5549	255.9800
110.9747	186.4526	293.1028
48.3083	182.3435	213.0347
144.9246	71.4420	352.1486
62.6454	57.2753	397.2422
58.0144	35.7526	138.2178
106.8950	28.1120	48.2443
55.3320	116.7270	61.2671
142.1003	169.7822	8.4909
184.7446	35.7567	183.4289
75.2797	1.6354	365.8026
95.3923	54.0093	345.6963
4.5182	86.5760	223.6245
61.4156	78.2906	240.3311
174.5824	85.0486	66.4002
61.1959	161.6331	450.5979
18.2300	65.7704	280.6021
57.7342	52.4255	381.0091
126.3575	99.5334	134.0620
128.3114	179.3304	399.5601
40.0753	85.8612	95.8342
181.8524	1.5462	461.4234
127.0864	12.2313	419.1539
10.7444	5.7979	121.7454
130.0897	140.6298	453.1024
146.9467	43.9580	297.4418
23.0053	94.5025	336.6861
138.3233	144.0671	364.0701
153.1122	53.6923	407.3806
34.3916	21.4297	74.0409
116.3930	12.4338	367.0560
61.0490	89.3873	309.2790
7.5976	34.0723	110.4289
89.7651	29.6508	353.6612
187.4282	40.6574	229.7918
112.9478	124.1542	209.8754
143.0143	1.7722	132.3101
78.9415	70.3922	387.0307
76.3548	38.8480	7.3731
99.2300	169.7023	450.5991
174.1248	23.0788	232.2115
124.3012	31.5354	353.2410
19.2263	184.2087	425.0617
143.7271	55.1951	223.0878
121.5245	116.2903	456.9915
98.5620	94.8751	351.3673
95.8242	161.6766	316.2570
101.1606	156.9447	241.0999
126.7371	14.8311	31.5234
35.9049	5.9420	265.7948
46.4906	40.8874	237.7724
71.4382	16.9885	436.7557
140.8920	57.0485	229.4715
129.6099	107.2373	372.6272
28.0007	138.7450	143.9536
136.9932	63.0556	410.2974
71.4938	170.7984	466.5629
82.5467	19.9926	102.0708
41.7167	80.9057	213.6217
0.6342	43.6240	268.3105
101.3971	139.1641	444.4062
75.7201	129.5340	296.4129
152.4475	0.2144	386.5614
117.2222	165.4959	341.5169
84.1417	1.6351	285.7218
159.8173	80.0825	213.3338
15.3935	49.3029	280.2217
98.1013	159.6932	316.1584
69.7086	108.4259	92.0973
127.4292	122.3579	331.1452
76.9485	14.4552	45.5345
173.7453	153.9154	380.7436
38.8995	54.5219	199.9593
103.5191	14.7196	434.8016
0.4847	99.0376	470.1199
107.1411	177.9181	18.2735
73.0149	185.6647	207.0315
59.5887	150.4465	369.4808
93.7763	144.4339	201.4442
176.4310	51.3457	78.9973
45.8844	6.2044	322.5242
142.8849	124.3559	468.6727
47.7062	0.1064	217.7809
105.1453	169.4734	218.7057
80.6453	102.4935	431.3163
122.7925	87.8912	119.4371
65.0469	110.0440	291.5768
47.5276	106.3923	425.2109
179.7873	51.5193	22.2784
141.7389	49.9877	238.9924
17.2273	21.0155	273.1587
169.6525	67.5044	397.5274
29.0018	172.6354	108.9820
96.5794	23.9622	207.7549
186.2666	50.6005	53.0654
17.4150	146.3065	366.9373
50.6573	40.3947	241.7916
93.3997	184.4192	444.1038
152.6209	2.0251	398.5703
167.5536	13.2860	76.4874
110.0303	10.6991	455.4604
34.8556	6.0544	120.3422
102.3841	87.6292	287.4290
76.5824	131.2101	261.6068
88.7724	18.8043	469.4393
22.2931	18.7363	305.6233
10.1416	137.8142	199.2000
15.5392	51.5613	200.2638
140.7780	45.8780	333.2391
66.0736	158.9854	435.8886
164.9485	55.1840	102.7015
146.9896	45.8818	333.1898
181.7403	69.5918	436.0906
142.7995	62.7328	420.5482
145.1695	8.4495	255.7336
148.7234	48.5266	279.8590
98.9241	55.2999	282.7326
109.1894	39.7105	1.2616
74.3245	110.8346	90.3871
21.7822	111.9721	315.4339
168.6365	133.0964	29.2746
98.3121	38.6806	456.4236
24.6247	76.1409	66.2601
82.3737	174.7942	109.3268
2.1678	165.5387	395.9565
128.5270	140.1764	389.9532
1.6226	8.8605	167.5016
24.5912	7.9452	176.7316
19.3234	143.6057	467.3167
171.5126	161.5633	457.5723
182.0230	22.3565	427.0274
129.3518	106.9663	371.1693
66.5494	187.6602	445.1903
183.9737	11.8233	304.8926
109.3777	15.0202	196.7318
80.1457	94.0530	6.6583
8.5378	133.9565	113.1062
139.6106	173.4666	224.5792
68.1662	14.8911	337.6446
146.3392	79.2333	203.9683
75.9853	151.2050	11.6463
78.8078	106.9803	73.8061
23.9321	100.6909	179.4507
106.9286	32.9876	55.0225
52.7212	57.8955	72.3862
48.1778	177.5470	54.3574
29.7247	141.5671	67.9967
22.3183	148.8731	232.7496
5.4156	58.2744	458.6915
3.0624	34.3792	109.7909
173.3235	159.8677	246.8224
61.9434	37.3911	70.4934
68.3746	69.3185	261.5802
172.7345	67.7187	309.5001
34.9590	165.2691	305.5735
20.4018	99.9685	333.4739
14.4988	6.4809	379.3220
112.8032	185.6835	8.1268
180.5732	164.2727	261.7981
44.6607	153.5311	137.1027
56.7558	115.1468	54.3309
0.1901	17.3394	227.0278
28.2005	188.5468	230.5062
144.7838	52.8476	233.8687
121.7080	136.0744	394.0421
20.0803	2.8447	444.3244
34.4218	23.7319	144.8421
35.9885	164.0724	189.8587
75.7796	42.6274	81.2771
121.6442	104.2025	91.2619
143.2017	65.7302	246.7485
98.6139	161.0707	389.0484
177.8206	79.2959	308.8900
10.9475	34.8410	407.9029
24.1504	115.2074	79.7078
34.9165	78.4732	40.7557
103.0867	176.2373	347.2948
74.8352	119.6591	135.5231
93.7187	164.7048	212.7507
42.9906	48.0803	439.5719
115.4915	3.9870	207.3002
38.9943	60.9127	305.3085
127.4935	170.5055	248.2283
186.3809	87.2267	224.8439
103.3046	140.1066	342.3366
44.1528	135.2681	27.8846
96.2965	139.9391	334.6800
155.5463	36.3915	318.3653
175.6636	55.1582	1.6740
57.7599	107.3314	226.4020
99.0056	159.1385	243.3915
144.9108	32.4454	315.5901
157.8934	6.9701	447.6064
173.7676	60.4460	314.9720
188.3985	79.8591	421.4959
177.6174	127.8004	455.0376
169.6689	26.7162	76.7052
140.9964	87.6037	129.1970
95.0141	177.2229	421.8533
145.1960	19.0426	103.5689
6.7301	128.3463	137.9581
174.4006	83.3293	49.3890
42.1037	73.0365	97.9154
113.8637	132.8938	376.8460
50.3346	55.6069	41.5401
119.6824	32.8948	154.3745
150.1620	89.4455	147.6595
105.9234	31.5543	31.1293
56.2906	35.3464	265.8500
24.3292	110.8155	19.1226
47.0682	72.3111	320.9597
103.2137	158.5495	405.6164
34.8263	106.4204	210.8753
16.1696	61.2266	329.8782
42.6557	141.2906	116.9320
95.4402	77.4803	214.1076
102.2043	57.6196	274.9883
139.8120	189.0779	277.0675
32.9463	103.9698	60.2625
141.3800	63.8576	434.4705
21.3692	174.2391	376.8558
40.3268	147.0988	157.9351
145.9902	69.1197	248.7157
48.4087	178.4303	159.6475
147.4759	146.8932	120.0692
114.8116	67.2386	86.7350
117.1928	120.1365	338.4837
175.2290	127.9349	160.0198
178.6049	83.3093	235.7536
73.4908	138.2989	236.9330
6.3702	130.6534	287.4535
54.7987	17.0550	339.9838
104.1096	37.4070	312.1538
126.3182	12.8379	429.5275
109.3882	31.8460	181.1284
89.3204	167.2201	256.0084
99.3594	169.8940	96.2634
110.6965	25.7039	137.2059
45.3169	24.2640	321.8503
43.4463	35.0754	432.5715
161.7174	17.4683	457.5481
30.7371	133.3244	281.2499
133.6067	33.6814	81.5837
60.6713	179.1866	277.6021
115.1629	171.3156	8.0452
111.6390	32.8515	370.4935
16.0722	141.4903	424.4553
102.1484	5.4179	78.3208
73.9940	38.6368	252.5401
6.3739	174.4310	106.3782
9.9695	61.7371	89.3999
60.0717	71.8777	112.3238
83.5298	42.9779	270.7952
69.9310	87.3967	208.0965
64.7518	144.1613	347.4927
174.6808	153.4575	345.6993
106.3450	164.5164	21.6963
42.5543	62.7102	141.7378
129.1309	64.6165	208.1788
156.3999	131.1343	202.3399
13.1680	94.6867	30.6565
182.9646	80.2227	372.7439
120.4810	183.1374	315.3167
41.3612	179.1039	258.0302
43.8304	3.1368	226.1301
79.2122	30.9572	270.1026
150.0231	61.2745	416.8937
113.9341	27.4433	265.1346
83.4491	46.5518	435.2840
69.7059	128.2542	303.0707
90.5831	24.7704	129.4295
136.7296	155.1489	337.2567
59.5788	114.1208	194.9469
22.9280	91.7103	25.9477
178.1230	187.1554	390.4343
76.2332	25.3424	95.4181
48.2555	101.6254	416.7734
178.7049	39.5705	464.3043
23.4058	164.7644	173.3721
52.6837	7.4284	210.2318
69.7057	57.0629	452.6985
118.6445	175.5252	22.6961
179.5681	49.2974	404.8445
4.3198	164.1534	325.7861
83.7850	118.2712	401.5844
8.0530	11.1149	57.5418
138.9665	178.2161	188.5498
111.7794	68.3624	227.9922
112.7102	51.3811	25.4539
96.0626	125.2882	214.0826
38.9759	85.8716	41.5907
75.2181	9.2282	92.2896
155.5770	132.8688	306.9596
53.2882	38.6136	425.7179
154.3429	75.3558	229.7556
168.7620	28.7134	378.2464
154.9175	128.7529	325.2714
163.8747	6.9008	392.9955
83.2488	149.8242	242.5108
62.8988	138.1776	465.5675
177.0814	14.2380	317.3469
121.8449	34.5710	386.0277
132.5976	15.1477	22.8207
79.8382	108.7696	343.3634
171.2002	60.8705	410.3890
95.7385	82.1063	89.5765
115.6783	28.6801	283.5631
61.9381	6.2798	469.2063
119.9050	0.2000	2.5455
67.6779	181.3001	329.5549
6.3652	28.1378	215.6296
147.5385	186.0009	268.2019
75.7576	62.7090	412.9708
12.0712	40.5781	335.2881
57.7939	3.2223	81.6448
72.4637	66.5253	382.6109
88.0966	102.7466	418.1791
44.2400	20.1599	440.5046
39.4373	59.8408	460.4008
142.2415	147.4869	9.4504
149.5486	105.8413	39.0545
19.6036	18.7082	241.3324
146.5855	29.4042	72.2033
101.2057	162.4193	318.2792
139.2268	183.6640	31.4452
141.0842	183.6058	145.3045
167.0479	158.1902	141.9421
45.5334	127.3396	154.6458
141.4370	56.7210	302.8279
74.3000	108.6992	84.4469
156.4459	2.2836	417.7542
25.6516	87.1471	57.9660
118.5336	169.1007	240.9276
63.0717	100.6170	39.2579
184.1602	144.4053	287.2130
41.2976	53.7328	113.8747
12.4107	101.6631	457.8680
114.3955	138.5118	251.4869
87.6136	60.4226	258.1233
152.2170	106.0903	129.8752
186.0522	111.9100	339.4928
59.7802	139.3072	449.2957
176.9662	45.4588	5.0326
44.0822	52.5330	205.2518
106.8952	60.1550	91.7849
6.5373	4.7496	313.9438
188.5197	182.2058	41.2985
60.9147	57.5478	392.6876
130.0323	84.8219	335.7706
149.3846	56.6815	281.9675
133.1706	147.1395	166.6137
62.4622	121.9331	433.0630
117.6932	176.3015	401.4021
25.2958	88.1043	16.0838
149.4635	139.9457	98.1017
23.2415	21.3167	177.5791
18.8107	117.4888	131.7403
147.5200	144.1149	125.9153
84.5723	2.7297	296.4504
122.3535	169.5890	274.9036
31.0894	55.8164	140.4035
145.8858	20.7466	175.0368
144.1323	64.9142	19.2873
156.4072	51.1601	62.7368
151.6319	25.5752	465.7218
3.2558	101.1488	452.3901
29.2657	131.5407	49.4286
175.6841	49.3306	328.8126
141.5709	122.0123	213.0266
90.0836	105.9941	133.8146
163.8037	86.6335	36.9751
153.8411	163.2592	65.7016
0.7604	4.0524	233.8514
181.1643	103.1832	197.6913
122.8368	138.6186	8.7347
162.6749	173.8227	397.6269
50.2111	92.3646	144.5289
104.9503	180.0648	130.0203
60.9908	184.2749	69.5779
41.8942	86.4343	464.2810
6.3680	107.1044	330.2695
162.6802	130.8449	333.3456
95.9532	82.1263	237.3144
27.5457	157.2740	315.9769
153.4290	74.4472	294.7368
4.5414	158.7771	15.6177
30.7763	115.9655	325.1088
1.3598	84.1518	285.2442
77.8283	145.0016	174.8299
96.8077	86.5226	261.7274
98.0117	156.9535	370.8883
6.2623	12.6243	11.4570
169.8043	140.7802	80.1339
174.6212	32.6272	28.1746
62.1603	79.2285	251.2782
122.8847	54.3207	99.7015
76.8317	125.3160	467.0959
162.3622	174.1479	377.5697
71.6607	3.0936	192.4286
145.5015	160.1822	434.9712
126.3229	0.9250	81.6946
176.6697	186.9066	360.3141
88.4724	110.4023	243.3786
112.8736	126.2711	394.5710
92.0022	70.7865	321.4600
1.9476	51.4654	281.6445
99.0037	31.1921	122.8213
6.0255	176.7641	337.9958
63.7674	76.9276	325.0224
104.3516	135.4491	433.2525
170.5754	176.8534	74.5585
12.0898	71.4222	163.7673
67.0731	54.8686	223.6473
1.6871	123.4028	325.7534
129.9147	38.5899	22.2948
22.0590	38.4631	209.5641
34.3122	70.8735	109.8698
145.2248	138.5964	359.4103
159.0426	155.3440	48.3691
188.5328	99.7344	25.2416
9.5390	65.6656	253.3739
165.4339	141.4418	48.6059
81.9142	61.8516	226.0494
81.7088	74.2196	128.1070
79.6583	53.1709	270.5433
59.5688	94.0879	213.6259
72.9793	122.9409	350.5654
55.5414	171.7224	275.8741
100.3374	11.2302	129.5357
169.2822	52.8270	357.6561
109.1789	115.7348	246.2496
181.6058	82.3749	208.5182
161.7292	103.9681	361.2186
144.0312	32.2344	276.8386
58.2291	17.4730	166.3530
141.2303	177.1762	252.6383
41.0513	117.8797	102.1572
180.4365	81.8844	207.0550
33.7743	41.2462	272.5448
91.4453	60.0477	75.4890
93.0314	75.9372	309.3198
105.1485	58.9940	165.9412
55.7181	61.9346	462.9690
137.8082	89.3132	179.1151
115.6273	54.2164	90.6244
159.1465	73.9717	127.7536
167.8288	96.6829	299.4688
26.5456	103.7779	316.8091
129.2568	168.7616	288.2212
110.3015	14.3882	15.4291
126.6743	28.3047	141.0312
84.9291	4.2688	348.0270
179.0787	143.6281	451.3032
149.0547	59.7109	391.7693
185.7106	112.4014	22.0417
73.3813	46.5098	359.5111
82.3877	149.5273	4.2087
185.5756	102.2996	301.5471
11.9602	58.3891	76.1624
65.6336	70.6295	279.6653
81.7508	174.8045	309.3967
180.4278	146.1278	44.0967
176.6285	76.1352	48.1785
171.5212	32.4410	226.6030
46.4014	29.8738	209.9283
70.1071	19.9202	158.5674
79.4203	114.5209	142.5405
174.9442	74.7361	72.2675
116.7676	25.4633	4.4056
24.8708	63.7819	162.8830
24.1769	23.4539	17.1982
184.4682	97.1984	47.9279
143.3106	171.3450	183.4118
37.3704	82.6958	120.3576
137.2405	175.2121	333.6062
85.1688	83.6620	267.5901
56.0738	167.1954	211.7808
10.5185	129.3815	297.4538
15.6439	80.9787	148.7314
37.8775	16.4225	123.1049
25.9569	181.6953	439.9507
78.0610	37.3812	281.6563
103.0431	162.3073	8.9115
69.5302	79.9785	267.9352
170.9232	81.7387	401.5900
36.9534	135.7721	17.0893
31.1058	111.3356	8.1505
52.3867	46.6171	133.1429
33.8182	36.3748	71.8218
170.8024	11.0433	353.1494
16.2188	91.1268	241.9644
31.9384	185.6953	77.0579
65.9385	21.2252	45.1616
120.4682	99.5099	378.4288
100.6558	94.5598	138.9819
159.9109	160.1538	260.2463
63.1111	148.0119	273.8977
76.0486	3.4131	367.9900
137.4139	6.2782	62.5497
2.3924	54.3485	144.2640
0.0742	120.2186	364.9498
145.0934	57.1276	362.7160
39.0964	42.6952	328.6623
108.8646	186.1985	14.2562
167.8563	115.2005	90.4260
20.6448	122.3859	340.7838
171.0552	172.5869	124.9476
58.6741	3.3055	436.4874
92.0757	87.0931	252.3381
163.7440	126.4915	119.4389
156.7362	160.1590	79.1391
155.0997	82.3132	120.3471
27.8612	166.7322	145.4729
174.6324	6.4546	234.4520
81.8493	184.0138	228.2769
115.8047	158.4384	225.8988
161.7817	177.3150	119.3311
139.9205	161.5829	137.3395
32.5156	52.7094	127.9356
188.6915	34.6917	359.6423
4.4533	17.8662	119.8789
20.6876	182.4938	220.6768
182.8188	56.8894	224.7792
27.4451	62.9905	82.9707
185.6653	5.8056	47.7877
126.9479	177.9912	246.6838
92.1930	82.4494	442.2786
71.6380	183.9011	468.7836
7.4791	57.9330	205.0469
75.9768	17.5005	345.4507
182.6275	101.3274	401.2089
139.9778	29.5810	200.2910
17.6621	29.2950	186.7370
162.7384	107.3454	344.6962
103.4414	89.6800	372.9716
155.7924	172.3907	425.0099
140.7478	6.2666	290.3803
36.5360	26.2366	89.8329
23.1206	19.0457	178.8550
188.8274	100.8231	76.6255
15.4688	3.2518	22.1048
23.6119	25.3711	146.6014
64.5966	73.3521	399.0004
125.7504	184.1902	156.6634
60.3035	134.0871	110.0944
105.0693	86.7935	322.0350
106.2089	182.9463	218.0377
46.2630	151.6185	106.2840
132.1503	45.2001	325.2403
140.0073	100.7835	251.2433
187.9267	146.4990	159.8223
94.6339	169.4742	135.4427
161.3011	163.6098	257.7435
75.6881	121.3446	134.3687
12.3450	149.3108	359.1677
61.3200	93.2290	390.0414
163.5072	25.5718	458.1285
98.0366	22.7547	195.2172
107.1377	92.9046	328.4448
40.8400	140.7426	288.1885
180.3944	76.2547	195.2224
43.7843	40.4879	231.6217
110.8421	160.8060	430.3735
86.7780	13.5727	13.7413
154.7996	62.3336	428.5992
63.5700	26.2679	143.8395
103.1520	139.9045	393.2316
44.1578	4.6655	212.2242
152.0179	3.3036	73.6099
18.7839	129.7136	204.6833
125.2939	186.1619	115.0183
153.5493	2.1252	70.8227
62.4006	30.8183	98.5821
186.5738	30.5962	309.7246
71.2821	146.3614	114.7222
6.4007	13.5275	453.1237
172.8161	79.6679	75.3417
5.5133	0.8788	15.5254
9.8004	122.8929	274.6342
92.4050	107.3877	445.1695
24.0940	104.5360	132.3429
84.4303	108.8737	386.2221
77.4936	3.1401	311.7152
64.1959	94.0549	382.9390
136.4520	173.6754	165.4314
100.0727	55.4869	55.6548
96.6450	66.8276	328.3897
56.2049	35.8927	213.1253
69.4033	113.3853	225.8663
17.0867	135.4559	231.2087
86.5695	187.6248	172.1520
69.4606	51.4667	20.9312
183.4095	84.5591	215.9438
56.1641	185.4057	169.2635
134.0817	88.7210	184.2970
94.0338	60.2254	464.3565
103.3293	93.0749	258.4989
1.5731	0.5695	257.1141
185.5561	186.2530	444.2205
0.5337	104.3115	79.8184
56.5235	143.1060	189.7634
4.3120	147.1738	251.9399
143.2694	32.2160	7.9692
15.4077	50.0679	307.3589
46.4811	97.8678	237.8531
60.0097	98.5450	371.2460
59.7392	54.6452	102.0587
21.4279	74.3043	166.8653
146.7208	125.6433	45.2956
13.8151	78.7479	325.6324
39.9881	163.8578	232.0262
31.1701	30.4747	299.0466
18.2846	98.8799	15.1448
136.2054	156.6042	265.4485
175.7817	95.3213	114.6850
42.9053	183.3319	18.5131
47.8290	92.3001	341.9996
165.3707	83.9469	21.0497
122.6454	140.3526	99.3485
5.3504	158.0196	273.9107
93.7236	92.4272	160.4269
39.2086	181.2832	355.1954
121.2370	23.8572	110.8862
137.2564	169.7429	14.6764
59.9701	96.4667	174.0743
9.6477	172.0783	432.0052
152.2663	11.2617	229.3960
159.2862	150.3548	118.3058
186.3944	178.5623	412.8511
159.1296	178.1729	257.9660
65.3401	158.6633	407.0171
83.1010	16.3484	84.1689
175.6016	188.6323	135.7012
17.5099	92.3709	390.4733
105.6128	174.5037	116.9950
10.8122	64.9720	256.0563
83.0754	119.2973	421.3771
163.7124	147.1077	253.9167
171.6632	109.5270	66.5590
174.9142	56.8989	309.2382
27.9644	123.1056	367.4763
166.6428	46.5466	245.9927
49.5826	51.3932	396.0220
144.6645	108.9077	367.0720
60.0569	164.7230	397.4208
23.4103	118.5707	388.7821
156.0199	96.2284	44.1999
135.8851	26.0454	46.3271
186.8796	24.3654	307.3159
6.0693	103.1768	329.3508
77.8473	24.0868	52.8070
117.2991	146.2452	65.8536
48.3273	11.2932	17.2047
108.4680	71.5210	157.6560
77.4650	122.7907	112.0310
181.1999	85.5121	111.3834
185.2011	20.7394	194.6323
9.9685	11.2619	78.3789
22.0647	188.6295	190.0315
151.4470	182.0577	320.4559
139.2263	113.9021	428.1913
53.8909	152.7474	167.6497
13.3931	118.7047	70.9884
70.0073	121.1702	76.4130
121.0768	40.1138	107.9488
58.9478	136.6365	257.0216
129.1955	137.6158	148.0393
181.5587	17.8637	240.1036
16.5255	178.3800	258.9904
32.3373	143.4404	459.4139
59.2187	82.1568	288.6882
160.3505	67.6562	71.6943
109.3683	24.0073	243.0039
89.9414	110.6960	102.3741
14.5282	88.4611	10.1863
168.9413	11.5722	75.6021
17.9205	86.9811	184.6588
168.9409	154.3218	414.0998
28.8395	17.0887	77.4050
8.8467	164.2140	366.8460
148.8319	112.7961	107.3084
105.0928	187.8681	37.8830
81.5347	71.7269	160.0782
41.9301	155.1651	96.0047
177.1160	128.8350	209.0465
90.8192	188.1330	185.4331
23.5440	107.8813	60.5231
32.7549	181.8101	94.8070
6.7149	28.6990	325.7613
125.6599	99.2940	404.6749
31.3007	174.1884	272.8387
116.3337	80.6561	237.4715
117.4248	34.7386	89.0518
185.8597	134.7352	351.3836
11.6597	174.9496	364.6980
41.6381	142.5461	11.6424
100.8069	100.4574	283.7818
140.0147	180.6631	400.0503
171.0189	130.0488	61.0967
56.9973	56.2435	155.4326
119.3444	36.9076	334.7391
37.0763	41.9400	461.6125
177.9364	103.3783	241.7730
179.2973	69.1118	179.2452
174.9558	53.3859	54.0969
63.5457	104.9923	105.1315
185.9852	31.3957	59.6786
103.1966	101.2701	390.0500
61.0408	140.2983	253.2689
185.8879	163.0188	85.4294
23.3468	2.5125	48.0761
185.4463	128.4059	351.1637
113.2376	104.6494	396.3626
92.0347	43.3991	127.3022
45.2784	84.3605	191.7633
97.5238	136.7094	385.0575
58.1179	7.8152	264.3550
100.6657	149.6007	211.8303
29.1570	15.9401	356.0286
78.1433	150.6818	341.0822
174.1602	24.3865	284.6708
110.7827	81.7330	180.8705
36.2759	78.8292	397.1677
121.6418	176.3787	171.4381
172.6837	96.7762	363.5111
61.4118	97.0345	358.9003
86.0138	107.1725	400.5767
1.8725	162.5695	192.7040
61.7134	79.9476	299.9971
12.6424	156.2473	142.4412
90.1346	24.4242	297.7303
33.1645	182.5372	73.5100
124.5461	154.6436	469.6983
173.0060	128.5801	75.2600
60.5577	177.6138	202.3942
46.2268	187.5739	72.9657
145.8445	95.8394	376.3508
106.4892	102.7988	296.1180
32.7261	171.4487	69.8590
124.2134	66.5102	409.4758
84.5179	15.2983	171.9594
62.9942	10.6131	282.9373
99.9626	101.8424	113.1320
119.2159	122.7157	259.9727
29.1499	75.8960	220.9184
159.5486	90.7122	371.2151
145.0833	1.0880	33.7624
67.3834	57.6652	237.7356
70.5674	142.7197	321.4171
10.4313	112.1747	252.8170
156.4206	4.3122	138.1725
111.6413	37.7874	385.0213
63.7288	25.8526	298.8843
102.7652	164.6612	366.6876
92.6991	131.1155	464.1888
16.0214	178.2650	338.7544
103.2853	141.7322	169.7935
117.4166	92.3552	275.9324
61.4268	180.1492	155.0272
128.2637	24.8964	66.9353
135.5876	173.1533	188.1296
145.4296	118.1505	123.1255
178.8725	174.3021	144.6126
114.9493	4.6939	72.7882
4.5882	98.2890	153.8945
103.4231	127.1847	24.0810
132.0172	57.3772	360.2403
178.0105	152.7895	372.5675
119.5735	34.4728	318.5735
143.6471	2.6867	134.7750
132.8013	100.4420	59.7689
20.9803	94.6798	127.4766
179.4138	52.5591	460.1250
22.8410	138.8036	440.0018
86.3881	106.9625	404.5535
3.6765	24.0537	386.5266
158.8387	182.2418	247.9004
138.8140	37.2726	353.0631
134.0858	149.3818	1.0495
11.0857	24.5041	377.9808
106.5667	158.4523	369.5012
151.2855	57.2105	353.4376
35.5428	17.0806	49.3649
179.2805	165.3203	95.4514
105.5466	127.5752	119.6372
35.4053	8.5845	207.9678
165.9499	34.2002	424.9254
26.9991	27.2546	454.6790
128.3737	75.7283	138.0840
90.4110	175.6594	232.8632
142.4151	108.1883	234.5620
135.9558	98.8416	346.4882
157.6283	74.3884	54.2559
166.6943	76.1369	121.6330
130.9083	4.3696	28.1503
93.4239	108.1950	168.6538
155.9881	126.8939	443.9181
53.2539	8.2735	99.7004
125.7966	44.9561	3.6162
45.3115	163.2837	117.4441
180.2804	45.0010	89.4596
163.5895	104.4431	306.1181
60.7667	12.1049	220.3854
115.1984	164.9743	133.6226
46.5118	173.7459	338.5168
116.2421	173.6697	241.8332
72.6190	101.5775	408.6792
30.0379	102.8806	321.6538
102.8009	141.7167	374.1312
135.7022	132.0035	92.9266
185.2875	27.1656	187.6110
110.2446	44.8757	254.7629
178.8685	145.6440	108.6852
152.7675	110.2945	444.9640
9.9681	157.4714	282.0662
77.0355	57.5803	161.6952
2.9159	18.5670	193.9049
157.7332	119.1938	355.8880
68.7299	24.5371	150.8624
176.4150	146.4886	470.1787
6.7751	77.2838	101.7169
124.7752	136.0591	365.5176
148.9451	143.9134	142.0480
49.6448	147.5347	209.0967
71.6152	24.5701	362.8990
25.9689	3.9794	407.9755
134.6499	3.9920	152.8885
145.2705	67.1199	248.6978
68.2166	23.7566	315.0494
48.7663	3.4641	432.1077
175.6061	144.8097	463.4527
148.7016	170.5558	7.9810
45.0316	82.3023	294.4618
169.8880	33.9421	383.6178
46.4935	35.1775	155.9566
83.4683	90.8684	162.6934
29.9805	98.0137	239.6323
107.5706	38.2061	350.5888
96.1698	153.1839	269.5636
186.0401	16.3720	52.3872
88.6698	29.7079	275.3388
169.2499	173.6429	304.9862
109.5469	125.8467	295.2447
144.8360	60.1886	398.0652
125.9305	53.0444	41.0835
88.6630	74.7137	242.7310
88.5108	158.5583	30.7704
20.3061	113.8674	271.1650
123.9417	161.4847	290.5297
14.0522	49.2362	321.2349
87.5221	94.0229	261.2812
9.6470	24.6938	441.5299
81.1078	150.6157	265.4058
123.5399	107.4726	183.9365
124.5380	10.7795	213.7593
75.2432	64.7054	114.1702
37.0423	93.8015	195.2798
96.7107	99.8574	164.8388
133.3275	4.0688	331.2656
151.0450	170.3420	253.0781
6.9094	58.9101	102.4309
12.2194	51.2506	30.8433
186.5740	134.2590	197.8948
48.0769	158.5912	359.2514
98.8291	156.5808	470.7424
17.7013	55.1432	58.9144
14.6076	177.0428	369.8166
29.3140	128.4721	355.9847
89.5439	77.3104	256.7723
112.3737	70.0162	247.8404
124.5198	104.7011	388.8925
58.9011	72.1579	298.1608
20.5569	135.8803	422.1023
74.7217	133.5483	431.2291
70.1187	10.2579	450.5149
178.4948	126.8003	10.9594
10.3747	138.5829	264.7766
168.9111	56.9670	353.2825
54.4159	186.4968	300.0000
45.5859	180.3649	37.9164
41.3424	14.6687	79.8868
9.8298	151.5243	426.9922
58.3376	32.4861	48.5479
91.9301	137.1022	334.2981
140.7271	4.6008	91.0993
60.8185	100.6412	91.0101
15.9883	58.2910	281.7258
183.0159	148.0655	341.6331
55.6288	144.4004	195.8720
2.9227	134.3553	92.0357
130.1336	4.0642	404.1198
119.3769	55.9501	92.1105
22.3099	184.2343	334.9579
54.3099	14.5117	186.8589
74.6934	13.9436	130.5912
89.7574	67.7961	192.5882
123.9713	90.7489	389.4014
159.2339	111.4310	328.9957
149.9343	117.9501	96.2572
155.1667	89.7128	197.1584
139.0027	20.1804	147.2080
165.6584	171.8660	56.7813
17.1567	0.2793	385.3740
16.3478	185.5274	351.3760
65.4029	167.3850	281.9275
88.0150	156.2649	469.5116
179.4783	36.5997	280.7865
50.1693	92.5843	319.3150
54.8538	23.9032	146.8130
20.0018	27.8595	69.5521
85.2244	65.3937	400.4729
17.5528	118.8634	192.8863
40.8756	169.1667	15.4517
30.2090	133.9725	152.1835
64.8660	48.0779	398.6249
7.8255	43.0813	135.7546
71.9521	185.4551	461.8757
128.3739	178.4222	314.1345
125.4838	119.3064	109.9102
71.4112	148.7458	123.7491
158.5562	32.4939	150.7899
23.4572	2.1390	8.3292
5.0392	165.9676	142.3788
183.6936	7.4284	293.5123
7.6866	24.0843	278.6952
79.5207	44.0299	403.1642
54.1662	160.5793	160.6382
0.9541	42.9944	96.9448
88.8618	27.0391	349.7502
73.5904	4.2117	140.4238
122.7457	159.9548	280.3947
107.0460	177.0195	13.9125
12.5577	160.0726	302.5880
56.2643	11.8334	433.2048
43.1277	127.6579	256.4264
63.5677	9.7362	258.9902
149.4793	57.1865	28.3307
116.6643	125.2571	265.5771
116.5739	17.2488	403.6358
134.4604	121.7489	324.6478
46.7809	90.5760	128.0797
170.8801	88.3067	60.2870
90.8212	144.3970	136.1784
10.9156	57.4725	88.4768
100.9861	23.3479	172.5729
139.9089	34.7205	175.4703
21.5563	85.7614	276.1210
83.6057	117.9890	374.5362
42.5330	38.3821	126.9382
146.5548	60.4686	414.5443
114.9126	12.3385	210.4120
167.9024	54.7249	326.4281
125.4897	3.2855	189.7511
65.7069	65.3159	412.4048
47.2766	80.3669	403.7218
63.3345	132.2881	460.0509
107.1049	26.1485	425.0705
109.5454	25.3840	126.4136
42.5935	154.8396	185.7837
4.7470	161.3220	137.7881
91.3041	110.1141	213.6145
61.1496	163.6719	144.7241
74.7119	66.7964	193.3638
61.3560	6.2181	354.8072
129.3983	172.8134	85.7429
3.1559	10.2185	240.2327
177.7882	73.3029	33.3668
22.0790	16.8554	379.9928
111.2858	10.5381	229.8886
69.9949	59.4820	326.9952
30.4198	179.9051	443.6964
155.1099	85.8511	186.0644
127.9516	159.3596	134.1349
129.9706	4.7556	21.8173
9.3889	65.3965	452.0691
39.9892	172.8542	71.0812
12.6882	72.2367	48.5237
177.1425	29.2823	419.5800
55.4881	102.6301	360.9935
33.7638	20.8504	375.2907
43.3275	185.5042	10.5470
181.7793	172.7641	451.7870
135.4627	169.1979	240.9676
4.8666	21.6832	67.4311
59.4892	116.9183	429.0646
20.3339	22.8135	470.1390
126.5068	69.8063	462.4035
149.2817	75.1865	129.0532
169.7747	69.2477	430.4041
180.0718	11.1315	336.1119
101.6379	148.6543	338.8848
111.3301	56.0168	20.1630
12.0091	51.8513	323.7284
40.0326	120.5229	90.8081
73.5668	39.0932	270.3481
22.9995	17.2328	299.0779
29.1329	32.2114	129.5383
14.2646	69.8036	176.8418
66.0183	54.3709	95.1975
141.3641	42.3044	126.5056
66.9398	3.8556	315.8099
74.6064	72.9297	437.1310
105.8982	173.6223	119.9343
100.6584	2.4572	184.8317
33.5954	61.7150	110.7307
97.4501	47.8923	189.8372
67.1247	72.6845	188.3568
81.1391	60.2191	318.1142
0.4393	155.5805	333.2086
67.8461	144.0218	95.8791
47.6282	170.3601	432.2280
383.3360	-76.0763	369.8400
24.1037	69.6670	387.3578
149.8182	58.4259	286.1772
181.2949	164.9790	91.7750
19.3047	32.6623	122.9824
90.5658	77.9531	236.8940
61.8575	56.2827	68.8239
182.7463	26.0009	3.5244
147.6124	135.5723	317.1191
135.5139	100.6394	159.6840
90.3229	124.9813	405.3274
30.1208	187.3524	100.1375
35.7847	174.3502	185.6284
60.5024	37.1742	212.1862
170.2998	57.9000	217.9330
1.5337	92.3573	416.5261
46.6199	177.9142	166.0889
80.6183	11.5569	3.9017
65.0614	72.3305	183.2719
113.8360	84.2994	270.2612
65.8969	18.5381	255.4716
7.1557	110.9555	98.9032
57.7947	45.5855	212.5638
59.5126	183.4810	366.5181
39.1220	98.9503	5.8363
79.1574	56.3381	40.2557
22.6406	159.2477	394.7425
9.1081	31.0001	400.7503
30.4976	3.2666	270.8938
83.3374	170.1110	137.1351
65.3398	94.7290	327.4540
77.7450	121.7394	64.6601
139.2145	29.1977	398.1951
13.3998	14.7138	430.3509
53.8791	181.8084	316.0379
128.6765	187.3298	200.6524
92.5297	16.7582	125.7740
28.7069	73.1068	99.9477
63.0249	3.4779	112.1722
24.0662	79.0342	85.7819
156.8432	97.8125	419.8221
63.4266	14.3556	454.3829
14.6739	74.4590	210.2459
76.3804	28.7299	105.1400
82.2603	0.0231	216.2190
96.4086	26.0015	224.9146
31.4395	101.3896	438.9208
1.1477	108.4549	15.3479
125.6002	183.2508	93.3136
39.5697	49.3128	139.2612
17.9335	104.4797	42.7533
117.0555	34.0515	332.2594
177.5570	153.7457	444.9231
142.1365	39.2697	322.2360
152.3328	146.3787	345.1336
27.3770	162.0948	384.1564
6.6723	53.0465	36.0047
7.8023	0.0451	245.6772
155.0359	117.0466	16.8330
90.9535	38.0016	16.0394
60.2160	65.0105	440.0733
78.6668	119.3004	458.5835
61.6202	181.4526	96.0246
125.2624	133.1041	321.8683
162.3526	118.8133	331.8249
85.4913	67.5679	250.6955
180.1464	147.8206	372.3449
55.6594	32.3108	105.8802
11.6592	24.7791	244.7753
51.7442	184.9504	120.3235
91.6058	57.6267	68.3806
110.5310	119.9014	362.4255
98.6895	146.2378	159.3791
10.8541	89.6466	453.1351
186.6695	19.7817	43.1570
83.9801	174.9031	149.1059
128.4997	20.9152	54.2494
131.4571	37.1384	346.9365
131.4568	66.3955	241.5262
61.8563	22.3806	264.1101
180.0951	146.9883	168.1732
34.2933	42.5547	435.8206
176.3898	28.0611	200.4322
67.0399	65.3006	424.0576
120.2924	91.3762	406.7278
161.9559	22.7975	222.5041
16.7565	79.7033	258.4841
58.9468	8.7015	443.6576
176.5559	37.4391	25.2797
109.3816	19.8283	61.5094
94.0748	132.6307	175.9663
114.2494	75.6301	163.4306
161.5480	161.9872	82.6903
171.8378	155.3028	24.7246
85.5219	180.4042	97.2821
4.8636	9.5718	254.4525
44.5546	19.9910	272.7594
159.3216	172.6443	458.5803
166.7908	38.9340	435.8854
73.9596	106.0738	335.6276
154.3979	4.6587	127.6564
47.4702	13.1060	412.1494
92.0250	28.3966	423.3052
59.6156	143.4947	179.7467
70.7413	151.0327	30.3192
161.0720	27.9046	88.4529
76.6192	38.4365	210.9630
167.2484	140.2983	418.9270
67.0119	64.1064	45.7165
59.7852	86.8794	106.9218
4.7118	79.0921	270.6448
55.5190	74.5347	323.3866
20.9985	22.6055	446.5675
19.0458	14.7043	98.5967
28.7485	76.5407	371.0269
150.5994	4.1665	155.2537
88.3036	18.2765	126.6426
165.0728	63.3572	248.6457
1.0188	155.7389	439.8141
1.8983	36.9342	121.4729
48.2650	6.3545	184.3949
97.2585	74.7689	73.9208
22.5137	27.4206	453.7500
6.8259	35.1520	122.7638
143.8508	64.7967	70.9493
140.0087	153.2380	206.2106
152.5859	184.6425	426.1355
124.2658	97.0671	140.7948
35.8600	10.9365	374.3733
106.4598	137.5291	241.3583
27.2122	51.6859	47.3012
54.1783	176.4336	65.5839
119.7487	163.7809	100.6862
173.0669	4.5557	136.0732
25.6090	127.1679	249.3249
169.5920	115.2730	25.4257
37.2438	2.4797	347.9250
26.5153	130.4425	58.6402
132.1278	108.4587	192.6148
57.5932	152.2731	271.3944
132.9448	71.4386	286.7316
65.6684	167.4696	145.5645
43.4926	179.6881	349.8452
147.2769	181.8900	273.4572
120.9588	81.1050	340.2521
120.2403	107.3629	276.7752
160.7233	7.0792	7.1417
126.4035	174.4899	147.4391
118.2566	71.4805	13.0489
172.9390	111.4455	64.3197
86.7027	6.7471	303.5251
59.1376	16.9161	334.3507
46.3795	87.6877	226.8094
5.0965	61.5159	129.9229
136.7551	142.3015	58.2781
125.0301	150.2194	294.1204
183.9632	122.0622	455.6076
165.1431	146.9443	245.3670
41.4559	113.5729	205.0261
186.0877	111.9711	71.2019
159.2467	181.1095	305.1827
78.0375	130.2544	292.6764
130.2715	142.2919	382.3751
145.8406	32.0581	416.0565
154.0021	53.8343	286.2842
118.2738	179.1496	425.7656
32.2948	22.5996	104.7475
164.1596	47.6068	74.2528
96.5235	9.9190	7.3606
180.0478	15.3301	38.7011
80.0957	104.3084	371.6267
141.8764	178.1113	250.1628
178.3030	182.5898	425.7645
60.8585	63.9107	143.2936
73.2176	87.1781	331.4978
53.2929	20.3194	152.3110
94.4461	12.0781	366.7603
122.8708	105.7091	67.9927
124.6126	175.7715	401.3529
138.8543	18.8298	333.2375
86.0836	7.1352	333.7618
131.0003	178.2113	187.1554
23.6025	44.6096	454.8481
159.1248	4.3820	284.7453
16.9048	153.8224	14.7739
52.4415	54.6046	123.4624
71.7036	135.7268	389.7604
103.1810	50.0340	52.4205
34.1235	189.0588	256.8084
35.4677	32.8151	103.9356
145.9377	105.7972	178.5901
137.6731	115.6543	13.0894
90.7672	177.5940	242.8899
110.4024	78.4460	237.9914
181.4768	103.3137	421.8092
52.0811	111.1167	418.4161
2.0280	107.1394	155.1376
113.6108	35.7459	155.7172
175.8379	115.4136	292.8335
179.0847	154.1833	120.0587
118.2742	69.7132	19.7226
127.4196	175.4513	323.0751
101.3298	45.2684	161.5516
89.1192	138.8467	122.9200
27.3800	83.5190	382.2292
129.6141	106.9820	390.2485
1.6152	33.2533	462.1590
67.4325	142.5043	89.7036
136.0408	158.3650	182.9238
52.0741	160.1827	6.4260
64.4813	9.0705	389.1926
72.5692	160.9266	452.2573
120.9828	99.9504	370.4691
159.4427	176.8880	262.5448
101.5853	106.2977	94.8806
29.2301	9.3371	72.5574
174.0397	2.2988	452.9549
14.7664	132.2765	158.2746
158.1999	144.8217	199.5196
181.5229	81.5952	438.4447
118.8264	79.3366	140.4944
114.3064	10.9214	9.4449
138.5540	133.4787	364.2934
171.2225	62.4144	140.7880
88.6591	103.5149	397.1453
96.2381	101.6670	261.1852
154.3727	181.6992	349.0432
73.1790	27.3116	55.7156
41.9204	135.7020	254.9149
77.1643	2.1376	329.5385
98.6716	148.7288	469.5487
49.2715	26.3218	429.8986
81.9027	51.8214	137.3797
73.7026	82.3717	299.7477
59.8893	150.5970	346.8335
0.9172	92.6955	370.4035
108.3016	135.2074	141.5197
104.2485	8.7710	392.7158
45.6534	58.6127	465.4502
42.2857	10.7287	390.0298
153.8245	75.8032	403.0561
20.0796	40.5544	314.0459
62.1611	3.3309	256.5156
51.6130	99.0581	28.6534
129.7362	62.8575	63.1191
31.2963	115.5030	52.4373
148.7906	176.1082	341.4390
108.8179	152.0125	355.8701
62.5585	67.9295	428.5270
99.1951	123.2968	307.5121
88.9555	120.5580	365.0143
10.4554	89.4197	454.8788
61.7853	99.6658	307.9224
136.1396	169.7223	12.7771
129.9575	55.3878	96.3807
20.4432	88.8219	42.1213
34.3219	69.3650	74.4118
144.0124	17.6014	253.0494
112.8465	24.6533	271.4454
179.4804	135.4673	198.1019
151.7291	166.1196	341.0287
60.3785	44.1376	394.2528
12.0928	185.6200	437.2695
155.9884	160.7692	350.0364
52.9096	92.8927	156.0867
121.4687	15.1612	336.0401
41.7509	65.5435	355.9644
77.5265	175.1162	37.6238
102.5934	31.5338	426.3617
163.7214	144.2108	267.9134
186.2240	57.5936	310.2143
65.6009	170.2995	305.5267
38.1816	151.3504	412.0911
156.2556	114.1609	387.0515
78.1340	127.0038	450.8501
111.4736	163.0480	263.7951
124.1313	175.0399	232.9086
142.0994	176.7564	392.6786
30.9509	156.4298	384.5653
92.7183	137.8280	97.2149
156.1145	155.6154	168.9205
31.8357	178.4155	428.7725
101.1430	91.9102	398.0627
74.4491	35.0609	382.5247
118.6379	44.5729	111.3781
15.7913	121.2142	103.0497
91.9046	162.5939	234.4051
99.6881	179.9499	2.6943
174.3206	107.1884	378.7100
142.8488	26.8166	335.4596
107.6701	39.4455	218.3434
171.8314	157.8796	421.2503
143.9404	131.8675	4.8359
178.1845	66.7726	274.2766
185.6458	23.9256	256.9435
110.9851	50.6920	50.7164
94.9727	26.1295	28.7240
92.9178	129.7521	397.0869
94.5649	187.3654	219.5547
15.8375	100.0976	330.9885
147.4615	53.2318	249.3397
122.3380	20.0416	214.9010
30.4717	184.7308	260.1085
117.8646	88.6183	293.1708
176.9913	151.0670	114.9519
166.0419	14.3613	344.5978
18.3434	1.2058	23.2875
97.2622	11.8552	175.6238
82.0939	154.8174	421.7199
90.3156	10.1553	163.3784
141.3483	66.1504	159.8160
142.1497	91.6565	373.2486
146.3440	107.0560	431.8435
161.7521	148.3861	294.4899
160.3173	109.3347	181.0680
158.6424	89.0063	294.3619
95.7872	33.5733	417.9622
45.9231	7.0876	163.1717
118.6417	95.7322	268.5769
69.4795	105.7227	29.0622
33.1821	74.3060	70.6263
11.3913	95.2756	171.5322
3.6087	40.3730	399.7324
162.5458	23.3911	447.8709
179.8096	21.3437	467.6948
67.5148	166.0175	107.1456
145.5113	172.5193	384.4644
25.1367	93.7766	170.0734
129.7158	32.4021	440.9820
187.5706	147.9117	247.3971
140.6750	137.1822	284.3424
32.3959	171.1234	35.1970
88.7067	84.7714	429.3883
8.5225	28.0681	28.3368
85.2062	168.1010	144.6956
14.5980	175.7639	284.1284
84.7396	162.3273	397.4110
4.6095	164.1395	168.1476
68.3582	139.3799	322.6367
83.5287	156.4080	101.7812
114.6656	80.2035	272.6289
151.1557	103.1412	295.5473
149.1986	113.4514	35.2367
90.2393	95.4608	431.2061
77.7688	63.8013	17.2629
24.8332	185.2740	265.5185
127.6222	170.7125	436.9780
21.7574	14.6189	120.0237
40.0481	139.0014	96.9232
64.9073	22.1947	54.8249
37.3015	151.1816	146.4764
178.6388	172.8864	297.8645
97.2226	138.9085	171.9964
31.8992	126.8158	407.0192
184.6585	77.8818	442.8156
51.8510	128.6239	173.4554
138.7621	157.8709	425.2692
9.0703	89.9217	158.2546
12.8060	37.5975	329.8482
47.1773	39.5320	109.8044
56.7310	109.3907	119.3834
168.4459	3.0914	368.6079
44.2839	59.9614	273.5808
44.6916	147.0294	169.3198
154.4433	157.5166	173.5911
9.1394	164.9663	459.9063
176.9709	10.3301	290.7456
186.1932	179.2283	210.0076
95.5219	79.5026	240.6119
25.0311	20.0838	19.7239
131.9093	119.4774	108.1650
90.1905	66.3760	209.9015
97.5904	131.8761	96.9554
28.7657	100.6145	80.8506
15.1893	179.6966	451.1190
157.7437	64.7695	56.4798
97.8743	117.9653	225.9252
42.9927	36.8696	101.8086
82.9895	120.2875	431.9514
184.6433	0.4848	3.9178
104.6501	145.9808	88.0436
39.2651	16.2345	211.1090
80.7417	30.9809	379.9375
46.4083	130.6749	106.1967
45.0258	53.7821	131.3751
152.2025	156.0253	455.6002
167.8305	93.7489	226.7868
104.2510	141.7069	223.0318
119.2407	113.9403	449.7119
68.8597	183.0675	60.9860
185.0203	166.1451	151.2704
99.2823	115.8531	24.6201
8.5915	132.4016	77.7085
141.6948	53.8654	60.6340
59.7331	63.0903	432.1883
141.2000	121.0607	77.1913
25.4907	117.8122	203.2550
159.5624	118.1933	5.1348
164.9181	50.0685	243.8380
175.6455	162.4651	206.2779
9.4590	66.1499	123.7979
42.8124	127.3345	216.9780
176.9230	31.0114	228.5363
28.0645	135.0504	248.2227
136.3404	29.4655	327.7439
93.4717	47.4733	404.6717
36.3040	176.3702	469.5108
116.4787	80.6318	193.6927
12.2285	60.9833	457.5931
68.4019	57.0733	211.5091
79.4974	73.2499	357.0463
96.2537	89.5809	86.0031
127.3223	29.6774	245.2359
26.5279	183.4240	239.2552
124.9448	113.6518	290.0763
143.8879	78.3635	145.7772
97.6830	23.0940	321.0860
147.4101	91.6605	418.4787
159.3836	172.9363	438.6222
28.3568	119.7802	180.9105
78.5248	160.8020	127.8638
168.1590	141.9362	135.3946
106.4254	144.4965	24.6488
68.6848	114.2461	365.3436
179.8056	5.7185	338.8606
147.6773	53.2710	326.8371
174.1416	137.3214	123.7820
90.4182	92.5307	453.1891
46.0102	34.3987	56.9776
56.1055	74.5130	338.7534
118.4313	0.2417	48.4863
52.8665	141.3523	278.8030
7.5169	23.1476	249.7837
15.7193	64.4521	46.9366
90.5129	41.7494	92.3505
22.2404	109.6514	50.1999
126.9026	81.7223	58.7906
184.6276	84.7371	284.0759
26.0044	14.0126	14.0543
53.5530	184.0741	53.9533
42.9249	36.6556	427.5508
107.0693	84.7497	7.1038
118.7654	50.3936	2.2129
22.7478	152.1900	294.1796
38.9172	72.1497	81.6059
91.2580	141.4330	123.0236
150.8117	0.2372	50.0916
80.5056	61.7885	219.3453
140.4094	27.2041	136.2774
125.9563	140.4015	331.8687
53.7060	21.5242	149.7776
5.5000	49.6280	40.0646
187.0605	26.6396	30.7277
2.8593	127.9761	71.5325
62.0112	112.8668	107.0747
50.8621	117.8128	416.0461
68.4330	85.4129	347.2049
11.3641	40.2382	308.5074
5.3053	73.0721	388.5392
59.7030	83.7334	170.4025
135.8553	103.3920	176.7303
38.7132	50.7348	97.5529
144.5940	143.4881	372.0919
152.0805	173.0254	263.3929
7.1999	180.7145	411.0403
4.1432	45.5634	282.3723
49.5032	90.2856	106.9809
55.5468	126.7272	50.2993
77.6644	46.0223	280.4004
139.0796	147.9375	54.4494
181.2889	0.7949	10.9225
171.3899	27.2778	123.8612
35.1570	156.2215	36.4518
42.3287	167.8865	462.4874
3.8893	34.0534	60.6891
-203.8550	161.0159	780.1600
68.9686	120.1709	132.9162
66.3056	179.9635	294.6547
44.2105	143.7767	19.6802
60.6801	98.5282	306.2638
2.5050	24.7896	422.7071
172.5225	8.3246	355.8530
82.4478	18.5774	139.1870
157.8648	99.2489	246.4382
118.7866	46.7063	139.5311
112.3461	96.8767	294.2503
15.0112	168.3894	88.0760
169.4275	9.3908	15.1594
110.2599	30.2769	105.8177
105.5284	147.1345	321.4528
46.2327	64.3598	215.0651
48.5270	14.8324	418.3221
113.2337	35.7333	3.9018
79.6854	177.1141	237.3753
119.9696	7.1995	86.6691
110.1763	72.7277	250.5212
43.1756	21.8205	428.0960
177.9664	70.8017	110.7029
100.4980	134.9278	39.8882
36.5394	183.4128	82.1213
34.9095	41.5204	438.3838
156.2716	138.1844	215.3329
65.5744	0.3018	237.6674
81.5308	74.0858	204.0661
12.2975	167.9394	369.9921
93.8405	27.3093	357.4887
77.6254	96.0158	120.0218
159.6192	132.2078	94.9337
167.5470	35.4453	359.0859
104.7043	65.3183	237.0692
81.4465	65.2985	206.7446
107.8456	27.2939	391.9685
76.4234	176.0464	101.5764
126.7907	7.4361	220.1311
166.5804	114.2099	4.1514
37.7050	23.7774	93.7302
5.8071	22.8806	314.6988
84.0124	155.5422	221.4347
14.3589	143.9223	301.6647
75.6669	165.4754	460.7563
173.1529	168.0768	454.6126
139.5922	74.1507	441.2929
180.8439	154.0898	339.5503
134.8997	64.4904	446.7789
68.9685	83.4052	390.4370
176.4000	110.0825	201.6658
106.6048	180.7941	378.0396
136.7984	126.1772	127.5141
114.6716	154.9148	362.4846
113.2974	96.9556	20.6433
186.1982	122.9469	89.2821
178.0033	11.7719	66.7796
156.2420	74.7936	320.0695
124.6076	17.2359	72.7568
174.1875	11.0536	282.9681
186.6390	4.6073	52.1973
7.2930	144.3279	37.1713
52.4449	130.5243	55.0574
100.0315	37.6701	356.5527
129.5601	63.9238	271.4388
35.4253	127.4714	329.0176
79.7195	80.7970	66.7250
42.1180	6.6056	320.2752
112.3274	68.0820	403.6158
145.7691	39.0438	67.4049
150.3369	152.7069	1.2692
12.0449	67.9873	160.4375
37.9972	187.0891	412.6025
20.4057	155.2180	384.0594
159.1207	159.8779	169.5263
121.7209	21.4973	208.9326
162.1543	56.5047	455.4659
131.8391	166.3430	274.8405
2.1674	19.6394	241.3165
142.2730	13.4775	74.1050
139.9221	121.1547	191.5968
38.7975	176.5253	38.1709
130.1930	67.3160	435.7636
146.0244	163.7749	332.5036
25.0082	141.9394	451.3220
113.7412	134.1025	421.4877
166.1168	102.1271	324.0288
54.9793	134.1696	42.9775
118.0405	89.0121	249.2214
144.2647	22.9393	108.3419
116.9201	36.6716	345.4808
75.4722	8.3674	295.6000
72.1090	107.4698	370.4108
58.5921	159.7150	157.5740
39.2134	52.7339	313.7799
184.1414	184.4667	233.5597
104.8658	23.8633	423.1504
166.5169	188.3261	217.5469
38.6395	4.3527	274.2412
26.6400	85.1558	16.0133
126.2450	21.1092	76.0223
175.7254	155.7110	383.2633
42.4354	7.5430	276.1888
16.2525	42.5728	377.0593
18.4698	114.3237	349.4119
170.3718	40.7862	258.7528
188.0242	66.7393	291.5392
62.1939	32.4185	87.2324
130.6930	92.1398	212.1454
17.0454	20.1163	38.0086
95.4516	133.3372	62.2900
118.0077	145.0056	292.3933
40.4755	125.0431	5.0821
46.6092	177.5776	222.9815
178.3505	160.1739	145.9500
36.9941	32.3927	56.9596
154.9480	140.8286	334.9657
51.2671	32.9448	65.3637
137.3248	115.3462	203.1255
113.7634	156.1015	410.0635
159.2796	145.3155	243.2672
43.3645	116.5632	290.5936
143.9966	116.4478	466.4536
136.9807	126.9614	98.1255
68.1439	143.2039	331.8259
120.4900	34.3659	187.1998
69.0395	70.6860	372.2353
177.0601	20.5221	441.9425
145.7418	93.5267	16.5731
107.3969	64.9202	25.0206
39.2973	35.9497	297.6727
156.5097	99.6764	78.4307
42.2349	74.8181	442.2328
27.0693	111.8999	59.0876
14.0447	29.5773	50.5390
27.3761	152.1920	265.7167
103.0814	29.4076	158.1021
134.0672	152.5565	318.8622
78.4855	161.3697	317.6809
120.0902	117.0733	444.0818
161.3780	116.1126	432.1866
35.7592	133.7734	45.0727
98.1467	13.5050	403.0018
160.1625	92.8664	31.9439
154.2651	10.8774	34.6334
101.5409	105.6966	260.8842
91.4755	62.4228	354.0398
181.9879	3.3303	461.4497
111.2043	99.7518	390.5765
68.4008	117.2365	101.8507
41.2457	17.1462	313.2024
85.2611	30.5832	225.0396
129.8120	115.2189	465.1041
73.1019	144.0631	344.2677
188.8979	119.3187	250.8288
25.2612	183.1559	220.0052
97.8988	176.4193	424.9562
87.6066	129.7056	401.2819
48.5031	30.3605	241.4863
36.9298	141.5484	189.4350
9.4099	108.7610	126.8886
116.8169	170.2851	363.8538
116.8934	158.7542	171.5212
97.4199	63.5196	364.6999
149.1202	22.2779	284.1758
179.8235	27.0922	141.2345
35.9605	127.5332	169.9366
182.8154	143.5282	352.6876
157.1176	10.0571	247.8721
117.6961	77.6015	270.9565
149.3066	21.5126	423.6564
111.4159	31.9156	119.5229
126.1262	46.3853	236.5115
142.2672	41.5984	296.7783
40.3515	72.9371	192.3058
143.5486	181.2029	153.8837
54.2471	33.3670	464.3359
24.7346	22.2406	205.2776
137.7943	68.7592	244.4908
105.9286	0.7477	368.2972
182.6678	158.5114	455.3593
4.1641	38.6357	124.8315
96.7013	137.8403	429.2603
40.7875	13.5845	294.1924
54.1709	7.4444	337.2591
183.1975	49.8814	36.3363
119.7787	29.8831	354.6699
133.2195	166.6270	19.5653
37.1204	146.1657	138.3412
12.2828	30.4548	466.8152
94.8995	170.6310	131.7180
107.1584	4.7529	311.9871
177.3306	186.1857	274.2664
42.8527	117.3936	417.2944
59.6673	113.1408	300.8816
158.9317	164.0550	458.8028
131.9557	16.0545	307.3126
26.7047	14.1959	98.3255
179.4052	40.4817	349.7685
149.3699	169.4131	157.3174
8.3327	99.1909	154.0273
162.0795	112.4433	108.1421
150.1203	138.1556	177.4851
142.9130	40.6915	83.9061
12.7029	129.3404	405.8038
186.5199	13.6239	149.8408
125.1749	104.9451	208.5464
129.4994	48.6520	359.4986
177.7926	108.8646	428.1879
4.1910	152.0485	313.6323
8.6721	120.1664	82.9040
122.9155	114.2162	263.8941
171.3981	6.6990	273.6031
44.2941	93.9529	124.6614
186.5638	138.3775	198.8058
87.1496	51.4446	197.6974
10.4903	112.6324	298.0717
72.8414	170.8405	141.1882
122.1063	87.7931	101.9455
132.5125	84.3606	181.7751
168.3653	64.5355	273.1524
98.0358	164.0137	14.0311
179.9079	57.5661	217.3148
102.0683	150.1483	130.8351
188.5049	41.1556	368.6976
152.9920	91.6281	253.3392
131.4531	166.5469	419.5912
188.7924	5.7762	264.5515
76.5858	170.4976	129.0190
64.3961	111.1614	49.3732
160.1344	14.9961	447.8738
93.7296	162.8364	352.1863
140.7673	125.0114	55.2784
186.7641	48.2295	460.4161
50.6342	19.7440	350.3786
23.2569	120.0110	165.2760
61.0864	141.3505	309.7023
93.0284	70.7402	204.7203
143.5803	143.8694	269.3756
24.2155	127.3237	394.4376
175.1944	71.6230	300.5930
1.0191	144.0726	424.9760
31.7275	150.4654	109.0501
63.1036	42.0736	216.4707
100.9823	76.0718	205.4773
171.1066	67.5753	452.1511
4.3030	168.9266	159.2474
174.7597	17.5052	85.7476
173.1625	31.5146	146.9378
171.1103	9.6048	305.6732
104.0668	154.0908	26.8979
117.2075	18.7425	19.6085
122.1611	40.7929	233.6297
150.7080	115.5981	72.0920
142.8528	144.1267	165.1752
62.7841	147.6010	44.8325
112.7688	185.4681	310.5983
157.6544	76.7799	106.5385
72.5758	136.5525	278.3795
55.5028	43.5943	123.4015
157.4787	62.4978	334.7887
95.8695	128.6731	221.8480
18.6109	4.9688	439.2120
150.0463	170.9524	447.8399
95.0359	124.2112	113.8854
130.4190	9.3275	53.2914
104.3178	61.0846	308.4588
17.2856	147.2110	81.5452
122.3661	130.5246	134.4523
146.0478	155.0537	162.4271
178.8083	92.4468	331.3024
188.4620	54.3059	141.2414
133.6359	168.1948	441.6876
176.4816	14.3625	387.9025
39.9078	27.8327	336.2517
164.2766	21.5915	369.3397
124.7763	84.0400	440.4884
63.4195	14.8256	93.7958
58.7191	40.1547	410.9058
82.5698	17.7029	275.9285
21.2095	90.5042	338.1484
6.4279	40.5067	301.5583
39.4492	28.1860	284.6515
56.4580	111.5669	165.9533
90.5761	6.3840	326.5109
68.8281	7.2304	142.3998
73.3998	92.1754	61.5816
57.1987	18.5565	249.8201
76.8186	41.9849	61.1705
111.0515	164.8039	158.9192
18.4766	179.2932	102.4964
34.6770	1.5612	318.7168
43.1640	159.5660	20.1702
165.6940	187.7696	462.6491
69.1852	128.8228	456.9729
118.5020	48.8549	16.0296
28.0700	88.7586	190.8660
99.7893	32.5612	210.1947
109.7509	34.0344	103.6021
121.0889	43.1589	182.2885
40.1043	163.6346	313.1350
153.9779	171.0012	402.4806
80.8250	61.3928	232.4695
122.9150	44.4332	111.3274
64.8236	26.2657	164.7571
51.1900	90.7138	118.4792
68.3393	144.4405	133.1055
128.3895	117.8891	332.8250
52.7536	53.3743	247.9735
105.9172	54.6380	99.8344
92.7299	178.5119	215.4450
163.2976	40.9910	436.7095
110.0079	73.5084	311.1711
162.6049	54.2095	168.9312
139.6859	73.1536	331.4183
98.9713	182.3619	392.1791
117.3608	101.5515	368.6072
137.2122	170.1388	56.9355
147.3546	31.1978	171.9104
35.8225	15.5540	63.0713
60.7862	23.9429	449.3072
40.4936	138.4707	413.7253
10.7413	134.0812	127.2411
167.7388	56.8555	215.8369
71.5250	46.7769	209.2442
135.0628	29.4612	54.5524
162.7941	68.2827	13.9932
163.9914	75.5816	21.4871
26.7247	163.9256	459.9762
43.6188	88.3256	93.7102
8.6141	35.5341	60.0281
53.1529	174.3137	324.3323
16.6700	119.4601	275.0167
154.2095	78.7123	311.9194
160.6819	145.3039	463.0245
1.8750	152.1855	362.8317
63.0414	144.0823	61.0384
103.5142	81.1813	6.4802
152.5715	19.1900	455.8671
120.5632	66.5703	88.6400
177.5868	111.3069	388.0323
123.4606	32.5667	15.0884
143.4694	155.4681	15.7825
154.0674	122.4131	309.4980
20.2285	103.9629	172.7267
15.5654	121.6734	343.0594
71.1529	142.1198	344.8385
29.2871	116.2599	57.8122
127.7221	74.4017	241.9805
75.4242	24.7245	143.6376
173.5936	41.8589	466.2730
78.6930	116.2757	57.7353
148.4403	142.1895	197.0353
113.3207	100.5824	273.0787
176.3573	21.4853	89.6070
10.6190	115.2996	269.4361
106.5665	38.7635	436.2232
44.7522	3.9510	308.5974
89.8219	4.1777	68.2604
15.3865	97.9359	91.1389
80.5368	132.2128	383.0580
8.4931	92.8863	149.4313
18.8605	171.8434	273.0318
180.6823	77.9504	114.0132
129.6766	129.1162	130.9422
76.1055	153.7280	430.2664
91.2291	117.8415	232.1441
163.4153	160.0394	258.2731
113.2376	112.1444	57.3102
149.2397	58.9143	410.0611
168.4734	108.3330	70.6125
14.0396	54.3709	51.5535
152.8553	29.5055	402.1218
123.4406	54.5713	271.9570
124.0072	188.9478	189.5547
122.2789	143.3731	383.0696
153.7752	129.5910	86.4307
80.9258	66.8776	402.5269
119.6106	57.9690	55.4790
33.4920	72.0477	466.5996
118.5894	122.7887	422.7513
165.1882	54.2218	440.9583
109.0888	131.7512	267.6724
32.8280	10.1881	206.4297
43.7869	62.5266	262.4939
167.2087	184.1489	416.8507
36.2202	31.8795	460.6625
131.8893	1.1488	207.7652
85.4249	173.2388	93.7860
16.2662	65.6715	273.0356
159.8939	85.4111	234.3218
184.2842	89.0206	194.7199
44.6160	2.4702	172.2169
74.8321	94.4454	209.9326
98.5222	30.4511	342.1505
1.6029	31.8537	34.0711
22.5368	100.5859	134.3676
178.7755	164.9118	407.4139
54.4533	19.0357	299.9184
41.9532	164.3443	44.5070
38.6150	28.1627	48.0783
75.6043	3.3464	162.8106
181.1011	156.4132	135.1479
93.2502	105.8196	451.9904
67.5778	185.3956	215.9986
154.8525	99.2941	248.8822
140.8143	31.0597	173.9664
30.0272	171.2941	245.9806
179.1545	40.9373	301.0901
49.1502	70.9789	345.1710
6.7304	52.4388	184.9312
101.9117	84.3091	411.5533
30.2619	152.2539	382.8880
164.9535	175.5447	151.8654
80.1345	118.7520	314.6693
183.6450	162.6006	426.9434
42.5075	114.8551	51.8754
99.3145	147.1225	349.4057
53.0970	121.8850	114.9814
185.7045	40.5082	234.6776
115.9099	16.2863	109.1801
161.8174	27.7945	459.4233
12.6213	110.2172	272.2178
96.5444	59.7127	55.7145
52.7640	57.8240	32.3504
156.3443	78.8786	62.3626
25.0661	11.2837	122.1515
27.7550	16.8080	191.9277
87.2851	90.2595	430.4432
145.9756	87.5968	228.0073
75.0233	185.1203	277.4480
106.8964	19.2196	217.0429
75.2020	61.5092	30.2632
187.3752	40.1601	251.3747
125.4245	181.7887	233.6045
69.4343	25.9081	96.7028
10.3456	124.2259	70.0141
150.7806	93.3023	190.0772
66.2228	113.4724	261.2861
164.7628	10.4597	428.0000
0.4850	156.9321	17.9377
70.8786	6.3300	131.6839
180.0685	25.5861	244.6295
114.6096	149.8151	81.6283
97.7251	56.6741	399.5290
84.0431	160.0034	414.7357
50.2210	9.8023	228.5165
77.9071	104.8891	22.8979
93.7551	147.6140	84.4669
12.9124	134.4713	63.7465
116.2077	20.0295	11.8233
92.0367	180.2831	344.5244
89.7422	101.3764	436.4028
157.3290	37.1643	197.9711
90.4733	140.1271	251.6334
87.3422	177.0583	450.3093
41.4487	19.9947	314.9955
69.1897	134.9676	441.8777
17.2901	131.3104	5.9223
186.5323	41.6143	5.2062
37.5521	88.1913	163.3595
123.7425	180.2887	386.1348
124.2712	28.5993	41.9239
54.0713	10.2280	4.2594
6.6949	168.5554	363.7513
31.6539	21.8758	391.5671
51.9677	70.3090	289.2061
9.1521	88.2294	264.3033
48.0546	7.5834	31.7457
6.6307	129.5576	228.5952
119.5825	166.0798	333.0559
1.9580	54.6875	160.3813
35.5596	170.9738	223.3182
144.0442	175.8589	64.2428
129.0900	13.1430	146.2600
122.3170	175.7679	282.3054
140.7865	55.8321	140.0448
142.6090	169.0809	27.0797
87.1538	169.7240	88.0670
162.4141	186.0909	47.1695
143.2540	7.6266	51.9998
139.7082	137.1609	268.4702
101.9644	110.3750	237.4453
93.8886	68.4815	184.8747
38.8144	42.2475	435.3385
50.5673	30.9539	196.3690
186.9438	34.2294	262.4692
36.5537	53.8580	24.8323
148.2988	161.3790	424.7646
90.0558	55.8763	302.6599
96.4577	163.6440	228.9945
143.4594	15.5930	7.2367
89.6033	159.3279	207.5808
23.0623	48.7294	94.3754
186.3169	45.1832	281.1228
148.3909	40.8647	132.1526
23.0446	99.5625	56.3590
68.7690	10.5130	282.9396
170.1466	143.6915	264.3059
145.0352	113.7283	341.3533
17.9623	57.6195	453.4365
103.3341	142.8013	36.1290
155.2350	68.6301	410.3361
1.9645	143.1343	171.2383
100.3800	165.6309	391.6012
27.9495	36.0916	177.9470
135.0265	47.6783	51.2929
4.9919	39.9533	200.6715
131.8001	98.8109	161.1459
15.6891	41.8938	346.7768
95.4791	106.4534	260.4892
31.5320	178.8982	246.9733
136.6405	42.0842	58.1830
140.4240	6.2439	408.6900
147.5144	162.3362	233.2067
155.1152	36.7797	203.7464
22.4569	20.7049	47.1786
142.9293	176.0110	424.2431
37.8735	42.3099	110.6009
42.6610	183.9846	259.8495
35.1787	59.6057	178.5027
44.1761	128.9432	115.5849
146.6943	107.0572	33.5515
108.5723	107.7464	228.0737
82.5569	162.2142	167.1527
67.0354	127.3835	152.3050
140.3473	78.7460	215.7589
147.5579	44.9569	129.4531
62.2252	130.0900	305.0795
4.2148	114.6438	73.6129
79.1488	126.6115	141.8620
105.1677	165.0111	203.7599
47.6352	13.2792	327.2004
49.3525	114.3376	167.6315
10.0332	73.6308	289.0760
156.2030	44.2719	230.1422
184.3643	110.5367	206.7554
187.0657	158.8467	137.3080
121.8764	184.6391	46.7667
115.1879	120.5748	32.7892
129.2165	142.9995	5.2743
1.7755	159.8749	354.9821
67.8410	7.1914	413.4623
87.6159	38.2748	115.1198
99.0247	160.7788	253.6402
73.4953	63.0733	176.7156
137.1439	134.2333	360.7726
52.1440	15.7005	57.0119
12.3248	53.8539	303.0137
58.4490	162.7808	129.7659
140.3070	140.4103	368.3353
81.4863	139.4206	82.2014
73.0945	48.0461	190.0056
82.3060	186.1273	289.6497
23.5434	77.6086	125.5685
65.0044	120.8621	3.2206
143.7030	185.5769	236.1793
109.7519	167.8302	437.4827
26.3189	153.3516	460.6542
118.8639	99.0562	161.7397
178.0017	82.7918	439.6085
84.5338	67.8406	336.1216
129.8279	164.5092	454.7897
31.0521	143.4298	155.8982
10.3034	99.3916	223.1054
125.4329	21.6413	314.7614
24.4796	122.1697	282.7246
5.3977	129.7772	439.2488
96.8712	26.3369	143.6440
62.1252	149.2640	443.7950
64.6835	57.1326	386.9747
100.6090	152.9729	371.1933
28.0977	64.4309	202.9903
121.2616	103.2641	80.6750
176.1656	46.3762	210.7680
180.7454	18.8324	143.5005
138.9638	183.8304	219.0352
93.1893	149.6386	201.3064
96.7367	154.3015	470.3583
140.6088	120.9584	347.9405
99.8096	176.0584	0.7843
21.1800	23.5327	179.4902
16.1279	107.5379	179.5585
186.4680	57.2932	237.0721
177.1800	57.0582	292.7618
113.1744	120.5536	440.8837
88.7816	51.7462	306.0884
97.5700	170.8118	217.2909
188.2591	104.1278	267.6351
113.2271	121.6775	29.3734
160.9186	148.1344	211.5468
163.8916	110.2829	27.4914
59.1780	183.2947	238.6907
75.8445	54.2960	4.2801
21.9776	13.2514	460.6599
117.0765	58.3968	90.1002
142.8467	124.1372	135.7840
30.0785	39.9192	17.8793
7.4980	18.9913	303.4513
33.7206	3.4873	211.3229
171.8118	44.4630	264.7815
121.5781	108.6258	212.9859
108.9878	47.5156	461.5466
156.9694	99.9778	357.6992
78.9410	32.0676	57.7005
62.9577	154.8041	138.4259
55.7476	15.9842	439.7815
139.7375	11.5251	253.6125
142.0789	52.0046	199.8697
127.7361	42.3582	40.3248
72.7879	158.2566	19.0079
38.0810	124.8870	67.9209
2.4912	103.2775	226.2431
141.2803	127.2170	228.5992
9.6720	8.0474	107.7177
130.8067	140.1101	250.1573
111.8944	182.1954	105.1280
174.2211	33.5265	194.4456
31.5737	48.3369	79.8510
63.6587	82.0400	122.5370
82.0397	117.6673	40.0371
125.5569	27.4379	467.8079
162.9122	111.9740	295.9995
87.4868	171.7522	466.4273
49.7180	53.4183	432.1922
107.3736	2.8033	379.2038
53.9796	115.9023	239.0057
129.3020	17.2619	11.5123
17.3671	121.4044	131.8819
134.9728	16.3675	254.8885
144.7896	181.3919	344.6807
110.1162	151.3210	202.7271
179.5559	159.5121	199.0664
64.8109	41.3131	49.5650
173.8766	145.6574	413.8284
24.9534	21.4996	239.5118
166.2598	162.9360	72.3543
149.8020	1.9305	248.7891
118.0295	63.4096	224.9173
81.4673	167.7391	121.2892
87.4972	135.7488	134.3367
137.3010	91.2295	243.1386
67.1258	152.1611	73.8800
29.4767	21.6569	69.6212
153.9057	69.9164	243.0980
69.0405	54.2171	248.4714
26.3596	27.2326	291.4702
77.0274	104.2343	15.5222
181.5127	170.4205	233.0235
148.3144	71.0498	369.8430
120.8562	155.5465	298.2017
84.1308	50.8031	258.5950
179.4995	183.1931	31.3827
115.4708	97.2548	193.6932
152.9556	177.9456	455.8075
161.1508	60.0277	216.7304
174.1045	169.1858	470.0155
59.3188	54.8376	387.9632
63.4564	125.4203	8.8928
180.4158	110.4980	406.9406
151.3990	179.9948	167.8689
24.2170	2.0045	361.6371
148.5799	38.3174	61.2109
85.2352	42.3329	130.6961
156.6808	62.8985	425.2150
179.3580	73.8494	83.8523
77.4221	125.9992	459.5192
105.8734	180.6212	388.6326
120.3017	72.1988	401.2965
11.9594	131.0806	442.9567
185.6425	106.4278	84.8422
41.5266	27.3376	86.7973
161.1737	81.5788	61.5081
108.4007	129.7080	279.7420
136.2311	117.4583	435.5255
114.7148	53.0555	275.8754
172.8949	178.5553	47.4838
132.3384	153.5118	326.9702
39.0408	61.5189	326.6019
29.9340	146.3986	259.4939
48.6405	107.8246	171.9728
152.0352	188.0992	91.2285
120.1381	161.4750	123.7162
158.7468	37.9118	228.3007
100.2875	10.8467	21.9194
96.0821	143.2273	396.3354
30.7320	113.1346	175.6552
168.1616	107.0400	106.5399
149.6920	181.9086	17.3002
19.4721	186.9522	449.2562
55.8472	26.5481	35.7349
19.4901	127.9674	361.6634
45.3195	120.0916	58.0455
178.4063	178.0520	229.7227
129.6797	182.8997	304.2665
86.6475	58.4017	300.1926
100.2007	13.0701	134.4762
181.5480	29.7170	405.9635
188.0756	141.8326	136.2377
34.0853	48.9276	286.2945
49.7519	88.0139	392.5050
23.9125	176.8174	391.1103
137.4281	43.7006	378.5690
79.4042	176.8867	121.6653
141.7635	0.8986	87.8779
78.3134	23.9854	298.5343
106.5870	67.6610	330.6952
172.4883	49.3575	2.0559
29.5122	111.2184	160.6599
171.5255	135.0147	460.8167
101.9074	183.2749	119.2253
140.4072	182.1264	241.6492
87.7554	95.3863	105.3902
155.2203	128.1359	315.0710
177.9381	184.9697	39.3434
93.5193	86.1291	259.6883
176.5646	30.6720	106.8001
130.9294	19.0541	149.4196
74.3934	186.4499	316.6023
18.4975	162.0352	252.4628
87.8549	37.9699	186.3053
90.4701	125.5338	86.7157
52.5754	124.6770	49.2274
139.4311	91.1445	131.2454
32.6864	28.0142	41.5954
77.8436	49.9267	314.8725
165.2390	47.4209	265.1874
173.8321	188.8186	238.1577
59.6959	183.7086	197.9718
82.2284	144.9483	136.2194
27.0990	97.6182	147.6162
188.0359	13.9662	39.4516
132.3156	173.2704	146.2721
25.9595	171.6319	299.1009
114.9101	17.1512	13.7051
57.4011	21.1652	261.4649
187.8923	164.4369	118.7713
100.0465	17.1983	257.5934
98.5866	176.0529	219.1592
96.3348	157.3133	135.8555
99.2771	47.1231	400.0361
93.0923	22.3461	235.5389
74.8333	169.2158	106.7093
60.5126	123.5561	138.3858
48.6220	171.0225	450.2259
98.9609	154.8091	363.1826
89.5901	168.0019	205.3798
96.3645	112.0665	309.5971
8.4261	59.4903	40.5648
26.8059	155.5774	139.6591
96.3811	158.7244	170.3536
91.5640	148.0419	185.9087
15.6228	186.3292	364.1370
164.6051	117.2314	20.2116
75.9117	18.0648	90.9214
87.5478	39.5860	33.1081
88.4324	51.7385	448.5651
28.6136	177.3594	273.0432
156.7415	148.5475	447.9322
105.6274	113.6714	156.6041
144.4191	158.1805	83.4295
63.6951	22.1787	316.0891
23.5072	117.2631	336.9164
142.2148	182.8465	179.8770
5.2045	34.3686	1.7236
29.5293	43.5210	51.7524
164.3854	94.6401	248.4993
132.8318	130.2702	235.9198
175.7464	152.7046	458.9806
118.3742	14.8092	206.0659
121.1717	138.4642	316.6513
29.1368	169.5041	70.1113
108.4791	146.9667	267.3756
57.7530	166.3948	124.8941
97.8554	61.3117	242.0569
150.5236	14.0352	225.7648
1.0355	52.9816	236.7256
131.7455	17.3720	128.2626
137.6179	68.2147	443.0990
50.0503	133.7157	241.6744
41.4080	104.6412	259.0956
151.0140	10.8906	110.0723
52.6159	179.8648	253.2445
19.2998	158.6205	391.7859
39.6692	26.5379	126.1402
159.1306	36.0244	182.3581
133.7032	31.4346	124.4074
70.1742	37.6625	284.8193
8.8813	0.7323	5.9431
56.8487	21.9426	308.2859
17.1698	107.2343	136.7592
112.8042	162.5833	64.2267
45.0603	71.7496	238.4314
182.6628	17.4333	118.3467
156.1220	178.7711	321.1007
12.8772	140.1147	256.2755
102.5972	91.5137	397.1433
20.1850	147.6657	260.9976
7.6214	100.1618	443.7299
163.4258	141.4253	416.9216
119.0531	8.3496	121.6686
79.8247	25.5414	283.8658
104.0694	42.4610	150.1185
33.5376	172.7146	19.6588
122.9928	184.8936	66.6698
135.8421	178.2091	188.4001
69.6124	51.3622	245.0067
127.2811	73.8790	87.1998
166.1557	77.4352	29.8200
63.8332	124.8972	435.7356
108.1113	42.3720	453.1080
0.7334	74.6564	282.5715
93.6033	81.1230	238.2952
147.1677	36.3897	283.0009
47.0799	183.7699	274.5928
86.8192	181.6094	67.9720
57.1480	169.3349	269.6610
141.3667	8.1869	338.7426
105.4528	85.8257	374.1771
60.0594	108.5532	254.1298
60.9469	3.7054	243.7986
125.6799	105.5137	71.2652
50.8237	170.3247	114.0672
139.0309	82.7509	40.7926
35.2601	48.0096	448.1318
70.2354	44.0469	382.2872
55.7592	186.3924	63.3163
68.5541	15.6453	107.8452
26.4560	169.8102	216.7226
123.1205	77.9131	126.8314
50.9500	88.4780	346.3156
123.4966	55.4964	355.6592
144.8487	74.1492	351.8915
3.6079	63.2957	327.2978
85.9038	122.6412	178.0556
2.8066	136.9305	427.6150
94.6914	77.3221	423.6464
91.8769	110.8402	242.7521
9.6926	165.9461	144.7929
130.1596	95.0534	129.9142
32.0580	97.9135	295.1425
35.6983	120.3569	411.0410
11.2334	48.0788	176.7972
54.5753	82.8747	76.0797
101.6115	0.6995	80.5927
155.7414	54.1270	63.9885
31.5657	3.3229	207.0985
127.5523	99.3938	91.9393
4.1180	45.4664	183.9362
48.6242	91.4246	157.5979
21.1951	137.9576	437.4318
107.5287	136.9399	21.2742
59.7158	68.9906	426.4639
30.5552	19.8658	41.8129
65.8539	63.3572	411.0812
165.1618	71.8344	234.7953
162.0118	142.8238	181.5421
148.5725	35.0366	362.9154
145.2209	17.8659	87.6193
99.2222	57.4199	193.7658
133.3662	46.0747	322.9186
93.2171	65.5798	267.3277
167.7976	8.3104	293.8435
180.3881	55.8777	205.3085
5.7636	39.8767	65.9804
101.1351	151.6331	368.1533
126.5667	185.8189	306.9295
42.1598	175.9605	237.0313
162.8053	146.1689	396.1739
158.0732	47.6422	464.5016
114.1777	158.0825	411.8420
7.4192	53.8686	184.3678
63.4262	178.5364	57.4712
12.8834	179.7272	21.9237
25.6311	8.6912	381.8444
76.3292	66.8949	141.1935
133.8714	170.8578	117.5596
57.1788	30.9635	61.5390
1.4490	143.8093	160.9156
150.5348	183.0027	51.6830
14.3748	4.2735	398.4734
66.4844	35.6962	298.0441
41.7665	54.7789	115.4147
91.0213	53.9140	193.1301
18.7184	141.9258	247.7095
42.0768	175.9187	350.9683
102.0779	90.8231	333.2321
94.9595	86.3302	85.9240
47.6817	100.4500	192.1188
187.4945	47.6846	79.4602
55.2012	40.1879	410.5127
64.6092	84.4312	142.9776
5.1024	161.4564	321.8869
117.0788	137.5318	352.9578
62.8606	168.1408	388.0270
83.8070	37.6416	46.7290
25.7759	144.1443	40.9040
158.9958	81.1920	354.4037
58.6061	100.0484	383.6031
128.6353	42.0413	105.3887
171.3455	165.2024	152.9925
151.4337	105.3187	23.5359
124.1485	93.2745	401.2865
62.0595	144.6805	239.2718
28.1612	116.4383	301.1061
101.8275	2.4151	46.2066
65.8069	83.5642	315.0655
173.8250	45.5755	453.1530
164.5496	176.9627	285.3962
49.0200	154.6596	90.3870
13.6541	118.7173	55.0226
21.7677	146.0136	92.0804
158.2365	105.5812	73.9847
73.7048	6.4931	62.2452
121.6942	0.7619	180.0910
141.4614	51.8791	260.3969
76.7086	124.9875	468.1997
146.9969	63.6683	12.5440
24.8346	6.9143	353.4576
92.5406	49.4531	432.7131
80.6170	116.6926	410.6353
171.7147	100.6173	384.1192
117.1490	174.3110	369.8728
91.0914	3.9845	397.6190
158.5402	155.4585	459.0368
110.4905	49.3886	455.4095
7.4198	113.1177	85.8876
175.0130	170.3534	157.0714
180.3209	109.1882	460.5185
110.2170	33.1260	127.8620
158.6375	116.5831	29.2039
19.8940	140.8825	247.0708
180.7515	66.8626	40.1348
180.6733	76.6447	204.7909
81.8476	42.9804	72.4665
67.7400	64.5779	415.3931
162.6473	55.0767	200.2132
15.4297	100.1170	307.9315
105.2579	48.9992	454.3352
89.6812	119.3621	389.5659
2.6803	150.3674	134.7659
132.0617	76.8141	436.2765
103.3027	25.2954	358.5447
2.5447	71.8370	12.7056
147.8365	58.5456	243.7613
152.0459	173.8317	141.4929
179.4832	28.6381	8.5384
89.7868	2.9019	86.4728
129.4854	33.3728	153.9185
16.6626	162.3771	133.2410
181.8083	103.2537	344.1948
24.1139	0.7181	280.1305
117.9860	119.7653	271.8781
69.3782	165.8910	25.5266
145.5969	7.6431	217.7882
54.5415	30.1092	252.6911
13.4150	106.0317	391.9496
188.1535	99.4973	361.3106
188.4668	92.1663	35.0283
104.8391	167.4871	430.8513
24.2170	126.7459	209.0371
172.8381	126.4218	158.8466
181.6831	160.7396	440.8613
125.2295	76.2648	120.1598
66.7967	45.3157	113.7281
27.4863	174.3350	254.3375
74.7683	123.3053	314.3301
127.3723	107.3866	399.0408
94.0563	80.7998	449.4505
39.1439	43.7062	310.7053
92.8438	178.4794	230.6153
16.4021	180.8546	345.4601
140.9755	163.3018	452.0718
26.2719	19.7415	294.9497
160.9086	146.2356	86.1255
33.7474	156.3799	22.2100
20.2499	171.7586	386.9461
114.4076	74.3439	132.1279
123.1864	173.3443	268.1156
4.8036	15.6579	21.9965
48.9180	53.9264	297.9087
77.5682	173.0732	313.0221
71.3222	182.3399	4.6630
89.0764	141.7872	271.9654
48.9783	187.6132	288.3010
44.1878	17.5812	319.0699
40.5902	42.8968	172.5622
22.5541	27.7530	156.7395
102.1866	23.1246	91.8324
104.7925	167.0535	146.6397
185.6012	32.5687	151.6977
17.0968	141.6950	141.4459
111.8321	171.5722	17.1162
46.1515	173.6554	197.7038
94.8048	77.0177	206.8955
0.6374	172.9850	114.4395
42.0660	164.5622	312.9347
53.5005	5.0125	62.9129
148.1605	45.8323	242.3624
15.2448	112.4562	158.9755
176.1442	174.5765	129.7898
105.4275	27.7084	34.8363
135.8426	179.4151	204.2101
7.2140	68.9083	455.8199
33.3122	38.7843	59.3099
90.6870	115.6094	9.5148
35.6338	134.1500	284.3392
62.2251	44.5451	242.7589
167.1353	116.8705	177.4342
87.7952	131.1864	362.7267
171.4628	84.1126	214.2630
127.0833	115.4424	97.0033
173.4190	185.6674	453.5898
185.6362	106.6155	228.3642
32.1000	179.5669	204.7848
169.3863	71.7103	115.0640
143.3793	105.2176	95.7705
94.3892	155.9614	2.6060
50.1863	37.2471	55.9618
55.8472	26.5481	35.7349
162.2316	151.3635	50.0103
122.0822	90.3583	233.9702
42.1833	90.8363	242.5197
146.8854	162.2894	365.5671
104.1492	105.0008	21.2852
187.9165	27.2416	403.4568
65.2699	174.3120	36.5947
120.8810	138.4528	176.8314
39.6879	19.0030	314.6690
92.7010	134.3319	452.1968
99.4095	170.6065	331.7331
112.5861	111.7840	268.1079
122.9209	2.8621	3.2691
160.6996	149.2217	280.8592
48.5027	134.2201	412.7711
83.2032	109.7664	367.5670
62.4976	0.3148	165.9323
174.8731	79.8514	385.4463
44.6840	2.8397	189.0865
181.9191	157.7338	400.0351
67.0285	139.7800	157.8745
156.8105	61.8589	324.6783
119.9246	145.4154	54.3735
116.0568	177.2964	19.2749
12.9099	48.0106	176.0212
2.6983	42.9019	88.5478
183.4501	147.3899	159.7244
6.1238	100.2981	199.1874
61.4820	70.7388	89.3472
163.3035	24.9485	226.7748
72.7638	17.6592	467.9394
125.7739	89.7031	61.4736
89.2826	39.1350	181.3672
124.8297	26.2198	169.4404
126.7004	12.1912	399.6785
118.3007	173.1745	180.0381
97.8959	30.3686	414.6739
175.9657	133.1774	170.4873
22.9549	180.7036	231.4516
179.3616	100.8867	343.2509
64.7655	119.5352	48.4361
93.1729	75.9825	220.8379
155.6822	121.6573	299.7497
34.1548	67.6491	127.4603
0.8392	45.5401	418.4532
1.3660	8.2269	271.4796
24.4278	120.7614	212.3072
138.8715	3.8075	150.7286
38.8402	176.0401	229.6550
63.4203	174.4935	203.3855
47.6188	40.7491	137.0414
162.1612	49.5749	265.4490
88.0463	117.8900	188.0714
150.8099	55.0587	26.9885
42.0234	79.0913	10.1100
114.8245	96.4239	469.9815
109.5441	24.0478	82.7039
176.2721	45.7180	37.1039
154.7061	186.3634	333.7334
53.0259	144.7714	156.0720
46.9670	43.6504	368.3191
5.4480	129.9249	237.7280
113.6371	173.3023	187.7303
142.6843	188.1855	52.5657
61.1508	128.9183	16.6800
160.8019	168.5061	397.0422
157.0089	171.3795	250.7625
46.3852	45.6133	313.9792
40.9857	89.0212	93.5658
86.3762	123.5720	291.5001
27.9658	92.3184	134.9632
63.4556	125.4167	8.8985
163.7064	170.5228	136.6189
159.7943	52.1076	412.2223
98.0757	151.1742	305.2850
158.9382	173.8495	21.3269
13.2767	1.6931	348.3366
119.1946	33.5550	337.1040
23.8471	169.7220	229.5626
39.1373	47.1649	333.9546
92.1845	133.3905	245.7456
102.4779	71.0312	350.6244
18.5696	150.2725	172.1919
175.9009	117.6336	412.9837
23.4921	7.9862	282.3857
121.9090	164.7825	284.4158
181.0835	66.5552	153.7007
46.8266	71.4554	232.0342
134.4101	107.0144	165.0414
67.4996	84.2340	99.1164
90.0788	123.9313	228.9511
127.3996	57.7908	4.7586
180.7466	117.0352	56.4930
77.5148	60.4950	236.6017
176.0744	97.0392	70.3688
113.8173	75.6731	394.0135
58.3240	14.8088	407.1789
127.1716	15.2522	432.5392
60.1474	118.4978	58.0894
115.2818	30.5959	121.5143
160.6477	160.5393	180.5760
113.4417	110.5842	390.3907
29.9170	38.8054	367.0867
97.8539	35.1409	145.7115
50.6121	94.4076	437.4123
82.7678	103.4567	153.9166
96.9600	95.9413	245.3844
112.7086	114.9760	319.2252
44.9518	175.5759	465.0007
111.0613	36.8420	247.7584
80.0153	84.7989	342.6051
103.0110	1.8213	184.7542
104.0030	159.1098	395.5067
169.7117	60.7010	147.6463
2.3909	107.7286	234.5034
152.6013	6.3947	442.0722
172.9158	30.7130	10.2716
65.8887	0.2476	81.5784
60.7339	6.4821	456.9664
98.9442	144.3545	89.4366
168.2491	182.3914	461.7155
14.0815	79.2972	414.1067
6.3208	169.1615	420.4088
44.2664	49.5231	195.8543
165.8655	11.5757	382.6530
87.5011	79.8492	230.6828
134.9618	133.9855	169.0707
55.6977	89.4095	346.9122
85.4052	142.7062	81.5842
68.3920	142.7415	165.8676
49.5094	132.9748	275.3607
41.0156	175.5705	218.6212
3.9313	110.0993	319.6777
115.8113	71.4051	29.1488
36.5346	174.3652	254.7028
109.0975	75.8248	401.3474
181.8743	2.9872	301.4601
3.1940	178.9739	266.4305
99.7857	37.3451	17.3948
16.8945	37.0524	255.9356
156.3366	26.5363	263.6133
95.6194	0.9022	335.5324
119.1652	12.8199	93.3484
102.1465	79.1209	256.0862
7.1855	128.9583	273.2582
115.6353	90.3251	255.5921
102.0273	126.7798	280.7799
149.3533	120.8122	47.2943
32.8952	130.5836	370.1059
160.3097	101.0975	151.3927
120.5170	109.1991	236.1624
76.5051	88.7101	28.1580
187.5134	24.8515	365.8727
122.2887	34.4384	276.7700
115.8244	170.5507	463.8126
174.8526	8.9513	193.3384
150.8824	164.2095	126.5835
156.1840	107.9628	358.8885
136.9271	79.8415	354.3710
124.2111	90.9373	395.8912
42.7709	97.5088	237.5472
57.7427	133.5210	257.6751
68.7861	37.8932	365.9145
82.3114	49.8998	178.4018
35.8210	95.6546	258.1963
178.1348	183.6188	135.3407
61.5214	88.1698	343.0168
135.3895	171.3941	321.7895
174.1630	181.8077	141.6783
151.3990	109.2432	290.3420
7.0867	106.9402	346.4794
157.4444	72.0006	374.1574
40.1094	40.9014	113.6623
58.9317	49.9336	134.9010
1.7793	155.6533	156.0909
157.3032	165.1260	301.4817
36.2646	132.5374	236.7717
61.6953	21.8734	44.9775
15.1202	12.9240	151.4084
154.6516	117.1618	193.6528
54.5493	141.8304	271.8943
85.6254	166.3310	338.6340
9.1230	59.3555	194.9884
9.1699	101.0877	253.3315
146.1900	145.9170	139.1999
89.0254	92.2072	198.9466
123.9092	145.1430	390.6462
73.5734	142.4373	378.1177
93.3086	97.9794	338.4321
129.6594	84.9262	84.3825
167.2452	95.5461	369.7981
40.8684	59.8934	93.7486
86.5376	0.6102	165.9590
188.9980	186.8145	1.2874
58.2203	131.2656	265.3222
185.4112	143.6449	257.2012
1.3962	90.5820	340.4163
82.5905	42.7829	349.8997
84.7372	178.8930	201.9218
16.8128	172.9273	274.5549
177.5938	55.8083	453.7431
116.8722	42.1779	304.6316
100.5417	162.9286	78.5611
168.1124	41.5997	426.0723
105.1431	89.5369	173.1398
0.0214	115.2767	9.6957
77.4619	0.4291	22.9905
18.5128	120.6533	270.4372
25.4216	173.4469	372.6528
10.1579	132.2161	414.4252
147.5723	159.8792	127.1652
151.6246	21.2048	365.2118
159.6172	79.3610	307.1855
92.1338	9.4370	4.5423
45.6503	184.0371	94.9557
90.4021	36.1349	184.6502
94.2665	169.7854	434.1619
171.0705	56.0557	306.6328
83.7050	125.9232	337.6191
104.5672	92.6061	398.7205
118.5147	8.9101	105.8689
135.8967	178.8586	205.8592
181.8464	104.6329	271.3081
126.6525	11.1496	27.0834
71.0665	82.8689	183.7068
68.3178	15.9357	92.0262
55.8472	26.5481	35.7349
46.7315	26.7819	107.0192
30.2196	117.6144	269.7677
157.4034	188.6956	16.1420
69.7742	1.9589	329.0978
18.2358	28.6579	190.5153
150.6131	137.9064	234.9898
180.9325	166.6259	1.6635
111.4709	69.0279	261.3573
36.3985	9.7116	213.9656
157.8006	92.9508	59.5140
109.1791	163.6684	454.2849
171.8742	66.1208	341.8997
76.3598	80.1661	329.5844
18.6179	19.5775	78.2454
148.7637	117.2810	40.3940
101.8917	95.9730	232.7914
34.8947	5.6836	165.1362
10.8348	174.2108	379.5536
15.1139	126.8741	419.9256
96.1587	5.2405	325.8557
109.1216	114.3203	175.4820
186.6107	56.4385	2.8301
101.1778	40.7935	45.2458
69.3257	15.3374	326.1991
101.0240	51.7149	405.3355
114.1530	134.6868	267.9663
44.5754	175.2597	236.3996
27.6309	117.5507	355.1696
140.5815	59.8743	386.9151
14.0800	113.8061	292.5579
98.9625	32.3862	445.1590
78.0737	71.6651	438.9039
120.0768	115.5004	299.4946
112.3513	163.5039	370.6026
164.9784	183.5854	239.9837
177.2960	19.2552	142.1245
119.4227	54.5674	18.3804
58.5994	40.9323	145.9006
176.5810	75.3363	259.1691
68.6302	2.9994	109.0470
6.3329	95.8577	157.2408
101.3420	10.0387	368.2752
115.5077	98.4586	274.9219
99.4368	158.5385	68.1634
117.8400	50.9518	67.5876
58.0334	66.9723	451.0624
142.5345	41.4425	388.7432
86.9487	188.3969	340.7172
68.7554	130.3463	408.4799
45.9967	114.3072	107.8335
152.1872	138.2966	215.7579
106.2489	175.5706	123.5348
92.8672	169.9844	392.4661
114.6317	122.5887	420.7574
142.9819	95.0435	115.7339
70.5506	103.7968	362.5755
40.5488	26.9906	107.0019
113.3635	144.1208	286.9423
7.4853	90.8715	391.8743
133.4689	116.6850	434.4281
168.3910	177.0356	363.7561
80.1490	119.7496	452.3346
67.7551	64.7079	61.8176
159.0803	29.2774	256.4571
137.3098	160.3098	464.5770
41.0954	29.9866	39.4718
77.8585	1.8687	61.9318
1.2948	41.4151	397.1015
132.5521	35.9255	336.9328
23.1703	176.9215	416.0964
65.8014	138.8244	257.2381
179.9853	175.6015	12.2535
3.9321	155.5275	447.0389
2.1392	84.6907	434.6299
87.6732	34.0572	103.9746
83.9573	116.8235	454.3202
4.7043	23.4846	65.2696
81.8241	35.2969	89.4944
86.2828	173.4720	155.7484
125.9007	172.1886	446.6448
30.6511	131.9676	226.7313
122.6375	185.0746	167.5582
172.1766	157.5150	152.8178
97.7841	35.4728	323.2605
86.8362	126.9915	163.7365
70.8617	138.0321	362.1766
142.5074	70.1639	54.2265
123.0331	166.1933	63.3427
12.3517	150.2104	266.4443
72.6729	1.7223	190.3982
185.3359	168.0726	464.4869
114.2535	137.2977	262.9712
175.8533	158.1398	390.8186
26.7496	36.8898	410.0034
35.4824	118.8593	233.9409
90.6079	23.7505	353.6909
118.8606	80.5251	121.0986
25.6266	177.8547	416.7425
117.0024	21.7413	265.8252
49.7295	20.1814	322.0025
127.0558	174.1732	400.8354
101.1396	122.2519	389.5144
21.5806	1.4324	460.6445
6.8779	33.9103	289.8422
182.4364	17.3639	138.4075
90.4189	141.8085	399.5342
62.9499	87.2844	270.2124
118.0192	96.5739	374.7172
50.0698	169.3801	166.6551
137.3176	30.1507	12.2969
100.3652	133.1945	192.2301
56.9161	6.5891	226.9566
53.0771	11.1343	135.4181
46.3847	135.8010	234.9719
189.0740	25.3304	254.7978
188.0269	40.5564	138.6689
37.4317	177.3370	58.4755
110.9696	37.0452	44.2636
95.3938	95.7230	370.8347
72.7980	49.1107	338.7314
12.3164	183.7552	41.8930
67.1398	10.0840	130.9042
143.8142	83.1175	133.9158
186.2829	178.1171	403.7015
141.6648	187.3870	344.3881
35.7188	109.5816	308.5429
167.6244	166.0039	391.6152
112.1635	115.3465	251.5494
130.4456	117.5485	338.2062
22.5256	168.6146	154.4177
30.6256	124.5287	258.3827
145.3726	81.0949	211.4230
2.4399	7.8191	96.4452
100.4785	91.5552	324.5554
118.1850	41.5494	100.8586
154.9935	54.2564	358.4476
131.7101	57.1787	249.9125
67.7984	34.1996	301.6425
74.2206	47.6925	114.8939
107.5797	32.0807	362.5190
136.5901	44.3995	194.4239
12.8541	78.8467	20.8933
39.3868	88.8092	28.1329
34.8843	59.8116	194.9645
96.8665	56.2821	59.7182
145.1964	10.2302	116.6552
67.4347	185.8533	120.2066
106.6394	159.1755	108.3032
90.4816	59.1545	348.3893
119.9237	51.4008	364.6893
140.7325	3.3351	87.8337
119.2043	105.4764	390.7118
154.2446	36.0425	458.3034
123.2229	63.5322	359.6900
53.3670	123.6904	62.7141
161.3484	15.7486	379.7700
78.7216	67.0875	433.2473
112.0888	97.7560	271.5685
185.1366	15.5459	2.4088
25.9809	38.7066	147.7544
6.7065	33.8694	109.0911
82.7503	75.4306	451.6348
29.5135	21.0272	9.0612
18.3448	151.6210	380.5435
95.4809	160.3946	279.9101
69.9236	54.9881	238.1595
115.9809	119.0831	9.9207
52.4563	155.8408	164.7408
177.6405	23.4760	406.1748
67.2872	169.6408	401.6982
168.2901	19.9385	240.1385
56.4655	140.8994	163.1404
24.8912	30.1938	148.5599
35.2207	146.9807	243.4530
79.7352	157.8132	429.5931
136.5321	43.3397	46.3542
106.6702	158.0839	180.7022
107.3254	178.0344	39.5986
14.3408	12.8128	411.9887
148.3992	139.8824	187.2152
97.3280	146.0194	301.3391
70.3106	184.4158	312.6899
94.9653	105.9119	269.0803
39.5008	155.4591	126.0741
98.1712	110.5009	396.2567
12.2029	159.9061	111.1463
179.8664	79.2287	134.3847
20.1395	13.0871	379.8174
90.5505	158.0571	230.6689
145.4460	85.8037	130.9932
80.8536	84.9057	363.2528
156.5990	173.9020	188.3608
83.4571	181.1790	305.0028
184.1361	123.4751	254.8163
10.8959	89.3847	273.3984
126.1193	114.1978	90.7817
0.5289	76.2284	150.2969
65.3584	107.8542	321.2955
6.0715	83.0941	39.4841
82.0892	179.1906	348.8766
39.4901	26.2313	356.7564
47.3835	25.6495	54.2003
59.5385	120.0976	397.8481
122.5226	92.7072	457.2178
131.8449	100.9257	201.7975
151.6516	111.7532	140.0921
31.2410	108.9106	161.2423
101.8655	153.1876	81.5555
57.3315	72.7341	445.4016
117.1111	87.1404	206.3675
32.7773	146.1449	366.4359
62.3402	37.4580	64.5406
176.7604	72.5321	87.0256
123.5792	137.6689	371.2411
81.1312	42.0295	7.5027
31.3384	131.8689	33.5563
157.1202	55.8998	143.5888
181.9616	123.7080	245.6367
74.0289	142.2830	272.7105
92.3673	163.7759	133.5335
0.1774	1.2334	240.3524
87.7477	14.4500	353.8218
152.9230	144.8054	215.5508
35.7805	55.3701	204.7155
98.4125	33.2441	339.9449
157.0541	1.6543	153.6574
33.6031	184.2968	123.7380
142.3020	109.8199	72.8892
135.9303	177.6713	180.0266
144.1954	118.7132	81.8139
111.8428	3.3056	114.4735
134.4351	170.0012	267.6551
126.5833	93.9539	230.2865
112.2607	171.3915	155.1472
5.2456	111.8447	138.7857
70.5633	64.1505	208.8206
42.2450	184.8410	314.8841
83.2010	125.5555	302.7272
96.6558	106.5971	443.7581
147.8731	141.0970	85.5902
187.0105	145.6438	450.6480
35.2351	83.8080	187.0960
57.4363	95.0479	290.0367
150.6526	150.1762	87.8340
70.7522	122.7901	106.9902
63.9452	51.5907	186.3450
8.2698	11.0944	402.6113
9.6304	130.3632	89.0174
157.6635	5.2855	308.7268
172.4820	39.1230	20.5110
18.6095	186.0398	333.5095
104.4017	137.2634	205.4267
88.0258	2.1391	261.0244
173.9610	16.0109	337.2631
140.8838	15.9808	113.7464
39.4951	157.2171	63.5614
14.0480	30.4453	261.7180
79.6029	66.7684	135.7968
17.2283	166.4579	94.2603
121.9106	21.1196	306.2219
72.8473	144.8758	116.9422
81.7338	68.3852	209.5375
31.1822	174.2252	409.6286
62.2339	147.7593	470.5645
138.0862	162.2361	358.5762
167.1627	92.1407	59.5917
2.3340	163.5449	423.1804
146.4544	47.4647	420.2793
109.4705	173.7917	162.3577
115.6485	102.8169	32.9844
133.3624	81.1323	115.0017
80.6956	19.2514	383.9728
171.8180	130.6076	341.2974
34.0289	63.7646	127.2832
27.8383	115.5961	234.2350
78.9557	73.6678	377.4549
163.0771	20.0218	460.1210
59.8674	154.7956	137.5389
142.0443	189.0320	274.9512
50.0111	54.2031	458.2612
19.2478	148.4354	453.3433
95.5526	118.7804	230.3766
84.2761	136.2697	183.6552
108.8670	39.7353	22.8046
113.7122	95.8294	140.7807
99.9085	62.7074	368.6124
152.5857	105.9192	191.4692
45.6918	5.9162	244.0205
176.8794	45.4085	245.6236
160.1933	181.1999	373.9217
98.3759	109.3024	123.6629
172.4062	21.8812	136.9180
86.2978	69.8633	332.5494
132.6911	176.3112	15.3631
143.9819	161.6811	138.1912
146.8866	43.6535	324.6690
93.4954	37.1366	6.4555
100.6554	33.1841	329.8658
66.3689	67.2328	103.6260
138.9837	166.6782	276.0914
87.2220	78.5616	410.2287
151.7592	182.8894	235.9844
60.9258	35.4635	217.1924
152.4384	75.2343	146.0104
122.7286	1.0137	20.9252
182.2007	35.1807	275.9755
184.3797	25.2508	276.3340
26.6740	147.9345	275.2400
84.4347	155.8909	160.1903
69.9653	84.6437	204.4255
41.5433	38.2759	114.6998
167.6268	67.4660	278.8836
132.0954	146.3996	359.9211
104.1835	157.7948	92.5168
85.3178	8.2871	155.4203
10.5993	101.4859	75.5263
125.9215	136.4903	162.3321
176.8719	143.1420	427.4028
96.4385	187.2238	194.5054
131.7166	174.5918	123.6333
94.0238	20.2341	361.2497
161.9741	37.8369	429.1438
188.4800	154.7089	138.3067
141.5342	187.2852	314.0996
131.1898	48.3510	280.4759
26.2098	15.8140	405.0590
139.5057	132.8880	350.6553
2.1406	16.6349	451.2093
41.1975	122.5578	160.2849
106.7071	36.4770	180.9366
76.4587	124.9975	151.5690
169.1375	9.7751	241.4824
134.4614	158.6195	385.4353
16.9708	41.0490	463.4724
91.2308	21.0320	427.2460
176.8723	182.3627	211.1849
90.2286	103.1592	176.0616
122.7905	179.6867	122.8012
69.6152	1.6879	91.1186
38.1539	93.7404	63.0170
113.1469	171.6731	204.9789
158.1946	37.1441	110.9923
89.2725	162.9492	381.6024
27.1798	132.3125	57.7241
4.0825	109.2040	462.1273
4.8646	63.7367	454.0812
119.1386	28.6535	277.0898
86.0525	81.6817	322.2707
149.8510	16.2180	5.2516
119.2069	3.4049	117.3104
9.0540	134.1982	145.6340
130.0766	71.4386	215.1436
91.7263	171.9316	92.2189
153.8809	31.9006	121.4845
135.0040	97.6899	17.0869
119.3503	188.5558	160.6941
128.7883	113.9902	100.4006
14.7513	108.1401	149.8946
182.5771	141.9880	210.9247
110.7118	138.1391	280.4745
88.1994	6.3650	81.7197
71.3519	58.6146	116.2820
43.3108	95.7718	237.7041
14.1895	186.6129	358.4267
186.6582	114.1925	344.6440
98.5512	45.2339	451.0025
45.2425	88.6738	23.1522
30.4053	155.2663	149.0515
36.6005	110.6413	112.7201
160.8771	141.0592	51.2855
142.0175	56.5571	397.4919
179.2296	151.8129	398.5173
141.0570	8.6928	455.9717
114.1415	181.3723	399.4408
102.1621	15.5708	67.4573
141.6797	134.8986	210.2666
77.7748	49.9661	315.9960
149.6985	63.5551	431.8828
129.0336	96.1386	222.6747
66.4090	142.8673	14.8553
133.2299	65.3553	85.9554
126.7353	147.6126	194.1015
77.0814	36.3187	161.7078
61.0866	74.9526	314.7239
6.4066	97.2147	7.7851
50.6732	58.8407	435.4172
174.6968	33.4847	379.7149
55.8472	26.5481	35.7349
38.9948	19.7380	109.3807
177.7282	178.7728	18.8987
52.7517	95.4413	318.1619
96.6961	53.4593	276.1739
77.5861	133.2454	365.0655
180.5672	61.7438	46.7668
76.4719	123.4519	373.6982
66.4732	119.9270	407.6993
102.5301	176.7701	458.9805
177.2869	118.2458	98.9469
126.1921	75.8623	144.7867
90.0724	107.1347	203.3680
106.9779	93.2109	438.3791
186.5596	4.9867	45.9675
88.8456	96.2624	91.6426
51.8098	180.2729	241.1527
114.4810	102.4263	409.2316
134.5331	24.9718	145.4731
59.3796	142.0041	461.1853
45.8769	21.4626	406.2101
67.5432	64.2155	421.1044
108.4680	29.3649	231.3584
106.4960	79.2635	94.1777
119.9441	129.4312	127.9397
14.3947	95.2745	252.7944
152.9953	8.8121	29.1866
142.2403	64.2422	148.0912
158.2658	1.2867	50.5317
92.8709	87.1854	285.9595
168.7032	71.9291	34.8532
80.3956	163.2963	302.1212
146.8361	35.5365	369.0607
105.8764	17.8583	414.6534
179.8942	95.4635	454.5625
39.0076	178.5824	80.7790
172.0401	164.9719	150.4150
166.7766	64.4204	19.6159
115.6391	29.7627	293.9357
133.2555	51.4962	199.4286
150.0158	22.3885	164.0058
46.4014	107.2995	294.4047
166.5658	93.0096	63.7511
127.3664	181.6700	89.4591
112.7155	175.4923	233.1774
174.1215	37.4147	123.6399
109.5933	30.0478	343.4232
142.3824	91.3003	298.6446
112.3655	4.5152	239.5863
126.3924	67.5483	143.5572
6.5720	130.9274	292.4236
85.9817	42.6271	150.2322
103.5613	98.4732	101.7169
103.2551	165.7178	413.9767
74.6300	130.5348	432.4092
166.2640	27.6418	132.0798
63.2053	39.8304	265.8806
64.0446	149.2712	379.2986
110.0416	92.0254	174.4684
151.1534	56.6011	398.8194
102.7723	144.1361	366.0040
129.1593	59.8213	84.4332
75.5570	131.0301	137.0525
59.1193	162.7138	89.8500
165.3668	19.1634	425.0355
137.7201	63.4413	402.1495
42.3914	60.7806	267.1291
47.4654	98.4242	23.3377
104.3661	176.2999	245.1427
35.1678	118.7531	444.3004
161.0266	4.9223	276.7684
134.7102	146.5409	128.5384
142.5099	20.9336	341.3877
58.1794	155.6032	365.8895
41.1200	35.8555	440.7281
12.2886	19.5035	323.0013
83.1339	121.9428	416.9903
88.9357	180.8744	368.1023
140.0075	21.0082	428.8900
155.2932	27.5951	190.7747
176.5559	50.0176	355.8712
76.9365	171.5951	160.7737
28.5287	140.0013	68.9116
61.9138	13.6884	220.5584
88.0777	67.8621	286.5439
160.8746	100.5358	169.0771
135.3642	177.8262	205.0913
53.5323	86.5358	248.9096
148.8785	137.7331	141.1039
123.8575	18.7842	103.3023
77.3791	46.9037	183.1651
65.1349	16.6816	283.4178
90.4531	165.9920	329.5526
177.3580	165.0028	301.3013
4.4183	139.1687	107.3342
137.4094	180.3065	197.3927
1.1942	149.9081	165.6485
105.2980	156.3544	250.3835
40.9831	159.3861	308.7156
126.5428	138.9843	2.6638
163.0848	74.4146	349.7926
4.5365	54.3919	269.4533
111.1200	77.2859	349.4003
80.0769	97.1014	158.7586
49.8855	52.2064	469.9332
22.2548	137.3012	433.4027
45.1780	139.0508	259.4913
74.8433	153.2486	19.7497
175.9348	178.7262	276.3250
75.2098	140.7787	98.2067
57.0695	127.6829	62.4593
143.9730	49.8662	393.2456
168.4769	40.3420	141.5571
39.8028	36.4782	110.7222
186.0742	11.6301	155.2927
139.8706	81.6306	57.7457
60.1541	147.7932	86.1606
119.5125	6.7654	244.5577
184.5217	7.5636	249.0134
12.6158	153.5986	47.9999
183.6056	168.8395	200.5133
6.8244	146.6766	390.3855
68.7963	89.9779	343.8355
43.7263	2.4770	105.8999
9.6867	63.1141	90.7688
88.5417	185.8537	57.6378
46.6427	146.8339	185.7892
49.4605	178.2568	252.8221
88.5107	71.2107	332.3192
144.9850	90.3817	159.5883
186.1468	20.4008	255.7780
115.9956	68.7301	246.2360
65.6950	144.7765	94.0601
92.2638	143.7466	155.3611
107.5568	22.1069	451.8358
68.9384	22.1017	142.0888
176.7748	125.7994	81.4362
131.7063	10.1206	226.2565
107.1866	163.5267	2.6734
67.3432	149.9959	251.5830
155.5578	123.5333	181.4407
52.1440	15.7005	57.0119
11.3244	79.0775	93.4972
143.4105	122.0062	104.6273
70.8115	186.8955	314.3751
55.1928	1.6035	104.4587
129.2251	65.4268	417.5329
74.9955	21.1457	143.7126
52.6789	148.8953	59.7288
165.5534	83.7116	108.4375
10.2266	146.5942	324.5420
21.7354	183.4384	450.9793
116.2166	125.6873	23.2250
36.9637	119.0581	19.9446
130.3398	137.9253	177.1025
175.5161	30.0090	214.8085
97.1946	112.2981	441.7885
183.7174	159.5520	138.2805
128.8204	187.8596	133.4949
95.5329	122.3235	99.1587
120.7333	17.6434	159.8815
35.6494	9.6120	122.2792
11.1248	146.0352	49.4919
101.8954	156.6713	258.3529
182.7245	131.9051	216.0612
154.9676	152.5610	16.4889
142.3821	188.5486	38.9247
34.7697	67.0754	103.5108
140.0401	62.4348	467.7648
83.6359	6.7896	298.9433
165.9908	4.2070	72.9396
88.4910	61.6348	453.5698
145.6533	167.8407	44.9689
168.5314	97.7238	77.1029
151.0427	39.5508	300.7416
63.3436	53.4548	67.4344
93.7500	102.6887	243.8844
167.9136	42.3367	254.9355
56.8744	62.1631	180.7427
124.6454	102.9885	406.2007
129.3408	4.2960	213.9424
132.6759	110.9257	15.7191
171.6659	146.3931	209.6830
56.5808	182.2393	12.6826
73.6072	73.6959	268.3098
54.5167	65.1743	209.4168
124.2194	58.1869	313.1879
138.3700	51.5796	239.9963
84.8611	172.5964	253.4907
35.9594	48.9173	282.7721
26.7257	170.2309	397.5318
106.0526	100.4205	451.6133
89.1528	176.5618	176.9548
7.4635	57.9439	186.5203
11.7775	12.4602	50.5361
145.8868	21.3765	282.6618
177.6679	86.2487	314.6503
160.0161	52.0514	141.8202
55.8472	26.5481	35.7349
46.5986	136.4061	450.7988
107.7491	146.8025	241.9559
58.6505	14.6702	328.8710
55.7905	9.0135	55.0428
26.4543	179.3885	405.3763
111.0330	167.7949	218.8014
187.2943	162.4957	305.8571
50.4885	56.4198	48.0228
171.2296	15.6662	281.8299
71.5469	103.6035	426.2412
126.3629	152.1753	340.1389
185.3113	98.4328	80.1360
2.5919	106.2062	244.5357
94.2314	72.4152	383.5128
37.5005	178.2931	156.5590
163.2013	15.4083	121.4652
103.2383	173.2171	441.6021
59.4356	143.4939	433.0519
93.4155	153.4541	25.6274
165.7911	169.3188	390.1346
62.2182	32.3662	22.1541
101.3785	36.7657	89.2269
6.6205	92.6580	80.8810
2.9961	131.6381	449.5873
79.7646	152.8184	30.5919
141.0721	131.3226	339.8565
153.3613	49.4395	84.8758
63.4726	40.8679	164.8737
83.1950	62.6922	428.0180
45.4638	40.9218	231.2589
86.8567	52.2861	374.8748
55.4552	12.7392	223.7396
135.9204	162.5032	156.7981
174.4362	77.4783	235.4459
183.5601	32.3889	193.8967
155.4547	102.0152	160.9656
129.8561	132.5598	38.4643
101.9499	7.4508	259.9610
2.7331	32.8277	412.5706
177.9443	166.2788	372.2746
124.9235	174.7619	53.9377
13.4396	113.5818	404.6182
126.4834	167.7074	97.5858
72.6227	4.0074	364.1250
80.6004	123.0552	143.7032
87.3579	110.2478	18.5396
130.3702	45.6997	279.3017
120.4308	88.4649	57.7008
23.7993	183.7418	465.0706
51.3811	60.9084	69.7758
185.3103	6.7209	147.0305
86.3065	10.9738	171.4051
125.6520	70.7556	349.0781
96.8953	31.4791	466.4339
47.4506	17.7442	79.3934
20.6869	7.8130	439.4041
7.6426	126.3463	446.8564
120.1080	74.5858	169.7372
119.3948	150.0574	121.9476
7.8705	30.1636	274.7033
97.8848	113.4101	223.9430
125.1190	181.3853	379.4139
118.5287	128.7127	409.0527
178.8338	80.6470	378.1126
61.8161	161.3411	5.4973
91.2083	41.2635	137.3224
19.6783	138.5243	256.7043
23.8114	3.2311	115.3017
21.3720	99.9503	460.2000
38.9800	168.2233	271.2208
125.3736	181.2216	191.3607
23.3357	59.2029	25.2687
133.1087	187.7257	153.7903
7.0984	4.1662	40.0389
140.8958	21.6527	260.4785
126.9747	108.8272	275.2518
87.5768	108.1189	66.3118
76.7647	11.6781	344.3839
83.4005	146.2467	197.3862
63.0209	138.6174	185.4052
169.6285	167.1783	392.5027
74.3384	154.3251	24.4895
126.3673	54.1253	275.5325
60.2513	147.3772	282.4211
128.4814	24.5166	53.6394
136.2959	76.7776	153.0860
18.9436	131.9509	410.5133
177.5936	43.9845	56.2545
1.7506	162.8626	344.7182
2.4391	188.7095	173.1169
96.0389	7.9571	97.9304
163.4310	18.9876	378.3982
151.5487	15.2607	284.9372
100.7471	86.9791	433.7910
68.5351	101.5542	102.2428
70.1340	7.0349	68.8129
138.4911	35.7130	343.8428
123.7681	6.9959	141.4386
86.0680	111.7277	199.0690
32.3756	58.6654	142.9459
20.6329	0.9026	384.5372
20.9465	163.1146	439.5572
18.7040	183.8118	466.9518
179.2183	152.9376	262.8652
86.3042	153.9271	340.1035
74.6599	25.9127	280.4095
22.4351	171.8677	196.2209
66.3162	22.0325	226.7653
151.7085	173.7759	180.2874
17.4563	152.4777	260.4043
80.3537	139.9413	96.2146
80.3789	112.5111	90.6368
46.8588	35.8731	19.2040
96.0430	126.1477	440.6100
136.4132	108.1263	304.5253
141.8151	139.3241	130.3914
121.7058	181.1445	37.7213
138.9134	152.8521	288.3284
108.3660	164.3682	3.8889
59.7762	83.2881	431.8941
64.2085	129.9539	465.6178
162.8153	176.5572	56.5436
145.6150	125.0063	224.4213
4.7963	147.3223	360.7997
146.7379	173.9303	273.0086
169.6921	167.7581	12.4902
100.0132	58.0239	361.9228
40.6959	175.4201	318.8016
100.2425	165.7484	401.6871
16.1415	16.8090	81.9627
121.5368	51.9680	445.7052
29.9720	67.4086	333.8493
87.4268	150.6685	20.2549
75.3885	165.5281	210.4881
110.7971	57.4432	21.0214
186.6844	153.3404	260.3108
168.8907	107.6864	287.6238
122.1653	47.8216	260.8959
147.9734	78.1381	148.8735
11.6860	139.5242	77.4868
178.4634	99.4493	367.4174
1.7141	72.1908	370.8118
60.8159	123.6457	179.8203
125.6814	99.2146	132.5847
143.4667	158.4277	128.7847
17.0042	49.7298	69.4450
178.3849	143.6239	40.8937
157.5705	162.6187	397.7759
156.4850	178.7953	158.1699
171.3215	118.7679	151.6711
102.8313	106.0368	430.9924
81.7281	175.6453	122.2384
31.4433	20.7295	72.8000
163.0749	23.5010	361.1771
143.2609	68.7973	361.9869
95.4636	34.4888	400.9317
97.4493	163.3654	138.6732
99.8782	150.7896	391.0935
49.3090	68.6152	170.9211
13.5914	45.5536	113.2090
92.0605	166.4025	111.7878
103.0491	51.9885	268.6360
29.0421	130.6218	85.5478
100.5901	139.0917	459.1178
180.7686	35.7506	366.9968
62.3999	140.6844	144.8675
68.1677	188.4825	214.4117
90.5874	5.0688	81.8364
63.7254	37.3605	286.7208
110.6664	10.3524	219.3620
45.3423	135.9997	465.6027
78.8955	122.5677	122.1959
79.0546	22.8057	448.0807
144.2991	46.9424	300.3199
75.1852	40.8520	294.1774
0.5756	166.7746	8.1389
101.8514	34.5720	188.9252
49.7115	173.5625	69.2587
23.4988	2.5108	77.7574
33.0177	142.1394	120.9046
54.4180	145.1951	54.2531
63.9065	145.7063	349.9453
74.4100	98.3536	179.1647
74.4528	108.6015	253.2983
187.5567	36.6467	128.0090
114.5025	101.9358	292.5972
88.4800	103.0629	210.6627
23.7197	130.5878	223.4881
176.8769	81.5789	329.9638
45.3875	23.8371	99.1705
59.3568	99.0431	312.5395
175.9074	158.6515	436.9136
24.9023	18.5111	179.1425
144.5847	93.4009	53.9555
127.5868	180.5656	398.2290
67.6892	149.1825	76.4209
65.7321	18.4195	17.5944
124.3490	6.1884	215.2007
50.8945	18.0755	412.3336
153.2574	171.6072	21.0160
84.2074	12.6657	333.9649
26.1733	71.8601	167.5449
66.1595	67.2194	189.7276
49.1798	186.7807	150.7767
57.1958	5.7571	353.3396
77.2120	125.1762	361.1428
171.3547	74.8852	391.3958
106.5013	32.5955	449.6845
97.0591	6.5874	234.9907
54.9690	148.0227	61.1670
48.0678	142.5178	68.4605
104.0739	83.4054	296.6176
116.8776	4.5469	18.4539
127.1703	106.5669	289.9214
139.1317	185.2506	209.6635
84.0614	120.0863	36.3929
80.1017	92.1853	354.3346
26.8849	110.4145	155.2080
36.0701	175.5336	361.5568
7.5192	157.2734	98.0283
142.9246	152.0440	383.9935
4.3282	170.6298	97.6830
119.4804	52.0733	282.7560
112.0406	91.1027	377.1064
97.8132	42.3454	327.9979
74.8505	95.1986	261.3807
130.9309	140.8945	262.4506
141.0010	117.2132	323.3305
184.1098	152.7451	241.5165
33.5937	169.3430	147.2613
171.1644	163.5329	380.9959
139.1753	156.9016	358.9098
45.8099	149.1325	459.5213
184.2722	60.1238	119.9857
125.0804	98.0675	298.5960
93.1665	127.6598	293.6059
107.0331	60.4014	437.3882
40.6428	29.1044	127.8870
11.2685	167.4708	385.6096
35.2865	142.1062	276.1182
5.1890	108.4457	416.5114
117.2201	26.7990	127.0020
166.0341	186.1268	239.7507
175.9330	44.0252	126.2527
189.0000	7.3845	94.3512
43.5596	19.4434	20.9544
45.8963	182.1928	343.5664
23.7479	25.8114	183.2509
2.8598	99.1090	127.4648
99.6350	53.0903	76.2017
174.7509	169.8791	60.6191
8.7097	173.7916	284.6630
68.7525	171.2942	254.2506
89.1736	32.8111	158.4938
146.4679	169.7016	96.8830
5.4237	142.7659	194.6570
181.2886	67.5944	33.7473
22.4831	162.5652	458.7431
154.9441	117.0405	294.9890
7.3870	24.5347	190.8232
73.9422	32.8142	230.9636
17.9212	29.1959	384.9401
162.3923	166.2273	283.0120
103.7829	29.3623	204.6982
12.1472	27.1339	194.5531
161.5716	27.2639	462.4023
43.3734	127.7648	167.8580
60.9582	25.9915	466.7139
136.3558	64.3451	154.8144
11.1056	101.4111	97.2990
10.3801	27.6589	470.3884
58.7924	175.2724	268.0757
41.6659	103.7200	165.2263
118.4851	21.1829	228.8358
113.6172	99.0417	139.5297
28.2273	172.0058	138.1808
127.3110	178.0082	407.1555
41.2606	12.8765	375.4615
174.4594	83.9075	44.4761
129.7805	186.4534	371.7628
94.4631	61.8759	357.2113
177.6616	49.6026	56.7033
87.5823	144.7030	179.9653
97.2268	44.8511	65.4380
50.9954	7.1249	219.4766
182.5021	36.9192	132.9008
83.0737	11.4991	206.9649
149.1300	172.8185	242.4836
104.5417	33.3548	448.1902
64.5673	30.2447	57.8605
178.7639	39.8214	278.7160
160.4462	124.7657	326.3279
144.4732	53.0521	337.1355
181.3719	49.2870	17.2518
28.4565	142.1798	18.5295
137.7933	168.1118	66.9580
171.2389	115.4427	435.2564
107.6508	106.5752	414.4802
32.6246	103.9085	244.9147
45.4803	123.5393	179.1588
57.3429	145.4984	179.2515
66.6209	180.8044	210.2348
129.7906	122.6350	26.4018
132.8496	20.3951	63.1648
54.0354	147.0877	148.9667
12.9597	185.6441	422.4765
57.5572	108.5856	125.4138
122.8063	18.5735	18.2168
164.2635	60.1109	44.0571
93.9547	158.5261	311.4843
42.9211	67.4167	194.4348
32.9270	102.6671	270.0921
94.0654	49.6865	282.5860
164.9084	134.7055	16.6873
68.5894	10.9878	448.3976
157.4698	38.0762	456.3225
70.3536	63.1250	242.4622
117.2435	162.2255	346.3771
92.0707	4.7248	63.2870
129.5504	70.6496	73.2172
6.8646	134.0048	390.6652
140.5077	151.5473	459.0664
187.5185	87.1419	231.5995
34.3092	95.0142	184.1336
20.0829	28.3107	458.0621
102.4379	91.2292	157.5392
18.5871	134.6275	448.3252
69.1433	17.5786	371.6842
17.3476	63.6586	180.7176
6.1019	4.5389	7.7985
35.3869	78.1660	257.7793
67.9383	68.7340	442.8385
100.6991	17.6153	124.6154
125.2678	25.9686	80.8371
7.4950	150.8791	209.8199
187.7836	157.3860	134.9998
120.7484	98.8104	29.3113
64.8065	144.4903	407.8294
114.7937	0.3138	38.2409
101.7852	141.1580	205.1893
131.9823	32.7015	155.5921
73.2482	123.1672	279.7720
174.2802	29.5510	222.5011
22.2934	135.8106	280.4341
184.2382	0.2599	69.3283
125.9459	166.1060	8.4024
145.5280	115.7463	140.4884
18.1975	93.7808	336.5254
90.3961	3.6131	113.9718
31.1954	129.3296	398.2675
110.7070	66.4888	69.3255
154.3568	54.7993	392.4547
71.3548	177.2559	83.2891
38.6158	87.7406	237.8041
142.3073	99.4322	86.4710
113.9379	17.9586	225.8020
144.8846	54.2670	303.2042
63.8889	101.4040	198.5166
127.3585	14.4489	291.4523
135.5737	186.9170	269.7772
183.5589	153.4135	130.1014
90.2102	109.3605	187.5812
135.2872	83.7720	101.7352
21.7053	32.7243	87.0433
146.3938	47.3128	248.9563
69.8619	186.8913	194.7574
147.1331	5.5152	148.4217
182.2742	151.6564	364.4027
129.3789	117.9719	9.9742
181.0015	98.1066	437.8720
148.2596	38.0595	448.0955
20.1973	19.9327	225.6317
14.1812	87.1711	361.8156
126.2687	185.6837	300.0865
142.4526	97.8536	323.4957
134.5797	100.3233	325.6919
106.9891	46.4469	453.3347
148.2141	175.6051	376.4613
165.7539	7.6261	351.6759
146.9648	55.8828	281.7327
146.7763	158.5581	116.1412
57.3427	132.2234	413.6801
19.3087	122.9489	441.1402
97.7190	142.5735	397.0055
178.5222	114.8176	166.6363
95.0314	118.5673	347.0101
54.2659	96.6386	270.9092
28.2036	101.3364	155.4358
160.0744	181.0917	52.8235
72.6531	111.9674	52.6296
50.1617	63.5854	45.0900
7.8821	2.0915	458.9163
171.6872	66.6853	377.2958
177.0339	53.7549	215.6625
70.6354	156.7071	424.0391
150.0295	170.7275	13.7977
60.1068	185.6014	110.6110
54.1607	111.3590	424.9445
66.9908	147.9929	184.6667
85.7453	133.0131	434.3282
32.1295	184.4456	338.9621
20.4984	118.2562	142.7056
98.7279	45.8818	452.5635
140.3603	86.3244	207.4147
38.0739	29.8877	363.2533
92.6414	10.7959	219.7680
77.0521	109.8789	37.6585
4.6003	95.0925	461.3604
174.1470	15.6811	298.9914
65.9752	181.6690	103.5320
121.7352	22.8052	96.5392
134.0458	110.9030	422.4242
12.2771	27.1173	177.4855
49.5340	41.0854	394.2292
8.3484	143.7964	54.4444
178.5241	142.1741	26.4227
185.1827	172.3819	91.2620
68.9181	38.5547	317.1314
11.8067	117.1385	460.1605
143.8922	32.0242	215.3035
56.5540	188.5244	52.4565
55.7129	151.1806	39.6152
118.5638	109.0981	467.3652
27.2119	113.4908	146.1939
114.1637	72.7271	413.8407
162.0875	5.6350	409.1897
62.4137	42.3361	100.2655
39.5188	156.9527	89.6026
75.5214	66.8492	167.2729
27.5210	34.9922	75.3257
61.6555	57.9471	157.2320
134.4397	45.7466	294.9477
55.9614	52.9250	34.5027
141.3887	16.2508	65.0264
112.3603	96.1987	28.2049
21.7169	38.2828	388.1095
21.8865	32.8456	450.6631
66.7268	167.7190	359.8719
41.1294	83.4001	280.4966
81.7885	122.9516	324.6311
70.7276	5.4451	154.4073
34.6052	130.2623	154.9148
120.6736	68.0496	113.5972
43.3949	186.6645	361.4708
162.4614	98.7859	104.7749
12.6888	187.4058	63.8557
27.0685	68.6584	212.0296
9.4000	145.2532	339.7457
177.4905	93.0018	236.7604
188.1932	32.5260	64.9942
33.7195	129.5831	407.9929
94.9493	22.2690	452.2571
181.5099	8.3760	452.6270
122.2900	59.4067	233.3173
123.1447	133.7072	246.3690
93.2321	161.2696	468.4860
18.3074	185.6163	68.9084
175.6213	114.2364	450.4917
25.8194	92.6247	155.4215
164.1545	18.7766	246.2744
62.5158	67.8526	204.2626
58.8232	30.6685	100.6593
104.5711	137.4565	233.7303
151.6732	25.2142	419.5818
176.0352	29.9627	259.4083
81.6277	9.5758	289.2417
38.8230	110.1516	429.1872
183.7336	151.2446	330.5563
161.2880	169.6953	245.1348
33.4178	39.7553	325.3883
135.9021	31.3554	113.1235
12.7949	131.2994	73.2275
139.4773	154.8460	467.0978
122.8739	3.3497	164.0782
72.6014	82.8546	325.8527
118.5928	111.8924	336.9767
88.2228	73.6715	228.9455
79.5639	151.4335	386.2769
92.2610	136.8242	61.2983
55.0652	183.9846	113.2129
14.0386	89.8959	258.6051
35.1920	140.8146	183.9566
47.2643	139.6082	299.3088
99.6825	55.2879	273.2364
57.0823	18.5022	434.6064
178.9466	74.4189	36.0992
31.8690	96.2799	148.6440
63.2136	31.5022	165.8203
73.5600	53.6095	42.9859
60.7610	8.6742	284.1851
20.8031	87.2135	177.8999
117.1651	125.0539	430.1582
43.9135	54.7590	202.9407
0.2124	102.1705	319.1868
31.7361	138.7146	206.2650
14.3470	77.3947	175.7302
2.4112	153.2037	448.0576
98.9081	90.2309	195.1406
87.4843	160.9540	402.8867
103.4031	50.0293	349.0632
85.1814	170.4728	330.7706
66.6653	78.1924	422.4483
68.8782	25.5155	92.7594
174.4359	137.8682	221.8511
124.1621	162.9878	71.8387
34.0545	62.6812	346.7383
189.0032	11.9609	373.3644
142.4224	188.9593	199.1523
65.3491	35.3072	275.6529
150.9905	106.9664	126.5441
118.3351	4.4318	18.0100
168.6350	133.1466	152.6508
51.5330	48.1388	202.2446
57.7656	46.8979	242.9263
11.3114	79.9732	8.9677
56.6795	29.7794	175.1284
167.8134	174.7285	162.8422
177.6211	64.7344	396.6781
100.6747	46.6965	74.1819
52.1440	15.7005	57.0119
143.0935	161.4610	296.3578
141.8405	149.9761	405.9160
65.6957	81.2012	172.9567
75.7284	98.5044	436.2813
139.2908	68.1097	127.3472
188.4019	14.7996	144.6955
43.5849	161.3822	64.5008
139.1381	150.8405	387.3887
94.6062	24.7606	228.1866
164.9444	46.0076	142.1777
147.1881	78.0078	340.2290
176.9308	45.2664	193.7896
169.2255	51.9127	355.9799
146.9099	158.1270	155.6313
48.2827	161.6771	98.2183
167.6505	68.5237	415.0839
59.0303	79.8278	319.7460
93.2038	152.1604	363.0576
138.7996	169.5785	444.2158
77.7484	104.7321	94.6200
118.5049	180.5564	25.3933
40.0687	176.2023	8.8012
59.0493	13.2956	445.7146
27.7860	133.4948	119.3977
134.0157	36.8102	338.6649
120.1112	185.9901	307.8412
163.7862	27.9604	358.5995
79.3225	159.5942	467.9938
49.5539	62.2224	345.6991
171.3998	140.4469	392.3003
10.0458	30.4611	153.7386
119.8233	23.9507	105.2070
79.1343	52.5428	144.6848
86.9835	78.5816	398.3862
70.3006	121.9842	100.4130
1.4058	38.8690	128.3932
136.3625	3.0681	331.3051
142.1132	155.5429	272.7644
182.9782	126.9640	357.2012
159.4999	64.2998	74.5394
158.6873	120.0865	92.5484
165.4018	118.5913	347.0518
127.4139	188.7678	293.7281
177.7274	178.7692	18.9044
71.0656	112.2410	399.3027
178.4562	98.9431	317.4681
34.6464	53.9328	333.7684
167.1275	33.5869	424.7548
80.5877	101.0567	86.3481
78.5093	37.2388	48.8214
78.1014	109.7066	361.3353
141.5933	65.8025	97.2488
144.4958	127.3188	307.1363
21.7422	108.8579	39.2641
110.7674	181.0129	391.0086
103.3308	63.3907	96.3615
173.3989	165.0000	368.8492
181.8408	63.7095	79.2197
127.0153	129.7110	341.0088
27.3142	43.0634	68.2245
52.8743	49.7154	368.4050
6.3963	106.2777	460.9796
32.0889	175.0600	167.9730
46.1714	134.4917	2.8557
61.1299	115.5879	179.4305
45.8296	7.8995	46.3185
10.0742	179.4066	252.0797
20.5282	29.0287	437.0793
185.6295	139.7906	441.8728
171.0419	62.5510	340.9111
156.5599	111.6691	56.5400
80.3322	56.5403	232.4583
125.0277	2.9717	124.2633
6.0163	86.0042	225.9640
128.8218	170.8411	149.5750
1.7133	6.5623	23.6137
61.1777	4.7503	373.4654
51.5527	178.5549	351.0099
3.6900	130.9467	209.2628
28.9251	22.4809	61.0459
146.9296	102.3912	78.9060
188.1843	41.6440	12.8643
90.9557	140.5277	464.0241
36.3136	153.1422	52.2603
77.4528	108.1490	430.9198
58.6630	137.4063	453.5846
9.1316	141.5950	96.9096
39.0341	177.8311	264.5006
174.2690	68.7894	328.0894
48.2770	3.4516	277.0112
179.7065	43.9672	238.3214
110.3814	109.0129	343.5317
79.1612	45.5534	134.1255
162.3987	117.2514	289.9473
182.7404	165.4410	385.9185
8.5995	22.5464	431.1194
142.5396	110.3963	221.0088
138.0401	123.2878	121.7294
170.1417	55.0332	71.9207
93.8094	169.7557	79.5281
13.3467	113.2001	154.1806
2.7737	129.2395	166.7061
169.6992	114.5549	116.0639
155.2043	43.5925	470.0216
118.6548	163.0308	315.9738
155.8665	156.1015	142.7734
119.2030	2.8781	315.1439
173.1954	98.0187	43.6729
125.4975	112.8001	37.7544
158.8923	132.7510	219.7913
93.8439	92.7141	318.3633
87.1676	114.7026	407.2624
9.8682	188.4390	356.5769
30.5823	159.1835	290.6115
9.9330	66.7740	11.6164
59.4847	25.6956	42.2874
128.2142	68.2762	265.7767
88.5843	108.9850	384.0961
181.0164	151.2148	161.2471
68.2391	86.2741	139.8420
137.0506	70.4700	244.9108
63.6356	148.9522	371.1307
44.4927	96.1483	133.1037
158.6744	167.8288	162.5125
162.8204	26.1578	10.9174
14.5092	54.5426	289.8998
5.7830	82.8960	146.8812
23.1125	166.8709	101.5315
175.4973	141.3111	287.9923
182.6006	177.9321	411.8695
79.8574	168.2559	131.1075
90.1357	11.6739	311.0259
15.8233	113.9358	378.7159
91.7243	167.8015	113.0096
112.7487	155.5326	30.6856
71.5286	73.3093	0.0550
179.2856	52.0747	123.6217
92.5791	30.7637	3.9073
77.1475	132.5817	314.7123
88.3928	39.9942	414.1068
117.5771	90.5053	260.0569
103.9319	108.4139	27.2151
158.3457	39.7384	133.0002
92.4921	130.5431	460.6745
98.3246	47.8877	108.5686
31.6020	167.2326	12.2954
20.0720	46.3894	181.5084
138.2497	134.5397	78.3721
119.4964	101.0325	450.4226
140.0005	33.2762	153.6181
126.3246	84.1325	149.1811
126.6779	20.4434	36.8928
26.8738	78.6716	179.1271
87.3812	93.8638	331.9581
38.2256	106.1852	114.6002
3.4308	171.7584	332.5206
35.0143	125.3471	319.1741
114.1506	95.0989	278.2850
27.2988	156.3913	460.9509
98.8716	42.5147	56.0768
103.1691	17.9462	410.3680
31.0387	128.3715	348.8052
129.7990	51.6689	130.0239
9.4221	115.1456	369.9285
147.0507	133.7229	314.7914
62.6264	86.3280	119.7690
105.3272	155.5879	440.2792
5.2250	79.5924	46.9960
29.8865	124.3465	353.7937
97.7760	16.5963	25.8503
38.9269	28.1901	297.7400
180.6378	0.5169	169.4798
18.0631	160.4780	156.0946
99.4260	75.5231	216.6777
143.5202	183.5326	69.1909
31.3973	60.2723	117.0205
37.6696	147.9356	81.4223
58.8250	63.9537	379.1257
96.5834	138.4548	238.0570
67.1000	82.7313	302.6022
24.7722	167.6128	324.4055
70.7728	185.0013	191.4554
98.9107	183.9914	100.6040
188.9953	100.2213	96.9325
29.2160	20.1261	379.3340
63.7725	38.8617	244.6856
56.8485	72.9027	33.8213
124.0853	58.4483	235.6060
183.9872	137.3416	463.0458
7.0919	105.8792	135.8972
12.9052	181.0054	13.2507
112.8214	19.4342	95.3127
23.3205	109.1681	44.6000
23.7349	33.9920	92.0651
117.1308	117.9429	172.7348
177.0626	187.4435	356.2414
79.8551	91.6099	104.7519
94.6351	102.6400	260.8697
42.7235	13.1262	240.7148
34.6063	170.3653	260.0195
120.4900	122.8989	362.3041
150.1244	100.1175	226.4368
143.6649	144.4903	265.1463
86.0765	157.4763	147.6621
55.8739	106.9014	243.1354
171.0802	79.9904	93.3337
71.9367	121.5862	443.8312
49.6308	176.5937	74.4830
157.1626	129.8409	28.0422
31.2053	142.0731	292.9456
112.7855	142.5215	327.4753
177.9194	51.4791	332.5376
140.8240	143.3842	7.1796
183.4216	109.1065	61.4159
148.4225	13.6756	245.7818
103.7999	4.9315	27.5252
121.8181	139.6039	28.4910
134.7494	167.4776	78.0639
174.7301	128.7344	30.2231
54.5377	8.3402	286.8946
156.2929	167.2958	127.9793
157.7677	36.8210	123.5061
154.6600	28.8919	59.2895
114.4497	92.1048	91.2740
181.5092	147.7861	377.3942
70.8060	5.8844	71.0138
149.1141	111.8451	140.1013
187.3501	58.0462	235.5204
159.4604	74.0303	133.1896
154.1349	168.5217	45.0682
106.9413	7.7650	204.5513
94.8841	156.2629	365.7843
137.1510	167.2684	407.9208
28.6541	122.5410	396.3210
28.6092	129.4345	138.7897
176.4517	166.2819	88.0324
157.1941	122.9209	229.4388
0.3271	84.7799	200.6695
8.8627	15.7135	0.8760
98.9586	29.9928	435.5301
20.5705	171.8331	309.8961
117.2422	138.0307	295.1896
106.1031	6.1982	71.6049
95.3117	145.1505	110.9755
51.1816	11.5139	281.5456
34.1203	62.6208	159.9884
40.7910	87.3082	350.7544
87.1200	74.4479	402.3130
122.8889	36.0592	14.4269
68.4035	46.5291	180.2426
162.3291	18.7777	444.6546
82.5921	122.5775	12.5156
17.1200	179.6649	120.9191
39.3797	72.5245	354.4952
126.1793	19.8532	78.7702
150.5222	130.0105	239.1909
66.3879	26.7367	152.7530
35.6333	15.8514	90.0600
16.9498	19.0299	283.0754
137.0079	0.1906	274.8302
92.4455	142.3394	256.7506
154.9028	91.1291	364.9385
64.4126	46.4572	346.2429
64.7895	15.1757	84.2489
64.9745	148.4293	26.1447
150.5791	51.7631	150.6074
116.8836	53.0771	62.7208
166.9330	167.2014	388.1525
145.6704	65.5016	95.4185
178.4466	2.9885	389.4725
146.1152	154.4984	219.0289
151.0215	40.5158	447.0595
110.0402	108.4993	279.6609
89.8301	135.1731	470.8489
81.9407	40.1242	120.5483
133.1094	12.1144	146.8892
181.0915	40.0929	368.7978
104.8962	38.9572	232.4531
93.1457	173.7733	224.0555
34.8262	17.3688	377.7644
78.2744	148.6330	129.4892
14.4209	168.9817	274.2419
130.9263	58.3184	377.0447
146.9648	131.9945	221.3635
26.2118	68.1411	164.7408
88.0614	181.0326	200.5508
50.7419	98.8816	314.7057
174.3325	132.1344	14.1027
140.7357	153.0115	66.2490
179.0160	7.3056	253.5677
35.4540	21.1296	42.2273
31.0281	158.0541	70.1916
68.1347	91.9819	193.5319
57.3207	135.3984	75.3352
166.9122	19.4974	369.0263
175.6642	93.6829	242.4563
73.1854	130.6851	228.2579
94.6509	123.1261	150.0139
168.5738	31.7317	40.5542
17.7124	119.5764	461.1166
52.1440	15.7005	57.0119
31.0754	29.1928	43.6664
40.4158	178.7152	157.6473
51.1070	119.1547	224.0264
137.9754	85.5015	417.1468
64.9003	60.1882	60.9158
112.6548	144.8767	6.9046
74.8698	123.1119	99.6650
51.8766	5.5551	11.0764
22.5312	23.2214	464.4763
113.1623	82.2845	248.9229
53.6258	138.6506	268.9606
42.8700	63.2413	85.0711
87.8792	68.2170	304.6240
115.1062	106.7183	258.9628
84.2856	168.1830	215.7603
169.1613	124.4276	202.3297
44.2217	67.4574	197.6265
10.3891	185.4546	267.5190
93.8383	74.0434	229.7948
96.0171	179.2201	111.1959
80.3198	56.0041	283.3832
121.3754	10.8617	374.3838
143.0743	181.3480	122.2496
140.7241	70.0095	191.4177
2.0743	163.7521	271.4046
10.0138	96.9975	445.5557
70.1308	124.1161	370.8902
10.5860	16.0857	378.8530
44.2420	36.0357	242.1332
104.1398	136.9215	252.4202
180.5341	101.8783	205.9520
26.9744	96.7709	28.0824
77.8944	62.0901	247.3282
4.0617	116.9152	79.0839
49.2316	162.5224	8.4663
135.3105	152.5482	208.9096
188.4875	122.6745	244.6742
62.4674	176.6005	229.0255
142.6887	98.3526	78.7314
41.1593	3.9410	172.5103
78.3094	118.9369	368.1846
157.6555	165.5812	455.5343
112.1566	31.0879	256.7247
78.9986	47.3860	195.9901
72.7534	128.5046	31.3409
88.9982	86.5131	83.6805
12.6203	115.8935	68.8744
166.4130	25.1030	238.8325
116.9819	56.9008	17.3767
27.9777	70.3369	180.3692
164.7144	174.6941	361.3042
141.1045	183.3464	215.2802
8.3016	52.8851	265.6915
147.7025	25.6326	240.1013
108.6310	176.2610	436.4599
108.2147	56.5983	39.7803
28.8868	62.0722	80.9488
78.2238	93.2381	16.3032
3.4796	32.8156	319.0917
35.3660	80.7811	359.2989
124.7497	68.6337	446.9520
178.5086	25.0519	333.8330
163.0980	165.3307	235.5379
180.2604	105.4410	221.2007
33.5571	135.4432	222.4355
130.9970	115.5011	46.8805
71.0941	27.0212	138.1966
84.4030	182.4279	309.1456
144.3623	173.4444	17.5808
174.8877	101.2027	44.2342
31.8639	169.6373	32.5062
174.2128	45.0154	117.8347
31.5797	28.8995	128.7911
5.5796	184.3922	197.6156
6.8286	170.8945	439.5401
52.1371	35.9462	58.5688
152.7090	184.6951	95.2917
142.1214	106.7879	382.9681
123.3800	183.1075	177.0008
143.7530	187.6890	178.9794
145.7545	60.5473	358.4436
84.2710	121.2352	377.0013
96.4621	128.4589	435.8960
132.7738	13.3610	180.6883
42.3085	29.2830	115.1384
123.8753	130.3824	251.2583
173.2615	179.0275	396.1441
164.2842	134.7636	29.8964
154.5775	37.5223	190.5887
1.5339	59.4434	452.2511
43.2526	112.8267	98.0661
138.0999	27.0482	67.6207
3.4494	147.0320	119.3235
43.0123	108.6720	424.8309
81.7438	137.1404	248.3529
70.6125	113.8037	314.4344
36.8060	160.1852	279.9981
29.3982	118.0996	108.6403
119.9697	50.7499	30.1697
26.2722	184.8999	1.0596
156.9935	184.7614	141.3808
27.4195	35.5879	446.3540
97.1352	70.1678	302.8661
41.9648	110.3907	236.4293
163.1056	55.4703	264.9706
68.5655	19.1531	242.0971
15.9964	73.5891	153.3187
179.7214	100.7130	68.1561
115.4512	19.6393	211.6172
66.5941	71.2835	45.0413
143.0016	5.6925	245.0374
75.2857	81.7726	157.2752
94.9493	161.4091	459.4459
1.4152	45.1880	453.6008
161.7087	134.0170	256.1939
132.4012	150.9410	243.0823
40.4943	22.7415	337.3930
140.1648	160.1157	129.7603
11.8689	50.5919	358.6209
38.4957	88.0102	268.9201
146.6614	22.5474	68.1754
48.9973	49.5581	53.0430
6.3673	51.7268	103.6503
63.7810	91.1714	127.5247
151.4026	150.8157	354.9180
141.4600	116.1735	73.3681
79.9889	119.7176	220.4622
160.1085	68.9848	224.0172
63.9377	14.2758	225.4494
52.4364	176.9531	313.5397
106.1442	164.8091	401.3378
22.3140	105.4393	51.8054
31.0988	72.4556	169.9189
6.4933	152.4234	369.1888
174.2553	185.1896	188.4310
50.4715	7.2788	179.0136
1.9713	106.1401	459.3815
15.9736	170.0012	109.9284
183.1655	4.0737	10.3760
29.5077	175.7111	296.5529
161.8104	26.9398	426.3283
139.2714	54.3736	354.2841
163.1991	141.5977	41.9990
50.2106	37.2207	55.1875
188.2052	60.5181	463.2269
14.8600	175.1593	115.0606
11.8990	148.1537	60.8457
130.1612	15.0734	330.8330
35.4397	177.8657	138.7109
53.4572	19.0944	136.6273
26.6174	172.2334	268.7327
167.4589	31.1605	439.1714
74.2096	153.3128	434.5669
44.3163	-101.9275	658.7200
101.0683	68.5148	234.3148
181.5971	141.1315	233.2234
133.8380	135.1090	164.3017
189.0428	3.3831	138.8852
184.4394	45.6386	43.4357
38.2528	101.2088	299.7371
150.1368	49.0106	451.2679
39.6149	77.1136	190.5348
124.8668	53.2997	44.0903
5.4626	122.9607	48.9231
13.4489	175.6920	1.9659
143.3289	126.2788	260.6480
45.4323	90.4587	308.8635
125.0328	112.8174	224.0734
173.1588	12.4714	167.5712
102.5013	187.2261	36.4118
105.2403	186.6303	26.0139
62.4262	64.5965	422.2809
170.4895	77.3274	258.2378
131.7895	12.7067	433.2497
157.9709	85.9492	249.6239
8.8152	163.9638	71.0148
98.3246	88.4449	410.8174
8.6045	164.2552	124.4285
95.9168	56.8941	64.6801
113.4627	111.7149	162.5188
169.6974	136.5623	253.3932
135.0528	44.1062	195.6403
110.6878	152.1172	28.2138
113.8838	119.4474	440.5476
123.2259	14.7378	15.0504
107.8926	165.0759	291.0063
11.7389	2.9918	410.4176
172.8018	125.1088	148.1360
51.8350	21.0261	262.6435
158.9462	160.4126	276.6740
8.7883	82.6619	470.6658
182.8043	86.6651	116.8098
145.8708	23.8297	111.1128
118.3587	87.0222	387.1846
179.9457	3.6054	343.8098
78.4659	29.8247	48.1633
112.6576	60.7177	240.6597
148.0215	109.2403	432.6343
125.5761	90.2740	383.4353
125.1776	185.0107	414.9381
153.9049	100.5216	318.1061
13.7111	9.3201	209.8421
115.0623	163.5684	257.7773
176.9729	183.4879	241.9233
76.8414	9.0624	468.5004
130.8769	117.9864	231.6850
139.1138	28.8952	311.4724
55.2564	142.1149	224.3356
174.7184	167.5801	210.0635
121.2273	86.5802	239.6818
0.7656	82.3763	432.4105
15.4430	15.0145	69.4490
68.8688	114.7873	119.9901
75.0718	141.8989	452.1915
34.8042	55.3860	293.7850
10.3518	15.0805	433.3636
58.0870	131.2662	267.3983
175.1503	178.7936	186.0984
117.8015	142.2726	238.7387
86.6631	131.8733	338.7016
154.2775	116.3911	286.8812
49.0233	77.2476	336.5513
185.2139	18.4999	22.7081
54.9754	138.5356	441.9171
100.7716	8.0296	376.9201
142.8459	140.8736	158.6052
168.9072	80.7299	25.5163
25.8625	101.3507	319.2742
166.0381	23.6538	36.7132
106.7019	75.1397	431.6679
114.1808	175.3406	443.9216
116.6692	85.2850	278.0248
164.5555	45.7998	160.5013
160.4333	105.2511	216.3802
166.5125	180.0497	438.7567
132.4210	178.5886	204.4675
144.1404	166.2753	307.8424
107.9122	132.4504	15.6831
41.4813	154.3601	79.6506
9.0431	109.7657	111.4432
149.9379	161.1550	187.2289
41.9573	26.3562	323.4049
47.6460	116.6324	239.3770
14.9733	185.3577	12.3537
27.6528	155.0815	312.9271
93.9767	15.1502	180.6637
3.5322	177.9795	392.2352
174.5053	16.0250	327.7875
140.8439	139.5151	378.7801
14.9881	174.1972	335.1451
55.8118	112.0252	444.6415
71.5622	109.2405	232.9321
76.8332	80.1256	332.2550
165.3699	184.9932	271.5337
179.8844	108.9654	64.1538
87.7795	136.8714	144.1344
145.0988	160.2800	128.6538
72.3628	153.1293	444.9416
62.0887	6.1607	242.5183
148.6386	41.7630	273.3507
93.4614	43.6846	45.9479
54.4325	14.2023	197.1607
134.1196	50.2393	150.7838
80.5851	171.4237	156.3438
5.4549	38.9217	368.0844
8.1253	125.2783	293.7484
98.5129	147.8050	315.0292
76.4578	84.0145	263.0520
2.1826	114.9219	253.8876
82.6129	12.6762	112.6261
101.8213	119.6702	290.0575
12.5496	44.7945	48.2245
36.8268	146.0773	71.1852
70.2782	157.1349	49.0871
170.3460	159.5978	350.8799
157.2334	133.1694	120.8055
135.7684	101.8285	132.8026
122.0184	24.9402	311.4998
157.0759	135.2648	223.6012
158.0698	19.2747	104.1352
184.4989	81.9387	249.7163
37.8658	33.2474	13.4628
7.3248	79.1570	447.7587
174.5044	141.0255	18.8508
70.0747	163.1647	21.0215
175.6692	146.4645	427.4368
119.3077	176.2512	42.7848
35.0689	180.1176	5.0003
9.9102	96.6486	134.1069
74.3168	40.6199	349.9113
82.7375	157.2682	49.2337
154.7323	82.2435	70.5880
151.3724	43.4791	116.9705
131.3266	8.7193	340.2367
26.4812	75.9198	9.9115
93.4217	163.0805	362.2393
7.5671	112.4010	328.2150
44.8791	106.6906	429.0840
135.1190	124.9477	358.7342
147.2295	182.0428	425.7222
112.8928	133.9006	349.3263
51.4998	99.2780	171.8214
35.1383	135.5919	427.9425
161.1247	37.1773	62.4033
123.8939	25.3976	162.1367
163.0806	184.2080	347.9795
182.6066	32.1333	244.6797
151.2979	27.1886	385.4206
150.3129	177.5926	24.2671
89.8926	66.5903	285.0503
95.3140	131.5800	429.9406
156.4039	103.9794	136.4782
137.9052	44.1564	43.1141
128.8956	172.7338	222.6109
150.9538	34.7660	444.0692
2.4865	44.0525	388.2570
39.2791	25.2313	70.4160
104.3216	77.6813	272.7594
0.8790	67.8243	76.7799
66.3331	44.0606	49.0421
78.9521	69.3941	221.4123
18.9784	128.7614	368.1510
159.1319	77.1407	435.1907
82.6387	97.3501	415.1884
89.8071	126.9348	108.0609
117.2751	24.7303	374.7365
92.1959	82.8634	232.0653
44.2823	27.3990	417.2485
181.1675	112.0116	450.8641
143.9671	150.4304	50.6799
80.2151	149.8274	262.0965
127.0711	23.1471	68.9709
38.2096	152.6163	67.0541
15.1731	165.5106	252.7595
82.0777	32.6267	233.9828
53.9694	61.8355	207.1792
185.1288	8.9805	366.9091
66.3875	21.7412	331.3450
3.8422	104.8620	212.4559
40.4243	60.9866	144.3121
79.0663	186.5541	39.1076
129.3029	175.0440	366.1538
116.9596	15.8422	264.7333
178.1268	44.9427	116.3763
165.6896	74.2931	370.9440
83.7168	87.7446	79.2775
145.3180	40.9752	98.0705
119.5256	186.8305	306.3348
16.4648	145.9400	345.4590
64.9665	66.1497	205.8449
10.6733	75.9554	187.4867
103.5615	83.9517	418.1258
181.5204	92.7760	102.4351
176.0823	176.2613	394.6619
69.5553	100.6383	258.7272
174.2409	69.4560	407.4927
81.6475	47.7407	433.5133
99.3524	153.6499	11.6284
142.8202	20.8387	81.1539
161.7325	115.6499	305.7789
102.2927	43.8998	436.9150
127.6472	72.0796	107.0848
80.2398	105.0443	189.1111
30.9031	38.6026	119.2880
155.7677	171.0462	171.1922
92.5731	30.2367	140.3109
154.5982	87.4318	253.5398
44.6982	31.5764	252.6561
61.0724	118.4821	104.3890
40.2529	106.9239	194.7867
24.6978	182.4659	152.6451
114.7949	1.7247	77.0961
126.3286	114.0145	375.3210
110.1105	42.7642	406.6786
61.1328	5.8943	214.9933
25.4435	40.6666	44.7464
82.1926	94.7624	127.1159
154.7397	9.5093	8.7309
10.0495	66.0847	219.2366
137.2510	127.6110	328.5412
83.7937	51.8681	330.4014
133.6238	44.1721	147.2137
72.5109	63.2393	95.6195
57.4512	130.4639	263.1190
115.2699	187.7079	358.1481
157.2223	15.3503	269.8476
79.7187	187.2030	108.1753
77.9761	82.7960	164.4711
157.7880	103.9548	85.2058
143.4734	170.6271	109.5444
122.7512	20.1439	73.6106
136.8034	187.7473	78.3960
139.8987	76.8447	200.1512
186.0094	112.4107	333.6876
47.7168	83.5269	89.4124
44.6124	171.8886	246.7393
25.5145	44.2257	151.6049
38.1886	14.4477	443.7762
161.2638	44.9657	236.7305
109.5760	170.6357	430.9241
178.7709	187.8878	28.7905
185.0926	118.4120	306.4414
31.4542	23.7490	7.1102
140.6327	90.9468	129.6868
171.7538	57.8929	225.7558
31.3612	145.7409	394.8019
3.0333	70.6996	82.6514
11.1570	113.2569	344.5440
101.1330	64.3731	424.6098
124.4250	164.2005	314.6999
62.7891	133.5972	215.1579
159.1194	156.8711	135.2644
146.4776	171.1958	324.6317
152.2434	69.0908	360.9009
153.1798	59.0922	148.5344
75.6584	153.8073	16.7953
2.7772	46.6379	90.6976
132.7979	73.2912	159.7977
13.2873	57.3898	213.2844
17.7239	6.7111	28.7284
86.5033	53.0106	312.8968
89.3644	86.4576	81.1342
144.8826	66.6236	40.3142
163.1459	76.3000	141.7659
120.7036	84.3380	118.7427
43.8775	65.4062	324.4937
47.8946	159.9445	172.6678
68.7961	58.0284	443.5833
60.7563	76.9133	233.1475
128.1490	77.0785	162.7946
42.4392	62.4762	74.3829
82.6367	183.5555	207.7387
7.0413	109.7632	138.2448
88.5020	84.2534	248.5865
112.9383	64.8231	294.9615
120.9247	160.2805	23.5768
137.9675	46.9869	462.9563
17.8943	23.2367	383.7850
133.7919	185.7831	283.9111
175.0533	132.8265	231.3338
78.1041	50.7279	171.3126
132.7402	75.8146	365.2778
36.3168	128.7868	76.2770
76.0458	81.3168	189.1856
149.4057	40.8303	448.5980
116.6554	4.5780	214.9177
186.6281	48.9664	188.8509
94.6072	177.9489	99.8198
36.2118	135.4162	158.0059
70.2280	90.0982	152.0540
20.5828	37.7958	48.2053
5.7561	68.8509	266.5655
69.6100	108.7399	437.0211
40.6392	7.8924	273.3499
155.0352	102.9114	278.4399
184.3472	21.6999	432.0235
111.3271	115.3057	434.6056
105.8107	37.4258	209.0684
0.5414	106.3258	167.5542
38.7748	73.1194	199.4264
171.6662	89.9196	268.3071
152.7730	181.3047	440.9544
61.7375	98.5114	321.6731
166.9533	175.9506	417.5436
126.9105	15.6223	23.0319
170.0711	103.8615	107.2898
136.2942	186.3283	33.1546
130.3349	87.8217	81.2335
141.6788	45.0375	129.2707
91.5740	116.0936	241.4432
76.3179	56.5299	359.3187
5.8019	4.1371	296.5576
15.0556	175.7861	302.9294
177.2102	142.7592	438.5078
75.7937	157.3525	130.0797
177.9529	65.3656	429.5254
170.9285	37.4249	332.9886
8.1970	60.0123	461.3940
87.4964	115.9091	252.7285
140.4214	168.8333	467.9370
75.0123	9.5883	124.0241
135.7790	176.6151	53.7594
69.4264	129.1186	455.4315
142.7872	55.9708	134.9355
96.8125	26.6190	315.3433
61.4324	24.8154	77.8776
12.4121	35.1496	117.0679
41.9230	163.8754	415.9834
81.6438	186.6970	284.4636
11.4382	116.5585	370.1917
178.6368	23.4630	97.1468
127.9482	36.2978	356.2018
86.7517	113.9302	407.3143
28.1096	131.9474	107.3533
61.2677	17.8650	225.9792
174.9582	60.6328	32.2661
72.2805	132.1772	160.0865
98.4098	14.2925	210.1452
156.6406	37.7461	425.3367
90.0734	148.4982	121.0575
17.5632	38.0718	36.1769
171.6789	100.4051	83.0672
7.3670	1.8795	385.4071
7.0030	84.1176	429.7607
104.7737	107.5062	403.4342
187.2378	19.0430	210.8244
4.0494	89.8303	104.5392
47.5051	67.8295	200.1213
8.1710	139.4346	406.4161
186.2087	99.9222	314.1772
183.0855	47.1007	125.8189
155.9387	11.2083	344.6915
48.0626	20.9663	291.3855
62.7464	104.6041	206.0357
91.3109	10.8861	140.4150
168.9030	45.6635	23.9063
111.7825	180.9722	211.8815
119.5692	134.8314	420.2844
170.2248	137.1886	215.2368
101.0922	98.1388	226.3845
63.1382	71.8472	96.5799
132.9331	145.3434	306.9580
33.8755	96.8763	308.4575
159.9041	127.1018	23.5299
63.6190	91.3893	114.7917
29.3615	148.2916	441.6520
119.1031	17.4437	11.4315
105.3618	5.9338	66.8529
167.6955	137.3166	158.8445
47.8437	164.1155	117.1960
175.8228	120.2367	56.0935
72.9311	169.6871	11.8466
91.8845	77.7944	198.4310
5.6212	21.2742	333.1894
92.2946	111.8799	417.5273
99.9513	166.4149	87.4065
60.8958	58.5894	446.2322
85.8515	89.0644	433.2340
100.5717	2.6491	155.7491
106.6729	94.3634	191.7800
74.8606	23.4930	145.8167
137.5723	1.1877	72.7021
15.5022	82.1331	262.3879
169.4670	120.4898	231.8095
96.9911	153.9103	370.9646
21.4127	76.9167	183.5826
21.7465	88.2454	100.4667
134.5891	5.7831	41.8009
120.9659	136.1696	227.0097
156.0988	139.6382	7.8681
0.6221	141.4543	161.8163
78.3170	54.7930	249.4809
156.1517	37.9039	179.5419
11.9856	66.9429	358.8880
107.4149	37.7871	66.9499
118.5664	122.0556	421.3132
183.4374	81.8159	209.1165
64.9795	103.6785	99.8591
121.4088	84.3099	290.5302
17.5131	84.6296	331.8847
88.9745	47.3007	401.5011
96.7830	171.2200	135.4811
14.3545	167.9572	437.1787
113.3193	111.3492	306.7116
170.6900	10.1572	346.6505
168.1987	157.1460	125.7388
123.3056	58.7259	36.3037
115.5656	1.2208	465.9093
159.6394	177.1927	141.8074
54.0877	188.6638	225.6768
184.0528	11.3116	244.5702
27.2350	93.8675	103.6707
54.5211	9.7886	179.6800
115.8134	174.5215	102.0568
165.1452	138.4864	228.8806
143.9791	134.5126	270.6407
96.8797	45.1203	105.1896
46.6023	34.0036	263.4989
160.6236	141.4360	24.0508
122.9122	1.1682	111.8308
177.2615	31.6698	412.3514
45.5063	43.9901	403.7610
49.0766	56.2406	39.4312
168.6547	56.9301	0.5643
41.7056	43.6362	83.3612
63.3483	38.7669	50.2598
16.5315	28.2623	185.8168
110.1912	19.2988	415.4469
51.6129	34.2063	417.7240
93.8472	71.8641	202.1000
20.0381	43.3419	37.0756
25.9587	126.1579	131.8297
185.0920	82.9674	282.4010
95.1527	133.4807	56.0737
66.0447	172.1953	208.6505
151.7765	164.3399	310.7591
163.8016	68.5181	365.7206
127.7975	183.2435	308.0593
17.1024	89.4175	463.2710
125.8402	20.1951	70.8581
1.8537	183.5948	51.3332
123.7073	104.1591	93.1701
155.6727	130.7893	61.3769
89.0652	40.5953	102.9337
135.8240	69.4984	435.9578
9.7911	81.2661	276.7419
63.3282	140.3919	142.2053
90.6025	173.4914	280.6193
25.2278	98.1006	305.1453
141.6649	185.5566	284.6333
188.2713	124.1633	330.3477
25.4496	131.2372	256.3204
133.4602	119.7052	463.6305
167.0303	9.7487	347.9728
107.0624	119.4795	26.5874
60.7154	187.2763	218.0563
181.2932	182.1968	380.8372
153.2829	95.6241	265.1199
135.1686	158.0318	456.9223
2.9259	32.9766	223.9282
67.4480	144.7309	308.4100
166.7969	115.3745	317.9933
114.1204	169.6703	18.4176
64.7797	3.1357	420.5801
85.0671	17.5485	284.7450
22.0528	150.2155	228.0789
9.5239	81.0478	453.5099
51.1003	63.2606	70.0041
188.8553	89.6503	220.6375
150.9200	182.8672	98.8238
50.0825	37.3880	457.0586
74.4533	118.7339	313.7719
154.2662	19.9520	421.5320
99.5876	43.6560	180.2494
172.0584	139.7159	122.1277
52.5584	161.6785	445.5718
3.4213	40.7740	133.7225
70.0032	98.5949	267.7926
44.6794	77.5681	283.8769
19.6586	2.4762	225.3118
30.6609	62.5902	18.9677
54.1646	98.7402	208.2666
131.0205	34.1398	37.0815
31.7054	126.6083	101.2758
44.7326	48.5393	384.4798
129.4110	165.4085	258.5824
119.9021	74.6351	347.2691
21.6590	9.5893	98.4644
180.9099	73.2879	248.1212
19.3555	74.8599	379.1877
168.4734	25.8264	230.1117
134.7991	86.9730	185.7688
70.5300	1.5938	318.1967
53.0314	185.5416	365.8348
50.6226	133.6342	467.5439
131.4383	139.4745	344.4115
94.2569	40.0543	55.6250
49.8023	131.9628	437.5774
35.1405	23.1866	468.1320
143.1782	174.5816	87.6348
142.1641	152.0453	364.7871
19.8027	141.8791	42.3273
106.5160	140.9972	218.5785
140.4774	171.5454	122.2172
151.5309	114.8422	365.1545
145.5604	57.8605	443.0894
11.5329	187.4714	388.5651
152.2105	29.8335	404.0470
104.0484	178.2615	447.0224
187.1547	127.5895	238.9940
160.4241	162.2534	397.4033
79.0204	177.3906	112.6742
168.1180	94.5564	384.2052
76.9171	171.0594	207.7207
22.8642	139.6012	72.1017
58.2677	146.9188	168.6703
175.1411	71.3166	410.2508
103.4753	122.2785	243.0215
134.5988	131.7984	134.2251
88.9162	112.6953	134.9366
161.5711	69.3533	36.2525
18.1229	113.3040	428.3436
116.7813	187.5563	128.7670
54.3947	168.3181	144.9198
113.4751	129.2825	409.6671
177.2558	24.0564	0.0183
12.4501	109.7472	55.6121
166.8186	54.8932	421.1609
141.7299	92.7297	288.7714
53.5340	143.9542	0.2233
41.4398	15.4792	431.1867
144.2690	43.7871	129.3518
14.1978	142.7536	276.1946
112.7867	63.0962	260.7720
90.6153	103.5605	219.8834
118.1725	62.2904	16.7549
83.1660	127.3475	65.7333
8.3533	36.7926	294.0708
113.9598	35.6302	101.2207
133.1043	121.7087	191.8455
186.1123	153.5185	278.4323
81.6789	55.1377	257.2824
48.0093	219.3657	351.4400
138.2216	28.7477	163.5760
99.7872	8.3045	305.3982
44.7810	72.0446	192.0985
120.2326	2.3779	37.4513
66.8248	92.4497	282.0092
145.6792	135.3073	186.4640
77.7109	24.1423	134.6621
145.2271	5.4485	227.1177
125.3076	124.6140	127.5799
4.0764	94.7574	246.8215
161.7254	42.4350	237.9146
166.2686	103.1481	27.5017
103.3215	164.8890	64.1729
65.3635	124.8418	268.8839
34.3235	183.5644	214.4011
14.7632	28.0339	241.9246
186.8365	149.6244	24.7653
130.9115	106.6158	249.1840
145.0450	170.8500	187.2104
46.3766	80.5166	262.4865
1.5728	98.4709	363.4312
65.3791	186.0671	164.0303
170.0433	89.5182	283.0543
99.1774	60.0133	337.5725
87.2482	77.2114	369.9620
73.8206	132.9662	352.7527
167.1375	41.6209	214.0056
165.1040	171.2997	465.5989
70.4432	67.9385	63.8136
180.4212	135.3653	66.9357
52.6618	160.6247	212.2882
84.3192	76.9509	242.5178
20.7774	103.5666	324.7389
10.0424	15.1716	243.4531
45.7721	124.6695	96.1722
110.5828	34.7945	101.1995
96.3456	83.0137	19.5964
143.0500	158.9861	377.3521
137.4280	176.9686	191.9352
168.1863	24.1096	204.1980
29.1712	171.5070	270.3748
148.0877	137.5775	83.3254
62.8152	148.3035	354.8120
163.6807	89.3228	51.2632
54.3928	24.4850	210.2792
176.0888	35.5630	141.7340
136.6755	176.9986	453.1323
78.0004	113.6767	18.2275
65.5873	112.9792	90.0735
1.1267	50.3718	48.6369
22.7883	63.0906	196.6483
53.5802	14.9580	422.7635
4.9710	61.9861	469.1435
47.3858	181.1709	77.8322
5.8201	70.3198	59.4024
69.2996	167.1435	33.2381
142.4728	170.2558	135.2260
83.0001	44.6023	408.7592
56.3387	153.3629	1.7973
125.6850	81.6824	426.2818
182.3521	120.2635	137.2347
175.3800	170.5428	170.4944
28.9566	127.7430	339.0185
182.7677	153.6254	415.9203
42.2829	56.1198	350.0868
108.6233	159.4370	395.1980
175.2708	58.3534	63.6293
141.3829	8.5557	291.6487
124.3029	11.8127	87.5007
157.8778	135.8107	99.8272
43.4210	170.3074	418.8618
34.2018	146.2970	354.1747
104.4626	60.9565	43.9478
30.8227	34.8016	13.8623
25.1367	119.1107	426.8346
40.8204	136.2072	157.3197
101.0314	160.9521	444.4510
163.5602	46.7309	85.3310
142.6432	164.9122	332.7759
152.5370	75.5174	189.4643
120.0233	184.6671	204.2681
173.5586	122.9489	6.8688
95.2605	140.9528	331.3211
91.4358	173.6161	291.9414
160.4422	165.9591	142.9930
102.4383	75.9673	207.8318
35.5392	25.6278	131.4400
70.9322	134.6826	102.2627
9.7818	62.5779	206.7648
66.3099	166.5237	293.8641
52.1440	15.7005	57.0119
19.4014	28.3087	118.4665
158.0661	182.9006	430.6274
40.9096	20.7523	328.9295
56.3725	161.1933	361.4251
31.2266	53.9040	140.3646
105.3607	160.6237	371.4664
78.2478	155.1186	416.8208
71.9952	11.9808	416.2632
56.6711	167.6603	326.1610
2.1345	135.3099	339.8475
49.3757	166.1536	17.5679
159.2595	159.6143	169.1875
139.8145	26.8025	357.4381
108.8901	52.4849	33.1724
99.5919	142.8704	444.3525
122.5455	4.6537	121.0687
179.7409	146.0203	93.3497
114.7211	99.0254	445.5754
179.9240	14.3508	172.4766
52.3155	128.4441	120.7433
46.1853	96.7394	389.3932
131.4842	30.9660	168.7636
86.9405	42.1455	30.3792
26.2516	53.9011	81.0490
48.3663	187.2455	384.3966
111.1533	59.4478	45.8626
10.8255	48.9151	367.8563
73.8998	181.1852	311.1000
92.6937	151.4162	325.1147
78.8666	131.7260	328.1104
26.5760	140.9141	431.7081
58.7306	49.1286	83.2641
44.2809	87.7503	2.5951
184.5865	142.9053	227.7341
16.9098	87.0551	309.2165
179.0476	37.8160	98.7388
33.4623	126.5807	246.8117
31.6116	186.2274	145.4657
142.8222	125.9377	185.6795
29.2365	184.3801	223.2802
167.1344	140.1870	347.2019
148.9400	142.2335	211.4122
111.8574	38.9080	374.7067
144.3304	23.0727	192.5407
133.4478	178.9525	292.1741
97.0765	135.8750	87.5744
102.3088	153.0598	20.3731
131.6333	157.4168	364.3414
135.3744	116.9783	34.1631
49.8502	185.8420	198.2879
143.1617	181.0173	385.4620
92.3454	14.6506	295.9248
153.4550	106.8602	197.3412
106.3848	45.7462	428.5986
133.3496	93.6984	230.2636
108.6360	114.1296	232.4509
165.6130	131.4652	270.4222
110.3377	43.7911	276.0335
37.9237	43.9411	312.7934
6.9856	44.4532	319.3027
86.1542	12.7339	280.2624
181.0456	122.0774	397.2933
90.3184	22.0442	195.9395
88.4095	24.1900	360.9851
146.9632	120.4238	468.6056
15.8248	43.3874	189.8682
24.4824	64.9453	18.6501
132.2062	56.8615	398.0345
97.9493	160.8675	466.1439
11.6976	48.6566	239.2946
126.4817	76.2411	126.8944
181.6671	127.9546	101.3619
6.9358	181.5768	169.8626
6.7722	131.1943	297.4051
66.1412	9.7477	132.4968
44.5355	69.9521	321.9580
95.2227	24.7513	469.1009
89.5227	138.5790	95.1036
67.1295	138.4617	250.3401
116.8763	42.0767	127.8726
16.5173	25.0149	304.5831
130.0466	35.2754	111.5542
20.3330	110.7546	278.6887
80.4001	139.2666	49.0221
96.2446	166.3713	436.8931
111.0376	55.0763	252.4704
7.6523	39.5195	126.2293
97.7175	156.4283	78.1242
145.9363	100.1918	71.7419
47.6628	11.9810	16.3636
113.5074	36.4050	257.6227
1.1309	68.2719	447.2254
65.7410	61.9516	396.8213
41.8603	155.1304	304.3077
183.8502	63.5412	151.0103
167.6618	175.2679	85.8529
86.4493	116.2383	105.4937
94.9531	109.2468	344.2588
72.5765	17.5650	266.6048
172.5727	35.1018	390.5112
27.4378	63.4043	90.3499
152.4828	46.5643	287.1524
9.4638	10.8803	331.6549
9.1770	21.8453	449.2625
71.8450	120.6838	319.1262
122.9431	9.0089	217.0946
15.3658	180.0064	374.8753
150.5294	131.4186	64.4481
7.4610	23.7678	444.8771
151.3347	115.8446	27.5167
78.8221	64.7855	236.3187
86.4532	35.7270	115.3815
67.6639	52.4082	345.1069
20.7123	39.3234	187.1156
147.2109	157.3750	85.9352
4.2371	108.8508	113.3023
51.6380	167.8086	459.9209
122.7696	14.6737	216.0215
79.0172	3.8521	360.0754
184.3032	88.0589	405.3788
165.9421	62.1760	52.5008
104.1519	98.6028	263.1736
150.3369	156.5147	368.2796
112.2657	37.1706	131.0424
119.7720	54.0215	216.8306
109.7481	37.6663	82.8876
149.9106	115.7107	453.9577
112.9397	165.1036	16.0375
51.1449	158.1761	155.8345
23.0208	72.4107	160.9989
187.8193	102.5692	318.7194
113.1924	2.4701	211.6466
126.9546	70.0095	79.5284
52.1440	15.7005	57.0119
148.2155	172.9994	145.0755
79.0636	49.2027	447.3918
73.4603	16.2000	93.5202
177.1152	139.4207	316.5238
59.7435	144.4366	441.8011
142.4380	175.5483	301.7201
28.2207	98.8645	81.6974
7.4326	141.4178	408.4505
27.7458	65.0722	107.5194
182.3609	18.2427	98.8512
21.8466	72.5170	158.2733
57.5173	174.0500	108.1574
127.1520	184.8245	301.5210
79.9639	88.0558	456.6755
163.0340	130.1528	238.8068
133.0100	149.4939	40.3937
107.5670	106.6942	244.5327
97.4146	7.9634	380.3891
135.4261	133.3381	250.7557
12.9715	180.6976	353.4985
24.3822	104.3966	109.8396
118.2501	77.0938	207.9280
55.4480	0.9635	267.9780
169.7860	101.5668	319.4969
96.3564	58.7385	82.4632
164.1409	149.6125	98.5716
104.3470	149.2750	357.6760
22.5493	37.2205	111.6408
125.9161	79.9234	122.0245
169.6085	159.8042	157.3563
61.8653	170.7863	126.2941
152.1614	14.6102	23.3134
180.6117	112.9052	456.8690
147.7958	138.5251	438.7018
135.8499	182.7207	225.7555
105.9154	142.3188	202.0703
110.2574	187.3127	333.2495
142.9580	10.2572	52.3121
111.6533	15.4470	401.5909
111.6714	157.1411	380.8554
31.7700	135.0449	405.0499
91.4658	131.1266	232.5016
179.6802	81.9590	287.1529
150.4151	80.6539	369.2043
86.2168	120.7223	375.5884
83.5139	142.5765	66.5848
53.0553	159.2380	11.0387
120.2843	38.8113	300.2703
105.6126	187.7105	377.8927
42.5471	77.6764	240.0671
36.7703	37.5227	195.9401
54.2566	75.0208	189.0270
110.8400	161.7585	130.3535
31.5104	71.9937	104.9031
113.9208	83.2049	76.3079
174.9404	128.8669	124.2316
98.7173	60.7753	363.3056
113.2044	105.6859	382.9550
9.3050	182.1201	239.3936
25.8976	94.3799	36.9045
60.6034	51.0665	140.2749
60.6314	36.3785	223.6804
56.8283	74.2041	276.1792
42.1989	1.1399	202.4317
35.4423	108.9143	41.8987
175.8525	7.1430	287.5335
109.2652	178.3138	461.3852
148.1260	128.5729	193.7920
115.2752	20.0538	14.1860
22.0358	116.5314	362.8787
130.2421	8.8665	135.8309
149.6732	147.6047	110.6559
43.9773	170.8578	2.3520
52.8703	10.3554	353.6805
12.9486	55.0645	350.6708
124.9824	151.1620	41.5975
90.7208	39.0338	369.7809
114.8075	27.4266	268.9449
164.7267	74.6469	264.1089
75.9585	150.4600	16.9233
67.1526	123.5362	377.9142
1.3801	181.7504	165.4923
97.0725	111.3938	168.6271
14.4208	67.6792	55.7546
170.9684	29.2119	225.0244
4.9477	0.6030	210.5789
153.2862	56.8839	252.2857
118.5110	112.6305	371.7055
72.2839	180.3749	204.5009
23.8284	95.4507	116.2056
170.5180	51.8089	82.0821
142.2494	87.4246	143.7000
27.5581	139.5001	15.3083
63.7596	131.7290	168.5793
47.8624	167.0802	2.3672
155.3196	55.7197	106.4925
20.9404	143.3885	424.3123
50.4690	21.9072	59.9503
25.8796	137.5265	377.4314
48.1451	170.8514	316.7505
32.5754	5.3433	90.0225
91.0649	174.1048	367.6767
147.4908	67.2139	360.9792
49.3928	108.9945	273.1940
92.7864	19.9151	386.9045
74.7593	57.3718	173.9691
134.5815	129.5223	240.7682
26.7342	27.1036	196.8518
25.9382	15.5132	84.8854
29.7135	150.7533	132.0339
67.6775	73.1239	186.0153
161.9559	4.9683	286.3749
32.0186	123.1838	395.1793
45.6107	17.6423	189.1001
9.7491	68.5752	79.5412
105.6040	121.4581	224.3255
4.0658	162.2450	147.2779
113.1191	181.6155	7.4946
96.6824	128.0889	87.7907
133.5970	52.0577	44.2373
172.0856	131.9510	251.6453
162.0247	97.6732	132.9623
57.6749	79.4312	161.8518
164.1217	145.4165	257.3184
84.6997	3.0778	188.4809
43.8175	9.6789	292.3032
40.0254	115.7212	137.0251
163.3227	18.0699	161.9467
28.6935	34.5644	280.9704
182.9128	160.6494	199.8320
85.8335	162.0468	434.2183
171.3678	77.6687	28.1953
147.2179	11.2709	91.8330
116.5725	116.5744	455.8641
159.9763	55.3740	397.1230
120.2777	120.9657	249.7733
5.2665	173.7225	359.1486
132.7169	117.6990	214.1308
29.5030	134.1866	162.3434
88.4716	105.7243	341.2079
26.3993	183.3614	47.0992
132.8815	188.1310	132.4829
124.6213	130.4386	118.0093
16.2023	147.3803	357.2511
88.0304	165.8812	236.4062
179.3019	111.5633	42.0996
120.6302	27.8240	161.9226
95.0390	28.8411	323.4525
3.2539	139.5959	211.4825
90.9270	36.1038	455.1802
34.3713	132.2356	368.6197
167.1205	175.1833	280.6143
107.1884	133.3981	140.8613
31.2981	1.6844	205.4381
99.5516	163.0899	399.2975
156.6847	171.0529	79.9190
56.3169	74.5949	442.1891
41.2433	122.9389	137.5604
1.7898	6.6843	109.4971
2.4813	168.8614	5.6024
94.7855	122.3247	16.8326
31.8513	154.7920	457.6826
95.0864	37.6551	378.4769
19.1716	35.1449	33.3706
91.3091	58.6701	362.9367
100.1088	162.8171	126.9529
145.5782	184.1237	171.6449
179.9235	151.1596	446.5353
70.6620	126.3224	142.8093
184.8484	20.3299	271.2713
67.3179	167.4766	308.7023
130.6289	50.4150	124.5585
183.4805	14.3763	239.9640
124.6160	33.8147	267.1570
3.2368	150.7459	298.4587
54.0161	58.2369	31.1526
33.4135	23.6516	354.4073
99.8344	139.9493	310.1058
164.1907	35.8466	446.5491
44.8181	167.6299	219.9756
171.0931	99.4348	302.7405
89.7150	137.5819	193.0102
95.2141	64.9911	285.9233
10.8645	144.5257	422.8462
163.0624	23.4950	59.2705
53.0462	13.4279	13.9371
86.2456	128.4361	139.5699
168.0089	132.9498	72.5266
18.5536	57.4914	293.3964
113.0003	156.7497	322.8536
113.3854	131.0475	333.3141
75.7644	149.8172	211.7207
85.4150	23.3020	408.6968
167.7808	51.9407	176.1477
153.6485	56.2157	262.0802
161.7410	169.2004	444.9551
176.2233	134.9198	125.4477
67.1129	163.8339	302.9220
175.1722	28.1442	247.2406
19.4258	115.1384	304.7000
7.4298	117.1222	159.9168
95.1306	29.4860	468.2703
179.0433	96.9660	396.1542
59.1509	172.9458	462.3663
47.7769	174.0032	182.5886
125.4263	108.4352	147.8157
150.1580	23.3738	13.6971
93.8915	144.9286	93.7267
79.5015	55.0154	374.5167
113.6195	89.4248	378.6354
99.3348	139.3249	251.3707
20.8656	99.3072	205.4191
169.6517	6.4392	462.5674
60.4734	111.8205	410.9926
10.8578	159.5858	447.3647
4.2746	108.1000	386.4838
85.5759	123.9385	435.3530
165.7721	110.8043	311.5514
14.5188	97.5432	185.2544
82.9285	141.0747	149.7424
130.8731	29.3685	165.8900
137.1778	21.1325	173.8086
152.1790	155.4878	208.9947
119.5954	139.0948	396.3062
6.6649	125.3648	193.8156
3.9347	88.2340	56.7695
53.2396	39.9699	429.5861
107.8954	173.4106	40.6581
109.4446	157.1248	450.5698
157.0801	55.9971	418.4052
6.8470	29.3095	251.8095
109.5724	155.9996	126.6015
5.5398	112.0755	295.8300
36.1305	113.7366	171.8546
48.0295	98.3896	335.6560
41.5215	45.3880	368.1398
39.2949	78.7766	202.6874
8.1345	66.8512	171.8091
80.6184	114.6225	400.6200
32.5016	141.9110	431.9737
15.0111	30.7298	51.0712
148.0961	130.3101	181.5785
170.6901	98.6043	187.5791
151.5295	140.5805	250.3084
182.2865	30.2952	115.1071
167.2050	41.0691	98.4311
5.4012	69.1472	395.3216
180.3887	160.3130	256.4916
133.2763	180.2053	187.5360
61.1223	117.9068	149.1044
0.2255	87.2553	404.7766
186.1703	42.7848	324.0802
13.0224	26.4322	331.1752
3.3257	158.6283	276.5809
68.1205	7.0412	47.3558
170.2863	180.0870	33.6915
47.6486	68.8848	367.5298
31.4250	50.2586	133.6076
183.9820	114.3132	426.2766
132.0172	72.3508	270.8587
165.0498	156.2409	301.3306
59.7734	21.4360	77.7623
31.1050	56.1901	337.3278
177.0947	10.4567	78.5262
11.8447	117.2715	263.8122
104.6355	30.1324	414.9855
77.1824	177.8513	325.9426
51.3962	158.7516	146.1774
108.8096	151.3130	201.3725
23.9562	173.0887	186.7052
52.1240	25.2995	162.5939
1.4944	106.8866	430.6706
144.5130	109.1331	36.9666
112.1670	114.2737	0.1137
29.8733	20.5129	468.0359
152.0613	137.4377	156.0501
186.8788	39.0392	203.3190
178.4293	113.2912	45.0851
161.2990	110.0011	355.3515
150.6563	138.8684	325.6159
63.9043	5.2713	450.9432
96.3950	30.1467	115.1113
170.3451	111.6424	205.3877
108.2885	101.9089	433.7264
44.8742	55.5766	45.2428
177.5384	24.6094	202.4266
63.7134	14.8319	66.5879
167.4495	114.0825	419.3639
67.2629	84.8290	219.2995
22.7892	6.3755	366.6839
132.5348	52.8114	36.3141
112.0584	157.9237	111.8485
86.3940	60.8322	436.0010
135.0819	28.9467	24.9332
129.1376	173.5592	429.6944
84.0229	181.8999	103.3530
111.0011	187.2346	408.7805
90.1516	66.0267	427.5948
50.4961	186.0526	150.4233
99.3859	152.5734	270.0249
173.0025	160.9937	426.9168
3.0542	145.9475	169.0015
115.2033	68.3254	240.7987
5.8012	178.6191	355.4728
159.7116	66.7058	227.6531
60.8633	78.5829	388.9131
68.5771	155.1120	409.0532
140.7114	146.2925	374.1771
70.6238	170.5195	459.1088
9.7035	186.6708	62.4162
171.2564	170.8640	273.3389
25.7095	75.3433	237.7583
96.4502	16.7543	125.8036
83.3489	122.5767	65.4584
41.4796	58.4038	320.5371
123.5129	109.0822	42.9642
82.5397	45.8095	221.4665
5.1572	53.9862	274.1603
104.3086	165.1382	320.4114
43.9097	40.7778	186.2427
93.4875	188.5402	237.1358
0.2830	156.9821	81.5538
145.4995	33.4463	441.4853
18.3731	172.0982	181.2717
163.5673	113.1396	453.9285
98.9782	170.6982	245.0833
2.3141	16.1106	91.7827
152.7372	103.6788	287.0476
12.1920	87.2830	141.4633
83.0115	183.2180	285.5659
118.3295	30.0733	306.2599
22.0183	166.4640	388.8911
120.8361	115.3280	306.2522
1.7159	159.0782	124.3229
63.2082	8.2766	68.8735
143.6854	142.5492	240.3237
11.9919	182.1568	212.8072
61.5216	27.4091	455.8395
173.9260	181.0792	0.7606
6.4589	45.7887	249.0449
158.9349	18.6254	115.2885
83.8803	183.7670	69.9761
65.1516	23.3136	463.9887
63.3876	55.0668	1.5068
35.2536	175.5409	71.5355
114.4138	146.7304	320.3066
124.7964	177.0986	147.5607
40.0595	13.1480	386.9367
20.2591	90.5081	465.3449
130.4530	106.7841	367.0379
85.9238	38.4027	55.4721
79.0883	60.2545	122.3213
166.7981	73.0147	218.0193
45.4862	35.2830	43.4980
131.6746	130.4000	344.8128
89.9138	176.7436	84.8839
186.7367	151.6348	104.4289
29.6143	6.0393	120.5383
48.8860	32.4426	403.3021
28.6757	187.7635	250.4909
140.3220	31.8612	185.9518
62.7017	11.1768	352.6484
124.5140	121.0320	329.7616
56.7504	129.8380	151.6664
40.9264	21.1578	321.0194
88.9228	18.5899	129.7177
161.7438	18.9717	367.2579
147.2277	91.7628	136.8262
116.6014	181.3600	429.8439
49.5115	173.5537	427.6152
142.5768	1.6859	181.6543
125.7242	110.8769	251.4142
168.1409	24.0348	379.2760
31.9122	157.6269	127.5281
183.2720	112.8534	251.4860
3.1679	103.1327	349.8762
180.9592	154.3922	173.1571
187.6005	113.2544	121.8134
103.8508	123.5700	234.0555
139.0747	131.0776	383.7530
60.2262	139.9552	455.3364
181.3173	71.3713	49.5175
57.5796	162.1948	75.2191
25.5460	167.5524	70.3750
19.1852	9.2020	23.4737
61.9370	115.8871	43.3766
59.0429	121.0043	4.2938
63.2883	144.8280	332.3712
60.3344	144.6975	80.5437
170.9795	121.2477	19.9648
169.8542	94.7312	386.9272
27.6628	130.7349	187.8776
137.9521	58.1042	331.2260
5.8816	49.7127	309.7079
127.9637	62.9666	139.0395
26.9874	178.9789	261.5074
136.0208	91.9538	1.6714
135.0483	13.7574	272.8987
110.1937	47.7465	233.6174
155.4338	106.2149	330.0008
27.9818	77.9435	264.2421
131.1050	166.7069	414.2970
29.8176	48.2200	129.6731
70.1477	148.4955	229.9380
47.3936	133.8675	113.0425
9.5421	76.1120	387.8663
4.2258	81.7968	406.2732
12.1621	166.8971	162.1502
170.4853	154.6984	72.7325
139.0226	42.2127	15.3512
88.3588	102.9576	176.7313
101.3884	105.2605	434.9856
3.4410	58.7336	331.4738
8.4193	155.6846	311.6233
8.4816	42.5724	250.9269
181.3093	110.4040	101.4749
139.7819	6.9605	236.8731
187.5119	84.0254	31.1983
135.0611	43.2084	91.9686
40.6677	151.0705	418.2629
137.7896	10.6677	245.5451
121.6065	28.1065	307.0482
76.1634	26.0307	235.5721
135.5726	68.2296	85.2273
139.1535	178.5932	295.7017
58.9637	12.0975	231.0884
104.0414	166.6295	166.2877
105.4739	73.0257	470.4123
121.8623	15.4252	245.8820
14.3373	162.3102	215.4999
26.4254	175.9724	16.0315
176.8326	186.2672	396.5922
93.9382	115.6253	410.0270
139.6204	48.2828	269.8605
167.7336	56.6127	358.1862
108.2339	119.6787	386.7500
171.5182	46.4527	182.9819
158.9190	18.3787	108.4625
175.5357	36.9496	36.4768
79.6977	171.8980	123.8277
0.5600	52.1023	298.4517
38.6736	22.5452	270.1792
54.4788	15.8454	441.8883
21.5152	25.3681	67.0002
25.2506	28.9267	151.9830
182.2960	73.8371	318.9757
171.2170	88.8284	330.2351
79.3727	76.0748	341.1597
47.0875	151.1038	122.7811
32.1513	60.9380	77.4762
178.7901	86.7058	208.1523
141.1528	1.9864	44.3200
124.0962	51.2147	88.6230
105.0060	76.8882	204.1201
143.3532	186.5860	157.4611
94.3045	66.4776	57.0800
128.2981	174.4151	391.7868
50.5748	47.9436	411.0475
107.2885	74.0606	254.3491
90.0770	18.6447	201.4901
10.0539	86.2499	157.2858
154.1236	49.7659	422.4399
171.5400	152.4320	366.3305
163.6715	129.5003	340.4490
46.9135	172.1770	152.2443
65.7727	85.7333	399.9576
135.5268	29.9743	13.4032
40.9752	73.9357	409.9631
60.3641	29.3656	132.7019
29.5687	182.2118	204.9028
96.0902	137.6876	9.1595
40.3343	41.5641	400.3634
126.1213	97.1523	369.6565
91.5479	55.2132	50.5714
112.6355	28.9968	135.9362
75.9408	31.8623	89.9818
30.3273	65.1674	96.1691
138.3172	142.9942	410.8756
48.9979	167.6234	83.7328
116.6913	151.8580	409.2881
153.9336	89.5510	81.3829
32.0926	14.7254	231.3610
164.4374	162.5380	77.4508
5.7647	108.5412	373.8092
147.5046	71.5867	319.9343
24.9810	33.3165	73.0476
134.7264	0.3337	460.3242
173.3328	27.4217	322.3918
67.0315	85.9109	397.9289
142.8809	1.8608	281.7750
186.2174	103.0187	261.7903
90.8578	72.3227	403.7338
67.1610	122.6007	394.8654
129.7886	11.5510	300.8916
123.6144	134.3946	243.6976
135.0682	6.6035	388.3349
177.4404	136.9528	155.7356
44.1116	129.1297	39.9188
103.2907	40.2498	119.0881
137.9839	63.1278	347.0343
54.1549	92.5567	107.0439
136.8953	5.5748	72.6461
89.4760	104.4230	213.5312
0.2868	161.2549	225.9730
83.5965	43.4373	105.2909
48.8730	78.7772	18.0031
92.2280	105.7165	95.1658
149.4836	17.3888	127.6548
44.8667	98.6785	251.8775
47.2617	136.7427	214.8064
126.1679	83.3869	71.7577
60.8306	124.9278	108.5344
21.9024	80.3011	254.1845
92.1455	89.2553	153.6705
65.8906	104.7252	424.7523
78.1703	68.7439	42.9345
111.3697	143.9519	259.5321
6.2699	85.4718	313.2853
28.9748	16.2445	444.6923
63.8200	164.5645	388.4293
76.2967	93.4421	280.8852
75.9644	162.6336	219.7334
29.6277	182.2164	204.4613
177.0474	172.1209	37.2065
124.0289	35.2930	14.7297
2.4044	184.0629	240.5959
90.3473	128.1676	440.6547
110.2367	153.7660	225.0626
177.9125	147.7822	416.4240
185.3222	120.3644	354.4702
151.0122	172.4096	341.7836
136.3469	36.4010	129.4535
160.8876	132.7324	41.6660
14.1344	160.4815	146.2036
158.7603	63.4388	277.0991
45.2442	111.5196	121.1289
139.5205	42.7224	351.6546
107.4807	162.2113	78.9949
91.6303	68.5022	56.1888
87.6311	144.7116	409.0079
35.9219	8.9951	210.1295
164.8879	177.3460	44.5217
117.8566	48.6680	230.6629
41.5023	40.7091	81.4931
145.3518	161.5321	163.3239
133.1713	116.5084	87.4448
7.9496	160.8802	405.1787
97.8304	133.8471	76.4340
95.8237	34.8350	432.8065
154.4728	183.1363	442.9069
95.8262	35.2138	19.1316
110.0689	43.0045	419.6864
65.7313	92.5079	370.0209
22.4930	97.1144	216.6152
22.6014	118.3438	275.8545
168.8485	144.1700	112.6397
160.5579	58.1147	108.9287
151.0352	123.0970	85.2175
111.2308	149.7405	373.5728
44.6895	140.6385	33.6628
37.7154	94.7620	261.4535
79.2173	122.4276	103.1363
134.3538	0.5596	78.1199
154.8123	167.0933	396.1537
11.0074	34.3796	252.6551
33.2420	164.8286	285.7311
123.4053	26.9264	239.2089
150.2483	187.8918	68.3088
159.4231	65.4522	252.6346
176.1540	170.9489	401.2276
42.8988	0.0542	336.2734
49.6298	50.9240	395.2884
176.1951	129.4274	408.6253
135.9376	186.4536	147.1189
172.4126	93.6289	118.0444
162.5459	155.8241	295.9176
57.9590	158.8651	213.3421
158.8848	76.6954	178.8808
174.2226	118.1650	443.5189
153.4696	123.1304	142.9621
99.8691	22.0544	237.5155
22.4581	83.7815	41.2037
17.8232	111.4158	454.8199
67.6624	14.8734	376.0090
166.8023	186.0528	411.9970
151.4165	33.9052	194.8045
26.7756	53.9915	344.6570
22.9011	20.6169	82.3285
113.3941	96.1538	253.3006
128.2990	98.1256	189.6487
52.9541	44.6638	67.5727
96.5685	80.7175	378.4786
151.7062	139.2404	11.7983
43.4478	94.4129	365.5089
78.1959	65.1988	8.2743
33.8449	130.6194	318.8995
53.4613	140.6428	212.8701
124.5216	26.4448	189.8999
180.0438	111.6699	34.4226
170.8639	169.4994	116.1546
57.6089	183.1342	112.0196
123.0155	11.6208	194.9065
171.0111	136.3462	109.3936
124.9418	27.7848	315.3045
48.3124	158.8710	83.0896
179.0398	174.8558	430.3798
128.7142	56.1856	469.6518
89.2949	128.2089	63.1925
88.8984	122.8169	395.7369
4.5431	106.8766	90.5134
113.5766	40.2822	96.4736
168.7455	100.0710	388.0503
58.7985	36.0706	21.7721
14.4848	21.7864	52.1241
183.6143	147.1438	51.3270
43.5887	104.1792	88.8501
141.6119	156.9475	145.2718
115.4719	43.5411	239.5790
100.2259	168.6008	448.6662
118.7156	91.0710	97.7993
57.4272	9.1525	212.0803
58.1590	98.6979	202.1127
25.0083	96.2677	209.8730
109.0725	89.3076	302.9813
7.0095	46.0743	57.8063
186.3353	175.5864	79.9429
27.4452	182.6897	212.2275
37.6130	63.2605	119.4753
130.5345	144.9661	5.1364
120.2169	184.9290	189.9751
181.1864	186.5333	431.0569
67.5574	34.7371	49.7353
9.7709	137.2066	403.8380
73.2935	17.4522	363.7545
79.5122	34.4574	373.3273
110.9062	92.3613	147.1200
77.7181	134.7450	385.8753
113.5089	101.3259	397.1737
1.8606	109.8214	396.4122
57.6809	96.3441	399.9746
162.7605	54.3694	422.0572
82.6942	11.8527	122.1631
165.5809	136.9367	303.9087
33.1286	14.3648	234.8604
41.6882	111.6466	137.9130
27.6134	152.8663	28.3316
180.2566	67.6259	86.2140
10.4372	115.5568	434.6126
130.5466	57.3341	110.3980
95.3562	7.4334	252.5353
9.2203	63.5085	359.1276
72.4095	17.0791	284.0576
15.9036	150.2308	364.9932
97.1604	65.8157	260.4625
187.1789	144.6765	30.5362
100.0284	0.6421	290.1517
13.1135	152.4328	125.4994
31.1276	156.6688	159.4821
158.7776	134.8519	42.3021
88.1006	6.1391	309.5337
158.6262	109.2355	447.6813
131.7528	29.1359	176.6886
53.4004	39.3193	325.2879
172.9436	85.1953	268.0188
154.8270	105.6627	59.3134
6.3597	95.1490	257.2748
5.7668	146.5077	218.4852
42.7572	2.0972	340.8673
165.8312	129.4378	273.4445
169.8462	181.8700	136.6296
165.5122	109.7629	82.6503
167.5090	52.9108	59.0991
32.6647	178.1483	128.9888
128.0971	108.4197	342.4564
67.2387	43.3261	48.0700
147.2254	14.4770	431.3388
24.1213	174.8475	320.0287
100.0898	80.8161	318.9473
23.9132	163.3780	108.3382
93.8591	95.7031	85.5286
95.6953	113.0636	160.9379
148.9091	178.7795	319.3551
30.5014	27.2773	156.4690
7.5016	120.6182	434.8338
147.7357	5.5532	72.5522
6.6534	121.4730	213.3920
78.9314	40.5414	384.7039
53.3507	65.8229	149.2100
156.6733	30.7524	66.7407
166.5909	171.2312	351.9675
150.0140	162.7306	121.5753
164.5973	102.2233	76.5297
85.7702	91.1264	114.4430
55.3962	16.1108	358.4368
140.5016	147.6049	283.0828
139.4231	135.5209	59.7550
82.5358	145.6243	210.4235
121.1576	138.1376	340.3301
14.6375	94.3183	377.9904
141.8749	110.6002	148.7872
125.3087	167.9929	80.9311
122.7737	104.5958	96.2985
53.3479	88.6733	105.9048
144.6547	110.5075	280.6595
138.4134	41.3706	190.8505
66.3142	145.1455	458.2757
130.8678	114.6475	1.5801
132.8963	41.8653	148.5774
70.3406	6.0078	61.1195
81.1126	45.3953	327.6736
174.5239	21.0701	141.9009
48.4681	44.0801	331.6358
83.7364	33.7712	76.5122
57.4148	33.8170	388.9382
104.5558	150.6214	20.4517
63.3827	185.6800	26.5782
24.2560	109.6035	149.7674
118.9815	94.3277	82.7635
19.8106	181.5931	192.1857
142.2466	135.9752	380.5047
76.4413	144.3641	311.3144
133.8894	131.4909	449.3429
88.0368	185.2647	373.2750
72.9101	105.9292	70.5527
66.3847	35.1388	343.6198
154.4074	150.9242	110.0216
79.5815	20.0083	72.5752
124.8533	185.8449	302.6666
146.0973	1.1023	59.5461
78.8948	68.8782	203.4296
113.3389	101.5892	138.0270
78.0803	175.0321	347.6443
162.9081	179.6534	43.3064
185.5197	177.9729	454.0307
101.9772	126.9704	54.9004
136.7108	124.3698	311.1507
169.5306	37.5239	141.6085
47.9598	162.1902	74.5291
8.5103	183.2413	120.1605
110.2777	16.5723	419.0848
66.6790	151.7566	189.7625
165.3478	129.6237	96.6047
188.6327	132.9848	126.1498
44.7530	16.6215	241.7678
101.7327	0.5938	16.4966
74.5841	129.6171	331.3623
128.8175	86.0137	345.7677
58.9659	128.2020	415.5015
106.8957	48.3990	33.6480
169.5188	50.4789	258.2618
19.2927	129.2655	48.9251
36.4654	16.4152	351.8517
131.4636	100.1128	230.9677
146.1512	173.3992	12.5222
87.7865	181.7840	470.8543
109.6359	187.6469	186.2126
33.1845	168.6810	393.4953
159.8235	104.8574	301.3247
13.2422	93.9219	255.0115
9.6206	5.0334	90.7522
135.2715	85.8694	330.7504
53.4503	55.8938	12.1419
141.4510	3.4756	71.9516
177.7471	4.9196	329.2034
4.8015	46.4803	127.5495
172.0824	159.5096	294.7653
182.0956	60.5630	440.5416
27.2960	94.5422	399.5705
99.0681	27.1347	59.3802
100.1108	56.3991	414.0245
188.0039	169.5255	75.0078
59.7619	183.8436	273.3187
26.6760	72.7765	251.8887
152.5086	103.9358	91.5168
13.1664	43.9339	36.3785
110.1333	115.4046	321.5662
15.1333	22.2625	68.8983
55.7023	68.8718	160.3749
28.5410	38.4060	442.9982
85.0505	54.3652	221.4306
117.4786	70.0161	6.4473
106.1343	179.4643	239.7485
20.7868	105.8529	7.9641
130.7211	103.1456	317.0348
45.3076	34.2913	232.3993
14.9964	107.1395	186.4308
160.0750	159.9594	253.6278
133.1763	116.1382	27.0345
63.2611	45.8834	68.5795
89.6010	35.1741	190.5861
59.6888	48.4054	240.6114
53.8791	47.8756	120.9890
15.8309	93.2518	190.3212
96.4674	45.2863	59.5692
138.0094	88.0735	274.8886
31.6182	31.4862	105.3920
55.8472	26.5481	35.7349
164.1379	83.0721	315.7078
152.2490	180.2473	303.5206
30.5259	9.3825	259.2100
92.0994	152.5366	222.8710
165.7198	188.4552	323.8462
55.4379	26.6768	174.7379
76.3223	179.6140	116.8204
76.3255	26.6970	116.2568
142.2198	52.9443	240.6767
102.4496	82.1594	303.6500
16.6610	145.8030	389.0848
86.1076	67.7495	125.6742
76.1336	62.1607	361.6809
168.5767	23.7635	383.2770
81.6492	188.1498	44.2592
132.0478	80.2903	149.3847
169.4128	89.7402	231.7833
111.7705	164.8390	93.2782
153.1513	3.8701	404.3137
84.8002	102.7459	202.0002
58.3438	81.6827	324.9055
27.7925	126.7301	424.0400
133.7377	160.8683	466.2867
67.6400	70.2607	374.9303
166.1040	143.5202	103.2409
75.4816	174.4043	327.0345
73.3166	64.9774	255.8549
119.8191	30.5884	253.5197
76.8840	128.6903	329.7574
22.3351	154.3166	287.1292
184.7986	159.2504	234.6454
2.8766	17.9906	382.6032
70.7885	168.5182	268.9415
52.1980	158.4034	426.3959
41.9781	18.2278	122.3824
12.8695	91.2765	106.2100
154.3348	176.9888	287.4592
105.6002	138.0740	161.2278
1.0117	47.5846	82.4862
125.9911	115.5655	367.0656
115.5107	137.3082	383.6665
140.1883	181.3141	219.7842
146.7235	156.3303	366.1311
135.0959	158.8498	155.5195
3.1714	89.7098	365.7846
35.4880	137.2834	238.0242
7.2172	152.1969	100.0893
50.9502	186.5400	367.7159
25.5848	82.0778	219.1777
135.0941	7.1024	57.9274
57.6927	82.2600	313.4264
181.4153	27.6347	401.2071
83.4716	71.1908	414.2700
88.4513	158.3533	36.7288
158.3756	143.8630	284.3822
24.4712	174.0654	250.7550
123.2833	185.7857	179.8845
72.3211	151.1633	331.3116
75.3007	58.0099	316.7625
142.6535	144.8939	373.1288
138.2068	134.6433	149.7936
25.1093	127.7458	122.9061
61.2361	67.1581	19.6010
170.7772	55.8112	122.2026
52.1432	15.6969	57.0176
