12.7630	32.1891	447.8533
30.3294	71.5566	37.0889
1.5159	60.7592	915.3537
50.0932	51.3091	2301.6874
63.0543	62.3862	1758.9538
11.7096	62.1511	488.9650
24.8437	42.4101	2218.9496
5.2418	9.3740	98.1838
9.1235	33.4597	276.2530
75.4685	62.5502	1092.8367
56.2839	1.1490	2116.3780
70.4741	5.2376	299.5567
65.7373	24.5887	1417.6433
72.6379	1.5597	2777.1617
17.2187	4.5509	2314.8357
21.1089	42.5966	705.7765
70.5634	72.7171	1251.8311
8.8214	50.8373	1742.6595
66.8550	42.8118	905.7095
74.2229	21.3714	568.0243
58.3826	41.1572	1022.1607
45.3192	53.8259	881.0285
25.3015	60.5953	653.3800
0.9590	20.7295	2651.7992
6.5106	16.0327	898.0801
4.4895	51.1826	1493.0652
74.6658	64.3223	1326.8485
28.0526	52.6345	1321.2194
44.0051	64.0325	759.0900
26.4329	7.9805	201.1430
7.9612	75.3996	1027.0839
54.5771	76.8237	1682.5448
8.7213	38.2344	931.8498
67.0345	64.5490	1928.5315
73.5544	0.0574	2803.4572
68.6219	41.4643	1212.3936
37.1942	12.5129	1735.1250
5.3123	23.0648	942.1185
21.7284	70.4619	2547.2767
47.3245	4.3672	281.2914
32.3369	3.1749	916.8108
32.2308	23.0318	367.2502
8.6749	32.1836	2662.4420
49.7957	49.1015	2006.4235
47.5909	68.2967	1092.3255
63.5999	12.8148	426.7589
2.0451	15.2444	291.3059
7.0217	61.3514	835.7384
62.4968	39.7554	769.7636
61.9555	58.0194	1014.3162
51.4931	3.0128	1063.8153
35.0542	46.4040	1321.0498
46.5358	62.7193	2779.7935
9.5938	73.3832	1223.0708
62.1005	52.5466	2696.7771
23.8414	24.1864	152.4809
37.1746	14.6673	27.7478
41.7854	51.9424	1817.4546
75.8287	25.4470	2652.2392
54.6391	65.7338	1118.8214
1.7597	19.2706	112.3969
2.6785	56.7250	1290.3328
53.4289	26.4225	2048.6752
69.9007	24.4131	2808.1364
45.9984	36.5616	1010.6855
70.0126	58.9259	2357.4100
9.5981	72.7721	2420.1871
0.8165	19.4104	234.7221
27.5677	55.1996	207.4223
35.4364	51.4767	142.6357
23.7037	19.9789	2381.9012
6.9773	60.4468	1663.2682
55.6349	39.7112	627.1745
61.9268	67.1478	1693.8911
35.7306	47.9988	2673.3880
35.7043	29.5251	753.6805
47.3680	1.2047	2076.0142
3.9799	46.9387	1770.9303
26.9295	57.7291	1449.4481
48.8976	44.9389	1400.0450
44.4371	42.3159	1699.9871
69.6178	25.4580	119.8697
55.0339	51.4407	2051.1573
32.6128	30.6955	2090.8196
11.8940	31.5024	2450.6684
11.2228	65.7712	1546.4049
26.7981	46.4785	2168.7866
21.4023	34.3249	2238.2138
33.0637	2.8718	2218.6240
66.4700	69.8953	715.0760
9.1820	36.7795	1120.5126
0.4791	2.6969	393.1935
20.0885	31.4416	1595.1583
67.6510	53.4012	1853.1669
53.3323	19.2813	763.4727
1.8895	68.0112	564.5505
5.0168	23.2268	2114.0105
38.9719	2.1805	1414.6742
32.3113	44.1745	2303.9321
49.0413	44.9496	2387.9737
29.6707	63.2088	425.6266
29.5349	63.6231	1421.3757
59.2802	4.0013	1632.5528
55.3701	13.1901	1602.7095
41.5185	27.2649	1858.3473
71.8311	1.0737	2165.9602
75.1294	34.4819	825.8859
38.2210	49.9550	311.8151
42.8355	18.1888	461.6780
52.2097	18.2819	2449.1404
14.0732	51.7067	888.0271
40.4698	52.8042	864.6115
40.7880	10.7086	2565.5363
67.6610	52.6413	1611.5957
14.1633	67.0832	2414.2116
24.6903	71.1579	1447.9703
75.8290	76.1438	339.0654
35.9980	5.7205	873.1007
62.0000	37.7217	1963.6648
47.4624	7.7010	1255.6684
70.2148	31.4624	2359.0900
32.1590	77.1395	591.8735
55.1337	25.7413	2675.8031
14.9601	15.5303	2255.2780
73.5723	76.7454	1105.8538
18.7113	10.6303	923.8278
49.9416	34.5824	1623.6549
40.2091	63.9495	2195.9098
12.1223	21.6973	171.8459
19.3595	35.4538	310.9594
57.0174	38.8852	1031.1189
30.6786	52.5992	199.2666
74.0648	15.2809	1280.2545
8.7821	10.2274	2748.9873
22.6043	7.8890	560.6514
3.2340	36.0085	537.8465
32.4858	26.7774	2533.4581
73.7465	52.2314	779.2827
16.2177	7.4912	1541.4176
68.0945	23.7047	1476.4170
74.6959	75.1270	684.0442
29.1885	69.3523	1357.3706
6.1706	27.2960	858.6707
16.5503	65.9997	2750.2560
4.6206	48.3382	898.9325
41.9191	13.7399	943.5393
20.2013	54.5736	2508.0000
36.8471	66.2361	728.3463
7.1867	15.7291	890.2367
22.0086	0.5189	1126.0573
27.8518	23.6645	1022.5431
40.4588	16.1338	2126.4892
29.0433	16.1376	723.6489
65.9053	45.5032	1407.3302
5.4924	20.7224	512.3574
72.9447	65.4795	226.0337
59.2051	15.6407	1479.8906
71.2122	39.4831	1602.8407
71.5369	74.9220	1093.7951
12.4980	31.1107	1615.9592
3.7701	57.9955	1634.9974
11.4633	52.9425	1048.1700
11.3585	20.7533	788.6800
45.4388	5.7426	96.7509
34.4729	55.5842	627.0047
62.8289	8.2307	1922.0305
17.9409	51.8753	240.9516
32.0745	16.3061	529.6929
58.2593	2.9273	1115.7287
45.0784	21.6544	1403.1455
47.3718	44.1260	2017.8993
27.2501	31.0254	266.9175
8.5527	41.4924	2714.7301
19.2159	9.4367	273.7600
50.1256	19.6580	2597.7172
16.2903	18.9022	1963.1139
60.1527	23.4308	1445.1278
47.9982	60.5580	2329.7906
61.3835	74.3751	957.4685
44.5342	0.5203	384.8362
66.7173	22.0127	1359.5564
76.6736	14.2048	85.3659
43.7460	72.6137	804.5750
43.5491	2.8247	29.2079
13.0222	74.2410	1049.6757
63.4380	28.4768	1242.0618
61.9452	9.8449	325.1209
66.0950	43.2983	1017.2375
18.7186	5.0225	1972.1138
58.2754	45.1609	1553.0579
29.8777	63.4884	1771.8909
15.5367	64.8042	573.3806
41.7727	0.1377	1990.0894
70.3106	41.3143	1127.7629
56.0213	54.5844	1327.0348
74.3141	65.2580	828.7127
22.2705	19.1265	2330.5759
28.3261	32.6172	1180.3048
50.7217	7.9344	1120.3319
28.3254	62.9052	584.9381
8.3481	59.2569	2347.6880
29.8780	1.5705	2044.1053
54.2024	2.8492	669.0191
70.8331	5.0593	2419.8542
76.0795	20.2877	1154.1757
61.0677	3.3685	1669.6318
50.9779	71.3954	1913.8677
4.5174	47.6998	2770.3342
74.5472	62.3657	1382.7483
29.6451	6.2006	2555.6077
13.9402	64.4964	911.0139
51.3151	32.8022	216.7125
36.7853	18.9549	338.1522
26.8734	54.9504	1452.9046
22.5047	11.0343	286.3259
71.9661	69.7346	1961.7364
43.7508	30.3855	1400.8997
47.2000	62.0907	1011.1413
17.0441	77.0457	2606.9295
41.6910	28.7099	2767.9268
39.6819	58.6214	2701.0926
63.3422	44.1065	1002.3587
55.1503	32.0665	2749.7991
58.9155	41.9499	1222.0081
56.3031	8.6222	721.9251
71.3619	10.4192	1808.4704
55.8414	49.8441	2138.7866
60.7511	64.5485	1402.5392
76.3800	0.5895	2182.8102
21.0800	3.9405	10.2819
68.0330	1.6728	2094.6489
35.6371	49.4098	2188.4459
38.1894	6.1787	867.9191
47.5904	52.1230	1095.4945
48.6295	7.7627	1881.7137
68.9435	66.4174	1751.8519
60.5039	20.8702	582.4143
64.2403	66.1858	2644.5117
63.1785	31.9921	2305.1966
21.7058	6.7043	2745.7035
58.7134	13.5595	2035.8173
60.9251	63.8695	2431.0389
52.5689	18.6923	264.2781
37.7603	2.6157	843.8133
25.9897	21.7301	1091.6837
61.8363	18.2274	2302.9231
57.3900	47.3007	2353.8390
52.7256	2.6206	2812.8357
6.2411	31.5544	525.6379
24.8272	27.5146	22.8138
63.8178	1.2895	157.2163
63.5310	21.8151	2592.8940
35.8445	48.5871	2453.5638
4.0849	33.6593	2616.9666
72.5825	29.0159	1442.5081
64.7355	44.2736	279.1321
16.8902	8.7067	2620.7234
17.7857	61.9408	1730.7141
6.1353	64.0222	2005.1476
64.4278	59.6411	435.0806
76.2454	75.9477	615.9459
22.8701	22.9011	178.1415
25.9166	42.7670	1478.8918
2.2791	64.4425	1797.0525
35.4539	62.5692	1522.1643
18.5418	5.6662	2390.8212
24.4533	71.0641	2267.8087
50.8284	36.2104	2051.3214
63.5880	6.1509	2330.0291
2.9674	41.2355	1342.7907
1.4555	71.4879	868.8198
28.2593	6.7686	1268.7069
46.7294	56.3012	1290.7229
57.2779	45.8058	2418.4055
74.8106	9.1245	794.6965
42.1330	17.7442	987.4642
66.1151	51.7768	2597.8045
35.3314	63.8579	2625.6820
12.5469	64.3828	2570.3133
68.8959	32.1336	2187.8504
52.5943	48.7021	2088.1468
58.5629	21.8032	551.0387
33.3845	71.3580	552.9206
31.9636	51.4363	390.7847
55.2929	9.2169	803.7372
39.2938	66.7348	1016.2009
15.1200	75.0797	1491.1720
32.7103	37.1739	1361.3318
21.2771	8.3695	935.2436
17.3942	33.1313	227.6524
26.8011	61.9645	142.1228
37.0049	61.2124	1559.8356
21.4846	0.6247	1173.0885
59.7848	60.7007	2030.7652
68.2309	12.3941	2148.8039
68.6377	53.8703	2729.9683
36.5557	40.7456	645.9314
37.7165	7.6676	482.3906
39.0470	35.2677	2242.5761
65.4990	58.7629	1756.4466
49.1004	17.2796	565.4002
34.5308	59.0382	2178.9555
35.6433	24.4737	1099.3265
26.9085	44.3881	2062.4286
64.8866	74.2001	1376.8843
20.9525	21.5270	2086.7406
5.3665	7.5689	2178.9131
60.3384	5.3508	82.3299
28.4055	23.2045	66.1252
5.3325	49.6038	946.1037
16.5695	18.8380	602.3641
61.6979	50.6405	1304.7420
71.7264	42.4615	463.4699
60.9409	60.8286	990.5146
73.5430	16.3413	1042.3024
57.0719	0.6213	620.6004
75.2389	36.9013	1436.1625
33.2145	55.9575	279.5984
15.9920	43.6118	1447.3868
65.6127	49.1463	1463.2049
44.2647	43.0579	1423.4870
37.1329	2.8976	1872.6606
10.9769	14.8595	2670.9570
59.1402	57.9853	557.7638
59.9448	3.5521	1146.1850
40.4587	24.4667	2422.3839
32.6648	17.8456	912.1305
38.8230	60.5620	2592.1258
16.1441	8.3166	353.1997
36.9855	38.7789	220.8628
50.6293	65.2648	1700.4544
58.6723	73.4272	464.9505
66.7265	52.0802	203.8355
47.8003	68.0558	368.1798
60.9564	69.0407	1381.9437
73.1871	67.4029	2377.7794
73.9841	52.0997	1339.4159
33.3779	43.7233	2575.4826
66.5323	16.7793	402.2956
54.2026	71.5743	1966.5988
45.9825	30.0833	1362.2900
60.4558	11.6261	2666.8589
31.6677	4.7957	811.6433
4.9378	34.2099	2638.2327
8.3733	10.7103	1757.0813
51.1602	49.2145	703.8951
5.7441	9.8583	2282.5105
28.3224	67.5016	2322.3550
69.1223	22.7127	1960.7200
69.5314	66.1354	1014.2373
50.2770	60.5370	298.6740
26.4578	55.7236	2257.7309
5.8245	74.4066	1162.2531
43.8256	7.2371	2007.0813
48.0188	76.5575	56.4444
50.3597	0.8063	208.9347
9.0031	7.2255	1185.8796
47.5000	46.6859	916.1877
58.7070	43.8792	785.3103
53.9308	8.8705	655.9985
38.0875	63.6127	1808.9625
57.2917	22.3604	406.2322
5.3127	61.8694	687.0767
16.1352	76.2492	1256.6539
75.3802	53.5851	263.1068
51.6670	28.7774	2739.7217
29.6841	37.9803	1258.7176
31.4341	54.5162	772.7774
1.1706	69.6081	2274.7947
44.8985	37.4116	2139.2884
35.2425	66.7317	934.1312
55.6261	42.6151	2723.3440
28.6074	68.7696	2229.2568
26.4465	18.5632	978.2531
16.5157	6.6878	2750.6335
49.3984	70.0684	468.1318
0.9167	43.3915	2118.7251
22.1107	8.4964	1692.8860
66.5930	51.0750	360.1073
45.3273	12.0907	443.3702
62.2839	36.5340	1355.9169
57.7867	1.4433	1150.6284
41.5065	65.7779	697.3113
45.0890	53.2139	1597.4537
66.3179	29.1314	2062.1052
62.8624	75.6927	943.4975
1.1812	26.2072	2409.5778
9.2923	65.3232	2568.0382
26.3077	72.2882	2166.4825
11.4742	15.4549	1046.5610
6.6103	55.8668	902.0404
5.0519	29.9154	1457.2639
15.0869	21.9048	753.8107
76.0372	16.4511	1233.0662
0.0105	41.0299	2705.2214
11.9965	44.7730	1794.9486
27.5611	10.2824	1714.6606
34.3835	37.9519	1942.2264
28.0758	12.6793	1227.5351
73.1858	69.9862	2530.1549
68.7440	38.3379	2641.1026
42.3405	11.7656	1725.6205
72.5801	17.4035	1861.2455
36.2548	14.1594	865.4041
20.6225	9.9399	1840.0755
37.2853	70.4657	1286.5407
33.6007	58.4789	262.2098
33.3186	21.4106	1539.9731
18.5350	40.5754	1429.8443
51.8413	43.4534	481.6305
51.8013	47.3324	295.8528
75.2897	73.5851	2673.2765
63.5261	63.0176	2645.8262
61.8447	51.6518	282.3249
12.6044	61.9703	2455.4724
45.6464	47.4376	2455.6246
65.4398	53.5346	1668.9308
3.2380	58.3369	262.9549
57.0804	30.0059	168.9365
31.2846	34.1138	1285.5527
41.3398	58.5121	2656.7087
60.5996	56.1331	2465.7105
7.4201	74.0534	1478.4312
49.0937	64.6357	1920.6431
75.7659	48.7463	1318.4739
56.5896	43.5493	778.0526
38.0182	67.3930	1039.6915
53.2604	66.6091	754.8426
15.6304	34.1423	253.1793
76.3410	17.1417	915.4891
37.0770	17.6117	1624.2022
27.4476	24.5917	413.7495
7.9251	59.0301	644.4181
28.8963	62.9943	1384.5072
56.3348	7.1349	2774.9569
28.4042	31.4825	718.7405
20.0570	68.7427	2404.5320
45.1217	18.4014	1047.3297
26.7603	56.3088	2298.2179
23.6268	0.9705	1428.3697
36.9466	10.4811	2811.3814
1.2310	64.5933	712.1878
10.0611	64.5999	2600.7337
24.4130	67.7128	30.3918
24.3538	60.8989	796.9028
52.2976	27.8962	1756.6559
71.9968	50.6444	367.4341
33.6662	37.1014	1175.0662
76.3165	14.6871	2519.6359
18.9604	62.5723	19.5750
43.9894	67.8501	1813.6872
49.4139	49.1442	1274.4536
72.4365	11.0144	1589.3298
65.7549	25.2157	628.7497
30.9062	32.4498	401.1663
30.8715	22.3505	469.8166
48.9692	64.1924	1651.8524
64.2560	14.6139	1686.9204
25.6072	12.3157	9.9452
34.7129	59.2153	2127.9587
4.0487	15.8780	224.9569
22.3528	37.1236	1924.1631
43.2809	29.5197	248.2872
48.3920	26.3839	528.8031
51.8251	15.9611	1739.1827
1.0919	2.4453	2430.2913
54.7414	36.4952	2391.4864
40.2981	13.3081	366.9777
67.4392	22.4904	2576.0998
56.9800	32.5366	1171.7035
35.6531	55.5084	152.9763
12.2745	15.6812	2690.6499
25.7903	47.8716	354.7369
71.0561	37.6004	910.4418
66.1793	26.2312	2092.0080
45.0363	62.0193	674.6066
21.4170	34.7140	1858.6466
64.5493	5.5579	633.5358
52.7268	43.6790	1076.5276
76.1754	7.7341	1903.1488
28.2314	36.6774	1935.2406
4.7675	55.7943	641.9707
71.1169	25.1434	1333.7540
3.1858	29.7767	1349.6583
8.8914	43.6461	636.6309
8.6985	15.9272	2562.4454
42.3594	56.3260	1593.5886
21.6511	75.9940	921.8402
25.9995	9.3169	444.7957
66.1320	43.1473	2325.6156
9.0205	2.6886	2637.7223
5.0444	75.6125	51.1699
44.8736	48.6639	1784.7532
47.9973	37.2760	879.4840
45.1061	56.2810	2239.6294
64.2665	51.6772	2201.9328
15.7188	6.9087	2142.5580
51.3324	46.9370	359.8060
5.6616	52.2605	1014.3936
62.1688	58.9964	2017.2621
33.2402	69.6266	2178.9452
75.2510	60.5636	468.6334
12.0154	14.1943	823.5261
74.3983	77.0687	90.8629
57.5954	6.7294	2159.7656
37.6487	23.0270	2009.4222
29.2889	38.0294	1380.8750
64.7585	68.8618	116.3689
54.4269	4.3779	719.2812
28.3852	38.1347	1851.4138
72.4418	46.4799	175.7137
26.2961	6.9603	2077.8058
16.2570	71.9959	948.5313
6.3470	73.1624	2245.8944
2.6913	6.0193	430.1940
16.4606	16.1638	1991.7266
61.5522	56.8004	2594.9491
56.5542	66.8556	686.1395
60.1224	3.6142	866.3832
29.7597	47.1367	1231.8647
48.3257	11.1966	1831.6601
54.8615	23.0015	1949.5028
19.5022	21.9449	2408.6271
57.3878	57.0841	164.7946
70.7606	17.2643	373.1312
44.8779	63.1033	622.8367
65.5349	61.7426	1101.1338
2.1510	47.5701	720.9418
45.8248	53.4963	2440.8052
40.4197	53.7120	2440.0201
2.9708	22.7051	2047.0931
15.2500	15.0323	586.3113
27.6226	57.7805	328.3526
33.8795	29.4305	2772.7826
34.5573	33.0841	769.8908
35.2525	6.8878	2095.3183
45.2975	55.8428	2787.5672
11.1890	67.8800	1128.3920
5.6930	28.3989	128.8785
40.1059	18.1519	756.9203
41.9841	48.4494	1769.4578
31.1356	42.5652	1317.1841
70.7985	59.7212	151.6306
48.8703	57.3556	2392.4737
50.2615	43.6237	2334.6861
37.7802	69.5269	2030.6049
76.2462	46.0727	353.1933
4.4157	16.8749	934.5315
34.5886	76.8587	1771.5492
27.2121	14.0427	528.7315
28.8351	44.1985	1029.3729
26.6930	46.3693	1970.4983
47.2874	42.7570	791.8772
36.8954	56.4941	2689.6852
71.9542	19.4528	604.7054
52.4310	67.5101	1801.3056
4.1931	58.2918	578.6234
18.3762	69.9903	195.5786
20.9915	69.3674	2370.8693
3.7966	13.0663	1075.6979
65.4801	31.4007	2537.7044
4.0170	13.4422	498.5291
60.0121	29.5676	1286.1294
3.9253	5.3737	662.1672
68.5603	29.1460	239.5261
69.8492	76.0069	772.9333
55.0852	66.1383	1864.5193
16.9942	55.6016	695.9221
68.5252	33.3679	2729.2861
40.5220	35.5158	1092.9240
24.2240	32.5435	2344.8141
72.8207	4.2886	2122.1776
18.7157	45.8856	2096.3184
33.7752	32.8647	2714.1029
52.3697	37.5075	371.4453
45.1537	0.5762	2744.0688
73.5452	71.8247	1352.2176
28.7855	42.0870	1966.5470
76.2640	40.4036	906.9144
8.9550	15.2060	2463.6694
73.3703	52.0605	472.5347
29.3158	58.4897	1348.1704
20.1980	1.1414	269.8667
39.1280	22.2528	519.0197
23.7157	59.4916	2748.1167
60.3489	42.5318	1569.2464
32.5829	20.7027	2797.3546
24.6664	23.8763	1993.3704
60.3046	32.1768	1129.7679
38.7091	39.3040	2464.9015
8.5753	43.9858	1827.2824
31.8131	72.2894	577.8452
19.2698	73.2854	236.9699
38.0546	10.1558	454.7673
77.1095	47.2327	1763.8325
31.9021	73.7712	2595.7902
40.2471	32.4761	236.6969
21.8314	45.5905	2753.9020
34.5851	26.6089	2754.9897
58.9880	2.6653	1396.2883
10.0448	14.8050	48.6396
57.8006	60.1521	1362.3854
41.6964	21.4407	1923.3957
71.7674	40.1693	1467.1757
54.8570	33.8955	856.3326
9.9567	18.3103	64.0980
10.6231	1.8116	1825.9028
52.7796	51.8350	2251.5099
50.5475	17.7943	407.5377
11.4886	16.7907	65.4746
30.6619	13.0083	420.8230
36.3608	4.4055	2119.0581
2.3918	2.0369	466.5434
53.7347	21.5126	1444.4652
58.4075	5.5443	641.6697
34.8058	11.6352	306.6509
55.3313	27.4721	1594.9783
32.6654	62.8786	2127.7112
13.4214	0.6214	1076.9217
55.2711	3.2700	697.6073
58.1660	65.4116	1781.1525
21.5281	62.5972	987.6801
58.2450	29.8106	580.7171
14.0629	18.3823	2028.7587
21.2881	36.8506	2029.5965
65.1829	25.4600	1487.2848
11.2253	59.3683	75.1188
8.6742	45.1093	1025.7081
77.1601	30.5828	2561.3992
56.7177	55.4717	1675.4335
15.5980	52.8447	219.9631
9.9689	22.5861	2659.4111
71.7955	65.3046	2582.9675
68.6480	59.2364	1831.2328
7.0942	2.8492	402.7752
7.2424	32.8260	1423.2026
39.9762	34.5641	1355.7508
8.9721	49.5643	527.4008
51.9385	50.3041	2277.4845
50.1980	56.0179	1728.5004
73.0470	34.3744	81.8183
21.8626	37.3270	2149.2134
32.9283	5.0911	1393.4077
64.2219	45.5282	1969.0000
68.8840	18.7765	1923.9433
2.0535	31.3470	903.5337
50.3663	51.0971	1393.8561
17.4105	26.3742	1737.0361
66.1315	43.1458	2325.7393
21.5516	11.0664	246.9567
66.5971	16.7392	985.2703
70.1739	39.9629	173.8227
25.5758	51.3505	2344.2747
2.6530	49.8293	2088.6260
52.8746	44.7207	330.0781
48.6339	6.3132	431.2510
17.1512	0.2628	942.0886
6.3739	55.2448	2458.4040
64.4880	7.2233	2204.6036
47.2777	51.4535	1682.6999
15.7894	9.4906	574.4584
22.6193	62.3941	1278.8973
30.8265	60.0582	721.4147
53.3305	14.0441	790.3315
49.7620	22.1628	2685.5384
13.5525	65.2842	2380.0371
40.6244	21.5608	2729.6049
37.9153	58.1459	1161.5391
42.1976	64.8248	684.5916
68.0181	16.3643	758.0920
11.2149	11.7346	2663.0806
31.0703	52.2580	1269.1447
27.3025	21.5691	45.6274
14.7494	42.1460	383.8952
9.9829	45.3687	96.5486
56.5723	47.1389	848.0680
40.0108	3.1273	2529.3393
13.2226	57.6336	758.8132
26.9764	27.5241	2175.0703
4.0077	24.6244	257.7443
67.2440	7.0429	2348.1467
72.6680	10.7330	2005.2087
64.9478	64.9898	2282.2295
40.3717	35.4910	2104.6269
73.4840	43.2680	1598.3004
17.1842	49.6433	872.2799
27.5405	11.8880	565.9057
25.3712	67.6023	264.5940
51.3959	43.1369	1986.2672
5.3142	71.6477	338.2091
66.6393	59.1120	1069.5490
72.2166	66.3184	2643.7137
36.5027	57.3015	2143.5359
24.1524	23.8426	1288.3117
70.8935	59.5034	1209.1722
69.8708	18.5267	1861.2103
55.5154	47.1080	1837.9030
47.1360	41.1776	778.7727
60.2350	75.8486	2028.3623
3.4957	63.6012	248.5246
24.6805	28.0620	55.1085
9.8181	21.5185	840.7826
25.7165	70.6828	2378.1664
74.6865	26.6862	1720.8404
64.1268	16.5531	2211.1643
67.3023	4.7827	1736.7578
25.3330	11.3704	511.2906
67.8275	0.4134	2588.9364
19.5695	20.5922	258.5233
26.4361	34.8060	1375.9647
27.3749	57.2894	468.9794
40.8068	30.4242	1954.8835
19.8620	31.6051	666.0805
21.5970	5.0673	1636.4707
45.0389	74.0883	576.0565
58.0757	7.0982	1706.0298
8.5125	71.2231	390.3166
32.6551	6.6430	1932.6189
69.7160	3.8363	2702.3792
73.0934	17.1319	2182.5239
59.1160	73.4621	2291.1188
58.2133	27.5688	343.6158
40.8709	1.0485	1045.9030
56.3318	6.8461	2041.8690
68.9121	60.6612	223.6572
9.6897	66.4803	1286.5782
28.2151	61.7264	852.9705
3.9342	21.2913	305.8815
47.4559	52.0866	528.9374
63.1576	50.7054	2208.8205
75.8238	7.2793	2142.2754
27.5362	44.5339	527.2009
41.9067	56.5331	885.4200
18.1422	11.9125	1592.7025
17.7267	64.4084	906.0428
28.3421	22.3118	1419.0000
68.5172	28.0201	918.0910
47.7854	61.9584	1272.1773
24.8847	27.9718	142.2688
27.1980	39.8512	1468.1142
44.3156	12.7981	803.4799
72.9512	45.6681	1554.2146
73.0914	64.4532	1501.5156
64.1447	29.4503	1840.2366
10.1039	41.2416	131.6871
29.9874	73.7555	881.3396
28.8861	37.4187	1375.8496
27.6424	52.7630	2372.2233
71.5756	38.6217	317.8947
70.0996	42.1232	397.6635
52.1806	16.8456	183.8163
63.2647	31.2290	1451.6830
14.1477	21.6076	2597.5542
59.2204	10.2673	160.4517
68.5375	52.6709	1620.4588
57.7416	12.0850	1365.0117
39.6665	39.0548	308.7257
66.0161	41.4960	1835.6432
76.4505	14.4661	2701.5755
68.0955	2.4483	2301.4127
74.3992	13.9484	575.4348
62.3667	69.8056	782.1402
22.5696	0.2483	828.4151
1.7447	24.0928	1651.6935
33.9803	10.0861	919.3801
17.6350	58.5242	123.4678
61.7966	73.9096	505.7566
61.5380	46.2225	1476.6188
54.3563	5.8277	1668.6538
46.8772	44.8829	1574.6078
8.8380	12.7505	2756.3326
10.2057	4.1193	859.0372
64.0454	17.4953	2642.4441
5.5641	62.0430	344.1074
21.1199	49.3246	2288.1480
66.9433	74.7063	2007.1987
38.8438	41.1621	339.8269
56.7931	46.3335	232.8519
49.0329	3.1381	1104.9063
8.7448	33.1557	1240.5925
43.0450	31.5564	1580.7213
29.7727	60.3678	1675.7265
23.0183	2.8820	774.3507
50.6844	35.1118	2270.0957
51.5995	36.6043	553.6735
7.7329	72.5142	1170.0004
9.6959	5.0800	2425.9393
19.0636	41.2376	374.7119
29.0678	9.9339	925.9579
25.6423	10.5264	2522.5319
41.2092	51.2435	1193.5562
35.9210	71.7230	1514.8011
18.7807	30.9666	863.1554
71.0868	8.2769	2289.0359
34.4575	48.5725	274.3581
57.3247	61.5096	406.9915
69.3638	31.9268	2778.7519
8.0889	11.1312	2241.4788
1.9228	65.7964	2055.0439
7.8885	3.6229	2592.7417
34.7726	44.0558	1787.2206
16.2309	4.7043	2672.4413
2.4002	52.7246	923.5567
33.6608	42.1161	201.1984
16.9079	41.5816	632.2328
27.0896	4.6355	1343.2111
60.1221	16.1715	2304.0051
14.0990	75.2252	1433.1473
46.5512	42.0129	2685.8463
59.2587	14.5658	206.0444
5.7192	57.1639	2344.5529
21.9360	54.0193	1577.7508
21.3161	15.3703	1444.5972
67.6114	57.8438	1875.9473
43.8774	19.5158	930.9606
29.7456	2.4962	1975.3030
22.8032	29.3850	2440.2233
61.5954	50.9055	171.1614
4.1921	57.3370	1928.6716
47.8228	63.0338	229.7053
22.5002	32.3640	2054.6253
73.0426	50.8146	1235.8715
17.3159	73.0980	690.0004
14.2088	52.3466	1131.8119
20.5714	60.4668	2022.7599
27.2371	18.0895	527.8591
49.6423	2.6990	626.0821
76.6542	24.6798	1033.9437
59.0952	38.7171	281.5530
50.2507	50.5208	480.5231
22.1297	59.6992	1358.5349
42.6047	11.4449	850.2337
72.1290	37.3099	134.3588
18.9127	0.1755	741.1069
36.6271	46.3220	856.8120
49.4577	40.9591	1006.2377
22.5112	18.8535	1567.8897
60.1046	1.8689	974.7064
75.3781	39.5394	1130.7798
36.3720	30.9175	2379.0785
67.4689	24.5625	2307.0641
25.5661	6.1214	394.5807
31.3145	15.1409	248.4241
77.1487	60.0250	2601.5953
64.3098	28.4486	60.9016
41.0680	72.7180	1037.4641
27.9374	55.1892	1683.4352
16.7305	22.7505	2140.4857
61.8737	68.4923	2156.6048
50.8676	13.0979	2630.3157
5.4995	8.0310	1821.7497
48.1135	63.6334	1182.7291
24.3839	57.1228	2212.3143
54.9766	18.1311	742.0414
36.6514	21.9673	111.3446
71.4396	63.1520	2167.8990
33.4136	30.1054	479.4682
59.4601	7.3943	1157.6568
2.5893	31.1261	1540.9266
39.7688	61.7557	1848.5676
67.1759	33.3486	148.9277
74.3711	30.3100	1804.7346
49.6829	1.4620	124.9618
45.9365	1.2723	360.5360
41.9747	54.7217	731.1295
68.5117	10.8866	2387.2766
37.4452	1.1162	74.6094
8.4283	8.4895	2733.9949
11.5807	12.0780	2744.9900
54.4710	1.6676	2148.0649
64.4371	37.4630	1056.0008
8.4453	52.9690	386.2250
21.8271	34.5472	1775.6160
73.5073	59.8460	2216.6379
4.3718	34.9450	2214.7305
11.8793	25.5929	1090.3540
9.7679	37.9599	1223.1113
63.6969	23.5576	192.0977
67.6450	31.6984	1808.1087
35.9570	21.0539	178.3373
57.2973	61.1609	744.5353
75.1510	7.3970	2541.7316
75.3072	58.6581	471.9254
41.8277	51.5622	770.0779
76.1051	19.5302	462.2220
6.7810	24.7374	2377.8240
76.9355	46.2360	1519.2619
10.0277	42.0540	1861.6566
54.6003	72.5850	2513.3805
41.7065	10.2300	1535.5200
33.0429	34.5846	1894.8295
1.0172	29.4201	2496.2468
62.8676	20.4917	1803.2545
75.8074	19.1898	2301.1216
71.2172	43.8080	2035.2044
65.7283	14.7980	2726.0228
3.5537	5.3748	1358.3354
59.3160	30.1858	1982.2086
34.1927	49.8516	1587.9360
4.8661	67.2265	2043.1282
70.4900	56.5297	2195.7817
60.1177	39.8743	428.2182
28.4650	42.9322	2117.4494
50.4383	50.1911	2788.5031
6.6806	33.1634	1064.1756
22.3490	7.0638	1900.4617
2.6731	39.1109	1441.3653
60.6479	34.1639	96.7622
71.8381	63.4930	2243.0681
47.2574	40.8633	1439.5195
1.2007	1.4903	467.1020
29.3404	5.6899	909.9991
25.3589	19.0954	1598.3302
73.6959	12.2478	10.9688
53.3973	65.0981	2797.3136
23.0300	3.1142	674.9847
67.0433	62.5212	137.0215
41.8189	41.8160	1350.2991
61.0896	32.7601	1712.3030
16.5323	43.5815	1902.9721
8.9400	15.1046	833.6799
22.6391	62.3447	888.3017
57.6960	11.3431	1344.3834
46.7123	31.9787	662.2311
6.5331	8.5488	11.9480
40.0360	64.9752	1536.1714
1.4763	48.5830	1638.8826
21.5309	54.1193	1166.7081
48.7292	4.6178	1118.1061
34.2386	26.7560	953.5395
25.7922	26.1282	1777.8567
52.2491	3.7890	1607.8175
70.6155	37.8841	407.0060
66.7178	20.8380	2343.9024
7.7169	51.4275	2325.0830
28.0297	44.7328	428.6647
60.5371	18.9095	912.5987
8.8573	51.8899	2734.8340
38.0252	13.1177	2373.6882
19.0099	25.0399	925.2397
25.7355	39.0037	492.0287
33.1973	38.2574	2016.5167
8.3483	68.5740	1449.0260
15.1965	6.2761	748.6712
50.2553	67.7669	2760.5140
21.6538	16.0829	504.7198
46.1795	39.7352	1494.1905
10.6861	19.8093	2410.6080
30.2867	28.5275	740.5267
1.8337	45.7647	1023.4843
9.6729	0.9999	1887.6191
3.0351	18.5052	8.0555
72.8013	68.1628	712.8221
76.2681	23.4964	1879.9343
5.3564	43.4162	444.5063
34.8046	22.1568	404.4923
4.3836	64.3113	1421.6497
58.3351	51.3349	2254.2241
42.3294	51.9206	1724.9457
0.1132	52.2061	1778.5087
57.0159	33.9998	292.8492
30.3586	48.0581	1701.8399
7.5310	51.7441	117.8425
34.2171	29.6147	2237.5789
41.3522	75.5878	2413.2808
68.8541	28.8700	2085.0336
9.0771	55.6045	2197.6396
45.4794	15.0417	1250.8766
14.0567	66.8216	635.8123
40.1252	4.7283	2009.3004
34.9524	31.6718	2589.9109
48.3995	52.1823	1518.2843
1.7304	52.1381	244.4667
72.7428	76.0067	902.7020
14.8121	63.5433	70.0203
3.1521	37.9568	2366.6361
33.9536	37.6732	2475.4236
62.5562	30.5945	1883.8979
2.4883	58.3989	2067.1070
5.3110	43.3612	67.7055
27.8110	50.9048	673.0131
61.6013	31.2073	2303.3982
64.3588	58.0151	261.8035
62.6083	10.3170	1335.9017
42.1116	48.2565	2167.9370
53.4640	63.9150	1899.4066
55.0502	22.7713	4.1209
68.2954	22.6275	540.1721
30.9934	75.5502	1210.0570
44.0755	62.3768	1365.5851
38.5612	2.7604	1095.9477
4.9273	70.0478	2374.7157
36.6379	67.7561	2330.5488
3.0503	51.5642	1451.5271
44.6607	73.2577	1520.3787
13.4459	12.1030	2642.9558
36.2356	10.0851	1064.9737
62.1199	69.0963	2113.1295
39.4357	44.4120	793.1575
8.8572	6.7074	2795.9685
47.1910	18.8700	1318.6195
39.0427	26.8723	1781.2630
53.4323	47.1779	1628.7106
50.8881	13.5637	1678.5855
46.1205	0.2087	1816.3329
54.2746	0.7095	827.5431
69.8908	8.4712	2388.0228
75.9691	28.3450	1601.2838
72.1661	35.9799	16.0398
62.8462	65.2442	150.7818
56.9536	73.4881	1391.5978
75.2025	65.2339	1188.2932
32.3735	27.1656	1356.1725
46.9077	68.3540	865.3939
13.5616	61.6022	1907.4949
33.1112	72.0097	1094.6371
18.0608	25.9811	1359.4309
59.0509	4.7731	2477.9660
44.9496	57.7927	1233.0810
70.2013	57.6629	2051.6435
23.8704	12.0385	187.2265
7.2814	25.6985	1174.8661
71.6219	1.1664	1212.7673
64.3419	34.7627	1490.9361
27.3104	65.6391	416.2208
20.4853	76.8348	1386.0939
70.9283	27.3058	1936.6535
75.5178	32.9816	465.3283
75.4673	22.7388	1883.9354
76.6192	3.8230	2152.2415
5.9836	48.7316	664.5949
53.1701	59.8137	2748.0091
68.1024	2.5439	2229.2746
5.0269	2.1183	1860.0275
62.6542	28.6170	2780.6561
5.3898	39.2055	1386.3506
68.8065	29.2880	2730.2859
4.3926	32.5671	2775.0654
32.9376	60.8508	1229.0584
50.5769	36.7140	26.4537
49.6124	19.2490	1910.5186
37.6019	20.0441	2794.9913
1.4154	12.7155	2016.0978
23.4566	76.3222	2648.0415
44.0570	72.0733	1957.3748
33.8575	7.0910	2678.1169
31.2975	4.3948	1835.7403
29.1402	71.8207	100.6857
75.2445	6.5197	1597.0319
8.5474	75.9664	1322.8381
52.1886	19.4523	658.3131
36.0943	58.1423	814.7169
25.3964	57.6788	679.6698
32.4544	65.7525	643.5168
1.0197	64.4295	1292.8902
25.5626	25.5599	2749.4765
30.0561	59.2745	1007.7673
74.1450	64.3572	1947.3960
52.0223	46.4398	508.0284
26.3661	5.0007	1410.8329
14.0880	68.2026	2465.2033
34.6639	0.9394	165.2655
13.8016	59.4121	2366.4372
15.6462	32.8531	315.6390
35.6325	9.8089	2400.3114
1.6150	5.1777	1547.7703
31.4606	46.7373	1199.6312
12.1269	42.9312	788.0385
1.5009	21.0971	841.9689
71.6760	56.3100	1461.7394
2.4145	27.8863	1081.1520
4.6453	15.7311	1009.7639
63.1729	65.1153	601.2448
74.3848	74.0629	518.8797
14.1853	68.0015	2008.6538
9.5758	19.4518	1958.8750
70.1878	54.1785	1456.6956
8.8782	4.7249	1100.9143
26.8767	11.3440	1322.4720
11.3327	5.1488	2018.1757
70.1707	71.0132	1665.3846
23.6028	30.4552	1108.6130
41.5747	1.2031	1079.5962
74.0019	61.7482	1525.3078
50.0887	55.8298	2372.8792
55.5688	20.8891	2804.7264
73.2675	75.0930	1537.3619
28.4339	63.4741	2715.4633
65.2504	74.2002	2674.2672
17.0954	61.0533	684.5002
43.7661	35.3662	1444.7689
10.3971	41.5956	892.6939
3.4544	48.5481	1166.9160
59.4390	28.0155	2080.6660
13.3069	73.7052	2155.4456
36.9564	32.4839	1847.7533
58.9872	75.2207	805.4340
59.6625	72.6997	484.5193
53.2020	37.0985	650.6980
72.8881	30.2252	2460.3899
45.5576	29.6456	768.8535
4.2271	12.7936	1499.7699
38.9245	9.6768	823.0656
45.5189	13.5211	2018.1947
75.4867	69.1107	76.2354
22.0861	61.9031	2515.4543
24.2117	74.3957	1183.8109
28.8176	7.7382	2446.3206
18.5920	18.8511	1980.1946
39.1929	41.1585	328.2158
28.2335	52.4337	2314.2245
60.7109	44.0542	889.8317
40.1315	24.1772	512.8878
19.4944	61.9291	2625.1151
20.0545	16.5332	1207.1166
12.7301	62.2825	65.7773
30.5930	24.4315	2346.4881
73.1723	63.8011	2304.4738
26.2411	70.1499	2381.5129
65.2670	11.3035	2524.6275
26.8224	59.5152	978.3532
59.7956	75.5989	2365.3708
9.5776	37.1239	2032.8002
56.3254	36.7486	1071.2238
25.6597	14.0925	369.9018
18.2712	19.0804	659.0149
32.4927	75.6663	706.0462
51.0390	76.8432	2756.9110
21.8698	33.3814	1976.5529
50.0965	69.6016	1506.1915
25.0790	75.6346	862.5679
39.1463	47.3677	314.3420
3.1516	47.6121	1036.9886
72.2869	35.6227	1865.9228
32.1625	76.9009	524.4300
28.6044	49.8532	1569.7306
41.8328	14.7737	1847.6534
8.3904	65.3612	768.7606
16.7507	45.5054	1736.9944
11.5256	30.4766	1876.7032
70.6610	75.8630	596.6572
29.9589	8.3867	2611.9047
25.4022	46.0784	1592.7070
64.7496	70.9094	362.6964
42.6443	72.3337	877.9685
8.3141	44.6519	6.3388
15.7957	62.1623	2412.3348
55.8732	74.3447	2403.3773
1.5188	54.1317	2126.7443
39.8264	12.6214	707.7609
2.4538	23.9049	2106.4683
55.2530	7.6731	2786.3420
76.3155	57.4866	2643.9402
35.6881	56.4763	1573.3173
38.2546	67.8887	1395.4198
62.0105	69.7987	2160.8085
26.9416	5.5190	1629.6102
65.5524	1.4119	2237.0399
59.3762	67.4228	1827.9182
58.1671	77.1825	1859.1584
62.1301	23.0492	2598.0449
74.6865	23.6662	2410.5594
26.8854	71.0136	1428.5982
35.4030	76.2185	1320.3976
28.3665	68.9104	1646.9028
62.6715	65.0980	2671.4159
65.8868	53.3040	1456.3273
20.4484	34.7030	1876.7409
5.2235	43.4514	704.9933
70.7835	76.4157	441.7732
35.4683	5.7880	306.3414
38.0548	17.4419	197.3672
55.1961	35.1632	2465.0537
20.9359	7.9027	988.9276
57.4972	69.8673	2485.4309
31.5992	38.0022	2053.8711
38.0108	39.0401	605.7753
63.5187	52.2382	2628.3406
40.1323	19.1614	2268.1311
17.3900	55.1324	2751.3279
47.1807	12.8850	2678.7343
50.4893	64.4464	1955.9594
53.6792	38.5700	2191.2156
36.3011	1.2104	661.0949
7.5985	62.2599	2182.5318
7.8721	44.2734	125.3456
73.1069	28.0859	654.4427
53.6306	46.0022	1204.4063
6.3345	22.6959	711.4746
18.5310	29.1754	1791.0368
0.2642	9.9124	739.2612
2.7619	28.3869	651.4409
18.9407	75.6407	230.1255
51.6980	4.0434	1619.2775
49.6572	30.7097	257.6873
23.2574	26.7670	2134.4268
21.3793	54.9377	365.2310
5.4072	69.7451	387.6716
44.0553	20.8658	2477.6904
10.3134	63.0204	1892.2456
13.2315	31.3630	911.7070
68.9066	12.9313	1538.8305
22.7676	57.6002	1148.7731
42.3174	21.8672	841.2520
14.2095	44.8464	998.7279
18.1435	3.3447	2051.4873
50.5464	45.1283	728.4351
68.2298	51.4408	2786.9993
12.3682	58.9136	3.2394
54.9459	69.6880	599.7613
67.6771	20.7176	1273.7917
54.7383	31.8498	486.1068
49.2221	15.9096	380.7978
41.0559	25.4129	1996.9118
75.4903	14.2416	1014.7986
73.1041	1.1196	587.5933
11.9225	30.2569	1772.6285
25.2203	37.3851	757.9967
38.6688	58.4865	1645.0972
41.0064	61.6081	1722.0331
38.9523	35.1913	1011.8865
17.5263	26.0406	1849.9465
7.7865	69.6888	2472.3772
15.8024	23.4494	1073.9149
2.9359	37.8321	1214.6698
40.6358	36.1520	1060.9374
2.6169	32.8710	2394.7335
12.6875	58.5842	1299.9996
12.1303	46.4199	1622.3947
75.7982	36.9116	2478.6540
22.1167	27.1795	1411.5625
8.5621	48.4877	1393.0355
59.0506	34.6758	1855.9344
0.7350	74.3894	2464.5879
14.1386	2.4154	1051.5441
71.8445	73.2732	1104.0535
32.8645	53.0088	1284.7220
4.8620	49.5213	946.0263
54.4463	75.7199	2140.8481
54.4524	9.2163	1177.6531
66.1923	22.8023	268.4577
41.5366	54.4052	697.7080
24.2629	71.9757	2604.9557
16.6092	0.0886	1040.3078
13.7691	51.6775	2565.2794
51.5369	35.6670	23.9321
20.0311	1.9866	281.3159
10.0759	72.4055	2456.8314
66.7426	0.6965	2097.2194
6.8720	63.0681	2363.5645
62.5766	17.0620	2427.0675
15.2649	12.3273	2461.2872
30.7012	76.9298	256.7271
74.7446	13.9184	1031.3775
38.8288	23.8523	317.3956
46.9621	44.5463	1199.8514
48.5400	14.7435	2645.3295
51.9096	32.4552	1545.3770
16.5486	21.0853	2077.1329
13.4843	67.3557	661.2271
43.9085	26.5722	2465.2754
48.6944	38.8751	1698.3481
26.4464	57.3361	1383.8969
9.0510	16.7291	2744.6619
42.2353	1.4381	2062.8476
45.8276	5.4741	309.0453
66.7145	3.8308	1727.4701
0.4091	7.8192	1478.9266
75.5660	28.8215	2585.6656
68.6535	15.4629	2372.7613
45.2000	53.7320	1591.8367
72.0719	11.6648	1318.2224
23.2113	4.4629	618.6680
58.2160	37.9499	90.1413
49.5484	59.0574	1033.4172
25.9137	47.9316	2747.5523
52.8085	74.6021	203.1171
4.0196	74.6473	2352.4206
52.7566	8.8368	722.2328
30.5018	3.3357	1955.9289
45.7807	64.9872	477.3767
53.6795	10.4156	2801.3064
5.1405	16.6379	913.3655
26.3530	55.4719	1329.1108
17.0996	67.4277	283.3501
57.3244	63.9133	1068.7648
31.8066	3.5490	105.2020
15.0356	56.9922	1305.1542
6.1279	10.3051	1547.9463
53.6514	48.9435	1167.8356
64.4129	19.0494	2305.0461
1.6079	49.5254	2674.8553
53.1511	8.8359	1569.9827
67.6901	35.9224	1588.8258
2.9775	24.6171	637.0566
31.9946	33.1846	751.3817
54.4015	9.7871	2561.7590
3.6583	48.6311	1974.3295
16.4997	39.3854	1453.5108
76.2499	6.0299	2711.0938
43.6494	3.9293	1172.4751
43.5035	30.0878	1943.4610
71.8060	48.1714	439.0323
16.0046	61.8860	294.9764
47.7550	23.4637	2187.6760
37.0966	54.8756	1328.3000
56.6236	3.6736	1393.1218
33.9056	15.7740	217.4828
72.3411	30.7426	94.3926
5.7941	52.4399	1893.1435
59.4558	42.1543	1076.4082
37.6981	66.9047	2237.3919
26.3689	14.3348	2280.9333
20.1255	45.8954	1231.5118
74.0868	42.7977	2416.1490
24.2937	41.3406	1809.7124
44.0562	11.0483	2540.3112
40.3407	26.5366	2737.1599
6.7859	61.2391	1465.4153
37.1179	39.5128	1148.5826
75.8086	17.8761	2351.3458
8.7916	35.8828	1807.5619
67.1902	46.6402	279.5753
20.3345	45.8410	350.9561
13.1578	2.5548	409.9680
43.3549	15.4778	493.0847
5.2294	64.4875	670.3416
44.6875	3.9601	234.3721
5.5754	23.7475	1678.5848
47.8043	28.2009	1381.4309
41.7331	50.7790	17.7412
35.0091	38.0488	2810.8158
60.9007	34.8372	471.7336
64.7637	17.6101	2485.8687
52.1149	22.2316	1881.9356
48.3496	61.6615	1060.7184
0.2258	32.9297	2699.6398
67.8443	13.4305	2797.9755
13.7014	70.4917	1717.7760
47.9365	2.4253	1103.1888
51.6478	75.2554	2134.1471
37.1821	19.6226	2267.5334
58.3311	11.2333	2016.3195
17.8078	66.6016	2570.0829
5.1830	60.8297	2341.4067
13.9267	24.5849	1853.2686
60.8701	28.4984	1750.6909
28.1266	35.0636	2314.2803
7.6051	68.8289	1981.9368
20.3116	31.1548	1479.2131
12.8238	18.1364	801.8106
54.3005	21.4724	2714.5892
54.5924	73.7394	326.7652
74.9393	22.0494	1830.3556
21.6291	41.0012	1171.1673
41.1249	50.9769	959.3105
40.1384	29.5307	437.2657
2.3596	33.7985	1447.8841
48.8529	46.5103	280.7766
13.0824	7.9340	749.6700
23.6155	71.6999	1002.5733
21.5990	26.5234	1233.6479
56.8555	23.8589	1960.1956
39.0570	26.0413	2697.7095
38.0061	76.9745	2047.3925
63.5033	31.5771	2057.8431
41.8310	61.5148	965.5535
65.8866	27.8167	656.7741
73.4137	40.2079	60.5461
50.9619	25.1535	1580.4430
59.1958	66.5853	1269.4510
10.0228	62.2233	453.8008
16.0047	55.1192	2763.2252
27.1938	2.4960	1958.8540
21.8220	30.1851	1654.8966
44.2418	23.3945	81.2059
68.2195	26.5875	327.3129
13.9351	75.1298	1447.0500
30.5243	48.1466	2137.5524
38.2486	57.9007	452.5044
67.1498	59.1516	1078.2659
46.9412	53.6809	1702.0546
67.4908	65.8282	249.2786
41.7440	74.9819	2120.2907
11.1326	15.6328	1576.9614
4.5682	17.6419	2716.2121
41.1175	34.8688	2179.7136
33.0736	12.2199	2184.8365
47.4551	20.2866	1291.5669
1.3159	22.8340	2470.7376
48.6392	12.7569	1880.3796
46.0615	47.6608	1276.5741
62.4205	4.6624	2223.5010
44.4431	20.6053	2291.4595
34.2804	52.7800	2466.5137
18.9858	71.4441	513.3186
52.5031	50.6470	107.3524
39.2634	7.5245	1816.7789
75.8700	47.1640	307.5110
7.9037	65.8161	1630.6284
66.7590	52.8678	1929.3706
34.9782	63.2044	20.2647
76.8552	18.4936	1415.2282
53.1485	50.5681	79.4221
32.7378	37.3729	29.6923
28.7687	61.6983	1395.2096
45.8192	49.3702	1236.0548
72.0699	37.3597	561.9011
70.1345	38.7608	1021.5128
74.2247	40.6170	493.6430
61.0139	51.4446	1786.2025
45.3421	21.9593	2590.7999
50.2963	39.0201	2738.9867
36.2102	22.7015	452.4927
26.6886	26.2939	2114.2163
69.5225	65.3880	2121.1830
1.6868	74.2830	1469.5925
59.6562	72.9039	2598.5299
14.8978	60.1924	1804.5066
27.2766	27.2040	2030.8017
65.7281	15.0818	2475.3302
20.2397	15.0333	112.0784
9.1852	46.2431	2630.1375
12.9524	62.6633	1054.1341
21.8933	74.4235	1464.3435
47.9172	66.8486	1252.1832
53.5969	61.0497	565.1277
72.5577	47.1353	1282.2626
10.9456	64.0715	1556.3719
21.1554	44.5096	1066.7859
17.9439	57.9255	2204.9517
38.1442	41.8305	2337.2010
19.4346	73.9097	2619.2686
11.6325	38.7634	874.9754
45.2691	44.4043	1126.5137
71.7614	20.2087	2508.5240
15.7844	63.9417	273.4081
22.0369	13.9025	1862.1527
1.4110	68.3550	2415.2618
68.0702	58.9227	2627.3328
21.2618	1.0255	1344.3417
40.6889	63.7836	2208.4662
9.1646	10.3143	2625.6290
52.7704	5.8598	974.1667
67.7067	3.0107	1235.0575
72.0570	2.8672	2114.1606
46.6385	43.7332	205.1539
10.8545	59.5077	1830.8869
62.8150	12.1777	2301.3577
73.1048	1.4099	1491.6443
64.3601	37.7355	1880.9369
11.5251	24.5702	1768.7349
71.3970	8.7111	1063.8239
55.3023	57.1359	4.1648
7.1873	64.8691	340.6263
42.8746	8.4201	533.4148
26.4509	75.4399	1149.4961
11.3253	65.2317	2495.5740
34.2706	22.7577	111.3916
40.9698	40.4935	2018.5169
33.6023	11.8487	1587.8843
71.5156	7.5710	2250.6402
67.3069	76.7124	618.1535
52.5251	24.8710	615.1582
40.7520	42.8731	678.8662
12.3429	57.4900	1264.7009
63.8071	26.0212	2769.5429
37.1763	31.7837	2428.8874
51.5499	51.6270	1410.1080
19.9012	74.1723	2493.1344
65.0793	48.0714	2727.7827
53.9419	62.2441	721.1560
18.4248	7.4137	1252.0488
36.4211	30.8106	1166.6487
16.3313	63.8541	1118.9476
32.0210	18.1523	90.6059
26.1476	41.6113	1973.5717
32.8216	48.7068	1917.5464
50.2283	51.9998	1363.1066
57.4572	30.9829	41.0213
7.9446	65.9409	1448.1847
25.4557	10.4964	1912.0221
31.3248	43.0768	1758.1950
46.4946	16.8682	32.3613
57.2631	40.3863	1933.0377
61.0468	5.3181	1053.6278
1.6688	52.7506	325.0523
20.8849	29.0530	566.1136
46.3344	8.8820	1325.4504
0.3697	13.4634	2370.1158
10.1380	51.5495	605.9527
60.3973	27.9614	1942.4291
71.5006	72.1236	567.2304
28.5922	25.7765	2099.2929
29.3866	13.3148	2620.8576
63.4700	50.7475	1450.3685
69.4821	9.6646	1646.3816
13.6413	64.4756	1963.8539
39.1276	3.9821	1188.9111
67.2392	48.9025	163.8357
49.0034	49.4739	1243.2709
27.0056	25.7759	798.6926
65.2570	49.7857	1929.0900
1.1717	16.8219	1029.3535
30.9719	69.9981	1379.1174
73.7723	56.7271	388.0776
16.0852	31.6924	300.5821
35.4863	64.5982	1277.9596
35.3633	11.4674	2508.5265
23.8188	43.2884	486.0688
74.0839	33.7489	763.3256
53.7110	16.3639	70.6696
30.7592	73.4201	254.8042
36.2769	6.9282	2291.7792
25.9874	59.8673	646.4320
66.6969	55.8224	1.6260
11.7108	19.5294	2534.6382
4.2859	72.1200	1449.7711
52.3328	71.2863	401.2949
28.8908	32.2242	2790.4999
37.5845	48.2700	2757.5576
2.0232	24.2132	2483.7137
73.2490	16.3362	1643.4062
65.7979	70.8427	2470.4704
74.4394	35.4484	1019.2435
71.3543	35.6732	1794.5235
44.6719	65.9241	1989.5103
17.5587	2.1123	1921.3724
68.5398	47.4233	523.5438
14.2988	21.8245	265.3646
48.0089	50.9363	1963.7587
74.9323	41.9895	592.8610
18.2011	54.5616	826.1225
5.8411	54.9002	2683.3102
53.2463	49.5294	2094.9554
29.8610	49.8505	285.7706
37.7190	52.0967	293.2283
11.1436	31.9398	799.7255
62.3077	49.0863	354.5136
60.7419	62.7531	1124.9449
1.8000	5.1504	1127.6935
32.5754	8.4059	2274.8835
13.0445	27.8694	452.7639
48.9635	58.0941	615.2148
21.2410	66.6219	242.7432
24.4617	71.0791	2141.5170
54.0168	42.2430	1935.4656
46.4081	40.3762	1489.1164
44.7200	30.7844	1931.5181
1.1471	76.8591	1371.0375
36.0279	40.8666	1620.7484
58.7761	31.2101	2083.3912
25.3413	74.6231	1390.4147
30.7189	14.8350	1457.9249
61.7938	22.7306	2653.2094
39.6806	76.6076	2158.8407
49.0837	65.4066	2583.1729
37.4037	15.5241	2811.9753
26.2397	0.4724	314.8942
3.1450	17.7522	769.8822
53.3362	27.5177	1192.9336
60.9869	20.7678	2242.6398
62.7390	27.6559	2374.3989
60.1190	76.5841	660.2450
29.6230	60.5137	1885.7946
49.2810	72.3438	2307.7531
27.9975	76.6362	2067.3987
40.7341	74.1239	427.0882
23.1796	38.0091	530.9341
16.5555	19.7545	420.9379
57.7476	54.2320	1052.4583
50.6570	35.9994	1820.7806
53.5682	44.7901	961.5155
30.2560	37.7006	1303.7591
60.4397	32.7553	2553.9244
51.2317	30.9378	2579.3846
10.5070	70.7082	348.5060
20.2466	31.4479	1714.5965
20.7060	63.7868	588.0354
73.1165	61.7578	1590.3651
18.9523	25.6477	2018.6339
21.0258	40.9453	1147.0464
10.2936	77.0252	1523.1599
57.2478	64.8343	1676.7579
46.0338	21.4322	1612.6136
25.8061	34.3152	1606.1401
40.6084	46.8529	427.3205
2.3448	41.0879	2337.9288
5.5459	36.9808	1015.0401
45.8221	6.3194	2249.6962
54.9939	76.0188	1334.7141
8.7999	37.1241	446.4003
68.3438	61.1965	794.9873
70.5741	16.7589	60.7242
14.0701	3.4909	1643.1430
65.4505	2.8530	1454.2377
62.7746	16.8517	2335.8216
4.2097	45.8346	2642.4288
30.3190	14.1703	2553.6093
74.1179	46.8234	1438.3747
41.4026	10.5624	909.0922
56.2503	63.1902	2006.1780
70.1375	44.0970	487.3541
52.1639	49.3009	201.0161
39.3054	58.5357	703.2356
12.9802	5.6270	1961.5219
71.5439	61.0276	727.3480
71.9948	16.7540	1380.4423
49.7027	12.0545	862.2994
23.4562	3.6520	2521.0696
8.5453	19.6485	728.8891
40.9149	29.6038	2207.5666
14.0329	75.6975	86.5117
1.9954	32.5474	2666.6302
56.1898	31.6244	736.3120
60.8457	62.2706	255.7314
17.0729	74.1813	2135.6107
56.6296	33.1472	1357.6691
40.2389	5.8896	2731.6802
54.1746	2.6388	2084.2142
70.2196	14.6269	209.9805
74.3450	72.9469	1720.7031
62.4802	39.7639	1990.7495
7.1051	35.3513	686.6236
50.8825	22.5270	2577.1642
36.9930	77.0063	936.4683
4.2247	37.9460	812.9370
1.2541	32.9099	348.7669
48.5968	63.0456	1015.6096
56.8550	54.8153	498.0989
73.3122	65.0030	2624.8785
27.8368	67.2358	569.7073
64.5612	11.0333	2276.4042
76.7863	55.2236	1315.8342
56.1163	55.0808	53.9841
60.7997	16.6223	931.9788
54.3324	35.2010	58.5681
12.2944	37.6538	1382.2046
0.3274	1.1804	2783.5946
34.1212	11.4095	2549.9681
56.1058	38.2299	707.6142
42.7795	44.6139	584.4613
56.2248	9.0474	1326.6170
36.7261	9.5386	302.5736
29.3154	67.6968	1655.8277
19.3538	47.3322	1005.3098
70.5728	74.9396	2565.6697
41.7540	63.9223	912.8325
62.6798	46.7603	1639.9279
31.6710	2.7646	319.0308
64.1755	60.1435	2127.1233
18.9039	58.1908	1616.3149
55.1967	8.7842	769.6990
39.2160	37.1001	833.4618
7.3292	49.6474	2117.9699
2.5231	32.9519	2695.8638
60.0724	24.9629	536.7455
62.8050	24.0576	1826.7248
61.4277	50.9624	2436.7647
69.7262	62.4749	1419.3155
16.9587	28.1804	1027.8414
63.2583	68.4963	599.1577
46.3360	50.0482	235.8695
41.8494	16.3131	1282.2856
71.3671	48.4366	109.0932
67.5889	77.0451	464.5754
6.4330	39.2883	2738.0886
68.4943	42.6804	1556.4307
65.7525	43.5434	681.7562
3.7702	54.1093	1365.8336
26.1018	1.3907	88.8052
17.9136	55.9978	580.2086
31.9045	52.3443	1596.3376
24.9936	56.1086	2586.2368
26.1267	73.5087	424.2835
14.1910	20.1728	220.0408
8.2131	55.4728	78.0277
60.4941	38.5336	871.4679
52.6856	14.7336	1659.7356
46.2284	65.1618	1911.6304
54.7629	5.2318	1854.4930
31.2442	66.1140	1711.3898
52.1410	51.2011	2196.2018
19.0250	24.6230	2208.1873
26.6810	2.6422	1877.1921
63.7404	63.2121	326.4173
32.1199	54.1677	385.3244
40.8482	2.4274	1101.0901
9.2056	66.2370	683.2417
28.6417	3.9066	909.2333
58.6489	75.2701	745.9040
38.5978	32.0607	2293.3899
49.5048	42.6748	1428.0045
1.4695	59.3705	2565.3989
33.5705	30.3650	1940.7835
33.9566	59.6063	1207.2713
38.6263	32.4627	2524.7544
6.3420	13.6455	1003.1265
0.9769	37.5834	1307.0628
53.1248	5.8122	355.0977
41.7888	7.0943	1019.5925
40.7409	75.9196	456.7445
12.0426	53.8630	2637.2332
27.1836	27.5284	2283.4797
50.6070	21.1803	1875.2451
0.9014	45.4534	2672.2523
40.2382	23.4779	276.0002
23.3830	48.1676	413.9367
50.3052	50.2914	646.7568
23.7640	25.6905	2435.5396
27.2180	44.5879	1530.4181
48.9084	18.6848	1982.1306
12.9278	46.0211	2651.1748
64.1506	63.6331	495.3959
73.5270	26.3521	383.9096
2.4888	73.2180	675.3156
19.9001	17.8224	118.4945
4.8406	48.9151	884.1161
62.5243	45.0852	79.3656
10.2702	29.9614	2556.1882
7.1513	8.9656	1535.3457
28.8810	76.6585	759.3429
37.7806	6.5276	435.2057
40.8426	48.5780	2697.5495
43.1586	49.5995	957.1331
20.4791	73.2677	1635.6176
0.5429	52.2195	1208.0280
66.8608	32.3892	973.6000
71.6554	53.5406	2497.0253
19.6564	29.8411	681.0494
19.9899	70.5806	929.7381
39.0862	0.3749	1335.1371
33.1510	15.0764	20.7939
1.7881	10.6493	2094.0024
53.4645	25.3113	656.6257
1.1412	46.8083	1740.1841
6.3598	43.8986	2649.6075
19.3364	20.0528	1199.3668
29.4787	35.4574	1383.0493
12.0454	71.2381	352.0356
38.2898	55.6374	962.0628
47.8275	25.6257	149.9031
45.8089	21.6196	684.3948
0.7814	49.9574	2351.8215
30.0373	0.7866	716.9166
55.8823	37.0715	1930.1183
28.2092	2.6171	1297.4505
16.1229	40.9954	218.6550
43.3870	69.8838	2223.6587
27.7882	28.1645	191.8842
70.7335	23.3003	961.6896
58.1989	16.0903	332.2775
63.7997	60.8275	912.8172
61.4144	61.7316	472.8288
7.3031	22.2927	38.1850
19.9041	16.0188	911.2944
57.0338	26.2110	1860.7941
25.9351	39.3831	723.0177
4.0685	25.2897	483.4867
31.0110	68.4401	2792.0212
73.5678	9.0460	221.4600
5.1270	8.8634	2172.6481
68.5228	50.9947	2151.5298
62.7838	22.3024	2118.7445
68.8913	34.7047	890.3980
62.2912	60.3683	664.0766
50.5058	18.6860	2271.3956
60.5833	76.4816	1479.1953
13.8068	64.8906	1110.1245
68.4851	68.7593	2502.8541
15.1694	3.9414	337.0870
17.6433	4.8253	2139.5130
69.9737	2.8516	1379.2034
2.3087	55.5266	797.3866
50.7778	60.8744	2781.2388
52.3785	24.2087	2562.2584
74.1146	24.3907	580.9380
72.5625	16.7669	2285.0175
73.7827	75.4473	1421.7484
49.4440	40.7307	1081.3869
6.4907	8.2036	2708.9987
3.7914	4.0220	2030.8636
28.9654	20.7820	794.9299
47.5388	69.1387	2250.2700
20.6985	45.0795	1761.6134
33.4406	70.5705	1322.8320
48.7530	8.0903	2694.2196
68.8381	44.2890	160.0494
58.1668	77.0847	2749.3881
8.1940	7.9396	382.4249
60.1715	10.9602	1356.3081
45.9095	9.9788	1915.7070
0.9533	56.0154	2035.8671
9.6972	30.6305	1049.4170
45.9444	6.8357	1007.0287
57.4022	26.7864	2049.6749
3.6448	70.5208	577.4197
25.7440	51.4494	496.0203
65.1122	20.8556	2269.7357
66.6487	34.8180	1084.1356
59.4159	59.9452	1946.6965
63.8157	54.6270	591.2034
22.2047	33.2333	393.5279
60.1352	7.0181	641.1478
73.9022	76.1814	1066.0996
40.6361	60.8258	1288.5040
23.2544	18.1425	1081.7111
0.0371	29.0281	250.8367
35.6779	48.6413	2147.7836
24.0951	38.2128	290.5387
33.7861	49.2751	2677.6203
63.2194	75.8210	56.2971
48.9716	59.9948	44.5257
70.5063	58.7724	1814.5399
37.7196	18.6870	288.8391
2.3049	50.5685	651.2616
0.5293	47.6239	2118.8194
38.8144	3.4499	1095.3325
65.3366	61.1154	61.7813
55.6483	47.3424	1750.3497
70.5393	66.9382	2105.5825
51.0664	16.2330	7.9955
6.9334	46.7167	1500.1469
28.8049	56.7704	191.5171
61.4604	59.1848	1871.4105
72.4460	18.2058	1828.6358
52.5969	25.4492	116.1486
60.3023	5.4272	2024.0000
71.5348	40.3705	404.4387
11.4270	56.4521	2207.6116
14.0245	55.7545	422.6912
47.8235	55.8332	620.7343
59.7225	23.0898	622.0116
71.6477	4.6516	1314.4560
5.2208	10.9648	2488.2364
45.8149	6.4984	1630.2577
71.2562	57.6089	2225.0306
10.6479	23.0599	563.6650
20.0553	10.0082	219.5325
10.3927	46.9609	1348.5237
3.6078	17.3637	843.9987
17.0367	37.8305	301.1566
38.8608	63.2167	2218.2521
65.2939	36.9578	2205.6909
38.3564	69.1978	1015.3266
12.5673	24.7878	289.2413
29.6337	67.9154	2406.2231
39.4896	27.7821	127.6007
43.7312	11.0710	756.3543
64.9180	44.9097	2703.8420
49.8703	33.2673	2338.3995
21.8026	63.8899	1574.5741
72.1298	73.6147	709.3655
20.8025	41.4645	861.2896
56.5405	60.7027	562.3313
1.8697	3.9831	2477.5611
43.9622	17.5788	2554.4818
48.5093	48.4097	749.9872
52.1503	45.3602	321.8543
51.7383	61.6410	2690.0055
47.1103	44.2269	2348.4284
37.2151	38.2059	1220.3650
6.8617	39.7576	803.4406
20.1734	1.4470	783.8699
69.2441	71.3821	2229.8307
9.5236	75.9662	43.7081
4.7844	10.7007	1572.0878
57.2510	61.6100	173.7550
0.6847	25.3510	1653.3711
30.6821	56.9542	1987.0845
60.4427	71.1905	2238.9510
10.4440	44.7758	166.3599
9.0783	4.7192	1845.4135
38.0461	65.6638	939.2424
11.2432	42.2434	2136.9618
46.9702	36.9611	2526.1323
50.5134	55.3666	2225.4424
6.9976	0.2761	2624.4872
61.6687	4.3095	1365.8215
25.0905	14.7759	855.5340
31.2097	55.3961	1603.4953
33.7247	65.1312	682.3736
75.0357	75.5079	1514.5921
48.4659	75.8554	1231.8215
6.7234	1.7388	2477.7793
64.4705	26.9580	2103.0672
36.0570	9.3330	2433.9564
54.8548	57.6402	1671.5318
41.3741	31.3156	901.6175
69.8508	41.7751	49.9871
72.5840	31.0845	1684.5852
13.3566	47.5762	2510.3681
39.2152	41.2197	1275.1881
42.2373	50.2715	639.0044
41.9403	36.3081	1078.8745
50.6859	61.3050	2368.7056
10.8240	8.3969	1252.2691
5.9354	64.9545	700.8273
39.8196	5.8900	157.4746
15.8506	54.4084	2201.0369
65.7342	2.5917	1508.5740
5.4139	14.5053	1972.7063
54.8844	42.8859	2528.5313
1.5225	27.0241	1223.9720
74.1588	35.2216	616.6796
1.0189	67.5465	49.9906
16.3253	55.3582	184.7829
12.4466	69.5571	1518.7087
6.8986	12.3115	628.5231
28.2924	29.0171	2213.7277
22.1802	55.4969	327.0638
26.6531	54.6212	69.1523
0.9297	38.5052	233.2987
15.6870	9.9190	1032.3812
23.6679	49.3216	2631.8470
59.1023	72.1404	416.9880
27.0577	37.3947	1239.9439
54.3180	40.9762	2446.9264
19.2081	74.6625	1990.8751
31.1676	43.5000	1982.2097
57.5380	12.6305	1176.3578
52.9097	57.2908	1657.3046
74.7011	33.9605	2194.1122
41.5022	52.9552	1380.4405
53.0230	68.9610	259.1449
53.6412	17.7896	2775.2091
72.7994	7.0270	868.8403
8.4765	0.2859	1698.2744
5.5035	35.2396	129.9718
21.4583	69.5242	2758.5064
15.5584	48.4971	214.9245
12.0464	44.0059	309.0480
9.3070	42.9926	1807.4188
66.2954	56.9131	349.3080
46.9079	41.3089	887.3352
6.6682	42.6105	279.5055
37.4338	1.0418	899.1344
33.3357	59.2309	599.4247
17.9963	58.3494	1191.6208
73.3066	61.3739	934.0281
58.7380	5.3301	182.1109
7.4139	67.6673	73.0261
21.8586	44.8832	2190.1975
29.1507	32.2045	1563.8587
10.1782	63.5815	150.8146
12.3544	34.7184	2499.0956
55.0664	61.3586	1462.4432
51.3714	5.4851	2633.4943
0.9807	47.7841	2360.6045
12.7209	18.7694	1016.6888
66.0514	26.4328	1315.2990
20.3948	7.6042	2791.7911
61.8888	35.1531	1956.8959
42.8500	64.0872	394.7306
3.6022	28.4086	823.8422
65.7986	26.3511	2225.0884
66.9317	16.1937	892.9290
32.7037	19.9043	2659.6430
37.9008	63.8563	294.9304
20.1816	73.1880	1829.3247
20.3833	60.9320	2769.1640
16.3971	36.8861	1786.4992
29.8847	51.8291	2161.3946
69.3397	20.2182	686.9956
55.2013	16.8656	2589.2925
69.7871	67.2412	169.5910
69.2774	59.1172	1018.5781
6.4085	56.6644	418.6274
26.7665	65.8029	2089.1091
22.1209	43.4031	162.4496
10.7128	52.6027	1939.5339
70.2977	4.5828	2676.3410
21.3426	70.7103	2509.7787
64.3955	69.0579	427.6930
44.9766	40.2130	958.9847
37.4343	54.4858	2700.0423
15.4994	31.3762	689.3762
29.9499	63.2108	1209.5160
18.2085	67.2903	426.4917
30.7182	73.6260	451.5698
58.0513	2.9064	1134.8414
11.7231	72.3421	1686.9284
40.8838	45.4568	1560.3736
20.3577	62.7221	684.7135
44.6437	18.3746	2805.8198
42.0406	44.9908	2127.8789
62.0463	59.5068	1209.2753
52.4525	36.0731	977.5999
32.2345	29.3344	1081.7074
25.9947	3.0004	1203.9886
68.7210	37.5311	1347.9918
2.4553	45.6048	2420.0218
18.3919	72.4069	289.7518
45.1175	38.6559	2408.5110
8.3030	41.1432	961.6756
49.1331	38.4578	2097.0232
9.2933	40.3855	1430.4486
49.2980	45.8580	1525.6081
40.2283	29.3858	17.2332
66.5679	39.6404	146.4554
43.3275	49.8484	2582.4414
60.0542	49.8763	1791.8363
17.6721	47.2309	2668.8435
73.3822	77.0529	628.4038
25.8615	16.2873	781.1465
5.8214	56.2351	908.5983
11.7167	12.0769	819.3086
48.7484	0.9039	1168.4781
3.7578	13.8919	1621.7084
34.5250	72.2935	2213.6083
74.1419	31.4125	1444.2694
60.7856	2.6732	168.6155
26.3851	63.1685	1983.2131
8.3843	49.2596	732.8205
30.8347	13.8872	1309.3659
67.2804	10.1623	2121.0911
25.3516	75.2646	1553.8601
4.2314	51.2425	2315.7688
2.0704	71.3018	1508.2332
12.3854	75.8539	2334.9369
34.5436	29.1592	1242.7676
24.1340	1.6244	958.3495
41.9824	18.8125	550.0068
37.3620	10.5947	1594.8503
20.9598	29.1149	2720.7575
1.5064	16.0050	2062.6422
25.5087	8.0509	2353.8584
64.5152	69.9906	563.0411
37.7225	36.1508	2598.1845
8.2298	36.1483	1521.9703
18.7126	47.0603	1461.2801
49.6560	46.8931	1452.9698
33.5698	15.8008	1540.0382
29.0095	5.2508	2631.9665
12.9780	17.6751	1562.9782
24.3728	53.9519	224.0990
10.3456	1.2207	1925.0682
53.4985	14.2837	550.9497
18.5910	67.1686	2592.5512
57.1079	59.0383	1693.6179
28.2561	54.5287	84.1372
72.5335	64.6391	104.8323
7.5871	4.5158	2357.4531
60.7744	14.8824	1248.7267
41.5075	16.4432	2550.7200
22.3967	74.4018	766.6092
61.9393	76.8253	95.1999
47.3929	6.0379	1688.1290
32.8846	33.4234	828.2355
20.0747	29.3900	2540.7844
40.7149	43.6981	367.4254
39.6812	14.9665	2389.7410
0.5008	38.2864	1626.8352
54.9605	76.5913	280.0125
49.9492	60.1475	1775.4899
25.5829	18.1434	889.4233
24.4210	43.0346	461.3164
19.1730	62.8765	556.1654
21.9392	46.6758	2173.6590
73.0591	9.2168	759.4922
54.3626	53.1807	1654.8931
5.3091	7.8918	2542.8699
65.6262	70.3916	601.4391
65.2491	76.0199	2588.0752
5.0298	1.5920	1717.4232
41.6422	76.4304	1982.8155
6.5314	26.8979	1910.6364
32.3054	68.3244	1409.2567
31.2726	52.7169	1733.7753
64.6799	40.7743	191.0132
39.6002	56.0230	1647.3437
9.5832	15.8163	1972.5576
16.4497	57.4978	310.0680
20.3881	38.1545	936.7178
6.7628	45.8822	2338.4180
28.0707	75.1975	662.3105
11.5327	33.5895	1051.2345
23.8208	12.0116	1612.1059
39.0128	42.9724	1261.9859
56.8949	24.1401	1772.7001
38.6184	36.1481	2159.9079
46.7460	31.4244	1190.3625
63.9463	15.5112	481.2906
66.1685	71.9717	1305.0131
16.4986	27.9181	624.5087
3.8291	15.5592	2167.6218
67.3457	57.4285	1400.8510
58.7802	69.2712	2630.4342
49.6017	66.4181	2108.3420
71.6752	32.3426	595.6091
63.2569	4.5070	350.5855
46.1401	39.4159	803.4633
63.4371	23.6094	997.9637
24.8823	33.0394	2578.1817
11.1191	69.6700	277.1246
69.4600	55.8013	533.5670
46.7514	8.3301	1120.8552
44.3351	71.5772	1667.8964
17.9258	14.8046	377.2829
27.2429	12.3507	1981.6515
64.6607	20.0453	2339.7422
33.9926	11.6819	876.3927
66.1007	31.6317	291.4090
22.7588	48.1439	903.1310
45.3596	47.4125	1645.6123
58.8179	34.8797	160.6809
76.9140	55.2268	2107.0648
3.6780	65.3665	2027.6958
67.3180	2.8886	1162.5896
59.8789	68.8103	2482.6778
12.0691	74.4798	2239.8472
76.2801	39.1215	2038.7664
52.1888	57.7317	1479.1317
0.6776	14.5176	2339.8780
58.7646	58.4121	298.3047
72.4639	45.2481	1852.5526
57.3309	17.8585	2707.0238
73.1913	17.5120	2163.2960
38.9685	57.3140	2742.6268
35.7532	62.5770	144.5651
25.2253	43.8039	444.4153
51.5071	23.5981	2749.3783
30.4117	61.4500	1899.7100
28.2190	35.5081	425.0021
55.3747	75.0953	1155.3633
20.8470	24.6847	1302.8385
2.2905	42.3225	1623.2585
41.4944	50.6580	2732.2049
19.9491	19.7311	1012.1529
58.9744	21.1631	496.5914
54.2379	76.1775	2319.2500
74.4566	69.5603	426.7447
41.3281	44.7526	136.9862
34.8984	55.0765	1860.7933
5.5452	52.7221	906.6668
19.8440	30.0229	773.6872
68.9897	46.1347	1929.4924
33.5485	54.1289	1786.9281
54.6154	68.5449	587.3118
22.3105	26.9306	2270.3213
73.0978	73.0356	2748.5367
16.3177	30.3368	645.9066
42.0271	64.7610	516.6458
71.6668	61.3723	1413.9255
39.8822	43.2186	2293.4010
52.5172	19.8977	1926.0727
32.5409	51.8685	183.5216
48.2805	45.1337	2407.9079
42.7850	19.5267	2569.2293
14.2730	1.3658	1943.1675
0.9334	40.0195	337.1368
55.6391	1.3373	1591.9547
60.5781	23.9967	1679.8055
4.7514	41.1056	1400.9305
38.6483	13.0816	726.7499
0.8854	55.6037	792.9328
5.8201	23.8489	1901.5670
32.5557	31.6426	99.0239
73.1974	72.0509	383.0022
43.4966	26.4638	1958.4389
32.2208	31.6039	2651.5515
14.9250	55.3503	440.8902
74.9598	47.2067	165.9619
64.1173	72.2656	251.5600
2.0386	68.4845	1648.1234
4.1994	43.9647	1240.0970
48.7215	21.5977	2463.7983
37.8843	38.7283	191.5001
12.3932	41.4401	2680.7143
34.5554	14.0431	2703.1537
8.0839	2.7353	1984.4060
10.6355	45.4259	180.8807
13.8687	59.2068	1895.6896
35.1107	71.9101	2148.5481
47.6364	64.7111	1767.2069
48.0406	72.0167	1316.1904
42.1353	47.6539	562.3298
72.3825	12.0993	646.7585
72.5928	23.8324	2527.7680
57.2429	33.5682	1374.3440
20.6046	31.5170	2744.6644
17.5577	73.6035	1421.9679
39.6457	15.9770	1961.1392
60.3532	62.9397	1842.2716
49.9888	74.4971	915.2944
35.7970	32.8521	1650.6143
67.3837	38.4932	1622.4886
52.7151	50.2911	1486.7626
26.2500	74.7303	1553.4260
71.5977	44.8523	378.4874
38.4124	67.6450	2056.6613
69.5454	55.5353	2684.1549
46.2091	36.8341	939.0287
68.4148	30.8191	2319.0490
22.2384	69.7538	1332.1474
16.1101	0.4839	2018.5833
36.0047	75.5138	1753.0618
23.7381	62.8552	1352.9744
64.5719	69.7399	585.1158
75.2925	19.9655	1375.4785
25.7817	38.7426	1534.4260
45.7846	71.7247	1196.1844
11.9001	41.3014	600.6759
43.8602	71.5992	841.2419
31.8218	68.1702	1206.6188
47.5486	12.9661	746.7570
58.3238	0.6793	2747.2742
34.4664	22.6791	556.0445
24.4099	10.2625	761.8659
29.4972	1.3697	268.1741
25.6767	73.2559	2515.4569
29.2400	30.3434	996.4228
16.5744	14.9491	1761.5978
54.6705	60.5963	2656.1721
3.0113	39.7260	2330.7026
17.2917	5.0677	93.0162
70.2084	10.6831	207.7473
6.2101	24.3757	781.5772
43.7743	21.8328	508.9432
8.8298	15.0729	1613.9064
66.8542	20.3440	616.6639
74.7522	0.4412	1992.5717
6.6003	72.7769	2725.4530
6.9547	56.1952	1525.6680
64.0168	35.9451	1634.2157
18.4480	69.5746	388.5418
13.4303	12.5317	2709.3262
50.4846	50.1805	1680.5229
22.8679	26.0658	600.4700
41.8367	15.8402	2528.2647
20.0751	50.0829	888.9087
40.2121	17.7922	156.8777
62.4497	46.0688	1287.0901
6.4152	48.0460	2806.4212
57.0208	63.2188	2699.0286
60.4673	77.1026	1516.4798
4.1066	52.0074	2025.0100
31.5058	30.9586	1201.0672
29.4646	1.2893	110.7146
49.0279	43.1356	130.1647
32.5393	24.8995	1414.3434
49.0766	65.4045	2583.1987
55.9732	27.5604	980.2280
73.7176	69.5408	1882.1160
64.2577	3.3220	2016.1446
30.0775	72.2864	1301.9161
14.7345	40.9381	1460.2060
70.4493	66.2308	2431.8218
55.3529	2.4254	1607.7465
56.3468	39.9645	2319.3558
17.6627	15.0179	1692.9015
66.7865	41.0901	1956.0570
63.7089	42.4035	658.7035
41.3534	39.4556	2432.7878
63.8158	70.8501	2080.5183
17.4168	21.7236	1031.6066
38.2083	48.2835	1236.7665
62.2556	29.4921	2360.7215
55.5820	44.7483	2585.4488
13.7287	67.5895	981.2222
45.5675	73.0924	2662.7669
56.0062	17.8809	2574.8237
22.8781	6.6982	2251.6734
61.9929	21.2510	1551.5734
13.0525	12.6493	1633.7193
59.9773	22.4060	327.5006
39.2462	22.3048	858.4510
7.0596	8.4177	2078.7869
6.4281	38.0850	1324.1205
14.1630	19.6717	722.3860
63.8059	27.0980	1402.7032
60.8195	49.8768	2136.7885
18.3774	24.1814	824.1292
50.9007	62.3457	2321.6682
0.6728	54.8167	1738.9330
76.6206	9.0882	1633.3000
32.2122	26.8640	376.9003
6.2432	58.3731	1669.7296
67.1906	1.3559	487.7147
25.7482	20.5938	2442.3409
52.5507	69.6632	846.8851
36.8374	20.7106	1382.8705
8.8680	37.0760	12.2575
19.5645	42.3293	1259.6915
54.7680	4.0051	1079.0161
68.1451	28.0201	406.2148
63.4519	65.6387	2657.9811
20.7891	71.8939	33.2574
60.7028	74.0500	2381.4499
18.0422	41.9450	848.9462
10.4908	1.9953	1165.1141
72.0123	6.4626	1964.4313
45.6188	4.8841	908.8332
13.6968	50.4918	1423.1643
3.9298	69.5029	2229.5192
74.9143	62.8167	1859.7704
39.2473	72.2340	2558.4558
2.7177	43.1681	1382.7478
13.1654	43.8580	67.9515
0.3034	16.3195	991.2389
75.0655	28.8396	65.9720
49.6394	58.9029	1003.5712
63.9389	0.1064	862.8814
34.9404	11.5911	2478.0437
8.5232	30.2430	1893.3505
4.6981	29.1172	2674.6977
47.4565	15.7578	520.6393
19.0366	20.5746	338.9845
6.6691	33.4021	1104.1262
38.3963	60.4050	2104.7315
37.8201	9.6150	816.2819
26.7467	27.3315	2573.3209
18.0261	6.5715	826.4527
42.3378	32.3825	1182.5923
26.5921	51.2278	2265.1727
65.7196	50.8390	2801.4377
39.4599	0.6054	2370.9031
27.3487	10.1695	2565.4749
5.9332	52.9036	269.9815
2.6430	9.0326	55.2330
29.2817	67.9981	2074.3827
59.2658	32.5417	147.5607
63.4251	57.5618	2590.4226
42.5416	35.9307	655.1746
6.1189	3.7383	1040.3591
26.2104	48.9257	528.1868
55.8987	67.0203	141.6206
5.5934	16.0698	1993.5462
17.8558	63.2261	2788.9701
16.2884	26.6083	432.1618
53.2777	3.5377	2706.8482
40.7454	15.2977	2350.0947
29.4194	64.1830	1150.6256
67.0042	36.5716	448.0553
1.8637	56.5035	1317.6299
75.9091	65.7331	2749.1152
50.4655	30.1301	2392.2543
49.3570	17.8469	1830.8407
53.2936	17.2299	626.5879
74.9679	73.3251	2724.8531
33.1219	68.3349	186.3261
39.5237	7.9590	915.1977
58.6322	21.4464	1821.6226
19.2997	20.9440	358.2193
55.0684	4.8514	1649.9333
60.8836	14.2394	910.3852
54.5207	7.7537	2100.9553
76.6084	69.6548	983.2553
43.8178	69.6188	1447.0673
26.5769	12.6653	1333.7242
57.7910	49.0560	2797.6050
34.2308	71.4553	2476.8061
58.5324	29.3278	289.1072
12.8465	22.5617	2286.4580
58.5720	48.2127	1284.1288
61.5176	56.0185	933.6656
10.8910	2.7827	1797.7941
61.5661	31.5719	7.0014
42.1683	50.0229	2176.3718
6.4722	30.6926	337.2468
76.7531	52.3438	1317.4738
13.6730	17.2153	298.5197
73.7059	60.4133	507.0040
73.7783	26.7321	1887.3941
7.3867	52.4637	2181.4093
5.3984	31.9498	1485.9223
13.9465	15.0743	1881.7075
34.7646	53.0303	2655.0851
9.0959	71.1711	2685.4317
38.9537	53.9435	2197.9165
31.3274	15.6846	106.9267
18.4561	25.4840	959.6643
40.6838	0.2681	230.5572
13.3116	25.7206	1504.8749
14.7850	11.2374	2253.3716
1.1847	59.9551	1860.6904
54.5627	49.7513	2121.6246
71.4569	40.4661	371.8746
64.9842	69.2934	773.6062
57.3171	41.8075	2133.0479
69.2489	3.1619	2318.7695
48.2548	51.3485	1815.5985
74.4598	20.3981	178.2601
9.9970	34.2176	507.2768
53.2698	28.1520	1771.4949
49.8212	28.7619	266.9087
42.8805	27.0211	2056.8539
14.9333	47.6788	2458.7775
44.2256	4.7600	1759.7199
35.6793	22.5300	513.7627
70.9635	72.8958	622.9004
48.6608	42.4770	1546.5642
10.7243	30.5808	256.3338
39.9820	52.0324	2277.1166
64.5575	64.0077	2335.2120
20.0756	69.9768	2783.6543
20.2453	3.7500	2027.4496
31.7383	10.4958	1608.2397
60.4618	68.8216	487.4797
31.4896	74.3656	2763.5476
11.4774	10.7234	748.6632
34.5252	20.9313	2096.0615
69.9344	25.7818	2018.0092
52.2377	46.7830	1514.6864
3.8542	4.6042	2462.0154
19.7026	6.8371	276.8354
50.8027	8.7745	57.1653
33.4752	64.6403	1190.9241
49.1463	7.8393	2398.0000
52.9390	35.1431	2367.5269
33.2603	38.1615	2603.6315
23.8181	20.8731	2328.7460
74.8324	24.8706	971.4756
61.9197	4.9727	1456.8727
6.9528	1.2150	2185.2736
17.3742	26.7872	1515.8950
51.7721	16.0922	1457.5676
6.1069	41.2060	2718.5096
43.2524	8.7798	1694.3162
11.4604	61.1674	216.6972
65.5730	19.4124	1018.3462
41.4758	36.0838	1059.8086
55.6315	1.8228	2268.2832
55.2674	34.5674	1539.6313
31.9664	21.7555	479.5885
68.8120	24.0617	1431.2603
10.9867	11.8019	865.3242
33.1739	11.5041	1491.6522
72.4172	51.5889	444.3098
10.2531	18.5370	2768.2224
8.9488	8.6653	162.9214
63.1121	42.6662	558.7665
68.9423	18.0717	1358.6803
56.0099	41.9399	2589.6254
65.6923	48.2260	1962.2381
4.4264	16.5140	903.2413
26.9507	57.0997	2190.4436
26.5187	48.6536	1687.5005
41.5982	23.5580	447.7005
12.0472	0.4867	528.9301
55.9504	52.9106	2759.0412
30.8626	52.9719	859.3362
47.8773	53.9843	1229.9955
44.1123	60.7654	1268.5497
32.0487	15.0045	79.8338
13.6539	53.0192	658.2405
18.3780	73.7151	2537.8316
68.4604	4.5143	1805.0456
13.4194	46.2997	791.0212
42.3893	74.3016	1294.6171
64.2239	14.9572	746.2412
74.8277	75.1493	1199.2150
36.1203	28.8804	1713.5085
48.5511	61.6886	969.8116
3.5716	32.0840	1102.6939
34.8576	70.5601	2479.2864
52.6420	18.1776	570.6135
46.7159	20.7832	690.2146
32.9294	61.1357	2112.3470
66.3982	62.3062	2376.0333
36.9423	48.7259	2540.1205
75.0926	16.6790	1039.1593
70.5769	38.1021	1739.0609
7.0910	67.3898	1968.4837
30.1407	76.8047	1731.4096
44.8971	71.4647	809.6525
26.0846	46.5084	1061.7582
39.1920	5.7003	2570.5224
1.1081	14.5783	2601.5361
59.2698	59.5599	800.8042
24.4818	12.5507	131.3433
59.4322	6.7293	1121.7783
60.0468	56.6573	177.1104
28.5936	32.6637	1462.0456
72.4170	47.0951	377.5687
28.6502	28.8622	810.2344
27.7355	60.8987	1388.2143
71.9553	11.1070	2074.9773
19.2300	65.8533	2524.6636
9.4660	37.8982	821.2314
74.0591	25.5971	1844.9424
4.8871	32.5582	2700.0205
34.8998	69.9576	2363.9235
60.2626	61.5533	1711.2351
40.2249	6.3303	1422.2221
32.7758	28.4011	2409.5924
8.3146	13.9843	840.9989
48.4742	28.7027	1166.2202
54.6342	64.4791	2267.3616
20.6859	71.3760	1708.0161
13.9584	58.1307	2454.3749
62.4618	31.4897	2238.3220
5.2982	15.2228	1631.9606
58.7258	25.9897	1994.2090
60.3136	48.2889	2589.8488
66.9658	1.7041	546.9771
68.6482	29.5991	2428.7007
39.0851	16.5187	1942.7187
26.8165	68.7891	63.3268
53.9826	71.4880	2362.7777
29.3858	34.6549	328.5582
72.6662	17.2119	472.0252
76.2732	19.7892	1421.7347
57.6522	66.7591	572.0689
53.9886	13.8822	1751.7820
73.3905	54.1774	100.3915
48.2014	69.0677	384.5163
39.4656	75.5084	2075.9963
42.0590	19.7522	2652.9696
24.2310	25.0668	854.1086
74.4788	40.9808	2550.1990
69.7848	20.5155	1302.1494
37.8396	22.3240	749.8046
27.8196	68.5815	799.3498
15.5185	60.2719	2306.3826
33.0366	30.7730	1594.6483
72.7931	63.3144	2334.0419
15.9971	73.8608	121.8294
20.7916	5.9186	2747.1142
71.5640	54.4871	2052.3364
54.5472	37.8359	1396.2392
23.4064	6.3236	221.2832
50.6509	40.9935	2093.6831
26.7257	2.4909	90.8655
20.6798	53.5746	1554.6170
30.8260	24.2037	607.3080
38.9756	30.1333	1435.9767
60.7486	16.4401	358.6360
5.5599	56.3261	1840.0294
59.0724	20.9800	515.0019
25.3004	46.2709	2112.8838
73.2401	25.4567	971.8868
62.7133	35.5755	2564.1329
65.3008	5.0529	1084.1162
50.2239	45.4614	2425.5099
27.6552	19.1076	1778.6429
24.7927	59.3598	2784.8229
34.8155	21.5921	342.4128
51.9489	41.7622	1201.7931
24.7169	31.4443	1997.7693
58.7738	22.8343	407.2967
56.4827	55.7425	1592.5453
67.1584	44.9686	1522.3736
32.3348	1.0494	587.7907
6.9180	4.1333	439.7746
54.6833	28.4712	246.1416
29.4377	25.6678	1240.1327
61.1069	43.1310	281.0120
14.6920	24.5365	50.6261
9.2395	17.6935	1732.9582
36.8877	44.6261	2420.3503
22.3947	58.5798	1202.9557
1.8621	59.1380	2338.3006
59.3121	75.3771	2648.6678
54.8698	0.7909	735.2624
38.2621	59.8955	527.1476
71.9360	38.5283	1465.9062
60.2566	53.6714	225.4648
18.8715	69.0635	1873.1728
11.8394	63.0789	1738.2471
14.1051	9.3742	1726.7441
34.7710	27.1588	1443.1426
41.1055	25.6730	1675.8453
68.2435	7.0359	1269.4674
66.5747	74.4241	771.7163
12.7575	2.6557	1576.3388
47.4713	43.5055	1944.6308
16.9148	40.8649	1431.2363
24.0881	76.9921	655.4364
37.6091	9.3559	2794.2871
7.2813	72.0051	241.1739
30.7454	26.5407	2237.4417
69.6438	35.0556	1113.9102
44.5187	8.9802	1214.2896
5.6820	36.9974	775.5822
60.6676	69.0154	2554.7161
53.9225	75.6575	2795.3065
26.0628	44.0132	2133.8280
60.7365	34.2489	2006.1955
34.4348	59.0302	2548.3764
12.5895	63.8528	2040.0207
44.9817	51.8849	2778.2811
67.7918	1.8382	874.0499
36.2933	30.6672	1537.3220
21.0815	59.5201	1079.2186
11.6536	64.1498	2092.5963
73.0530	72.4846	595.8903
21.9946	12.3688	328.4484
31.6638	72.4286	1754.9167
16.9784	7.5254	1316.9564
77.1659	46.6249	833.1556
48.7258	72.8754	250.9269
51.7168	17.6940	1931.8152
46.6505	20.9015	879.0019
54.0892	31.4201	2548.9664
30.2652	13.7766	1548.1111
21.8660	75.0258	106.6244
55.6086	23.7112	1638.1320
26.0486	54.0107	2227.8370
27.0159	6.5228	1047.9960
14.0607	21.7980	1827.7269
74.0321	50.9611	2560.1918
18.5339	20.8899	252.1493
52.9171	56.2703	1884.0528
40.3856	24.3584	1809.6686
65.6233	26.7631	697.0487
11.9523	23.0180	2805.8376
51.1494	25.1429	2596.8103
70.7641	55.9231	536.6535
5.8977	13.9523	2378.0979
20.4571	2.4445	517.8474
24.9136	24.0831	1092.3788
9.5647	12.4240	2028.7123
7.6650	52.1715	2541.2355
47.6660	10.1302	2774.9244
46.9255	15.4459	2731.9722
39.9456	13.3695	1469.0852
68.5277	12.1294	2673.4415
55.6885	10.6830	2450.0276
16.3310	20.5703	1769.6174
14.3777	48.1766	2703.8239
70.4313	68.0157	2013.5586
49.1477	54.9353	1348.0077
38.4007	7.9425	2359.5961
32.8222	57.5882	2347.5857
75.0336	37.7713	1582.4536
39.2256	8.9670	2482.8347
28.0700	2.2801	1585.5598
25.4888	42.1753	1730.9193
68.3287	21.3865	2560.4102
9.8843	29.2487	112.0420
57.4574	70.8365	368.4892
23.7943	59.4327	1346.1825
55.0904	24.8788	1104.2590
54.3565	16.1505	13.0394
28.8401	26.0365	2285.2106
29.5126	63.8649	297.6902
39.4057	38.5164	2137.3571
9.2430	55.8163	28.4184
68.5730	74.7612	1259.2610
38.6551	13.9879	2624.9950
30.7146	65.2794	1495.8231
72.0339	24.4740	231.7212
75.4056	66.8206	1905.8228
33.5749	21.3232	1091.4392
60.9010	39.4626	2523.1626
48.6460	43.6129	839.8975
71.6087	24.2343	1332.9233
28.7404	13.5227	692.5161
15.1193	54.8788	806.0577
47.0340	54.8546	2360.3704
52.4026	31.3942	95.6672
19.3022	58.0531	502.8202
36.9353	76.3454	469.2684
57.6747	58.4307	2532.3084
52.1085	7.1404	2295.8633
67.2457	11.7487	189.9419
20.6998	75.0450	736.3508
47.2088	20.3678	2382.9717
65.7950	30.1924	2569.3238
40.5856	13.4314	2627.2793
76.6292	73.8318	520.0028
33.9938	50.8085	2783.6102
67.5906	24.6875	691.6485
26.0858	73.4047	635.5628
67.2244	56.7503	598.0542
15.3239	43.3906	1348.5216
25.8841	71.7574	2426.4930
66.3882	33.7122	1151.4155
40.0820	76.4428	1452.4128
19.3040	17.9008	139.8728
54.4760	3.8020	1591.5546
33.1575	24.4236	378.9062
1.8877	4.8347	1756.0926
72.1475	44.7342	1191.1375
56.5292	52.2727	339.7051
74.0352	17.2065	534.4373
17.0736	59.9915	1055.9174
75.7585	7.4458	248.3000
54.9685	1.2174	2417.0264
56.0773	10.0605	1131.8342
41.5237	63.6382	216.4318
68.8323	11.2666	907.3871
37.8642	41.5362	1957.8140
56.3611	64.9302	1801.3843
31.6199	6.9185	506.6402
18.3957	2.5149	1556.5511
67.1341	27.7177	2651.7243
40.5106	19.9895	2343.3619
41.1899	33.7213	1613.1082
54.6969	8.0263	289.4082
13.6307	68.3723	1022.2012
55.0837	4.2506	571.9137
4.2488	60.5090	1892.0622
52.8787	47.4707	2118.3946
8.4598	65.4742	2402.6751
70.4753	59.4489	1103.2048
23.0371	59.5950	1249.4113
33.6083	47.1082	2770.7059
51.7050	3.5055	622.2700
53.2706	62.2241	1622.8054
11.1394	45.5061	2663.8014
22.8465	71.4178	1659.3782
29.4052	54.5200	408.3855
59.0358	50.3770	1884.0987
46.8464	16.1634	0.4860
27.3697	47.8090	1619.7332
42.7855	33.9282	2509.4779
69.2325	9.4482	1864.2090
69.2792	41.4183	513.1521
49.9531	37.0550	1987.6288
21.1094	12.2379	1656.4014
46.3690	20.1512	2323.9745
29.3704	48.2141	1427.6274
52.8385	58.3389	736.9145
54.9752	22.3051	1283.1284
28.1176	43.3191	1856.4837
44.5662	4.0114	1917.4607
65.9186	41.6189	1669.4686
25.2399	44.7540	658.2787
32.3642	21.5900	509.6371
0.4313	54.6422	374.5907
69.5927	58.0827	1742.1916
43.2979	44.9547	1659.4697
58.6463	32.7011	1088.7517
28.4987	64.7964	759.4557
62.7201	71.7367	713.3343
68.7640	67.6543	2524.1554
54.3174	69.0027	658.4821
69.7927	19.4770	2565.0283
72.8071	31.3884	1318.5386
72.8530	11.2355	1739.6966
16.7844	73.2264	1718.8014
27.2123	20.8169	573.6203
36.0545	16.5287	2430.7709
15.9708	54.4562	2230.7397
22.2610	51.1085	222.2964
19.8831	41.6486	375.9084
4.5334	17.0101	819.2982
25.5253	63.7135	1201.2986
55.9257	0.2491	1576.0895
63.9462	31.6312	1068.0104
58.1088	70.7575	2037.4060
70.8248	14.9448	1891.9325
42.1077	63.0329	1229.9463
22.1536	5.2627	730.4725
31.3687	66.0996	2799.3708
11.8348	75.4875	1983.2555
62.6034	63.4701	2249.0666
71.1686	9.8068	2061.3772
63.4558	18.3703	2083.6245
68.0929	37.6950	1514.1699
25.1975	49.6152	941.2461
65.9291	64.6365	933.5957
14.3587	24.5619	166.3746
74.5366	70.9803	2728.4403
24.7984	67.2708	1189.0917
23.9721	26.2684	8.2101
1.1288	57.7197	640.6497
68.7853	70.9810	486.8930
57.6001	52.1285	728.7304
10.6252	53.0471	1154.6580
7.0624	33.7703	2511.5796
71.1479	17.1634	1126.4653
5.3855	53.4983	1516.8691
6.4444	49.0706	1895.9708
24.2516	31.7832	2634.8664
15.2656	60.4706	213.3340
29.9231	62.3487	1682.6997
38.4921	62.6912	131.0625
60.3936	21.1562	1889.5616
19.8103	63.7849	1117.6612
34.5523	18.2066	1846.0672
27.1529	0.1305	1352.1485
74.4731	39.3845	649.6162
37.2329	5.7852	1325.2454
47.3746	41.3721	1289.6380
0.4897	63.5808	1508.7864
70.1979	45.5907	2239.2113
53.0645	10.9629	1563.2043
73.5640	46.6447	1341.6235
10.9473	53.9919	2711.6873
69.1972	22.5434	461.0522
48.0623	47.9180	1188.3955
36.1522	59.4402	178.5962
12.2563	66.3750	372.9674
2.6512	72.7022	2746.1492
14.5255	58.1013	2281.5161
27.2747	75.2046	225.4857
10.8247	48.9857	893.3323
61.0069	38.2308	543.8452
51.3891	72.3485	2005.1954
69.2887	8.5438	741.2836
68.3566	18.8469	2678.3900
67.8615	22.7575	2375.8848
48.8354	50.3786	689.4347
76.0423	71.9873	450.4352
53.9395	37.1256	1175.7879
72.2362	34.0532	1494.8810
28.2857	61.5484	1424.2362
76.4466	60.9450	425.4666
25.3250	20.9296	520.1466
46.7550	17.8364	2108.9767
27.5496	10.8390	1791.9464
70.7436	72.2659	2201.6001
1.4754	6.1862	475.2941
72.6965	65.3643	2102.0911
75.8256	53.1520	2507.4922
36.6207	22.2416	2288.8907
36.8550	54.7578	2626.9308
57.2115	13.2987	932.3322
7.9149	27.4908	1916.7998
68.2262	26.5851	2706.1831
0.9890	14.1255	300.9452
8.6381	9.1044	2682.0975
2.2374	62.5372	555.5386
51.8584	67.2137	357.3372
2.1989	12.3264	1287.8105
73.9755	64.0356	2242.3330
7.0885	72.0992	2572.0762
66.9284	70.0302	74.0777
41.7781	42.6188	1126.1201
30.1450	61.5704	1738.7820
29.0249	11.2489	406.4003
10.2632	34.6315	704.2756
11.9391	1.2011	496.4484
1.3826	55.6287	1635.0148
12.9157	65.5682	1107.4863
2.8856	17.1718	2510.4080
5.2688	2.0414	2003.1640
2.5880	25.9997	2449.5984
60.4245	23.9940	1345.4428
4.6077	60.2028	1264.6416
13.2617	27.6703	380.7915
19.3417	8.8312	922.4018
13.4782	14.0482	1552.6537
77.0546	23.3518	977.5163
51.9761	6.1299	134.4251
7.3237	73.5705	516.5017
41.9545	59.2393	346.5543
7.0803	72.9570	509.3071
63.1045	14.1533	2074.2094
7.4776	42.7805	836.9992
76.5908	23.7980	372.2720
70.1898	12.5118	1243.5074
0.0915	20.4115	571.6889
65.3626	36.3568	400.9746
26.4923	64.2949	2171.4481
22.1310	62.2498	1127.1253
76.0326	18.6347	114.2908
19.9156	53.2230	158.9627
7.1047	28.1647	1819.5022
61.0233	12.9398	337.0755
38.5148	24.4704	962.3932
6.5020	11.2065	2526.6564
65.4489	71.3619	2351.3976
12.6313	67.0550	1926.9569
0.8662	53.1534	2518.5558
52.7326	58.8784	644.7203
36.9735	10.6383	896.0172
21.9201	55.5380	396.5401
50.3871	12.4246	2109.3092
33.2498	10.7212	193.7496
55.2391	52.9000	2220.8977
40.6838	76.2283	2381.1322
11.4552	2.5694	2589.4203
7.8259	35.0134	1143.4246
1.0309	24.0490	1245.6796
73.8878	41.2951	785.4008
46.5151	50.5411	14.5298
43.3526	63.3482	1813.9718
24.4002	40.2268	625.0181
61.6073	75.7087	2691.0483
60.7999	29.7441	2061.7662
21.3509	27.4325	1043.2708
22.4506	70.3296	240.0614
9.1063	38.9835	59.8326
61.1571	42.8553	678.0540
37.8577	61.7986	1496.4534
10.2857	70.5825	1503.7561
10.6080	1.1959	2281.2586
71.9457	69.6459	727.3989
49.3984	65.1049	2650.2929
72.4258	33.4868	840.3991
19.8886	1.5191	1241.9441
48.4402	36.6754	1258.0293
12.3272	12.0090	62.1394
33.5564	66.7876	1554.8998
16.9259	40.6001	935.1109
34.5690	73.1840	1627.0362
69.3320	49.0822	1649.4547
8.8686	57.9840	1147.2236
12.3927	3.3452	256.2253
33.6667	49.3400	1675.6422
22.2406	32.7920	1613.1829
54.3147	18.4351	632.7110
59.3443	73.0732	1972.7421
38.9037	77.0998	1531.8725
14.0188	71.9830	2414.9582
2.2113	8.9357	742.2473
52.9507	55.3809	2184.6316
35.2152	18.2886	945.5420
20.6058	33.5118	1566.2950
2.4152	46.3518	1328.3685
72.9404	16.3196	803.2119
73.5651	65.3869	2444.2994
35.5964	19.3082	2281.4584
39.5812	31.4617	2475.7088
33.2436	6.4928	2427.1363
55.4765	72.5591	1464.9947
30.9646	68.3853	2751.0101
60.5087	20.4563	2106.1269
5.0272	42.3817	1641.2798
11.0137	73.3510	1487.7230
14.2708	10.9035	2735.1556
77.1659	24.4337	2626.0041
73.6229	60.7788	2772.0333
57.2144	4.3520	729.6122
13.4083	4.4902	502.0371
12.8166	57.1335	2112.6029
34.9213	10.7208	124.9861
52.9370	51.6007	676.7348
49.1489	43.8082	2030.3326
19.2483	12.3587	1375.2272
75.9901	45.6039	1078.1364
7.8760	70.5553	210.2608
4.8405	20.5513	1222.6480
73.2673	74.4733	2343.0000
68.1301	0.6877	417.2955
66.0744	51.5628	1428.7925
6.9594	43.4947	825.6023
12.0143	3.1584	1948.7382
7.0615	59.9732	2167.9318
73.9536	24.1453	1201.2934
49.2024	17.3651	2742.4165
68.1537	34.2191	79.1244
67.4203	41.5348	589.1886
56.8659	74.3536	947.4339
73.5363	72.5272	1287.3734
8.8904	44.2605	2528.5157
6.3304	45.0227	0.9298
46.9520	22.2218	412.0721
30.5633	74.4226	2007.1014
2.7133	41.6350	1307.2840
61.2293	28.7129	2024.8830
3.3699	28.4685	200.1375
65.9875	34.9344	1341.7454
75.2748	42.4078	1473.6253
27.2997	23.0881	350.7145
68.4223	15.3372	2101.9330
5.5683	47.4022	1072.1673
28.2451	49.6514	2267.3018
67.8868	76.0795	374.8113
54.8616	19.4672	2797.0428
22.4727	28.3896	2421.4581
42.9980	70.4286	1180.5704
63.0378	31.0444	1970.9272
31.4794	59.7326	491.5351
71.1079	10.7328	1293.1457
36.9977	54.0142	1933.9919
63.7014	21.4274	58.6715
53.2932	55.1395	1853.9080
45.1028	62.1571	121.6435
34.3758	30.7529	1517.6165
39.0873	41.8341	311.2265
13.8898	61.6252	2221.2055
1.5481	18.5710	2446.9752
33.6300	45.2121	2693.4288
3.9491	18.3480	144.9208
70.9364	33.5916	2683.4588
59.1463	56.2463	260.4171
27.0298	13.6433	1926.4499
49.6386	23.1934	1503.1421
41.7527	47.6298	1564.0616
44.1375	50.8081	1495.2092
3.4873	72.2192	2278.3740
33.0506	42.4843	1321.6385
35.8556	25.5142	907.9034
50.1734	36.7546	2108.7589
66.0694	55.7985	2563.8484
21.7453	27.6822	1850.7022
4.8332	48.7839	2489.7584
32.9005	13.0286	2638.1290
7.0981	76.9973	2135.0201
59.6283	62.9810	2170.0826
57.6761	40.5787	1147.0018
26.1507	36.8727	2001.8953
61.7296	64.1565	334.1125
27.4444	73.9456	1609.5208
72.5597	65.9786	168.1045
37.5589	72.2697	1535.0819
71.6563	48.9400	283.2511
14.5702	53.5497	2278.3755
5.3203	32.5925	2331.0844
33.4305	6.7339	494.9116
5.4762	71.1884	1095.7043
21.8042	1.6532	1352.2256
1.1024	6.3875	1236.8068
26.4615	24.8282	1948.5954
46.6772	2.0318	2175.5453
7.6748	43.4940	1193.2874
48.0679	37.2770	1407.4077
71.3230	61.6911	2226.0959
2.4010	21.0887	1132.1488
35.9531	47.3944	2585.7506
6.0071	38.0713	2767.5379
44.5678	0.1031	280.5616
4.7320	71.6507	688.8520
56.9955	67.6873	2679.5733
44.4332	50.1866	1262.5397
43.7571	20.4243	2572.4763
19.5424	43.0844	186.9888
14.7289	72.4562	2614.2814
27.6145	49.3450	311.9167
10.8639	13.3757	2020.9109
41.2143	14.6628	2506.1450
31.5278	67.9908	2377.1721
14.9333	0.3032	373.5675
12.3612	63.0059	150.7306
69.7801	43.2877	221.4894
61.9640	28.9832	1198.1609
48.7999	46.5376	1127.9078
50.7436	53.6889	1306.2853
75.7957	49.3566	255.7142
14.2244	75.5107	1807.8337
7.1061	49.7089	627.2646
69.7807	35.5270	579.2348
62.0735	19.1101	2217.9211
13.1951	76.8427	1284.5341
35.4731	60.4366	684.1314
37.4276	74.3003	1472.3443
16.9580	23.6816	2387.1396
60.7866	32.9670	2741.9175
55.6225	41.2281	1015.8779
3.2142	2.1884	163.5996
35.3065	53.6702	1540.3834
19.2444	54.9485	1434.7440
24.6720	29.8315	1002.5455
37.2210	73.7578	781.3200
46.5489	26.7423	1914.0036
8.8084	0.4964	2657.9611
65.1551	71.6015	552.9601
32.7482	64.8942	1865.3211
50.9526	58.4411	487.4830
59.3245	40.0798	2734.7024
34.5039	21.5067	1318.6712
27.3152	42.5798	584.7188
46.5457	59.0534	1087.5663
38.9423	41.8136	178.3710
76.0071	62.4020	2699.7693
40.7080	20.8318	2419.5844
52.4338	56.8825	1932.9338
8.6206	44.9179	1350.9478
74.6816	16.5775	269.9809
32.5491	66.9926	723.1374
60.0201	59.4032	898.9691
53.1544	20.3276	1866.3042
63.6389	51.3235	1583.0794
21.3384	25.0145	2445.1078
75.5936	34.8853	2259.6434
3.2874	61.3931	1153.1970
6.8128	68.8763	1477.5233
15.9955	36.9554	1316.7912
60.7277	29.5886	2026.2846
61.6367	75.5916	1619.4282
34.1581	27.0884	818.6893
73.2643	75.0981	1537.0776
20.6481	66.4413	2724.3923
20.2234	61.6689	1136.7499
21.7509	59.2728	2801.0145
27.0727	62.6931	869.8188
75.8134	60.5695	803.8495
12.7692	36.1883	842.9362
57.1767	61.9344	1685.2562
67.9590	46.0096	1988.9688
28.0125	65.1569	1279.8349
9.7779	55.4420	2705.7695
56.6953	33.5112	1267.9026
5.0953	63.8144	135.0904
29.6063	34.7705	1219.8522
58.2623	5.8292	657.5733
19.5082	64.7547	447.2548
72.9749	48.5651	2162.2266
4.9212	52.5791	332.1836
75.7278	11.6388	1347.3727
23.3647	11.3792	2549.7055
26.6054	63.0695	860.6145
9.1982	73.6288	1803.3865
48.9282	20.4397	252.5835
11.5173	18.2080	228.1246
34.1878	28.5521	831.0550
51.1960	10.6995	1892.0643
10.0827	22.7851	231.4804
60.1510	61.8236	361.1516
1.4948	9.8894	442.6321
13.1216	8.0745	479.1208
54.5655	10.7374	767.0699
26.8327	57.4844	2045.1964
36.0451	30.5911	959.5038
58.3609	4.4992	2159.9076
63.7020	22.0214	2513.5177
61.7886	39.6101	613.5223
53.9484	27.2562	990.1092
28.5583	23.5621	1263.3952
1.8643	48.4402	1579.9823
63.8505	30.5747	2765.0786
54.2218	28.7190	633.5901
32.9280	36.0785	2724.9777
29.0889	3.5268	2433.9265
73.5920	35.6749	1623.8320
63.3865	27.0764	2198.4092
50.0607	27.9374	190.0292
5.5082	24.8974	721.9199
1.1856	2.7349	77.2232
35.4984	13.7331	2231.4907
57.1339	75.4547	569.6634
57.8818	68.7651	2421.2616
35.0226	40.2143	1426.8436
72.4583	5.2306	1369.4436
6.4993	44.9030	1259.1417
40.6145	15.1329	769.4365
2.4411	45.8284	2366.8436
38.8267	36.6253	1176.8009
73.2471	38.7866	727.4526
32.3848	61.6394	816.8658
59.4846	4.5820	1571.5372
0.5752	24.0257	2615.4352
52.1184	16.8687	1620.4817
59.1068	65.3566	2718.4283
42.2276	75.0481	2128.8955
22.8311	48.6539	1104.8093
11.2338	68.3658	2496.7540
20.2104	13.5840	517.5540
56.9621	73.6310	2571.1937
37.9560	52.4690	487.7734
25.4178	63.4998	1002.8827
0.5930	3.0321	238.7756
41.5924	74.5398	1117.9181
57.4460	50.7106	825.2383
30.0178	8.7888	1753.8618
25.4651	68.5681	607.9320
65.7749	45.3091	334.8813
21.5919	43.2537	1157.5830
19.7033	32.3619	1053.0207
65.3721	19.7320	928.0549
31.4116	70.3412	2441.8911
38.3321	9.5612	2474.5292
67.8697	24.0806	241.1764
67.8605	18.1983	288.6236
65.0084	71.3345	495.1217
4.7307	33.3072	1137.8418
30.2629	14.1775	213.4936
64.3209	14.4212	2077.4287
59.4527	30.7305	1909.1218
40.6361	38.8063	1308.5673
48.2066	54.1626	2678.8201
73.2468	54.4484	1410.1351
53.8063	68.8365	679.6306
43.4070	49.0866	1413.4565
23.3494	73.8530	2491.4131
21.9658	47.5595	2210.3581
17.1840	55.2904	554.4815
62.6207	51.6087	38.2533
47.7475	17.3827	2564.1178
74.5824	37.5523	900.5504
15.3379	49.2334	2647.6168
5.9059	52.6441	317.4123
52.1883	68.9611	1870.8398
37.5876	16.4340	1134.4434
2.2744	68.9686	2451.8232
72.2109	28.2076	2556.2341
18.4441	77.1249	1172.0238
37.7748	59.8834	737.3131
68.3531	34.0416	1313.8201
7.1873	52.0907	1657.3356
58.2035	19.6755	2208.4168
62.5630	54.7992	181.8576
66.7848	29.3643	2218.6586
22.9173	66.1733	1113.5842
34.8521	26.4647	2315.8215
68.3774	13.4157	319.4304
53.2339	12.1561	1542.5434
48.6335	60.9965	1462.3498
65.7128	43.3859	1334.0777
47.6768	25.0215	1010.9283
9.6605	65.5744	247.7334
69.5999	48.7865	1161.6072
29.6639	76.5964	1560.7898
40.8392	17.8808	1765.6842
13.9077	64.3493	599.8856
17.0453	54.4993	1138.9166
76.4059	52.1536	324.2546
6.3191	30.3311	1182.9585
7.2706	57.0819	1524.6536
7.6356	16.8660	2368.8164
57.9285	60.8013	171.7868
17.1405	36.8559	1881.0858
34.2320	20.1456	1802.0021
32.9719	23.2916	2023.0835
39.9539	66.8419	1877.0731
40.2089	40.0767	2143.6612
24.7679	37.7789	1758.5374
47.5441	45.9120	855.8847
30.6109	71.7923	1836.3138
0.0446	30.8521	1182.7484
4.1309	58.2187	1247.0129
14.1130	16.4353	2626.8384
1.4895	50.3266	2558.2543
65.1830	69.2124	20.6140
53.4475	62.3692	2343.0990
40.4211	47.6822	1216.6468
9.4217	76.2829	1339.4788
52.8776	61.8042	2613.7953
39.3497	5.2722	1807.3068
61.0440	53.7840	122.0659
18.6355	19.6470	702.8798
15.9986	7.7384	150.7004
59.7419	57.5306	1187.8331
73.6763	43.1684	764.3236
27.4467	3.1674	1355.1080
4.1629	0.4354	1186.6279
30.9089	74.4329	485.4900
21.3362	17.1591	1046.1382
57.2926	25.8144	564.6254
66.6239	22.4603	2329.0169
42.2454	46.0711	1436.6233
20.7203	30.7643	1469.7097
73.7117	29.7182	1935.3875
36.4547	2.4758	779.0200
38.2921	56.8857	2213.2452
24.8792	58.7846	1370.6432
50.7298	66.0618	1945.1444
25.0547	18.5543	1068.2790
41.7647	32.3044	1260.1561
25.8084	68.2304	1525.2863
11.9745	9.9843	663.3972
68.6525	36.3571	2150.3295
2.2325	31.1361	1487.1837
54.1382	27.4593	983.6359
36.6271	54.4558	1042.3275
52.0590	14.8772	1151.7192
29.0409	29.7044	2659.2720
14.1298	10.0291	828.1040
14.7397	15.4426	2429.6479
36.1360	69.7879	2202.7605
37.9147	33.9715	1070.0712
48.1418	67.9689	2775.2341
25.9502	48.7507	1107.9835
6.4111	28.3255	226.8322
67.0770	27.3673	1811.1246
19.3917	2.0115	269.2806
39.6411	11.4158	2538.8116
32.5414	3.7943	766.1556
29.7636	25.6457	459.0707
51.6305	22.9872	694.2101
29.4180	8.6849	583.7933
68.8028	60.6235	1091.0975
46.8402	46.2408	1212.1188
34.3247	71.0696	2683.0667
44.9624	22.6488	2124.1255
56.8239	7.6763	651.4616
31.7287	9.6127	123.6540
9.5986	47.9604	1581.7093
37.2666	57.4323	437.9100
73.9339	29.0163	1425.3881
64.9233	44.9068	2704.0698
2.7422	17.7843	142.1505
52.5031	40.1017	485.2971
23.0718	59.8473	2783.7633
36.7545	35.4496	1719.8378
21.9020	3.4238	2768.0541
34.4439	49.2427	2703.7644
46.5542	3.5642	484.9562
55.7855	34.0808	12.9173
19.8498	1.0835	767.1888
5.7776	5.2536	995.0036
53.1903	34.1071	99.0005
6.6069	70.3559	2733.0551
6.1986	76.8802	513.6781
34.5159	70.2435	1478.7915
69.5242	23.6339	84.9696
75.0984	0.5787	1281.8293
62.6113	69.5257	1663.2223
9.9276	60.5381	2551.7841
6.0732	37.9147	1398.9315
10.9407	54.9824	2741.2207
69.8730	72.3575	2559.8076
9.7126	46.0328	919.3542
32.8149	9.9012	178.8517
27.0123	59.4064	698.8484
8.8056	70.9019	1715.5264
61.9089	36.8408	561.0838
46.9680	22.1520	311.3156
36.2513	42.8344	858.8468
45.0296	48.2202	793.3883
41.2162	21.3833	1810.0488
50.6591	33.1379	391.8582
7.7039	38.5232	1378.9228
7.6782	44.9360	1062.3386
71.6093	0.0838	1476.9101
23.2739	70.1436	397.6984
19.3851	44.2281	1014.2014
33.9930	55.8850	880.6402
37.5585	70.3162	1787.0197
16.0360	74.3633	1245.2031
47.7307	0.4835	2534.7958
38.7085	29.2734	2284.6344
28.0985	2.1025	176.4608
76.4180	24.2826	970.9616
19.1045	11.7530	1733.4624
63.9144	12.2359	2556.1317
44.8815	14.1750	1817.9540
46.5919	64.6449	2132.6700
55.4553	51.7530	1794.9024
6.8516	40.9417	2332.6775
72.6772	37.0955	10.0524
72.1675	56.2714	342.8981
49.1348	18.7691	2746.2288
43.6713	10.7406	839.4157
68.3860	73.6532	484.1276
35.6324	73.2747	2612.7749
30.9240	59.0121	479.9072
28.9467	66.7960	2678.7455
76.5016	5.9750	1680.8372
18.4329	56.8529	1244.6743
1.0546	62.9895	462.1140
26.8019	47.3628	1726.8915
44.5124	4.3232	2742.2253
41.4478	19.8729	2496.1775
22.1926	26.9409	815.1379
46.2664	42.5758	906.5564
66.8594	19.1366	882.4855
39.1948	12.6457	13.0331
58.8078	72.7232	1541.7402
65.6571	25.2718	2022.8210
36.7759	10.4908	950.6832
72.3566	56.8554	1943.9280
58.0478	50.0731	2219.6605
10.7582	36.3003	2522.2179
10.9657	26.4128	1044.5791
63.6640	15.3848	52.7220
59.2461	38.7503	1932.4001
44.6415	70.1174	2385.4422
6.4946	37.3119	2461.2792
17.3637	73.5869	6.8611
6.6948	24.4369	98.9752
23.5684	15.0903	1415.0631
55.2220	9.6479	95.0528
56.5904	57.6996	1235.2483
17.3256	7.8292	2021.4822
7.4068	57.6184	2306.2099
61.6382	4.6480	1409.3964
42.9758	72.3411	2284.6668
72.0015	2.2822	42.7912
8.9740	22.5919	2491.2771
37.2207	52.9564	1941.6859
5.7313	53.7890	1378.3651
68.5724	38.2055	1777.8074
25.2721	39.5956	308.6115
55.7733	36.7031	356.5014
44.8215	18.4799	617.9126
37.1025	60.1272	446.7099
64.6550	62.2790	2187.2437
19.6022	54.7224	1032.5981
19.7453	42.8260	727.7285
21.6225	14.2162	402.7716
43.8411	29.3881	2011.0393
39.9640	62.2822	245.0839
31.9562	65.0140	1583.1065
32.1995	53.2889	1875.2156
56.4253	7.1597	86.1048
66.7789	65.9063	2264.4276
60.6869	9.3350	2443.5850
8.7498	2.2275	1015.7271
12.5396	28.4030	1120.0697
18.2049	67.7402	797.1414
43.3044	30.1864	1615.2583
14.2813	29.6447	1017.6804
45.1657	74.1293	1877.3503
19.5737	64.6303	1275.4049
6.9160	42.5044	1864.3723
59.4136	46.4102	368.5537
31.1683	8.9049	1837.0001
40.1833	23.4085	1117.7592
17.6652	67.0866	2769.9850
32.4262	70.6120	2375.3666
10.3020	54.9270	2170.1025
20.4666	50.4960	1312.2498
54.4317	75.2867	2526.0367
46.3267	71.0235	2652.8527
25.1256	17.1460	2072.2998
49.2233	35.2487	2408.5294
24.3117	12.6955	115.1293
71.5918	70.3204	207.6284
9.9813	42.4991	884.1492
68.7277	8.0975	1548.6498
20.0416	71.2793	1528.5411
56.5420	12.4739	652.4456
2.3952	56.2969	1002.7988
21.1485	48.2023	1413.5443
39.6384	70.0329	764.8047
50.4160	52.3434	1959.5502
39.1921	45.4568	1343.4511
46.2833	24.3007	657.4827
16.5328	0.6419	417.6959
7.1244	72.7903	218.2091
68.4983	76.6575	1348.0097
10.3387	39.3894	676.5150
5.2194	39.8725	1343.8023
26.7902	55.1778	350.4989
25.4266	54.5540	1511.9062
60.3377	18.2685	1849.4329
5.2142	38.8627	1421.2482
13.8638	0.3126	477.9785
55.6928	15.6544	2272.1284
45.7467	34.0044	1584.1129
13.7183	60.1986	1520.8154
25.2980	67.7190	1979.8411
0.9732	6.3565	865.0842
29.0656	53.0803	1119.5507
68.9302	68.8599	1022.0135
56.3719	39.2242	364.3898
18.7967	26.3712	1658.2421
47.4615	20.8117	142.9885
76.0254	65.6420	2660.5276
52.8819	13.0209	1712.4634
45.4367	2.9428	311.9481
35.3732	61.1900	1962.0624
19.8957	70.7200	2478.1807
66.3234	54.0833	2683.9183
10.6532	55.5535	1424.0084
67.2101	51.4437	749.3218
57.6376	19.5861	997.9623
58.4068	75.9719	2309.4581
54.4935	75.3689	1608.5334
9.0885	46.0974	449.8964
54.7907	69.6780	651.1103
46.7641	12.1048	2792.9119
70.1278	72.4669	2114.2726
33.4484	42.9740	2598.9310
59.7845	31.4860	2698.9457
53.8666	58.5592	2787.4369
44.5792	27.9103	1273.1428
76.2252	50.4454	1210.1400
49.3108	3.6154	1300.4157
8.0323	53.2336	2282.3801
60.8536	33.4970	2702.5150
2.7051	28.1547	1215.1337
73.7242	70.7370	169.3657
14.2738	34.8671	1768.8893
20.2414	50.2736	2536.8996
63.4128	68.3141	2797.8913
60.7659	35.8777	2668.3133
62.7768	50.4870	1916.3356
5.6617	17.8427	1586.1921
40.6327	62.3347	1751.6277
3.2744	31.6323	220.8609
32.7477	30.1285	2236.4726
15.7279	38.9570	2725.4364
62.9052	30.1343	2352.9719
66.2263	36.0979	1648.8254
50.0990	35.8746	2226.0957
0.5445	1.9157	2263.6116
46.8769	64.5794	1403.4300
38.5483	9.3518	2677.1188
2.6053	47.8683	1211.5607
41.4497	22.8775	19.4506
56.4173	39.3893	1023.9004
8.4924	52.4620	217.2699
63.1263	50.3362	1312.5906
29.8602	23.3608	1955.3289
38.7003	19.1814	402.5755
47.3480	48.8753	1870.5759
69.1074	24.6161	942.3656
63.1611	38.3883	224.8692
48.4206	19.9324	2422.8556
49.8049	26.4222	2735.9298
46.0045	36.1388	1338.0313
40.3521	51.8934	2041.0310
32.0773	7.6694	2013.1718
72.8423	38.2570	815.5061
37.1259	43.5324	2765.1779
76.9372	75.4329	1209.9392
38.4537	40.8518	2813.1199
2.3118	24.6903	56.4281
61.4171	11.0085	1055.2626
32.0137	3.3909	1939.2285
71.5445	28.8330	2667.0854
56.9205	20.4666	1849.3723
31.3272	53.8046	2519.8455
26.3565	70.7764	2605.5796
61.9143	0.6957	1263.1551
56.0459	8.0106	812.0425
18.7708	62.1818	218.8974
70.5972	65.7987	2498.6046
62.4169	18.4608	1059.4948
7.2605	44.5776	1012.8584
64.1559	19.6559	2582.7840
2.0660	4.8585	2159.5191
54.4494	40.0506	2549.6546
22.4359	38.9757	2193.6327
22.5981	44.8979	2219.8582
63.0340	69.7924	510.0037
72.8912	48.1946	2077.3095
40.7822	37.9796	1105.9199
45.5683	72.8697	1439.6021
13.8285	74.2668	633.8906
18.9094	15.2036	459.4538
35.9919	29.0454	1456.8359
67.3638	49.5502	2193.8726
61.7532	61.5178	2632.1242
30.4879	14.8320	2744.6524
32.9077	22.3578	1427.8909
5.7215	34.8764	1830.2610
70.5126	40.6980	2139.5042
67.2705	72.6353	1888.7579
71.3654	13.1123	2387.6350
33.4830	29.6801	2689.3327
70.4345	49.5005	1228.1192
2.3552	54.9636	1958.2197
26.1951	7.0866	926.0538
5.9493	26.7414	1608.0009
11.3352	76.5800	2152.3958
20.7132	67.9809	46.8544
2.8326	60.9215	2192.8322
72.2014	67.7288	838.0607
9.9411	66.2673	2534.0173
67.9809	20.8045	2346.7654
4.2586	41.0927	2804.6699
38.6183	60.7935	463.2510
41.3871	55.2171	1688.1508
34.6929	60.8403	1247.8468
38.2134	72.2810	1902.0632
18.0469	74.3568	2759.2726
32.0296	70.2416	2484.2997
54.2657	65.0596	2629.4836
30.9832	33.2044	1348.8272
22.9972	39.5050	1439.5507
2.5586	24.9470	900.1427
1.1972	55.2610	662.8329
13.5494	56.9294	1862.9280
18.0761	23.3313	1870.0873
19.4561	3.5295	1319.1593
66.9250	56.2331	954.0290
57.5150	22.2175	1979.9078
19.0158	24.7752	2095.4709
6.8641	53.2168	2387.9599
13.9278	65.2726	1686.0594
70.9875	65.2226	1410.4550
72.9264	66.0637	316.8080
60.9114	42.5236	1627.9443
46.4299	1.2170	2555.1677
4.3743	7.8966	1648.7874
14.4823	9.9360	2437.2742
26.6589	9.9713	272.7171
75.5580	32.6710	2489.1638
40.8071	61.8083	1957.7920
14.0763	64.0350	2620.2371
25.0717	15.0992	1039.4840
2.2342	68.4086	747.1702
47.0777	22.3762	419.1050
23.6818	15.9064	637.0259
21.2330	60.6074	2226.1291
13.5616	22.9738	202.5162
72.8495	1.4234	2209.5059
37.6958	17.6451	2246.9693
52.7152	33.2716	263.7583
38.6888	11.6518	30.7067
22.2265	69.6110	403.1603
52.1778	62.9063	2297.8559
17.8860	34.4516	1906.1995
63.8185	18.3984	2374.5755
23.4726	55.1910	124.3558
42.2510	76.2327	2398.1537
45.6601	59.9225	1276.2856
6.2999	7.2807	2180.0895
49.9440	38.3344	1643.9463
65.1011	51.2931	1856.4585
4.3894	75.6041	852.6486
70.4998	46.3903	416.3239
30.7865	26.9885	1890.5757
47.0021	25.0346	2489.6237
0.4046	59.1814	902.1385
20.5409	29.1682	2469.5985
20.7712	37.2370	2261.9457
73.5987	69.6596	651.7362
73.9314	67.5900	2307.6022
1.8453	35.4202	1268.2844
10.3268	2.0584	556.5915
20.4389	69.4195	2265.3526
36.9932	29.7383	1654.4565
37.0485	2.0063	1708.5623
25.5748	69.3623	2119.3166
40.9595	13.3239	1665.4599
11.8645	70.9715	545.9475
41.5991	40.1753	2446.3313
20.4048	12.2851	1518.8689
29.7272	4.3572	1652.6446
5.2344	0.9702	1724.5503
31.2859	8.4925	1904.1286
46.1116	22.7557	2809.1556
65.2390	26.7456	2302.3524
62.4821	62.2801	1462.7285
9.3268	35.3902	725.6472
17.7752	62.6240	1131.2646
16.2340	60.8070	1479.2454
1.5847	47.7481	2614.0212
40.2193	16.3003	1717.1286
45.5063	47.2535	2085.5987
36.5027	0.5311	89.3461
42.6920	34.0536	1646.8915
4.1594	59.1711	1478.3699
50.6645	25.6309	1485.1164
24.8507	31.5272	414.5162
39.2905	16.7764	2333.4395
31.6726	74.2086	2558.7455
9.0921	51.8878	1164.3158
58.8740	25.9375	2805.4088
59.6659	72.8118	1810.1480
58.7060	61.8454	2673.8733
16.0724	65.1447	2516.1398
46.5874	56.1099	6.1628
29.5086	31.6886	1375.3805
30.1186	48.1663	1945.4653
63.8468	64.0935	2623.2791
44.9704	47.2631	1705.6728
10.6616	73.7067	2150.0799
18.2637	53.5947	609.9148
47.1941	32.2947	797.5474
70.5067	52.1997	1417.9343
49.2798	36.2651	242.7221
60.6665	0.5372	20.8047
4.3606	63.8492	1201.0493
37.1144	41.7220	995.8014
61.3046	19.7025	586.2026
74.6537	65.3718	2611.7133
49.6309	13.2540	2716.7252
76.6203	76.4600	312.0383
63.7748	59.8711	2609.5737
35.6468	7.5160	2025.4604
47.6821	5.1892	1856.0066
20.2665	4.3210	2053.7220
60.6374	29.6811	1520.4262
48.8857	62.0092	155.8787
31.0741	37.6505	165.3915
61.2077	5.2495	1579.6362
48.1907	46.0039	2690.6882
11.8764	28.8797	332.2217
6.7535	37.3726	2758.0633
44.9710	48.5835	2621.8897
36.4974	41.6887	642.8097
69.9613	28.1334	1005.5492
12.3205	28.0542	2697.3557
62.4218	7.2610	1324.0000
62.2956	65.9082	591.7676
75.2349	20.9234	2389.2051
71.1055	25.4688	932.9045
63.5210	51.5826	2160.9021
51.2046	76.1986	686.0030
25.5762	64.1925	861.9963
31.7222	4.4790	2000.1072
32.4098	43.4905	804.4591
35.8816	38.6812	775.0358
43.1770	0.7853	504.1323
9.4223	12.7620	416.7601
66.7739	32.2995	993.5542
22.0289	42.9113	1119.9571
73.1603	43.8145	2236.0012
71.4725	35.5939	2227.8328
21.4156	18.8104	2204.8276
0.2906	55.4477	1314.5628
31.8199	56.7390	1985.5276
18.8363	71.5578	340.7196
17.0794	0.9993	1189.9669
52.8389	49.2827	2086.1807
73.3152	25.7896	543.4141
71.7980	58.8448	325.2130
16.4270	70.6780	1272.4109
30.9362	31.2341	2264.9858
35.1839	63.9837	2630.4440
18.8337	51.3753	251.0422
7.5372	33.1004	1022.6376
40.2604	24.5459	1410.7760
22.2563	11.3291	21.8224
34.5042	21.9182	1399.4855
67.0608	21.1795	1896.2567
64.3406	16.7260	791.2259
14.8401	31.0904	972.4378
69.9305	66.2330	2210.3921
55.3830	40.8099	2660.0312
46.2484	35.8624	761.7512
16.3802	31.9332	706.5803
39.4194	65.3239	2192.4000
43.1664	1.3308	2080.4633
12.4141	10.5035	1351.2217
32.2028	29.8046	2415.8880
38.3428	12.7520	747.4142
27.3766	48.9644	1068.2382
6.0373	10.2940	2246.6483
45.3083	18.7201	1318.6930
69.9022	69.3221	1576.3587
16.8745	65.9378	36.8828
22.7319	4.0610	2262.7159
65.5290	0.4446	270.4235
8.2657	4.5126	913.6852
23.2827	31.1888	2005.9025
72.8961	2.8592	2734.6871
54.5663	19.6424	2214.3967
1.9971	33.7664	1390.1881
64.5181	35.5590	617.1411
14.5892	1.0399	471.5641
1.2393	65.1325	704.1113
37.8253	52.0045	1099.6937
75.9597	20.4298	1473.4037
50.0294	74.3193	1418.7391
62.5064	70.0766	427.3073
27.7648	36.0195	1127.9628
70.4928	35.2424	2008.4165
65.3773	52.6530	2195.0435
15.0526	6.7529	742.4166
61.8445	25.4280	160.8555
29.2813	55.5710	1837.0050
63.8600	62.2322	1088.0984
66.6954	13.4346	1953.0705
8.0278	54.5920	1032.3437
37.5945	36.3428	1315.5778
37.8809	27.9056	145.5744
37.7783	10.6866	1959.5644
24.8812	4.9417	278.8197
56.6565	65.1244	1452.9529
14.6440	69.7311	477.6708
43.8541	31.6632	1323.4804
9.1482	0.2972	1442.5822
55.7758	32.1832	2123.6102
53.1697	15.7180	1201.3470
14.8013	73.7615	2290.7031
5.8215	4.8006	1891.1796
49.8277	46.5001	1411.0093
76.7881	22.3106	881.6979
33.5776	21.6669	2194.5714
74.1296	62.9310	2507.1276
27.4323	75.3498	1065.4154
51.1007	50.0621	947.7959
51.6730	22.1216	1812.7649
74.1282	52.8345	323.0120
14.4553	63.0946	542.9115
25.6049	32.5232	2066.4494
44.5578	50.3269	2020.6626
66.2235	28.9551	2277.0492
38.8284	20.5991	296.3241
25.6184	71.4800	2494.1451
38.8993	61.3955	514.7500
67.3951	70.3823	1411.2919
69.0252	18.0136	2691.8287
25.5021	69.2647	2014.6375
11.2959	18.3987	566.1049
33.3529	53.1047	2799.9971
47.6310	53.4743	1481.0848
38.7089	73.5762	845.6831
23.4031	21.4746	1719.0294
31.8336	52.1131	2520.0358
29.6455	13.4102	606.8977
73.7027	0.4570	2199.4568
12.7736	24.8045	1613.3714
52.2971	58.8025	573.8142
33.5514	65.2504	1299.3850
63.8955	39.5654	1034.2146
52.3946	58.3426	1599.0862
42.6983	76.5650	481.2111
69.1786	67.6861	1983.7696
71.0476	35.1396	2277.0443
25.8198	34.1960	2194.0277
22.3297	48.1902	2529.3525
34.4103	46.6530	2652.1889
59.1987	52.6138	2481.7755
49.8175	71.3925	1340.8684
10.1715	43.5375	1579.6196
68.8663	34.0494	139.0611
18.3194	57.9105	833.7973
69.0940	70.7091	208.8823
63.4060	26.7681	1580.7949
25.9295	48.0049	460.5870
60.2616	70.5759	1089.5967
63.1000	65.5445	2350.7255
73.0589	76.3563	878.9474
41.4540	62.7905	1038.1569
44.0164	65.2013	525.8139
62.8937	59.5426	905.0452
29.6311	35.4150	1372.5396
2.0554	71.6826	946.4243
29.3509	16.3630	1300.7927
0.8672	20.9852	549.4807
11.7519	26.8344	1070.6550
4.9060	3.5198	62.1976
63.2069	69.9878	532.1861
9.7930	21.7530	2609.8746
32.7851	48.0064	2020.2018
14.3021	44.5982	200.3436
24.1305	10.9937	465.1337
58.1550	46.5122	2206.1771
40.9762	5.8946	1865.1402
39.6929	43.8697	1043.1864
53.3887	74.4437	2021.9635
42.4358	21.7761	1767.2149
25.6936	72.9709	148.9049
29.7806	50.9281	1731.5506
54.9262	3.2440	1044.4949
65.4145	32.5187	1805.6001
39.2358	15.6955	1743.1744
42.5329	20.7484	245.8208
27.9104	44.5649	1632.7417
37.3598	2.9551	233.7245
72.5627	53.0034	1545.5094
76.9195	20.4355	1412.4288
26.0901	58.8850	456.1082
41.9070	25.3912	171.4744
38.2022	47.1599	2005.9289
51.9405	32.3112	1149.4234
60.5842	31.5176	2581.9484
29.3056	13.8342	101.0297
70.8902	27.1324	157.0849
72.4611	9.0800	311.5919
41.4022	72.4903	833.9571
54.1779	68.5470	723.1309
61.0539	49.4928	1177.6886
63.7061	38.2546	1686.6776
43.8196	74.8979	859.8674
27.7015	18.3960	407.6422
0.5738	3.6687	1748.9044
71.1249	68.5996	2235.5884
51.2947	6.6912	700.5998
70.8473	2.3040	1322.6330
44.3741	29.7927	1632.5185
15.6781	37.0896	223.2630
64.4322	34.7570	958.2194
18.1638	0.0228	1013.8354
50.5595	49.4120	680.1134
26.8602	48.8127	2520.8963
39.3922	72.1033	649.2647
36.1080	0.5781	362.8951
39.9339	40.1493	2116.8298
68.2127	28.1584	632.6114
65.8734	31.9106	2410.2695
0.5275	69.7653	2472.7081
63.4198	46.9585	1892.1062
69.0083	41.8278	1055.5016
74.9718	19.1255	1491.5862
40.8499	23.0160	468.8671
14.5236	70.0116	2163.1550
13.1549	10.3621	2764.3088
42.7028	57.8339	2200.1664
17.3750	63.1222	2616.5407
40.0361	12.2978	878.4026
34.3964	44.1223	2365.3808
25.2017	14.9548	2475.3857
64.3699	65.6931	443.3163
45.8899	64.4243	336.1465
3.6426	57.5006	2559.2535
59.9647	31.0625	2354.5769
7.0641	31.3790	2501.2002
75.5103	54.0064	1180.3500
56.9366	24.8769	79.6915
41.5784	62.3372	347.5992
14.3882	41.3173	121.8589
54.3189	19.8503	1281.3035
36.0451	31.2573	864.6515
36.4505	60.8373	1266.5208
74.4107	38.3745	2059.7501
47.5791	34.8111	1607.4941
2.7055	53.9270	1149.7934
65.1382	4.6024	534.2521
33.8948	6.7140	935.4173
62.4664	49.7094	62.6864
12.5096	58.2953	2032.8914
39.8257	57.7543	787.9812
51.9238	16.4587	1836.8288
34.5768	43.5212	616.9759
7.2530	59.3327	609.0281
30.8353	28.2722	2043.4715
15.6830	74.3673	2575.4140
55.0463	57.2035	6.7636
16.9196	63.2574	583.8593
34.5844	47.9730	559.4533
48.1471	28.2246	1404.8580
24.6013	11.9033	2566.0789
54.8780	27.9565	647.6484
8.8100	24.8070	129.0671
63.2514	75.3799	1273.5785
6.4174	3.1659	1008.8738
6.4474	13.2584	342.6898
16.2288	28.0990	982.4625
12.8959	70.3789	1748.8902
40.6894	62.0981	2027.1657
34.5911	35.6574	1310.1957
25.3983	40.2979	1971.4847
71.5588	68.4758	2769.6495
39.8947	27.0240	2257.2542
30.1575	67.2944	5.7075
4.9536	6.8581	2480.6020
30.2665	21.8915	88.4519
44.3031	33.4509	1240.3054
46.3833	34.9992	1049.6286
15.7930	73.7771	2432.3420
73.7180	30.7381	2222.0322
76.4301	47.3782	2229.4751
20.9884	34.3543	270.3024
52.1563	26.8493	534.9586
76.3394	14.4994	1436.2590
75.8258	59.3132	2591.1843
8.8766	30.5640	414.3450
74.4290	35.3591	1513.9998
74.0444	66.1894	2506.4488
74.3000	55.7171	2718.4159
44.7034	12.2602	2670.3714
50.3085	44.1443	2258.8018
22.1697	59.4030	2728.0359
74.7552	3.9906	2495.0677
45.1998	23.2160	1203.0730
4.8613	22.5947	2040.7426
32.9626	47.5291	1105.1783
39.1161	73.0886	835.9846
58.5330	6.8420	2131.8054
57.5574	7.7833	1376.4587
11.2007	55.4878	2598.8305
54.0555	62.9703	1083.8253
47.0524	3.0076	2755.8538
55.9018	3.8122	2261.8509
35.2560	67.8481	2715.9463
72.9208	45.2431	2039.0664
36.5843	3.3635	1112.3986
62.5724	27.0898	2363.3746
20.8909	17.8443	410.2902
6.7039	25.2523	1168.5326
27.7097	49.6658	103.8735
55.7344	28.4977	589.3159
16.3546	1.7498	159.5512
28.0072	58.2070	2515.5087
63.4049	59.2725	1206.0190
68.1178	15.1772	2048.5819
36.3340	21.3949	720.4635
6.5303	40.1621	725.5173
50.5396	51.0932	1804.4571
49.9547	10.9823	275.6331
60.2366	71.4196	1210.4037
39.7654	48.6213	2365.6508
53.3965	21.1083	1904.8990
65.6538	48.7787	516.8342
18.0481	14.7163	1666.3643
39.2925	16.9020	1291.5029
8.0064	49.4219	1272.2044
47.5081	16.9032	96.4704
58.3790	34.1056	2647.5025
0.6169	3.6123	983.8736
73.0367	65.6812	1423.7838
43.8039	30.4471	1555.0138
17.7547	51.3166	267.8849
35.9584	46.8188	566.3014
75.0091	74.8751	642.8319
65.3659	56.3515	1753.4673
4.7441	42.3322	341.6425
38.4046	48.7096	27.4846
29.5620	57.5861	2217.1569
31.9759	48.5624	1895.9074
57.2228	3.0586	1091.7804
9.1963	55.6652	1007.8787
40.0932	63.7252	2014.4697
56.0164	36.2143	2417.2574
41.6170	74.6282	562.4357
26.4568	20.6456	1010.8062
0.7803	57.9768	2302.4334
13.2318	45.8705	59.1026
10.8923	54.1926	1737.6979
69.9101	29.6487	627.3216
52.2922	3.1319	2293.4523
60.1391	24.9471	2088.1416
41.1661	19.9271	2309.9433
2.4013	72.4673	2076.6437
43.0340	6.0570	1496.4421
58.9391	18.4683	1957.8215
71.0838	38.5332	1682.2508
21.4207	30.8161	1084.1293
56.8253	47.9856	1726.0464
27.7605	67.4308	2343.6154
54.0846	26.4090	1785.9904
72.6359	17.0830	2026.1767
49.0511	56.0292	2779.4919
61.4946	59.0260	1365.2592
32.9299	32.2974	1262.0597
74.1839	38.2373	747.0135
13.1704	42.9808	1485.3119
49.7798	35.8357	563.0802
22.2608	15.9971	471.0159
15.1550	72.8310	1448.8965
68.5122	53.6706	1324.3062
37.5295	25.0946	1958.7780
73.9174	26.7036	552.5208
47.7596	10.7054	459.1910
75.5232	53.5653	1330.4855
72.1697	8.7589	1016.3961
68.4786	19.0555	2503.5960
11.7489	74.4680	1865.9186
45.1000	27.7399	2015.4307
30.6756	46.7055	1247.0713
42.0959	45.0641	1345.8561
44.5142	23.8007	1677.6231
16.7825	57.1836	355.0714
29.3233	5.5098	2525.3933
4.2757	68.4212	2800.8506
28.0522	54.5757	2672.9093
52.7688	51.8412	2495.2113
38.5296	35.9028	2482.7464
63.6904	33.8236	1984.8268
21.9082	67.6371	2708.6818
29.3651	14.3760	1227.5044
39.3151	12.6275	2134.4782
14.1650	54.2696	1344.5271
52.3428	50.2599	2096.6577
21.6159	62.9643	2605.7528
14.9430	45.0665	1049.6183
34.0512	72.4088	2130.4364
42.7420	72.7338	2087.9064
0.2409	36.7781	2805.6582
27.6661	30.7923	2547.6737
53.7482	22.0232	255.4094
49.9052	31.3694	1655.6014
73.4950	62.8143	1323.9456
50.7339	70.8924	1890.0682
24.4266	21.9478	2274.0300
38.8654	3.0890	357.9141
69.4741	22.2111	2415.2917
43.6241	46.4419	1779.6839
34.1661	70.1207	2279.1493
19.8239	21.9247	140.8572
40.7290	43.2447	361.1962
69.4033	7.9536	1903.0902
8.0951	22.9026	1767.3341
18.5194	7.3663	1745.3598
27.2720	63.2747	446.2072
16.4508	32.7512	784.2523
61.1443	0.2792	2190.9174
10.2352	34.1797	1392.0015
16.8697	20.8844	121.8974
11.2215	40.8416	164.9141
65.0137	3.9693	2345.9712
74.6247	59.2524	951.5718
48.3908	4.3754	779.3598
4.4068	72.3838	712.3298
69.0542	47.5032	2056.6646
37.8159	74.7823	1909.8836
60.4803	17.2703	572.6189
45.5469	10.5979	894.6234
55.5848	1.1367	1996.8005
28.3175	17.7568	1511.1318
66.3657	56.3966	108.8469
50.2192	36.4541	3.7518
7.8187	53.2649	550.2278
46.4181	23.2917	1860.3979
64.5976	36.4882	2321.0926
65.9781	44.5115	1151.8654
53.0020	76.1111	119.5435
22.5986	45.8677	1222.4073
66.5183	71.0931	2276.2456
11.3402	44.7968	680.2329
36.1405	14.8700	746.5241
25.3385	56.7780	89.1976
65.7878	28.8544	344.5516
15.6610	67.8646	2058.3340
64.5913	54.6386	1870.5190
4.0746	42.5069	1606.4661
58.2940	69.1859	50.0973
63.1731	23.0401	1783.0831
43.5313	11.1929	1625.9303
36.9963	45.8559	560.4151
74.9334	55.1911	1595.0234
2.6609	22.4532	403.1612
42.8342	2.8706	618.3655
31.6994	52.3679	1149.9446
11.0484	59.0793	115.8140
30.0526	48.3060	2409.9811
52.2178	57.8298	1748.6379
20.2675	27.0238	2537.7600
59.2585	41.8444	325.1352
30.4917	35.0134	2393.6601
53.3735	16.1610	871.5605
53.8822	63.0214	2390.2946
70.3784	61.0385	2398.2650
28.3597	37.6738	1318.0718
64.5878	77.0944	1775.9322
6.6944	58.9566	2152.9988
56.8197	61.2706	925.0916
22.8941	36.7385	2181.0122
32.3725	10.1843	2475.0149
76.0926	61.6299	1952.9714
77.1329	64.0066	1795.5439
65.6493	4.7815	2362.6398
31.8430	32.8512	1452.8470
39.2294	27.6738	110.0351
37.3147	41.7450	272.6945
69.6515	36.1919	532.4645
55.9754	51.5956	1019.9497
41.5957	65.7333	2183.7489
73.2394	68.3384	2417.3048
65.6171	57.3039	305.9560
20.2603	61.0402	2643.5075
8.5767	52.8959	663.3090
75.5052	61.6913	492.5184
28.1323	5.4051	2308.6028
14.1644	50.2187	202.2086
35.5755	58.0442	1872.9038
18.0286	76.3263	31.6218
45.9154	30.6527	1245.3278
33.8212	64.4592	925.3052
60.3096	6.6313	1292.8877
34.1402	21.2638	422.3227
52.2307	59.7052	2706.1748
34.9442	34.6262	1747.7610
56.0875	61.6527	511.9416
2.1836	13.9649	2046.0152
69.3381	5.5264	815.9720
0.1285	49.4681	2310.4424
59.1247	73.5153	318.6144
54.5183	71.7232	2599.3005
8.1298	75.9435	468.3289
40.3385	24.5178	1712.2219
57.2508	71.2526	30.9211
71.0069	63.9251	940.9654
74.0900	37.3980	937.0503
60.4156	9.2658	250.9598
38.7470	33.6442	1402.3730
44.2001	55.7605	470.7206
58.3620	67.5870	61.3044
50.2113	7.9746	465.1957
50.8344	11.7380	524.8223
63.5793	70.2146	615.0091
46.3974	75.1580	2519.5070
75.0688	52.8205	1591.8031
23.4990	48.4870	2216.3962
29.7211	63.2037	1844.5727
45.5528	69.2852	2755.7216
16.7836	33.6828	2553.8425
25.3580	46.2704	2043.7679
8.6198	65.2502	2623.2696
20.4585	32.4361	578.1022
44.8666	51.4720	2556.0722
68.3789	21.0854	753.9135
71.3165	67.6872	1285.2106
67.0542	76.0150	2449.4103
3.8186	51.8243	832.7957
15.2712	14.9973	35.5760
20.8404	64.3920	2603.8278
19.0067	33.7397	1987.9563
14.5015	68.0957	1760.4647
76.4688	32.0291	408.5460
11.9023	72.5298	446.5895
44.8914	29.4860	1300.2354
41.5814	63.2238	2508.0503
35.7433	54.7804	2750.1794
41.9694	9.2937	923.1205
64.7152	32.8342	228.0474
65.2708	52.4930	1115.9194
29.4423	28.8635	2560.1457
70.5181	23.6414	2307.0581
50.1272	49.4041	1248.2264
17.7218	63.5287	1990.6839
22.9437	69.4754	331.1559
5.3004	7.6308	1410.7760
71.8097	43.8802	1327.2317
69.6258	18.5579	2548.3632
76.9846	18.5790	1062.3179
34.4131	10.2392	2687.1078
34.6013	8.1207	826.9978
62.6888	54.7053	679.2810
52.6383	14.1967	61.7889
41.5823	11.0554	942.9771
66.7325	48.6131	573.6423
68.7964	14.4780	418.1082
28.9801	11.1478	1155.0966
25.4363	31.2691	2763.3699
71.8406	20.8955	1042.3844
26.8938	32.2370	2382.3657
13.1300	59.9941	1086.9521
32.2398	4.1551	313.1580
32.0943	18.9246	1630.9323
38.7748	25.9249	1946.9243
18.2623	29.9983	1622.7676
46.3531	58.3593	947.2791
49.3314	72.7239	1523.5108
25.5537	24.3105	2158.1429
52.1508	36.5963	394.8213
34.1824	28.2608	2314.7833
31.2153	28.3490	2291.2614
50.7153	25.6908	1341.5083
42.2804	73.4803	648.5245
53.2284	21.5899	175.8663
42.5893	35.8880	874.5134
40.3264	40.2509	1465.5400
56.6117	39.8078	1971.0844
10.7793	61.8425	455.6348
10.4595	52.7514	1720.7172
36.9138	64.2635	1995.1358
51.4287	66.9922	1401.5811
31.1752	55.3142	892.1851
6.6487	60.9420	1982.7637
3.7864	31.4465	1465.9462
49.0574	32.6425	1433.8719
77.0709	19.8953	562.4600
46.2154	32.8795	1309.5731
39.0388	11.1300	1903.9404
24.2098	42.9794	1676.6651
72.7561	65.8941	1623.1939
54.4479	2.6288	335.4613
15.3061	8.2234	1103.0863
3.7660	18.4284	102.6788
29.4620	70.3717	2657.9235
21.7590	45.5499	2219.9005
32.8273	35.6652	2343.7577
52.6076	23.3597	2580.0481
4.8400	19.2752	2784.0282
19.0672	42.4717	940.5218
15.2163	37.1552	475.9608
7.0290	31.2270	1162.5790
75.4194	73.2178	2619.8927
37.1950	49.5046	1050.6696
54.7324	5.7412	2195.6402
18.6197	64.1215	44.2144
0.4837	29.2981	1713.3465
76.9714	69.1831	1750.4590
77.1115	35.9667	2378.3744
39.6121	26.5169	1879.5016
68.3151	31.3126	1818.3174
29.2917	53.7491	182.6040
71.8259	47.3668	2278.9964
0.9858	1.5973	2147.4502
23.9179	46.0928	1098.8423
64.8893	64.9446	1331.4748
13.6700	2.9673	1599.8381
40.8509	54.3581	766.1842
25.1172	63.6411	1508.7191
12.3062	66.9951	1544.4557
68.3236	60.1955	2471.6983
51.5720	73.1664	32.8214
69.3715	63.9613	1769.3452
19.3934	3.6357	630.3615
0.2741	5.6257	1783.6490
34.2281	0.9862	273.0965
71.6167	59.8612	1686.5768
48.9657	29.7668	2419.6699
18.4587	73.3158	1332.6463
17.1340	1.7019	130.4864
76.8812	20.2333	1397.5157
66.2575	76.5603	571.0950
75.1404	23.4419	2314.3468
62.9165	3.4871	1836.7774
30.5340	25.4177	357.7720
15.8358	11.5078	1828.7428
30.6875	77.1618	1186.1389
8.4272	47.0732	1078.5405
33.5182	31.8014	2304.3147
50.2498	49.9276	27.3624
75.1239	40.9855	2428.1134
27.1157	55.8791	2167.9073
37.5410	26.2625	2562.3055
20.2810	22.1339	1074.5379
1.7627	64.1738	2315.7592
38.8511	30.7335	1760.7797
52.6688	39.6769	993.1551
48.8697	51.4291	63.2562
68.7207	73.3125	707.9725
6.6789	71.2026	2241.5293
55.1914	71.0529	2557.3558
11.7912	75.6511	2147.7240
11.1298	58.8993	237.3112
27.5796	10.8019	1851.5442
64.3883	58.0833	1757.2661
30.2140	59.3363	1766.2330
60.2254	33.2336	90.8193
28.9074	38.7543	884.5659
21.2652	22.1249	1275.2710
66.5121	75.1711	2505.8196
58.6630	34.8039	1787.7635
6.5379	70.2280	2645.9710
76.3579	62.0699	2757.7150
49.5923	54.2464	518.0573
41.6449	8.6701	1705.9769
25.9151	33.6291	395.3119
2.2347	39.3015	2213.0632
54.3215	51.1497	693.3736
2.0206	16.7719	2621.6500
74.4941	20.1887	283.0032
15.9876	32.7905	2652.0565
76.8705	40.1957	1576.5847
43.2275	64.5616	953.2114
59.7600	16.9114	2022.1476
73.0139	27.0078	1873.6118
47.9360	43.2337	208.1691
27.6575	23.8222	204.4659
70.1495	29.6920	1798.8585
63.9446	16.1953	2662.4818
17.5164	40.8283	1432.2854
22.4280	13.9968	1763.3297
13.2653	20.0910	983.7412
52.5244	49.4962	2224.9245
19.0419	57.9547	878.8104
27.2580	48.0761	499.2684
32.5281	63.3445	375.5948
66.3713	31.4204	2362.3691
52.8754	28.7184	1190.3666
29.5209	30.6002	2665.1130
39.2436	51.7192	490.8217
48.7962	66.7160	2180.3592
58.9606	27.1814	1335.0173
10.1501	11.0564	272.1839
69.3564	41.0310	2605.2232
65.5763	53.7460	1797.9706
34.0156	65.9194	1949.8690
19.4597	44.7258	669.6561
47.5203	38.4466	1593.3879
34.2692	19.7764	206.0195
5.7906	69.7419	1238.0229
49.2939	10.0640	757.4648
36.0412	25.2812	2555.1383
66.4442	29.8647	396.0636
72.9677	27.8137	1300.1339
50.7199	52.1326	1468.3737
43.4287	35.1947	2228.4433
13.2246	30.7640	1051.1679
4.2060	54.4193	1527.1170
58.8356	74.0919	1541.2389
5.8193	53.3213	850.6588
36.8142	63.9493	1507.3571
3.7140	8.0586	1422.4124
77.1427	73.0128	2663.3986
58.4101	32.6139	687.6365
18.3681	16.2985	2163.9534
56.3156	17.9831	714.3167
66.0591	41.2120	270.4907
62.6421	39.5401	1562.8901
9.8137	67.7212	2334.2418
36.6768	43.7972	268.7208
0.2045	49.6081	1882.2176
40.2261	54.6427	890.0938
68.4321	37.5275	1671.7190
13.2027	65.7486	621.6842
28.6217	73.3817	2161.2883
27.6640	74.4980	1847.4117
10.1145	38.3100	872.8147
35.7447	76.0650	466.1933
40.3813	55.0558	1426.3013
25.7216	67.0689	97.5085
37.5913	7.5569	2155.1251
72.0784	4.3230	1996.3970
8.5334	16.3851	1634.9983
42.5125	70.8586	2003.5138
21.2710	51.9903	1124.3076
52.2961	5.5866	2722.7982
33.0112	20.6094	1473.7499
51.5728	32.0602	1825.4881
63.4533	53.5286	617.6392
9.5750	21.1388	2056.1793
5.2191	61.9047	2073.0066
71.2531	31.6915	2512.2684
21.6113	76.7412	1275.8956
58.6324	1.5226	2035.9917
42.4187	64.2321	2660.0770
49.2415	70.4863	96.6965
32.3845	39.5115	1881.6775
7.9988	46.8557	2296.1682
41.7669	71.9245	2457.7114
49.2353	69.7300	355.9951
76.9478	25.8276	2169.8008
19.7356	72.4653	635.3394
35.6022	33.7353	1295.8367
40.4869	52.3685	888.3457
37.7035	65.2597	1512.9492
38.9736	38.5884	1115.4132
69.7708	66.5305	937.7144
41.0565	45.0264	785.0408
40.5886	65.2113	1835.5525
4.2276	12.8687	901.1845
30.1657	63.4698	1181.2055
37.0351	76.3128	888.7181
0.8537	66.6164	360.6273
72.2362	40.9785	433.3303
42.7104	25.1231	2194.0977
67.2923	43.9262	490.7323
68.8320	73.1388	1451.0152
25.6582	19.0758	842.3208
63.2162	70.1832	2208.9506
26.6462	67.9979	2584.4771
40.5690	12.1407	994.1219
68.3603	65.4875	918.9837
11.3072	44.9886	2547.8667
76.7376	67.3674	589.8809
23.4924	19.8411	2093.9954
38.6136	56.0384	1895.1036
37.8506	14.3670	2259.2179
64.1501	3.8596	741.1187
10.3511	35.2247	702.7142
42.1796	23.5926	1713.3155
70.1415	19.3508	1975.6375
54.5595	49.7513	2121.7152
10.3451	18.1670	2009.2730
66.7310	28.7890	2286.7619
33.9869	56.4729	1666.6130
4.5011	7.6020	1718.4932
69.4497	56.1447	1218.3432
66.7428	13.1494	2407.9161
22.2196	21.5013	1706.8000
67.8311	61.8777	851.4865
47.0294	15.9949	1029.4602
56.5815	16.8457	979.6895
8.4209	21.7719	1693.6128
47.3963	42.6018	1553.6176
61.6972	48.4016	2672.6816
49.4672	60.9962	2191.3460
50.6991	23.7734	1673.1964
20.2064	75.7550	2566.6316
2.3168	15.2807	1451.2961
26.4952	33.5454	2212.7733
6.1248	67.1370	1733.6364
18.1068	75.3625	25.6662
38.9581	8.7587	1189.3896
29.1915	38.7037	1140.5848
62.0526	30.4075	2276.6558
33.9462	46.5218	2339.3704
4.9189	8.4623	2253.5482
57.8816	34.3915	916.6361
30.3919	66.9339	2743.6305
71.6303	28.9063	101.6167
69.1252	42.1830	1098.6326
17.3768	20.8170	1464.9475
75.2518	2.3445	1204.9609
4.7994	66.1387	1863.5150
67.4358	12.6457	441.9766
6.2140	10.6614	2157.3595
51.2893	58.5024	938.8545
21.9968	27.3773	2471.2820
37.7302	35.9619	1099.4402
60.7879	17.1390	2346.1461
43.2044	5.9786	1532.1556
4.5794	48.9492	2361.2856
53.5013	26.4680	257.0287
54.4857	5.3273	480.0107
76.1170	46.8922	2555.3891
72.4534	27.8831	1471.7961
2.9959	53.4863	1194.4461
17.8341	50.0876	607.1627
38.3997	8.5583	410.7094
8.1703	37.8116	1332.8110
35.3454	71.3004	1263.9827
65.5158	20.0489	2353.6114
17.8105	69.8494	332.2361
9.8432	0.5318	2410.4857
57.3463	45.8674	439.3075
52.0876	70.3113	1048.5123
32.0068	64.6794	957.3938
49.8281	26.3639	2552.5364
36.2396	76.3688	1739.6976
28.4510	27.1824	76.5336
44.6407	52.1264	2555.5610
19.8300	31.2803	1678.8869
56.0767	54.3082	2593.9164
63.4471	17.2702	363.4713
16.7349	17.6952	1947.3866
19.3227	31.2155	744.3560
36.0419	18.9734	2640.1745
42.4508	46.2611	293.4695
30.7335	64.0522	1610.8759
34.7993	29.6956	1696.2391
32.1654	34.3782	1694.3879
1.2876	69.4813	1287.8326
53.2910	22.3869	655.2697
12.3417	42.7858	2768.0824
5.0238	52.5744	182.1210
17.0080	2.3199	64.0225
74.0256	42.5327	1695.1562
64.4879	7.2235	2204.6034
27.1597	48.3254	1998.0549
74.2128	38.9679	123.7112
18.3712	28.2264	1758.8872
18.5478	53.6009	1250.9664
16.3345	55.3204	2318.7141
52.8890	64.9223	1160.9056
55.8450	57.2388	133.6805
66.6691	73.1726	1516.9562
15.3923	18.2711	1015.9067
16.1106	15.3954	681.4512
17.2055	53.8575	589.2929
54.9883	48.9543	1775.8625
13.5102	44.3714	1831.0150
42.0722	39.5674	868.0389
60.1952	56.2271	1748.1426
50.4672	13.4289	1432.3278
35.2079	56.5752	307.4826
19.2408	62.5344	76.2558
70.7663	42.2193	547.4002
40.7678	26.2035	1127.0156
9.0412	18.8604	2807.1597
58.3921	32.3564	2409.1290
46.3707	22.6150	1114.8210
44.6531	73.0647	1350.1671
54.1800	67.0751	2703.4820
50.7206	9.6587	2329.7689
58.9525	10.2753	1438.5271
67.4607	3.5476	1849.7524
56.7211	33.2320	2477.3176
18.0770	14.3317	1597.9235
8.6124	35.1489	943.0977
0.7173	13.6544	2543.0904
30.5022	10.7479	2641.5118
52.0756	30.7336	2449.9006
30.7177	37.8798	1415.3945
1.5887	48.7448	2583.5884
44.4574	45.5789	2281.3635
0.7066	73.4273	935.9881
44.3631	39.3709	1626.2704
69.9234	74.7039	381.2356
49.2946	72.3440	2307.6974
60.9629	76.8597	1762.0874
53.5614	75.0196	245.3603
68.3454	54.7023	2222.2898
29.0010	16.4579	905.0505
12.0814	61.8062	2394.4862
52.0895	23.4354	2015.1798
32.8633	65.3338	1708.7356
43.7832	49.2805	933.9019
16.2839	46.5578	1736.6062
9.3090	17.8166	2529.3359
46.7095	62.2701	2757.5694
45.8681	43.2363	2082.2504
30.0497	74.1409	418.5754
61.4224	66.7055	582.1133
37.2567	73.1636	2157.7978
69.5237	57.7442	1879.7849
9.7608	6.8967	1913.8117
28.5627	9.2575	1807.9380
18.6166	12.1541	1600.8439
0.4946	71.8856	2387.2035
8.8376	53.2145	1393.9808
68.7068	25.2885	2202.1647
70.3515	7.3967	263.0140
6.1369	75.7766	1043.6585
43.7977	24.1875	1093.2105
60.5304	56.1288	1083.1682
77.1435	32.1071	661.1345
29.5897	62.0922	2545.8849
54.3326	2.6511	1176.4696
5.6834	61.4514	2234.4456
39.5112	42.7568	2419.0880
50.1393	2.1418	2450.7512
18.4693	17.4563	132.6539
75.3164	6.4655	1786.5548
14.8597	14.8123	229.3581
47.6217	22.2312	401.4718
46.5540	44.1055	1232.2826
67.9121	34.7594	588.5514
42.0610	35.9955	1222.2793
11.0123	40.1732	1697.6159
10.5341	51.4526	2720.2929
76.5750	51.3352	504.7420
70.8275	35.7233	53.6915
61.3045	10.8457	2383.0832
4.1323	35.2102	1998.0180
11.4887	44.0616	863.2099
27.9929	62.3964	1024.0655
5.4413	55.2524	1837.0165
39.3219	55.8769	511.4608
50.3223	75.2180	76.3708
47.0269	51.2341	741.9798
38.3619	61.9344	2670.3867
47.5917	6.3183	931.0861
6.8162	65.3437	2562.6921
26.7498	64.3330	1087.6240
2.4384	29.4483	1734.7348
20.9813	16.1421	2447.7164
72.9647	50.4782	1185.1041
8.0629	4.8266	2259.3594
34.9580	70.9819	2245.8032
1.9999	73.1399	797.0335
22.0081	49.2598	2202.9467
44.2531	8.6770	2784.8484
67.6391	67.8548	2647.0208
37.6204	42.7112	151.1538
53.4248	32.7106	232.9599
1.5374	12.9262	1615.5997
5.4503	48.1560	347.7485
2.1427	73.3908	894.0272
11.6378	15.2142	2369.0796
30.3866	39.4075	1587.9601
43.7524	9.7159	294.6372
65.4166	49.3921	1252.3711
28.9058	1.0698	1049.7286
44.7404	18.7913	2699.6969
5.4893	25.5522	771.4249
68.3100	61.7036	2657.2745
70.1481	9.4689	217.7029
5.7253	51.9017	458.1901
51.7119	38.0996	2631.5910
0.1976	8.9420	1968.2333
51.2436	27.8583	1.3266
43.6829	36.1898	1523.3367
72.0266	58.9668	188.4441
15.0424	60.8854	1990.3977
42.8103	35.8267	1713.3174
3.3939	52.3909	1928.8286
54.7970	60.4445	2800.9307
24.5128	14.5258	647.5859
57.9980	18.5478	854.1045
62.1330	27.6171	2407.0087
3.9920	56.8903	1170.5449
29.3147	42.7757	1684.2993
58.5050	22.9114	1512.2474
31.8018	6.6577	537.1528
22.4704	31.1141	632.2696
47.6884	62.3940	1372.7988
54.3488	2.7461	942.0948
48.5928	24.0905	2283.1044
34.5784	21.4231	1082.9926
40.8116	44.0807	1849.0454
53.5617	70.5655	1448.2025
36.4703	34.1366	1258.9103
59.7903	11.5219	1414.7057
41.1763	12.2600	2026.5978
15.4828	46.5917	2707.5313
6.0078	46.5732	1091.7723
9.9401	54.7865	2585.1782
62.0461	27.3369	2774.4861
9.7421	35.6831	1170.4144
58.3482	37.7249	1658.4271
10.3065	41.1792	1126.3641
52.4884	73.1421	2184.1245
0.2810	73.9962	713.3379
72.0448	69.4202	1672.0401
42.8109	14.0721	2733.3520
20.1687	62.2284	1196.6383
42.0218	55.2910	2147.5793
7.2836	31.9814	1456.0331
40.7089	71.8081	280.8731
1.3390	49.8770	2631.8706
36.8837	39.1600	125.2963
54.4301	73.9260	2240.6447
5.7815	25.7157	913.3941
57.7576	28.4363	1796.6735
24.4125	27.0538	2149.2155
54.5330	43.2178	1559.9657
54.3598	40.4818	2400.1363
41.8891	59.3995	1539.2453
40.4309	70.3802	1307.4909
1.8046	73.3883	2792.6507
15.2642	38.9199	1516.6881
56.4061	75.8895	1948.4684
4.1297	61.7863	2427.7716
38.4765	10.8344	1521.6240
28.7588	13.8772	1799.7922
46.2815	66.5654	1829.4573
56.9785	6.9066	1670.4246
24.8314	67.9060	2304.1174
53.6070	61.5828	1657.7714
58.1416	42.0790	461.7849
1.9831	66.8067	426.0519
6.5130	16.2430	1686.3897
9.0318	7.7863	2370.8299
72.9249	16.3374	1290.5590
68.6493	12.6279	562.1553
19.5047	76.3506	2692.0358
69.1477	40.9122	2798.7496
10.3024	62.8048	55.2749
63.2942	72.1173	1139.8119
30.8043	39.2960	1037.7791
11.8687	58.5340	30.7518
60.1891	67.8456	1865.0382
31.8217	48.1996	2210.8841
60.9787	7.2387	726.9426
40.8522	8.2228	2148.1754
53.2555	9.7160	742.3138
52.6225	37.0590	674.0492
1.7765	6.5851	1649.0393
58.5884	61.9828	2595.9044
15.3450	13.8964	1470.9888
27.2701	44.0420	1633.3524
7.2705	36.9403	1331.7575
6.0154	24.1252	1501.3046
7.4900	67.0385	693.4352
13.1420	40.9632	1308.7644
44.1084	61.4021	1392.9121
2.0266	11.8414	212.5056
60.5174	50.9958	1663.3627
1.8747	23.6638	1679.5496
41.3069	27.9299	2374.8915
12.0580	71.1222	841.1216
77.0003	27.5500	77.2644
66.7998	47.7524	402.3063
9.2163	16.9917	2153.3461
17.6893	28.8386	262.8989
41.6022	46.3920	349.3287
51.0112	2.2343	1077.1338
41.7275	47.8335	274.6824
26.9203	11.4701	603.3419
53.5094	39.0252	153.9177
17.3591	10.6333	474.4531
64.4646	8.5450	1538.2533
60.3189	54.5754	1506.4759
61.1077	22.7017	2026.9623
73.9463	66.0733	396.9189
49.3215	56.1459	1668.5599
59.9794	63.0841	1443.3926
65.2892	27.4464	2760.0830
64.0982	45.0704	435.6919
31.0434	5.3052	1805.3791
2.8244	54.0989	2710.2746
59.2816	22.9157	391.0866
38.2902	14.5754	551.9577
63.5950	48.8571	2402.6013
30.3325	19.4711	654.1717
12.3568	40.3652	2747.9661
19.3003	57.8134	2812.8950
46.4735	58.0244	819.4276
74.6167	33.0386	2795.0581
68.1735	56.0752	112.1915
27.9425	34.4059	2710.0704
55.8546	24.2051	2002.9617
26.1406	24.8562	1087.0007
8.7117	49.4302	1085.9353
3.8235	35.8150	184.5547
27.1368	69.5216	1599.6767
52.5289	28.4998	1762.6259
26.9957	3.4442	46.0767
76.9468	63.5886	1615.0855
22.6603	45.7232	1454.5649
6.3390	65.5711	2351.8568
39.2388	72.5351	852.1589
17.0137	71.0642	1926.5750
61.9139	69.4577	674.2001
25.0901	30.6466	685.3150
22.0529	48.9899	548.9878
15.9580	11.0439	982.0481
54.5049	25.6507	1277.1016
53.3974	2.2980	1050.7826
46.8052	73.2172	2657.2688
0.9171	36.9697	1454.2728
50.7272	31.1446	708.9335
43.3568	47.4000	323.2834
69.1208	49.7894	515.4673
62.7474	15.4960	2008.3994
36.2308	35.9972	914.7096
31.1592	71.0273	1455.4014
61.9301	28.6263	1358.7890
12.7035	43.2269	727.1183
72.2279	28.1405	114.2492
51.3069	17.2027	160.6263
69.8333	14.0462	1404.0629
52.1693	8.8943	836.9352
54.2846	70.5634	202.1923
24.4291	27.3965	2685.2598
23.2467	60.7628	2303.9428
0.3784	45.2907	1844.9137
25.1391	8.0018	1089.3049
49.5307	42.1778	783.3368
16.6233	26.0340	1523.7456
61.7415	28.0074	2518.7744
32.3264	45.8283	2358.8718
23.0031	66.4194	1093.2074
66.9782	46.5269	652.9540
29.1726	73.8825	2585.1066
30.6157	75.1601	47.6178
59.3690	63.1078	1738.3834
63.1462	10.2389	1398.2830
52.4853	53.9639	2712.2380
5.1342	45.1420	818.1198
29.7650	47.1965	1138.8969
31.6192	74.8670	174.2108
37.7222	0.1214	356.8996
11.4378	13.9549	1505.2272
19.5361	75.1982	840.7464
24.8486	23.0733	635.0730
76.7762	63.4444	1431.6192
16.0771	60.7877	2603.6677
35.8179	51.0239	2690.6017
49.2683	67.0570	1869.0890
43.5131	24.5520	2644.6855
6.5574	16.1618	2540.6688
5.8615	47.7983	765.9793
7.8550	46.8144	1271.4608
25.6256	0.2117	904.5819
65.8866	53.6149	1631.2528
37.1768	10.5772	115.2789
63.2822	29.1572	317.8835
7.7493	66.4971	1169.1658
8.3960	46.3375	223.7566
19.4007	13.6707	296.3169
29.1355	64.2451	1678.9736
37.0164	3.1964	2522.0646
19.8792	73.1946	1747.8526
74.1255	1.7890	2661.5855
67.9960	11.3759	1544.1132
58.3553	50.4843	904.9726
0.6612	71.5497	2614.3522
49.2175	41.8550	560.5940
75.2246	19.0094	282.7245
37.8377	28.4553	1882.3621
74.8746	45.1465	2404.4424
69.1647	14.8598	2626.8478
26.7721	18.8623	1023.8820
2.2865	29.0374	2609.1906
26.4019	57.1209	2713.9785
33.6291	69.3832	30.3562
38.6764	24.7331	1949.6395
39.3740	50.3789	772.9647
74.4332	11.9643	1537.5255
12.4994	4.3927	1955.1346
24.0537	11.8551	192.2342
48.8363	51.9018	1829.7881
31.3728	61.1443	1696.9169
56.1096	15.8360	1288.0844
76.6583	32.2855	1708.1852
70.9365	41.1394	2054.2890
56.8018	12.9338	1305.2601
6.5614	18.3452	1123.1169
48.0820	62.4800	317.4249
42.9787	66.0484	843.4589
11.9213	7.9985	1656.0153
32.4592	25.3476	104.8213
18.3105	35.7063	484.7345
43.7600	41.2507	1696.6983
4.2768	58.9535	1811.7247
63.3057	17.0291	248.9406
73.4718	59.7575	2658.1259
55.4195	20.5290	1941.5865
18.8088	65.9982	867.7309
35.3707	42.5157	469.7589
17.8885	39.3124	31.2536
13.7046	4.6104	1843.6931
68.6157	53.0782	1500.0342
52.7934	49.3032	1175.7908
50.3158	34.5997	2742.4979
1.4132	69.0117	2561.8613
36.5868	16.9804	1991.7712
71.2842	38.3769	169.5818
47.3893	13.8665	470.5111
5.7624	10.6935	83.4066
18.8985	36.2785	2815.2270
12.8059	1.1118	2158.2518
54.7130	68.6251	1105.1817
30.9288	59.7876	1845.8091
55.5118	55.7229	1837.1713
61.7787	48.8412	685.4236
38.2094	42.5748	1175.3015
17.8849	50.1223	1432.3543
71.5208	6.7528	114.9716
49.1248	77.0974	2807.2425
33.4281	16.0348	1686.6245
74.2271	36.8787	932.3118
17.5125	27.7946	2638.9002
1.8983	70.9174	862.0231
46.1216	33.4527	1260.5118
32.7682	22.0198	101.8342
20.6027	39.3838	1829.8437
27.8449	45.9171	1380.8970
67.8191	46.6731	1695.4803
71.5167	8.3670	185.8994
11.8224	51.7469	15.7194
1.6151	50.0678	1973.5728
14.1396	63.2953	1035.5625
44.7980	16.6482	673.6223
52.8004	58.2120	132.7320
62.5661	33.5973	1629.0263
48.1170	18.1131	531.1234
37.8310	28.0699	1608.6183
34.1991	55.6870	1807.8895
68.9007	60.8586	1307.0568
4.6553	66.9703	2208.9510
10.1203	32.1702	136.5020
20.9866	42.2043	372.5747
47.2594	9.5070	793.4365
32.8631	65.0985	2394.7369
58.0673	44.3540	695.0948
54.8226	61.5573	2527.8966
32.7181	24.3964	831.4833
72.2594	49.9086	963.7971
74.3755	28.4604	2599.0646
73.8208	58.2687	859.7286
19.5379	12.1061	468.6264
51.4115	66.5679	1467.9940
58.8735	32.6150	1047.1276
12.5216	73.4418	966.6382
66.2618	16.3175	2134.1831
61.7276	66.0749	1389.7057
42.7651	19.8024	502.0944
51.4001	73.3506	495.4468
70.7378	12.0337	1735.2230
34.9408	76.5261	2033.8912
10.2421	10.8485	848.5260
11.0538	70.0988	2157.4330
48.1518	5.6772	208.3405
62.2981	74.6409	2471.7209
20.9988	7.9717	2732.4985
25.4972	45.0217	1958.1898
8.1869	49.3213	1403.1330
5.4727	45.6250	529.8797
16.7773	72.5321	1768.8609
53.1324	59.5447	160.3667
16.8124	74.2754	2015.7705
47.9497	0.6603	719.5259
20.9023	9.1239	1220.2468
60.8245	46.9010	243.5884
39.0635	21.4750	196.5896
56.9804	56.8397	455.6347
52.6948	10.3836	274.3658
49.5436	2.8005	1048.2092
1.9500	64.1424	135.5073
38.8222	41.7085	2417.3720
58.4581	23.0123	995.2107
68.4814	50.6852	224.2877
44.0245	33.1483	504.2031
50.8320	60.4521	1898.2408
32.7481	4.1483	1920.1119
72.1816	64.7011	47.1636
13.9103	37.0036	2031.5184
22.5356	47.7076	1193.8842
50.2777	60.6141	2641.5294
74.5592	37.6486	1537.3491
3.6484	31.2907	135.0611
61.9524	25.8105	2432.9457
26.6075	24.3773	2133.4924
55.2323	64.1984	1442.7344
39.6831	4.9973	230.3500
32.2064	56.5494	2275.3543
20.1548	29.8051	1049.5292
20.5735	38.8707	2324.6252
40.2298	26.3290	37.7905
47.9386	10.9824	527.9288
42.0824	25.5382	1798.5068
60.7136	40.5833	153.9325
9.5448	16.0882	2509.1784
38.9737	68.0245	1101.8084
22.1478	7.6442	1057.0288
72.6927	68.7651	851.1686
38.6056	7.9290	102.1099
24.9951	2.9029	527.4418
65.4612	3.5429	1475.5974
3.0689	31.7396	1038.2308
28.0672	63.1998	1157.4661
23.2169	0.8065	292.2903
72.3156	53.6654	1463.7860
26.9094	53.9606	2083.9373
71.7823	28.9500	964.0610
65.5507	14.8582	2220.4839
28.0325	64.0790	2243.4680
8.7704	0.5910	2334.6460
5.8282	16.3355	905.7843
12.8112	65.9728	2550.0119
60.4226	68.3362	1205.0452
54.8043	67.8342	603.1920
45.7169	72.0280	485.5507
32.7871	6.3560	2786.6870
54.8419	8.7153	1240.7041
35.3642	47.9009	1974.8118
29.5704	6.0694	1407.7997
36.8354	45.8135	1058.8302
59.7620	2.8468	524.0052
64.9394	64.1911	1238.5365
6.6967	44.2121	210.1444
71.0853	50.4284	836.1052
1.5404	6.0197	506.6626
47.1926	46.0532	2531.5868
58.4314	73.7422	2072.8114
13.2140	51.9335	1226.9059
40.9900	62.8251	2154.5680
64.5703	4.0149	2611.4582
42.0723	45.4634	527.6971
75.1716	77.1695	179.8247
73.2845	67.6710	1438.4445
50.0974	53.3374	1360.1010
62.3825	30.5606	2384.2691
72.2438	19.9799	311.5461
0.2035	44.3087	1655.1893
57.9111	76.5111	2113.9892
51.4318	60.8733	1703.1103
8.1136	42.0140	967.9768
33.1674	58.3086	1420.6618
35.7638	25.9404	947.3134
63.2679	66.0177	2192.7194
19.6322	32.1415	741.6582
19.0151	62.6050	2737.4837
66.5227	43.7344	586.2386
31.3117	17.8998	2284.9110
50.0075	13.3025	437.6246
28.4634	23.6191	2305.3153
40.6440	64.7657	2635.3017
65.2974	16.9802	2482.6332
5.4969	35.2481	1032.0390
72.3548	47.8808	1482.8889
17.0044	45.3212	272.1372
60.5413	5.3431	1450.4186
69.8008	12.7614	2069.5563
42.2114	54.9365	2556.8786
18.4502	34.0562	1903.5541
76.6046	38.7710	2784.3205
28.0279	55.3733	97.3958
56.8674	46.1716	1608.3199
45.9521	11.1690	1571.6614
49.0094	62.3498	1627.5342
66.4053	73.8458	2114.8464
39.9331	18.7307	2002.4351
33.5859	4.8286	1436.9240
44.2476	36.4402	1090.1009
62.5896	77.1433	1642.2806
27.7961	60.6706	2522.4683
74.8333	43.8818	548.3512
75.8776	53.2320	66.2499
11.9276	59.5546	2767.6164
5.4393	20.7124	1898.0646
63.2792	5.0508	2233.7919
16.3898	64.4109	1382.2106
18.2236	39.7397	2308.0740
12.1365	56.6022	1409.0408
10.5565	20.7509	2755.3263
34.9171	24.0365	1239.3989
26.4535	64.5573	1278.0006
34.9475	4.5271	1882.5408
44.5552	23.8227	1327.7861
23.1125	15.1200	275.9640
6.3139	54.4028	488.0838
44.2442	58.5882	1574.2964
28.1670	70.1462	1062.9579
0.7594	39.7214	328.6294
44.1526	60.1228	1081.2820
10.7090	25.1707	246.1906
47.4989	44.8393	39.7768
45.4915	0.4221	1738.2996
48.9265	21.4869	2700.8433
35.0345	11.5773	1564.6021
27.7717	57.3009	2202.6670
12.2686	74.3218	2203.1136
24.2965	2.6242	650.9812
9.1782	19.6835	2170.1388
20.7916	28.3717	90.9037
10.5298	13.2357	2016.7687
65.1609	1.5388	1355.6384
29.1263	22.3401	747.7455
32.8791	28.7390	2439.9707
61.5193	26.8562	1258.8254
0.2933	63.6976	962.7049
14.8972	62.5987	2196.1727
70.5124	27.3146	2732.1929
22.4569	57.1372	52.5515
33.2868	34.6925	1014.5374
53.0678	35.5290	1935.0891
43.5737	64.6989	1544.8485
62.8924	3.3352	2301.4228
75.7828	72.7296	2515.6099
73.2437	33.6535	1338.8383
73.3269	27.8220	1698.5404
39.9579	27.9035	2048.2620
7.2501	37.9655	1043.5070
58.1373	60.8356	2259.8107
39.1728	38.1419	1165.9201
75.9751	30.3290	2339.9002
68.4727	25.2758	388.0115
67.3756	52.6727	691.5445
66.2241	39.7562	2303.1394
25.3660	48.6333	526.8995
8.9141	68.9627	2618.1138
18.6265	26.3207	2717.4825
51.7542	23.0702	2697.0957
32.4555	55.5759	456.9058
7.6341	23.6751	4.7043
1.4474	65.3505	2468.0116
26.5764	74.2787	749.0913
2.7431	18.3459	1415.3212
58.1958	14.1482	775.2187
66.4832	65.2643	48.1974
19.0511	73.1490	2815.5076
42.7995	36.4513	1123.4098
51.7078	48.2290	2424.5347
23.4687	31.9897	2201.9702
33.9584	62.4183	1863.4273
59.4433	3.9895	1048.5444
48.6854	58.6647	2774.1492
36.8416	53.2279	1737.4461
28.7428	63.6870	1154.1042
10.7402	68.7854	1299.2582
5.5915	59.1268	2281.9012
7.1039	15.3989	1581.0292
46.9351	56.7088	2738.5631
54.3033	58.8029	2467.1193
74.7741	50.5999	2439.3148
62.1406	28.2401	1494.0276
3.3212	57.8105	1826.8152
73.6941	8.4189	1365.5244
8.6577	53.0862	1001.5186
44.9339	10.5566	990.2902
16.0956	60.6095	140.0417
76.1563	15.4705	2355.7125
16.5825	75.5735	1260.3531
73.0375	41.3532	1604.7456
48.3062	14.1895	1187.4875
75.5721	40.8121	2709.2710
66.5260	29.8147	1044.6077
68.1399	51.3151	1003.9538
71.7887	2.2623	2359.9531
69.1246	13.6881	2010.4752
16.8298	65.2103	2172.8394
55.4641	32.3591	81.5122
56.0137	24.4925	443.7940
42.1553	52.9937	691.0044
31.6122	59.2474	1808.4291
44.8986	39.7759	2612.1321
34.2959	2.5886	1024.7705
17.6311	32.0730	1316.4679
60.0126	62.0979	1018.4650
37.2693	34.6901	671.7037
54.3065	71.9529	394.1309
60.6408	30.9024	2217.0880
4.7570	51.0810	1903.2155
66.5891	25.3324	2736.6387
41.0879	72.4336	844.5902
25.2958	64.9462	1076.1098
46.3580	19.5465	2636.9674
19.4576	49.5058	1294.0687
76.9218	1.3746	1022.0449
19.8746	51.1164	1455.3592
19.3985	66.7586	2350.9127
66.3533	9.0538	1502.3878
43.9377	25.1787	2505.6167
62.7650	9.4139	1305.1929
50.5960	52.0251	2385.5328
15.4354	0.1016	2245.4112
41.8714	1.0084	1862.2502
3.3655	13.0989	664.4185
4.4705	63.0139	1741.5925
36.2546	37.6353	2062.2686
16.3485	70.8415	378.4204
27.0046	67.1816	68.3994
11.4651	52.9358	1048.2428
64.2837	54.3070	674.7353
51.3022	70.8449	520.9456
69.6216	74.9476	1492.9404
14.3514	76.7663	2347.7416
71.8200	67.7695	2556.1288
54.2196	49.7962	509.1732
25.3598	18.2525	348.0980
8.2751	7.2679	2349.7624
25.3904	41.9380	1964.2096
55.0670	57.8420	432.5531
57.4362	16.0295	101.5481
1.9499	51.3355	2568.6036
22.0243	13.3191	557.9791
69.5887	60.4879	377.2402
20.8543	45.8983	852.8262
33.1296	69.9843	2176.6959
8.8845	13.7022	271.5508
8.0750	75.0787	1884.7546
56.4147	63.6156	12.9328
0.3911	58.0654	81.8605
47.1957	68.5612	2730.8342
7.1413	61.1018	2373.6982
30.3365	48.7243	1130.0376
18.5297	54.4763	322.2685
45.6750	37.0555	693.8711
69.4596	32.1736	2005.3553
71.5934	63.1283	1693.8870
59.2592	11.4934	713.0262
75.6225	45.3453	458.1974
41.7421	22.1611	894.5447
10.8684	48.6294	354.7339
50.8093	60.9276	1035.7958
18.0902	34.1391	926.6601
5.5820	70.7880	26.3151
55.8744	70.1657	493.8617
15.5084	59.9615	1657.6970
23.6516	32.5632	2138.9001
4.2010	32.5631	1458.2186
14.2638	33.2109	1822.4156
1.7084	72.4647	538.9659
30.6917	58.0093	1368.7092
38.8984	23.3250	506.2973
23.0464	9.9528	1958.1753
8.8018	19.9186	387.0277
34.9561	24.0391	1541.4101
10.0965	12.6552	1242.8316
68.0727	42.6023	1426.8326
73.5401	63.6092	2176.9545
35.0491	6.7988	815.3342
23.8841	63.4227	2530.3004
18.3584	24.1984	88.2670
59.9298	64.3382	752.6425
53.1836	35.0777	612.8599
54.5515	66.4737	2197.4028
45.9464	22.4381	364.1472
71.6177	45.1401	622.4401
8.1823	72.8807	1768.8215
41.2798	30.2629	200.5026
67.4615	28.3489	2516.8240
76.9855	35.8899	317.1047
51.6670	49.2984	945.2806
66.3604	2.6753	1938.0111
3.9440	34.3792	2596.5668
66.8562	76.6066	770.9944
33.8479	68.8568	626.1826
9.7954	62.2234	94.5290
11.6255	18.6073	917.1857
16.0912	47.1011	2388.3985
8.2948	13.1365	243.1699
8.1639	17.0518	390.9985
69.0108	31.0619	1363.6875
38.4659	70.3538	1748.5919
29.8251	72.3641	2600.8938
76.8638	29.1852	1037.7783
71.7637	15.0041	1928.8048
18.7632	46.3091	1183.9003
14.1542	44.9936	187.6143
2.6037	43.6193	468.9469
17.9286	54.4240	683.2347
74.4026	3.2207	131.3891
74.8962	70.6742	367.7458
69.7422	21.6414	1288.9934
17.8657	72.6135	725.1805
12.1493	24.5229	232.5749
11.1669	63.3915	1514.4186
72.1324	33.6757	447.5670
46.3103	71.1429	2530.8878
72.5927	12.3101	2081.9905
74.5989	24.1378	1303.6904
54.6081	54.0847	980.1741
67.3415	1.0807	2441.1970
21.2426	56.5093	2047.2349
29.1934	53.4623	2186.3197
10.2952	54.9478	726.0123
75.4594	45.9524	1010.7536
23.6192	45.2915	1426.4098
15.7005	4.9646	477.5146
35.6682	1.3091	1647.5143
4.1239	57.7962	1319.1836
76.7199	35.9520	20.0117
40.7748	9.9388	1826.5902
75.4557	51.3919	1844.1033
5.4838	37.3557	2701.1947
5.3378	40.4435	379.7181
47.4856	23.5318	121.3938
14.5765	20.7637	2294.1160
75.9806	67.4359	116.4187
38.7003	1.9975	1665.5505
46.9683	62.2702	2093.5170
41.1296	37.0355	1082.8846
45.0155	27.4702	2087.1785
14.0311	72.2622	2370.6162
74.4679	23.2885	709.5274
65.9016	24.1798	456.4440
63.3644	47.5303	1955.4530
14.3836	42.5241	428.3228
41.3210	6.6312	963.1212
32.7981	26.5084	2276.5555
67.4111	26.2264	566.8319
43.4176	7.5378	2365.0000
39.0937	20.1977	1288.1177
49.0980	28.8772	2796.7973
11.2918	6.2146	997.6810
37.1463	4.4292	1770.5834
11.0406	51.3940	1297.5089
30.5531	32.0542	1169.3100
57.1270	41.9195	1277.4512
17.8358	12.6818	2478.1344
72.5494	16.5708	2558.5626
50.2469	54.6267	567.0132
64.7745	46.8618	1496.0073
51.9766	73.4477	1332.5235
9.1237	59.0904	2146.4656
28.4206	60.4860	1629.2547
61.5379	10.6936	2239.2771
45.4111	22.0801	463.5756
43.3983	30.9747	1490.8637
17.8613	38.8217	2679.1894
73.9050	2.6574	84.4636
9.0846	35.9797	967.8317
65.2203	30.9242	230.0210
12.6286	48.2004	2710.5675
38.2805	24.1948	897.5648
3.6344	69.8444	2059.8984
40.3203	38.6037	1347.1794
50.4685	68.0648	1556.0162
56.0711	0.1675	1692.4673
50.1302	64.8029	1654.5123
15.7968	30.2422	985.9605
57.5473	70.8731	1513.5149
56.6416	11.5359	1691.3260
68.4855	73.1964	1499.0680
24.9184	61.6240	2334.4140
60.6613	8.5866	2427.3790
74.9294	68.1801	1181.7139
54.9923	60.0414	694.9589
45.5263	7.9169	2364.1953
35.5078	43.9592	327.9939
36.0901	33.6244	2480.9547
69.9909	44.6449	522.3658
34.1725	8.0062	2027.7653
76.8061	7.4815	743.3827
5.2060	73.0706	1309.9068
63.0640	69.5397	2266.7464
72.0462	58.7840	1342.7163
62.0132	2.1304	809.1190
37.8878	1.9536	1864.4460
48.3950	41.7249	197.7517
66.8267	66.9827	2496.3388
29.1480	8.5315	413.8164
33.1884	64.9440	63.6379
71.2852	8.1213	1404.0232
47.9333	32.7265	2469.6913
2.0083	14.8780	1273.3107
7.4630	75.7842	2303.4700
60.2548	22.5453	2697.2636
70.2753	3.5750	1960.8009
5.7163	31.7058	1134.0679
11.9446	61.8527	1300.0821
11.6544	74.4393	1199.5468
60.2466	67.1123	1919.9865
75.2617	28.4358	1086.1940
47.9604	33.4672	1517.2391
59.4474	34.8002	2147.1773
25.0839	18.7013	538.5783
76.1114	53.1546	1612.3232
38.9027	21.6392	2717.5091
68.6274	70.0021	1541.3333
57.4938	46.7643	410.0812
13.4579	67.9603	809.2446
35.2883	57.6138	1258.2612
38.9670	26.7974	1730.2029
69.2218	41.4152	751.4112
18.7892	61.1892	1140.2608
3.4974	70.4781	2021.6562
14.8129	43.9094	490.2493
5.8974	26.8023	1471.6324
44.4556	17.6493	538.2145
41.6097	30.8113	1321.6894
49.8042	4.4178	2757.1548
58.9960	28.1086	2039.8962
63.3692	38.4996	150.3136
34.7889	70.3080	1442.0871
53.7028	7.4824	893.1496
40.6138	16.6911	1843.2045
22.5750	32.6888	332.3835
39.2871	58.3597	581.2655
56.1715	27.0396	130.5360
30.5525	67.2085	1339.4766
12.0923	12.5069	2341.9730
61.0157	5.2589	904.3378
35.3417	55.3597	2617.0189
54.4589	25.2444	1121.8349
50.3559	23.0193	361.5645
44.7039	9.5505	723.7699
3.2318	28.9022	2573.9676
54.7928	10.0449	723.6835
47.9142	70.2989	914.7803
58.1173	42.1151	187.1264
21.6175	3.5574	2590.0072
35.0837	28.6194	1408.0962
56.6214	0.6864	2253.9089
8.6925	4.3693	46.2219
30.3788	17.4821	390.5210
19.3786	7.6231	2807.2611
30.2238	72.9513	1344.6546
56.3517	5.0850	1123.7737
65.7308	6.8566	1540.9148
51.7424	4.6619	648.1570
1.8165	17.0708	1226.4751
73.8541	72.9833	2795.4330
20.8836	27.8656	2744.5395
28.3677	9.4164	1945.3456
48.9464	21.9475	981.9801
73.4670	30.1724	2280.8091
10.7886	57.9802	862.9300
7.6531	6.2216	2273.3891
55.6675	41.4152	1280.9376
27.9441	45.4839	545.0877
3.6187	14.0309	464.1959
4.3203	74.3962	1165.9859
14.5813	15.3091	2531.2521
6.4928	48.1975	848.6215
57.8059	13.8181	118.3725
2.3601	19.3598	514.9139
70.2639	19.1980	1173.5551
8.1890	64.5968	2079.8107
59.5530	41.7161	790.5739
3.0298	39.2813	1444.5666
26.6496	68.4620	479.5666
27.4747	33.4765	1664.9471
39.1693	57.0182	2528.9069
72.7019	16.2306	297.2455
25.8874	19.3959	924.4365
5.9886	58.8759	1266.9498
20.8745	31.0331	382.3594
0.6341	17.5845	284.0930
63.2631	16.2553	2201.7907
61.9926	9.8210	47.0449
74.3953	6.9623	1020.1854
40.1265	48.2220	1371.4358
70.7446	18.8943	842.7561
67.7350	69.2457	139.3542
4.1118	19.2235	1684.3976
56.1076	74.8353	2765.2691
49.4363	38.7322	1012.3588
39.6944	70.2324	74.7701
39.7017	20.6067	2730.1861
59.5675	49.4261	1715.6818
18.7817	13.0667	845.8093
20.4316	7.5199	218.0835
66.8100	74.3075	169.6416
2.7324	4.6713	1035.5799
49.7272	56.5309	1897.0327
74.4838	40.9816	2549.4222
61.9082	40.7776	751.9126
51.3969	11.2673	1177.4049
21.7628	0.7122	1290.2715
61.8493	20.4750	1527.5627
23.1715	32.4484	2704.8915
75.1618	19.4182	2507.6488
41.6417	42.2972	634.6342
16.1787	30.0343	23.3416
31.8126	2.6090	1351.4368
16.2578	71.9869	948.7341
69.9118	73.1009	1192.7435
27.0021	67.5640	2815.5316
64.8837	50.8082	2081.6565
75.7941	75.6425	320.7780
54.0026	61.9996	925.4938
38.1417	58.1649	1645.2635
40.4124	35.3236	1152.6818
4.3750	25.2883	896.8103
8.9433	64.5671	665.9563
52.9483	52.0611	2717.8800
11.9155	56.2305	2207.7106
61.4454	61.2543	994.6472
73.7496	34.0692	106.9780
66.1756	31.8592	2506.8125
3.9766	74.4962	1835.0510
55.9542	75.2484	671.2761
11.5173	50.7428	75.8465
20.3307	30.3761	741.4511
2.1849	65.8987	1517.5554
51.2292	54.5599	1974.5940
58.1966	20.6101	739.5454
52.3005	31.7440	2348.7976
36.7469	28.3205	1309.4520
58.2022	73.2179	1098.6492
18.6008	23.9372	883.2664
38.9683	66.7117	2233.2145
35.3877	63.4849	325.5823
73.1957	11.3749	1763.6865
12.9877	61.1179	2386.1737
56.9261	73.4069	421.8627
1.6941	64.3405	92.7320
60.0918	68.6804	1981.6765
13.3121	12.2974	2064.8447
54.9608	51.8597	2281.5045
46.8283	58.8267	2563.5758
38.1776	41.9732	1169.4605
62.9185	30.1695	1588.3600
70.4262	5.4427	1972.4713
74.0058	70.5556	949.0125
60.3773	11.6082	770.2094
14.3504	77.1410	1727.6696
9.6868	19.4964	2428.2022
67.8337	18.4815	1269.8493
23.4737	74.1529	778.1770
31.2077	54.1447	785.4338
56.4654	2.9498	1472.2239
1.5082	75.5274	273.6443
38.1961	48.7745	2239.9649
42.5428	10.2140	1528.9554
16.5127	63.3348	5.2198
6.1935	74.4257	982.2558
38.2839	7.0238	1457.3450
0.0928	16.9580	1366.2418
19.9361	2.2997	2762.2330
65.9674	6.0890	1454.8119
53.0756	55.0204	1333.2008
54.3497	70.3544	1810.4616
42.3616	0.0173	2398.4639
5.7133	32.2253	565.3910
6.8749	20.7506	1986.5642
37.1008	11.6637	374.8126
3.5211	59.4441	488.7985
72.6619	16.3879	929.4895
63.5470	24.6633	1351.8234
74.0977	7.7257	2165.5628
68.9413	57.9867	473.0974
52.1327	26.2991	1476.1321
4.9201	33.6566	192.9336
5.2927	75.0104	917.5927
48.4764	71.2776	2032.9173
34.3285	4.9578	1983.4674
8.3048	1.2973	2228.7608
27.2482	23.2421	1310.3383
67.5718	21.7577	1404.1692
24.0486	57.6678	676.6446
24.4464	21.4526	594.1390
65.3859	15.6078	750.8522
57.7616	62.2033	1536.4268
74.9141	75.0647	1435.6430
71.6397	64.8063	1318.5842
19.4559	21.3262	303.8402
23.8350	74.0727	900.2165
4.1410	18.7989	1912.5109
49.0100	30.9992	1277.0795
44.9802	43.8426	1688.4332
71.9869	42.9764	1080.8869
26.7239	19.2981	1258.8120
37.3785	70.9026	2734.0470
45.1897	44.4370	758.8188
14.0600	2.7825	1464.5571
66.6760	76.6666	2458.6555
65.6938	20.3965	2410.5215
68.9019	12.9962	229.6642
66.4792	65.8477	2276.0206
5.0158	0.1736	130.8701
25.4808	23.9987	1092.3249
16.3598	51.9660	878.0061
30.7828	19.2581	2341.4991
7.4133	13.9542	1805.1369
6.8292	41.1982	2027.8050
15.3616	47.6558	1957.4208
44.9997	57.6064	1125.1129
69.8764	44.7863	449.3912
7.5006	5.5100	1763.9595
64.0973	56.3404	1094.0433
77.0752	52.1554	1584.9136
56.9116	21.6901	1124.6701
19.1034	7.8489	1095.0522
22.8949	65.3708	747.7812
71.9093	73.9245	467.3658
29.7505	20.3864	79.8269
20.0847	63.4921	2617.0787
35.8593	0.0562	1879.8604
58.2084	34.6339	1357.9486
57.3661	32.0996	2054.3537
20.6546	10.2343	1407.7290
50.4663	61.5500	1683.9697
75.7516	65.2386	2633.2137
11.5092	59.6690	116.5308
17.9828	53.3373	955.3423
26.7992	44.8458	1923.3693
53.3790	8.2857	2747.5948
29.8266	13.7026	643.9149
14.3794	8.3552	2029.0852
59.9777	34.8987	1963.0167
75.3680	30.8252	79.8816
70.6772	3.3119	1322.0294
36.4770	49.6362	2658.2399
11.0128	19.0265	2273.1170
55.5423	21.6107	2788.0531
62.2807	30.5482	1835.3783
60.8386	29.7521	1252.9577
57.7664	72.5069	258.2333
6.4407	38.8600	668.0360
66.4172	4.4280	2532.8264
33.5024	70.8148	2227.4314
23.4088	69.4984	2541.2374
12.5443	6.5759	1413.6246
11.6176	2.8336	1979.1443
7.4466	22.3954	136.1304
31.9656	16.9213	52.4483
42.5550	35.6636	966.7316
2.7678	75.2634	1100.1195
24.5027	19.8651	1790.0083
72.5689	61.4943	2775.3108
18.7105	10.7597	1322.7434
42.3774	16.1409	1855.6593
76.6809	75.5466	537.6922
1.3888	33.6341	895.2686
30.8958	76.9492	125.4556
34.7010	38.5292	1145.4531
59.7058	37.1062	1101.3415
20.6476	23.6221	1056.5654
18.5044	12.0610	944.2034
36.3104	18.8776	260.9944
49.9583	66.1090	2232.7386
6.6031	8.5680	1710.3682
64.2234	40.5940	230.6627
18.6278	13.3349	609.5210
6.8493	50.7782	792.2055
24.3306	1.7803	1656.0814
33.6723	33.6237	2295.4288
39.8668	41.4752	409.3443
59.5616	47.2300	2372.8658
70.0989	17.7959	667.0918
50.6096	76.7847	2240.9706
36.8523	23.6935	1238.7145
59.0830	26.7700	256.1681
5.5015	30.9788	1475.3019
28.5661	14.5648	2810.2173
9.8318	51.2074	315.4248
22.2642	67.9056	818.9078
10.9533	41.7361	162.4092
30.1438	33.9646	2764.4990
16.3297	43.0265	950.1841
51.7210	62.0207	2785.2474
38.4720	17.0382	2278.5322
20.3318	38.5591	1093.2591
38.1825	21.1163	251.9866
76.5332	6.2391	1690.2085
0.9995	15.8233	194.3106
55.7352	62.3336	2814.3555
49.6447	55.0008	562.1611
23.9909	14.1496	2508.2083
17.1237	54.9826	2755.7127
37.4587	22.9121	507.9722
8.6816	51.8326	1345.5926
3.6275	66.1143	434.4087
43.8627	23.6041	1775.9534
51.9414	40.3371	1509.0120
74.3570	29.4926	1759.4054
75.5581	28.0534	2631.9554
51.2791	10.6744	259.9093
35.8258	54.4279	1007.4073
56.0657	8.2578	2224.5928
64.2410	30.4405	1117.0867
18.7795	37.7966	496.8757
32.4897	22.2812	543.4340
52.2949	68.4877	788.8634
57.3861	20.3168	401.5383
50.0378	53.6574	2510.3118
3.1642	71.8560	2651.3384
18.1762	43.3514	328.3688
35.3772	21.4682	140.6677
59.7535	10.6590	729.0463
18.9862	55.5313	2334.0037
17.2926	42.9918	2224.4398
57.1976	61.1904	2615.1838
56.3770	54.2181	463.2138
33.9514	18.8972	128.0931
5.1277	44.3124	852.1300
7.2521	33.2246	817.6118
26.2338	8.3108	2366.0159
40.4804	0.8318	2690.1105
54.8052	29.0594	511.3612
28.6304	64.5592	968.0066
65.7049	63.6729	739.9231
9.0150	73.7344	1338.6607
38.4697	27.6432	2209.2811
20.0565	62.2337	1239.5453
58.2931	8.6627	908.5432
41.2364	4.2181	227.2297
39.0616	71.0260	2801.9621
4.6314	39.5488	653.1589
0.3734	38.1434	2604.7252
76.1550	65.9572	2288.7501
35.7343	9.4240	147.4234
6.7003	22.4873	525.1929
17.9308	72.4830	1622.3865
70.4362	33.9490	1901.7841
52.4595	2.3850	2014.4379
20.2658	51.1248	1523.1078
53.2036	76.0841	2472.6234
53.2818	7.7029	391.0643
37.4553	32.4533	312.5128
16.3598	43.8499	306.0457
58.8271	3.7660	1046.0123
46.9283	37.1229	1313.4699
64.9135	75.7585	2730.0718
29.2734	20.6054	1324.8012
20.7432	25.5929	2152.2078
64.3503	48.7435	1438.5694
9.3499	33.7336	2102.5145
4.7979	72.6875	2055.1642
68.0615	57.5646	436.2986
33.0828	10.1328	1621.4997
62.3793	12.7479	495.0936
64.8862	48.0360	244.2931
36.0962	26.2466	836.5599
59.5243	1.5288	1978.7682
68.0631	2.0600	2198.0591
15.4290	76.6305	1308.8202
57.6135	70.7357	504.5381
76.0804	24.3608	2411.2694
65.8435	74.3869	800.4446
2.8522	57.6067	797.8442
34.2464	44.8364	2312.5206
63.9422	31.8758	1168.7934
34.2577	9.3720	2461.0788
76.7905	6.8139	1723.1873
64.8267	67.1715	1219.5008
72.1125	43.1898	2178.3476
69.5157	14.9898	1227.9166
77.0762	28.4632	980.5944
72.5705	35.6049	535.1547
30.9814	38.8737	1473.0862
18.8101	8.7219	2235.6419
26.9964	7.8528	323.1507
33.2014	73.4966	1216.3024
21.2061	66.2535	2767.0958
3.0040	40.6598	1358.0236
67.5239	39.6235	1118.7341
15.7083	67.8971	2782.6918
41.9578	5.1146	1622.6592
50.5888	14.7137	1841.9750
10.5767	57.5537	777.6502
37.4023	63.1512	2343.6151
45.7608	53.4535	1758.7052
50.8611	33.7707	1155.1239
17.1331	8.1567	2535.9759
17.6788	8.5763	478.0790
57.2972	67.7820	116.6878
71.6760	26.7853	1120.3817
24.2853	74.9944	858.4439
12.4325	8.6056	1860.6030
3.7601	48.9551	1154.1525
11.5077	56.6058	75.5706
56.4589	5.0591	863.4616
58.6609	33.5629	701.9286
34.8919	9.1349	1486.8203
65.1029	7.5971	1422.4033
16.9177	33.1003	2683.3690
43.3150	3.4384	114.0606
45.2983	40.2677	2236.0212
6.5092	31.4192	82.0967
59.7576	32.7356	2044.7652
30.2949	7.5016	2295.6729
55.7176	74.0928	2195.8916
9.2091	49.0267	2658.1593
2.4917	14.0031	2213.7840
8.2897	31.3299	245.5600
44.4665	1.3372	1831.0784
0.2669	9.9114	739.3550
76.1492	11.8253	274.6259
24.9353	8.8662	1120.9896
55.5767	76.4862	822.1910
69.1009	57.9876	2721.3631
56.4952	12.6379	1019.3213
20.4445	69.0311	20.4870
17.2308	63.6404	410.8889
26.7306	45.7485	456.1013
0.2929	21.4823	332.6579
51.3475	12.6051	578.2660
57.4351	18.3259	906.9604
47.3555	2.8126	2658.9624
54.1489	7.3051	2689.9290
23.3438	4.9110	2044.1289
27.4860	74.7705	292.3774
59.5260	4.4116	691.7147
51.0757	22.9425	104.7644
38.6134	0.6715	1849.8028
57.9769	9.6215	2056.4599
28.2139	41.3644	1351.8510
58.9399	23.6937	509.8991
76.4824	15.6502	2335.8190
48.2414	37.6711	863.2501
35.9362	25.2171	364.7386
25.1808	27.3519	744.1885
68.5636	42.5381	2129.3016
12.2958	54.9300	2110.4061
60.4486	29.2592	2033.9971
19.5919	69.0181	121.5275
40.5254	54.0992	1684.2645
8.9856	30.8689	1137.4602
8.1229	19.8151	25.3563
51.0917	41.2416	492.8117
62.8257	3.2952	2100.7053
69.8330	8.2317	1749.0132
39.8082	74.5043	2511.1980
75.2282	56.9423	1295.5274
63.9127	1.9582	2439.5167
34.4268	52.1317	2596.7217
26.6641	31.4162	331.1123
11.7703	70.5818	1718.8737
68.4831	59.8823	142.6009
31.5879	26.6994	2294.8632
54.9964	34.3200	2089.7377
23.7722	27.1807	1888.7845
71.8656	42.3895	2531.4730
0.7609	18.0154	2790.3503
24.4813	69.3126	2808.4356
14.9131	32.7750	2515.6298
35.3441	40.0678	2264.2296
21.1427	47.9770	1411.2326
62.9886	57.3688	937.5788
15.0228	43.9726	1867.0447
10.1161	61.3765	2367.3240
32.3758	10.2581	821.4290
64.5798	45.3376	1655.3360
7.9259	54.5315	2416.1141
56.5974	30.8330	329.4837
41.7565	11.5530	635.9289
10.2280	36.5743	679.2285
50.8338	53.5967	586.2704
2.7167	68.5790	437.4808
68.6734	75.9992	390.4782
45.6023	60.8547	1504.7914
68.1033	72.7056	942.2521
20.6908	63.2470	500.4781
9.9628	44.3618	2768.8241
42.7761	62.2386	276.9511
61.6160	26.9377	147.9393
54.9439	14.9513	2559.4856
58.0335	27.0532	2576.8571
17.7096	74.4313	217.2790
51.2810	1.7157	728.6063
73.1046	22.9048	1581.8443
57.1790	33.6264	1361.9483
7.9443	49.0065	1479.6497
18.7884	66.8502	2484.8704
36.5680	62.4115	752.0153
51.6142	49.9850	1898.7334
58.1538	14.8791	1893.4885
15.1559	23.6492	1481.5768
22.7375	20.0867	1133.5411
23.9181	47.7016	2164.1161
57.7628	33.9277	2473.7379
48.7528	33.4958	2171.1929
46.8524	43.7338	1975.9118
37.3242	36.5868	2367.6610
14.0720	47.2397	1131.8358
60.3316	10.0378	2535.3912
66.1323	33.5501	1515.0332
40.4560	9.5836	1720.8401
15.9339	76.4879	2449.7400
44.4928	17.7802	1215.7675
11.9553	58.1283	1314.7461
47.9671	26.3917	2631.6588
6.5802	17.7181	2104.1455
28.8898	47.7268	1995.0702
19.4886	63.9177	1343.5888
24.8188	47.1665	1616.6256
75.5174	6.0160	2770.9195
16.7099	30.3708	652.4812
13.2312	32.2611	2050.1597
62.9301	59.4134	1171.0080
2.5418	38.1319	1400.2128
64.9521	56.0171	2566.7461
47.2698	11.8000	1313.7947
29.7692	70.5489	522.0295
24.0832	74.8011	1704.0172
37.2821	33.5860	1291.1263
9.7425	50.5157	2810.5005
69.7963	66.6737	2056.3096
44.8836	26.9842	77.4971
15.6440	9.6257	2106.4863
60.4644	27.4909	2176.2720
48.2479	21.4714	2804.2949
25.5730	49.2838	2772.7244
18.0596	22.1784	2022.2784
3.8846	50.5607	16.8719
60.2873	2.5068	1522.6758
9.4384	17.6704	2361.1638
10.5671	47.3718	113.5431
49.1066	51.5438	31.2315
68.2077	66.9185	624.3700
64.8453	34.8596	2784.7304
33.9360	59.7014	2783.8853
4.9504	73.9095	892.3793
1.6058	34.6390	1511.6529
59.2763	21.3387	1620.5104
17.4120	71.7050	2454.2570
18.6700	68.3081	371.0200
53.0812	71.9825	2632.2971
14.3781	27.0281	947.1916
59.7241	15.3708	486.1412
30.4202	48.4168	1833.5108
64.8648	49.0354	1396.8575
25.0409	77.0464	783.8227
10.8053	37.9925	873.5139
39.0861	4.4660	131.6654
9.4368	3.3821	475.2875
0.5792	42.5505	224.8933
22.9918	34.3710	1656.1738
62.2915	51.1309	1316.6483
11.5960	56.3093	645.9366
26.0027	58.2053	2708.8936
74.8162	12.5798	1743.2734
71.8677	59.1951	2050.2058
2.9761	17.9681	1872.3775
26.0809	63.0123	1457.1879
19.4295	57.6785	2250.9112
73.2632	41.5699	802.0157
39.2386	53.7493	983.6443
47.6359	1.3105	2662.3264
68.7243	62.2927	1079.6465
48.7731	4.8389	1054.5342
8.1609	12.0706	132.8560
68.3300	33.6820	25.0154
64.5842	43.0589	80.3690
60.5107	36.5756	104.4142
36.0216	0.0267	238.3634
24.7694	42.8041	2176.7296
45.3468	72.5247	2706.5285
55.6891	50.3135	2325.8505
51.5662	23.5795	736.1874
12.0063	61.6314	455.8706
9.3171	31.6923	6.9063
76.7863	45.7621	2618.9629
29.4734	42.4276	2079.5895
75.3668	11.5623	414.1008
6.7382	3.8111	90.9529
25.1313	58.6164	1161.9158
46.0222	47.0898	971.7342
46.4836	48.8642	2414.8669
52.0736	75.4086	392.2728
70.0815	49.6280	1800.2252
15.5063	64.1099	2337.3595
56.1816	69.1208	2442.2823
62.8038	70.9314	2013.8262
71.1531	66.4502	1347.9901
12.3188	1.9676	1740.7714
2.1199	16.2800	830.7141
31.8622	2.0253	1629.7306
60.0844	48.7509	2765.2902
47.0079	59.5625	895.5364
39.5802	39.9652	2491.0447
15.5586	2.4161	2755.6471
28.5222	17.0202	695.7376
62.6804	10.2630	2481.7597
40.6077	56.5872	816.9105
58.4817	44.4873	186.3395
26.2213	61.0836	2677.1133
46.2620	75.6528	1040.0541
50.6161	5.0529	11.5765
10.8084	52.1012	110.2828
56.0156	34.8398	2379.6371
53.0256	66.7827	8.3529
69.2167	43.4595	239.5063
31.1870	47.9489	2152.6750
75.1474	13.4278	783.9352
56.2527	11.4220	1754.6577
73.6142	54.9679	1608.3942
23.7890	19.9783	90.3769
8.9638	4.1661	2309.6771
38.6805	71.2035	2410.3299
34.4480	56.2456	409.8515
45.8570	70.6298	2362.0222
74.8873	63.5523	2251.8532
55.0087	75.2464	2780.3084
56.2651	18.4501	2590.4072
14.7860	66.7428	5.5801
24.3598	59.1483	2712.6081
76.9681	17.6724	2186.1608
62.1183	67.7978	2415.2671
5.5476	10.9996	2698.5419
75.8219	27.8003	2550.9340
55.8771	56.2543	1403.6875
31.8892	60.5453	1748.6756
67.6675	7.5596	2396.1425
39.1074	4.9282	1730.8102
69.7498	53.0801	468.8469
14.8823	35.7957	1972.3270
42.9953	25.9661	243.3708
39.9981	43.7696	739.4314
34.9314	28.3118	786.1330
10.9571	72.5978	2350.1384
26.1864	24.1500	530.5118
22.8815	70.3265	1961.7619
19.2156	54.7580	347.4491
55.4058	22.5514	773.1024
28.5986	24.9338	125.8427
12.9955	13.2615	1849.7545
24.8775	25.3223	1098.1891
28.6601	11.7537	1240.7244
32.5362	62.5735	584.0936
38.3441	12.7484	747.4117
65.9522	44.9779	182.4712
58.4774	19.4343	663.8556
15.3300	62.0787	2462.6032
0.6636	47.5611	1037.3829
65.2296	47.9532	2345.0835
74.7210	65.3184	2432.9512
28.3509	38.5653	1628.4756
72.7566	49.8024	59.8542
61.5345	19.6615	1693.4973
3.1601	65.9638	453.0722
40.9371	59.4887	1932.8826
53.7965	31.3562	2665.1411
29.8002	17.5854	460.9042
58.2824	50.1704	2796.0751
15.7003	69.7721	358.8150
12.2819	70.3947	410.0098
11.8988	58.3522	18.7035
66.3762	28.0469	1155.9507
28.9938	34.2647	2281.0835
55.8888	53.1659	316.9361
6.0999	31.9256	0.2157
13.6484	43.8853	769.6624
24.4012	61.1064	2329.2329
54.7293	21.6341	2684.3356
69.1743	47.9361	2315.0426
34.0964	26.6001	732.4875
46.2080	49.0607	864.8521
61.0017	1.9913	773.0262
42.9647	50.0029	564.5976
54.3667	26.1339	1097.9023
40.3335	29.1841	2455.2481
69.4411	13.9406	2134.2589
1.4484	23.8781	1690.9811
76.2351	39.1125	941.0525
74.0564	57.1212	1397.3638
39.6310	29.7624	1411.4184
20.5241	44.7786	1160.2842
60.2078	62.7636	506.9258
64.6895	23.5850	209.1533
48.9482	63.9203	1353.5166
51.3648	55.3928	2763.9957
0.9184	61.5185	147.7465
20.7435	42.1110	338.4683
9.2086	1.3559	1686.5460
76.3273	46.8062	1780.2951
70.8697	56.5362	2364.3066
39.3014	24.1287	917.9380
13.1012	57.2663	133.1327
34.2338	44.6930	2715.2699
53.7254	41.7211	588.5725
17.2230	68.2561	324.1249
4.0821	29.6212	1461.1621
59.5331	3.1222	1895.6324
76.4266	55.4811	2011.0615
50.4219	40.4402	1324.4768
29.0890	30.3475	384.0519
61.8883	74.7532	2397.6620
76.4898	3.5467	1512.8874
62.6012	23.0303	1495.0967
19.1308	35.6920	1903.6632
58.2835	61.4033	648.5491
23.5625	32.5228	1558.3304
71.0528	45.4079	2689.6954
59.6466	44.0834	8.7855
35.2656	3.0760	1123.0286
37.4786	48.4464	1893.2752
50.5676	61.3197	2048.6798
17.4497	27.0949	1808.6481
7.1157	52.5739	2758.1634
6.2180	14.3969	1061.3142
33.7680	11.3240	727.1918
28.6211	28.8050	1165.2675
63.6785	2.4164	2083.7438
10.6583	40.3107	185.4658
6.1165	46.7835	702.1675
15.5531	29.1407	449.3758
74.7642	43.6105	665.6567
70.9905	53.2387	1369.1766
33.2153	65.1201	2073.7643
22.8128	47.2702	2352.1977
75.4419	36.9732	670.8502
32.2080	71.1651	794.6652
52.8593	8.5418	1261.5740
45.2513	58.9088	756.9678
3.5468	15.9642	2425.2969
62.4277	55.0633	91.1910
0.6866	66.9298	1858.9494
43.0599	53.8999	2380.5631
37.4855	42.6048	1681.2055
16.1656	1.3465	182.0379
10.6303	64.4442	673.4210
8.0864	50.9616	1921.7816
6.0291	31.7692	894.3435
15.7310	74.0149	1213.9209
67.1234	60.6052	492.2273
38.7415	71.0637	571.3581
69.2171	52.8659	2703.4808
42.5673	62.2391	2775.1122
50.8734	28.4044	1240.5111
6.8901	63.1720	1856.1097
60.9374	17.7557	1127.7356
34.0193	31.8013	1249.4855
12.5638	52.6375	722.0156
32.4087	42.8539	638.3037
0.9011	21.6753	451.6038
70.5614	40.0639	927.8312
63.1333	32.5281	1618.6095
16.1208	20.2328	606.7284
46.4585	64.2347	1706.6651
76.5427	25.1642	1658.7565
17.2966	29.6293	2738.2572
9.6758	29.6462	1487.4939
24.8924	48.4717	1557.3749
12.9593	33.2296	660.0226
3.4995	72.0240	2699.7532
14.4354	50.2105	2029.1188
2.3307	26.3668	1364.1391
42.3611	29.7874	128.5155
38.4188	44.9629	1538.4901
29.0848	2.8164	1855.9465
19.7904	3.9688	965.4573
61.5076	3.6774	437.3675
12.7247	55.6992	2252.2258
15.8035	18.9304	201.4886
60.0808	2.0913	1722.4709
75.3334	49.4857	2706.3397
49.1842	0.9516	870.8124
17.9797	26.5035	982.8073
39.1195	21.2202	561.6823
34.2680	53.5470	2066.5144
5.9977	40.3317	1087.6493
24.8300	56.6771	624.7650
59.7962	53.8074	1605.9763
10.9695	13.4606	2275.6675
2.0136	41.6473	1260.4421
2.5540	11.1649	1643.4542
32.1779	73.6072	2204.1390
62.4982	68.1709	2168.9255
4.1136	72.7442	783.6486
18.3712	26.6554	231.9026
22.2999	5.2836	2048.9469
76.5031	18.4082	336.1427
16.9585	42.7698	211.8460
74.0080	75.3901	2767.8684
12.8675	75.8428	2372.5683
76.3518	3.7204	2681.9280
42.2545	56.3386	1691.9456
70.2940	7.6882	1324.6998
9.4828	22.0446	2507.8107
47.7325	4.1503	2551.1209
17.4202	8.1819	2081.7437
70.9619	51.4060	300.4081
68.0089	48.3658	487.8819
73.8862	62.4416	1626.1921
3.8127	38.1075	554.6966
67.3748	42.1364	1150.5925
59.5300	60.7656	343.1430
43.1556	34.0332	1298.5208
54.4862	1.8848	2154.1126
54.3837	24.4873	1845.9580
4.1469	72.5914	2640.1881
21.7043	63.1032	1450.9798
23.0487	76.7364	2667.7969
75.2305	19.2845	879.1504
51.3187	24.7365	554.2790
49.3433	22.8356	1419.2609
70.0541	74.6015	1969.4206
20.9621	21.6076	349.2501
36.7944	26.2008	2472.9272
7.8263	74.7986	267.6123
71.2598	45.3265	1194.6059
64.2019	5.3455	2231.3226
33.0522	5.9840	2588.2247
3.6953	26.0726	1542.5497
46.6609	55.2628	1947.2582
49.7124	52.8048	1320.1042
48.1098	57.4954	897.9553
39.4578	62.2820	386.8339
21.9352	76.2183	1331.0204
8.9679	16.9878	1592.0628
35.0495	54.5757	1426.6966
25.0644	37.5842	1119.7808
20.4399	18.6353	848.5951
19.4144	16.8704	998.4776
66.7333	42.5652	554.5456
37.8530	52.3794	1342.9279
76.0199	73.6157	1497.9004
0.2079	3.2390	1004.9798
19.3006	61.0357	2811.1009
39.9573	58.1441	260.8953
9.3405	34.8761	2084.5535
10.0134	57.1376	830.1830
61.7783	30.7319	734.7575
25.5128	34.2941	2521.5746
29.0213	12.3607	1745.1974
37.8070	41.1581	2373.2576
52.6631	17.5847	2736.0510
54.2134	50.1870	2109.9633
24.4244	52.4309	2620.6158
38.4375	71.8219	2713.2215
46.7413	52.9983	2602.3645
31.2069	68.5104	1735.2373
67.0029	8.1424	1282.5432
76.9003	37.5309	1737.0866
57.4069	55.0516	24.5173
18.9656	37.4392	372.2030
15.0600	9.2866	1266.9469
47.9134	65.9606	1920.5704
70.0722	17.8188	791.6773
29.2234	38.9107	2124.2966
8.8121	40.1249	1974.0851
70.0637	71.3723	838.5660
37.1711	5.5841	1256.2880
22.7535	46.6606	791.3394
41.9957	42.7255	1478.7472
76.9397	9.3869	1586.5457
19.2900	17.0506	106.7882
43.3197	60.4281	2527.8498
49.1222	71.5870	2173.8977
13.5929	4.1870	1935.6002
16.8588	11.3349	2728.9436
2.2001	17.0393	2296.4118
40.8608	18.5652	2570.2633
2.1225	4.1000	931.4899
66.7592	60.6392	1807.1720
75.8841	7.2445	2216.2510
16.4188	67.3336	778.5306
20.2537	69.6095	718.4893
15.6241	49.8894	2601.6700
44.6119	26.6475	7.6765
39.6499	49.9147	767.2984
47.9188	21.6251	957.0508
29.1929	45.6719	1147.7206
17.9090	51.0934	1441.9306
49.0887	24.5287	2673.9829
56.8266	70.5719	332.2744
61.2394	49.4529	1633.7609
64.9633	34.1846	375.4329
1.8239	12.0018	1358.0245
48.1918	74.6689	2169.5900
56.8901	45.1115	1827.8132
48.3650	46.1664	1171.0933
65.8288	31.6357	2522.1146
3.2044	9.5794	107.4665
3.2168	29.5756	1523.1032
34.1363	23.9077	1575.6204
13.5858	37.5536	1263.0119
60.1913	26.2983	18.3615
58.5216	4.7353	1195.6496
26.6662	2.3770	2716.6548
16.1498	46.4025	1385.6126
73.4831	48.7967	2516.0614
74.9786	12.7201	1013.5467
17.5216	24.9944	2605.1135
65.8326	49.7032	230.5901
18.2650	69.2211	335.2177
52.1048	6.3020	1198.1081
29.9316	49.7361	537.5252
66.3099	59.3253	473.8665
71.6564	33.3886	632.3577
56.5080	42.4005	1206.6264
26.9604	56.2106	28.0277
1.8325	18.3045	833.6505
22.8910	64.2355	364.0974
46.4404	11.0383	883.4023
46.0998	19.4713	1054.3562
18.7180	62.1649	1241.2019
51.6726	10.5034	2124.1165
16.5026	53.2296	750.4674
71.1443	45.4324	334.5056
0.6720	45.4308	766.7929
17.7455	56.5168	353.2702
1.4103	24.5502	924.2465
43.9120	0.0530	599.9793
72.1177	33.6699	447.7574
70.4217	73.5994	1245.6786
4.7635	24.1793	538.3740
15.4886	32.6116	1831.9290
20.7931	50.0868	261.7207
17.4622	12.3360	1065.6401
12.1317	51.2872	1405.1559
37.4319	65.9266	330.5764
36.4283	26.5437	725.8617
47.3965	54.7537	2388.1995
43.4232	3.3563	1915.9712
14.6644	13.0732	624.0851
25.5775	31.0082	2232.4224
25.2140	58.4780	1387.5346
53.8825	73.9223	2105.7089
28.2174	59.8290	666.5905
26.7504	0.6170	498.8250
41.8971	63.6286	1141.3904
64.7781	41.7361	2680.8359
29.0075	76.4497	1425.0343
52.8450	44.2610	2491.0799
67.4318	28.3524	2498.5150
10.8855	18.1233	992.6506
36.1169	18.7842	1805.1627
3.8078	8.6049	2053.9105
27.5948	12.7800	953.8329
69.0671	66.1735	1457.5475
61.4571	35.4223	1866.8478
28.6675	16.0539	83.7727
1.4682	24.1128	477.2030
54.1736	38.1768	700.1957
60.9757	37.8621	1805.7003
0.3313	67.3873	843.8199
13.0909	9.9310	1208.5815
44.4362	16.0488	696.3707
52.9877	53.5086	1578.2994
59.2734	48.0680	419.3528
39.5610	67.1683	1022.4268
16.1581	69.0334	323.6580
54.6210	61.1115	1928.4892
42.6855	72.5750	464.8912
28.4924	50.7393	2329.3522
42.6078	47.1883	1225.3568
63.5105	42.5315	3.7227
15.4279	3.8901	1949.8654
22.7427	72.0564	1816.2395
24.0869	26.9770	40.9331
65.4712	7.0448	2388.4530
28.1302	9.7701	1186.9712
51.3852	74.4127	2138.4369
36.0569	37.3411	844.8441
63.7102	22.9346	600.5995
57.7765	69.5845	1814.7380
48.4003	50.3252	1159.4975
56.7465	9.9200	2091.3184
1.3658	57.0322	1270.8360
23.5297	20.4933	1965.8467
4.4500	28.0114	267.7823
43.6352	32.0493	304.0936
71.3257	32.0912	23.7353
62.8937	73.4144	1091.2693
41.6963	70.3842	2448.3014
20.6777	14.8823	1320.0826
39.2554	75.0938	509.4258
76.0931	16.8316	285.9911
54.3592	64.3975	2741.9169
70.8829	9.8880	1735.9050
47.9123	30.0963	2809.8435
17.1892	76.9677	167.3975
43.3410	71.5887	1353.2435
52.5275	31.3581	699.7132
34.0024	6.4490	1448.6722
0.2911	42.6378	1031.0863
28.2122	44.0414	2145.5611
70.0676	32.6403	1385.7241
76.8533	24.3320	2468.8336
19.9018	29.0055	2714.3812
76.1767	52.4230	1592.4785
75.9551	5.1221	1604.7063
52.8188	51.0675	266.9217
13.3261	43.3392	1245.6294
1.0053	36.1942	2801.2658
43.3114	57.2425	2199.8833
2.3484	8.6252	36.3605
56.2846	26.4414	68.1164
2.9834	49.7815	1299.2179
56.2089	26.5720	802.4747
65.2692	36.4801	18.4984
54.0816	12.6702	2403.7753
11.4231	62.6628	1334.4065
30.0826	49.5256	2032.2040
57.0479	39.9863	1085.4939
4.4622	22.3103	976.2778
32.6085	71.5244	2488.7626
59.4884	22.9571	598.4543
58.8834	6.5510	1820.4265
9.7355	61.3246	1258.4900
71.6315	1.7585	852.8166
22.2565	26.1219	1207.6552
7.5030	57.3864	991.2970
13.9587	11.4173	2191.6534
27.6851	75.7382	1618.5299
54.4108	39.6440	291.2651
72.7793	15.4395	1713.2270
30.0535	12.5534	2648.4156
25.5890	46.2580	1759.8455
8.2138	55.6151	2321.4096
75.4792	24.2638	2063.0693
64.4543	49.4691	1396.9421
14.4527	75.7963	529.3048
47.8076	73.7878	2733.1981
9.2174	31.5479	489.2094
68.5217	73.1975	166.8147
27.0449	9.3311	2611.4350
50.1421	23.6875	2611.3026
35.3306	61.3944	10.0799
58.9384	58.9359	2549.3210
38.3845	44.1765	308.6561
8.1102	69.6082	2416.3269
14.2180	1.8676	2276.0940
51.0760	0.1984	1354.1201
65.1998	15.9526	2507.6634
62.0959	19.1402	2360.2618
44.4268	28.3758	132.3638
1.7732	6.1626	1230.7317
25.4202	18.8013	237.0272
62.6581	51.8618	350.0574
33.2854	28.6869	1239.6010
51.8078	40.9284	620.5804
55.5929	24.3585	1759.3486
48.2397	51.1926	1758.6884
52.6996	18.3195	207.8858
31.1662	14.2925	684.7844
29.6602	36.1413	1199.5844
15.0792	60.3504	2219.8685
68.5688	37.2897	1816.6273
66.5205	74.9644	609.9557
22.5159	27.5132	1617.1905
46.8370	76.7047	2062.3555
0.0918	74.8226	583.3542
14.4778	0.0931	1302.0082
0.4763	66.8770	1183.8235
70.8849	37.2572	1693.4572
4.0179	16.4831	2011.3798
59.2681	59.1891	2564.4009
0.9774	35.7208	969.7421
70.7445	35.4807	250.2337
40.3194	21.5105	901.9877
27.5182	51.6410	949.9111
4.2398	29.0205	843.2942
15.5263	60.4851	920.7986
27.6203	63.7012	494.0273
59.4395	70.6102	248.8230
56.2366	48.3704	1858.0416
0.5957	26.1767	2443.9466
53.1092	39.3859	989.0041
43.6259	18.0966	615.8943
12.2735	10.1356	933.0428
71.6309	48.1127	2325.9260
15.8258	6.5748	1258.1472
7.9426	71.3183	2362.3669
5.4375	35.6074	1966.6286
59.1087	72.2141	1934.9363
68.5834	23.5433	593.6800
8.1869	67.7721	2617.0306
67.5918	71.8614	1548.2248
37.9882	24.5806	921.4518
61.7409	77.0046	366.2797
65.6206	52.2612	1562.4975
20.8503	0.8937	1384.0129
31.7928	42.5872	1821.7099
35.7840	24.0266	1308.0859
17.9594	12.6547	1651.0734
5.1851	73.7015	2669.1529
1.6367	45.7697	2679.1316
18.9728	76.9861	1054.2613
23.4699	4.0603	1993.3037
38.1047	42.6305	783.5188
3.8912	46.6398	1359.1626
1.9869	49.5804	1381.3793
59.2135	21.1972	1944.6976
61.0895	25.3603	1642.3393
76.5852	23.2479	2671.6556
62.4939	12.5120	2466.2036
56.6794	24.1483	1741.1828
48.7278	34.5467	2289.3310
61.7352	49.7705	508.4884
34.5075	22.9844	370.0594
12.0308	4.1688	892.0201
5.3294	34.1984	245.7517
59.0609	20.3033	39.3110
8.2800	62.5877	1221.5914
1.7341	46.5754	2725.5778
14.9720	63.7191	2699.0806
20.4916	41.7994	1310.4193
68.3959	65.0146	816.5327
52.5266	73.1342	2216.1870
39.2744	47.3909	1121.5923
33.3882	63.4731	1662.5289
71.2031	47.2610	1206.2019
37.1120	27.7213	1663.4695
51.6616	7.5999	2250.3437
55.9943	45.4484	2291.7701
10.8427	55.4754	1487.8077
6.8954	64.5311	98.6351
6.9747	30.9717	2692.0166
56.0841	48.5935	663.8640
73.4152	72.2191	929.3637
60.4430	50.2749	1792.5268
38.2868	51.3899	2193.0152
71.5286	68.0432	1927.9452
54.3174	54.3238	1044.0801
23.5499	42.5769	544.3714
76.5610	43.2300	2539.3974
14.9737	16.8491	1903.5340
67.5347	67.1724	2001.6404
0.2102	67.1980	1374.6357
58.7159	35.3375	1671.5614
73.0104	65.4665	2223.3036
20.0327	73.3278	400.4428
65.0330	33.4264	16.1416
30.5484	76.7490	220.2171
9.9523	7.4566	329.7913
24.5252	21.0560	2424.4833
33.6694	73.6200	411.0876
11.3241	59.3627	2671.6117
40.6297	48.7390	2019.6193
29.7398	53.0751	94.8227
19.6517	68.5680	2396.4483
35.3123	45.8771	1871.0565
39.6073	43.7006	1348.9813
32.7366	34.7772	2227.4686
42.3375	40.4082	1953.7830
65.6347	39.2404	933.9057
7.7477	6.2725	53.9831
54.5489	16.5381	73.1434
49.4308	42.3809	1263.0896
63.3889	50.7201	1397.9239
60.8758	66.3036	79.3648
51.9974	74.9537	2543.4335
62.3005	21.0024	870.9445
46.7060	49.7116	1573.0061
50.6388	12.1007	2613.5508
44.9782	27.6210	406.8727
39.2545	40.9681	2012.4393
24.6205	72.8768	414.5536
69.6958	7.4445	1505.8890
32.5790	71.4825	1655.3308
72.0859	57.0447	2433.9641
55.4104	19.0042	419.7602
6.3450	31.9642	1471.0760
37.1052	21.4250	624.5117
24.0540	26.6780	193.7428
55.6891	72.9750	1923.0926
58.2637	43.4018	1300.1161
0.5003	2.2106	2741.9290
67.6969	54.9031	2391.1836
50.6160	40.9534	814.3617
27.6152	59.3102	1539.6643
76.4752	18.2584	1553.4695
35.8125	32.8318	1006.1744
55.3062	43.3300	1071.4233
26.4392	14.3391	170.0584
66.5859	16.3088	2014.0713
46.2877	22.0948	2396.2208
1.4580	61.5713	2274.9432
12.2723	45.3169	1621.8331
1.8732	70.8566	1558.8579
72.0721	69.1592	774.1868
50.7004	54.7761	1423.3713
23.8757	19.9737	929.8076
40.7779	57.3168	2698.6813
47.5448	59.2258	596.1427
74.1275	45.2599	2326.2446
41.7269	73.9491	1217.3399
64.5013	44.5086	1237.5553
1.2561	72.8711	1898.3864
59.9139	9.8939	381.3395
34.1692	76.6767	544.1727
2.1171	52.0646	1847.9053
50.4271	50.9495	1992.2613
12.8790	32.8830	554.7623
58.2442	29.9080	512.6373
35.7065	36.7639	1720.1952
9.4904	7.8719	109.1713
19.6109	0.4204	341.4601
43.0801	21.1589	2718.4349
31.9320	42.3901	1077.4641
66.6113	60.8744	544.1305
20.8554	73.8132	1709.4649
9.3325	58.0989	462.3266
68.9189	28.9210	2309.2919
42.1288	63.3884	2568.9162
41.1312	76.0799	1648.4966
34.2367	67.5156	2743.2264
19.5515	30.3864	649.6932
38.6256	51.4953	256.4409
53.1107	27.5522	554.2970
62.5845	46.6624	549.1520
15.7734	18.9036	770.0353
54.2749	14.0485	618.5380
67.2681	56.3471	1830.8301
76.8922	23.8145	838.3616
72.1579	39.5533	81.7947
73.4258	3.2166	30.6673
4.3433	11.5916	177.5117
61.5319	28.8828	1525.0116
17.0533	10.8885	379.5523
7.3439	72.7219	544.9425
55.0862	29.2464	2608.1626
77.0664	33.6587	1785.9194
3.4644	67.2284	2018.5697
58.5624	44.3388	75.1577
46.4940	10.9111	847.5143
17.3869	17.9366	564.9459
27.8549	62.3615	674.8182
69.2265	46.6532	816.7922
59.1374	18.8177	2447.4341
27.0527	33.7033	2544.8324
54.5595	49.7513	2121.7144
15.8614	20.6132	195.5578
74.7942	9.8119	868.9317
45.6974	10.6355	350.6738
2.0258	49.2823	270.4374
30.1307	31.9284	2067.1830
27.3254	21.0176	151.3142
36.9347	24.1659	1389.2851
50.2612	70.8016	1903.6266
51.7154	14.6862	2745.7400
13.7152	65.3972	2491.6288
27.9530	18.7269	670.4721
35.0367	27.6252	1934.6141
30.6481	31.1695	663.8664
36.2483	53.0742	159.8795
59.2590	31.5338	2345.1044
4.2541	56.0475	827.0648
1.9560	61.1994	1558.4591
2.6079	62.8531	683.4281
64.3859	64.7141	1729.9493
29.5077	5.6838	2600.2684
44.5450	25.9740	1588.4052
37.8400	70.7611	2402.0625
64.7416	70.6865	1545.2730
52.6352	67.6803	1558.4074
55.4059	57.5423	943.6288
25.3935	64.7193	1901.4399
74.5944	14.6673	814.2183
1.6321	40.2567	1109.5321
5.4738	30.1108	2692.2059
5.8088	36.1109	1844.6697
64.5292	30.2512	2748.8497
18.1520	30.8877	1040.9171
62.6523	27.3526	2446.9801
16.7185	41.8197	384.9084
66.6926	39.9993	597.9972
66.4549	19.6386	1601.6935
38.3519	73.9118	1706.3871
28.9914	70.0553	1871.9968
40.7826	70.4316	1366.2869
75.0448	49.5257	1224.4875
33.8821	45.9814	2553.9016
2.9940	47.0535	35.6029
32.2126	64.3099	623.0404
70.9092	32.6852	2813.6142
9.5571	35.2383	1736.3341
7.4903	16.6178	409.1245
64.5322	67.6290	2119.0708
61.2388	75.4011	651.0223
47.6842	44.3393	299.6251
77.0195	68.2676	1649.1057
53.3458	41.1828	546.3025
53.9896	29.1372	539.5242
52.0023	2.7845	2406.7301
29.1699	8.9098	921.5685
65.5241	73.2062	1348.8398
8.1864	49.8037	1800.8696
23.2625	38.7133	2343.5117
65.6220	11.4762	2707.0154
70.4859	2.3956	2769.6275
39.5290	27.5084	1559.6042
51.7956	71.7454	352.7993
34.0097	56.8804	1641.8303
47.2873	42.5563	2272.8910
26.9397	39.3054	2047.1751
42.9571	20.9276	1725.8110
1.7577	19.2088	596.6367
18.8401	45.5911	1230.3253
53.4249	14.1876	1512.9364
70.8445	56.4511	2713.6660
21.1107	50.9891	488.0565
33.5259	21.4869	1586.2420
76.0906	2.5099	1893.7834
54.3808	19.7551	2511.6721
21.8155	46.6447	1068.9572
67.4604	28.0640	329.4799
20.2728	36.9595	308.4478
39.6785	55.3273	647.7688
16.0731	75.0608	1870.0891
7.3721	36.2840	41.6676
21.0110	16.8155	1660.0129
49.7083	56.7178	1966.2745
48.7598	41.7156	2135.3398
63.8148	70.4008	1524.2367
67.3779	25.7317	2327.6098
15.0971	58.6952	2154.4266
44.0646	9.9052	1616.4087
21.2551	7.9243	744.8992
64.5792	46.4563	432.9684
74.3000	54.3775	2308.6099
56.7421	2.7540	1064.7414
74.8308	11.2147	95.1350
7.7535	46.5567	211.7547
37.3723	60.2287	1910.6046
18.0620	20.3254	2389.3479
59.9270	3.0884	1266.2675
65.3278	63.1732	735.6985
33.2944	31.7227	1314.7123
23.0255	76.1346	1119.1961
30.7898	76.2135	622.0127
13.4675	15.5376	1865.3893
11.6994	10.9951	1956.7896
35.8375	76.1228	2665.3737
63.1388	27.2275	2067.6072
36.6509	53.9495	1756.0536
60.5793	33.8535	2626.8193
52.1171	46.5435	890.0877
6.5000	42.9802	787.4994
47.9421	11.9924	1184.8895
41.4361	36.7990	617.8209
19.9428	6.8741	908.1290
57.1214	33.6918	964.5260
60.2433	16.9277	903.4301
12.9015	57.4322	2231.1216
29.5385	61.4807	1558.1704
45.8053	15.8596	735.9665
24.5836	25.5769	1231.9179
38.6545	15.5713	186.7984
40.5334	4.6877	102.7514
41.8280	68.8689	2526.6018
4.1182	36.8943	1492.5482
13.3530	76.0786	1461.8851
55.6454	20.3036	191.6439
66.6319	63.9678	2371.6884
62.1413	51.3745	1798.3250
75.7651	31.6543	979.7237
32.3273	31.6499	1263.8683
76.9139	13.5267	55.1405
3.8456	34.7442	577.4411
2.3886	23.4620	495.6902
4.6052	3.4282	447.6208
16.3235	32.2320	1452.9819
9.2898	39.2092	1465.9326
65.6600	69.8366	18.9224
14.8694	22.2381	2309.2766
47.3262	7.3362	279.1067
73.7012	63.8893	574.8316
62.0232	68.3682	2010.1578
0.6505	21.7499	561.1324
19.3010	4.8565	1165.1569
35.2870	24.3693	538.7565
72.4591	36.7404	546.0401
33.7249	8.9524	2418.7059
5.3217	4.8174	2230.0692
38.1372	68.5169	1779.0616
43.5924	55.1244	1973.4998
24.1498	68.6085	1821.9707
36.9085	11.0015	1887.1431
22.9675	46.5267	2205.5265
76.4687	27.6802	125.6875
50.3355	71.6946	1963.7347
63.6620	50.0993	391.2071
47.5142	9.2315	313.1217
25.0363	65.2014	2282.3974
71.1715	19.8879	2119.1700
33.7294	70.8178	363.5677
44.3156	59.0902	2740.3731
53.0996	75.6822	1683.0847
58.4862	73.9038	1333.6600
11.0280	73.5970	898.3735
19.2166	48.0786	2109.6628
66.1438	11.3721	1003.6215
23.3438	12.1702	1424.6563
48.2353	62.8977	2028.6142
76.0254	44.7409	1937.6324
26.0431	66.7996	357.3272
68.4560	1.2013	1076.0405
36.6082	56.6929	299.9189
64.5010	17.3649	376.4621
8.8407	18.5637	2516.9022
64.8055	32.9617	2367.9926
2.2474	71.1455	655.5800
16.1981	20.2966	784.4979
19.1811	44.1010	2199.9212
9.0917	57.8291	2283.7019
27.9499	74.9559	1046.5384
15.2821	59.8339	114.8686
44.1092	20.9694	578.8441
26.0491	11.9298	2464.4150
9.4231	35.5395	695.9239
64.9130	75.7331	2719.5174
17.1986	2.7049	1821.9106
37.1067	21.4165	624.6131
45.4219	4.8570	1963.2514
22.3045	16.6556	859.5664
8.6187	60.9802	91.9823
33.8179	71.1730	1405.2016
32.8193	42.5348	521.3831
61.1278	27.0292	2076.9134
7.6457	59.0795	188.5092
10.6871	61.4350	704.4188
31.9572	60.2909	2217.3520
56.7182	34.8649	878.5520
37.4010	20.1567	2475.3550
8.4140	42.6656	795.2366
34.8394	48.1953	2326.7433
0.4334	64.7923	2740.3989
8.8591	56.5724	795.9231
25.5996	59.4686	865.4612
62.0150	0.4043	1324.8742
64.9794	15.1738	1551.9924
29.2894	59.8443	1291.2191
54.9531	56.7008	547.3037
26.2378	49.9526	1647.9656
15.5285	47.3207	2411.2240
21.5645	61.0977	1349.7157
29.3106	52.8939	176.2157
53.3372	60.2656	2044.6407
30.8704	50.2037	1997.6650
68.6126	58.6313	2178.2752
56.7393	9.8099	1724.0981
19.9839	17.6461	1718.1647
66.3323	46.2405	1380.4292
42.2186	51.5383	2629.3633
33.2101	69.7930	2456.3371
6.8211	70.7681	2493.1862
69.1665	40.2184	519.4669
9.6488	44.5566	512.2815
74.9747	6.8549	2721.9881
68.8901	69.3347	691.9072
27.6346	36.1166	1419.0569
61.5920	50.4748	640.9713
55.4071	57.9125	1765.0387
25.9078	36.3726	1939.1507
54.0414	35.7566	1466.3831
58.5154	8.9548	1757.3709
49.5503	0.3568	1494.9555
68.3546	37.1346	2184.5574
23.0223	45.7140	1665.0887
31.1353	29.0783	2037.9321
72.8890	76.7089	542.6131
18.6031	34.7643	2118.5651
54.4076	65.0743	1823.6797
33.8671	68.3642	1171.8685
73.5478	18.0930	2496.1560
67.6292	76.0940	2404.8648
1.4392	12.6723	1275.8203
68.2474	44.0488	2049.6332
50.8472	9.4870	2045.8045
3.9874	41.5143	698.2000
66.1862	39.4773	642.5743
47.6176	3.0178	663.2642
44.1848	41.1746	2463.1934
66.6239	19.2427	1618.2357
0.7767	36.3439	1930.2570
20.7053	43.4081	560.0218
10.2539	23.9587	1653.4364
25.6512	30.4991	880.7577
32.3198	37.5575	1989.9200
54.9732	17.8259	2512.4325
24.9726	15.2321	1462.3632
9.3605	31.1571	1152.9882
29.2609	66.1181	2802.5150
18.9054	22.2354	944.0371
71.4545	40.2292	2748.1333
33.6274	27.9789	2384.5781
36.5529	56.7379	2304.8125
54.7358	29.2880	726.0280
22.7605	28.2100	2080.6571
28.3264	31.0256	91.7882
54.8187	21.3461	1867.2143
29.2312	17.7029	371.1593
34.8327	70.9848	1274.3434
44.0337	14.0356	1317.2973
1.5026	12.1553	2290.1603
29.6842	16.5995	2079.0145
70.2969	22.7037	671.2672
38.3351	4.1991	40.9415
75.7622	75.1479	302.4372
45.0018	39.6070	967.6874
47.8470	10.8476	493.5671
6.8005	37.2024	1423.3406
26.4466	59.4574	76.1961
8.1199	32.5601	2797.7142
75.4885	74.1960	594.6222
44.7587	67.5934	1089.4195
21.8001	21.4444	1145.8938
18.8499	28.8217	208.4820
37.9938	42.6434	2373.3698
24.6222	62.3105	2477.5174
41.8091	58.6269	2389.1416
46.0052	25.4320	2736.7886
16.1001	70.8655	1518.6814
10.9168	62.9638	2375.1627
19.0908	75.3494	1890.9830
58.7673	13.0174	1413.3362
46.5433	50.8896	1719.1910
9.6221	29.2078	973.1190
27.1688	64.8023	600.8249
4.4693	64.7149	189.2401
3.2625	76.8330	1159.4862
19.0059	30.8814	495.3528
67.6806	17.3440	991.7007
23.7824	48.1682	1462.7656
47.5256	24.7162	190.8919
50.3713	32.0141	1384.6413
72.8492	54.1088	1312.8897
53.1531	6.5741	394.1294
45.4331	9.2536	141.9204
63.9115	6.4920	1493.1290
20.3261	17.9968	2122.0780
28.5717	64.4401	56.3842
68.9480	62.8359	1181.4292
0.0623	3.7119	813.3122
42.3392	27.0732	1845.0208
12.4416	22.2608	1766.3672
16.2180	42.6131	160.9276
24.8695	37.2301	812.7983
29.7545	74.7775	1316.7231
28.2513	11.0485	2646.2726
63.7578	64.6548	2146.0948
31.0757	4.3523	1610.9731
12.6935	1.5543	1402.9711
44.6227	6.9729	874.1915
71.0973	74.4789	1651.5213
42.8924	56.8139	1114.8199
56.8091	21.2818	625.4565
59.7281	46.3953	174.2649
66.8759	51.0607	2802.4478
58.9979	27.0971	27.8120
20.3892	60.1291	1373.9187
47.0922	41.5290	2660.1244
64.6754	13.8247	386.4727
19.1303	31.1917	238.5921
41.0643	69.6563	1727.2954
8.4529	34.0894	880.2701
44.6492	34.2904	1110.7188
8.5105	50.1148	630.0900
8.9371	44.9186	174.7476
21.3172	69.7867	653.7854
13.5837	51.2657	2642.4407
25.9551	35.7906	128.8199
73.4781	61.4708	967.0532
51.9107	50.7687	2618.1827
27.1017	62.8344	990.5213
15.2074	58.5389	887.8762
65.4863	29.7004	709.7577
2.5884	43.5393	593.7347
13.5490	56.7778	1869.1206
13.4036	0.8647	1376.8839
59.4243	73.5247	624.1683
43.2777	32.2697	1358.0902
44.4751	7.2974	692.5400
50.8185	44.7367	2248.2544
11.0055	70.5518	2352.3083
7.9994	62.5059	246.3855
8.9571	14.8940	842.4486
10.4163	34.5425	1235.8854
53.5667	10.5312	833.4941
75.7589	5.8462	44.3334
70.9325	73.4046	1104.4859
49.4727	33.0395	738.6103
0.6695	43.6518	2344.3613
73.4270	45.1699	418.1960
43.5115	47.8002	1615.7197
50.3300	13.9701	106.2087
47.8128	6.1030	2767.6244
50.0772	0.4383	1080.9586
61.5622	4.2315	216.1905
38.6868	23.6562	682.3571
30.9927	40.2153	207.3752
20.3551	75.0820	1764.8523
56.1206	58.4655	96.2077
35.9859	13.3103	248.6432
55.2851	3.6577	1642.9918
73.7619	51.3427	1022.5992
15.8244	47.2990	216.2731
16.7523	24.8327	1274.6175
60.6879	62.3758	1698.4434
32.2510	70.6706	2193.0909
14.5789	15.5502	2787.6021
6.2938	69.3388	2351.8301
47.4211	23.9815	2532.5611
64.7305	75.8837	848.0743
42.0410	24.5118	156.4738
66.9802	10.2022	947.8449
9.9427	76.5336	427.5283
41.6579	13.5880	2195.8772
16.7497	53.4206	675.9011
6.6371	72.8383	1355.8969
61.5982	70.0320	2190.2606
44.1779	70.2163	164.5719
15.0389	71.4813	1751.1339
72.8424	40.5408	432.6635
43.3609	23.3554	1128.9807
4.0096	16.6740	1333.3593
63.5680	48.9576	1576.0558
36.5629	65.3768	85.0885
11.3535	15.0155	326.4196
70.6052	35.5298	2302.1272
10.9237	68.8519	1115.7647
18.0013	17.1419	1069.0955
36.7386	47.7751	546.4390
65.2028	33.2162	129.3565
23.5216	0.0724	472.9628
25.5654	23.0271	2001.6973
4.2328	30.0751	410.7557
13.1061	14.1917	2738.1139
58.9463	11.2269	2367.3510
7.7114	11.5562	2164.1573
58.9738	51.8743	1901.9293
51.4789	50.3070	1626.1133
28.7079	29.3648	203.9790
42.7479	32.4884	1482.0579
15.5024	6.8832	773.6545
71.6532	31.7300	360.5489
74.2131	59.7440	364.6956
74.1693	41.5820	1920.2810
47.1143	22.4972	2751.1119
22.9164	6.4600	2364.7905
54.4036	21.7333	1265.3554
38.0032	56.1383	2089.4403
71.8383	57.3847	1743.5405
31.6683	7.8379	712.3237
50.2749	38.6952	2201.2469
35.7251	9.1904	2715.2960
10.9076	1.8691	2170.6278
28.1215	68.8660	2629.2839
21.1780	58.5083	2784.8091
14.5433	65.3688	1991.1956
44.1405	34.7671	1428.0074
1.1682	10.1222	2406.2442
45.1095	3.0596	584.3330
61.6245	23.7827	1535.4595
67.9574	15.7201	421.1672
45.7673	63.9658	2238.3600
24.8149	4.3924	257.0684
42.5442	32.5829	1350.8081
64.4926	2.7971	414.9101
68.6067	68.4165	2545.5362
54.8015	17.3885	231.3492
63.7811	16.5361	1183.6593
72.6731	31.6055	2805.9445
61.5410	43.7994	616.6762
40.3349	40.2121	2334.9234
8.8546	63.5431	1834.3631
21.6328	48.2968	1204.1400
64.8528	28.7833	2072.1133
41.0436	69.2012	638.4611
0.3272	17.3035	2606.2355
76.0819	50.2394	2345.2453
12.6376	33.7370	415.8435
26.0707	0.6369	112.3263
28.4025	69.3532	1763.1262
67.0043	30.1084	1302.8766
60.2035	18.6703	1514.0904
72.7350	57.2040	1584.5705
73.9341	0.1170	944.9639
49.4328	9.5982	1651.9735
24.1187	26.2944	993.7383
17.2518	10.4810	2511.9251
23.4066	11.1711	2771.9387
71.0814	75.0971	2122.4268
14.9885	27.4246	218.9253
65.6642	72.4664	1625.3924
42.2555	46.4537	1702.5271
37.9610	4.7883	143.9384
35.4358	4.4523	2757.1178
47.8686	23.7273	2150.2065
65.4748	42.5123	934.0194
68.9884	13.1532	1945.7157
70.5895	30.0924	1689.0455
76.7024	26.9541	196.6419
30.4151	11.2459	594.9778
66.6480	51.7531	2222.2330
50.5132	37.6601	983.3790
60.8559	46.5226	1423.0013
40.4640	45.3657	1872.6079
16.4866	21.3760	581.9692
24.2305	72.6785	1019.3951
37.3300	73.2077	1550.6415
34.0284	9.8701	1462.9566
33.7885	62.3959	1889.1895
3.4597	9.7583	2133.2786
7.4267	21.1443	2792.8940
10.5173	40.8942	800.8577
22.5335	69.7940	1809.7738
31.8255	29.1756	1743.7701
8.1522	4.2524	2473.7772
39.9807	71.4993	312.9955
41.6346	66.6102	2410.7834
38.7516	8.1239	770.7856
63.4653	69.1874	81.9677
27.1869	24.8217	200.5962
45.8069	43.5924	819.1827
60.9247	63.7180	1001.1775
35.8750	28.6199	1270.6491
30.5569	22.3945	1976.7794
63.0495	10.0811	2513.4746
35.5805	56.6643	1825.4068
59.8133	65.1178	867.0442
68.9584	29.3014	787.0208
29.4108	67.0880	1601.9268
55.2464	57.0053	1618.9365
36.2102	12.2950	477.3418
72.2253	17.4288	917.8416
21.4198	30.7819	453.8169
58.9172	0.7147	1761.9771
30.9568	48.5122	369.9578
43.3225	25.7075	1762.4182
46.7725	39.8280	1355.5009
23.0562	60.6358	1467.9264
14.4603	65.0806	2400.6474
52.7695	37.8568	1815.4636
41.0271	46.5694	2465.5371
50.8664	3.8101	593.1420
58.5398	48.8867	2281.1510
45.7127	4.5599	576.4517
41.3631	68.3633	2647.8256
48.7992	10.6783	467.0200
36.7142	45.3990	479.7160
40.7546	32.7204	170.6630
4.3826	41.6125	793.9871
73.5084	25.0823	762.3427
3.1721	59.9097	1108.3098
46.5301	74.6207	2694.6076
76.9843	15.4999	2658.7836
60.3316	2.6894	806.7873
50.0879	35.3370	1160.3402
30.2298	65.1305	2444.7658
69.9923	43.8567	2302.4096
50.2610	58.7940	1758.9726
14.8143	9.0292	2428.9868
32.1611	22.6145	1899.9464
61.3518	63.7731	1932.7734
76.8075	67.5637	2191.9888
19.5826	63.4104	1444.1945
48.2748	11.3958	359.5055
65.7780	71.2483	2680.5560
75.7133	64.1006	1383.1914
10.6769	36.2325	831.6053
23.4505	36.5777	277.3918
11.4039	64.8837	863.8191
60.5355	42.5580	749.6343
28.0696	12.4822	304.5505
2.5363	44.9047	1823.1180
44.9399	37.4550	1634.2349
35.8369	36.9149	2536.7477
5.7721	7.8589	2682.0924
4.8576	11.4467	2268.6026
61.5918	55.4330	1554.1991
57.3137	7.4005	7.0298
67.9962	51.2502	181.7977
67.6510	40.2577	642.5454
35.2831	55.3579	621.3193
59.4714	52.4372	723.1995
72.1020	14.2897	1816.0185
39.5817	23.2510	2783.7213
46.2124	75.6620	1816.0031
39.5254	9.7782	1976.2661
76.5780	71.6901	157.1584
17.8204	32.3861	448.6805
63.9699	43.2138	2035.0581
23.9144	49.8404	2292.3643
76.3597	20.4673	1217.8864
59.8414	30.5474	2649.4065
7.0917	44.3860	2521.3532
8.4854	9.0477	681.4230
47.6469	42.7746	1283.4127
44.0638	3.2242	1575.5782
5.3100	38.9146	704.5557
59.7174	4.2273	937.9592
22.9217	3.6135	111.2518
61.1193	22.4689	1588.3096
65.9304	14.9878	490.0549
72.2178	6.5750	1176.5503
49.6699	76.0842	1643.9321
47.2178	25.6741	425.9872
5.2438	57.9103	2380.5706
65.6979	48.2721	647.8069
74.8822	50.1392	1562.0119
28.5585	23.1179	272.7272
15.8317	62.4965	2737.9254
17.9545	70.7735	2768.1573
46.7393	41.3223	1807.3843
45.9591	43.0954	2354.5108
57.6026	75.8705	840.0588
37.5732	21.5666	308.5208
73.5376	52.1024	2498.8761
61.6350	22.2835	1885.9530
30.6404	16.0159	89.8051
39.6684	27.4624	148.7139
8.6494	10.8787	586.2145
62.5978	47.7193	450.4048
32.4713	15.8424	2055.9006
36.2129	71.9974	399.7568
32.2676	15.3413	2430.0077
49.5392	61.2686	962.1307
56.7366	60.9455	1974.1168
35.8462	9.4981	437.0384
61.4581	12.3137	463.7185
2.2289	70.2392	600.9969
75.8102	59.3392	516.8035
0.1980	40.8658	1192.6429
47.2707	39.9701	1843.1182
15.9221	60.2766	2168.8908
73.9277	54.1324	2295.7454
25.3807	70.1667	1968.2307
44.5139	2.6759	1874.3162
66.0529	51.4180	172.3210
36.0535	27.8082	1543.0011
66.5806	74.8911	726.7653
9.6920	55.0503	878.9738
72.5652	10.8702	1799.8069
50.6397	3.2617	2678.3497
54.2792	67.2502	1985.5624
32.5853	5.1917	613.9395
10.0792	41.3334	53.8503
69.7322	74.5748	1507.7675
67.7486	52.2889	1983.1504
36.2273	48.8706	1371.5111
63.2946	6.1272	1228.1945
22.3359	0.2753	1305.0173
20.8543	72.4802	631.6701
33.0401	10.2335	637.7449
69.6500	47.1373	2367.1752
20.4640	19.4785	522.3740
74.7007	50.7092	76.2474
47.0172	74.6306	938.5990
49.0599	42.3662	2638.0926
27.5973	3.5252	1395.0623
7.4005	37.5521	1414.7727
70.0582	18.1744	2388.4289
7.9325	27.4746	1113.1419
52.2521	64.0422	2633.2519
54.7205	72.1234	256.4466
63.5853	27.3205	152.3961
10.7345	55.4021	1298.5001
47.1473	57.9706	2146.4691
2.3351	15.5457	1310.7483
6.2696	9.9869	2278.0175
16.2974	44.8490	1346.0858
60.9874	20.7737	2242.5935
6.5200	6.8639	2672.1576
74.6737	31.4600	2492.7109
67.4932	47.2443	317.3817
11.0170	47.5288	163.3658
49.0181	38.2548	1601.0789
25.6209	65.2103	1329.8300
33.5016	47.1797	1688.9158
47.2443	18.0628	2175.7142
12.8548	5.3461	983.0638
16.2871	45.1037	1885.7087
14.5070	16.5497	103.8220
70.7647	12.2025	2507.5494
24.5908	70.1662	813.0932
9.1648	18.2976	1695.9602
11.3555	33.7992	1037.4210
67.8824	65.6036	1822.1368
49.2447	53.3878	575.6045
27.9996	30.5270	2161.8763
11.8637	25.3517	196.5180
18.6163	24.6852	1777.6933
66.7678	72.1727	229.5681
60.9328	61.9035	2528.2327
68.0215	76.4145	1141.5079
4.2083	36.5926	2400.7860
1.9160	42.9114	183.2515
59.0310	20.7507	2006.1738
60.0031	9.3611	911.4086
50.6479	27.2352	1132.4955
74.7599	19.6113	1744.3144
40.8841	20.3597	2402.2012
25.2729	29.1370	69.7770
34.5386	27.7549	1625.2097
44.9036	37.5435	2304.8314
73.3706	25.4383	1323.4525
43.7049	19.4140	1685.1907
5.9685	23.2121	1374.9387
0.6826	4.1463	2768.2828
21.9482	24.1030	2406.2352
65.5659	72.2547	5.2533
58.3799	73.4720	2805.7413
59.0690	28.2961	1557.2425
74.7015	57.8754	1300.2452
34.1220	26.4463	1656.0030
24.8942	9.4206	2395.3764
54.2872	60.0262	911.0323
15.7107	5.8259	1049.7816
29.8881	77.0148	586.7119
32.1419	29.3958	1481.5853
52.5669	33.4950	2236.1559
54.3550	1.4276	2351.6153
45.9246	69.8066	1111.3736
6.4671	36.0163	648.2929
38.9625	9.0948	2541.2223
23.3364	2.8974	1306.2191
9.7238	45.6053	1261.0124
34.7892	44.8713	1764.1997
22.6253	24.3853	35.7387
60.2542	29.7324	2183.0003
5.5667	52.7782	728.5165
39.7120	12.3006	1567.9589
3.4231	24.1855	886.8287
29.6834	2.8526	157.6400
38.6827	55.3580	808.5763
3.2974	30.3483	687.8431
69.3388	44.6520	2027.7025
28.3473	5.9713	1093.7081
25.7328	20.0049	795.2491
9.2131	35.2040	1233.9386
2.5202	0.9063	1176.3530
34.5055	64.3680	1902.7394
1.9338	42.9292	1706.7310
4.5555	19.1499	1765.5056
38.4449	75.8973	272.5247
48.5036	6.4056	1811.5704
68.5885	60.8754	2725.6592
22.9504	17.8210	855.2372
16.2287	56.2377	2239.9923
25.8388	75.8737	1533.4367
26.7634	45.2479	2088.6829
61.2638	44.2711	1969.5935
54.5925	14.8654	221.5549
64.7011	55.1408	1017.5431
1.9907	17.6287	954.5760
6.2104	35.4350	1794.7488
22.4153	62.8065	681.1223
65.7309	2.3515	577.8815
59.7414	35.9984	1174.6414
42.2405	51.3069	875.3814
8.2708	1.9702	1990.8756
33.8046	42.6518	666.6793
36.9726	53.1454	1161.0816
2.0007	29.1581	1461.7846
31.4833	53.1903	2226.1810
37.6474	26.3650	1697.1232
24.6324	20.5749	223.9725
28.2802	66.2870	1639.1241
61.7766	62.2379	1797.5462
13.4427	28.2169	1935.5816
71.1615	73.5426	1906.1132
15.5723	21.0796	2173.3361
44.8730	50.4804	1763.9636
61.7077	68.6072	428.1306
13.8757	24.9738	2434.7254
11.2437	2.5972	1151.6603
34.1044	52.1874	2166.5541
75.9933	62.7056	2612.6806
59.7636	5.9725	1072.4045
38.6749	31.3371	1474.3744
19.8462	46.0579	2111.7066
76.5705	32.3460	1719.2738
58.4345	19.0007	1137.5117
32.4833	18.8583	91.0782
6.6229	33.9605	1182.4627
47.3639	17.0039	545.4816
45.1747	5.7922	939.1071
4.8223	54.8887	1121.1713
55.6217	27.6490	2747.7880
64.1899	74.8569	1348.6065
47.6045	13.8572	121.0681
63.4538	14.7800	431.1488
28.6941	25.4279	1936.9169
58.7026	17.1130	315.6381
30.2853	59.7448	2335.4015
42.1109	30.8052	1482.6451
66.8612	40.4774	2022.6617
12.6822	55.8150	2075.3383
73.2125	22.6494	577.3524
24.1568	32.7190	2526.4420
10.9302	66.4281	1799.8107
27.2837	56.6145	211.7562
71.6264	59.1191	2722.2106
47.3885	22.6396	1369.0774
19.4817	68.6613	409.1962
39.5613	54.0364	2678.3366
12.4597	41.5731	117.3467
46.6159	33.0786	1921.1074
26.0320	61.3002	1537.7680
26.8420	26.1328	2259.2286
59.1394	67.9039	32.6262
55.7326	13.2462	1062.1097
27.9399	72.9372	2621.5993
43.1140	67.5210	1669.5973
46.4534	22.8370	2417.6213
25.5190	24.5329	1983.4691
76.6263	52.3453	1411.7319
45.7120	7.3672	1205.7776
19.5967	50.2967	1268.5305
1.6019	13.6866	2464.9435
3.4303	13.4723	1296.3553
67.5375	72.5680	1657.9827
9.9335	32.2584	557.7159
34.8439	40.5229	1053.5214
52.6669	55.0512	45.5077
8.9210	20.3950	55.0264
23.3228	54.6064	1609.7474
3.6246	1.0067	2268.9875
62.8668	30.4516	2665.1468
2.7454	59.8561	1226.8076
27.7515	39.8638	512.7167
60.8602	22.5169	1812.4366
61.8717	5.3711	246.5150
17.3973	62.6442	306.9360
21.0833	11.7289	155.6296
67.2503	19.0085	845.3716
15.6410	43.0574	1384.4891
40.1693	56.7090	1645.3651
23.8355	50.9114	961.3401
4.8461	28.7473	351.7662
28.6508	38.4018	1229.8465
2.5232	9.5736	1652.7801
23.7907	68.1077	911.5063
68.6972	28.1567	2396.6774
54.0456	15.6851	203.5295
30.9110	53.5910	1652.9129
60.4502	4.7948	662.2317
64.6134	50.1537	650.2767
50.4651	9.4036	917.2803
0.1661	35.6691	1080.6062
50.9885	48.8392	1410.9219
52.3149	56.4177	1794.6666
37.9522	52.4651	1886.6503
61.4069	26.2273	2788.2140
23.6285	23.7124	1234.5219
59.1509	4.6231	163.1492
1.4452	67.1249	1783.1981
16.3532	17.6856	1921.7420
37.7434	67.3949	476.0254
74.1153	63.9011	2089.0994
20.6947	47.2474	2180.4747
59.4990	32.3748	2023.9021
76.0948	6.3957	1681.1304
73.5130	68.2773	2038.1854
25.2063	46.3483	1384.2295
68.2754	20.3027	1350.6903
15.1463	29.4177	1749.9096
18.2138	13.0211	834.0686
52.0712	71.7398	198.9500
51.5973	27.6774	174.5330
17.4746	15.2453	2409.7856
68.7970	4.5801	2138.9000
25.2023	20.7412	831.7471
0.3051	15.7618	1424.7535
63.2786	46.4900	1376.9327
53.2182	36.3889	766.5490
8.6572	14.0933	1441.9472
33.4067	28.7586	1337.1638
69.0711	36.7535	2069.5516
72.1489	19.4734	236.1326
75.7411	11.3152	2424.8512
19.3240	58.4882	2751.6529
37.9711	21.4371	527.4917
55.6321	8.4804	246.8049
29.3418	61.2393	2733.2238
73.5278	39.9634	2341.3458
17.0898	16.1408	86.1222
45.8571	1.7583	632.0021
44.2867	10.8279	1948.4163
26.0976	52.5089	1472.6942
23.0850	51.7094	301.3952
73.9609	52.9226	225.2906
16.7051	70.6934	2151.5370
73.7398	8.7912	2457.1588
16.5995	46.6600	1571.6930
8.3704	51.3576	2335.9228
11.2339	59.3933	1220.9228
11.1475	4.0832	1200.9245
67.2181	5.8330	313.3552
60.8177	14.1094	398.8798
2.1406	68.4425	912.9738
45.1474	55.9938	1500.7253
2.4509	23.1055	948.4524
55.0479	10.8501	16.5014
75.8456	16.2974	1984.3219
6.0750	71.9678	316.4189
9.9356	54.2629	1328.5515
67.0611	3.7974	2333.3064
2.0438	30.8572	1532.2522
30.9235	41.5641	1943.3497
48.3413	71.7338	1811.6510
64.8567	1.4399	1883.1670
26.6386	41.0331	1875.6711
6.9892	50.9617	2761.0331
67.2824	21.5166	2465.0987
64.3513	51.9141	564.5453
72.4428	72.0418	1247.1550
58.4106	26.9197	997.3818
10.4544	69.0483	186.5687
50.4799	21.2051	2624.3878
2.0396	31.6017	323.3604
18.3142	45.4680	1766.5027
50.0345	22.9881	691.1600
26.5562	20.7034	1107.1020
30.0705	72.4774	2065.9731
41.0196	15.9695	2261.2782
44.2022	1.0887	2330.5530
40.9709	6.5365	274.5153
21.4106	17.4832	1675.9973
5.4289	55.6328	1531.1686
15.7871	25.0478	370.3496
71.3166	22.9276	209.6921
29.8620	30.1612	2667.9343
21.6122	26.6794	2358.5700
36.9064	17.3194	1317.8063
44.0825	75.3276	1453.4894
17.2426	38.3428	988.0049
14.5371	56.0120	1199.8114
71.6989	30.7426	1506.7078
46.4477	58.8872	2192.2458
44.7718	65.2990	2715.1099
69.6871	26.3426	2334.1909
69.3527	58.8045	611.7306
41.2421	71.4448	2534.8682
63.4519	23.8370	1809.0241
35.3828	74.8411	1817.3753
36.3008	23.2028	700.3357
18.3357	61.5988	814.1177
74.2589	56.1123	1727.0916
53.9543	3.7249	1632.0021
42.2102	3.1459	2018.3669
62.3875	0.1153	1341.6695
59.6508	19.7582	601.0543
45.1116	0.1567	2341.6407
37.8102	20.7142	198.8264
15.2640	69.0488	2755.6704
54.8955	14.6231	1703.1064
32.7963	29.7968	442.2842
52.8364	61.5109	1765.3765
13.8006	57.2017	570.3372
35.0491	70.6199	1548.9869
44.1751	38.9767	478.3284
53.1851	1.0973	954.4561
69.4958	59.9882	1026.3455
56.0011	74.6034	12.1255
8.1416	13.9432	1996.7904
54.5871	45.6529	720.3472
14.2882	61.8368	1006.6507
36.3205	42.8737	2186.4671
61.6179	13.7569	572.3763
32.5276	39.5371	1978.3897
27.7892	3.6807	247.4971
28.5228	9.6791	557.0744
22.7925	64.4187	441.0401
55.3521	5.5763	839.4389
0.8111	20.8113	653.2348
73.1212	68.9112	412.9357
53.5118	59.5701	2594.2938
22.8213	41.8241	1469.7014
52.7514	22.2162	1977.0466
5.5098	33.7508	2305.3459
16.8526	60.8558	419.2363
61.2499	29.2947	2250.7551
47.1776	19.6622	2010.6348
52.2762	22.6936	1853.8710
2.4682	33.6341	1785.7635
5.1865	55.1829	239.7217
71.0642	63.6669	1178.1248
50.0487	63.1093	202.3108
52.2523	34.5024	2627.4361
42.4183	5.5030	2010.2583
3.7230	14.3820	2583.8625
25.4462	44.1976	386.0665
50.9465	70.2293	409.6775
75.1949	77.1487	1182.1866
71.0341	33.5413	569.7938
64.7220	58.5929	89.9938
23.1856	63.4265	392.9899
5.6429	38.5297	2706.1404
3.1139	12.5773	2465.2034
14.8667	69.8058	2815.3256
2.9368	51.9214	67.1057
7.7504	57.1345	1293.3302
28.8021	57.2597	2083.6245
46.9865	16.0166	42.8697
8.0248	67.7312	2364.6366
6.4474	15.7643	923.2320
60.4952	40.2133	457.3462
43.7938	2.7463	2781.5077
34.6163	69.6545	2336.3264
35.5525	61.0933	565.7177
9.1503	20.9762	2812.2971
8.8352	17.4812	373.2124
63.3024	17.8520	2173.5236
12.9881	56.6153	731.2864
54.1892	8.2795	502.6484
66.5902	8.9535	2040.0946
28.3542	6.5476	2510.5816
47.3337	66.4381	318.2995
1.6998	34.4169	675.9513
48.3061	44.4433	1320.1333
76.8544	52.4168	2052.7951
52.8189	18.4711	1347.8670
6.2106	30.5281	1257.7638
32.2367	71.9151	2199.7704
20.1772	23.9184	2727.6908
19.1489	62.3354	2733.8370
27.9582	12.9156	1888.8992
49.5631	63.8616	2078.9849
51.9183	45.9339	1475.7195
47.9108	35.8446	1502.7732
47.0769	41.6190	540.1252
48.6368	6.1802	949.6842
48.0872	55.6567	1334.0730
0.1811	10.9316	2740.9116
36.1225	42.9537	69.9776
4.3434	25.4920	83.1115
48.5612	44.9521	2496.5690
56.5661	30.5324	861.1433
19.8540	9.1173	1740.1767
16.2802	75.9502	222.5165
21.0000	13.5061	2326.9610
52.5769	0.7905	842.0387
43.0658	31.2066	1336.6908
40.2625	18.4182	2084.2490
56.8303	34.9168	1439.8405
24.1868	60.3093	1474.7411
58.4869	28.8170	2147.9016
56.0984	19.7500	995.2855
17.9023	18.3897	206.8908
56.1023	47.0322	916.8424
76.7494	63.5773	232.2174
34.5446	5.1781	1982.0962
12.7158	31.9150	257.1170
27.6091	7.7905	1777.2558
27.7136	58.2328	2515.7251
2.6767	17.4252	819.5679
61.4431	13.8621	332.1180
24.9802	55.4331	2307.2875
26.6434	73.9024	497.4479
19.4951	62.1080	2141.0720
73.4397	38.5654	1495.2139
12.2866	67.4377	1205.8582
20.6347	3.3124	91.2930
20.8846	12.6289	111.5847
51.5953	19.0086	415.3792
63.3511	19.2602	1124.5906
2.8569	57.8861	1294.3654
12.6083	73.2621	437.1106
17.3398	56.3825	125.0215
9.0275	76.2644	2657.3391
37.2192	35.6263	491.5115
3.5477	48.5430	2779.9914
41.3341	40.7656	285.7544
51.7265	76.9916	707.1017
23.5635	70.2119	2616.5934
38.3694	23.0759	1464.3992
10.4668	14.8231	454.5587
40.7200	14.3764	1138.5218
36.7673	47.8315	2671.6473
58.0937	71.9217	2809.8316
70.2745	63.3488	1474.8890
71.4934	15.5494	2013.8281
74.0948	39.4315	646.5981
53.1571	40.3048	529.1542
45.8449	16.8707	1388.5868
62.3298	10.5554	698.2612
54.6117	49.8456	853.8721
31.4368	25.8851	491.8501
66.1385	11.1964	1490.6270
32.8090	24.7173	1148.9704
24.5383	9.5840	1254.8977
26.1251	62.2414	1179.8369
70.0307	49.1107	479.4517
67.1757	2.3452	1173.5121
76.0981	59.4121	948.3124
50.0078	50.6157	1782.8543
61.9798	67.8579	804.0958
47.5131	37.2719	2513.0236
35.2815	16.7554	1679.3142
52.7935	30.6323	1902.6272
12.7150	40.3602	49.9103
72.0878	65.9815	223.8002
23.6610	8.3735	431.8952
1.2605	58.0350	2409.0020
47.6016	57.8533	2198.5870
61.0161	1.6370	517.3794
58.1167	20.7314	1782.8569
33.4809	13.6495	279.9251
56.6264	32.8284	2629.9415
6.2172	25.2631	1953.2908
24.9379	33.6220	887.4034
27.3896	2.3254	1303.2787
24.5013	42.4969	574.8253
53.0640	14.3397	2715.6286
31.1989	76.7998	1202.0185
74.8771	68.6190	2192.0257
44.3125	59.9712	705.7414
55.2184	49.0029	1829.7485
14.5452	4.5470	2036.8341
9.8382	49.2975	1727.9078
26.1059	33.9471	623.1548
18.7571	19.5278	809.2690
76.3861	73.1265	693.4107
40.8771	25.3060	2521.8481
67.5757	75.1190	2434.6399
16.0989	6.4362	2487.0671
46.7395	64.8540	1806.2201
72.3081	66.1196	2480.8289
35.8413	33.7396	2629.9187
9.2892	48.9070	1664.3599
62.8271	68.5771	679.7859
11.2723	76.2247	2120.5770
55.8953	57.4166	47.1099
75.4967	42.0693	2222.0331
31.8874	18.8255	25.4939
45.5271	56.1321	727.1967
76.7949	61.6222	1434.3936
19.8134	69.3847	586.6324
34.6594	1.1672	2631.2970
60.2914	16.4365	2334.7389
71.3459	68.3729	2712.9646
0.4935	72.7825	313.6668
10.6324	1.7711	2355.5035
73.7881	22.5062	2413.2860
50.5725	41.1215	1035.6259
67.5207	0.7979	2378.2131
37.8444	62.7835	1574.0780
72.6595	24.9750	1186.9700
28.5542	74.5026	1266.3098
42.9538	15.6723	2118.3778
10.2661	71.6185	1701.2999
36.1597	14.2210	2537.6189
32.9329	69.0139	2502.6915
57.1111	75.7359	794.0637
2.7420	1.3322	831.4338
73.4894	3.4618	1789.1557
62.9994	72.1676	2249.6862
30.0643	38.7239	335.3918
73.9793	5.9220	1311.1333
36.3819	39.2892	676.8045
21.9451	54.2818	1536.9151
17.0666	24.8933	1419.4242
52.6333	60.0929	2815.8817
5.9307	3.3572	94.6382
29.5944	65.4540	2538.5705
75.4916	36.9189	2338.9071
35.1238	28.3766	2286.5330
13.8285	31.6681	992.4367
0.0883	70.0700	920.6712
70.9760	64.9808	2499.7963
12.2430	0.8726	2362.0472
27.1525	32.5796	35.5119
75.0044	51.6719	2721.0869
8.3138	30.2745	1834.1999
49.1862	17.6709	256.6495
16.3348	3.0459	1588.8850
38.9146	2.8675	490.6552
36.9238	51.4269	199.9687
34.5753	44.2233	2721.0047
68.5493	26.6584	922.0602
22.5954	53.2653	180.8119
56.4632	3.3510	694.8000
58.8974	54.9640	991.0372
8.4117	46.9361	2433.5760
73.4357	49.2760	990.2721
75.8900	15.9892	1444.5854
67.3974	2.5368	2090.9117
31.3808	41.2614	1052.6046
5.2395	70.7913	2414.1129
40.2422	28.9654	158.7347
49.4217	33.9806	1769.2161
65.4169	63.4322	497.5311
9.0962	2.4140	419.5739
50.2856	47.5008	2001.1257
54.1842	1.0120	1676.6750
32.9230	47.7766	2545.5438
5.1108	49.3619	2533.3467
51.2096	47.9412	2343.2252
47.9336	19.7715	155.4886
55.9181	14.8617	785.8435
71.1284	42.2453	1263.2982
46.4712	32.8824	1089.3110
52.4268	42.3355	1204.5786
54.3011	73.8566	1988.7270
32.5230	6.8284	500.7237
39.0184	12.5667	858.8476
6.9246	48.0622	547.0325
14.9388	14.9000	2132.3814
54.7823	34.0155	1068.0881
4.9433	16.8696	209.9528
56.6822	28.2383	545.4655
61.2516	53.5676	1240.4390
42.0356	23.9602	94.3135
68.1470	72.2041	1175.7359
75.8612	70.0940	936.6395
54.9467	52.9869	952.0127
43.5320	4.9813	993.7427
71.0469	21.8722	403.8325
42.5861	34.1649	1667.4752
42.0504	2.0662	1848.7963
18.7106	72.1599	1780.7294
9.5951	50.0992	1804.5183
71.6077	56.1072	2313.7150
69.1984	41.3658	514.2235
28.6040	10.9183	525.2025
57.7187	41.1820	599.9976
40.0628	61.1478	1046.2579
29.3769	0.7237	818.2679
54.0691	40.5031	919.9852
66.5101	17.4028	1674.0239
60.1232	33.5258	2369.8109
43.1698	17.3416	398.8167
5.0594	58.3662	1831.5197
76.7229	55.2632	683.0399
44.0971	3.1209	368.7039
10.7167	16.3959	291.7292
24.2653	63.5060	1596.3572
35.8931	65.6440	1315.6797
64.9479	13.7490	2679.8400
16.0404	67.8616	65.1016
10.9014	17.2364	2726.8212
65.6874	52.9490	1794.5257
54.4690	40.7409	887.8487
69.9036	17.1202	722.5337
39.1229	22.1011	2666.7699
56.2877	58.4796	1906.3787
71.6589	0.4592	1791.6147
38.7670	16.9444	1884.6503
53.6873	76.2629	1371.1621
26.4844	58.1826	135.6067
11.2078	57.0466	1154.3876
47.9502	7.1288	1640.8463
49.9387	57.9255	2033.1567
37.3107	74.7198	687.3288
57.3928	5.5359	738.0920
14.2560	35.6503	2036.8770
61.2164	10.0292	1049.6012
12.2240	36.9208	661.9945
73.2150	32.0113	1786.5468
39.4000	11.6267	1940.6281
28.9181	2.1623	1317.4030
9.1472	6.8389	1323.7083
29.9296	77.0979	126.6261
5.4147	60.1049	2109.3005
33.4343	51.0677	304.0952
13.4109	42.9576	261.9099
34.8167	41.9852	648.4203
15.7085	75.3153	830.4910
31.7618	66.1828	1752.1607
64.2758	67.3061	431.5859
7.2324	11.4595	1274.2609
49.2173	24.0483	456.5881
31.2553	48.5272	860.6730
26.4991	1.4766	676.5903
7.9942	43.0095	992.4978
25.9304	41.1647	368.8205
19.3903	52.7004	881.2716
70.0982	43.4136	1645.6887
56.3024	58.7332	92.7542
58.9579	30.6103	2343.9863
69.9347	1.5498	670.4121
71.7673	57.1844	818.5867
74.0102	69.0105	1187.9603
48.5866	28.6420	2317.9985
43.4943	7.5804	2170.7519
55.4464	13.4768	958.3991
42.9888	3.9820	1053.3533
55.1415	5.1167	377.8427
4.0888	2.8406	1909.5294
6.9907	21.8535	1372.1066
72.7647	3.2197	2049.0114
3.0810	2.0331	1938.2675
37.7535	31.5638	2766.9211
13.0617	23.4306	37.3200
36.4716	19.1284	1902.7590
5.7930	27.7737	1571.5806
61.2880	40.6175	706.4131
77.1779	75.9520	197.9371
0.5422	16.2763	1341.1623
46.4661	44.0914	864.6242
28.8729	75.5020	1438.9453
71.0545	17.4653	2186.3062
47.3498	8.9157	259.2216
54.7283	56.6632	564.0119
70.3286	64.0179	2045.0325
21.8773	76.9815	1243.2984
9.3761	15.4690	394.3583
68.5328	70.9821	2615.2024
18.6122	58.7960	1413.9216
45.1028	70.9539	2607.0126
2.6202	4.8659	2560.0900
57.1693	17.6719	1167.4372
40.6907	61.9093	1650.2202
18.5654	40.5303	962.2579
14.6718	53.2057	1227.9693
44.6619	57.6520	2736.8637
2.5715	75.9782	1000.5887
53.2415	21.8380	1863.6917
64.0323	21.7494	2726.6850
19.5005	76.7568	917.4213
75.3524	61.0469	2636.1537
15.5315	23.1660	696.3077
49.4642	53.4892	1521.8629
32.6244	68.5787	2202.7445
52.8224	6.8593	2072.7944
57.5610	7.7246	280.7782
39.9579	6.9552	900.9354
8.3634	2.8443	2639.4784
61.5139	37.6734	1760.3013
42.9716	71.3141	1711.9340
51.2925	3.0700	401.3805
70.6325	52.8406	2713.1450
53.1771	62.2525	2475.2057
33.7513	12.4333	919.3333
69.2520	13.2560	2566.0692
9.3956	38.1706	72.5701
76.4699	57.6846	1982.4073
22.9669	27.8314	2272.6247
14.1734	39.2708	719.4586
20.3759	32.4645	1969.3172
52.2583	69.7090	684.8036
24.1031	9.5748	603.2764
42.6859	45.9644	2052.8023
63.9484	30.7789	2278.0582
3.3066	22.7071	1745.9509
5.5703	55.9195	1618.2036
51.4406	13.8019	2191.1552
71.1395	23.9287	748.4550
29.5668	36.6690	1987.2476
5.3044	31.6306	2773.7289
34.8193	14.3266	2272.1612
30.2006	1.4752	2523.3804
23.2264	31.4555	850.6178
54.6247	50.7047	1254.8275
59.0542	43.0334	165.4885
27.8840	41.2828	1389.2230
17.4249	58.5379	957.2830
15.7255	44.4580	1412.5174
7.4389	71.2273	264.2075
33.6299	32.0168	2602.0936
17.1241	66.9138	952.0006
1.0942	32.7532	1100.5451
12.6814	44.9990	2667.3420
18.4156	31.7453	657.7363
27.9720	47.8290	949.1744
43.3005	15.2350	2804.9757
58.3475	21.1447	2019.6357
14.2363	16.5354	1533.1125
72.9660	37.2115	977.5257
56.6848	64.2282	11.6756
21.2380	26.3490	2749.0806
67.7619	60.9743	1518.2125
73.2441	1.1720	1963.0529
50.0311	72.3196	2488.5463
48.9929	26.9288	2146.8594
67.6560	63.5013	1182.2681
69.4301	60.3701	65.7932
37.3269	61.3006	1465.1913
7.5607	7.3991	1700.1428
49.5645	40.5320	888.6002
23.2014	44.1919	885.5195
41.3485	60.9921	2712.3227
62.5494	51.6033	130.9184
41.4305	5.9940	1289.5500
55.5229	42.6798	834.6944
8.4806	18.3192	2706.0272
69.8220	16.8358	2024.8999
17.1747	61.8261	1165.7868
49.3188	39.4817	1533.9533
21.6042	53.6143	159.6733
71.3352	40.4344	1523.3560
74.7673	22.5230	817.9196
4.2803	76.7650	2340.3990
75.9592	2.2231	2570.9093
1.0102	42.8204	2161.3488
11.6091	46.4365	656.5879
5.9239	23.7969	716.6670
19.0020	38.7477	948.5427
50.8716	71.4339	1206.2890
32.7602	66.9774	2026.4844
57.5273	5.2796	856.8305
51.4848	40.0781	548.2573
48.3533	41.1736	1291.5070
0.6739	68.9513	1262.7608
51.5249	34.7388	2232.6476
51.7044	14.4892	144.6574
54.7597	12.3380	2443.5280
25.9385	14.2822	1815.5528
60.3956	3.1885	1234.6063
51.0350	5.4477	2719.1239
18.0504	6.4894	1853.4439
51.7423	49.4070	2358.7087
14.2990	18.8722	1655.2302
6.2053	16.5939	2252.9464
23.9207	16.0709	1792.5361
76.9144	20.9509	1302.0278
25.5170	63.1480	1720.2973
74.8275	65.5515	2286.0654
0.9371	18.4790	465.0772
8.2745	24.3805	1847.2905
1.5660	18.1808	56.7001
34.4969	34.5989	2236.1563
55.7334	60.3513	2706.1365
68.7072	73.0446	2078.0401
52.0804	39.1679	2306.5854
42.3909	2.6975	195.5069
36.7425	25.7745	1538.9829
36.2066	18.5108	2311.5890
75.6744	69.3428	723.3786
29.8096	9.1742	639.8882
47.7404	24.8687	1355.6955
53.6006	62.7699	2146.6432
34.8654	20.3251	1382.5293
9.8318	0.2918	2651.5867
28.5629	13.7840	2378.9332
70.8062	44.9326	524.8250
18.6444	28.6779	1419.1037
32.7693	68.0047	2650.8702
41.9965	68.8169	1658.1336
61.1412	28.6549	1311.1551
16.3397	7.2792	1564.8657
36.0814	42.7384	660.3577
47.5736	50.4492	463.8241
55.6816	32.5228	2481.0568
28.1205	23.0690	497.2171
72.1775	56.2412	691.0768
4.9562	57.7843	991.7567
44.4171	38.9362	2339.9257
68.0787	24.0349	1666.0507
73.9182	63.1421	2266.8241
5.5487	16.8574	902.6938
71.4457	26.8081	1897.1145
40.3526	10.2592	1987.2443
52.3691	48.6907	2231.1358
55.5912	20.1230	1019.4733
75.1180	15.2849	1817.9026
53.7418	2.4002	2118.6209
32.8321	67.5286	1022.9029
73.3662	71.5228	987.1151
45.7354	63.7822	2736.3606
9.3958	66.8903	2463.1550
46.1880	23.6592	734.8058
27.6248	73.6417	1663.9835
34.7452	60.3742	1754.9237
27.9162	27.1411	1076.0226
21.1042	31.4334	2581.7436
41.6356	44.7338	1507.2877
66.2109	1.5714	2519.8435
1.3422	74.8777	717.4839
21.9169	53.4151	701.1014
40.2343	45.4521	1162.4240
25.0050	27.9527	2041.2795
41.9423	34.1730	2293.0954
56.6969	59.0770	1959.7589
34.9967	71.8406	1095.3208
43.7066	1.2846	2707.8383
1.3607	30.2775	2738.0086
6.6311	53.5534	1456.4050
13.5447	13.5256	1644.9449
46.9145	30.5755	735.9573
33.8752	53.5255	1771.8530
26.5612	2.4494	787.0868
33.3245	49.5768	295.2215
41.1827	58.5822	734.3484
2.3195	49.0121	2573.7448
45.6520	6.7118	863.3905
9.2074	46.8631	2208.5006
1.6501	39.3884	909.8720
25.1022	5.5760	228.7360
20.2023	44.3503	2720.7295
11.0871	9.2671	174.6011
23.3787	60.9742	727.8045
9.3859	18.5931	101.7090
0.7943	28.7521	2518.7668
42.0969	50.2752	1519.6268
23.1142	49.8241	2085.6005
34.1159	32.8563	1279.4375
64.7599	23.8604	2375.3678
56.8672	76.6186	2243.2038
30.5634	30.1462	1632.7570
30.4533	31.0677	1633.4205
65.2417	65.4448	733.0980
31.3556	32.5135	2313.9547
72.3228	57.9339	720.4390
42.1976	55.2550	1645.4395
6.8723	36.2069	672.0063
67.3526	2.9780	1519.8329
43.7679	6.0056	969.2052
64.3788	35.8070	1574.4133
6.9142	74.0465	522.3123
19.3794	66.5575	2590.0832
44.0248	48.8719	2361.4305
66.9825	20.3750	1074.2246
59.4851	75.9536	2744.5057
14.8815	61.6028	823.7993
3.3471	25.7435	2646.4225
12.0121	47.9102	2721.5320
30.8709	60.2899	1669.8504
33.7803	22.5780	196.2507
75.3878	69.0159	2282.9453
15.5459	76.3935	357.8516
17.7599	52.2110	1430.8044
50.0133	3.3396	1032.8382
62.3066	11.0824	424.2566
60.3087	42.3050	1264.9192
64.5506	6.5836	406.6656
51.4668	14.5113	2000.0974
4.4864	11.6132	383.3217
40.4766	62.6576	1482.0642
55.1025	28.0330	124.3104
48.0883	21.8296	2432.0175
28.3816	15.8676	1396.2232
67.8702	44.5242	2426.6078
23.2691	0.8552	1680.0556
76.2533	51.0793	2519.9822
28.2449	59.8448	1651.1548
46.2523	2.9391	502.3745
61.4496	69.6367	554.7142
8.4655	32.6437	2549.1388
41.2593	12.8116	2093.6863
28.8312	46.7509	2190.0985
0.2777	38.5874	299.0418
17.2041	59.2248	161.8395
31.8375	66.6966	1263.1705
51.1517	23.4337	1942.6445
75.3809	36.6755	1091.4835
22.3320	21.7535	710.3221
56.7246	30.9470	2154.1039
65.0223	46.9039	158.3175
54.6440	50.1464	1248.6761
34.6829	21.7994	949.2111
63.9326	59.7739	2517.7765
27.1008	0.8144	2319.5712
35.0533	18.5311	1734.1279
58.2349	13.7214	956.6059
10.2058	11.7216	559.2031
3.2788	11.8099	578.7227
50.4038	69.8758	311.0686
9.3465	45.0088	438.3354
52.1474	60.2315	1766.4074
16.2389	15.4627	2644.2145
13.4202	60.5815	1149.9612
42.3472	26.4459	1626.5277
0.6031	69.8524	1856.4534
11.3927	53.7113	2734.8233
55.7140	28.6548	151.9667
19.0620	59.1426	917.3211
27.7071	14.8867	151.5239
29.7307	29.8147	2681.0148
51.8212	51.0963	1998.2756
11.5288	55.8992	2802.8290
53.3271	66.0691	1232.4384
67.2372	66.2979	1658.0335
7.9615	12.7911	1960.4337
57.7073	23.2416	108.9335
27.3515	36.7954	2257.8956
56.7222	68.3396	120.9466
6.7260	75.6589	1990.5217
13.7707	7.7250	2466.3362
40.9194	7.7873	2660.5235
55.0288	42.5057	2125.3964
74.2742	35.7471	2201.5085
65.2921	75.9607	2028.4168
48.9257	24.5752	2654.0032
26.1781	34.4782	549.6131
35.3294	75.7554	796.7159
38.8553	47.9905	465.9453
50.5203	10.3359	509.1610
38.8145	14.7161	783.8835
71.6167	63.3262	385.4964
69.4527	71.5394	1219.7329
57.5999	17.7957	56.2187
7.5536	12.3198	1856.7660
32.8203	27.3544	2371.4223
42.6814	2.1163	232.4315
70.8128	14.6512	1234.6989
36.9952	21.1770	2418.5510
18.1691	60.9071	2623.5130
34.3681	41.8191	1388.5517
19.3687	71.8238	1114.0452
48.4380	31.2599	2552.9319
14.0154	61.8499	2405.5280
32.6921	24.1980	878.5869
37.9121	71.6428	2126.1091
9.7086	73.9314	2174.3600
57.2775	65.0919	2223.3783
54.6093	21.5941	855.6172
49.3978	54.4817	1956.3062
18.5965	16.0632	395.2777
34.1933	51.4112	2116.6745
69.1521	4.5741	2657.3470
76.5896	28.0542	1670.6422
65.2730	62.5073	1894.9921
15.1680	34.2454	2416.1843
14.7033	37.8536	829.5478
58.5624	23.2897	370.2462
23.6949	9.8341	717.5993
48.4287	74.4769	2060.1962
28.0845	49.0523	408.5967
49.1153	57.0106	2736.4839
26.1379	24.5222	2374.9363
59.0279	6.0889	1640.1864
68.9694	53.0787	8.6113
1.7428	58.9151	348.4676
18.8617	75.3039	2532.1480
44.5225	63.4448	1407.8841
52.6191	77.0614	1409.6677
70.7454	73.0740	1980.8095
29.1614	56.9701	2476.6431
60.0852	20.4465	1893.3220
50.4417	41.3564	1945.4749
2.1323	20.0755	58.4998
42.5661	13.0709	966.8303
43.1860	40.2180	274.6010
7.1195	51.7038	1584.8777
71.6584	54.0391	1542.8018
13.2605	47.9883	380.7655
67.1148	48.2495	1765.9188
15.2930	69.0830	2241.0499
16.5074	9.1286	1778.7088
3.6543	60.2962	1786.7870
40.5185	18.5684	2178.7606
48.1047	30.8059	1006.4654
58.5355	38.8209	2684.7614
36.1043	61.4104	2447.8652
43.7844	44.0916	650.0623
62.3477	43.5782	1418.5166
66.3545	73.9575	1924.8123
24.6130	46.6925	1211.9489
66.6893	65.6456	2524.9595
1.6704	9.9735	2200.9039
7.7396	75.2706	1726.1813
70.1103	51.3508	991.4119
1.1386	53.2655	1212.2670
63.0471	7.6485	628.5281
70.3503	31.2253	1438.3675
75.3400	65.9532	2464.4283
52.9212	10.6489	774.1593
40.0085	36.3621	1229.7208
8.7316	31.9337	1781.2927
57.5443	17.5438	2461.3890
56.9158	72.6378	2234.5724
60.5411	50.3288	1867.8998
15.7605	64.2209	797.2274
28.5523	12.4419	2003.7046
37.0312	11.5351	71.2888
22.8727	73.9595	753.7258
65.4077	37.3919	1044.5623
35.7506	55.0611	2347.1568
64.4913	7.2190	2204.6091
11.9666	69.9657	2098.0353
28.4395	30.1290	40.3896
30.4689	61.4185	1936.0583
76.7329	27.0242	658.7107
4.0388	35.6469	305.8301
1.8257	45.7616	1713.8341
45.2136	21.6405	918.8596
21.2727	26.3235	2278.3006
28.5198	22.3253	545.3653
39.8285	64.2098	768.6121
23.5156	46.3088	668.2147
54.1460	3.2028	2106.6185
57.6052	51.4994	2326.1881
41.1486	12.4473	887.6674
69.2035	31.2621	1800.4031
30.4617	27.7388	2196.9903
53.7274	2.1617	1675.9163
5.1784	35.5529	1393.1959
52.3370	41.3366	2545.0766
44.1690	32.5848	1498.8766
59.2473	23.6433	1759.9758
65.0170	18.4261	2379.6326
17.9048	43.4061	2745.3777
29.5978	59.5206	1986.9662
73.2375	50.5986	2587.0707
4.0582	38.1229	320.0566
66.0288	39.9196	656.7445
66.9770	24.9045	1280.1332
16.8895	50.4026	2394.0670
58.8323	38.1296	1745.2424
39.7118	57.7493	794.4527
49.4912	5.8241	585.2750
14.2083	60.4155	700.9810
36.3896	34.4504	1148.7220
60.2230	29.4877	2.2945
59.8115	9.6117	643.6121
65.8887	30.7316	1295.0029
69.3408	53.4182	518.2418
54.1475	37.6928	1996.4020
53.9681	22.4369	41.7956
66.8169	24.4278	2485.5536
30.0224	3.9149	2628.6429
53.1501	36.5039	874.2590
54.9094	19.4478	2746.2920
26.4572	36.0164	805.4928
27.1889	10.3007	1923.2146
6.3783	9.7839	2121.8298
20.6295	7.1654	1702.5316
36.3013	67.5503	748.5344
64.0235	50.4483	733.3288
7.4254	12.5515	1976.4117
45.1040	1.4512	2486.5723
0.7382	75.9131	593.2133
76.7866	22.3628	1482.1413
27.7046	51.9307	2233.2576
73.3085	74.5826	2774.5687
46.4284	24.0358	2729.6477
42.2742	62.5843	2608.4767
12.2950	3.1269	2420.7124
73.1749	48.8715	1556.9172
35.4864	47.7552	1094.7397
65.0753	18.9938	2330.5208
48.8305	63.8933	1663.5502
25.9747	12.3586	1247.4638
67.7068	49.8346	701.1998
55.7831	32.1891	966.4116
20.0512	41.6785	528.2753
6.8962	11.4764	2331.0486
49.9853	3.5270	1250.6693
54.4852	62.6425	1769.5528
38.6115	5.3613	1325.6019
60.2738	26.7718	1459.3862
27.5694	40.5591	471.8705
23.0116	2.8412	107.1330
23.0238	24.6476	1851.7797
56.4159	29.8263	2070.2815
61.0599	55.9812	1128.7703
0.8925	53.7849	1850.1329
75.5023	54.9517	608.3348
51.6626	5.4256	59.1163
68.9729	27.4530	2469.3998
48.9039	53.4490	1797.6896
33.0573	7.4020	544.3222
34.4085	26.3576	641.4603
33.7469	27.1329	2462.2830
57.5264	38.5021	586.3884
76.7192	15.5961	1398.5730
38.7155	62.3918	1432.9523
54.0603	54.1291	1687.6711
42.8242	21.6781	1727.3888
30.9560	52.6135	398.0524
49.1043	29.8344	1495.3606
55.7268	43.1574	1552.5968
48.8719	19.2296	279.5347
51.3556	25.2035	338.9361
26.5762	40.3545	1624.1284
7.5839	46.7787	2158.8232
61.2684	60.6740	2125.6571
68.3231	74.3358	738.1495
25.8874	1.7728	1860.4643
30.6275	30.1326	642.4370
63.9914	17.2948	1190.3430
49.7142	56.0558	1537.4283
23.0429	21.4595	86.8832
40.8222	76.2038	2707.1989
18.9654	26.3884	1831.3368
60.5711	54.0649	110.4337
9.8964	67.7386	2434.2091
17.0542	55.8101	704.0731
48.5879	10.5141	561.5324
65.0934	29.0962	729.1362
5.6368	64.4250	2144.9538
49.5957	70.4841	2073.1161
73.4294	42.0667	510.2894
59.9635	8.9506	1512.6303
18.5182	44.1604	1636.1112
33.7464	56.0079	2063.4855
36.4463	35.0962	512.4821
50.4224	56.7295	1404.1188
55.8170	56.0196	1308.1860
24.8938	32.7624	2080.6748
75.5919	1.5316	42.6105
17.0579	69.7461	54.5664
44.9382	65.7211	1313.0813
52.5525	17.1739	2669.8091
7.3290	18.3316	123.6649
16.0784	66.9060	2467.1624
7.6670	43.7610	2683.4874
19.4508	70.1458	2400.5577
47.8548	64.0484	2140.4027
34.4445	29.5382	1379.2286
74.2371	71.5000	323.5232
67.8075	54.0484	1870.0096
5.1062	23.4433	76.4398
73.5106	1.4356	1148.4249
1.3209	62.5456	986.0440
10.3310	38.5264	1286.4165
2.8414	48.1270	2474.8940
34.4769	57.4893	1594.6499
55.3476	15.8429	605.8307
22.2240	7.1597	1524.4257
59.2847	53.4206	879.1213
38.5411	42.2569	248.9393
14.5252	32.8656	618.4689
29.6025	23.4236	119.8438
60.5244	52.2816	1296.2229
70.3118	57.9577	2737.3617
38.9550	1.8668	2454.2310
8.2750	32.5562	81.5563
29.2440	61.5538	771.1891
34.1265	18.8390	1158.1795
38.8555	56.3119	1316.8111
9.1170	75.8612	357.7734
70.6246	47.8231	1104.5136
22.6030	3.5320	1374.5563
0.3254	2.3196	388.9893
65.9713	75.4917	207.3663
0.0917	39.1682	1242.7653
21.6510	14.7157	496.1323
10.1276	12.7622	1938.6760
57.4961	24.5459	82.8467
17.9128	46.2410	951.8258
5.8630	26.6590	1404.3836
65.3145	56.7397	2713.9565
59.9169	29.8332	1816.4414
57.6643	18.3506	2577.7547
13.3780	51.7634	712.8949
18.2756	57.7320	136.6480
30.4212	8.6543	1815.9395
21.1192	44.8745	2160.5550
63.9244	49.0795	764.1966
2.1637	42.9925	1243.4155
7.5004	5.1296	2459.8346
76.1991	60.5707	1715.0924
40.9774	51.4437	506.4411
72.8596	63.1838	1252.9520
65.1996	72.0101	1058.3124
0.3217	1.5561	255.6702
60.1978	31.3983	1838.9794
30.0178	38.3207	2249.4700
36.4139	72.2481	1371.7053
2.5006	16.3320	2482.0115
24.2336	10.8877	478.3962
72.4543	43.8797	1004.6628
5.1094	20.9025	36.2464
48.0229	54.9056	1548.6132
7.2513	48.8689	824.1662
16.8597	53.6920	116.0596
22.1680	21.8026	970.1967
61.7136	21.7349	1435.0997
24.6961	44.6039	2220.9531
7.3264	10.8327	2426.7326
26.9600	55.3849	2638.5560
28.4446	7.6964	535.2007
61.7336	22.9502	829.7114
25.9276	32.7430	1385.5568
11.7637	65.5321	263.8710
41.8560	47.6471	1863.5429
45.4704	18.0474	1055.1455
53.6263	45.3797	765.5202
19.4660	48.2674	1228.9757
12.1388	65.1671	563.6177
14.0672	49.1136	1943.9598
7.6170	64.5518	1611.7558
22.1755	27.3402	1397.6942
23.8825	71.8724	1977.9172
73.0294	60.8597	783.6651
17.9735	35.3779	954.9895
15.0241	61.6013	1042.4467
53.5508	36.7688	1291.9852
14.5049	72.5986	2542.2825
58.3040	68.3338	2643.1672
15.8237	5.6499	2440.1791
71.5516	51.5833	2718.4551
7.3586	40.3758	995.1100
9.8009	29.1362	1083.3775
29.1122	53.6367	372.9660
30.3324	68.2858	2712.4614
1.5711	47.1068	1256.9157
34.9734	20.6334	257.5805
34.6229	65.9865	2108.1379
56.8130	53.5475	2643.6090
16.0096	54.8303	161.0244
30.6419	0.8991	1209.2471
14.9732	67.9613	2350.2498
73.5308	33.0839	2484.2128
18.7206	44.6734	997.2684
55.6994	74.4940	2211.6836
70.9330	53.2448	315.4035
50.2338	65.5694	1551.6759
39.0051	16.6217	1239.0093
71.1409	76.0559	871.9569
74.3562	36.6971	1345.5082
19.1128	25.7372	1409.4535
32.2031	30.0324	827.6351
53.1266	48.4181	149.5420
68.7494	41.7088	2080.4256
35.8922	43.3134	436.8376
55.0543	52.7907	2651.3232
10.1231	51.7250	901.6437
21.9535	12.2220	424.8101
9.6855	61.7318	51.4129
64.8597	58.6625	28.0798
62.6293	65.0992	1319.2263
31.4596	51.5104	312.8977
49.7903	72.3514	2473.0465
53.1525	24.9563	2492.2903
73.4004	13.0159	1496.0678
58.0255	24.0226	401.5006
26.3301	9.1471	719.1811
4.7868	9.4339	2313.5004
13.6284	63.2916	929.5291
16.6854	41.7806	1865.2605
45.2048	25.9090	1263.6041
59.8657	55.6381	721.1552
59.4633	54.2753	966.7925
50.4687	36.8286	2219.1852
54.0242	57.7164	2786.8271
71.6763	32.8029	1410.4749
39.2718	4.3817	1672.6263
30.9787	34.9489	2218.8434
1.0477	64.2281	2778.8299
9.6545	1.3816	2272.3414
44.0144	62.2871	1962.3643
51.3805	2.0303	2233.4500
21.2152	52.5175	487.0845
46.9214	25.5980	2567.2973
52.3199	24.4621	267.9374
2.9140	28.4096	495.8784
73.7209	25.2533	101.8157
28.2226	67.9978	2095.1851
50.4466	32.8014	1362.5939
0.9152	47.4767	1282.5538
73.5719	37.8058	940.1454
31.3869	55.7858	1651.1940
3.0674	20.0829	1927.4470
30.0412	42.5774	619.6810
23.6921	27.4996	2408.4215
46.3127	10.9904	1462.6363
34.1443	6.3800	24.5633
28.7434	34.6583	2567.2715
56.3723	55.8439	1620.0521
29.8187	27.3502	1833.4608
3.4272	30.6231	2653.8336
43.9476	12.1211	883.9954
2.1281	18.2753	847.5407
25.0657	0.9571	1611.7788
30.4108	27.5135	2140.6309
37.3219	24.6401	92.1677
0.6337	41.5092	2231.6349
0.3685	13.4606	2370.2120
59.5752	53.7363	1865.5830
1.0543	62.9841	462.1469
4.3084	76.1633	1059.8674
56.2148	2.8302	1067.0455
65.7831	27.5581	459.1879
13.1401	11.3870	2169.5384
55.7981	63.5027	497.1067
26.0105	24.2149	56.3315
63.0499	74.4179	2745.3585
2.2229	46.7439	1231.1457
69.5971	0.6943	1540.9605
67.0254	49.6946	1196.8359
44.1249	49.1755	2153.3142
42.7086	50.0421	1782.2219
64.8806	48.5535	1737.0730
21.4246	28.3902	2262.9172
9.5418	73.9984	626.3811
47.6540	33.1784	521.2865
60.0613	15.0123	2703.8468
6.0963	72.6470	206.2312
6.2474	44.9946	2662.3456
58.2097	17.2037	408.0598
14.4471	15.3859	1941.5352
66.8698	53.2483	2743.6791
70.8751	28.0316	1169.6119
0.2594	69.5926	861.4766
53.1399	11.1247	335.0947
51.5893	58.1435	2288.0803
5.4049	65.6311	2340.4325
56.3938	61.7552	1430.7473
49.1517	63.9815	2088.1399
8.9235	15.9084	2310.8552
4.6860	44.4018	1270.6530
26.0950	70.2634	2337.7053
53.1598	36.4057	1408.0901
16.6605	25.4323	2791.8315
58.6584	76.9973	2054.5402
15.3460	68.3279	2150.9289
66.3932	67.2548	1874.7106
6.8633	33.7804	1341.1602
68.8706	76.6472	291.0698
19.0354	20.5300	219.6722
36.3286	60.9874	1819.8034
6.9369	37.6002	691.3108
40.4720	16.5781	1534.2523
24.3966	55.0320	1220.5988
20.0155	65.5560	1455.8067
72.0247	70.0464	734.5554
30.4952	14.0809	2543.3551
2.3969	24.5976	742.2351
14.4971	26.7524	606.7885
39.9167	32.4735	1300.9641
74.2009	64.3432	1326.1772
53.4991	57.2474	2672.5233
28.4963	20.3257	1850.9088
21.2807	27.6498	512.9666
25.7552	59.0982	1480.4008
61.7925	27.9195	2071.2749
17.2846	25.8188	297.6878
73.6385	15.5245	668.1670
38.3099	44.1090	1427.7081
5.9342	18.5702	369.8063
12.2149	74.5756	2789.0824
49.4159	36.9501	806.5327
20.7069	9.4289	175.1147
51.3650	48.2805	559.0638
20.5912	0.9096	1316.1406
28.6720	26.6983	570.0665
15.2930	47.5222	641.1330
56.8817	51.6663	2398.1052
6.9293	40.0755	667.4979
42.2191	21.0428	1775.6048
63.9357	50.8113	1719.8373
10.7951	58.4672	2315.3143
42.9873	26.0622	1195.3755
61.1620	54.1850	116.2812
1.6028	3.3996	2760.2770
39.3119	59.9683	2539.5147
50.1224	63.2238	1056.2031
40.8607	70.2374	1190.6712
1.6024	50.4666	1514.2410
1.0314	33.1935	1172.4937
38.5998	1.9600	2452.9621
65.4530	53.7292	1629.4458
54.8407	28.6362	2720.4497
18.2125	18.3811	471.7547
39.6105	53.4554	1273.6331
13.0506	40.3103	1203.8784
16.1432	49.3093	381.3091
41.8194	73.2865	2439.7486
36.9099	72.1101	2132.5998
51.0401	32.2577	2001.6728
61.0375	45.4441	2600.5947
23.3458	22.7517	1121.6591
62.4840	17.2747	1984.2680
74.1012	6.6669	716.6196
68.4624	75.7024	756.4015
14.2011	71.1610	1509.0748
51.3052	33.2736	1395.0571
0.7521	63.6244	232.5610
5.3207	66.1559	1221.0239
11.8966	31.5063	2450.4024
76.3765	7.1630	1216.6517
2.8302	67.7490	2737.3600
10.0401	59.9868	2073.5609
45.3334	39.8190	749.6324
69.8741	66.2184	1623.9955
37.6995	50.5457	1390.7885
39.6439	17.4349	479.8265
2.5405	10.6817	275.7500
31.7306	67.8981	2444.7634
53.5105	56.1787	1816.3641
55.4209	6.2932	274.6209
30.0230	35.1287	120.7099
32.5149	1.5405	243.2887
73.4749	17.9649	265.0154
28.3694	19.3385	1284.6503
70.5858	27.7728	2568.2704
44.2874	68.1470	1162.5413
71.6795	57.1265	1282.0323
47.3289	10.0107	2105.7436
59.1021	21.1841	411.3429
37.2811	63.9418	1311.1169
14.4123	24.6922	978.3869
61.3097	25.7893	2308.3824
62.7076	64.0263	2679.5865
56.0551	21.6406	2032.7765
2.7913	21.1143	517.0557
26.5778	54.0604	1304.1339
72.7341	5.7840	89.9136
66.2500	45.9330	875.3955
35.0092	9.5892	2703.6370
27.4376	48.9487	461.9433
33.5774	46.3350	839.3293
17.2859	54.0901	27.9867
46.0917	19.1151	842.0164
4.0381	29.7036	1388.3828
52.6648	29.6602	1589.9364
57.7170	72.5379	479.1602
22.9254	69.7495	1527.0228
56.4912	33.4171	2474.7119
53.6524	43.5106	2293.0156
70.9276	23.8424	672.2921
40.0729	12.7934	913.4552
39.7345	28.3260	134.2444
62.7335	49.2676	203.2578
34.3889	48.2400	2532.3817
23.3574	67.2179	2240.7548
5.1322	6.5157	1597.0143
69.2994	23.2631	1315.8247
23.9372	69.6126	2646.9174
50.2897	34.8838	1154.1050
55.0392	1.5738	2140.3080
33.2695	75.6323	1626.5505
5.9799	25.5089	2804.7538
20.6292	62.0222	1407.4214
40.2717	27.8638	1047.0441
21.8274	57.6068	647.9585
74.4753	62.2205	521.8105
24.8768	27.0233	812.3891
56.7668	50.8120	2011.8342
55.0758	49.5766	1764.9251
19.5798	43.2550	2254.0405
27.3871	27.9475	1806.2322
0.8232	55.3555	272.5268
8.2145	62.5579	1241.6281
35.9753	70.4411	2400.9732
35.5148	50.7042	790.0967
57.1006	0.4041	1068.8189
17.3294	69.0606	326.0111
75.4609	8.0656	252.8683
29.8133	76.4492	1390.7036
54.4350	45.2936	414.7725
41.3215	66.0398	658.8058
31.4867	31.7851	885.6997
55.8179	68.8469	2007.7105
8.2280	51.3997	1622.7434
49.3400	64.0584	2119.2974
28.9951	9.0575	870.9477
49.8311	76.1904	812.0731
52.2416	29.2846	1379.9490
29.0531	42.8881	1972.1067
29.7597	33.0898	1152.0081
48.9821	10.8933	345.4957
41.9864	70.9414	2499.3033
5.8617	49.6558	2754.1370
40.8954	13.3693	589.3359
67.9977	27.2802	1072.0772
14.8757	1.5009	653.4080
65.4989	31.7226	1930.0512
33.4323	61.6056	408.5482
33.5763	70.7363	2285.2235
15.3485	43.3900	2770.2489
3.7530	68.6519	1473.2017
37.3791	73.9676	961.5824
48.2548	51.9815	990.7124
3.0548	17.4189	883.7612
66.5900	23.9931	1001.9695
34.6190	0.7815	790.7220
34.5302	72.2958	2213.6627
58.3281	40.7844	2011.8495
19.3534	4.5901	1807.5973
72.8331	8.7386	1552.3713
39.1560	49.7505	986.0950
11.9085	54.0486	2145.4778
17.6630	55.6902	2775.2007
55.6458	3.4823	681.7383
48.4951	15.2445	399.7269
7.3694	31.7744	1121.3835
27.3585	27.8427	2093.5893
48.8080	38.6568	1462.6916
37.6794	59.9258	2474.9900
16.8946	77.0027	220.3422
59.6317	75.6816	1564.5130
9.8526	36.1620	633.6634
24.6533	23.7950	98.9212
39.6116	58.4000	2175.9730
28.8511	28.6476	1791.2297
37.3505	68.6975	605.8835
14.7644	58.5098	238.8619
10.4131	33.4480	802.1499
4.6846	17.4640	292.2624
50.7199	53.0707	480.1675
6.4065	45.4122	1116.9606
31.1110	29.9687	793.6933
77.1132	28.9076	762.8592
39.7076	58.9214	1926.4784
71.4616	15.5497	1962.2309
24.6746	58.2297	1356.1203
59.5305	73.7852	2273.2033
64.2504	13.7024	531.9940
3.9121	67.3882	441.4634
37.9352	7.3029	1217.6541
19.9342	17.1650	2197.9006
67.2230	14.4717	2596.1929
0.6581	66.3415	1437.6433
42.3356	66.3048	2087.0351
12.9792	62.1564	223.9260
42.5773	12.7549	1109.5880
30.3167	28.5623	169.3125
51.2102	68.3405	546.2984
53.8433	73.3476	2495.2358
71.2070	56.8890	569.8479
6.6038	56.7817	1017.5439
45.6957	47.8766	2608.4501
22.3378	72.3199	1826.3760
27.4240	66.8500	1995.6494
57.1936	27.2447	988.8562
12.4665	41.3654	134.8404
68.1094	11.1044	80.2026
60.2899	15.5427	1904.7163
67.6033	63.0599	1217.0264
34.2000	9.1281	1099.1877
67.0470	53.7811	1738.6695
47.9523	55.7959	2373.2001
2.6914	6.2740	771.8744
59.8027	7.9804	346.0285
36.3898	70.0411	1825.0866
17.5990	69.6223	2018.4159
50.4936	34.8827	2792.6273
16.7516	56.3644	168.1192
17.1575	76.3905	1083.4407
11.7236	46.1432	358.8546
4.7564	49.5994	616.1872
56.4975	66.5333	37.1179
13.5935	12.0218	1909.8345
5.2003	14.2706	1037.6005
24.4733	68.0209	1615.9615
46.9980	35.5750	1711.7090
1.7377	50.9657	2738.2345
74.5076	66.8276	2072.2544
46.7079	1.4366	27.1143
42.3215	47.5487	587.0237
4.2320	33.7244	441.0313
65.1650	55.5703	2539.0787
54.7675	26.8352	1917.0481
14.0668	29.3934	237.5020
24.6306	33.4150	2696.7356
72.3336	36.3466	1703.7263
20.9787	1.1124	1369.3822
70.9639	40.9543	1417.9077
22.6038	42.7320	379.5151
36.3447	72.7519	2146.2038
67.8753	20.8610	2465.8998
54.7165	0.7152	2242.6768
51.8421	23.1089	1914.2506
37.3147	59.0358	1910.2473
63.1993	18.8204	1244.6409
22.7057	42.7748	432.0449
24.2018	57.1342	1267.2318
55.1793	63.7075	2444.1785
19.6444	32.5915	1165.6211
29.6537	58.8855	957.0337
67.4891	19.7841	1990.9479
8.0749	15.7851	1949.1209
25.5997	9.3326	381.3408
51.2942	3.8561	1609.6923
75.9620	15.0154	1999.6779
7.1953	64.2844	1982.0655
8.9224	73.5296	499.3787
30.8697	68.4075	2264.9989
63.8676	71.1442	2223.5292
1.5438	73.1947	2071.0312
75.6431	3.2795	1357.2703
42.9572	50.1720	1004.7839
15.2161	51.4324	848.8539
50.7965	0.4918	2587.7891
19.0877	65.5309	527.0173
25.4524	61.7850	1433.3774
44.6774	64.3016	1110.2481
16.3857	68.8651	108.9085
3.2633	17.8781	2075.2772
74.0398	48.4806	2057.8573
24.9963	22.6646	1957.2080
2.1074	66.2928	1377.1979
12.8886	16.3494	2641.9999
24.4488	68.1232	315.1203
41.1920	71.8223	830.3637
35.2573	18.7143	5.3583
73.9130	3.2178	80.9991
72.5297	37.6261	2080.9678
56.5708	9.1970	2664.9634
22.6069	7.3068	984.7523
51.1288	33.8627	49.9211
26.3637	29.5698	158.0116
57.8599	4.0037	2125.0172
69.0842	43.2863	1087.9743
16.5203	14.3690	1719.0112
68.5144	31.5487	2400.4630
12.0039	29.0230	2637.5051
1.9562	39.1114	808.0861
56.1915	1.9765	1529.1669
12.4701	66.5442	61.4780
66.3219	23.0616	1402.5772
2.0467	40.8379	2357.6877
36.4446	38.2788	744.7355
18.5273	17.5134	166.8381
49.4174	9.2652	1389.6996
48.6439	25.6846	2517.8035
44.9022	61.0446	894.8360
52.8206	38.7616	2029.3786
54.8451	75.3467	1914.7447
26.3963	65.6390	2552.1496
53.0000	14.6967	1761.1789
70.6174	40.4892	37.1490
22.2832	60.2205	223.7189
63.5498	66.6832	421.3221
70.4700	30.0792	256.8962
49.2958	30.7898	100.1751
19.1035	63.8739	631.3649
54.3971	75.2535	2131.2149
62.8770	52.4325	1593.1515
13.5465	57.0953	1856.6512
63.8891	69.0689	2441.3689
22.2854	74.0680	1293.3186
12.0717	76.1077	1473.9474
55.5386	39.9585	1919.1851
50.7600	16.2016	367.2087
69.4052	9.5147	193.3735
21.4818	46.9044	1669.1430
67.0755	58.0682	104.6594
4.0350	42.8930	27.0418
62.1282	10.9578	2247.0709
43.7910	48.1135	2650.3119
58.4118	34.8592	253.6154
61.8904	74.0287	342.4870
55.4280	1.0121	1118.9270
3.1549	72.0388	69.1812
69.0391	45.5703	1727.4668
54.9278	37.9372	2399.2180
16.0683	2.1526	2777.9088
5.6081	67.3840	2238.1573
62.5381	38.5787	2056.5852
41.6921	5.0856	591.6152
40.8363	42.4406	1156.7319
21.0773	73.3467	1523.2590
10.7331	67.9586	1598.1872
37.2881	64.0958	1897.0930
8.3374	40.3848	1093.4787
67.5831	59.5657	1052.2615
12.4504	41.6617	58.8967
44.1935	20.3254	12.9172
56.3145	0.0541	1341.1408
41.8786	20.1701	1839.0837
46.1802	22.3341	2399.3848
55.1426	31.9339	2190.6368
41.5146	76.0603	167.5464
13.9663	12.8825	894.4645
16.4623	72.4340	1585.8399
45.3873	57.2655	659.0075
31.7371	64.7814	1853.1856
0.2339	47.1829	2171.8508
70.4106	57.2865	1954.4799
29.1588	69.3418	561.1960
36.4617	29.4497	2261.0586
59.2486	44.9260	689.6439
14.8935	58.0396	1140.1681
19.7648	68.0472	75.8487
66.0083	23.8849	1529.4412
65.3431	0.6766	624.6339
63.4948	11.3677	1495.9778
6.6949	69.1167	1725.3753
19.9844	57.0538	430.1467
49.3180	17.0512	259.5839
35.2272	55.4506	168.0457
7.4918	43.7319	2536.2211
26.5791	13.8247	1154.8034
66.5505	65.2356	557.3432
60.3790	30.1245	2787.2873
29.4481	20.4341	1246.5704
33.6175	70.7742	1037.6210
30.8212	51.4911	1699.9539
57.0281	3.1644	1096.0464
7.1367	45.2979	1747.6263
9.8509	55.1823	1335.5572
22.3406	10.0149	161.1518
58.6983	24.6822	1652.6722
41.4563	5.0637	1206.6616
20.9312	74.3915	2645.8662
55.1352	71.2240	525.1028
9.2552	64.9857	1961.6641
27.0699	48.7886	2557.3943
4.3732	49.3365	352.0757
28.2212	58.4543	2495.6567
18.6038	17.6037	657.4324
2.3377	3.6742	1775.5430
66.5163	37.1642	996.5490
75.0427	71.5295	2147.8233
5.4096	29.6376	94.9039
21.4484	54.1633	1024.6319
46.1788	19.2370	2427.4392
7.4757	42.1040	1043.1669
31.4045	34.3461	955.0988
23.7281	76.8207	122.3634
58.2634	30.2394	2579.5535
20.5954	65.5344	497.5990
52.1456	37.9232	2083.2316
41.9975	63.4314	655.1667
22.3701	57.8107	50.4117
20.2191	74.6401	1110.9923
44.6765	15.6322	1063.6731
60.4175	27.2652	2104.8868
45.8695	2.6863	1482.2825
38.0177	33.6569	1209.8078
74.3023	59.5427	1871.3201
28.6356	29.4077	2668.0011
28.3823	1.8297	1579.3287
48.6739	33.0166	1706.9343
56.0916	12.8912	6.9557
9.4118	62.1894	1320.1583
68.3788	0.2708	2404.3287
56.0144	10.3573	1026.4653
31.4368	65.5590	2405.3161
27.0125	38.6255	1740.4087
39.1755	69.8235	2357.4636
73.4800	1.3841	1237.4154
3.5368	57.2648	1881.3688
41.2347	68.2181	161.6260
69.1117	25.9542	656.6396
38.6562	69.3174	1187.3017
74.2344	11.3515	2448.0884
52.6627	22.8815	58.1808
4.4628	31.7002	1065.8641
29.8974	2.5267	1959.0274
63.9839	71.1801	125.4260
61.4967	66.3421	2184.3771
3.3058	9.8671	667.2373
26.3494	0.5405	588.3609
51.5416	49.7758	240.2222
22.7403	64.1364	2019.9788
62.8088	53.3486	676.7779
65.8340	74.4672	1904.2230
19.6281	47.4292	2634.2401
44.3931	28.7607	1226.7459
25.4093	11.5505	2684.2334
47.3792	74.4350	2502.6381
66.9699	63.1229	585.8443
50.3079	63.6683	2741.4172
23.1329	39.4676	329.2047
23.9875	67.8855	748.3631
66.7135	4.5846	1929.2320
67.1947	53.3280	2780.4230
40.9730	22.2989	2554.2424
66.2885	72.6646	1251.8649
63.1693	17.3322	2331.4689
11.7544	60.3159	148.8786
53.3564	37.2003	634.0525
25.5358	29.7249	974.1225
16.9017	36.2157	1999.4998
36.4466	67.8988	1188.5435
55.8700	21.0486	1395.8763
5.8830	61.6057	248.1650
22.9098	15.8766	1378.7450
38.0416	56.8663	921.9831
26.7014	29.5023	189.0666
67.6014	48.4648	582.6546
3.8192	72.0900	1502.7561
25.1046	39.8423	1910.6281
32.5446	74.5541	613.6819
33.7946	58.5059	461.5721
38.4298	55.8484	230.1009
73.4624	6.6406	1097.6232
55.8673	2.2609	2609.4754
28.4298	1.5523	436.4703
9.5710	11.5500	2047.9514
11.2274	54.2963	2728.1789
37.9515	8.2488	1279.7116
3.3171	49.9165	2205.3865
70.1296	20.4692	1375.0667
76.7925	74.0169	745.8669
16.1861	0.2562	2517.4776
26.1636	43.1023	2782.1107
75.0645	17.7926	1034.7720
1.1000	53.5882	147.2675
54.5157	53.5863	2657.8009
24.4422	1.6655	1032.7008
13.5790	58.7878	752.6950
15.6411	76.2921	1127.6320
13.8983	74.8956	1459.5113
58.6337	21.9017	958.9672
40.8497	9.2257	2188.0785
17.6214	74.8254	1331.0005
47.3699	6.1265	382.1679
2.2519	18.5305	127.0959
14.8267	26.9163	272.7990
72.6558	66.4392	2379.2434
44.8452	46.3081	1223.0406
74.2154	12.0659	1420.0988
36.3215	53.2672	1119.9190
48.7915	55.8070	2090.5435
45.7724	40.2654	1659.7416
21.6048	15.0878	709.5895
70.2838	16.1555	2087.3747
68.2067	58.5856	1160.9411
15.1857	27.5730	1814.6607
1.6334	68.2574	429.9269
73.7658	62.8686	2749.6484
53.7818	30.2763	241.1432
57.4611	0.9545	1648.7210
27.1407	32.1535	2262.2277
32.7720	37.8190	1919.1956
22.5427	17.2487	1219.8943
26.0566	20.3736	292.6684
8.1444	52.8872	1645.0357
48.8678	0.2346	878.1747
56.0070	42.4123	2613.8888
61.2204	43.6869	394.0782
75.0229	64.5861	2646.6917
0.5541	23.7529	1508.8656
1.2018	38.8841	598.3807
52.1687	2.1766	1671.7447
40.9552	31.5087	1003.4247
40.5673	25.6671	2616.4508
13.8428	57.7065	1804.8766
33.6194	70.8287	409.6391
10.1179	57.5271	2300.0330
6.2089	16.6005	2252.7465
5.7714	28.9107	391.5986
19.0251	6.4856	2575.5732
74.6876	37.8806	2402.4529
28.2621	21.9268	1317.6448
41.4322	65.5704	2019.2415
30.8889	61.4111	1108.8019
6.9302	64.1994	1213.5486
51.7089	59.5019	1878.7727
21.6010	41.0560	2477.8884
18.7126	10.8979	1603.8197
67.4318	46.4955	1160.4424
25.5966	40.2028	1442.2967
45.7483	18.9804	540.9855
44.6253	9.1166	2208.8855
69.0429	26.3945	162.1058
28.1062	6.8571	1440.0296
30.0097	23.0380	2242.7753
6.5349	26.8996	1910.6375
0.8156	59.4886	1799.9246
62.4140	1.8543	1498.1543
39.9074	21.3341	2425.5574
50.5267	44.2434	2569.8133
75.3574	25.9685	2589.7723
60.3014	76.6881	1687.4977
22.8994	25.1397	2037.2301
60.8114	21.3651	2107.1276
34.8428	39.5299	1259.9097
50.6311	38.9986	1267.9954
71.3898	71.6550	1144.5769
33.6793	25.2108	690.8093
37.8157	54.0847	1881.6085
18.9048	45.0684	859.6684
59.2559	61.2952	1719.9620
67.7476	14.3532	382.7222
26.6752	53.7645	2281.6916
59.2096	39.4118	1960.2430
59.9617	33.5143	1560.4916
22.6586	13.6297	2194.4306
11.4609	42.9100	747.3727
30.5574	68.7582	1858.8740
65.9961	7.0222	2218.0475
8.5478	8.9046	2641.2057
62.5672	8.1309	2291.7422
27.2638	63.0316	1717.9259
7.4595	57.2315	1430.1528
13.5844	60.9188	809.5853
65.3163	75.3308	2676.3431
43.1630	42.8177	701.5351
71.5246	37.2062	2300.1823
28.0603	47.6635	1079.3164
45.6969	8.0379	1029.7846
50.0767	44.9284	2485.6135
3.1466	48.5916	2738.5821
60.1415	6.6350	1280.3898
75.0962	24.1795	1816.2543
11.9369	75.6509	1007.8185
24.7573	6.9570	2249.5482
34.6487	33.7270	2166.7321
70.1602	72.5325	1839.1127
24.9656	37.2079	578.0939
14.3464	14.4204	166.0884
40.3629	75.5032	2238.5233
28.2775	33.7192	1412.1543
22.7862	31.8412	1092.5309
53.3577	51.9000	2346.5962
65.9443	71.3096	1844.0410
68.9705	21.3574	895.1105
37.5366	16.2096	1910.6524
47.8388	70.4382	1234.1568
41.2158	16.4842	200.4256
29.7821	66.6970	2590.7413
67.4686	59.9165	2481.4045
71.4607	38.1022	2168.9539
26.0283	2.3275	2226.1716
23.8190	5.0626	710.6427
7.7090	17.2983	563.4707
42.0046	22.1076	1140.9061
15.3136	61.4232	1860.0251
31.6288	56.6982	385.1420
23.7205	7.5313	2598.7170
28.2527	62.7862	599.2633
48.6124	23.8658	2471.5605
67.7929	11.6345	2563.6693
67.2733	33.7444	322.8058
75.9974	19.0717	71.9442
30.5497	3.7654	1957.6727
67.6985	16.4176	2194.7066
23.3234	30.8327	2200.1308
59.3645	43.1437	53.3366
14.4056	77.1064	1667.5232
62.5171	61.0931	2510.6257
62.7125	73.6267	1298.3940
75.8846	22.2492	1150.6949
55.4233	43.6645	459.2764
69.2206	7.3752	2158.5086
27.5867	7.6303	1128.7960
16.7923	31.3891	656.7802
15.7513	8.8521	1255.5715
7.7300	37.1434	1221.9482
26.7321	58.2939	537.4141
49.9427	36.5879	1220.2259
42.7829	57.5285	180.6976
30.5151	10.9470	1454.8304
76.3617	8.7372	2151.3934
43.9769	66.0763	2062.3964
71.9626	40.5364	866.0339
47.3757	46.1037	246.1576
64.3666	58.1582	1027.3724
19.6867	25.2880	1073.9423
72.6867	74.3746	959.7902
58.0811	26.4975	455.7662
4.1540	4.0813	2209.5789
49.4049	10.0350	1248.2622
36.4409	73.9321	524.7581
53.5873	23.0661	2795.0707
9.9928	19.3626	680.2994
1.7878	13.3362	828.9893
73.7878	70.1227	1069.6929
37.1069	42.8359	1385.1888
16.7918	38.2278	447.2933
13.9446	62.6717	1044.7670
72.9468	57.4612	1900.2605
9.7893	37.7780	1594.8283
48.7138	45.6791	1273.4620
19.7512	46.8091	2280.4831
51.7041	30.5369	1134.7516
75.8228	66.7356	1296.0830
41.3228	23.5384	2490.9019
30.5128	22.7856	509.2265
55.5616	62.7343	2440.2940
74.5258	30.9202	557.9460
55.2393	72.3345	1351.3396
75.2029	60.7859	1728.2639
12.4368	74.1517	1466.5389
55.1936	76.5767	705.8199
13.3563	42.4391	838.4207
44.4456	43.4029	165.7323
75.6655	14.4475	565.9853
10.2762	17.4897	625.7816
75.2002	25.8217	2467.2797
75.5454	65.9739	1665.0995
68.8313	28.2420	882.6924
52.9792	72.2095	1082.1363
70.4540	2.7484	335.9669
0.2966	59.0559	922.4684
53.3638	12.0115	1615.8160
1.6503	20.7509	942.8091
26.5431	60.3917	2608.6500
54.8035	52.4759	360.8986
74.0410	33.4883	1522.6146
71.4438	24.5368	224.9405
61.0908	39.0274	1009.2685
63.7231	64.0474	416.6111
73.5483	61.5669	1300.2085
50.1570	24.2086	2213.2822
28.2398	42.6121	526.1842
36.2125	7.6939	2551.2199
70.6756	14.7316	2172.1164
11.2837	18.5677	310.0676
48.1907	55.8953	1922.1947
12.2647	58.7824	100.4555
14.6018	7.2781	631.6920
53.6830	51.3263	2358.3223
36.6239	58.2114	690.3687
19.3658	72.8337	2051.2706
71.5114	15.2802	239.7206
67.7882	45.8712	52.4995
70.9483	57.9083	293.5686
12.9152	60.1332	826.5713
59.7648	39.2477	723.2934
22.5909	4.2185	1949.9408
3.6764	22.1195	543.1271
68.1493	73.6058	699.6364
71.6601	43.6753	2154.8222
52.1422	17.7154	199.0064
29.3137	62.4484	1829.5146
57.0780	7.4337	1478.9747
10.6295	42.5770	761.0626
31.2650	31.8677	1503.8535
46.4850	41.6685	1973.2382
35.4452	64.5340	1035.6507
57.4499	28.5224	2611.1641
35.0232	29.6303	2693.2033
13.5271	62.6814	1914.4459
42.5406	59.3437	67.9686
66.9464	54.3040	89.4432
26.9281	10.2587	1127.6008
73.2565	63.7912	1980.3937
13.6910	16.1749	1987.4243
11.6602	24.1242	980.2202
61.9256	50.2731	2717.4251
40.1714	22.9644	1370.3322
43.3610	3.5116	1786.4907
45.6651	40.2086	2656.4349
59.5630	0.6667	270.3143
74.0787	73.5474	2148.9801
71.8616	1.5688	1502.4031
71.2549	45.4230	1211.8216
38.6340	53.4842	2321.9041
10.5645	50.3478	236.5282
14.5361	0.2005	568.2017
19.9263	33.8555	2123.3272
49.8975	68.7797	17.9896
55.4441	31.1027	2785.2014
30.3898	3.4446	1134.1017
15.6349	76.0446	1890.3535
58.2503	48.6807	1888.2713
10.1857	57.4032	1461.5013
51.5044	35.6775	1981.9063
60.3667	42.4823	675.2831
62.2722	69.6263	1321.7943
20.6849	4.1031	950.0057
11.4247	51.5223	2663.2810
76.2766	44.3794	2369.7257
37.9827	12.2536	567.3728
63.2821	70.0106	867.6693
25.3547	18.7569	203.1833
42.5550	30.2483	251.8187
70.0416	28.1867	1899.0407
51.7867	7.4927	2715.9927
24.4556	57.1326	1290.9157
39.4368	14.2287	918.7066
53.0265	5.4432	397.1710
3.6575	70.8235	2335.1472
62.7653	60.6654	1790.2374
14.4597	11.1472	1022.0553
47.9430	74.2805	1814.6600
50.4303	44.3546	1023.2175
41.6942	24.1298	192.1823
47.8559	68.5883	2133.1425
43.1222	72.8208	2365.0085
38.2434	2.1673	2360.7650
73.7417	56.7580	799.2012
49.9024	17.4107	1413.2597
37.6342	34.4722	1027.0863
0.1940	12.5805	1326.6202
60.5007	60.5965	1641.9134
30.1907	62.3684	398.8817
29.1356	76.4810	1324.2300
42.1595	68.7342	2532.3266
11.0320	0.9282	2356.8115
19.0935	46.9531	250.4548
32.1940	22.5563	654.7176
55.3716	68.5715	2681.4941
24.9609	9.7296	1978.3353
56.1413	46.9707	1450.2611
16.5987	60.5017	440.8448
5.4712	45.8783	1373.1694
48.2641	52.1753	1578.8144
36.4167	69.6292	2324.4278
15.1708	69.7959	1809.6891
3.2774	47.6816	2554.9305
39.9579	60.1554	134.2616
40.0709	56.3132	2376.8623
49.7624	32.9692	618.1762
0.3347	17.0745	1730.0934
47.3635	2.2638	2523.0755
48.2218	54.6100	2170.0238
0.6140	0.1809	495.2199
28.3999	56.2894	650.0819
8.1681	22.6819	101.1728
37.3233	2.4198	1061.5095
16.4921	65.6382	701.9045
44.8765	5.3969	1646.6948
73.5753	74.5017	1042.4396
60.5742	4.3282	579.3597
59.5611	73.1706	2531.0759
76.4707	7.3714	2046.0029
7.6160	65.8775	2387.0260
75.6579	67.9111	960.6993
76.9726	55.6917	2288.7495
67.4991	3.6202	1891.7327
63.3500	51.3982	605.7215
56.3281	37.0720	1899.0362
52.0247	69.9831	1535.0476
70.2176	40.2917	879.3300
57.8863	3.0497	2163.4882
24.9305	30.9538	2133.8423
13.9788	4.0556	2184.3296
26.2573	74.3031	977.7996
27.3653	69.4865	1133.5917
54.3410	30.8553	2805.4838
28.9540	24.8595	2767.1402
10.8511	14.2623	1804.7497
6.8866	12.8437	2472.4542
66.9725	17.4903	2287.5445
20.2148	22.4797	1294.5911
52.3247	70.4872	1569.4665
36.4925	9.5029	2611.6035
44.5041	21.0502	2754.2456
63.2099	66.1740	2779.0820
5.1873	34.0943	201.9799
18.1463	55.4418	591.7748
33.7075	17.6790	2538.3916
42.2855	47.7081	245.9524
74.1345	3.0934	875.5284
14.5575	28.2848	716.8425
73.3734	4.6360	1033.9017
68.4610	70.4894	1286.0079
74.9313	55.2483	667.9637
1.3651	28.0181	1583.6051
35.1231	21.8176	2200.9573
66.1795	49.4690	337.0702
48.5505	33.6165	2580.9136
9.8360	65.3257	2588.2141
13.3278	69.5409	539.8652
0.4864	50.1540	1302.5394
44.1100	47.9957	2187.3070
18.0799	10.4481	933.8508
33.6546	43.8334	1100.6770
33.0954	54.4378	1660.1719
70.4628	5.3006	1972.8648
74.3132	8.8518	1647.0744
27.5402	31.2502	700.5945
28.9049	13.9183	509.1892
49.1809	44.0540	837.1612
41.2055	8.0312	2008.9466
21.6262	68.6183	310.3890
35.2340	64.4595	2530.8074
23.1877	46.2918	1151.8075
23.9502	30.3809	830.4690
24.8581	60.9554	2605.3365
22.2234	6.7633	603.3371
66.6040	65.7609	2204.8269
3.4380	7.4707	142.1411
59.8129	22.9823	1576.6877
31.0420	62.9844	2204.6766
30.4028	42.1961	450.6193
39.0430	24.4298	1784.4620
39.2884	9.3814	2611.8544
65.8250	47.1308	1736.0669
42.5319	74.4213	343.4112
22.2996	60.0161	2069.6771
54.9954	8.0505	2387.7670
19.6791	62.0294	792.7266
23.0294	37.4378	2388.7034
59.1225	69.4588	2309.4028
72.2174	21.4235	966.0252
11.6087	2.1620	2438.8469
31.8395	53.2477	1644.0712
11.0077	0.5287	1774.0724
63.4726	46.5357	50.7096
25.1959	60.0537	258.2354
54.7210	72.3092	1935.5135
60.5723	2.5628	697.7335
13.2860	23.1084	2254.4928
18.6118	22.3972	2324.6705
32.9508	36.6024	1844.3904
74.1940	36.9488	1620.4834
46.6066	7.8186	946.6618
65.2581	54.0629	486.1930
65.3208	50.6760	337.5614
38.3849	60.7265	403.4620
76.8760	17.5900	1926.9760
0.4379	54.0344	2401.0958
49.0649	62.8814	1005.7986
59.1415	71.4553	1680.5593
29.3343	69.0933	1616.8619
0.8796	0.9867	2315.1741
3.9258	52.5670	1657.0043
45.3786	60.0781	1064.0697
31.6130	54.3413	1811.8530
66.7802	47.2582	292.1129
45.7461	17.1344	2748.9593
74.7054	69.4891	2190.7433
33.6022	34.1619	1074.7374
31.5688	7.4340	1710.7845
56.1426	13.2581	221.9058
53.9940	29.5928	661.4801
13.8307	14.1205	161.7220
57.5530	61.8181	1524.5145
34.8971	22.6807	486.3552
31.8837	72.7670	2183.5097
70.7809	20.0065	1094.9862
38.5206	37.5509	685.4589
65.4391	9.1158	560.6449
36.5858	25.7601	892.4167
9.4272	12.9535	2437.9501
68.9612	58.3091	2785.2560
37.2435	74.7437	1555.8917
2.2648	39.3276	644.7759
53.3929	70.7343	669.2231
37.3346	63.7374	1640.3985
71.0338	27.8713	1790.4245
33.3257	36.8568	2587.4164
3.8922	23.4747	547.8387
9.8564	3.4419	149.4424
56.2633	55.9478	1647.4757
57.3892	65.5916	1962.0393
60.2741	53.5601	686.9611
72.7291	11.9147	101.0324
62.4864	61.9956	1850.4932
65.9651	34.1770	2806.9571
47.2278	44.4768	1446.0472
47.4703	36.2033	462.4497
64.3527	27.0305	1445.0241
12.3874	57.1066	2813.4993
56.3428	27.4103	794.4536
15.2052	33.6986	2400.9833
16.7577	18.0715	604.1896
3.7410	22.7756	422.9366
36.9357	33.5436	2222.7642
34.5637	22.9547	1602.6566
17.4723	11.6324	1781.1356
64.6624	58.4134	725.8234
27.8151	37.7848	1701.7301
3.3892	46.1389	1380.5410
17.8100	0.0105	255.9114
67.4779	16.6476	1959.8646
63.2887	61.0330	928.6204
46.9950	43.0621	1652.0345
7.8404	9.4403	895.1155
23.0317	6.3068	984.5547
21.3162	61.1607	525.7585
44.5449	9.6366	482.4814
55.9499	63.9280	2098.1240
44.0551	47.6726	1701.5972
67.9252	0.9345	372.0765
40.0254	42.3457	1768.1060
30.2214	10.6413	536.3395
27.3295	12.5965	1971.5718
36.5031	3.4218	498.2283
39.5634	12.1023	1887.1156
45.5120	17.6117	2245.7880
69.0744	55.9107	202.9217
10.5212	2.9000	1334.4053
7.2825	25.2845	766.6116
8.4403	41.4499	2670.0301
57.7951	6.9046	1452.2172
70.1320	58.4467	188.7103
53.6894	41.7357	522.5552
70.4141	18.4873	2756.9081
14.6786	22.5370	351.7699
9.7344	74.7967	1410.4959
0.4057	11.0953	821.6224
75.0169	16.4345	468.7499
60.7927	60.4873	1076.9229
59.9860	30.6834	2766.8986
26.5459	40.0234	1723.1688
13.7315	54.3238	1974.0546
14.2653	51.9950	1616.9326
14.9919	24.4237	585.9176
37.3532	65.6681	1857.5384
22.6231	52.0806	1585.5611
2.0855	1.4600	2266.2715
29.5862	21.0479	773.0544
33.0152	69.7861	2685.5942
62.1851	8.0326	1730.1501
75.6055	50.0938	214.4811
76.3435	66.5153	1148.8980
60.2059	55.0476	283.5648
51.0267	49.0554	1880.5960
68.3285	41.2642	182.3844
56.3972	14.1603	74.3687
67.5309	29.3352	1629.6543
60.3395	14.8635	469.4049
53.6893	46.0613	2464.4068
43.1847	45.3791	1635.7563
19.0029	54.6414	642.4014
27.7794	9.3692	1878.9362
62.7542	51.4466	84.6963
38.4137	55.8827	90.6481
48.8987	45.2168	277.7674
69.8479	16.5316	665.9244
32.0696	20.3243	1122.5550
32.2678	76.8136	1175.2682
49.1929	37.0142	2333.3441
51.4932	12.5071	1431.9561
75.8704	9.1555	1716.3592
69.7016	50.2256	287.9470
10.6873	22.5494	2213.8452
37.3047	74.5291	1171.7727
48.4123	52.8748	601.2058
44.5050	49.7951	2456.2122
70.3106	18.9355	218.7047
13.3935	58.5463	111.5610
57.4632	73.5616	2003.1439
15.3639	54.0434	4.1545
64.7218	30.7334	1411.8400
2.9963	76.4010	2099.2988
65.5097	55.5199	722.9080
63.0399	30.2805	1301.7480
38.2580	48.6979	203.4996
31.1752	8.1114	2370.8776
33.8227	32.0897	2139.0224
26.2444	76.0461	1025.7613
26.2399	72.6993	1938.0469
49.6654	16.7157	1383.2571
30.5989	24.0189	1166.5761
54.8484	69.4085	1872.7942
13.6955	31.2383	1925.6232
10.9080	59.3134	693.0870
33.2993	34.1364	2721.0506
61.8425	8.5663	1468.6491
13.5237	65.6104	661.8856
70.0702	4.5936	753.6769
31.6046	39.8556	2323.7297
65.1273	8.3934	2222.4826
37.1951	42.3406	255.4731
32.8513	26.7229	369.3970
58.9890	72.6703	1875.4721
66.5787	18.3777	594.5268
29.1631	24.3173	1933.8975
53.6267	16.2246	516.0953
13.0087	48.3844	217.9683
38.5008	32.6497	2301.8713
48.8597	42.0955	2547.2929
34.3017	45.4975	1611.2270
70.6984	76.2254	683.1031
75.5836	58.2803	1839.8355
75.8120	46.9983	1648.6324
13.2322	57.4798	2222.2543
65.9715	32.6092	738.2648
40.3488	44.5860	1175.5146
2.2066	74.6686	997.5349
59.0883	39.0658	1865.0121
40.5634	66.4998	2669.9371
25.1509	66.5051	114.8846
2.9221	41.3963	2478.0919
44.6791	33.1481	1298.2798
23.5221	47.1445	1099.6312
33.1463	9.8332	2582.5956
71.5757	35.8234	454.6606
36.4430	8.7886	2727.0483
16.7473	41.0649	421.9932
26.2907	64.0029	1641.8979
19.9709	25.7632	2618.5843
73.1989	69.3790	258.7550
0.3639	64.0425	2427.7282
23.7825	47.8182	1192.9645
51.1107	47.9125	2423.9145
73.5524	71.7336	879.0439
67.1749	63.4390	2686.1353
16.6975	58.4753	96.2329
8.6068	41.6529	745.9493
10.8726	12.6124	2421.1483
52.3471	23.5780	459.8674
37.9072	26.1194	1113.5935
16.0047	0.2989	269.3224
54.2480	16.3261	2477.2917
44.3375	17.2676	1083.3224
77.1716	2.6497	274.4764
38.7700	16.9715	2664.2832
42.5231	73.1617	2140.1901
51.8605	23.5494	2646.8876
7.2931	60.1634	512.8168
70.1551	53.1976	1463.8886
1.5255	5.0017	1269.1386
44.8456	10.9989	505.2383
24.1696	45.9217	2358.9502
57.2133	66.4477	1765.6411
38.2560	57.7588	2261.4757
11.3514	51.0397	1833.1568
12.1036	17.1079	608.1702
0.3887	6.0229	583.0876
34.8313	24.7364	1849.4744
65.2367	28.0534	1863.4682
23.0863	2.0518	1860.5977
42.6473	0.2466	1478.5624
61.8356	0.6060	572.8212
20.5272	19.1200	89.5331
17.6545	8.8350	923.4615
67.9831	28.0593	154.6764
10.1292	46.2344	2552.1528
11.6679	59.0763	92.8040
59.8715	42.4916	1697.8497
61.8635	30.9347	1857.3180
6.5298	67.4156	2447.2777
68.9429	0.8515	2435.9786
35.9773	56.8003	2361.7741
65.7219	56.6088	120.6476
50.9555	5.9698	1959.4423
38.6183	72.5274	599.1478
25.7060	65.8156	1769.9856
25.9001	61.5323	224.3144
51.0947	53.9782	2037.6563
1.4565	8.3204	819.2579
70.9733	63.2334	2247.2077
51.1273	19.9298	1395.1436
48.3878	34.9704	710.1250
64.6362	38.5614	2657.8077
2.6479	39.1283	2220.0311
14.9281	14.7097	1019.0435
18.8149	18.3235	837.8510
76.8155	17.8712	2315.7171
71.4585	72.7586	2793.5849
29.4266	62.3780	488.4589
12.8133	25.9873	606.8748
3.6652	66.9836	814.8316
7.0536	52.0388	1433.4407
64.4638	9.7118	2317.3877
27.7046	3.4854	1476.9329
65.3418	30.2798	1686.4826
60.5350	66.1994	670.6202
73.2283	18.0233	876.1855
1.0507	2.0938	2180.8526
53.6172	21.5352	1551.9396
28.5334	3.3404	917.6275
22.7268	44.1169	265.8261
7.3036	42.9502	2722.6452
69.4251	63.0378	1356.7028
37.4437	4.1435	1624.5491
23.3576	17.1738	870.5503
26.5538	20.2171	959.3896
5.6529	54.5017	856.1571
34.8641	33.2870	2256.9320
50.2538	39.6031	932.1747
4.3459	51.5660	260.2829
48.4625	60.8800	1273.6709
1.7478	31.6098	2776.5098
45.2766	24.2900	1223.0534
31.2551	42.7169	886.3212
68.6742	46.8986	1794.8449
5.2091	35.4033	2131.4643
51.9436	38.0869	564.3315
15.6795	11.5129	872.9920
41.2092	62.8566	680.3433
0.0049	61.2786	1736.1603
65.0133	59.9499	1330.2044
50.1779	13.0250	396.3232
27.8683	71.8022	644.8321
65.1862	46.9567	1605.7544
52.9303	38.5617	2537.2338
61.4652	16.2914	2344.7808
23.9180	42.8344	448.1523
32.1079	74.8553	1957.5394
69.6479	54.6787	102.7026
48.9258	24.9848	1996.2540
37.5815	3.3570	1965.9148
70.4152	11.0777	2029.3309
75.8410	1.6151	1700.7540
66.0291	3.1312	1538.1044
56.4858	19.6444	1174.6128
63.1455	19.7121	358.0445
27.4368	56.1477	2229.3322
25.5239	59.0689	2316.1239
27.3000	75.6550	1180.7280
6.0550	35.8303	624.7274
19.9030	33.2431	2783.7208
74.3869	6.3399	2602.8280
58.5498	29.1709	386.5584
21.6876	54.5289	613.2364
22.4705	12.4536	512.2234
58.4848	66.9753	640.7515
0.9351	17.7477	2075.0058
69.3180	12.5103	633.7681
40.9621	60.0552	161.8520
3.9734	71.5986	1759.0889
31.4396	31.9486	2374.1644
42.5546	70.0474	2702.9567
24.2331	0.2070	2411.9824
2.2526	40.5885	1238.6135
39.8041	28.0742	1682.6405
73.0509	0.2939	1235.2394
25.9724	24.5732	70.6438
49.4719	13.3419	414.4063
1.9633	73.8460	1168.2801
68.4512	65.8447	968.9542
3.8681	41.4334	685.9579
61.4895	35.7820	1891.7710
26.1299	9.4709	1055.5679
47.1214	37.5773	397.0429
30.5937	73.8276	1113.0372
57.0457	75.2778	1209.8807
33.8748	63.8994	1457.0595
64.7896	75.9243	1403.0071
18.0947	52.7191	198.4996
39.2962	21.9495	712.0567
11.1746	45.8191	392.0973
68.2730	30.9742	586.5543
66.0144	35.2302	259.2441
61.2126	13.0071	597.2185
52.1399	50.6255	2181.5641
57.5311	56.6885	72.4644
26.6489	9.8378	1822.2977
42.8070	12.7955	2228.7475
12.0979	3.7520	1147.6828
28.5169	30.3500	281.9773
74.2801	37.4477	2755.6579
75.4709	62.5386	1093.1240
3.2210	57.9237	1821.7835
30.2300	7.8006	1439.6880
51.9880	12.2962	867.5192
71.9339	40.5553	167.7354
40.7390	21.7672	2613.0251
6.7090	17.6007	2678.1297
75.5757	12.2683	1222.4340
49.3757	17.0863	1341.4211
6.6412	20.6590	806.7091
49.5739	65.5241	1075.5764
27.3856	3.3628	1462.5724
74.2208	18.7726	224.4781
38.6389	30.6101	141.7701
42.9199	65.9492	1703.6187
51.4287	8.5148	1560.6829
50.1164	44.2406	2545.7505
67.3632	16.2765	2022.7705
58.3438	69.1029	512.7506
16.3515	31.1351	676.1430
31.9305	48.2972	2815.6207
36.5610	41.1776	1739.0792
22.1508	25.4625	1825.6688
28.5212	36.2006	1394.9027
52.4963	49.7846	1779.4127
32.8804	67.4259	632.5142
35.0678	31.4096	2583.5200
75.8415	10.1627	95.1899
4.5793	0.3678	2309.3001
49.7475	46.4207	824.1863
36.2675	12.6417	759.2978
35.3185	53.2076	1745.8775
29.5206	19.2172	1545.6293
32.4833	51.2659	242.8271
32.0294	43.8766	1939.1864
50.8058	45.4218	2489.4834
33.1939	71.4058	1674.0657
51.0820	39.9057	828.1170
28.6358	15.5485	1488.1753
0.5697	54.9933	2723.3020
40.4522	44.8949	2379.4774
45.4543	47.3050	1000.8537
58.7129	63.4905	1935.7531
41.3178	72.0306	675.3613
60.9989	71.9096	1309.4403
32.9333	21.5630	361.6359
48.4626	5.5922	323.6518
39.8170	26.6610	33.1719
37.6133	35.7373	1645.5057
69.2030	70.0381	757.6447
58.3146	20.9695	1335.8355
17.6084	8.9697	566.0403
47.8876	17.0409	1823.8491
43.2798	54.1727	1491.6266
52.1367	17.5797	1304.0200
3.3626	71.1767	1589.4160
24.5713	36.8051	423.8465
5.7950	65.0549	1263.5438
65.2903	66.3384	439.2407
62.7395	30.9287	1219.4299
25.5139	46.6007	461.6102
46.3011	71.3363	888.7324
4.8283	49.2109	2782.9171
69.8584	11.4058	1928.1866
62.3755	54.6097	870.6026
40.4864	75.7785	2207.0215
67.5294	3.9123	2419.2530
4.6692	50.4089	1703.6632
10.6773	18.8674	21.3968
76.5191	28.4710	1427.0301
19.8522	53.4828	1129.4962
29.5502	48.4665	1687.5156
30.8443	0.4690	2593.5695
50.9534	9.2984	2747.0255
35.9561	44.4696	1516.5092
65.1001	75.4188	172.4423
41.0813	75.3239	1569.5097
25.1603	16.1482	1657.3493
58.8226	20.7900	2124.1897
19.7964	54.8765	1631.8462
29.0712	7.4826	2520.5532
71.2059	29.6385	844.4456
63.5747	25.0067	1078.5304
28.4666	54.3715	648.9593
26.7707	37.1771	1777.0905
65.7674	5.1832	2411.7262
6.5176	71.3265	742.9203
12.2482	4.2357	1374.5340
22.0287	40.4035	1210.6491
50.2046	12.1333	826.3714
39.0342	14.4423	1949.3812
64.9258	16.7812	2003.5280
32.7918	71.0588	2463.8635
4.2399	9.0270	2096.9838
30.0885	64.0673	1806.0751
53.4391	4.3608	1586.8264
68.0940	66.7111	397.4662
43.2185	72.5288	1921.7197
62.4732	58.5774	234.2977
8.1309	67.0224	1540.7438
43.0471	32.3017	228.6688
12.5730	18.6806	403.1164
16.7716	74.2547	2158.8335
3.2275	5.8230	1953.3112
8.4903	32.6975	240.2066
58.1445	43.3508	2167.4496
33.1408	16.7152	1936.9844
76.6535	20.0977	783.6704
9.5874	10.7207	349.0857
26.0346	0.9638	2532.3733
48.1686	53.8695	1060.3100
20.4271	21.3905	944.4641
24.5580	51.8232	2353.9501
47.0113	35.8268	2519.5045
74.3370	17.2188	2329.2067
30.7363	43.5130	2186.1347
50.0448	5.7924	851.2587
35.0104	76.4554	627.1189
41.1890	72.7390	1078.0669
0.7405	62.3294	392.0960
20.6370	36.5650	347.0472
52.5562	42.1097	2159.2949
52.2012	3.8739	52.5531
39.7090	31.6265	2288.5039
45.3224	38.1251	1716.3766
8.3529	25.9845	974.6952
33.2265	38.0768	1848.4107
51.0925	42.8662	1203.7157
22.2914	56.5820	1480.6724
20.0711	22.1481	1804.6481
5.6603	55.9344	545.6304
50.5386	36.2127	1578.5787
33.6321	57.2964	2221.8735
52.0932	4.9192	560.1284
75.1615	7.0361	1751.3823
6.7835	40.7009	374.6421
41.7234	58.3280	2762.3134
27.8695	18.3323	626.8795
51.7117	6.8999	1028.7062
55.2944	36.2290	1445.1759
17.2552	75.7068	436.9654
27.9116	14.7471	342.4100
39.0300	42.4377	1059.9297
1.8777	49.9792	1229.5928
18.8667	56.7792	391.6585
65.8806	1.2522	1260.4848
65.4965	7.2640	241.6927
3.2160	47.9733	379.4488
53.2309	22.8076	1943.6400
23.5038	55.1480	2356.8672
63.5798	29.3658	26.7320
62.2332	55.6289	2592.0272
24.6952	45.8088	1133.1063
56.6563	24.1847	1719.7569
30.7953	56.5687	2005.1862
43.0400	11.8646	2163.7025
45.5018	68.1184	2705.8742
29.5392	59.6862	1552.8628
58.3795	18.0582	305.2456
30.2316	23.5445	245.9822
33.0509	55.3396	1794.4040
8.2851	25.2084	1665.6289
73.2173	7.5964	1582.0180
1.2086	31.7070	25.3689
42.8590	48.5680	1738.1898
8.1429	15.1692	862.6693
12.3601	41.9202	1164.8981
12.4069	2.9495	2027.4906
43.5694	66.5076	1369.5958
46.8238	23.9361	1618.6419
5.8932	54.2287	936.7422
39.4291	31.5560	295.4167
8.6212	37.6849	697.4915
39.9324	36.1268	2562.5761
66.9343	36.8590	80.6541
72.0183	5.7637	2645.1131
26.1924	31.3672	2377.3197
50.6988	49.3965	437.1088
31.5157	6.0806	2629.2554
6.2655	23.3372	1206.9749
55.2824	17.1177	1868.6740
9.3823	12.1127	366.7396
19.4387	66.7168	497.4191
55.4969	31.5368	1520.1790
23.4699	22.2482	2210.4008
70.6069	39.5674	1632.1242
31.5176	29.2207	1229.0151
60.0340	13.9986	1441.5706
74.3838	15.1322	1679.5705
16.6402	8.5439	1245.1821
51.5263	76.6411	2377.1065
34.4057	37.4093	597.2276
4.3457	23.5032	1480.2477
26.0188	64.6137	783.7322
13.7510	66.9411	2187.7938
53.2194	30.2471	2597.5291
55.7997	51.0938	7.2198
20.6935	42.0648	377.5066
71.2380	1.2325	62.4560
0.0780	71.9917	2274.5660
17.5223	20.4950	606.9678
10.5714	1.4481	474.2215
65.1577	52.1679	1885.7432
5.5366	15.3775	609.0626
28.9530	24.8708	2766.7623
23.2553	76.8430	105.5153
37.6096	15.7616	1907.1896
59.7447	20.1730	897.8033
16.9010	68.3969	1274.4920
13.3709	70.4219	2151.1223
60.2784	61.4922	782.7199
67.5161	17.4555	2373.2075
76.9914	74.4082	1686.9508
41.3968	39.9605	2428.0800
66.0709	30.3069	2542.2177
48.5297	54.2878	2756.0750
74.2747	41.2150	946.4727
34.2830	34.2137	2339.6041
63.8335	48.4553	1480.1447
65.3007	55.1999	1964.4143
0.0553	10.2151	1621.8081
57.8576	56.6079	530.2756
35.8429	50.2359	2074.6103
43.2858	42.1854	2262.0417
35.8229	74.5654	1875.7859
67.0847	39.3930	207.6872
70.5743	56.2515	2666.9178
65.3191	46.6939	1780.8596
24.1136	75.2510	803.7383
9.7104	48.3463	114.1479
35.1045	15.5154	1353.0260
21.3759	6.4463	1653.1439
22.0606	12.8609	370.6916
50.1144	3.6239	565.4881
3.5080	20.5477	602.6229
44.2600	5.6540	1530.0515
28.4926	43.9666	1066.4869
73.5489	3.5816	60.9428
54.4693	26.4739	177.3287
22.2053	75.8306	2549.8710
54.0213	68.3456	1121.9045
27.8569	56.8137	269.6619
64.5839	60.0697	2592.4132
48.8559	5.3325	225.9046
63.4149	26.7755	163.2439
34.2072	0.5018	244.7381
60.6648	72.6545	2028.0312
6.5316	59.9600	1421.3670
47.0925	8.5129	506.1772
5.7027	35.0558	2698.6022
74.3427	72.9506	1720.5674
16.8005	29.2495	1834.9187
15.8271	1.3778	1062.2176
70.2245	65.7877	627.9033
31.4171	61.5727	2644.3409
38.2229	33.0786	1062.2052
38.2905	11.5774	652.5683
19.5255	25.9459	2325.7606
44.7062	75.2824	508.3142
12.3864	72.7212	594.4923
53.1912	10.1915	1633.1031
45.1701	0.8400	2278.3876
69.5350	18.2669	65.8620
34.5105	30.9332	1258.9063
51.2630	24.1142	2801.7936
46.9578	72.1000	758.0427
37.0814	23.2235	671.3816
44.2361	13.8853	1935.5355
45.9505	54.6045	2460.3143
16.5964	28.2062	857.6960
40.6330	69.7299	1264.1991
33.7051	25.1804	500.1582
21.6075	7.0259	653.0088
48.3066	58.9321	2314.0423
47.1596	72.0181	832.4541
74.4670	46.4612	1951.4526
0.3667	65.3679	1616.2715
49.0865	6.2801	2713.5566
10.9422	2.4126	2364.8509
42.2157	47.4169	708.7448
62.0962	0.9472	646.8219
35.1977	36.4641	2244.6356
48.9560	71.3573	1902.7598
50.8743	28.0392	1503.9786
5.1685	54.2806	685.2690
61.7337	50.2128	1962.4674
35.4898	8.6818	2725.2427
57.5088	24.1244	1693.5872
2.7258	18.3259	137.5806
24.8660	26.6657	168.7495
14.9555	51.1594	1989.3578
66.5941	71.9662	937.0456
53.9839	67.3470	572.3409
33.8154	56.5018	1126.3872
12.8724	55.9414	2125.3204
24.5867	25.5810	1232.0451
72.0055	58.0227	2281.2864
1.4035	39.4199	1075.8700
26.6100	39.0696	593.2201
41.0058	34.2406	1709.0996
13.2437	56.9723	1889.6505
45.5979	50.3546	2578.3230
43.8394	15.6436	273.1293
12.8376	10.3781	1395.9842
58.0659	75.6097	1997.8160
68.9548	67.2535	1081.6830
51.4270	49.2834	176.1903
46.4170	15.9328	882.7674
56.3550	15.9153	160.7070
15.2840	36.9291	1115.5016
26.2952	67.8820	374.8312
67.0339	31.4182	2568.6071
29.7706	55.4436	2285.4026
27.2260	5.1178	1923.5881
59.4829	35.8450	1261.1696
0.3992	12.6229	1274.7427
31.8605	22.3306	2096.5114
8.8325	26.6321	2640.6094
2.3457	34.3919	2574.2716
20.3739	61.1741	2693.8092
54.7657	13.6380	1192.6293
41.9674	15.2850	2180.8425
68.1480	1.8270	1462.0775
3.7995	33.3618	138.2744
41.3905	53.4436	258.3552
52.3962	69.9934	1964.6876
63.3750	29.9593	417.4414
8.2358	48.0422	1264.3834
37.1805	19.0296	1876.1487
63.4082	6.1706	2271.7191
68.2978	41.8767	67.4747
3.7558	71.1626	2624.7846
55.2430	9.8036	661.0521
23.5944	57.6774	566.8150
61.1472	54.8089	1196.4283
49.6734	11.6360	955.3820
41.3943	64.5582	382.6690
66.6359	33.7722	75.8686
59.1384	36.0325	1200.2410
59.3028	64.9234	41.4356
64.9415	32.3866	1162.5036
45.1017	15.8500	1657.3622
56.2885	51.3651	780.5208
36.0923	26.0461	2334.1366
19.2628	65.9907	2730.7004
1.9539	43.6376	1062.9367
5.8890	37.3465	1859.0257
67.4227	7.7141	704.8796
11.3483	65.2603	1967.4841
45.2549	32.7220	1349.5719
4.6867	7.4465	232.6037
42.9017	51.3745	2124.7963
42.9812	63.7492	2687.6394
67.6911	19.1981	2287.5003
54.4902	67.1556	2779.9876
59.0752	21.7698	567.8218
73.5380	40.5227	2532.1143
64.3438	73.2538	896.8191
54.9490	7.4710	2589.4126
72.2924	44.4580	2096.9079
64.3966	48.1820	101.4161
76.5946	65.6101	1819.1873
10.8702	46.8542	2468.3587
44.4941	29.5454	93.5713
55.9044	53.6223	428.2521
5.8655	21.3886	70.2318
55.0606	34.5227	1719.8520
51.0058	52.7480	477.5214
46.7855	52.5237	2460.5198
60.7301	44.4472	2772.5938
57.6450	75.6815	2684.1051
22.1623	34.0413	1188.9977
59.5056	77.1729	982.4048
31.6004	44.1242	2757.7419
76.5406	63.7429	2266.1150
33.5732	31.9138	2453.1168
37.9068	72.7389	2023.6532
35.9670	30.1120	1412.4341
38.6580	49.0265	943.5713
73.2753	61.5152	1248.7494
26.9679	33.3696	1618.2107
0.3191	64.5199	2554.1770
31.9415	13.4056	2562.9344
29.2409	18.3495	2542.4217
49.7797	16.3815	1764.5735
12.5490	57.9894	2245.1763
72.9580	69.7931	860.1184
30.2349	48.3480	1303.1843
20.7444	15.4055	475.6652
29.2235	4.7807	968.8052
16.2632	71.8980	1802.3918
60.7643	45.8608	1458.0483
19.8727	4.6938	38.5729
22.9644	16.9021	947.9592
2.8558	20.5547	1843.2916
14.4833	49.4550	1618.0389
10.7721	65.6066	1266.4392
58.3403	43.2133	7.1362
75.8206	58.0652	859.8994
51.5573	16.9074	1444.7777
16.1669	66.6519	2138.7312
8.9305	4.3151	1878.1624
51.6631	35.5526	526.1591
47.8302	27.1785	425.8187
60.0580	72.2918	2107.1573
6.5481	18.8973	449.3546
51.3407	76.2744	1147.8117
21.4466	44.7073	890.4785
6.4789	50.1788	1225.9708
60.9849	11.5168	509.0275
52.9234	12.4986	1053.2631
30.1911	53.5163	871.7213
31.7732	68.9910	469.0579
37.9159	19.6098	549.1345
69.1474	21.0941	1139.0874
31.9214	55.8628	689.6823
25.6439	9.1877	1397.5311
53.4082	22.3221	670.3456
22.6551	45.8935	1702.2644
45.5592	36.2690	632.0585
58.4788	64.6690	1765.3322
18.5682	67.5704	450.9902
18.8883	7.0748	1158.8035
32.4771	36.2700	1141.0649
40.4418	56.5455	887.3551
49.1699	40.8710	460.5583
18.4131	31.3165	1031.7678
62.3312	5.3722	1261.9678
13.9189	70.3306	1209.8582
56.7496	18.6035	821.2781
68.3678	39.1653	589.9906
1.8419	41.5376	1242.8728
60.3333	5.5567	1573.2600
30.9617	3.3022	1034.1121
37.0546	6.6171	302.3597
49.1020	19.3677	2073.3184
65.4553	9.1984	545.3745
64.0650	18.9054	913.5993
44.0606	23.4634	2279.8591
15.1498	13.4709	42.6373
60.4157	74.7303	1263.0357
58.2034	64.3079	28.7257
69.5025	28.1268	2458.9305
71.8173	72.8220	593.3654
35.5609	40.3236	2010.5713
73.0377	11.7036	736.6531
25.9785	32.3864	733.9437
62.2563	65.7640	2687.1462
39.7711	17.4240	1006.9620
12.6384	7.3684	2280.0748
43.1351	18.5382	2562.9023
21.3011	9.9159	2158.4701
61.3962	13.2715	1670.6358
31.8771	51.9874	2159.9078
43.1970	52.2309	1342.1619
13.9932	61.3922	326.1540
3.8012	64.4741	2484.5543
64.6329	72.4236	261.2039
8.0215	59.2593	2181.5428
29.4490	62.5626	1784.2072
32.2857	66.2073	2328.2059
0.4939	17.4352	2048.3344
29.1885	60.6984	1388.8861
62.4882	66.0807	95.0380
1.8213	20.1000	613.6564
74.5101	40.5427	2749.3364
15.6519	35.0685	217.2323
65.2661	61.9770	2380.3023
19.0485	14.9306	1558.2122
13.2389	67.7716	1594.5659
21.7409	30.4185	1685.7400
68.5642	28.0765	221.6839
65.4402	55.0560	174.8988
75.0479	15.3051	2564.4159
53.9043	63.8143	1648.5243
40.0202	12.2620	837.6113
36.2093	73.4541	2575.1629
41.3508	25.5736	2215.7780
73.0687	52.3726	1199.6901
34.2867	9.2639	1843.9618
36.1461	33.0875	494.0132
24.7546	4.4977	2477.2101
29.4255	14.7272	600.6807
20.9187	41.4293	913.5981
61.2263	33.5990	153.4899
30.6744	7.5089	2419.5656
72.4504	66.5803	2376.5200
55.0806	54.9180	1109.0493
31.1627	39.5423	1482.0609
69.8715	1.7350	2229.3665
14.9126	64.1946	25.2583
0.1239	11.0847	1341.8830
46.9799	4.0666	1563.8389
21.3397	2.3570	1087.5283
60.8534	34.4312	1907.8042
27.2063	28.9631	2173.3946
25.4615	20.0353	639.4704
45.4554	17.0760	92.7704
24.1975	53.2316	170.5867
59.5667	74.4280	2671.5414
76.9457	19.8610	907.2649
32.3604	5.8879	1992.7085
40.6977	27.4426	1871.5928
3.4062	40.4809	1147.0915
26.7179	37.2232	1246.4744
72.4184	40.4402	197.5682
26.5276	71.1422	2498.1282
9.0136	32.0382	1485.8380
25.1534	26.9353	2076.5303
53.1641	45.9877	609.7721
54.0721	1.1201	2192.9399
17.9621	40.7002	376.3603
75.5216	5.8387	2558.7490
53.6324	10.3550	2307.8103
5.8019	7.5383	535.7647
54.7077	62.4520	2511.7515
61.6328	23.2225	1586.7744
10.9287	43.7753	1818.6584
58.1599	63.6907	1980.9707
64.0511	27.4621	2233.9893
15.4940	14.1373	245.2682
49.2616	10.3584	1998.9177
26.5340	41.6909	1656.9804
4.5387	19.2861	465.6411
38.4128	17.5079	1918.6515
0.9021	21.7929	1184.8315
47.7269	55.7889	1065.7004
59.9392	5.9459	603.1869
33.9800	34.2357	2114.6046
32.9501	21.5869	2658.7541
42.1928	74.4375	2497.3231
72.6575	14.6091	1200.1260
52.4740	18.2161	1916.8218
9.1949	3.2032	2341.2622
60.2957	27.8319	1144.6842
52.1272	51.5802	2509.6558
41.9888	43.8980	1904.6749
40.7730	71.0400	1700.0822
42.9265	69.1132	1254.6511
53.4556	11.4904	2808.0079
16.2418	7.5655	1399.9987
20.5988	21.9736	1231.1711
30.8006	12.4092	2410.0877
59.1387	28.5835	1182.8688
54.9980	48.3855	2020.4735
12.9480	61.7316	670.6987
57.6420	31.3129	2251.3478
30.7627	74.9287	2593.7357
35.4652	13.6410	420.8950
18.6375	38.2410	1086.8463
1.7859	23.0564	1411.1539
43.0678	61.8999	2460.1160
32.5272	57.9042	1581.9541
63.8284	5.2743	2115.3468
49.5455	72.5630	1848.7639
36.0172	5.8365	1520.1191
66.8128	37.9037	1086.0869
7.8369	25.3684	1482.5117
41.7012	70.2067	1699.3688
30.2361	50.1047	356.7619
53.8590	54.7225	1781.7466
33.1042	11.3869	76.0617
72.4424	67.8970	2081.4650
17.4985	27.5221	1005.9091
44.0178	11.4300	2401.1616
1.1815	46.4313	2604.5993
45.4243	0.6440	2729.5681
31.5479	3.7737	1055.6360
25.8897	66.4692	2016.1978
39.8901	64.0589	1016.9857
72.4460	27.3437	283.0535
20.2875	7.7299	1735.2980
59.6878	56.0449	2599.4685
21.1651	5.1802	1118.3923
44.5513	74.2826	1121.5362
34.6689	47.5301	2378.3195
51.7718	41.4155	521.2669
28.1697	50.0074	1552.4723
20.9600	49.1648	2342.6265
73.9078	27.8164	2737.5700
59.5051	25.6867	1240.0006
8.5868	13.7751	1441.8636
70.6739	33.1397	2174.8486
13.2834	75.5944	459.9148
41.1742	15.0931	1058.3426
0.0319	26.4231	115.8295
8.6354	64.7615	2000.9534
22.3120	21.7663	1255.8253
39.8651	3.3598	2457.3402
63.8653	6.0316	2186.7448
69.8189	10.7289	263.1804
46.7204	9.7871	2524.3175
15.7379	7.6931	527.9373
43.5114	40.9217	1526.1210
32.8703	58.5795	1375.3866
38.0027	13.2077	2606.7223
10.6062	12.8996	1632.3179
5.6691	61.2610	1002.6445
7.9076	26.2899	1007.3210
59.1305	24.0597	1798.0704
28.5418	70.0508	2410.4747
68.7137	28.0955	419.9286
61.6450	24.0575	1797.3562
75.4490	34.1521	2402.8206
59.9509	31.2230	2312.1881
60.8924	8.6081	1342.0166
62.3510	25.0702	1482.5199
42.0886	27.8720	1499.9648
46.5828	21.9732	2620.8922
32.1409	51.0930	346.5852
10.4462	50.7816	1694.1299
70.2089	59.5520	2795.0699
42.2829	21.5614	2522.9572
11.4045	36.8451	195.2007
35.2848	76.5802	466.7409
2.3465	72.6530	2172.6743
54.1582	62.1483	2135.1501
2.1760	8.7843	812.5482
11.5867	8.4041	867.6641
9.3172	63.8378	2597.6269
71.4568	71.0440	2540.2419
75.5091	14.4765	2348.9172
54.8608	48.3090	2012.8494
28.7492	4.7246	2464.0491
76.6268	9.9967	1630.8167
46.4461	11.4079	995.3000
34.6168	44.9088	2654.2660
4.9305	59.8254	484.5945
58.5991	75.8797	1156.7874
29.4518	11.3485	1824.8325
61.2931	37.6217	1030.0262
32.6155	66.9024	2690.3419
34.0739	49.8992	246.6536
11.3217	46.2651	882.5380
45.5729	19.1764	132.1059
23.1985	29.4207	233.1459
21.1704	0.5164	130.4745
13.4855	62.9763	211.7621
10.6794	65.7480	1204.1051
3.4527	29.5316	2535.0427
2.6372	19.4494	461.6534
72.3238	70.2472	1288.3739
26.9920	20.9344	224.0015
29.5707	33.5530	1374.0353
72.0956	32.8850	1656.5056
15.8372	72.4933	1637.0776
9.8641	45.9706	1800.0674
7.3439	7.8872	2068.9158
47.7539	3.8708	2668.0723
75.2853	72.0569	1377.3764
19.7764	67.7919	630.2523
24.8092	52.8043	127.7202
1.6486	12.2300	1169.1611
13.0960	4.8812	1190.5959
60.7332	26.8617	1208.9177
51.4065	60.5073	2158.7928
9.3455	6.4421	2449.0586
15.6210	14.9692	675.0290
16.2578	71.9860	948.7547
32.8071	23.2529	287.9593
51.2681	47.9014	351.4010
60.0911	32.0746	1285.5296
42.1663	70.6536	2125.1409
74.1456	37.5854	1652.5911
5.6581	19.7467	2227.0967
11.2927	52.4683	280.7011
15.6675	37.8627	41.3508
43.7760	77.0259	1883.1601
32.2193	54.2591	619.2889
39.8955	72.3366	1086.5100
18.8039	25.5013	2409.2424
48.8493	6.8316	1056.0638
17.4883	30.1568	1631.3703
53.6864	74.6516	1296.7107
0.4421	40.7559	1154.7247
43.8704	62.1668	1852.7205
19.5296	60.5851	2786.7991
40.9732	62.1163	1808.2966
65.1071	20.1440	1710.1749
72.7308	28.6083	2619.5035
25.1913	48.9219	1164.3012
42.0440	70.0104	1268.2756
60.8032	18.5103	1694.2421
65.9445	8.1354	2477.7329
72.4724	29.9808	1687.3951
0.9525	38.3210	2315.3005
73.7937	57.5117	2522.0208
70.6872	16.3211	263.3039
59.0798	41.2049	580.0953
40.5077	0.2963	2324.7837
60.8323	13.1403	428.2008
4.2181	57.5060	634.1889
72.0860	40.0646	91.7778
18.7802	35.4379	388.3958
48.2129	59.2124	2056.4358
22.1832	28.5036	46.2425
50.6339	18.8358	738.6516
62.7000	41.9398	691.6495
45.2149	18.6140	2803.1014
24.6121	19.7118	1398.9818
11.2980	50.9856	2729.7437
20.8035	34.8185	1724.4036
43.9143	69.7052	2226.7361
15.8059	48.5454	1071.4253
8.0987	30.3045	1774.9975
18.9574	62.8671	507.9212
40.6405	36.9227	1091.1095
43.4339	28.8012	1454.2579
58.7077	5.1189	1468.7581
14.9053	48.0859	162.0096
59.4090	31.7289	2394.9597
10.2114	76.2259	2058.4763
18.0160	65.1341	755.3072
61.2242	33.4493	1296.5697
21.3509	0.7932	766.9535
61.6804	65.0793	528.6007
48.7180	33.2779	323.0496
49.6691	53.8635	1825.7591
73.0157	57.2982	767.6471
74.4620	39.1791	1218.8968
31.6055	61.4869	1228.8036
4.1750	58.2877	1529.3707
23.9431	12.2494	1837.6905
44.2321	20.5926	1674.5524
53.3036	10.6242	2369.4451
46.4189	18.3835	897.7664
38.0915	73.3239	1343.4338
42.1777	74.5594	386.7113
47.1539	15.8988	643.0758
20.0302	15.2175	1728.3157
19.1069	19.9432	2376.9387
67.4868	12.5201	2535.8873
14.1107	59.4223	1492.0303
56.2094	19.2685	294.2101
26.4018	1.0508	1472.5082
48.7055	75.0632	2667.8269
47.4376	18.8738	2016.8968
8.0279	62.8849	2342.3452
43.3771	7.5589	278.0867
31.8894	21.0590	1321.8039
3.9553	76.2822	444.1891
5.3979	30.8297	336.7057
26.2458	35.0062	476.3506
35.7976	22.8572	1429.6085
30.2079	40.9481	1054.2191
28.0207	63.8823	1885.5917
72.8743	67.6290	1874.5984
45.1250	72.2626	2749.2892
18.9859	31.0667	653.6020
54.3560	31.6926	1055.6327
65.3943	58.5499	1021.7295
6.5512	44.5071	2796.2996
76.0524	38.2285	2028.1241
50.8564	2.6802	1694.7385
18.4727	0.9985	1354.7665
19.5309	6.4184	1166.0296
34.0206	17.9296	1426.3002
62.8013	30.6234	2290.3042
48.2255	16.4858	1397.6543
35.9867	24.8178	2398.2400
30.0638	57.3851	1621.5816
38.8898	15.5778	591.9253
57.4979	68.2633	1823.0778
25.9354	51.7290	976.3267
10.3843	43.7179	2764.0448
74.1871	4.3886	2137.6015
32.8922	15.8846	379.0417
21.1667	47.0114	2292.6863
74.2088	21.7962	2570.6843
11.0834	72.3135	848.3919
23.2275	8.2103	1074.1658
30.3325	29.3485	2500.3497
50.0905	76.8316	2756.5674
74.6499	25.6873	2215.3991
3.3035	72.0197	1756.8190
35.8701	53.4760	2204.7390
4.6164	9.8145	146.3466
58.3188	0.6824	941.9816
47.3140	33.2031	1174.1301
48.4810	27.2407	2764.3272
40.8372	56.2609	1091.3313
17.3825	40.8295	47.3470
32.4013	9.1173	362.3963
65.1842	59.1236	1642.4639
23.2650	21.3871	2339.5691
64.5959	35.9801	1183.8807
70.3374	17.0847	2061.5521
65.0002	57.3600	1748.4447
68.4163	8.0471	2153.2810
35.6049	66.2077	1262.0352
27.2531	61.6989	2587.7172
73.8344	10.9973	1704.8182
51.6197	19.6237	2107.3569
55.7910	11.6129	2755.6215
34.2387	49.5384	1859.3614
71.2504	30.4920	2249.9764
41.0565	39.6625	340.6366
48.9411	17.0062	1506.2885
26.8378	7.9624	2605.1298
50.6987	5.3616	2633.8190
29.2367	1.9587	1778.7585
4.1720	16.6751	1100.4632
61.8443	3.8449	1415.7458
32.6954	31.2531	2267.2277
6.3914	21.8983	1806.1245
25.1940	6.6171	296.2735
31.2669	32.6459	2088.2485
37.7235	47.2935	2301.4969
19.5061	13.7094	2429.7791
17.4480	30.3741	2540.8510
59.5864	65.3053	2677.3133
62.3614	48.6989	34.2058
9.5886	12.8103	1254.0512
61.4134	17.5145	236.6960
42.9764	71.3162	1711.8528
58.3924	3.0199	2809.6556
59.1687	2.9306	682.6745
69.6508	69.6220	660.2179
20.1565	57.1515	734.4129
59.3966	28.4302	1617.7935
32.1111	50.2180	310.4207
65.3830	6.1532	2299.7741
11.7762	41.3783	144.8228
50.0203	74.0958	1253.5145
27.9027	51.3938	13.5088
76.7573	63.8934	1528.2286
18.4475	27.4621	485.5024
6.3626	47.1041	2536.3190
48.3214	61.5455	1314.8776
37.4630	29.9626	1353.9388
63.6009	48.6078	584.6390
0.2941	50.7858	1835.5388
25.9708	62.1435	2490.4443
73.3848	24.4471	2640.7101
19.6296	26.7157	1037.9099
45.5092	30.3544	353.3796
4.2010	7.0826	1684.7606
0.8758	2.2594	49.6251
26.4563	29.0542	2145.7589
54.8817	39.7074	1810.0749
62.6280	28.3961	1494.6042
55.9063	65.1443	808.4438
27.0731	55.1096	2392.4138
49.9851	76.9134	2198.1521
10.9168	43.0738	2697.0573
62.4594	62.2668	395.4518
11.0447	13.9041	872.4686
9.1581	53.1578	595.7087
61.7082	63.9563	563.4974
36.1892	6.2861	1583.3925
51.5918	74.2763	1455.4922
14.2494	28.1939	645.7583
61.1542	13.7403	859.5469
60.3136	32.3216	2729.5619
65.2143	26.6003	178.7772
63.4155	15.9660	2584.8502
2.5239	46.9613	2502.3740
13.3889	59.0343	99.6926
73.2468	25.4657	1768.8756
59.3730	54.8604	1084.7012
38.4743	48.7568	608.3142
67.4507	41.7095	15.1027
64.2331	71.7833	200.5501
1.8877	6.7479	1211.0178
75.4859	47.2320	992.4916
51.7940	61.6417	2670.3225
67.9498	76.0423	2181.9865
22.1447	43.1204	671.6499
44.5083	1.5578	592.1883
26.4793	3.2988	223.7112
18.5870	41.0373	2573.6106
4.1393	48.8269	1781.2541
68.1049	58.2853	1797.6094
40.8457	38.7661	1228.9496
12.8033	69.2076	1699.0149
64.2795	35.5808	1568.5005
3.1537	69.8848	2713.8830
14.1221	52.4266	1751.6445
2.1349	39.4913	1513.5602
33.3817	64.3353	857.2775
41.2018	40.5103	1374.1991
41.7664	69.0601	2021.2700
3.5170	10.4291	2676.7499
70.7017	62.6407	286.3685
72.6525	18.8497	2784.0884
27.0159	37.5650	1312.1719
51.9443	27.8805	401.6103
33.0120	56.5821	2595.7299
67.8370	76.1551	2063.2022
31.1606	6.4881	974.0413
60.9787	70.4315	2404.6443
53.1775	5.6802	297.8912
73.6378	4.2482	1960.2478
37.7555	50.1764	1265.5920
47.8195	56.5152	2161.1977
39.2798	34.1739	1728.0088
2.3439	26.2392	1491.0188
42.2423	18.2520	547.1504
3.9839	0.0416	1828.2684
27.6514	36.6893	1749.2493
44.2893	60.3606	2393.0313
71.0300	0.1235	253.5597
6.4318	34.4697	787.1508
29.0612	27.7138	1148.0958
2.2546	55.3854	1754.9652
55.0035	21.5257	2746.0628
10.6003	20.9308	1063.8177
15.5418	34.4722	460.4719
61.0978	61.2927	1949.6213
66.2984	68.5862	95.1795
0.9285	46.4102	2765.1672
5.4661	31.9996	1323.6015
68.9065	62.9064	96.3117
35.1417	30.5656	1163.0168
35.2008	36.0400	573.0043
34.2067	27.0152	1427.5497
25.9486	43.5956	1087.6706
31.4118	55.2849	1902.8305
24.2725	75.1578	1461.1741
42.8348	9.9445	594.9852
70.6110	26.9580	1939.7865
46.2085	52.3072	1282.7077
75.6227	38.8573	1057.2382
67.7135	47.4136	1956.2528
60.4434	18.4015	1465.7724
25.5271	12.4326	810.4560
59.2675	0.2114	1323.5660
18.3112	53.4715	417.1924
75.1529	38.6564	1048.4320
15.3633	22.1046	1437.2829
39.5109	30.5962	252.0576
39.6793	36.2328	1656.6188
44.6611	29.5297	803.8205
24.3854	31.1171	2564.5371
57.8056	41.7592	880.4159
49.2777	28.0368	345.2087
66.1868	35.8428	572.8100
70.1388	44.5281	1596.9367
12.3942	47.4754	1702.0035
54.4126	73.9150	1534.2871
46.7630	11.3363	2711.1336
53.3951	16.9732	655.0713
36.3361	6.9708	1887.3772
74.5191	63.7354	2502.5282
62.4609	29.8658	2141.9273
76.9954	51.4868	2747.2450
31.6185	24.4247	1951.8286
35.2559	66.1901	2645.3487
0.1377	46.8405	1610.6918
6.1632	29.5138	255.3073
28.4295	34.0888	1480.9293
35.0145	76.4477	1659.6009
75.0274	64.7853	69.5713
73.3067	36.8283	87.2951
71.5981	18.4678	1166.2751
20.5842	17.4438	1067.0330
30.7506	13.4794	778.7897
34.0986	52.1496	661.3648
72.5502	36.2985	233.8437
49.5721	16.0265	2641.7355
11.7102	31.3689	781.5391
10.9772	14.9672	2713.3999
76.5422	45.2682	86.7187
60.0638	75.0379	910.2108
16.8318	39.2441	524.7568
57.7551	76.5252	1801.3008
36.4372	39.3697	1409.3689
24.4921	73.3269	1079.4738
5.8621	57.7882	1588.5367
7.8776	38.3639	696.5823
17.0145	11.9938	543.9691
11.9459	2.1711	2430.7081
33.5466	20.5538	1494.1065
43.8942	71.2725	2669.3224
30.0339	37.8763	1411.4609
71.0927	38.9340	2197.4140
16.5673	60.7317	2722.3113
14.1414	51.3555	2663.6329
23.0249	24.4859	602.9922
15.2875	20.3728	230.2602
71.2534	9.7179	1916.6440
8.1912	42.3132	1256.3810
14.4826	3.8345	266.2261
28.5760	14.2027	72.1915
51.0371	45.6133	2061.4707
42.7855	44.0677	639.1653
66.8756	70.3587	1367.9445
27.3633	65.4224	1449.1136
32.6755	6.6373	2005.0976
57.6879	7.9044	180.9051
2.3469	27.6328	670.8854
1.5315	54.1982	1986.7384
60.8933	28.7270	1970.7697
17.4632	22.8117	1766.2168
46.1286	4.0996	2705.0984
69.8995	52.3273	346.7458
9.9747	55.0359	1844.8000
71.2705	75.5410	557.8460
25.4991	6.6873	2410.5115
39.2591	40.7573	1318.6494
68.2904	56.8057	523.0894
65.4160	70.4905	281.8286
64.7312	39.1052	526.4143
12.8762	73.1413	680.6882
72.8758	7.7511	1214.8601
35.1046	3.0823	1180.4140
48.8899	69.7380	1163.6099
67.5040	0.3168	524.4142
58.6468	71.0722	633.4053
14.8162	26.9492	570.1339
1.2128	19.5690	1947.6496
3.2440	12.5491	523.8977
10.0223	2.3653	1132.8031
76.1946	28.4541	1153.9867
12.6741	31.4263	297.7116
76.9829	7.5677	87.4272
53.4671	0.5606	1288.5007
39.5708	39.2586	2441.9298
30.8386	3.1857	2605.2582
4.6094	28.8689	1036.0163
32.6834	12.4392	1870.9796
75.5428	47.1708	2193.1963
58.7848	17.3680	1010.5918
8.7683	17.1938	926.7767
68.1071	48.7896	1861.9076
44.2750	41.5092	2025.0673
65.2006	75.4112	2343.6907
59.0970	7.7174	1547.1411
16.4248	16.1205	340.9659
10.9975	12.9750	880.3320
1.1608	46.6891	260.7001
7.5201	6.5496	2747.4315
11.1613	15.6245	684.8641
27.9971	35.4831	2185.5007
52.9726	3.1952	752.1584
26.2228	60.0533	466.8003
44.6936	40.4954	1729.3390
45.0606	2.6484	1120.4049
20.4156	67.0548	444.1770
55.6461	23.7866	1751.2112
58.8016	46.2094	1311.1428
1.0110	64.8362	766.9168
40.2720	74.3829	623.4914
67.4397	71.7795	1353.8306
32.5313	54.8679	612.3663
6.5735	65.9621	1954.9473
26.6474	43.5219	2134.6478
68.1965	15.9000	2538.0733
41.8317	14.6148	985.1716
45.5151	43.0019	1767.8255
18.2505	62.4312	1534.0667
75.1475	36.3782	977.1058
19.4946	21.7877	1195.1830
46.9590	70.6624	2375.5256
37.1394	11.0172	2700.0906
64.6445	31.1707	2358.6819
27.8553	16.1126	679.9720
43.7957	62.1179	2155.1633
19.6655	7.0569	1082.9380
63.5188	6.6018	247.7279
9.2205	57.9562	1035.5800
52.7536	4.0711	499.4435
64.1606	6.1295	230.6157
27.2271	18.1094	398.6595
0.4825	17.7542	1656.7559
30.6993	64.9681	495.7937
3.8202	10.8996	2502.5710
71.7173	38.2501	251.9743
3.4675	5.5438	2709.3176
5.5764	55.1393	1452.7827
39.4997	49.2878	2462.9358
11.3363	47.9813	598.3511
36.1700	49.7300	2112.9006
33.2836	6.4693	1673.2525
27.8419	43.8330	2092.9095
57.2738	76.0182	802.9569
43.3111	28.9716	131.1703
41.1751	32.5810	1769.2491
24.6235	19.9392	1086.7540
29.9510	51.3920	1161.6235
8.5436	60.2633	1194.5533
37.0978	4.6292	847.6032
30.1646	26.9267	2739.1465
76.3935	39.7038	1101.6261
24.5969	3.6654	827.6083
56.3072	41.5116	911.8738
40.3213	30.3291	2573.8516
43.8571	43.1397	1355.0355
2.2103	5.3212	1348.9463
77.0994	4.0174	2457.9650
1.5032	48.0595	281.4494
24.6651	63.5133	946.1357
3.3229	65.0324	1318.4842
60.1007	18.7327	2663.8139
7.8176	25.7214	1642.5931
20.5815	45.0526	1232.7394
26.1066	45.5502	2024.1874
26.1498	28.0625	413.9838
10.2827	35.6401	805.1522
61.2689	56.5852	74.1945
7.1614	37.3793	1751.6716
17.9113	71.9157	1200.3152
14.2695	17.7049	1594.2213
8.7679	46.0480	2705.6374
57.2250	68.9247	1398.5655
73.0677	44.3497	492.3221
18.9701	2.9029	2729.2434
21.0986	42.9184	1850.4066
68.4253	40.2749	2736.7313
51.6134	62.4531	403.0774
3.7493	69.4846	1449.2773
39.9483	43.1478	768.1690
17.5343	1.9634	1929.3999
51.2111	15.1990	473.4672
57.5915	74.4409	2708.7987
26.1292	44.6868	849.9518
5.3509	75.3748	2385.7613
63.7711	9.7688	1184.7912
66.4733	66.4747	517.9004
0.3403	0.8405	2271.7869
66.5587	0.5952	1355.0756
28.2538	69.9019	2238.6018
35.6521	12.1484	311.7189
73.1688	4.9761	622.2405
8.5553	43.1373	2135.6237
44.7406	76.4492	512.1691
5.9836	31.7222	1339.4444
35.5898	53.9422	2322.4719
68.4212	65.0103	1329.8209
71.3981	50.1130	201.7647
72.9626	28.4956	1654.7408
12.9326	55.3889	2003.0095
69.6150	24.2509	1280.8221
21.6938	26.5814	2161.3217
61.2556	48.8534	1981.8633
26.0749	72.3486	2181.6080
11.0228	53.6461	2128.5758
65.1192	44.7118	63.3154
57.1705	16.1558	80.6809
0.6406	15.1691	1644.1943
4.0132	47.2496	1775.3168
33.5275	15.4272	119.0787
49.4440	64.8516	201.3862
21.2091	10.0182	2718.4095
45.9844	34.6766	752.1493
33.3097	55.6407	477.8944
74.9667	40.6545	474.7037
77.1432	13.6488	975.0361
5.3577	9.8347	272.3546
10.5618	4.9274	948.4745
63.4326	2.2132	1725.3371
58.6200	51.3423	2350.7301
23.6073	67.5199	814.0465
6.8412	53.8166	228.4123
30.2839	55.1765	262.4147
51.2040	21.9568	453.0269
25.6605	60.7763	1348.5049
54.2783	61.3072	696.2690
75.7077	12.4349	1247.9857
8.3137	0.6779	1360.3770
14.6727	63.7279	2551.0651
25.7820	38.7415	1534.5044
66.7585	33.3524	230.7453
46.3620	15.0687	1267.0273
38.4336	50.7681	419.2941
6.9630	42.2174	2670.4099
70.3759	10.0134	257.8277
8.8584	40.7077	913.3289
70.4867	68.0322	2280.1328
13.2242	12.3314	266.4521
5.1161	72.1006	1999.5186
62.2294	51.3256	449.2194
44.5559	4.8067	32.7067
35.0305	34.7589	767.0885
18.6174	68.4850	382.3617
73.8481	57.6076	1061.5207
38.8470	4.8250	927.6296
10.9908	49.5921	163.9987
14.8349	2.2136	374.2858
4.1828	17.0165	1749.2033
53.4583	45.2049	2208.9894
14.3580	76.1438	1443.0861
49.1515	38.1482	1230.1286
49.6986	19.7582	340.0942
0.2319	60.0098	1907.5064
6.2600	76.5094	1986.0104
18.4871	63.4334	2690.1174
42.8439	46.1154	1504.7286
58.7979	1.6812	2195.2849
71.1438	58.3516	170.5371
24.9305	28.4112	737.3455
50.4631	20.4340	1807.3432
16.3855	22.9119	2543.6352
74.2109	47.2636	1256.0102
74.6732	33.5218	881.1891
72.6737	27.4912	124.2185
27.6480	48.5164	434.6535
0.0880	18.2998	158.0614
43.9300	46.4904	2133.1269
26.5139	62.2659	1326.3380
77.1631	71.6059	317.8683
4.9065	3.5210	62.3542
0.0304	57.4771	1905.5521
48.5325	47.1511	2156.5606
39.3816	23.3051	571.0431
20.0960	39.6746	956.2170
41.5441	60.7727	2105.3499
25.3528	8.3683	1392.1998
42.7048	66.1420	1079.2529
13.3113	11.8214	1927.4696
33.5173	66.5437	1847.4340
72.6645	15.1630	1511.0984
46.8814	38.7384	891.2845
16.2415	37.6943	2172.4239
51.2744	77.1550	839.6521
71.9088	44.8296	1973.8672
26.6928	44.9138	1950.8507
36.8403	48.9911	2197.5313
2.2867	71.3861	964.5755
26.8119	37.8794	1601.3469
6.6358	68.8420	662.2947
38.4933	15.2461	1589.8636
14.9787	2.5261	245.1448
52.5108	68.1801	2610.4521
71.9682	57.7379	255.9586
26.3523	0.4526	1023.6934
20.3848	4.6622	241.8038
61.3267	44.1399	2046.8253
45.1724	47.0229	1577.6971
14.7889	75.1393	223.8538
52.5831	32.6378	2246.1610
36.5203	11.5705	855.0024
27.3552	9.5344	1502.4372
42.5552	47.2255	483.7143
50.3205	55.0917	1363.7255
13.4892	36.1722	1130.4870
66.6553	42.3009	2017.6864
60.7591	5.7209	7.0474
29.1772	28.8361	1232.0789
30.4122	63.2749	1730.7586
5.8349	50.8009	1322.5015
65.3790	6.9679	637.9894
47.5346	20.9616	2101.1442
27.6452	15.8358	1595.3535
43.6893	72.2229	1996.7996
39.5283	58.7492	2578.6055
8.0294	0.6907	1830.9567
43.7547	62.9846	827.0420
49.6437	42.7914	1457.8080
26.7296	1.5379	740.9765
54.0749	15.6710	206.2476
56.9378	75.7836	938.9197
60.8310	53.4701	544.7720
74.4742	76.2237	676.0031
48.5835	7.2594	244.6822
3.3427	45.3495	728.7113
43.9179	57.3010	2762.6944
55.6468	28.8024	1956.6646
74.1962	67.3976	2033.5545
50.5464	19.4139	1712.2205
60.2079	6.3265	618.1557
55.7689	46.4110	160.2701
10.0561	44.0101	568.3307
74.5316	27.1468	2545.8809
10.7782	61.8329	2434.7376
36.9917	48.9382	2221.1148
2.8526	15.1828	2107.9044
66.4349	2.2739	1295.4907
58.3446	20.5847	1915.3645
56.2806	66.0775	2625.7091
5.5790	15.4805	2043.8844
45.2522	69.6410	2013.0171
63.3899	28.7291	1915.7884
15.9146	12.3506	96.0309
74.5744	72.5720	379.4819
44.6769	57.3298	524.4941
16.0549	8.6573	1056.0383
69.1836	19.4689	2337.9539
11.7933	16.8014	2489.2325
53.9879	36.4457	634.2668
38.5669	76.8246	1206.7441
59.7513	49.2265	1212.1329
57.3484	45.2511	1870.6880
65.7454	36.0380	124.8408
68.7889	37.0825	541.0279
55.0920	7.1282	2788.7395
39.7756	49.4397	818.4034
65.2585	56.8754	2454.0642
23.3596	8.6900	405.8602
53.2723	24.1301	2634.3167
20.0276	71.7888	511.8979
74.9565	23.9263	338.4519
68.4331	47.6394	1635.9615
26.5074	10.1456	1133.0784
48.6192	72.5113	612.0735
20.5255	76.0374	1830.7270
49.1229	75.9915	1260.7044
31.3442	46.9846	2245.9953
13.8197	47.1330	1730.5284
43.6609	62.8324	2041.6327
56.8897	59.0597	363.4185
77.1856	16.3041	932.7319
46.7250	23.6281	1335.1378
74.4051	64.5696	458.7302
63.8295	50.2616	2458.2010
5.6357	69.2583	1497.8574
33.2375	28.9871	778.7601
2.7428	12.7630	970.7348
66.1704	53.4608	1926.8682
29.9129	15.4099	719.4619
73.4080	64.9412	2614.8120
4.1030	37.0780	411.8803
52.6766	60.4316	1988.9460
62.2949	63.8403	660.6497
21.8480	65.2602	1062.3756
30.8807	15.4026	1973.1009
11.9709	6.9013	2237.4205
56.5949	6.8581	728.9039
60.9367	32.6332	1296.8204
29.4852	14.9904	1691.3314
21.4010	6.7654	2382.4431
73.0904	64.2707	2574.4888
62.2248	74.7484	2668.6684
19.9831	38.8250	1568.1170
70.8291	19.2682	2093.4160
20.6388	19.7184	742.7933
35.7821	42.5220	781.7524
13.8199	45.1066	1242.9814
45.7135	20.9884	1900.4127
40.8892	67.5499	1423.2562
0.0485	11.9896	115.0124
37.8897	17.3867	1457.5104
70.6799	75.9107	1633.5818
46.4041	56.3247	1573.1004
60.7458	30.0942	2179.6934
53.2399	27.5569	44.6864
37.8725	35.7515	1261.9121
37.7479	69.9455	2805.4110
9.8651	51.4968	1431.7088
52.2499	70.9184	1547.3185
7.2428	25.4290	1723.7383
37.3876	43.5370	1371.9179
3.1039	16.1406	2344.2845
34.7283	66.5082	1398.4134
52.0347	49.0868	909.9385
52.5164	9.6263	1093.0346
32.5499	32.2696	488.1882
16.7112	43.4710	977.2871
41.1435	46.1057	795.1100
56.0801	6.8308	1789.0506
63.2652	74.5685	1326.1995
4.1568	29.6199	416.2450
5.9794	26.9815	2791.8540
0.5093	59.8054	995.1856
21.1834	69.7930	1955.4015
42.0293	69.0353	2617.6576
8.5470	28.2129	150.4403
7.4583	0.2009	2016.1734
13.5074	57.5179	1935.3680
38.2293	36.7937	1345.5948
47.5463	33.8375	1292.3229
52.8825	47.4694	2118.3391
25.6456	34.7226	1589.6546
9.8583	60.6260	2328.0053
32.1315	59.7673	2382.2113
30.2435	9.6032	2493.4605
74.1511	57.1264	2683.4479
5.8118	61.5314	1394.2552
70.4625	28.6481	1914.0259
23.8156	4.0797	1603.6340
20.0900	1.6873	30.5980
18.3972	11.3498	282.7792
5.4596	66.9478	2357.2006
25.5077	18.9746	89.5872
39.1854	60.9658	1806.0928
58.9943	7.1604	354.2498
26.5322	46.7692	348.8936
8.0816	29.0256	1491.5540
76.2710	65.4069	1850.7843
24.3023	64.0100	983.3611
2.6020	60.0099	357.5051
54.8433	6.9169	2218.7522
50.6280	28.6169	355.2014
10.6269	3.1404	1809.5182
23.8681	11.1645	931.9211
35.0168	10.8251	728.1030
38.3442	33.0414	962.6183
52.5747	41.9884	2123.6373
66.7050	50.4091	1770.1347
62.6551	53.4032	382.8044
64.8904	41.8460	988.6115
58.3636	13.5699	692.0471
69.0004	75.2942	146.0349
8.4309	5.3228	2105.5821
8.1591	3.6875	1906.0579
28.3126	73.3737	1497.6238
37.5671	68.9373	2610.9615
74.8212	20.1851	1486.6681
22.0820	43.0115	1716.2249
24.0763	15.0895	689.7281
9.5666	16.8109	216.9450
36.6430	32.2475	2192.9175
8.7103	53.5652	964.2393
18.1559	74.2464	2712.4830
13.8656	59.8089	719.9698
28.1347	25.2085	2181.4697
4.6521	22.9615	618.8515
30.9722	3.8201	2564.0172
54.0660	0.7109	1688.2374
52.7812	53.9420	465.3168
30.7466	65.9222	550.2694
66.2567	18.6155	711.9660
10.8537	6.1120	2665.4544
3.5118	72.7937	662.2104
76.5482	8.1688	1564.5478
4.7029	15.0166	1475.4862
34.2531	23.6072	2209.5213
23.7013	70.6653	772.6280
1.7644	23.0498	383.1350
37.9737	16.3915	1896.1236
31.8087	6.9966	656.5973
51.7570	70.2976	1487.3078
45.3850	0.2726	2703.2620
6.6874	70.3349	1619.6064
24.4128	10.3272	2383.3446
19.1904	57.1155	1344.4424
27.5944	9.1709	1360.5989
62.5802	29.1556	2783.4589
49.2834	56.1282	1397.4035
49.3901	12.4364	2215.1350
56.7708	54.4038	1741.7892
20.7400	42.4700	571.9925
70.7052	41.9936	156.9879
38.6797	64.1407	625.1807
5.7679	29.0960	330.6367
43.0694	14.8849	850.9762
58.7519	19.5263	861.1079
10.3671	40.1556	1459.3926
35.8006	53.3320	2044.2720
18.9636	21.1127	565.4145
61.4265	30.2582	2276.9967
48.6570	10.2843	1075.4955
70.1101	27.6577	1755.3867
52.8836	6.5495	949.7424
28.4930	32.2952	2264.1404
20.8175	38.3480	2213.2121
27.4440	59.4048	2554.0208
45.7393	16.2370	2337.8927
46.5020	15.8194	569.2601
18.9553	68.2576	922.9921
3.3812	70.8863	634.6832
38.9243	50.1359	1087.6761
26.5567	71.9656	677.1740
32.1927	32.6359	966.5512
26.6180	7.7893	1925.8626
54.4023	75.7104	323.0166
2.8690	9.2940	1248.4917
73.7460	35.7494	2812.5295
10.3948	12.2151	2069.6098
47.1337	9.5258	1189.6956
30.2271	29.6246	1760.4388
13.8398	1.4657	2454.0532
64.8451	40.3195	922.2477
53.7808	70.1863	614.3529
54.6787	7.2661	2751.2378
4.9732	32.6288	2494.7643
17.8027	75.7319	231.5473
5.6769	36.3524	76.9040
73.4823	17.4604	2297.1580
24.2390	47.1307	1963.8378
15.2135	13.8926	2041.4627
19.1490	3.8154	2680.8585
75.5885	75.6483	2504.7109
56.9186	74.1060	1254.2173
3.2985	14.2073	205.4658
25.8452	53.1104	2368.0154
9.5156	14.7805	2603.6779
53.4703	34.1599	2561.0894
62.2777	36.2978	580.3334
70.2104	34.4331	2362.6804
75.0016	9.7404	1815.4641
43.1720	65.6600	1832.9275
48.0694	29.1476	2732.0594
6.3545	26.5051	1736.2252
17.8790	54.5517	348.8628
31.7117	21.2582	1426.5448
10.9054	12.2603	1594.2334
13.4193	18.4928	581.0907
7.3546	33.7809	865.6317
28.7182	27.9448	373.4864
59.3254	22.7488	565.0807
28.9459	6.7578	1696.9382
32.2263	35.4660	2412.2360
44.8559	76.0849	530.2998
42.8597	6.2270	924.6048
15.2494	30.7146	465.7466
41.5273	24.9539	947.5072
29.0852	35.0133	936.4778
34.8160	29.9520	1708.1734
1.7372	68.4958	1800.7591
29.2786	64.0260	381.8298
20.9540	74.7282	2387.7013
2.1106	46.1312	2211.0000
11.2491	33.9910	2114.3517
62.8013	29.1109	1519.3868
75.2737	72.3841	356.4728
9.3656	18.6763	541.6938
38.6462	37.0698	1227.0390
27.0073	28.8233	212.2416
75.9032	16.0631	2634.1961
62.0032	60.1533	1701.1011
56.8753	46.3409	764.0514
38.5354	56.1444	2227.2835
13.7352	4.4812	405.8948
16.1731	76.2488	922.6423
26.3990	20.4878	1081.3031
71.0880	28.8929	1113.3297
1.9339	43.2443	2288.6391
20.6172	0.5681	805.6768
34.5965	10.1754	2640.5614
28.2405	34.8653	906.1016
48.1719	39.5746	1424.5621
28.5601	12.7945	1339.7091
4.3225	50.6274	396.7900
25.2587	23.9119	1082.1278
25.8682	2.8854	1996.9062
17.4737	48.1144	2638.3367
34.2776	29.1683	40.5761
10.7334	70.0842	2165.4105
5.0318	18.1146	2188.8466
14.0323	6.4571	1430.5558
35.6537	74.6232	633.3954
28.2961	43.8813	1764.3699
33.4247	55.4375	190.9264
58.5994	17.3826	2180.6132
6.4846	11.4500	2356.8273
23.5712	2.1605	1698.2082
54.1703	4.4490	1015.0372
39.5794	12.2507	567.6241
13.1911	35.4174	399.9874
27.4760	6.7023	486.7921
11.2020	37.9195	313.6840
65.4728	45.3719	2307.0669
27.4503	11.3309	2514.5547
7.5497	35.6104	1066.0696
33.0517	17.2902	441.2612
35.3495	5.1899	1111.5764
41.1031	15.9169	1160.0785
14.1645	47.0892	2422.5911
1.6669	49.9196	2707.0841
52.8672	2.8507	368.4669
17.7356	25.5276	639.3514
8.6383	48.2984	55.8394
49.5554	19.2781	1792.5396
73.9232	67.8322	2464.2739
59.6812	21.3320	1733.4652
63.8464	64.6606	1869.3142
12.6804	71.2523	2102.2403
3.9819	27.3500	11.5196
4.7470	5.1081	1280.6249
63.3649	54.2902	2706.3661
39.0359	21.2745	2710.7164
26.2384	32.2630	2428.3762
33.7934	54.2326	2544.3604
26.7577	2.1147	384.1734
52.9099	59.1425	1728.8171
68.0091	53.3448	1786.5449
36.5821	32.8835	1308.8552
75.0655	65.3440	2032.7484
24.3932	18.6686	440.3913
6.3239	15.3017	1273.6000
22.7136	3.5305	529.9468
39.5942	29.6272	208.9037
47.0010	53.7328	1966.5709
41.9003	64.8793	765.1339
5.3266	42.8600	2500.3850
0.3026	13.4276	58.0963
35.9439	76.5845	706.0815
54.1773	14.0301	129.4790
55.3913	20.5303	1879.0220
55.3091	32.3644	1254.5353
26.9128	14.3866	1390.5062
75.0139	65.0294	817.4570
14.7515	23.6566	2357.6180
73.5673	16.6757	1009.9450
29.0940	32.3645	2332.8239
51.0447	42.3815	2227.8879
67.7098	14.5127	1142.7902
8.4166	37.6890	1354.5169
25.5834	8.9784	2450.1380
73.4013	20.8568	2765.5161
46.4447	13.6089	174.0647
40.0151	59.3136	863.4268
48.3146	36.3260	786.6734
67.3606	71.2579	303.0075
71.5554	68.4700	2769.6673
36.5758	1.7138	393.5536
3.5564	9.0348	1332.6487
19.7597	13.4076	1438.9524
66.5289	75.5856	2545.7539
69.4943	21.4590	2402.5388
31.8269	48.4673	1813.6421
64.5410	7.1228	574.5330
20.7764	10.7371	2260.4296
39.5565	17.2084	2326.5509
25.9301	63.6702	886.5861
30.4556	66.8638	2802.9700
67.2325	16.8157	334.9745
33.1157	21.0150	1079.4326
69.7667	62.3553	2308.0867
29.2257	32.6453	70.8321
26.1162	41.1329	444.2256
3.4983	37.4401	1426.6726
24.2613	35.7184	1739.1916
9.6376	14.7218	2455.7246
9.1926	11.2768	394.6933
13.1747	36.6654	2017.9715
63.0347	6.8999	741.1351
37.8531	12.8862	572.0058
68.9884	31.0878	1296.4950
1.8424	68.6575	2433.5114
2.2039	20.4629	532.3919
21.3433	7.7826	916.0965
41.7710	36.6764	244.8820
10.5366	16.6967	2507.9091
4.2405	19.7117	540.5831
60.2374	32.1288	227.2948
58.7276	67.5874	1045.8344
63.8364	3.3528	2351.2523
52.3130	45.0010	650.3087
16.1033	9.7586	2039.4524
45.0784	61.1589	1254.6402
12.4497	26.8196	79.5675
23.6518	0.0511	198.7927
50.4676	72.0405	413.4417
72.1429	7.0494	624.2169
12.0248	56.8998	1302.0112
70.5532	52.4047	2769.9239
16.7180	6.2071	1884.9712
12.2566	58.5658	155.0789
55.5195	49.4383	962.0832
25.1077	67.1661	1434.5808
55.9622	34.3673	1522.1697
28.4447	73.5391	683.5871
19.2722	1.3193	1896.8989
61.7430	2.1420	1447.0742
51.2935	38.0995	1834.1461
50.7882	48.8414	1462.5440
67.0716	8.1919	2661.0730
53.1960	76.3879	696.0574
50.3573	34.9811	2691.6941
71.8838	50.8995	188.4583
37.0648	7.9541	1625.0861
25.7323	12.1763	1805.0809
20.5466	40.9732	1166.0835
3.4815	30.5593	582.5534
57.3089	63.2639	154.9558
52.7034	66.2826	1567.7851
76.3872	55.2120	2525.1816
68.9937	64.9480	1278.8984
18.5082	51.4444	1036.6587
0.0752	51.1116	229.3923
66.5964	1.8150	1634.9618
33.4787	58.2015	1559.5625
54.8762	63.0063	2090.1782
61.2209	18.5822	2286.7513
64.4898	27.2390	1519.9847
50.0011	1.0890	2348.3726
14.6964	14.5724	432.0008
68.2933	25.1525	248.4643
41.1198	9.4773	2663.2394
74.8242	11.5725	33.2368
34.3712	47.7812	2026.0372
59.5421	0.5928	1308.6754
74.2178	2.5393	2347.1846
26.5415	31.5908	664.6954
31.5423	40.8340	1788.0922
23.4413	13.6042	723.3879
40.2900	10.2342	1997.2738
51.7945	48.4972	210.8000
52.6009	76.8292	2202.6970
58.3341	12.9225	1799.9300
36.8217	8.1186	1802.9900
55.0873	0.6960	933.9380
10.7742	24.0191	2501.7621
66.5632	6.9090	1513.8619
8.3107	67.9276	2709.0671
23.1002	27.8711	544.3232
30.9219	60.5164	2134.6699
44.5213	26.6253	111.8514
15.5181	5.0935	1347.2469
16.0093	18.8234	426.1255
61.1167	48.3711	877.7562
57.8179	52.3045	2691.5667
38.7248	0.4256	1266.6622
46.7398	37.2594	1233.3289
75.1307	47.9212	2317.3856
22.8275	50.7919	2304.8524
2.2787	48.9450	736.9804
48.1307	20.0455	743.3389
73.3943	52.0818	1559.4738
74.5017	68.0026	527.6684
50.2469	34.2368	2732.8403
53.6795	76.6738	1740.8127
43.1614	23.9234	780.1764
38.0048	61.9800	545.0455
12.5888	39.5657	2085.3915
54.9994	48.3008	2124.8689
1.9008	19.1209	2557.3965
29.1101	63.4195	344.4572
57.0908	69.7110	906.6402
22.7627	70.5678	2658.7943
27.9116	9.0124	2130.1593
31.2102	70.8502	2508.4794
51.4227	45.5671	2009.9932
66.6801	0.0697	1382.2292
43.1597	48.9336	373.7483
13.3448	9.0952	237.5982
72.4345	6.1655	2509.7697
7.5367	59.0684	756.7083
66.1213	64.1397	1005.2867
75.3857	38.9507	2418.3683
50.1630	37.8776	648.3097
48.4280	9.8923	2674.9898
58.4655	59.1411	1976.2456
71.2794	30.9391	650.2836
37.9484	47.4999	2176.3982
40.9502	46.6390	1370.8723
64.6107	2.0852	1894.3652
31.6232	16.7899	136.0433
18.6968	60.3769	1336.0825
33.1439	6.0639	1778.3516
41.9466	65.8420	2610.7187
21.0891	16.7814	2333.1906
35.2260	26.7388	630.9271
31.7405	38.8642	1599.7256
26.0219	66.5085	1881.7162
1.8075	43.1871	2016.4364
45.7843	60.3771	656.9678
44.3143	8.8888	2151.3974
20.1324	29.7269	2577.5210
18.7526	9.7074	2132.1262
64.3287	36.3913	2208.7076
9.6976	21.8605	1681.2011
27.0190	6.5220	1346.4055
22.6688	46.4243	2787.3551
54.7966	31.4865	178.7335
14.2231	52.6377	116.4938
62.3538	76.9545	1849.5436
46.1542	67.0022	1932.4212
27.2040	33.4230	2360.4056
42.2018	55.2592	1645.3632
37.9752	54.2997	1988.0777
5.3467	42.4705	2513.4958
26.8353	45.8337	1649.4056
57.1513	74.4242	2697.4669
54.7268	28.1998	382.6140
9.4812	42.2630	47.4990
15.4774	33.9555	245.5227
60.4299	12.3820	1325.6832
47.7684	15.3314	1434.8641
74.7993	60.2941	996.5616
63.5620	72.8059	1846.5565
26.1961	23.5751	2153.9572
6.2437	3.8009	2413.0025
65.3057	70.6060	1899.7666
23.2452	43.2536	742.0202
51.2794	11.4386	1816.6097
18.5483	32.1810	1928.8751
33.2655	76.7210	31.6348
44.2198	18.6336	2338.8142
68.4353	63.8152	1412.9692
0.3564	28.7867	1659.3658
28.3862	74.5749	1637.4100
17.0888	66.9190	2268.6590
65.4901	51.5369	2112.6634
33.5480	57.2080	2498.7218
47.1461	71.5945	1389.2890
52.3026	76.5457	1206.2209
59.6388	0.0622	2152.4787
14.1457	68.9426	2105.2620
39.4583	61.5430	390.0387
65.2487	68.5695	822.7807
14.4455	0.8472	2365.3385
43.2557	42.5953	2176.1197
32.0881	19.8159	2087.6694
50.1853	23.7843	473.5932
7.8745	54.7543	422.5687
39.1534	71.4458	1215.1947
42.3937	1.4840	2636.6833
72.6424	48.9623	2065.6118
59.9666	16.2457	1812.2107
45.7031	21.4460	1119.5209
71.6560	69.4968	2322.6063
60.2916	58.9289	2647.6005
74.2957	32.4797	1447.0256
0.1757	14.9369	1347.0466
47.4884	26.7026	102.8994
40.5961	16.2824	2790.0898
39.6152	58.0381	2177.8891
40.3074	4.4774	1128.9864
8.0057	46.0098	1785.1505
61.8301	26.9908	1301.3357
51.6211	13.4505	1098.7971
14.0224	3.3027	1367.0194
49.8541	41.2701	1559.3298
73.6421	66.7459	496.8880
69.3283	11.0852	1866.0468
8.6982	5.6836	2755.3859
41.5939	10.1308	872.8117
35.1424	68.3011	2325.7138
38.7473	9.4583	798.2193
59.2723	32.4162	765.0845
59.8277	42.4640	2029.3400
61.3805	48.8085	2378.6950
67.6506	65.5060	1570.6421
66.9487	49.7813	892.7480
66.4206	41.4206	1566.0668
41.0690	19.3290	2296.4162
20.3624	8.0976	787.9881
50.1226	44.1867	1414.1499
30.0937	49.0226	2791.9230
15.0394	36.0527	222.5847
6.1613	44.0883	834.7325
2.7783	21.9682	2183.5777
67.7889	15.0206	2476.1475
74.6466	14.1625	2590.9815
29.1495	72.9599	451.1335
61.0199	75.4879	2104.0257
11.8111	43.4915	825.6113
54.7490	18.7723	2435.7217
0.9472	65.3404	1291.4797
59.0827	60.9190	1508.7511
14.6383	75.0585	13.9917
38.1858	40.3211	2366.2496
4.7013	16.9146	2781.3731
36.4023	73.7828	678.3613
7.5147	76.7960	1509.3780
36.2386	71.3433	2180.8554
3.3628	72.0290	817.1104
29.5095	61.9037	1737.9615
35.7341	69.1058	419.7793
48.5093	37.9134	1438.9554
63.5504	46.9079	1569.2532
62.2061	51.7434	11.5234
38.6365	44.4165	2378.4175
33.6723	32.1829	2717.4654
11.7204	3.5220	1399.3701
53.9254	74.6718	2412.6029
10.3391	11.2132	524.6099
17.8693	61.9833	386.9498
28.1792	14.6252	130.8088
16.7620	66.7905	686.5132
74.4988	75.6006	1591.2183
41.3029	61.8784	840.3102
14.5228	57.0167	2237.5405
73.3784	41.1490	2392.1158
22.7549	57.6297	847.8361
58.2767	69.4581	2346.3491
5.1770	41.9673	754.5199
6.7063	20.6645	1774.4829
20.8673	21.6139	462.0681
24.8191	50.1388	520.8855
70.2902	6.4381	2008.9965
19.6840	29.7213	1444.4901
19.8127	65.1036	823.8375
64.5713	69.3625	850.6843
5.0600	72.4464	2552.3917
73.8127	9.3628	1548.2440
0.3658	1.0311	1068.4398
40.6693	37.6913	1248.9835
11.2792	13.5250	2729.0080
55.3602	54.0002	454.9930
38.5192	32.4263	1066.5547
41.4429	59.1170	388.1485
13.1757	46.6435	285.9867
7.5493	1.3579	2498.2839
65.7735	32.1395	139.2756
41.5808	53.2665	1161.5251
19.1422	20.5531	413.0990
35.5569	54.3991	2385.4997
76.5935	5.3811	2639.6358
44.2925	64.7899	335.4269
17.6324	11.8204	1073.9317
34.6815	18.1101	2073.3143
20.5123	58.6369	442.5151
19.9825	27.4291	591.2394
63.6467	68.7767	2527.7779
70.0745	43.4044	1166.1677
44.1728	62.9059	1145.7779
50.7281	51.2326	2479.3145
29.7085	2.8155	171.6916
76.9948	72.8611	716.0728
42.2483	52.7254	2765.8708
4.9095	59.2671	270.7237
59.4614	27.7230	164.8111
26.0121	31.4531	2380.4858
59.1013	54.6785	267.6711
11.9726	53.1402	1026.3176
66.2816	53.7456	2644.8855
68.9153	25.6733	1268.4371
73.2411	71.3314	1046.1055
5.2910	32.4906	545.0342
19.0651	57.0014	1109.1590
73.8011	17.8787	1177.5148
13.0339	60.0949	1296.1891
57.3285	17.3129	1766.8320
40.0892	25.0153	2217.7288
16.2435	0.0094	2609.2819
49.1927	38.2444	968.3212
6.2328	30.7085	2528.5874
29.6137	28.6348	1075.5769
34.1518	35.2966	1938.3967
41.2012	42.5768	319.3556
53.6581	17.3842	1279.2359
12.4173	2.7570	1243.4527
52.7841	51.2745	1539.5179
60.1969	37.4773	680.1111
41.5960	14.6954	1727.7023
61.7708	42.8077	2299.2073
66.5983	75.6724	2425.9517
13.1359	53.9861	892.5508
33.6597	70.8206	576.4010
70.1007	63.0172	620.3221
45.0703	64.1891	2768.2740
29.6677	51.8148	1990.0766
74.9115	7.4977	1832.5430
61.9235	27.0618	1759.3627
72.5159	61.1544	549.9718
38.8232	43.4571	2509.8079
20.3650	19.6688	140.3571
24.5177	35.7484	1829.8624
49.9857	5.4092	96.8719
23.1697	62.6825	1478.3872
4.6521	14.6180	1304.5272
7.6978	32.0938	77.1231
38.8104	22.7642	358.4955
10.4505	50.3457	101.5070
53.5128	39.0184	153.9835
76.9361	39.7440	1506.1802
11.8886	11.0693	2697.3550
23.3975	3.2254	127.8970
18.8399	20.6612	2342.8301
45.6680	40.2044	2656.4520
50.5315	26.4447	2625.6131
10.8467	67.1192	1569.2288
17.4418	35.1286	289.2983
38.8497	62.9627	545.8395
63.0443	5.3552	105.8819
34.5623	30.5280	1123.1230
58.9250	16.4875	625.6001
53.2155	62.1110	1787.7543
23.5997	14.1190	707.0174
3.5054	25.9522	36.3214
0.4634	16.3071	2798.1737
2.5370	57.5010	233.1366
26.9851	51.6374	446.6999
22.3199	53.4444	2290.8449
29.5759	40.1585	1880.6588
6.1398	21.7069	1648.7517
3.5660	35.3249	2122.2932
26.0360	39.5285	828.1178
57.0206	47.4272	866.6209
17.3451	26.2920	386.2708
60.7391	63.4067	2027.7140
63.6892	75.6659	1387.5387
4.3815	1.7427	2260.5504
3.1883	23.8703	1493.2176
21.8906	42.5313	444.4431
24.3196	57.7458	102.6618
33.3884	24.0883	1486.2794
58.2565	65.5591	132.3767
75.2696	5.5657	2680.9276
71.4481	16.4742	548.6065
15.8046	68.9304	23.0641
18.7529	73.7099	2568.5557
2.9143	19.3944	163.2177
71.1567	65.7295	1848.0000
29.7784	54.3846	603.4622
28.6945	1.3800	1572.9611
19.5539	64.0001	2737.9989
26.3829	45.3857	1639.3175
2.1771	15.5933	2316.0100
71.9419	8.6000	1932.3624
35.9706	12.9462	671.1372
66.0640	45.5777	1282.3058
50.2258	24.5950	644.0184
47.6001	44.6053	1565.7270
7.4832	73.8378	333.5914
70.5546	9.1334	2708.4521
46.7933	17.9037	442.2319
44.7544	65.0085	1729.5425
20.5014	31.5341	1095.8090
21.2224	11.4450	2298.6491
48.1377	20.2485	2637.8671
34.1891	0.2301	1233.6359
50.6383	8.2971	328.1548
46.6616	34.9350	1308.1118
19.0661	14.3893	2355.0360
73.6822	34.6610	470.6559
42.6544	60.3479	43.7725
16.3783	2.8871	297.2366
15.2416	22.9758	2388.7032
65.3543	61.4066	1099.7909
28.4914	5.2843	1237.5496
34.9959	35.6187	1030.4503
6.5226	73.6304	2018.0889
40.0807	16.5365	1941.5929
33.4418	44.8807	524.3927
66.5558	59.1483	375.5388
69.9174	19.8290	1949.0380
44.4310	31.9637	1228.6551
34.9546	31.9852	1047.6619
46.2569	16.7613	2137.1520
32.8900	77.0920	421.5720
53.4289	8.2348	1131.2828
69.3809	51.9185	2641.8135
16.9277	15.1124	365.4490
3.8689	14.5820	1686.3712
35.9144	68.5626	1137.0119
7.4265	63.7356	1613.7289
32.4785	72.7258	2559.0213
72.1331	73.7245	2522.4090
58.6454	35.8322	2436.3702
75.3903	67.8963	1837.8841
56.9055	32.0390	2468.3521
29.8262	39.5416	2136.2696
73.5483	50.0176	1016.5121
45.2509	1.7443	2064.4878
57.3585	56.6698	571.6070
48.5926	68.1599	1970.4753
48.0499	45.0250	2740.4550
0.1999	55.4423	340.1740
73.9636	10.0436	203.5823
65.4288	35.7351	1718.7858
52.5497	12.4861	243.0904
72.6852	9.6567	1502.3641
0.0693	6.9985	113.9206
4.3164	64.0837	26.8242
22.9975	58.8967	133.4373
42.6113	20.7902	1935.5939
54.5701	31.3328	1432.2758
16.0127	57.1116	1775.2463
34.8551	40.2692	203.8045
18.7656	7.8897	1722.4667
47.7509	33.2137	2210.9837
61.1180	21.5772	205.7037
62.8689	67.4369	2627.7584
6.4061	33.0853	766.8767
16.9747	4.4317	2268.6314
9.8343	68.4141	2102.1602
66.4638	70.3076	826.2346
51.3782	14.0682	1063.1680
67.5767	28.7978	2519.8256
55.4912	72.8957	1453.7572
2.4668	13.1691	1254.5048
59.6711	10.8786	250.3232
58.6900	54.5568	956.1449
17.2980	0.1006	32.2754
54.9136	33.0936	2403.0304
61.2610	71.8242	1795.7218
11.6632	63.1025	2502.4738
48.1475	59.7432	2321.9567
69.4372	46.7446	1741.8106
24.0117	60.2351	61.6545
49.8554	41.5013	1299.5831
60.4659	14.7673	456.8993
49.4722	20.3377	1870.6723
32.4676	8.6195	1578.1416
31.0883	49.0870	2019.6034
25.5103	70.3307	754.0955
17.5644	26.8491	1680.6483
76.7447	3.1722	1209.6800
44.8942	15.3227	2324.8665
69.5530	4.7878	1114.3359
17.3521	6.9232	1449.8067
11.9079	41.1136	2703.4229
53.2318	14.0797	262.5977
73.2643	68.5867	2096.9316
18.9028	8.2474	1461.0118
7.8842	22.8562	2044.4483
9.0785	51.7964	1895.3433
71.1267	21.9087	1356.2917
1.1143	32.4710	1549.6087
27.1020	18.8205	327.0461
54.9596	42.8226	1078.7955
8.2101	13.5884	25.0481
40.5906	59.7815	178.7224
49.8369	64.1407	1557.4614
18.0293	56.4664	2649.7721
20.6448	0.3827	1147.2265
74.2601	70.4281	683.9732
16.5869	18.7887	139.6645
64.9298	62.3691	1808.2536
22.5600	19.0656	192.3073
57.6409	52.1889	1024.9096
48.2241	68.6691	2252.9491
66.6065	64.2841	1266.5503
19.2850	52.6315	1547.1334
60.1757	52.8040	2583.3534
57.4033	57.0394	394.6156
29.4126	63.4756	1792.6602
50.9176	19.3891	933.9127
29.8481	34.3018	2027.2213
73.4610	13.8388	2431.5667
60.9184	43.7542	2714.4452
45.8590	32.3635	2764.4667
17.5963	19.9538	1586.0225
65.2098	46.2041	272.6189
18.6794	36.2775	2439.1370
12.4873	51.1581	156.2082
7.1080	17.5620	101.3178
12.7491	67.1010	1400.6888
43.8697	17.4379	759.4369
56.4888	67.1320	1712.0030
33.6691	70.9116	1708.7724
53.1202	49.9624	2390.7170
67.3606	52.6345	2383.0765
16.0841	59.9047	74.4566
41.8355	10.8855	2211.5701
66.5157	43.6396	2804.7854
64.4248	9.8522	10.7430
43.1162	48.2447	1369.1145
39.1075	30.8742	1920.2329
75.5875	6.5850	2558.7270
47.8119	45.0716	2119.4456
29.6080	53.4640	415.5266
18.3600	12.2688	1677.4913
36.5560	17.7902	1160.2609
54.7974	51.9430	2576.1998
31.4550	63.8286	1866.0723
1.5021	53.6872	1310.7720
11.8964	2.6443	1128.8237
41.7020	77.1347	2343.0789
37.4254	58.0495	2203.6485
21.4289	17.6498	1254.3939
16.6429	62.8306	944.2255
5.2817	49.6405	566.0170
49.4110	74.5333	1980.2890
49.2956	69.9109	838.8937
41.5653	31.3467	1983.2901
62.5068	14.3009	1509.8026
74.8934	16.3675	653.1845
16.2384	57.1583	826.6701
76.1831	63.5761	1915.6265
65.7570	9.2482	1295.2359
49.7502	36.8617	1428.7127
62.5505	14.1928	2333.6233
47.2707	18.5614	524.9892
53.1669	24.2257	1225.8887
59.7374	22.2570	1583.2094
18.0762	35.0347	959.3804
60.1580	1.9330	733.8776
23.7070	19.2991	2570.8787
11.6757	14.2760	1038.3603
57.8886	33.3063	1271.9251
44.9663	5.4824	2007.0168
75.9792	69.8184	2526.5730
3.1499	21.1428	552.9866
41.2291	61.3391	2368.1848
18.2014	10.7690	1566.2586
23.6693	8.2715	1822.2405
76.0290	26.0587	15.0539
50.6652	17.5623	1924.8135
55.9648	73.1458	2738.3806
16.6834	64.7575	637.3186
6.3309	17.9418	2586.5866
40.3731	74.8563	600.7976
45.4422	7.1417	1674.9674
73.9626	3.8970	1451.1975
19.0132	53.2750	2298.1855
25.9590	51.2608	1608.2785
66.3647	72.0567	2547.3416
55.5441	11.7829	1647.0579
12.3518	11.0829	393.3181
74.6576	21.9728	1887.9221
62.5010	74.2511	753.4235
4.8704	45.7249	729.3426
67.5762	51.1978	454.0510
62.8101	61.4469	873.0916
59.9454	22.2104	306.4638
6.6543	57.9948	2230.3517
0.4377	10.7598	705.8747
52.7062	47.9964	1056.9980
54.6204	25.2437	1952.3701
73.7757	49.9911	2357.4489
3.2692	67.0549	1684.6085
4.9040	54.3704	300.8572
51.8509	51.6306	1386.6438
71.5519	7.8569	1447.0683
19.6998	43.8324	551.4780
0.5081	61.4963	1000.6789
37.3655	26.3773	996.7824
5.8421	51.0266	1590.9571
31.3515	74.9073	656.9641
51.4997	41.3485	416.1201
55.6790	39.7457	896.7077
70.3403	31.5469	1441.4364
41.6801	72.0849	2704.1257
75.0040	28.7379	1109.5010
43.2619	66.4790	593.8466
1.0060	22.4427	1990.2714
64.0901	42.4966	1323.4861
55.3835	72.9940	2311.6926
1.4515	7.4701	1393.0721
32.8930	74.7829	584.3992
27.9764	51.3093	97.5025
66.8359	11.4870	2477.1904
39.9670	71.4866	1911.5548
58.8972	56.2695	134.5713
0.2571	25.4229	2542.6189
22.1901	13.4021	1896.6804
11.0270	54.0980	798.2848
26.5287	62.7086	1661.2483
39.6747	34.2033	1035.5622
60.2472	63.6578	1421.4302
11.3695	57.1535	2162.8446
73.0858	34.4593	1603.6631
1.8565	63.9358	2344.6414
14.4356	66.5467	460.5424
27.4532	22.4891	1106.2821
42.8915	36.3847	1039.1513
70.7743	33.6730	2494.0672
3.2337	74.0013	763.7697
72.7298	12.4469	318.4122
72.0911	18.2862	688.4009
71.4202	9.0755	1636.7691
44.1057	68.0612	2782.4448
49.6258	13.1686	2735.3386
51.5704	21.9708	1209.1872
62.9409	52.4895	236.1881
59.8413	63.9060	799.6521
27.1962	65.5810	73.6016
47.7230	3.6649	1666.8372
65.7412	36.9044	442.8939
31.2367	60.7568	1475.1195
24.3693	23.2990	546.6116
65.8945	30.8278	1805.6372
40.7546	57.6154	1137.7188
8.8240	7.3198	2420.6631
62.7985	74.8950	2481.3278
40.4352	56.0771	489.6986
54.8735	9.1817	124.8246
44.3080	30.2122	1651.6149
8.4242	65.2148	294.1380
51.4957	58.4601	613.9991
61.1416	68.3608	783.7272
74.5334	42.9147	1785.2700
1.0558	27.6614	653.4154
56.3126	73.6541	2441.6675
73.4918	11.1316	2120.6144
17.7405	16.7635	1809.4192
68.5900	14.1142	2011.4498
52.7908	39.6966	2431.1376
35.0105	10.8381	728.0674
25.5129	21.9752	2252.4605
35.3843	12.4560	1461.4614
10.1828	42.1605	1826.9220
4.1589	21.7902	1609.0092
17.6812	16.7383	1510.2247
24.6750	50.7846	802.0104
38.6743	7.7970	1760.1677
29.9196	8.2385	670.6073
33.0026	47.3492	175.7343
25.0099	12.7984	1306.1312
33.2441	23.0465	165.9129
46.9295	72.4183	763.6789
8.9364	1.1361	420.1863
15.7049	5.7948	1713.1146
19.1068	70.3677	2740.9264
69.0649	4.6718	2568.3700
29.8437	57.9173	2535.4533
50.5720	26.0032	2708.2298
13.0272	41.4350	950.3083
42.6692	18.6140	1079.1611
46.6027	19.4554	428.5786
51.1353	23.0141	902.7038
17.9383	71.8218	1682.1106
64.4469	74.8569	2210.6416
34.6955	30.3651	1201.6039
51.9998	23.7771	472.8616
28.2187	16.0746	799.4481
22.5928	42.6601	514.1104
29.4952	64.1500	606.2208
54.2912	52.8764	1790.7097
23.1546	27.0972	1291.0573
45.0747	28.0366	403.3807
39.5216	0.8279	1103.3145
68.1200	22.3117	2408.0177
46.6651	35.2002	1666.2266
67.8811	27.5080	820.0253
58.7408	35.0796	1785.1188
42.0993	2.4217	2148.9795
50.6288	45.3638	1980.9562
57.5378	74.6726	147.4399
61.7626	18.0605	839.7204
16.0683	11.7202	179.5939
26.2369	15.5363	2471.6829
18.0433	61.6845	2278.4706
5.8468	59.8554	569.7486
70.0316	28.4808	1100.7622
30.8999	24.4162	1063.2627
56.8253	17.5895	130.3867
67.7897	33.6497	2696.6808
66.4190	38.3675	2728.6672
12.3258	72.0881	2552.9892
19.4394	41.7260	363.7089
4.8322	20.0229	158.2692
23.2800	76.2487	1748.1168
8.3783	53.7669	1454.6342
64.6075	37.2986	1669.6268
67.0591	64.4043	2572.2223
2.3007	67.1342	1976.5962
27.3026	64.0821	171.5442
44.2543	38.8644	2652.8456
63.8113	13.2462	2526.3175
51.0528	32.9417	334.1968
73.8780	50.7508	2120.4121
52.4813	19.0320	2701.3714
60.0720	68.6099	2714.7386
64.5879	54.8603	1656.3703
9.7941	47.6095	841.9391
7.8949	54.7404	1858.1725
30.6511	63.0542	1869.6950
13.3918	52.9066	149.0404
53.7900	35.6020	1257.0298
33.2821	15.5110	702.3007
72.1533	22.7752	2583.4062
33.8670	53.2394	149.8895
62.1473	63.0769	990.3171
47.9526	46.1345	1440.9438
73.3930	14.1026	341.4006
5.9100	52.0702	1421.3009
46.8860	21.9833	2377.9763
19.8459	6.7851	1653.5887
38.3423	7.0430	216.9816
7.6650	45.4517	349.0354
34.5252	59.0744	2095.4419
4.9474	43.1671	701.4950
9.2681	75.1824	1443.8819
74.2198	38.0007	497.0686
54.4606	57.8806	592.8705
32.6718	67.8663	2377.2244
38.8815	53.2184	1198.4361
68.2991	70.3092	1356.5100
47.8734	51.1350	146.3778
62.5025	29.5971	2250.0412
70.0848	49.6259	226.3405
7.0427	27.8996	105.7019
63.9659	17.4744	2205.5271
52.0849	27.5795	1435.4109
52.2770	5.1344	949.0661
51.6270	63.4586	2093.9775
64.1824	58.1052	324.0185
34.8230	32.8830	2205.8338
50.8834	29.6259	131.6520
15.0179	35.2879	2583.4770
50.1865	55.0970	2327.2308
68.8368	27.8106	2432.8950
46.1803	58.7755	1410.1527
14.9930	9.3203	1046.3687
19.4866	30.7574	1378.6428
69.7382	3.1383	2296.0645
16.1606	18.5854	2547.7712
55.4746	5.6413	1056.7854
36.5784	75.9623	374.9527
8.2130	32.0022	1440.7559
66.8611	40.0279	1210.5917
76.7149	41.5491	974.6609
19.8271	6.1824	842.5112
32.1954	43.7703	1065.6494
41.9765	17.7895	1851.3102
1.9485	18.4985	1.9470
10.7010	46.3711	610.3204
74.4548	72.3915	2240.2858
23.8181	13.0275	1600.9381
18.6046	72.2633	71.7898
17.2727	17.0724	85.9535
32.8566	6.6124	801.1950
75.3671	68.9042	618.8515
39.8474	48.6704	2503.6849
29.2730	3.6461	1107.3077
64.8372	45.5986	1296.8645
59.1220	18.0151	852.7944
13.8428	74.9500	1283.6917
74.6859	21.9653	1606.8362
21.6330	34.3392	1867.3752
4.2771	26.6749	915.3404
43.4929	39.7462	2258.9573
13.8703	67.2181	2095.3013
68.8307	76.7462	720.3154
34.3492	53.5488	1689.6406
76.4327	71.4613	2356.2638
18.8853	52.4291	113.5317
42.2258	65.0182	1895.1230
23.2783	55.0981	495.1648
0.1995	21.7477	1213.6916
49.0447	12.0566	465.2756
67.5438	16.8102	2546.3923
6.7255	50.0285	1437.3332
41.6537	30.6000	133.0819
23.1987	29.4795	2806.4042
65.1778	37.8567	174.5942
11.7049	9.8438	537.9240
12.9092	12.0528	958.8838
37.4638	42.4675	2373.7289
61.1926	40.9403	1172.8668
32.2811	3.5201	1471.1326
45.3839	13.1188	1113.8838
32.6027	31.1150	2796.1520
0.8700	21.6136	1312.4431
52.8366	2.1467	1210.6283
30.1860	16.1181	390.2322
5.5686	56.0448	223.0440
63.1023	43.3130	946.3947
28.6477	51.4034	1372.6788
68.6895	9.5758	2358.8531
1.5513	69.1956	2727.4624
30.7087	7.8793	604.3391
75.0818	15.6340	1273.5745
48.3445	66.3440	296.9102
41.9542	28.7342	2184.8854
35.9485	70.4045	2284.1259
22.1462	9.1857	1179.5721
33.6059	48.7698	2755.0500
39.8716	65.4824	313.4638
6.6676	60.1232	186.5915
49.2697	13.7241	2687.5707
39.2399	1.5293	1867.1532
38.4271	46.8287	2408.9125
65.8111	20.4608	995.3060
38.5505	62.2274	1316.0902
37.2937	0.2955	2495.8515
18.4572	13.4350	1688.6323
29.8472	60.4111	2445.6637
8.4631	58.8992	2654.9555
0.2088	22.6117	2642.3589
16.9234	41.3200	784.9005
52.2059	1.5269	2113.1671
52.6380	17.3120	50.6040
23.5729	9.5927	2640.4136
4.2451	73.8669	1981.0836
14.0673	14.4334	2126.2799
22.8183	33.9624	1536.7270
5.3055	41.1418	1389.3395
21.1188	8.4615	2807.3766
4.2717	57.8612	1178.7126
50.5058	72.8059	1798.8073
2.2521	27.6819	767.6338
16.1046	74.8397	1148.4606
60.3049	77.0009	191.6714
54.3838	10.6741	689.4711
51.5878	76.8315	1499.2828
59.0612	28.2624	646.3657
59.7508	74.1478	2784.1389
37.2032	74.5160	336.8864
67.7197	4.0103	87.3235
60.0331	8.4600	116.7782
58.6873	60.9106	1414.8914
43.2718	50.1822	1229.4771
40.0349	33.3399	916.4652
16.5983	23.5574	2352.9553
22.3128	17.9238	986.3074
0.7003	19.1771	1378.9972
16.3724	27.8036	2759.6088
62.1215	70.9401	2343.0188
38.4738	28.1341	1617.4603
41.0069	71.8843	1182.7638
60.1528	11.7779	2661.3326
38.2017	70.1351	1054.9293
10.8638	25.3724	366.5750
0.4329	23.6780	1488.6472
62.1280	22.1242	599.7424
10.7515	46.3164	137.5142
29.7304	9.4942	1503.2420
71.0460	63.6038	1391.5573
61.3411	50.8501	1833.1628
8.5762	29.2967	2501.0016
43.7942	63.4904	21.8718
64.8834	33.5340	2251.5650
2.3008	63.4546	835.1593
42.7517	72.6184	2143.6790
12.9889	20.0150	873.2173
56.8549	25.2215	107.9642
3.6048	21.5550	1010.3240
55.3671	45.6093	772.6384
7.8418	22.4672	1873.3468
40.6360	48.5565	1366.9786
14.4622	0.8908	1289.6587
57.4691	22.8514	150.4444
58.9709	7.8173	2246.3737
61.8095	71.2964	1207.2027
64.9241	20.2976	1029.8702
10.5161	13.8437	82.0386
60.0042	76.9248	2338.6340
17.0140	22.7246	466.0184
19.0239	3.0170	1366.0289
15.9654	29.6342	876.5029
19.5870	57.8928	499.0821
61.1426	49.2449	0.3568
45.9634	49.1188	1173.7047
35.3362	71.3801	813.0569
28.9881	57.2460	720.7730
58.8937	37.4016	1100.3336
61.8012	23.8176	582.9571
27.0024	58.1260	1633.7196
3.0516	52.2065	244.2408
33.9354	56.9612	658.0122
44.5530	72.4654	1032.2956
20.9993	10.6644	1762.1022
21.7395	51.8512	812.1747
5.6597	35.2368	1536.0252
65.3727	23.3369	1187.0113
76.8043	50.1834	1046.9525
0.6190	69.8937	631.7227
51.4088	3.4436	85.9450
48.6711	54.4626	2815.0319
54.3666	63.4508	2650.0723
2.2586	70.2805	1929.5513
29.2926	8.2622	2274.8246
37.6090	21.2365	498.9015
42.0555	70.6766	1329.2911
31.7257	31.2017	866.3359
57.7705	59.5965	1958.6959
35.0095	10.8404	728.0621
6.5380	27.2641	1615.7478
25.4493	71.6153	587.2121
58.9699	62.1929	2005.9208
34.8659	62.2072	299.1974
31.5667	24.9774	948.5458
35.2598	3.9374	1543.3542
11.1041	37.1145	555.8148
28.1851	55.2201	2636.3093
60.2798	3.6757	1225.9475
46.7277	73.4470	2413.3267
12.1946	67.7596	2558.1910
50.1460	45.7764	776.3164
73.9187	39.4557	2425.2466
36.2228	33.0401	1814.8664
55.0079	71.9876	2512.8688
14.2035	63.6012	742.8788
5.7674	45.6561	1144.1982
52.8925	14.0967	1690.9037
11.5642	54.8771	1500.6847
3.6166	58.2352	2429.0923
41.3881	16.1960	674.8661
26.9184	66.1014	2458.0656
28.0213	28.8538	2112.5096
42.7793	67.4203	2023.9598
13.0602	31.5279	1023.4535
51.1416	47.5624	287.6367
73.4601	24.1922	1070.5327
75.2690	12.9340	667.6199
58.3430	2.9698	1124.2936
39.6515	66.1843	1016.3271
41.1443	68.1347	2616.2752
60.5180	52.5726	1846.1666
42.4286	77.0569	2625.2905
10.1988	14.8184	883.7307
8.1131	49.0233	883.3615
0.5075	28.5976	1227.3820
73.8868	28.5457	1557.1294
47.9993	54.2136	2434.6696
37.9515	26.4526	1637.7640
41.4730	74.8392	1113.6572
1.2475	47.5506	1410.0208
47.8708	54.9213	2794.6641
67.2444	65.4659	1077.3930
66.8031	51.7455	2771.1739
25.7885	2.7600	1240.4587
32.8092	28.0500	2639.9451
10.2116	10.7802	2548.3683
49.5845	29.5722	343.9530
59.8142	55.8536	621.6298
13.6544	21.9098	2717.5837
4.5802	12.9624	1620.7985
15.3585	6.5487	1076.2940
71.7206	23.3829	1392.5698
51.2535	49.4815	1083.6324
46.5140	25.1984	2555.8217
65.7734	45.8353	1936.6412
34.0446	18.8271	147.9062
27.2880	68.3587	638.8160
24.2743	11.9916	2426.7370
58.6889	9.8833	1329.5422
59.6233	26.5841	1005.7888
53.9693	22.9989	41.7811
31.2914	69.8021	2734.9687
17.0341	56.3613	210.9284
2.5764	47.2254	1163.2867
59.2719	56.9404	1177.8365
5.3387	8.4809	450.7540
55.0211	62.1804	1306.8505
47.3115	2.4388	440.4827
72.6742	18.9341	973.8328
14.3604	25.3030	278.1758
27.7143	39.1238	538.5480
35.2154	53.7177	43.4491
53.1585	16.8006	2594.9456
68.1544	50.6787	1576.6198
37.3856	75.3043	2591.5333
21.7651	27.5350	2376.1553
45.5779	6.3766	2071.2199
23.6396	52.3572	1240.3391
54.5081	12.4955	2687.0128
8.5704	54.7421	596.8168
56.7599	11.8918	1337.1846
60.7341	1.9528	1868.3551
46.5617	66.8546	1025.0484
74.8253	70.1033	1003.3402
28.2089	22.6686	95.3961
72.4853	64.5051	2278.4031
11.7589	13.9815	1241.9485
69.2640	71.6365	240.2797
62.7719	5.9076	1300.9115
49.8588	31.1910	1156.1588
34.8737	73.6584	537.2168
37.3258	60.6502	613.2892
57.6875	42.3810	1263.1738
28.9911	67.3768	249.9571
13.4452	14.2231	218.0288
64.4393	33.7611	1263.3685
29.8580	27.4282	1296.2324
12.3160	16.3412	1550.2267
33.2174	48.3954	2710.9038
75.6644	74.5854	1206.2438
62.1998	34.3329	2012.0663
51.0154	68.4502	1592.0963
36.0382	26.0269	1357.4735
74.5758	2.7529	2807.1297
48.7810	44.9658	967.7694
64.0076	0.5650	2527.6914
67.3594	29.7765	1106.2531
72.4955	74.1714	2614.2850
25.7700	27.9316	2116.8096
27.5893	57.3179	2669.7412
74.9811	50.4927	2232.7929
63.3597	1.4098	817.4748
11.3612	6.0171	1965.4994
62.2151	21.2409	169.3035
36.6208	22.8959	591.3848
65.2680	31.4957	2339.0913
74.3398	35.9003	305.2080
33.2596	56.8613	2550.4952
44.9178	1.6829	2128.0039
50.9747	34.8701	2197.4938
6.2744	58.7683	2451.1625
77.0727	48.8929	311.9627
18.4978	16.6132	322.6736
67.0765	38.9784	168.4475
45.9157	57.9244	1481.5497
57.6070	52.5913	2393.7275
48.5350	26.9381	1459.5217
71.9207	0.8481	89.2524
55.6969	67.6059	1762.3893
17.4730	30.4498	1756.0694
13.7918	64.7297	1363.4478
21.4550	49.2124	838.0152
63.5422	4.8149	354.6892
50.6019	71.0705	551.6323
66.4102	20.7311	1176.6154
42.6541	9.8659	2750.7373
40.9147	63.4765	2173.4725
14.1101	51.3144	860.2408
70.0029	49.0580	443.4735
62.6158	2.2764	2724.1387
9.1703	4.3415	2483.0420
73.0291	60.8510	783.8374
9.4874	57.3296	1968.8112
20.0511	54.5255	151.2051
74.3943	0.5416	1186.4868
54.5888	2.5671	1630.3276
37.0766	29.1404	1602.5801
42.8157	10.7053	625.7711
75.4622	17.5648	2223.2197
1.0437	62.9780	624.6196
15.4896	25.2446	1518.9045
21.8646	41.3930	2148.1398
11.2249	0.1190	2142.3352
57.8660	23.2929	2064.0798
34.0746	0.2393	540.9725
59.4144	5.6254	335.2749
33.6443	15.0841	1594.0419
45.2777	32.9000	1781.9456
71.7374	25.8468	2624.9308
13.6008	50.5726	769.8447
71.4213	60.2775	2558.0131
43.3028	2.9027	527.8704
58.9345	2.2581	1258.4108
37.6674	44.7939	436.4338
65.0545	57.1850	1689.7340
73.9475	3.4867	39.1536
39.8534	40.3644	1362.2638
73.5224	17.9228	444.6148
55.1071	13.1126	707.2746
32.0061	4.0826	1702.2513
9.1206	71.1445	1321.6913
37.6662	20.8994	929.6412
38.5782	56.6395	325.5913
23.0446	56.4478	98.4620
58.4420	42.6281	592.7369
14.7616	16.9362	47.1062
33.4431	25.7425	1688.7002
69.0624	24.5890	1395.2620
72.5500	4.9766	1237.2942
26.0126	2.9564	997.7803
35.1714	64.3803	625.4536
12.6041	45.1143	690.4297
0.8722	11.0008	36.9056
55.5886	75.8729	688.1162
12.1616	75.0924	1598.7865
48.7433	12.4998	2699.3895
25.0739	13.8800	1374.4706
0.9224	72.2009	519.6177
42.5496	12.2628	1353.3267
41.9028	77.0039	1124.8990
40.9330	69.3969	624.5994
42.4274	24.8450	2190.6386
39.7329	14.3900	1223.1657
32.1622	74.2751	449.4290
26.3162	55.7180	636.5999
21.3501	75.0034	2495.1513
42.1067	68.1698	1976.4851
38.2163	73.7003	1042.4421
41.0093	50.7922	1658.5149
4.5718	30.1688	37.5912
12.4345	68.5683	645.3434
40.9542	69.9251	831.7428
38.9925	65.5660	924.1113
7.8304	4.0296	1981.1399
68.4033	53.2957	2737.4628
32.7268	12.8425	353.1973
37.6542	21.9936	2813.8560
38.0291	26.8577	2479.1593
13.2591	0.2622	1444.1555
65.4886	65.7103	2481.6039
44.7328	51.6556	746.1064
60.4580	69.6743	308.2113
27.6213	14.3355	1697.2752
11.1392	52.9486	1821.8308
59.6316	2.5888	889.7495
3.4197	19.5769	2622.1299
13.4625	23.3752	106.4746
68.7055	43.7297	1294.8695
55.8344	58.1748	1221.4254
73.1646	67.4363	2548.5290
50.0189	11.3076	1047.1140
51.1762	61.4009	1699.8100
13.2996	74.3330	225.3441
45.9326	64.9902	1409.6357
25.1579	73.0953	557.5393
41.6485	30.3261	1258.5141
63.0628	10.9145	1163.1664
1.9918	26.8456	1224.9981
55.4280	12.4542	578.7808
57.8743	33.5062	2446.4904
22.0204	59.5755	1256.9582
18.5012	47.7968	1359.5042
63.1878	9.7431	467.8079
23.0890	1.3247	1326.8260
9.3750	69.8153	2147.8347
17.7701	16.1866	561.7249
66.5235	20.0220	901.6210
56.2357	18.2777	553.6602
30.3123	20.6874	1511.9931
4.5298	5.3656	2649.1020
24.8017	14.2378	1650.2513
8.4915	49.0150	625.3185
47.6418	71.5361	192.1977
20.0029	34.5611	1233.7605
75.9942	12.3758	515.2744
65.3350	0.8598	1729.0385
6.8249	62.1643	1343.9763
44.0198	42.2327	2166.5023
9.8094	65.2426	1372.4203
4.4048	46.4622	2451.4502
68.2454	62.7901	2296.1786
50.3148	8.7463	542.6997
34.2711	15.7151	1507.5401
44.2714	22.8453	708.8825
15.0963	75.6894	2736.5071
51.8137	3.5681	207.0704
57.0460	0.6816	940.8333
30.0922	26.2708	1275.4780
53.6994	35.8446	325.5285
69.0482	37.3843	2791.6113
27.6702	56.4499	2408.2584
48.3234	23.8125	2463.3583
1.8756	35.6481	1497.2257
39.8872	38.3650	1235.0313
61.7247	20.1010	1501.8414
20.8078	2.9384	1452.6822
37.0822	2.2256	215.2747
24.9326	74.1695	1424.6428
59.3388	8.5286	1832.9552
44.8602	40.2780	2038.2177
26.1316	49.4033	1329.3213
26.5222	6.6759	1270.7247
52.9065	48.3991	230.0534
22.2949	74.6973	491.6940
58.3228	39.3227	44.8647
15.5467	25.5391	2457.0389
30.3203	23.4798	2086.0303
24.3209	4.1755	184.9783
29.7155	11.7749	456.4730
12.3664	74.3501	1108.7329
51.9083	37.3178	566.0871
22.3819	41.3928	1875.5105
52.3055	27.9951	1926.9948
60.8247	35.5148	1906.1689
2.9912	31.1326	1760.6304
36.6879	55.2536	875.2604
2.5864	61.0637	2360.4732
40.5770	37.0952	2330.6921
39.1525	50.3627	1261.6254
5.3830	72.7808	676.1450
54.6949	44.2056	584.6145
14.6622	45.0874	1573.2360
16.0894	54.5140	2260.4859
6.1138	24.9155	866.6687
24.3800	40.8229	259.2527
43.1424	5.6078	291.9178
64.7694	27.9775	188.1167
14.4689	6.4817	1050.8147
53.6706	45.9760	355.7972
3.2230	23.8250	909.5229
21.4858	42.6647	750.6465
10.1051	61.5013	2419.3712
45.5234	61.0967	2747.2958
26.0403	33.9070	2348.1163
13.7990	13.5064	48.6030
28.5506	31.4825	2255.9819
68.9964	34.5486	1213.8344
67.6549	63.3307	897.5738
62.2685	19.6579	1973.4788
60.8395	12.6825	331.5081
42.2351	28.8097	971.2683
56.1383	24.1297	1737.5268
39.7452	32.0451	1408.4917
70.0842	8.5326	1567.0688
75.1836	28.0755	1037.3008
3.6871	21.8092	194.7125
42.9793	66.8656	2006.1597
53.3255	3.7748	1645.9354
18.8099	76.8878	1230.5052
68.0353	64.6314	2172.9571
65.9980	25.0910	2575.3897
48.4253	69.4636	2262.7242
4.5612	27.2525	911.8795
27.4621	0.9377	150.4111
6.5499	1.3252	2749.5171
11.8753	8.8270	2082.6206
32.9308	32.9207	652.1061
56.2098	74.8939	515.0096
25.0083	18.2807	169.1891
2.0781	63.7357	773.4465
62.9361	2.7573	115.2256
7.2290	6.9897	2181.4005
28.7875	19.8973	1589.7350
18.6298	27.8865	494.2730
38.9332	27.3835	969.0563
9.2119	62.8896	1293.3307
18.7098	76.9360	1904.6460
43.4262	42.2055	1796.7642
40.7323	41.4121	318.7195
21.0736	46.1827	958.6756
0.5630	25.1347	278.0757
24.0309	22.0240	2248.2519
28.0754	39.9711	662.4339
3.6342	70.9088	1733.5964
49.5119	61.0487	1915.1023
27.2330	73.7577	2125.7362
36.0924	21.1469	80.4396
11.8645	64.0434	48.8604
66.5057	38.3920	1920.9406
25.5219	46.1916	2097.4747
54.2272	22.7209	437.9484
71.4268	72.4886	726.9901
63.0850	48.5143	2755.5762
52.6312	43.1501	2195.4975
26.9323	64.0767	1242.9736
13.0637	52.5757	1609.4882
43.2708	6.3383	82.8500
28.4876	39.3794	1690.7700
72.2981	24.2564	2504.1515
68.7625	0.0901	1517.8768
21.5324	68.3009	348.7114
6.8754	53.9189	131.3431
10.3077	64.7469	357.8025
65.9345	48.5197	246.2416
31.7392	8.0279	178.7258
51.3308	5.5203	892.1211
59.3971	26.4666	1366.8331
32.9751	56.5204	2602.2829
61.5048	32.0990	2686.3351
11.4379	8.1049	1908.8491
39.7564	25.9003	2383.7846
34.5761	52.8817	2258.4539
71.5597	46.3418	2096.4599
49.5316	76.2233	2016.3349
38.8793	6.9010	2181.0811
66.2055	68.5320	2548.9026
48.0636	26.2555	2501.0350
4.3975	51.5136	318.7553
72.9244	74.5886	751.4551
74.8320	50.0966	2552.1831
46.7733	19.0298	575.4634
65.7189	53.2994	2789.7283
9.6921	62.4768	1289.2720
74.9698	33.1004	37.2187
75.2653	36.5263	1034.3100
35.3238	23.4215	236.3154
29.3555	32.0187	2281.5637
67.9346	27.7765	1007.7738
7.8509	45.9893	1648.7940
45.0360	25.7920	2511.6404
38.2941	53.8624	2133.2881
2.5487	66.4548	615.9838
55.6838	36.8304	2406.0663
43.9098	15.6765	1948.3021
1.5329	35.9222	2677.1745
61.9781	29.1658	1267.9305
63.5853	76.0731	658.3134
74.5985	17.1701	2664.8609
38.3962	6.5153	330.1775
54.5446	19.0327	732.3546
8.2713	71.3523	606.9984
75.7766	47.2582	1861.7083
11.4171	5.3994	1485.4795
49.8427	53.8684	1434.1493
29.8950	72.9318	2774.1632
61.0535	8.2921	1116.2024
23.9008	17.5710	1320.7935
6.8905	48.6316	2145.9239
1.1020	45.8487	1963.2642
0.9355	43.3342	7.7004
44.5641	73.4209	2377.4629
11.4485	56.7750	1061.0975
72.0391	56.6923	760.5355
75.5559	70.7389	2438.8536
52.7643	36.6481	525.8862
29.0772	24.1985	486.7196
12.8030	76.1978	1333.3405
32.1450	55.3931	1687.9771
53.7731	48.8739	2185.1843
40.3661	38.5225	2483.5856
17.5063	23.1661	1661.6201
39.5690	0.8022	1193.7611
8.1936	1.7503	1871.6305
59.1466	71.7258	2506.2379
12.2483	13.3038	1569.5459
67.0944	64.8396	323.2259
15.2240	69.0039	2753.3669
9.7432	75.2125	2118.2675
48.4060	35.9139	597.6970
51.9334	75.8308	1415.5326
3.0775	11.6916	2744.2032
21.5281	27.3712	1585.2317
33.2967	75.7373	1681.2922
30.7109	2.5465	2646.8099
37.9807	62.8883	1437.1096
21.5805	4.5385	1533.6057
19.5805	12.4407	1713.0022
18.1868	22.8314	841.3398
10.7512	16.5995	746.3577
43.5003	14.9420	359.2982
44.3890	73.3511	690.3847
0.0729	18.5916	715.9607
8.4655	62.9342	655.6716
47.3427	75.1872	2722.6154
20.4278	75.9748	995.1312
40.3895	36.7634	1047.6231
1.6568	75.7096	493.1106
18.7418	72.2054	1680.9773
23.4004	7.3789	181.4102
62.1114	23.9758	1260.1780
7.7299	51.0754	759.4222
73.3631	76.3627	587.0158
44.8556	16.9089	11.1580
57.0577	1.1631	1035.5614
4.1786	33.8855	2518.9206
15.0531	21.4149	153.4414
38.7576	52.7708	2674.5852
16.1165	59.7458	1510.7337
27.0675	23.4726	1262.5813
69.7345	52.8246	871.1212
37.4938	58.6367	1974.8531
71.5279	39.5444	1090.6327
53.4112	52.4000	387.2078
72.1902	3.7901	2514.5714
0.1563	48.5749	1176.1414
14.6703	1.1913	1037.0928
70.4800	34.8133	494.3749
60.0261	48.3143	378.8032
40.1661	68.8215	2635.9031
22.2030	21.0735	131.1266
31.1361	42.5630	1317.2818
67.5215	67.0289	104.3379
51.4829	42.0684	1208.9047
18.8299	42.2283	1260.1417
61.6164	71.2298	1991.3840
44.2781	48.3540	2745.4799
0.8841	16.5434	2207.6035
28.2178	76.3960	24.3535
50.9056	61.6051	869.1865
17.7686	13.0030	1687.9554
39.5059	60.0135	2506.9541
42.2604	74.7046	1791.3666
47.6389	50.6676	1411.6974
51.8580	6.4826	2638.7879
67.2134	65.8578	1489.9943
21.3420	59.9737	2272.6622
35.6426	49.9821	2002.3819
27.2205	5.3373	808.1484
72.6596	38.1888	2101.2049
19.8518	6.3190	943.5623
75.7564	69.4349	2196.9170
28.9673	62.2196	755.1637
65.6221	30.5582	1746.0946
50.4980	64.5875	131.6515
49.0636	0.3658	2735.6296
6.8036	24.8788	861.8440
2.4039	23.0708	332.3971
76.3704	65.1901	766.5099
4.0318	46.0626	1001.1280
26.8452	34.6764	336.8186
68.2615	15.3931	1168.1753
31.3657	12.7460	2596.4529
53.0330	42.2124	170.5736
38.3434	21.3651	904.0806
52.6704	16.0459	828.0072
53.4313	10.2888	2192.7817
49.9073	75.8358	890.9406
41.8875	17.9695	2277.5949
73.3396	59.4291	830.5555
10.9544	1.6322	1197.0658
74.7378	46.3507	1856.2163
28.1421	54.9480	90.7315
39.7133	36.3194	1130.8954
65.2667	54.5337	1597.3806
15.4850	33.0929	567.2127
1.4574	24.3802	2285.1496
2.1204	8.4874	1433.7456
11.5384	54.3245	1080.7095
58.2807	6.7721	715.0649
17.4524	76.9212	1186.4906
27.5170	76.3475	1029.7563
21.0782	22.0823	627.1956
67.8099	25.4609	1396.7951
37.5712	53.3153	934.9312
63.1237	28.2772	2775.2946
18.6341	38.1598	2673.0136
48.7421	44.6669	2607.5449
46.5115	15.3323	304.0819
73.1646	24.3826	21.6867
64.7404	4.0152	1803.3257
23.2322	64.2438	744.1299
20.6433	23.3342	1998.0127
3.7946	58.0026	1233.3727
48.0126	75.8853	937.0034
59.7778	4.8931	120.9982
26.5680	58.3181	2718.2095
67.2081	73.8290	2178.6716
65.6848	74.9920	1312.1420
20.5090	23.9376	1682.5439
18.3513	42.0324	362.8390
36.9003	55.4649	1551.9615
12.9486	43.0335	613.6143
27.5896	57.3222	2669.7721
68.3013	74.6935	628.6215
66.7171	26.8192	2262.6089
41.6858	66.7052	1634.6422
66.3030	76.1470	2747.6449
6.9004	5.8553	1887.5035
50.3950	19.0123	1821.4339
11.3097	74.3168	1185.3654
17.5097	24.6451	1798.5356
39.2489	59.4894	1280.7635
43.6449	34.2590	1898.8727
9.1040	66.3771	841.0412
73.2027	53.2945	2270.0642
11.1306	8.4186	1496.9264
51.4179	72.2888	1511.4781
75.3523	32.5682	727.5142
20.7387	34.3978	1197.1312
56.4230	48.9115	796.5380
29.3927	40.3925	397.1563
38.3972	55.6801	1180.0214
53.8927	29.4241	2641.7082
75.0735	53.1628	141.3365
33.3361	30.0011	1225.7498
72.9752	45.2956	222.7163
48.3795	36.1811	2153.5094
25.3847	11.4406	2234.3175
53.6912	11.6499	2386.5837
26.2390	54.1403	151.6443
48.8200	17.9826	537.2931
67.1002	70.5700	892.1808
50.5877	47.1071	2068.9373
13.4130	21.5165	1977.5782
41.7611	19.8458	684.3292
22.2071	44.1626	2415.0153
35.4935	47.6733	729.5539
41.2474	44.3420	1276.8735
47.7636	51.8611	1713.5232
19.8206	76.8817	2582.6298
47.0629	20.3418	1294.3580
34.3499	39.8941	1853.4405
44.0765	5.9786	934.0226
44.7588	69.6051	2153.8538
70.6995	30.2265	691.8105
2.5440	49.0209	1212.4696
63.8254	7.8973	2445.2925
71.9922	18.0255	2676.5690
28.5198	5.4027	296.0037
26.3464	8.0367	2532.0393
41.9775	64.1506	343.5939
70.1092	2.4310	2563.6250
7.0260	38.0537	2272.4964
4.0252	74.1892	2316.7073
19.7012	25.5026	981.2367
69.2258	9.9871	2091.2321
37.3959	37.8458	1190.0235
56.6344	59.7827	822.2600
24.3291	41.7830	1878.9694
36.4548	63.5241	295.6636
29.5264	63.4136	803.4475
21.7945	59.2772	1457.3145
18.3479	76.7415	1120.6804
3.1430	50.0388	1718.4991
49.2241	34.9457	2789.8349
16.5042	76.2159	1335.6550
46.4646	36.2855	2197.2903
75.7953	6.3389	1611.6332
2.8602	0.9233	1404.1187
42.6439	20.9781	2719.5928
8.4576	20.3470	1338.8734
65.4437	16.0238	1387.7167
40.7201	5.5589	1813.7734
50.3552	10.6301	369.5928
43.3938	37.5132	1340.5809
4.5102	57.5939	1445.0059
48.8847	42.0249	1337.1891
43.3101	56.7674	1488.1369
62.3514	54.6278	86.1213
14.9639	58.4106	2019.2469
66.8986	46.5420	714.0896
50.8419	49.6641	1221.8896
33.3041	44.0912	2777.7359
0.7170	15.4961	1984.4660
51.6227	19.3491	1465.6019
49.0209	74.6999	2575.0893
72.9388	8.8069	968.7111
63.0810	72.1264	568.7275
65.4753	49.0044	1945.6785
57.6604	37.7687	1920.3272
52.6971	42.0984	2161.7584
19.0644	44.8859	1231.2132
25.1674	59.4955	1352.4029
29.7339	20.9348	1988.9245
35.3599	25.8149	878.6537
16.2111	44.1525	1353.6885
74.1944	2.9033	620.1887
26.7307	41.3072	1856.3220
56.9369	74.9840	1732.5391
72.5624	2.1411	658.3600
63.4913	49.5476	1541.4652
4.3791	48.8529	1876.6224
65.8303	34.7547	2036.8680
17.9466	22.1723	484.6699
25.7874	25.9131	614.8452
2.1948	68.5636	744.6668
65.8249	72.4060	1612.6302
16.3811	59.0961	1227.4501
26.8347	14.4484	70.7798
7.6522	10.4603	714.5280
64.6696	52.9160	968.5599
23.8588	62.8774	1437.3208
36.6000	72.9556	1832.7012
5.2638	29.4713	975.5801
5.3175	46.3227	1324.8296
61.1739	64.6637	643.5692
38.0185	42.9490	999.1955
52.2777	64.1891	2139.3539
31.6502	63.2078	2066.6651
39.8351	45.1378	1827.8541
54.5770	40.2207	309.2393
69.7732	44.2545	2011.1276
18.2623	30.0765	362.7316
37.0934	5.4931	810.6085
1.1973	4.2509	2624.2692
25.3616	58.5758	1397.8767
0.0738	63.5989	1349.5654
2.0891	42.1709	1839.1980
35.4256	22.8694	1896.0881
36.2640	0.9909	1022.9294
8.4158	75.6314	1452.3256
73.6699	28.5829	2502.5353
49.4376	22.5421	1629.4731
42.6534	71.7118	279.2753
70.0221	22.5702	2342.6081
44.6051	41.9336	844.4523
1.1392	52.6857	2672.1913
33.2400	5.5173	2758.0543
9.1314	54.2450	1427.5514
11.8754	75.9022	2033.6556
5.5931	59.1200	2281.8688
61.7361	70.3635	572.1013
63.4846	13.9567	1988.0670
66.8044	37.5498	1642.4501
39.3173	9.2680	2646.7552
20.1556	3.1616	375.3909
38.8257	20.1278	925.1712
40.2283	74.3973	2397.3311
71.4030	28.1596	1639.2674
35.8149	56.4379	1825.8211
44.5582	42.9934	2182.9218
50.1424	8.9826	448.2748
57.0801	0.9329	1045.3401
75.8058	47.7856	1431.1672
53.3958	9.9565	2781.5924
30.6891	39.1640	908.4397
29.6009	11.9278	359.9223
36.8122	63.9460	1507.4094
20.6869	16.3500	446.8350
13.9168	53.0231	1423.6767
65.7206	5.0815	2716.2913
30.1029	5.9890	1775.7195
9.0140	16.9132	950.0403
63.0840	61.2863	1215.8681
75.2629	73.1301	2630.4436
47.1986	33.4248	1372.5401
16.4513	9.1364	1091.0126
65.6607	43.5838	157.1848
46.2577	71.8764	2519.1436
71.6907	32.3175	1846.5375
32.8348	37.9896	1776.5461
8.9877	13.3310	270.6996
61.9890	53.3010	43.0199
43.2577	44.3742	1201.7247
15.8077	7.4919	798.5985
5.9070	76.2130	2074.6726
7.6086	57.0535	2313.9475
40.9630	7.3058	1756.2187
46.1620	51.8731	859.1464
0.2089	28.7877	2627.2064
43.3219	22.4898	71.4454
29.9268	11.5158	1757.5642
43.1798	26.6799	2220.8096
48.2496	59.9571	1412.0673
19.7979	76.6040	1226.7294
12.8041	53.1331	1929.7397
59.0917	29.9092	2113.1775
7.3095	51.5023	1558.3808
42.8479	19.0445	2449.1186
33.7043	35.1322	2422.3933
50.7358	52.0943	1597.1204
47.6551	71.6993	2018.6300
68.9278	2.8275	1247.9094
73.8585	13.1138	659.4971
50.8809	28.2693	2721.6551
25.6736	22.1439	684.2912
73.6782	35.9189	1359.0945
29.7881	6.5252	468.4311
4.0649	44.3664	748.7200
43.1143	9.3948	2006.4805
48.8591	45.2638	1451.5171
42.2056	69.9080	215.3347
50.0276	26.6284	206.5675
25.3342	33.0868	2494.0795
59.8756	22.3686	2125.2364
37.1480	4.9016	1844.9425
29.6752	58.4008	2246.9726
20.3596	52.0439	451.3386
63.6934	61.4545	1101.8770
45.0125	76.8857	552.2068
39.6177	74.4686	2150.4543
48.5875	55.0412	2315.4315
59.8593	44.2274	498.6623
30.4282	47.5942	1973.0911
18.1180	16.4216	445.5907
47.9320	63.7943	1525.2387
4.4211	42.5653	2143.2954
56.3742	52.4141	2391.0050
70.2863	0.1673	1980.7887
34.3966	54.3336	2507.1461
29.5598	33.0579	167.5259
66.5543	17.1570	1344.8226
57.6281	70.5275	2581.5498
18.2658	17.8069	34.2192
33.4376	6.0946	177.6256
1.7280	22.5456	2160.9492
55.8268	20.0094	1820.1948
10.8996	0.1963	2290.3432
28.4633	61.6834	1349.9131
74.7954	76.8063	2693.0269
3.0329	68.5862	2477.3678
2.0871	40.2945	2394.5422
37.6320	19.4982	431.7797
35.9661	53.1157	2518.9885
3.2675	14.9678	192.3713
35.2234	20.0782	341.4821
36.8841	75.9953	746.0243
53.1961	75.3124	2470.4194
14.0856	58.8642	1167.5181
51.6913	3.5633	816.1031
71.7632	69.3410	725.4716
41.6653	19.7988	1739.7562
37.0798	57.0847	789.5458
30.5307	61.3965	1972.3614
59.7046	34.3090	125.8483
51.8095	73.0064	187.2308
6.6128	66.2950	1404.9302
31.3725	5.9039	954.5935
77.0301	73.7162	2580.6727
48.2819	61.0324	1382.5771
73.3098	69.5781	2142.2321
11.5970	21.2944	2200.6043
16.0697	53.5440	1209.9889
38.7178	15.0361	1919.6403
50.2185	38.4951	531.3565
11.9158	0.5871	2294.2226
49.4717	14.1342	1402.2550
21.8405	13.5352	1729.7763
53.6648	76.1202	2197.8105
43.0217	54.9549	2131.6899
10.1061	5.8317	2552.8818
4.3505	19.0733	1540.1758
75.9532	12.3373	636.9137
38.6382	62.9332	2191.6382
27.3291	40.8211	1425.0048
50.4619	43.9341	2028.7559
22.0262	74.2529	809.0198
57.7322	17.8780	2690.3807
42.5808	59.5031	961.1266
24.8945	7.8680	1170.9446
23.3246	9.8235	621.9520
20.5199	60.4322	1216.8809
1.5779	15.5153	1334.2702
1.0221	21.9249	636.1215
16.7257	0.3991	154.6358
47.1560	20.8230	66.9371
40.7019	44.2932	2020.0694
31.3836	25.4385	1829.7771
6.2870	2.9619	53.3662
29.1641	9.4298	598.4061
60.1975	39.3999	608.5035
0.3109	0.6473	2217.4247
59.4593	4.4392	1866.5575
16.1549	49.8270	1653.1670
69.9723	72.8062	2146.6222
47.4450	52.1399	1313.7516
55.0879	52.7896	1823.4515
10.6920	73.9030	734.2897
14.0838	55.8149	1356.3794
60.9236	38.3807	1073.1949
2.3062	8.3669	382.6545
42.7579	42.4909	1745.7027
50.0216	22.5565	409.9824
64.8722	27.5386	1945.0184
55.4314	28.6146	1304.7572
29.3177	19.2878	1611.1125
32.1623	25.2568	493.6690
45.7167	18.5074	1970.7319
57.3980	23.4570	974.5692
6.3319	38.1908	2735.0593
17.5269	42.0845	2782.5257
15.8395	29.6840	975.2261
42.0768	29.3512	154.9676
60.8238	9.4645	508.0415
29.1906	3.9297	531.3391
45.1338	70.1813	458.8698
38.6887	29.5271	1887.0725
50.7578	26.3982	1982.9449
58.9990	6.6421	334.4192
50.8149	47.6660	2126.6017
64.5742	20.3050	2537.9079
52.1051	31.2625	1951.8690
23.3915	56.1220	179.4385
67.3900	11.7134	2073.9191
33.9311	33.0629	2388.7809
47.4457	45.0043	1431.9626
76.7430	11.7483	2623.6873
12.1640	21.1416	691.2876
4.1645	19.1855	457.5917
35.6733	36.7969	2498.6662
13.2977	14.0063	2665.5247
8.9964	66.9431	2081.3842
40.6150	70.5092	1484.7264
30.2244	27.7447	1235.0152
49.0653	53.7761	2675.6871
22.9973	68.7203	797.0311
73.9191	14.9638	2226.5245
29.0563	74.3825	2206.4007
70.2882	13.3069	1247.7972
24.6392	62.6528	786.3944
11.6938	17.6138	696.6023
15.9566	64.9803	1267.9781
34.1674	69.5254	2372.9140
57.5258	23.4998	75.4388
45.1523	69.6606	893.6806
45.4777	0.7123	43.0628
7.1813	10.5615	2259.6387
62.1203	62.1395	931.3889
41.3783	64.5960	1611.0893
30.3303	3.2309	1679.1293
40.4325	48.3249	1417.9411
17.6439	68.5636	563.6557
41.8658	50.1955	2170.3816
6.3004	70.3157	472.7570
74.6762	37.8828	612.0693
9.5722	10.6708	2067.2745
38.5855	69.5855	1192.2599
60.8693	40.4738	590.9088
34.7043	39.9854	1975.4549
65.4785	76.0674	939.7534
35.7200	1.8963	1633.7942
76.7529	55.3682	1334.6689
6.0175	41.6164	1443.5070
53.0390	51.9008	349.4683
1.5544	36.5540	707.7314
28.2896	49.1413	1729.2922
3.5618	39.8554	31.9292
35.1533	1.0874	1893.0662
17.5514	16.1232	1930.4798
20.9012	15.9974	124.8415
25.8874	54.2699	2183.3038
51.8084	43.2692	2532.2424
55.4128	46.3849	1016.7997
63.3834	50.8510	646.7528
14.3048	49.6448	773.1415
43.1859	67.7764	296.5874
25.0326	35.3905	2461.0399
49.4511	40.8478	1043.8276
14.9160	64.6967	1997.9148
27.1577	20.9822	187.4086
73.3149	35.3190	324.6602
52.1643	61.1143	2023.4945
34.9564	22.8474	2660.1816
14.2498	59.1952	4.2977
65.5670	28.3072	668.0391
75.8601	55.4733	1279.6509
31.8332	63.0796	1441.6540
39.3231	72.0372	611.2597
1.6536	5.5799	1250.1676
37.5141	11.1965	1920.8093
63.9928	64.1059	1101.3137
16.2219	27.8585	1034.3968
41.9266	18.9236	1838.2571
65.6554	5.8516	731.6983
15.2100	3.2043	549.1229
59.5448	50.1612	240.2090
57.0756	0.4659	890.7604
60.3059	53.7306	295.2052
47.3495	6.6684	498.1460
56.5086	74.4355	1412.3145
53.3069	43.5212	1186.7968
47.4376	75.1331	741.6659
3.6046	50.8617	638.2106
30.4986	31.5455	1058.8119
18.8109	3.3972	1691.1728
35.6057	56.2761	1618.6886
41.2331	48.8517	2453.9239
61.8038	62.7360	320.1356
0.5734	64.5803	2498.3483
15.9675	39.4493	927.8549
25.0603	43.9573	1543.0047
62.9714	66.4051	334.3443
30.5632	55.7002	447.0823
27.7954	26.4546	924.3547
4.6898	9.8401	2203.3265
5.3172	58.4341	338.3975
65.9602	7.2978	1655.5792
71.4868	21.9636	2734.2326
9.0445	3.9152	1797.5872
44.2135	61.1051	1040.5014
37.6550	6.0578	1374.5897
72.5512	11.7498	1822.3960
59.0889	11.8707	490.3889
17.5993	69.3403	186.6123
7.3049	17.6172	1374.4106
34.2680	32.8914	619.6779
8.2963	72.9944	370.3197
51.4845	13.9092	1640.3917
31.3398	64.3663	509.0256
35.0590	33.2414	1064.0152
14.2027	76.2737	2252.5127
26.9634	65.5583	2617.9148
58.0434	71.1983	1949.6758
69.5728	43.1332	157.3274
2.4093	71.8586	2333.7578
61.4106	24.9257	2312.1793
46.3401	76.1164	785.9718
48.9570	47.3284	2814.3431
56.0101	38.6248	494.4479
34.6389	13.2509	2098.2304
71.7645	58.2458	1845.9814
15.4605	31.5226	566.2216
12.9437	52.2344	1211.4709
33.9588	35.5036	2058.3400
68.0140	13.5969	2550.4927
26.0324	68.3525	633.6341
59.6182	5.0956	1456.2130
21.9726	27.8489	2535.3718
9.3058	65.7448	2514.4808
40.6373	53.5933	1187.9033
36.0186	60.7721	909.9770
46.5019	22.0532	2750.4674
48.0482	44.5477	650.1723
42.5833	31.0214	2006.5965
63.8306	48.3934	954.9428
20.2764	7.5672	1271.6053
73.7938	23.7523	1278.8247
66.9651	1.8998	2041.1368
41.8271	50.0541	547.5975
71.8666	14.2137	628.4071
36.9445	33.8420	1793.7066
55.7783	77.1617	2712.9266
60.2913	71.1084	638.4412
61.5956	23.1363	1747.1816
40.1278	20.9413	2652.4342
42.8483	18.9000	1778.7721
28.8841	33.1869	423.9048
58.3632	73.0592	1462.1406
37.4496	37.6499	2252.7832
63.5546	2.5559	1224.6899
26.5741	19.7860	1111.3466
63.6427	36.1956	681.8547
51.7799	5.7243	2745.4242
75.9456	19.5824	1458.8569
76.8353	15.4992	1461.6482
12.4565	65.3647	1456.8919
36.0899	68.8066	770.7385
30.2279	39.8578	1032.0387
18.5580	21.1140	490.8672
70.0363	32.7471	1475.6345
55.6187	64.6711	1956.9852
44.1243	69.6310	363.2498
36.6362	8.6835	747.8093
5.6593	46.9109	254.8138
52.9467	60.8215	782.1422
73.6565	63.5044	2359.8562
41.0920	4.4383	980.4968
55.3413	76.4392	551.8332
40.0980	13.5951	1964.5526
67.6028	20.9856	2363.6866
1.2028	68.2031	637.6816
59.4112	4.3834	1687.7915
55.2388	25.0086	1486.5694
12.0601	11.8202	2218.0673
58.7103	59.0760	1899.3238
2.1183	12.1885	2491.4879
18.3855	55.1707	768.3238
45.3392	20.2870	896.7173
32.8353	56.2762	716.3640
70.6465	9.1176	1256.9214
56.6105	69.6975	2107.8584
8.1223	22.4695	2560.3637
39.1201	14.1114	2352.5498
73.7380	2.3272	1074.9788
38.4907	47.4047	862.6121
51.7324	1.3660	547.1576
30.0728	5.9907	354.6504
17.0609	44.0320	177.5787
47.8207	75.2019	1039.8750
66.0379	20.6423	471.1932
38.3288	71.4615	2081.5930
12.5283	59.3269	149.5796
2.9080	50.1510	2561.5829
3.2079	31.8423	2507.2314
50.3367	16.9775	1467.9936
36.8216	38.5869	1733.0138
62.7013	12.0420	2649.8219
50.3345	6.6924	515.2115
5.1832	59.8673	680.7765
54.7370	34.4473	1097.0164
39.0707	75.3968	362.0860
64.3298	18.4429	535.4450
56.8340	45.1052	2715.8070
50.4598	4.9927	780.6123
54.1539	51.8882	407.7449
7.5173	49.3489	704.6009
76.0760	62.9464	1073.2169
46.8452	61.3639	1486.7647
37.6835	7.9794	297.7536
30.9260	29.6603	501.5803
19.2843	44.1932	1231.9173
7.2496	4.1610	1946.3360
0.5509	51.6914	1866.2138
42.2103	24.1718	2492.4857
19.9933	42.0822	2752.7915
13.9208	68.4348	701.7928
16.4725	50.5385	480.2408
67.0557	62.7593	112.4848
59.6053	28.6331	2176.4969
74.6621	67.0189	2187.4278
59.1939	8.8821	2527.9378
48.3132	1.9911	2191.7494
43.4653	11.8210	212.2768
59.4067	60.0854	1068.8807
33.4302	25.7305	1696.0861
62.5670	31.7293	2377.5598
54.2954	44.4136	1141.6411
28.6925	63.6352	2709.7232
56.0194	32.2806	318.6514
53.3142	65.3316	973.0355
33.4733	20.2471	790.0144
26.5483	35.8738	1688.2356
3.4288	45.9767	2654.1110
22.1771	29.7509	2396.7732
72.7311	19.0589	2068.9691
26.4395	8.7341	1510.2860
17.4699	13.4011	460.4988
73.8349	0.9187	2732.4190
23.1335	44.1487	1709.7804
41.1806	27.1078	1461.4502
33.3008	59.4690	1989.0267
74.8886	31.0001	77.5696
32.8547	55.5323	2039.8503
28.7521	54.2442	2241.7836
43.5945	0.1112	2546.9776
73.7555	53.5332	398.4626
53.1449	36.4305	674.6011
38.4115	48.9338	1026.3570
45.9259	42.9121	2408.7781
0.2223	7.2311	77.6305
38.1097	45.1609	353.6868
22.7619	1.4969	1254.9366
49.4786	45.7712	2221.0286
56.5624	15.5598	682.6619
25.8013	63.2430	2561.4444
20.2168	14.2070	2225.7809
29.2699	31.8761	2315.7644
46.0163	17.2910	1197.6398
45.3277	38.2127	368.4940
50.5099	58.0360	574.7256
7.4452	43.9892	1321.0678
63.9298	8.9615	2794.4856
59.5697	31.7068	695.1790
66.0528	5.8226	107.4922
39.5990	40.7870	1517.8370
70.0883	35.1614	6.0764
34.4499	71.7001	1616.5667
61.5663	19.8898	2009.8880
45.0143	12.7146	2280.9758
74.3167	44.9461	2511.0444
17.3972	0.9100	289.7060
71.7079	72.3917	711.4292
69.4083	32.0452	2730.3769
48.9254	17.4538	1567.3378
56.0409	26.3567	1003.9089
62.8147	14.4211	792.9746
20.5302	48.8900	1569.4690
69.1729	43.6349	181.0695
53.5693	2.2022	344.8798
47.6782	76.7508	1208.8844
72.5396	20.6678	546.8195
46.4827	17.5942	1858.8509
59.8305	42.3351	1591.4747
47.5465	7.0304	1246.5203
53.2448	33.0591	667.3605
4.2587	58.3956	1559.0226
36.9630	22.8926	713.6381
43.9930	45.7884	414.6992
45.6806	71.5505	2233.3956
32.1066	58.6146	2388.8823
69.3391	16.6473	599.1329
27.4585	21.5641	1399.3318
27.7180	65.9991	2074.4644
46.5821	42.9183	852.5424
63.2804	28.6333	2183.4036
43.6538	63.8230	1993.2398
54.4718	30.1199	308.7461
32.4688	58.7697	629.2355
25.6926	71.6214	346.3459
68.9336	13.2102	2340.4391
57.8922	31.4245	2203.8115
18.9104	30.0483	1406.1123
20.9304	46.0939	2755.0293
44.2606	77.0768	1279.5400
15.7594	53.9533	2457.4742
67.3368	7.1269	1466.3274
56.5054	64.9390	579.5067
59.8153	13.8097	1847.4985
25.3173	68.5795	1994.6949
16.8738	21.6484	2339.8410
6.4453	13.2209	1733.0665
35.5985	54.9880	2296.6931
37.9879	1.7858	2006.4368
58.8231	14.0086	2364.8995
64.9774	16.5423	952.9381
73.5364	25.8089	1928.2531
33.0481	75.2186	775.0409
13.0848	62.4132	217.4926
27.0448	10.8042	1136.9486
37.6451	32.9852	1522.1389
67.1567	46.2644	820.4353
56.8617	0.5078	1040.6891
23.4739	40.5096	1297.9169
62.2629	61.3409	654.5768
52.2866	13.0905	428.6819
33.3680	24.5616	908.6050
28.2221	12.0474	1504.7169
38.5751	72.8148	1778.8366
73.9775	72.3542	1611.7324
3.2049	61.9253	449.9841
57.6912	1.5353	994.5671
1.9768	66.2231	801.9047
44.6184	68.8590	1309.6624
18.3016	70.0721	1656.1211
53.2719	61.8112	2634.5973
68.1202	35.6899	1893.3033
3.4102	27.4180	1418.9501
47.2105	36.7001	1890.1973
34.3907	45.0593	758.4129
21.9158	27.1084	2604.1502
10.5239	61.2775	2394.7057
20.0283	61.7329	1363.5332
32.1351	67.7464	2739.4458
73.3984	0.8164	1463.8988
32.2985	62.7246	395.7988
24.9053	57.6761	178.4497
60.4135	25.8495	2151.2625
70.2393	21.8560	655.7180
17.8185	20.3565	466.9971
0.2563	9.9153	738.9792
58.6629	38.9112	147.5611
26.1192	65.5568	323.1642
50.4611	7.9532	1276.2986
76.9029	8.2005	1300.9779
6.4788	67.8534	91.8297
76.4837	73.9546	1011.5170
4.2855	64.9182	2140.2103
29.7271	41.9874	1860.8300
19.3822	6.2644	441.2818
5.2272	31.4402	344.3652
37.7998	3.9748	152.7556
20.6156	64.9987	922.7806
21.7997	0.6486	1324.7841
37.8454	34.3893	1792.3149
60.6834	42.2404	762.9175
0.3815	13.4934	1340.3893
49.0330	33.3225	1282.5564
28.3958	64.3226	370.8548
39.2676	63.8486	740.5815
45.7586	14.5500	2501.9106
29.9757	14.4182	665.9554
73.5368	56.5962	293.1013
55.4292	9.3331	1167.6604
46.2118	71.3625	2616.2994
29.0932	66.2414	1316.6242
65.0232	55.5090	895.7826
5.4893	37.3546	2700.7950
5.9211	37.8984	361.6811
59.9895	55.0458	433.3352
30.5393	4.2632	1688.9547
24.1439	5.9168	434.9042
54.5392	32.2763	2293.7652
34.2612	14.1139	747.4455
23.0365	65.9949	163.6705
68.8136	39.7901	453.8739
5.7281	64.8248	1749.6526
10.1903	2.8860	2496.3694
49.0792	56.5184	2758.0182
16.5809	54.2861	2736.3984
54.7618	61.3841	870.7357
73.2229	17.4641	1096.0970
41.4448	51.1340	2442.2840
76.4306	70.1728	637.5735
54.1859	4.7286	611.6222
40.6375	55.2975	400.5330
51.0196	12.5239	771.8294
16.0742	9.1651	539.4192
5.9090	64.7912	100.9029
43.2341	68.9858	1356.8231
76.1413	58.8331	1103.5927
64.7377	67.3565	2720.4886
59.6657	5.0499	38.5390
15.7092	32.9860	421.7423
58.6190	31.4220	2593.6427
35.8073	7.9704	1597.9781
69.1616	6.9567	242.3772
38.0315	30.9440	2509.3092
60.9464	73.7062	75.1555
70.1272	45.3572	264.7444
63.2903	21.4088	1606.4738
27.6727	27.7963	202.0634
39.9285	47.0687	1268.1423
70.1390	22.5110	1334.5983
24.8935	30.7197	890.8609
52.6887	47.1067	2226.8062
54.4518	6.9386	1094.0687
55.8190	50.4043	2707.3645
71.6226	64.7547	1066.2391
24.6195	2.4561	2695.5753
31.7092	35.3320	1414.0200
23.9028	31.8967	1062.2222
52.4268	29.0220	1679.2639
58.1395	26.3443	1246.0468
36.2889	75.5479	1328.7726
16.2681	25.2190	1498.8477
12.3893	74.6115	2180.9980
45.1419	46.3229	2499.0475
38.0647	0.0582	873.5096
4.5801	28.9294	924.5509
6.1018	10.3782	103.1317
61.1887	13.9503	1500.6883
74.0875	40.3919	1686.5061
66.8093	26.6908	657.1129
33.1651	58.3012	1420.7566
20.5495	60.9409	2499.4144
45.6077	64.9522	1258.5933
25.5208	11.2529	1772.3068
24.3465	9.0607	133.4579
12.2356	1.2021	2226.2583
46.9478	73.5919	1121.6673
0.8349	71.3240	1638.8439
22.2790	28.9349	84.0884
71.4873	11.5621	1495.2631
30.9154	48.2344	2347.7188
53.2818	67.0601	1840.0264
76.8025	45.7967	283.3763
2.6248	48.3987	1272.4581
40.2474	34.9966	2094.7121
16.8518	0.7098	747.5967
68.1327	11.5792	535.7056
49.3194	72.3446	2307.5961
25.8226	63.7693	2393.7884
39.7661	67.8272	2774.2330
69.2043	74.2033	2137.7336
27.5116	19.8984	2731.0918
43.2105	20.6681	340.1290
4.0010	43.3619	286.5602
2.6034	58.9603	2491.0265
34.1553	67.6144	2804.4303
59.8014	57.8734	1823.1030
64.0760	25.7669	312.4223
27.6901	22.0884	799.5806
35.8788	31.4701	2354.7619
20.1873	21.9649	1193.2331
37.2419	26.8394	2042.4548
24.2942	10.4127	1150.6805
57.0320	71.4419	750.3784
72.7705	36.8189	1217.0431
76.4747	18.4500	970.4654
64.9519	46.9013	771.0908
54.4993	59.3160	34.4625
43.3113	8.2436	1367.3931
2.2994	18.9413	2254.8857
74.1682	72.9472	2031.4903
52.6026	76.5271	130.8646
6.9241	51.6805	2222.1801
53.1955	73.6165	394.3932
31.2563	6.8829	1981.6636
34.5215	55.5054	668.8816
37.4195	50.7977	2728.8767
54.9030	23.9335	1479.8636
50.9149	41.7461	147.7589
11.0199	2.9993	2581.0967
22.6455	30.6621	217.0518
77.1024	7.8945	689.0689
37.5597	9.7989	864.4378
53.0828	34.1362	1889.0716
41.4783	18.5138	2586.5741
20.9388	12.6518	279.6383
9.5190	8.5408	2415.3651
4.4719	56.8956	2473.6129
50.6574	35.8590	824.3731
50.2891	66.4084	540.3769
4.7769	17.5134	1451.3955
41.5874	51.4190	1149.7231
52.8400	1.9247	2071.5494
50.1081	57.5135	2247.4012
74.4154	38.3751	2059.6540
26.7854	71.0469	2653.8173
39.0964	22.4204	634.0874
9.6082	61.5017	1346.7627
11.0690	6.4639	496.7104
10.0306	46.5440	2549.0962
17.5001	73.6942	1433.7805
52.8013	1.9413	958.7853
10.8589	30.0019	2762.1108
55.9383	4.6507	733.4445
4.1476	6.9228	40.4729
59.1661	14.0624	1369.6831
53.5424	49.4073	1453.0849
37.5899	50.0613	201.6936
32.9832	10.0271	1865.0190
35.6523	64.7921	992.7565
27.3273	61.6852	920.3683
70.7805	73.3166	2151.6220
31.9252	68.2063	2767.6986
53.2782	27.3838	1456.7909
26.1920	65.1791	1499.5184
54.1935	15.5396	124.8299
57.2057	36.7541	724.5354
9.2043	59.0265	2258.7895
73.8026	23.6125	136.7169
2.2371	71.5045	1869.0432
2.5035	4.9638	846.4619
41.1185	8.6108	405.7428
68.2333	13.0585	2065.0407
63.4901	11.4058	1514.7528
43.0683	40.9462	2391.3252
29.7002	47.1455	417.1418
30.2780	8.2552	218.0613
58.2115	19.9168	1861.2001
52.2248	8.1388	661.2375
36.7707	50.7934	1000.9112
14.7645	29.3462	660.8419
9.8319	5.5909	2099.6057
9.9936	71.7259	2431.6075
8.8657	3.0102	2591.5176
74.7328	67.4030	1383.5988
36.8680	67.8516	1841.3545
32.1439	15.8576	1487.2962
10.7080	75.2007	985.9950
28.7782	14.2367	1170.3112
63.4771	76.0183	892.0274
8.6968	67.2229	1368.8358
34.4189	62.4264	383.8231
34.7163	52.0776	349.0100
20.6914	20.3379	2726.5590
40.9376	56.6342	2436.1095
57.4546	49.0332	1624.9309
59.3849	61.9892	589.9638
51.3281	2.0009	31.5393
58.3584	67.3380	1533.7309
46.1858	72.0298	2636.3404
26.0366	39.6216	2381.7170
27.8111	58.5095	2587.0557
67.8960	0.0158	145.3281
61.0430	56.0539	1152.2647
3.4905	65.1420	1964.5447
61.5187	76.0414	1443.9622
70.6935	73.5981	2695.7137
42.6178	29.1135	1967.2428
18.1758	76.6952	1714.9185
42.7567	72.6319	2202.1247
7.9760	12.1781	293.7202
51.5688	26.8332	2461.2148
13.6384	32.8688	1794.4625
37.3030	66.7393	2742.0036
32.4018	72.6701	1072.1952
49.9571	31.3266	2723.7222
0.5925	67.5519	1368.7690
70.5861	48.9469	1527.2080
51.5676	24.8303	1370.4311
61.9446	37.3052	698.4669
6.1052	62.1328	269.0951
74.1752	46.0121	1996.6039
2.1061	34.9243	2016.8485
26.4354	55.6221	886.0178
52.8835	45.8695	600.9393
60.0842	69.7749	581.8515
8.2942	25.8834	213.9861
74.1890	63.7884	49.9065
65.9728	71.3522	2181.2350
65.4024	0.9108	758.8678
71.4105	53.6205	716.8678
43.7746	48.5083	2376.9681
35.0229	76.9135	544.5790
14.2710	13.8370	237.8095
68.1130	14.8931	1963.1688
60.1778	33.4081	1965.8473
41.2289	19.7974	2189.4400
41.3843	71.8432	641.7486
42.4754	66.5527	2142.2573
21.7699	33.3555	830.7672
6.9796	24.0441	481.8775
39.2381	73.1843	481.1664
43.7801	26.5140	1416.9735
13.3259	58.5721	317.7799
42.7190	61.9058	2548.4039
75.2076	19.9749	1993.1239
27.0661	62.5972	676.6909
29.5731	4.9261	1099.6791
38.6505	7.4368	298.6282
27.6600	20.5695	1522.5724
46.8732	9.4473	1127.1616
19.9903	60.8300	2586.9720
33.8694	55.4646	539.0944
33.9847	14.8883	2476.1916
60.5586	24.4601	1603.3077
32.3612	21.9920	1567.4145
1.5770	73.1911	2668.5995
43.4012	19.4812	946.9394
21.8085	76.0491	220.8886
10.9977	6.2572	269.7979
14.9865	63.1504	532.0244
23.7465	64.5217	130.5493
27.6679	64.5113	1900.2157
32.0361	45.4318	881.4299
32.0234	49.4201	1324.9844
0.8326	20.3255	572.4344
48.4727	46.6312	1556.0820
37.7800	47.2928	1069.6727
11.2478	58.3056	1147.9469
73.7177	38.5766	1776.5873
20.1086	15.1435	398.8127
25.8390	45.5906	1676.8135
73.2736	69.8500	2416.3108
11.7275	12.7560	882.0246
60.4980	43.6449	124.4952
53.8942	1.6030	2181.6505
29.2169	66.1304	264.8105
28.4688	13.0645	2721.1229
52.4321	7.7266	1102.0029
22.0730	12.9994	2250.7171
64.0519	75.1803	2747.4965
36.0568	10.4131	1803.6787
12.2452	34.6405	809.7715
28.7041	32.8005	944.8745
21.6793	4.2467	713.4689
24.9134	7.5927	1917.5631
33.1508	56.2101	1965.4477
71.1437	36.3140	2135.0222
46.0395	19.1828	2474.1421
41.3642	7.8968	1221.6235
23.9747	65.6578	172.3097
21.1537	63.5051	215.5330
44.2252	39.1911	1580.2241
49.4269	7.2165	2729.9406
53.6484	48.4657	1539.5753
58.4104	3.5657	1068.2958
36.0790	54.9621	20.2226
34.3984	42.8770	1922.5976
12.5196	50.2490	737.0035
16.2453	76.7724	1967.5650
4.2332	69.1868	393.0834
60.0266	66.9837	2099.3853
3.1699	74.7545	392.4123
50.4696	26.5400	1500.0553
47.9256	41.8973	2045.7000
41.6716	22.6475	1767.7755
32.1947	44.0148	1372.8659
55.0851	62.4791	1379.7338
59.5059	52.4819	1731.6509
76.7204	67.3215	1256.4574
15.2258	74.2161	691.4208
71.4219	71.7775	2083.5718
58.4931	68.9998	1951.4415
20.1944	66.0858	2551.3883
76.5612	30.0565	523.7843
52.8453	44.9998	1589.9940
39.6964	57.0867	1564.0441
45.6370	30.3031	2411.8524
18.1758	17.2444	572.2028
6.1040	73.4479	2110.5493
15.9798	62.9769	1462.3211
3.4705	49.6851	2291.1373
49.5907	16.3978	570.5460
69.3635	3.8722	1246.6654
73.2474	23.3856	562.5714
1.2329	8.1723	369.9125
19.2469	13.4003	2740.7483
20.2831	2.3316	1860.6827
11.2613	15.7464	906.4116
2.5608	45.7927	569.1536
42.6825	27.5905	258.6261
72.6908	74.4811	168.5921
5.1121	75.9783	1512.6735
29.6950	74.9977	1333.4308
38.3568	18.8241	769.1905
61.2787	74.4090	389.8290
3.7461	63.2806	975.7688
75.1723	33.4329	2814.1512
10.6332	71.4887	2546.9442
64.9370	52.6957	1570.3999
4.5668	15.2224	952.0191
31.9025	18.6865	1194.5788
8.3563	17.4079	2083.8813
67.8951	72.8408	1503.9056
44.1431	17.3213	1040.1820
6.5220	16.2793	974.2897
67.4271	16.6106	2563.9091
19.2781	57.2720	814.0984
26.6192	16.5801	2580.4936
57.2603	31.7110	735.0501
5.9248	46.8301	386.7825
5.3238	16.8310	2600.0566
25.6103	76.6197	1415.1410
18.6027	47.5794	796.8986
50.0604	13.9156	1182.0209
48.0292	45.8528	642.6891
13.0185	75.3044	636.8973
53.6801	0.5712	2237.7629
18.2803	10.6094	2043.1644
71.9331	40.4962	57.8220
54.6892	4.0664	2027.2298
40.3496	30.6418	1938.6140
73.6533	26.0896	139.1581
37.3542	64.1881	888.1723
41.6689	24.1783	193.7400
22.4835	8.0803	1126.9182
75.9656	20.4372	602.4458
35.9738	9.9416	1067.3465
62.4806	75.5967	1263.3032
44.6947	19.3212	2476.9616
28.0796	18.0343	147.2466
74.5390	21.4930	1474.6770
67.2393	55.7510	1754.6537
60.6377	26.9946	1820.1430
75.3075	25.8346	2715.0545
13.0748	63.2796	2731.4527
57.7836	73.7796	209.0041
71.1862	52.5336	2401.1324
45.7714	48.6251	2277.9175
14.9016	47.4865	1274.9091
20.1504	55.5394	881.9435
25.0006	64.4913	883.6460
28.8606	1.7610	1072.0265
54.5655	55.2323	2775.2554
55.8785	13.7801	183.7467
23.6436	65.1922	701.6684
6.6324	3.7906	2326.0125
25.1583	49.7804	557.2553
51.8834	13.0925	2726.7750
68.4425	30.2772	63.4636
40.0067	69.7417	1671.5745
19.1330	32.7952	971.9168
15.0254	46.9882	1424.7490
40.1106	25.5752	1499.3542
68.6921	60.1929	2719.4672
29.5912	9.9163	2480.6151
65.7909	21.1134	2526.7153
30.3917	31.0576	1260.1690
49.5726	71.1961	1877.0360
39.2634	7.2888	186.6881
54.6345	34.5293	240.7729
4.2988	59.8038	2140.8244
59.0021	66.8872	2545.9458
0.9024	40.7226	1194.9478
15.5882	43.9933	910.2094
9.2427	17.1503	2522.0827
43.5000	42.6675	750.6913
9.0101	60.1934	2483.8790
29.8613	12.5279	2025.7974
8.6323	31.2728	889.1735
3.4933	7.0101	2659.3590
16.0373	37.0845	1350.4359
29.5145	33.9664	2445.9326
43.5866	12.6169	587.7023
52.8580	16.1151	290.9022
4.5975	66.5690	1067.0708
0.9065	69.3001	617.6173
51.0065	45.7371	2792.8680
28.0355	64.0853	2243.4995
48.5025	5.4374	35.0611
43.1604	62.7144	1039.0471
55.5549	18.7357	743.4009
31.5156	55.3223	1482.8863
72.7179	17.2656	1141.8840
10.6780	60.3909	1488.0625
75.8928	5.0002	216.5657
53.0825	72.9056	2670.3647
60.8974	52.4576	649.2919
8.9434	43.4859	1817.3798
38.7011	6.7959	499.0862
14.2422	57.9840	2185.9617
47.1159	33.0086	217.1508
64.5379	27.8866	2145.8786
30.7581	0.4052	308.2311
17.3627	40.9470	1232.0874
59.5605	45.9995	321.6618
48.2267	12.6028	1164.7830
60.8108	27.4292	1620.5620
27.7162	46.5907	997.3727
53.6672	11.1140	1553.5630
56.9875	4.2328	1425.1938
76.3680	67.6868	588.2341
38.4689	49.8741	931.8040
56.8440	39.7578	413.7199
10.3037	18.7846	323.2431
61.3988	24.5821	1299.4124
30.2692	4.2863	982.6378
61.6271	7.4680	700.4736
75.9482	66.9085	1985.5373
54.4491	53.2831	2673.7197
74.7747	46.0037	2410.9199
62.1130	21.0994	2479.0936
9.8209	13.3153	1160.1111
7.2495	40.9082	1966.0688
53.2051	3.7198	1605.7442
59.9026	44.9214	1737.5422
56.7211	45.9008	1750.2131
45.8802	24.7861	2503.1435
62.1193	76.7670	2056.6408
69.2193	8.2940	1908.7566
61.6449	28.0744	1493.2859
61.4047	69.8335	505.5561
24.9804	59.1886	2278.0284
9.2975	55.5613	2439.6190
41.5779	63.2133	2177.6457
74.3699	51.9913	806.5285
40.4998	53.4233	1879.9416
23.7663	44.5815	1429.5505
13.0512	46.6107	737.5611
66.7727	1.9089	122.5749
31.4732	51.8294	118.0598
22.1150	31.7697	68.4010
4.4692	6.1002	2541.9472
71.4591	32.7474	2053.0379
73.8255	27.2026	1099.5708
30.4208	69.0768	2340.2136
62.7418	74.8301	2703.7264
26.1814	3.8187	473.5451
23.6594	50.8745	2342.9757
28.9526	65.5156	916.4876
36.6676	59.4955	2400.1480
14.6500	3.2451	1833.2282
9.8677	53.4483	661.9808
42.2805	24.3878	2502.7035
58.8835	40.4809	1050.1673
16.9095	17.6957	1965.2463
39.6309	9.6641	1132.3066
33.3690	51.4739	26.3701
2.9793	44.6452	2553.7936
72.6592	11.5795	1596.5997
28.5506	2.2095	429.2945
51.4147	14.7820	386.8936
56.5781	50.1533	2320.0607
6.5536	16.2923	871.5103
21.6669	22.3531	2150.3984
4.7703	63.8477	131.2260
74.2479	63.1970	2778.7206
76.8102	75.3978	352.6569
29.7796	21.0977	1702.1373
6.1943	53.2815	2552.4108
60.3774	18.3469	1100.1298
24.6454	5.0742	118.8749
24.2742	66.9244	42.6761
50.3242	49.5008	2588.7259
12.6277	51.5296	682.5690
48.4702	35.1199	2272.1389
67.6727	7.5474	2248.6321
27.2631	23.0068	404.0078
17.6107	69.2125	343.6739
32.5627	32.7817	809.2779
72.1278	33.6740	447.6142
26.8514	29.1110	748.6063
56.5559	23.9598	1572.2979
24.5526	27.5210	3.0398
59.3232	12.0492	194.7995
47.6684	44.7273	2785.3209
9.9177	21.2086	2101.1770
10.0592	19.0945	2478.0083
28.8335	73.5604	1958.7501
18.3794	39.2278	1485.5626
35.0284	55.2540	1748.8003
30.7011	7.4919	742.9479
15.6788	58.2910	736.5304
50.9571	33.3393	486.5352
19.2539	4.1962	1966.5867
67.7123	45.7197	432.4186
5.8238	4.1911	182.4074
12.6343	33.2322	1077.6138
5.3841	64.2850	1839.6845
74.0304	43.0665	1225.8121
0.9993	18.7544	190.0228
15.2597	58.1125	2243.6109
40.6660	14.6680	2501.8550
75.3478	8.7034	2502.7527
51.5932	29.5536	1206.1937
51.8998	59.5854	1283.8826
39.7110	70.9831	2605.0850
8.8049	3.7458	216.6401
72.9629	52.0647	2492.7208
12.0865	43.0627	737.1962
68.6105	12.8339	1284.5940
27.1942	33.0191	1031.5817
25.7220	18.0286	409.8688
44.3049	61.1476	1209.2371
63.4776	15.7155	2309.2864
73.4401	17.4409	1361.1858
34.9887	9.1088	1540.5455
17.2631	50.4862	2366.6538
76.5590	66.7385	1784.7353
67.4240	74.2945	1278.7195
15.1465	21.5882	1747.4585
57.1311	18.2673	485.0227
6.5937	58.8393	243.0009
58.5038	68.2902	2597.5264
51.8089	6.6070	795.7887
31.2936	39.0807	1754.3836
50.3943	50.3447	1812.7191
37.6986	35.3417	1179.9357
34.1312	66.8886	2114.4767
39.2856	61.1700	173.2998
24.0609	3.1453	486.9353
7.3059	41.8074	1355.5936
15.9279	62.5302	911.4486
20.8753	61.9714	1599.8386
42.3999	27.8500	1444.0281
24.8152	13.0446	2394.8991
74.1817	36.2182	12.8071
14.5656	44.5887	696.6708
27.6040	18.2317	807.0263
31.9075	27.8824	56.2884
26.4379	8.7316	1510.1519
10.0347	40.8259	872.2371
49.6031	56.0211	2371.3943
19.5589	27.6271	1023.9261
1.6304	46.8184	1715.0455
14.5171	61.6322	1045.0653
7.3802	36.8592	859.3149
2.3990	67.6203	2483.2679
42.0570	42.1576	976.5350
37.3748	70.7799	2213.2033
44.0090	25.8140	1891.1953
36.4193	74.6620	1786.2083
28.9078	37.5519	2325.2988
29.8950	15.9369	364.5517
72.7589	61.2672	1138.2776
52.2498	71.6861	238.4401
15.3995	30.9612	1874.2389
1.4055	10.1490	2033.3120
59.7408	5.1009	1005.3694
28.3289	19.7178	1457.3374
63.0957	48.9692	564.9127
49.9945	7.1530	2728.1030
70.3197	59.4287	723.6801
22.6901	24.9522	1020.0630
25.2300	24.4394	1262.7019
5.7906	38.5296	2663.9246
24.8405	17.4884	859.6618
70.0127	76.4039	786.5100
73.7562	32.1030	2163.4862
43.0502	24.9038	246.9291
12.8507	22.5727	2286.1190
60.0571	70.8824	1581.7588
59.5334	66.2085	2230.5792
28.4981	38.5124	843.6170
32.6964	45.9973	2409.0593
58.4078	33.3073	569.5606
1.1975	11.2547	674.5482
19.2831	71.0647	192.0212
58.4492	66.5250	2120.6031
40.3492	15.3904	1179.2686
68.7777	24.1903	659.8099
61.7858	37.0340	1837.1720
73.7706	23.7538	968.8356
70.5978	26.5903	1930.0030
61.4877	69.6221	743.1926
21.2361	71.1700	396.1032
69.7128	33.7273	2276.5021
25.7084	37.8613	1718.1987
39.7438	67.1218	1976.0609
58.5841	74.0986	2451.5780
33.5346	48.6211	371.8530
50.0394	1.7413	2772.7135
17.8098	77.1409	2671.6118
25.6410	10.8797	2462.9246
12.8540	59.6712	522.5730
56.3999	20.3640	1830.7286
50.6976	3.8611	1650.8602
68.4040	16.7359	1947.3160
33.9823	70.3060	2602.7540
21.7975	30.7941	1869.9192
71.5011	62.3502	2149.9493
5.6037	17.7306	728.1586
50.6752	15.2338	441.4523
34.1158	27.0156	675.7752
37.2806	37.5588	2182.7889
30.3995	55.4158	407.5797
2.0299	21.2433	574.6467
57.3085	6.4076	1789.3490
59.6415	68.4606	1441.7752
76.2336	56.8738	1941.2467
66.4801	31.9029	248.4156
66.1855	54.2783	360.2917
69.2104	53.3226	1877.4490
53.6734	5.0008	1567.8259
73.8363	0.9199	2732.4464
30.6392	51.1151	2191.0175
74.4396	45.4744	1704.0336
15.6677	27.3673	1798.2611
69.6077	19.2202	2335.0560
34.7634	47.2286	321.7958
33.8720	20.9708	92.6811
33.5275	49.9488	1965.9215
59.3520	32.4672	386.9620
60.6932	56.8423	1642.5536
10.2331	50.0173	35.6335
46.9524	1.8369	2141.5348
44.2254	31.7870	379.6816
72.3367	72.3918	2011.7786
75.4478	31.6924	276.5085
53.6198	57.7822	1842.2461
12.5795	23.1302	207.4476
23.1490	25.7934	2001.9273
3.8618	48.9770	2554.8258
14.6416	76.5577	815.7811
20.3730	60.2398	2637.2293
26.5679	52.3612	883.3223
20.2104	8.5942	79.0796
5.6941	1.0899	1319.9675
9.5514	17.3922	2401.4539
77.1571	62.2649	2444.8833
71.3458	30.8868	1840.8964
65.2572	50.9816	141.2345
34.5028	28.3932	1201.8543
52.6968	6.5012	557.3722
4.0194	40.2495	1160.9182
54.1670	74.8843	707.9983
1.8798	7.9197	2756.0899
26.5199	7.2195	2035.3760
22.6117	0.8365	1905.5353
3.0530	58.4413	1063.1463
13.1740	14.5666	165.4228
61.4293	47.1828	276.0563
0.8905	22.6222	2688.5553
38.7833	62.5562	2578.2817
16.2800	67.7073	117.9706
33.3103	49.6421	2378.6133
25.5193	61.4337	2515.7315
5.1408	62.9327	387.2388
17.5316	0.4701	1393.7630
72.6796	33.3759	1765.8397
21.3055	6.5608	1466.9465
74.9452	23.1573	1235.5289
46.8369	49.4940	1857.2804
34.1363	24.1676	613.0740
67.9462	52.8043	1541.4502
76.1021	72.5961	2112.6022
3.9801	14.8713	2337.6497
59.7816	50.1439	1131.5870
57.8441	55.5223	537.0558
70.7748	28.1144	232.6140
39.9289	74.5419	285.6598
6.9535	51.3702	731.0239
2.6372	57.8324	807.5028
70.6829	52.0299	501.9606
64.9681	23.4666	2606.7088
50.1210	71.5406	1697.5572
65.1163	68.7913	665.7199
50.3643	6.3631	1693.1100
71.9296	45.6012	61.0401
52.8717	51.2480	26.8997
66.4299	59.1840	1125.8436
40.0224	43.0060	1709.5362
37.2742	52.0122	2238.1203
5.5059	4.8924	1936.5347
14.0542	69.9752	1548.6702
5.2158	33.1620	2678.6584
25.9321	16.0659	53.3400
54.0212	33.0893	1398.6390
37.8932	49.6379	2099.2993
75.3778	66.7510	775.9695
29.5682	40.7553	643.3329
57.5892	34.0012	1274.4708
27.5510	65.8569	2026.0268
19.7820	44.6758	602.7107
66.2831	73.5774	784.7675
67.9024	16.1815	2681.1661
7.4632	27.5132	1539.3808
3.7791	39.1909	686.0282
10.8483	73.2174	415.1594
73.2208	62.6535	1531.9421
75.9726	0.5780	2265.6583
34.2212	73.8624	596.6990
38.4838	10.0060	1668.9508
7.8921	51.7867	2067.8311
39.0804	73.7260	488.1972
47.6296	68.6257	2805.2868
31.0638	36.0416	2615.5761
74.5764	26.7160	546.2677
48.7242	21.5855	2463.9324
33.1158	59.1392	1690.4611
38.1051	22.0651	2271.1570
49.6802	42.0908	1363.8473
44.1671	49.6536	2781.7731
66.0580	21.7389	604.3053
39.4330	58.4983	2557.3869
42.0200	25.2570	457.4551
14.3694	73.4233	2694.2249
9.7543	24.2082	894.9903
57.8918	60.1222	275.6278
50.6358	46.3894	2489.2741
58.7777	18.9664	729.8400
53.1719	39.7591	700.8262
53.4718	13.8306	23.4467
12.5368	37.3751	879.6677
37.3582	43.5073	1790.8241
17.1647	48.7478	491.2760
2.9358	75.1567	1796.3469
15.8580	56.2150	1716.9732
48.3114	43.9029	1471.4862
12.5704	69.0026	2559.4528
42.4171	23.2462	136.7674
43.9091	12.7594	2254.8179
14.2167	57.4761	1892.8189
54.6619	26.6214	586.3769
5.3339	52.1981	2016.4437
61.7387	59.4379	1688.0588
27.2876	40.8688	522.0272
44.7196	68.5705	2434.9295
3.3080	38.2896	78.5885
13.7296	55.8982	1922.0306
41.6910	12.2994	2772.6260
17.4493	16.7889	1586.4476
75.2475	5.3282	825.2877
8.8688	70.5585	744.4471
42.2637	36.1353	1106.2570
60.1092	2.9981	221.1034
14.3485	30.1042	503.8543
16.8590	65.5637	294.0119
25.6052	31.5962	2066.9647
41.0444	61.5622	1235.0254
29.0182	39.0183	1617.0359
11.6579	73.4565	1748.4726
30.5768	3.5097	960.3816
42.1302	3.2040	417.4214
1.2609	46.3679	385.5003
13.1844	13.6504	2058.7608
27.7069	21.1517	1274.3496
25.9121	47.9369	2747.7382
52.3215	29.1573	1219.9684
76.4819	61.2557	2571.6834
4.3280	48.4915	620.2371
6.2337	1.7274	2695.0145
47.8725	13.3907	383.5855
10.8740	50.1601	67.5031
11.1638	19.3314	353.3772
49.4110	53.3381	843.3904
73.7959	4.4643	1936.3305
34.4790	43.3843	432.2011
40.2962	47.0302	1369.1043
19.0381	10.5561	1250.0847
15.7119	74.5640	1367.2603
50.9785	55.0379	1968.1303
62.8807	45.9780	1163.3810
60.2794	63.9170	1396.3059
36.7406	69.4433	695.5269
24.4197	48.7299	1263.9421
71.0965	38.2534	362.3743
31.0123	55.1109	2456.5588
21.7761	0.1125	252.3004
65.0050	58.7387	2782.1500
14.3094	62.9685	1562.2791
47.7544	63.0773	1764.0745
74.1500	26.3579	1791.1133
58.9751	63.6688	2662.2484
76.1484	49.9966	170.2686
62.2173	10.7575	1282.5524
44.0709	7.3810	2785.2574
51.3239	62.1026	2790.9820
56.5635	73.5069	276.4007
72.6721	57.8180	2800.3120
23.8689	8.5920	1525.1669
65.2823	73.3881	576.9191
65.8997	20.4681	546.9363
64.6466	17.2967	158.3715
48.4326	43.2118	351.3060
75.6185	65.3400	2062.5009
30.5497	7.7785	231.5049
62.3522	50.8868	646.8034
0.8730	28.9049	1218.0351
66.1032	36.0292	608.5032
64.3781	73.9261	76.4626
45.4962	8.4091	1044.4352
40.4438	68.7774	1991.8742
57.7198	73.2695	2241.3020
13.1917	55.3252	2173.7519
13.2027	57.9715	639.0860
73.3914	72.9712	334.4117
65.7626	55.1806	1182.5465
1.6450	39.8186	1009.7491
4.5025	11.6951	2611.7632
42.3023	17.8501	2402.6833
9.9530	75.1781	1662.5835
49.5476	61.2715	1573.2228
45.0241	7.8916	238.6125
40.5033	64.4610	473.4691
22.4843	9.9067	1492.6129
15.5008	30.9154	764.0388
18.1733	40.9631	1900.6682
37.3603	35.8945	2205.3517
52.1780	20.4575	2699.3569
29.6497	24.3778	889.5574
67.7157	13.0686	2458.0591
35.3945	55.5408	2694.2914
8.3623	1.2422	531.5634
17.5876	34.9990	1921.4377
53.2289	13.5674	279.0697
63.0481	58.0487	1240.8252
28.9721	16.3386	730.3539
16.0313	11.8083	343.4718
8.4813	12.9516	1501.3887
57.5696	5.2085	1455.1988
39.3543	63.1202	1346.5104
64.8547	42.3757	1980.7965
27.9083	24.3854	1872.8425
28.1653	11.6222	313.5614
28.0897	65.8621	2777.5247
62.9970	26.5727	710.2947
50.2597	27.9527	173.2071
69.6660	73.3342	2126.0174
60.9661	32.3505	375.8246
74.3112	6.4145	2131.6800
61.2244	68.0878	1122.3540
63.2069	22.1352	2471.7254
46.6084	49.3305	1480.2274
38.3153	60.3834	2619.0698
35.2870	22.0119	530.5408
55.9661	10.2384	691.5376
75.3311	21.8057	2002.4529
44.6138	21.2129	1206.0368
39.6888	76.0553	1154.6642
15.6390	12.4198	2057.6310
33.5555	65.8754	585.1095
7.4568	74.0032	1451.0668
55.3982	29.2676	2051.4934
61.5747	58.8831	1135.1304
12.2500	33.1371	792.8955
37.6328	1.8736	1015.2348
22.3078	45.5223	1689.5431
72.5390	59.1993	2703.5386
58.9386	67.5815	204.1105
74.6535	8.0962	1327.7699
15.9069	14.0754	51.8569
14.1071	69.6625	226.1459
29.4782	42.8419	966.7657
24.9773	60.6945	256.6948
69.6545	13.2541	2009.4816
73.2916	43.3363	1259.6565
31.4848	58.4107	1176.5011
40.2589	55.5190	706.8377
70.2154	18.4584	43.6346
8.6381	54.2928	2558.2901
33.6615	42.1182	201.0373
14.0876	17.4394	59.0932
18.0403	0.8874	753.9607
22.4623	53.6891	1150.9516
58.0691	40.2421	2291.3980
28.3242	30.7402	162.9748
47.6099	64.2506	2660.1909
32.2433	55.7881	403.1128
22.6759	7.6338	2682.5843
10.3781	15.0206	2565.7681
47.8751	38.7939	1298.0528
23.4809	61.5851	1419.6929
19.0838	31.5096	310.1491
37.5706	33.1369	1628.6234
48.6682	48.6264	1357.1766
36.0449	73.7586	1104.2082
70.5901	55.8420	1020.9615
19.6649	32.8885	989.0174
5.8019	3.6020	1410.4905
39.9882	35.4997	1184.7972
40.8953	1.2436	479.2794
34.4733	28.1721	1503.4047
51.2896	9.7034	2042.4192
59.9509	2.0167	542.4934
59.0421	33.9096	954.6575
2.4197	71.8359	1434.6944
5.3264	45.2666	2461.4736
30.2562	55.8016	2023.1855
5.6973	11.8888	2062.8507
19.6751	19.9694	1257.7145
44.1426	60.9027	1320.0916
75.2346	46.6917	1042.0083
12.3909	45.4670	2781.6995
33.4867	30.6284	1290.0122
2.9790	53.0832	277.4984
21.5906	71.5283	2670.8321
56.8168	67.3108	1062.0727
1.3367	55.0621	1274.0703
27.1454	0.0136	1183.5152
59.7123	45.5864	274.8138
18.4010	6.7798	843.9343
33.6135	53.7334	2006.7296
65.9033	72.6655	2526.1381
47.5064	17.9704	1348.1510
34.0172	24.7175	985.7486
31.3398	58.0699	2806.6808
38.3753	41.7417	305.5396
6.4852	52.7309	215.0955
69.5279	15.4394	1239.9081
50.7598	29.8188	2712.1743
12.9915	33.9971	887.0058
68.8083	76.3907	1966.5544
59.2064	2.7716	1101.5775
4.9520	26.8024	1396.8939
61.9293	15.6952	1248.1585
46.0709	77.0881	2411.8384
47.2540	29.7812	31.3075
13.2106	31.0186	284.1690
33.8944	45.1623	2709.6477
2.9107	18.6802	1711.4642
15.9375	38.3295	1950.3841
52.8185	33.5754	2469.4413
74.3885	15.4839	1800.6576
68.1538	72.4970	1221.4252
75.1422	48.1037	1133.3358
15.2702	60.2792	1142.0651
55.0785	52.3166	82.3744
31.4277	16.5078	663.7299
36.1101	2.4154	1658.3186
60.4507	75.9569	2726.5711
72.6224	46.8778	64.8225
14.4473	74.4351	2814.7305
72.5362	23.8168	511.4338
14.4306	17.1235	577.0943
3.8027	3.1648	993.4358
4.1894	74.8846	2430.9575
22.9726	20.4532	148.4692
63.8223	3.4046	379.5473
59.9434	48.3624	2084.3344
51.9951	2.7420	873.1346
60.2637	4.5889	884.3333
61.1582	30.1028	1945.6460
36.0671	54.6353	2058.9980
41.0967	57.5769	2408.3762
55.8461	10.7142	894.6234
18.8525	17.3769	494.5541
52.1970	58.2281	1312.5356
72.2219	1.0177	2172.7858
68.4346	60.2122	2799.1614
64.6883	20.6275	951.1685
1.7804	30.0802	2492.6647
19.2221	51.4748	392.0508
58.0678	16.5763	208.5686
2.8339	65.1060	522.5880
19.0054	49.8592	2341.0547
34.9795	61.0169	1296.5232
30.4447	51.5459	1688.4673
16.6046	70.3831	1485.8521
13.4947	53.5192	456.0685
51.2298	26.7316	2792.0393
12.0534	3.4956	2623.2023
65.6070	3.3926	657.7695
12.2445	20.2771	2447.2659
41.3621	33.8955	1618.6869
18.7245	50.1089	1224.6691
68.1982	27.8524	1394.2394
29.6695	13.0491	1260.8546
8.0279	35.3824	723.7408
74.6693	46.5950	209.8851
48.8472	13.3045	1080.1072
29.2354	36.9443	61.8486
60.0070	7.4741	1278.6849
32.4399	38.8517	748.8410
40.4218	71.0300	2550.4645
1.5913	24.2946	2492.5721
67.6138	59.6600	1342.5256
55.6586	66.6242	1265.4064
17.9908	14.6393	1817.5161
58.7343	70.4679	587.8614
6.2249	26.0538	1940.9820
17.3091	41.0738	1417.1627
61.4333	14.6615	213.0129
21.6117	25.9455	116.8065
3.9756	26.6137	423.3648
27.7422	42.7884	569.0218
63.4685	66.4722	1927.4062
59.1954	52.7103	243.6061
34.2767	53.9821	1129.4100
66.9368	33.4065	1149.8576
27.8029	11.0401	1163.0233
22.9901	0.1400	1684.2192
45.6733	71.9123	2187.4454
10.4620	48.6384	111.0722
14.2699	34.8847	824.0942
4.1744	67.2436	2014.1964
72.6721	3.5045	939.5998
22.2471	8.1768	883.6526
2.0068	48.9499	2544.7572
7.9034	74.4846	465.4949
76.0471	6.8862	2678.9794
13.6115	76.7799	1583.4702
67.5318	16.4578	2347.9247
58.5352	27.5779	1921.3733
67.9926	63.0070	56.3811
22.1306	20.8949	129.1355
0.3389	31.1415	2555.7702
7.4670	76.6084	496.2030
6.0992	65.5882	168.7021
54.8202	11.3965	1785.7093
15.9903	0.5623	639.2784
23.4866	13.1154	628.3658
12.4426	75.3315	1418.7634
69.6981	18.3294	2420.8269
31.8901	67.7270	2402.7254
18.0907	35.5783	1122.0000
42.9447	33.2671	1211.8920
75.6988	62.5800	1206.6932
56.1742	60.2534	793.8495
1.3900	6.5171	639.3595
76.5422	24.2674	58.6331
17.1945	46.4327	1600.6111
62.8362	25.6905	2495.4821
17.7750	36.7338	948.4475
53.2031	27.8317	61.2247
3.5883	55.5143	96.6824
6.8130	76.8763	2629.7247
60.1520	56.4989	1367.7901
20.1308	42.1204	1654.1736
52.6610	51.1501	1149.7248
72.2132	10.2923	813.6391
43.5279	4.5452	24.1254
44.6401	4.2892	2776.4303
27.1349	32.0358	2322.2761
71.2004	36.7249	1353.5635
55.5002	10.5616	2392.0079
66.1028	40.2161	1301.7723
4.2890	71.7488	227.6589
42.1749	41.2253	2250.7218
4.8989	72.0955	553.3286
41.4758	29.4021	186.1096
47.9232	50.8325	781.3418
70.8755	60.7013	1326.1285
56.7761	23.3427	981.9429
46.8014	67.2489	2789.9932
48.4943	53.4927	2426.0882
52.0585	11.4872	2707.9544
45.6945	72.4560	1550.2455
6.1421	6.4613	2252.8554
72.0107	56.1810	695.8220
22.7768	13.8163	1380.6505
66.4896	70.4619	1465.7473
4.5712	39.8095	2606.5427
75.6578	41.0822	507.8396
61.1189	15.1289	473.4370
50.1848	40.6812	2113.2930
74.9723	6.6291	1861.8527
33.8249	17.8627	90.2433
47.6770	30.0803	1250.1888
62.0550	49.7321	2383.8941
53.2259	41.8330	2088.7063
52.9019	3.5392	2281.7798
64.5323	46.0153	1706.1314
7.1592	8.9432	1066.4298
48.6053	71.8245	1353.4348
73.8271	2.7756	1259.7730
32.9908	9.1474	2600.9343
55.0440	53.2184	1195.7192
58.4419	17.0785	1670.6801
24.1483	63.0265	1153.6975
72.8645	73.4263	1068.8251
51.1439	40.5347	1242.8776
1.5379	39.3481	2381.2114
7.6650	11.4362	217.7803
29.8230	52.4384	525.2156
32.2560	63.1353	2507.7931
15.7901	27.8597	1563.9339
5.5087	11.4956	2387.5203
25.3076	58.5739	1410.0055
73.0184	0.8640	925.4046
49.7041	63.0885	1239.1211
37.0282	58.8539	1832.2813
64.7631	52.3128	1519.7318
21.5824	36.8502	1816.9326
76.9074	12.9056	2751.2569
23.9850	61.7671	2446.6234
42.8515	8.5360	2058.5047
59.8337	62.5889	759.9450
70.0167	38.8459	2764.4357
12.1110	46.5070	1716.2439
69.2089	15.0990	21.2443
45.6050	36.3070	2377.6655
48.3784	76.6689	2456.0339
49.3357	39.9534	1470.4257
68.6858	24.0653	769.5231
67.0593	48.0712	1103.0376
69.4484	1.4400	2426.5275
55.6667	0.8281	1037.2293
60.4863	72.8707	1649.8540
45.6857	59.2809	2713.7256
18.4235	68.1809	283.6365
5.1174	50.0946	472.6535
62.7568	70.8347	932.8152
18.6482	16.0772	1736.9980
21.0464	52.6424	1242.5768
7.3343	3.6417	2690.4698
12.8440	68.3127	1680.5341
40.3811	11.5058	906.9463
2.9227	0.5849	2149.4751
72.7890	11.7422	1766.6538
59.2554	61.7694	2065.9946
7.6349	76.1849	1810.9346
24.3562	51.2524	2460.4244
30.8365	49.7096	1203.6218
33.0247	37.9867	1792.3260
69.0964	3.4016	1435.4617
74.6817	49.9557	186.4575
37.4418	61.0943	672.4833
60.7396	70.5268	581.0822
31.1265	67.6830	2464.4747
27.0046	7.6900	1263.4789
62.3178	22.3102	1444.3566
40.1516	23.7157	74.7315
23.9173	11.0380	993.3088
56.3860	25.9568	711.6956
34.5404	75.1382	748.9679
3.4818	21.4976	1987.8254
4.8863	56.1206	1566.2572
41.8754	65.3085	1691.8244
32.8677	39.5108	1382.4475
2.4707	51.9099	1328.7242
35.6864	10.5463	496.2469
43.2372	53.8726	1542.6153
6.4171	23.9197	85.7824
16.5051	64.8796	231.7049
30.2632	69.3844	100.5344
71.1177	70.1397	1905.2076
65.6299	59.4946	531.7807
56.9538	46.8716	601.6932
51.5172	15.4741	1671.3088
65.6947	60.2124	1148.7481
66.0176	13.2113	430.9335
76.8718	38.6196	1301.8065
16.8732	19.1665	2691.8383
4.1859	38.1207	2471.5683
72.6164	62.7233	2733.2949
30.1805	71.8110	2747.3013
73.1755	64.8905	2359.0558
50.3331	77.1447	63.2986
15.7175	1.5549	2647.8980
5.5063	44.7310	609.0426
32.0234	22.0026	1895.8197
35.4192	69.3992	100.1352
64.5847	39.1110	225.1155
63.3110	23.2340	507.4841
55.2709	8.7756	1841.8826
11.9781	37.1558	2667.9580
39.8316	71.6082	1971.3811
4.6321	50.9611	1769.4609
19.7351	49.1300	2365.5680
57.4243	55.2572	1933.4975
61.6909	2.2817	2347.7019
47.8130	59.5698	1893.2010
22.6493	45.7837	836.7271
15.8291	60.5611	2362.8808
67.2529	20.7233	176.2631
52.2667	15.7346	782.2567
68.1295	3.1194	1888.0043
76.1212	18.3239	1273.5170
63.3576	16.4893	2106.9528
62.8584	0.4856	2766.7901
38.3911	32.4572	1513.3912
40.6451	58.8237	2372.5506
65.3078	47.7384	624.4302
58.1397	23.8585	57.8766
54.2412	75.5968	1144.7431
63.2004	19.7424	2453.8483
2.0600	23.8513	2095.1247
17.5504	15.7823	222.8533
44.2792	36.9251	1440.1351
1.5170	33.4553	260.9458
28.9347	24.0010	89.6630
33.9162	33.6273	1134.9041
9.2682	57.6547	2007.2711
65.0539	38.3632	2390.1223
35.4896	45.1698	2283.0754
38.3035	57.2099	454.5018
49.6935	15.5073	2043.4777
39.3123	39.0796	1197.9020
19.1723	16.9366	2270.6740
75.2052	51.2130	2494.4850
60.2402	66.5708	109.4101
34.3595	66.1871	1378.7091
53.5634	14.9440	219.0241
17.0652	67.4993	207.1244
7.7673	72.5650	1323.7851
35.2206	18.6062	1212.6847
23.6780	30.5354	1048.8615
77.0226	8.8978	1995.8600
28.7220	14.1749	1787.1289
3.1085	47.8914	1080.6969
18.0996	30.3245	669.5402
33.9119	4.2784	38.9842
54.4768	76.5041	1994.4627
49.4450	11.7030	1396.0727
74.1211	23.7840	502.4552
69.0897	35.7642	2017.3318
36.3943	42.6117	279.0136
60.8719	22.2514	393.3164
50.4611	4.2107	1641.8675
8.2638	64.5751	1873.6607
28.1958	32.3275	1041.1085
5.8798	36.2463	929.9819
44.1903	39.6265	2297.7825
75.3317	43.4063	419.0795
73.3747	77.0653	2163.9501
30.0214	46.2121	1357.1298
72.3421	34.0882	2229.6469
35.3076	25.4159	2385.8688
42.2936	67.7906	2687.1739
59.8909	13.9338	292.1540
67.6785	52.1580	1634.8539
44.1445	23.7644	2401.1718
53.7774	35.0240	446.2354
34.4036	48.1117	941.1693
14.1444	21.1624	518.7168
65.1124	74.8938	837.0625
39.9372	17.8077	668.3710
64.7357	40.8095	1324.9191
19.8511	18.1476	1320.0948
26.5702	53.8288	431.0709
18.0208	48.7772	975.0384
11.5693	2.4112	723.0878
48.5024	6.0158	270.2486
53.6281	51.1329	2037.3081
47.1667	23.1354	2225.0444
26.6253	7.6039	1099.2578
11.7528	22.1858	64.3739
35.3476	44.3891	567.3823
64.6672	9.2274	2671.0305
5.6741	32.1852	1120.5132
58.2711	56.3459	1755.3743
35.9152	26.5646	1781.0051
56.2014	23.4987	690.5285
31.4533	31.8960	374.7058
25.0481	58.2555	1384.3949
48.7804	4.5792	1946.7472
65.7949	11.4303	1425.0677
34.2294	4.5326	459.0161
33.5363	39.2283	792.5865
65.7685	47.8651	314.0661
60.0741	74.7829	466.7341
51.8637	13.7102	246.3723
57.3864	4.7103	277.6945
58.7090	36.6515	1007.1189
0.2792	50.9791	1801.3557
21.2674	40.2072	338.3683
19.8080	75.2137	1288.1897
11.9576	23.3922	714.4664
16.9813	11.2897	2451.1501
67.4234	23.6267	1225.6945
46.5312	74.6930	2377.4432
74.2632	4.6941	2790.8840
77.1565	53.3127	1640.3981
14.1577	15.1697	2653.9311
58.9438	42.5592	583.0112
71.6905	28.8764	1159.9538
14.3110	64.6141	2165.9122
2.3637	34.6553	297.0539
6.0826	51.3427	1866.3419
43.3078	31.8059	2334.6473
52.4726	72.0156	1690.1953
27.2349	59.6059	1098.2971
66.4287	69.1109	620.3318
61.4253	74.9087	1749.5532
63.7708	33.5504	1959.3773
64.0096	29.5816	697.7092
32.4685	67.9702	2721.6959
2.4968	24.5344	345.1774
55.7862	35.3411	765.1294
6.9926	28.6385	1085.0858
8.2185	7.8731	2786.0611
37.0221	26.9868	1677.7744
38.5339	41.7495	290.2444
60.6304	33.2409	38.4600
67.8356	36.7319	657.3257
50.9641	40.0582	516.9945
19.4591	32.0482	1743.8855
21.1316	70.3718	844.8096
29.9080	29.6196	2446.8223
26.4440	36.6484	1203.7483
53.9274	36.8817	782.5891
18.9076	31.1928	245.2843
35.4414	2.9137	1058.1582
4.3415	50.0265	634.7545
37.7981	39.6045	1296.3346
47.8237	31.7111	1571.5730
50.9738	70.5563	2762.0921
58.0537	24.9172	2564.7889
7.2742	15.2581	2032.2406
56.2595	3.7616	1509.5118
73.0185	59.2149	1194.7154
33.6377	26.1602	835.6758
55.9781	36.1809	1984.8429
16.3126	57.8783	261.6391
32.7293	38.5424	941.1218
62.6086	22.2646	2480.8004
49.3382	7.0741	1102.2668
0.5307	25.2603	939.1077
40.2818	0.7066	409.2595
16.3359	60.3712	755.3740
30.3743	42.2571	717.0103
9.7164	20.9689	85.1811
3.9220	33.2918	1402.0547
30.1102	50.3527	2412.4834
18.1682	8.3912	1444.2095
64.9684	46.9910	1471.4711
76.3205	14.3019	2369.4210
47.2380	52.1428	2398.0680
44.9426	20.6273	1064.4394
1.7165	48.5573	811.4009
17.4362	35.0845	1002.2040
71.6755	41.8123	1412.7174
63.9154	1.9585	2439.5028
26.8134	45.4087	1730.7411
69.6726	76.9219	2300.1754
53.5275	11.8204	2756.6580
70.7644	47.7825	447.8561
57.2121	4.1310	3.7791
54.8286	41.4141	290.1648
59.4334	23.8752	581.9718
39.0123	52.4813	1254.3197
32.8640	28.5719	1950.7923
3.9202	6.8108	1582.3461
7.6970	76.8107	1620.8739
73.7743	63.3688	2425.8849
32.5386	69.4123	589.2794
73.9303	32.4077	2363.0056
71.3093	20.5927	1794.6964
4.5692	30.2816	2550.6894
37.3533	52.4059	1321.3131
58.8956	74.0355	2602.0763
34.0346	9.1175	636.1790
56.9751	0.1479	128.2228
29.9577	58.1175	2526.2695
59.8217	28.3394	615.9528
41.2407	16.1579	1693.8739
26.7431	15.6466	270.5889
6.5215	19.7267	505.6442
18.6142	72.0224	2291.5653
34.9890	4.1750	1512.5365
6.1663	52.7402	2018.3168
74.3295	14.9032	386.9184
53.9686	20.2145	1933.8320
37.1224	51.6893	2237.4067
12.9665	59.0677	449.4825
26.7163	12.5220	1165.9561
72.6203	30.5645	2806.9464
31.1256	59.1615	767.9720
41.9126	11.0819	1073.3966
65.4540	20.9424	2341.6893
38.3842	65.8457	534.6106
8.4103	21.1775	10.5608
71.3123	46.5102	300.8931
4.4189	5.9792	2105.4196
4.1370	40.0013	2366.4549
44.6140	48.9549	2211.8487
0.8059	12.9392	1072.2314
2.8575	42.2765	431.3151
21.0222	32.9618	1006.5902
4.8108	62.0313	2234.6865
0.3938	45.8901	1685.2191
76.1375	24.6664	559.4064
65.2362	9.7876	1867.3984
21.2143	13.8059	1550.5529
27.2421	47.8722	1042.2852
40.2534	9.8397	703.3610
70.3233	24.2929	2757.5756
47.3694	1.8455	1084.8587
50.5125	60.0296	2314.8645
71.0428	60.9843	1099.1118
42.9316	45.2513	1163.4760
27.5341	35.0946	380.7213
55.9305	64.2575	1643.6763
15.3897	44.6915	1651.7489
66.5116	57.2827	2758.5814
27.7014	42.9835	492.1434
13.4590	65.6760	2444.9372
50.3963	12.6233	2686.0605
44.7370	7.7848	209.9824
69.9432	61.1075	761.2756
21.0709	72.1395	510.5135
73.0361	54.4823	138.8438
31.3561	74.4814	2692.0356
39.1940	37.0929	996.8893
3.7402	13.9529	1794.0624
39.4059	50.9018	2298.3404
42.4110	73.1357	333.0025
26.5227	29.6557	2465.0081
36.9723	42.0872	2389.7304
42.9761	6.3588	755.4613
45.1964	43.8152	956.3564
32.4160	14.9997	688.9235
57.7067	5.7628	243.1659
7.9021	38.6835	1377.6860
70.7538	54.1996	1197.2600
41.2929	67.8104	2022.7713
10.2941	36.6541	906.0991
10.2741	41.5948	404.7838
56.5392	7.6929	56.0785
50.9907	60.6222	1168.7460
65.1389	62.1774	2666.2918
1.7481	62.7895	778.6387
33.6609	27.6684	1302.5541
65.2842	20.8287	884.3783
6.3308	32.7273	1945.6753
45.7935	21.1789	203.8506
50.1992	54.7746	2318.1721
76.4168	38.5891	1060.5293
28.2445	48.0114	402.7342
51.2841	39.5508	1544.1001
8.6729	39.7693	1789.3102
38.1985	24.9124	2198.3393
41.1588	75.0896	624.3009
7.2830	73.6889	2417.1208
48.0008	50.4087	1639.5130
71.2268	9.3457	1878.6718
70.1007	69.2125	562.5693
53.2402	30.5976	9.9212
48.8637	5.7840	2589.8834
66.6650	0.2588	660.2524
23.7422	4.9678	1164.0761
76.7101	9.7454	1274.1253
12.5961	43.8479	424.1862
23.9374	9.2215	888.7797
48.8777	76.4527	421.4306
68.9814	61.5137	1180.1017
60.4262	59.8395	1427.7672
41.4357	24.1482	437.1724
20.6282	19.1559	1384.1858
66.9982	62.8946	2764.5068
51.7965	5.7575	480.1317
73.6400	18.5045	2260.1691
19.9807	23.5795	2205.7283
21.7224	28.9974	30.0986
70.0982	29.0827	2615.6788
18.5923	23.4067	300.1830
27.6345	21.6989	98.4221
8.2945	16.7512	920.9945
47.3554	13.5128	2273.6532
22.5017	19.6058	2287.9895
40.0063	34.6679	1019.6768
9.3751	23.4306	16.7927
12.1028	56.6631	596.8927
77.1334	39.0239	1496.1780
40.4697	59.7705	141.7026
28.5948	75.4005	1061.7193
63.5941	72.0696	1667.3051
68.3851	33.3959	1987.6958
53.8261	2.7074	1652.6584
7.9662	42.7369	2561.7867
53.0537	13.7212	231.0280
1.4191	2.6238	107.9720
52.1226	47.9076	363.1196
64.9327	58.6178	172.5254
38.3189	22.3863	425.4172
57.2037	33.9443	2403.7579
5.5647	38.3224	1463.0388
27.4452	62.4786	660.6017
38.6277	75.9108	1489.3211
11.8603	45.1700	1632.4332
59.4645	3.6642	1513.2572
1.2587	55.6760	1782.1303
11.9619	58.5511	1343.8608
56.2044	53.8326	2569.4209
69.7216	9.1784	1886.4246
45.3940	54.1204	2777.8060
26.4630	4.4075	1119.3019
75.5045	2.3244	2081.8943
64.2324	44.0801	1393.0600
57.0000	69.4356	2529.4319
2.7505	18.6726	1149.0695
29.1358	64.0918	1653.8058
69.7329	52.0626	1707.0305
48.3371	74.3424	2728.8504
28.0164	6.5920	2316.6357
36.4063	12.3885	1513.6367
10.5675	66.3129	1175.9741
4.6981	39.4861	2500.7407
22.5283	31.6017	218.7587
1.4568	41.7363	1129.5824
63.1044	2.6531	400.8715
21.9807	20.9601	2525.7981
32.0148	53.5314	1684.6296
64.5178	13.5284	2321.3727
42.4220	23.2583	890.3229
71.6654	62.1329	540.1403
22.9767	71.1550	2468.5636
2.8551	22.0081	606.7791
30.2093	45.3961	1410.8109
19.8303	36.8822	1505.2301
9.6024	6.1174	1159.4961
13.8893	31.5522	2722.6262
23.7292	45.4666	1055.7508
55.4120	19.6391	20.5045
14.4500	56.9382	412.4699
19.6627	25.4149	2090.6689
54.4566	72.5546	1358.1996
50.7749	35.6422	1878.1882
10.2652	9.1668	394.3023
75.4180	35.1051	1292.6908
9.3258	36.0172	2066.6910
70.3622	15.7431	1187.8399
56.6177	40.7810	920.7354
30.4255	5.8295	1711.4581
23.2005	3.7374	1992.3366
22.2055	59.8911	2599.2317
55.3966	61.7867	1863.5031
40.4407	22.1735	134.4546
21.8729	59.1460	2420.4045
15.6747	14.9647	2592.7369
59.9681	76.4204	334.0838
59.7037	66.9772	1986.1688
9.4842	63.1052	58.2567
45.0877	62.6104	1119.1423
58.8766	75.1593	543.3831
63.6737	51.6766	1981.2233
61.1006	29.3313	2446.4975
6.1366	4.5321	2125.1394
63.7257	17.6126	2216.9553
44.1915	0.7860	2475.4108
0.7859	57.0597	1240.7234
67.0685	71.2405	2180.3729
33.9232	0.4532	486.9729
70.0548	43.9434	2095.3208
33.0424	74.9529	1056.0606
10.7587	62.1803	237.2333
25.3782	65.0892	820.1770
72.6649	34.9339	2246.5216
43.8776	54.9788	1263.4921
56.4562	58.9514	612.7213
37.9669	51.4208	615.5707
67.3009	34.0717	15.1181
8.7964	51.6629	2362.6402
49.3197	4.6279	583.7243
23.7913	73.8527	678.4473
48.0635	57.7391	2250.6317
73.7142	15.2669	2614.3943
6.3271	50.3800	133.4919
69.5002	28.0689	2313.7086
59.5639	42.9008	1532.9750
23.3791	63.9973	2621.8745
18.1321	11.7090	2370.4260
60.4757	23.3594	582.4056
7.3694	63.2284	1462.6024
47.7346	31.0330	1369.2879
38.6383	47.4558	1125.0448
50.5943	31.4815	2711.9556
35.6306	57.6019	198.4028
4.9598	20.2453	1565.4768
48.3097	20.1216	413.0408
55.9121	54.7920	958.0242
0.3600	67.6343	1476.2143
35.0414	27.8209	1349.1506
19.5982	12.3620	2101.0000
58.0611	17.0817	790.2639
42.4290	8.6003	1635.8751
19.8990	34.6706	958.1335
50.7447	6.3039	29.6637
28.9114	42.9251	1495.1956
61.0117	60.2802	926.7000
33.6363	15.2953	623.8131
60.9032	7.3757	1171.7369
52.7011	56.0741	572.3093
3.2315	43.7706	1285.6968
67.6224	22.5653	1233.6012
65.2413	51.2363	2751.6797
43.7862	72.5014	191.6926
28.2884	55.9978	1418.4285
15.6011	2.8350	1095.0206
7.5926	16.6496	1256.2427
0.4618	66.2210	2769.1705
55.0924	48.5817	1299.1189
60.7782	74.8275	933.4732
20.5460	38.0877	1378.2465
2.0988	45.4728	1976.0839
28.3757	3.9735	795.8964
71.0191	41.6532	1499.9360
42.2466	29.8494	1823.2304
37.3936	36.8688	2013.9782
31.7545	59.3470	1916.2096
69.7986	22.2420	1090.7564
68.8600	75.0362	2587.7758
30.6550	33.8104	182.6998
75.0095	60.4603	206.1757
23.1005	70.6239	1082.5385
36.0941	36.6563	1260.5198
10.0208	47.4057	1748.5877
5.6827	11.3378	1267.3034
20.2550	56.2544	381.5288
46.9747	19.8196	413.0203
41.3535	39.8592	2732.9655
60.0810	69.8504	2060.4655
57.6936	0.1660	962.1847
70.2266	15.0531	1032.9114
13.4863	75.0309	1428.6312
61.8862	61.3223	306.0085
27.2180	65.5750	1929.1555
68.0375	42.1291	106.1225
23.8657	15.2747	1068.9012
73.3502	19.8629	656.4715
57.4177	0.2088	2512.3677
33.5980	52.4507	2725.8695
28.4670	51.7907	344.5234
1.7446	26.2541	88.9618
10.8804	31.0132	984.9947
23.2429	11.6686	2316.8455
3.2204	31.1256	2597.3950
20.8604	1.9938	272.4555
3.5465	34.5593	152.9253
29.8804	73.4435	4.4429
59.6900	74.6196	621.1634
35.7533	23.8761	2241.2958
24.5289	67.8058	2631.4568
53.1111	38.7231	2346.5484
75.8932	54.2466	629.7018
73.0981	74.6674	832.1785
13.3678	57.2008	1834.7998
76.0814	67.7615	2291.6380
18.7499	28.3490	1892.4752
46.2684	69.9585	2161.1608
72.8101	29.5115	181.8635
59.3595	8.6606	1554.7731
52.4217	10.2149	332.1285
65.8650	60.5944	405.4334
19.2285	74.6827	2308.1588
15.5045	64.7760	1925.0694
45.1859	31.6198	60.8484
13.9204	19.7797	2693.1080
11.7258	54.2031	2353.4440
18.2221	60.6972	751.1307
42.9372	70.7801	2460.1434
68.1716	24.6811	314.5303
59.8834	72.2990	1797.4301
63.7893	36.1513	942.4929
50.6549	3.3563	1037.1169
72.0843	55.6116	2658.3398
40.5375	62.5881	1788.8392
38.9762	75.9585	1556.4075
66.9841	72.8212	667.0426
43.4872	36.3278	1053.3038
16.0637	15.7828	593.6006
30.5621	60.3254	419.6077
5.5462	30.7776	1046.0169
28.6794	73.0187	1568.3397
47.9089	30.1102	2809.6400
9.3862	16.8875	514.4622
66.0385	2.6312	2378.1614
18.2168	13.7678	1770.4021
24.5799	70.8677	1968.1058
14.2971	27.3925	645.5956
44.7667	70.5441	2024.5739
33.5591	68.4217	2296.7001
31.0327	10.2742	2290.0185
24.7217	73.5019	1759.2815
2.4283	60.2431	1839.2300
21.6584	73.0323	2725.3843
66.5270	70.2068	824.4768
58.7523	16.2875	1941.7535
49.2917	29.3918	2796.6181
42.3371	63.4081	2459.7686
51.6859	7.2050	537.3502
74.7782	64.7269	366.4192
48.7533	45.5759	2459.8511
74.9701	11.0501	842.6430
22.9517	57.7214	530.4346
20.3798	44.8742	2130.9234
55.3501	18.0035	822.1688
37.4157	23.0500	2796.5224
12.1456	27.6422	285.7843
21.2629	4.4679	2102.0079
47.4213	30.1805	74.2946
5.7878	25.3932	1995.5693
31.7969	1.8993	1669.7976
39.4882	66.8342	1752.3457
33.8208	58.7978	1769.9316
12.3210	62.6753	2385.4137
25.7828	25.9659	297.5834
19.5651	41.5693	2630.1155
76.9073	63.3085	1173.9603
8.4408	40.7285	1655.3479
74.4946	20.8621	395.5990
15.2426	56.6577	1287.4207
14.4228	3.9775	679.9913
59.8514	56.4902	921.3489
13.5341	3.1590	1148.5374
69.8356	62.1739	1882.0034
62.3665	63.0641	1076.1750
47.5612	21.3634	2041.3152
60.5396	14.6863	964.3970
56.1159	0.9445	1558.5670
41.2336	60.7430	331.8512
43.3948	67.6248	2742.6373
55.4254	69.2059	1983.3673
56.8203	52.9324	5.5739
21.9679	3.8139	999.0504
60.0821	1.8331	2109.5764
39.3821	11.2149	1579.7714
64.1978	48.7600	990.1370
46.2624	24.6238	2343.3728
56.0574	43.4128	1186.6641
45.9854	51.6884	1200.0087
69.2374	58.5990	1426.2185
46.7594	23.1686	1461.1248
17.0198	23.2530	1674.4864
4.3607	23.4668	1712.3545
36.8522	10.4142	1487.4769
75.3671	54.9938	2178.6746
38.6992	14.3202	990.0601
37.7936	15.2362	1962.5037
61.1197	54.6437	2594.9107
8.0235	22.9651	945.2588
11.2873	32.4270	2721.8193
55.7657	28.6932	2180.1005
41.7215	70.7520	2588.7257
6.3497	25.0691	1240.4470
53.2663	36.6623	566.0757
75.5311	57.4607	413.3938
4.3390	2.0316	827.2749
4.3371	58.5191	1588.4156
28.8602	9.2825	612.7979
19.7509	33.8519	1730.1139
40.7472	15.7246	2603.7702
38.1532	61.8417	377.2260
29.0065	61.5404	1308.5589
49.4549	22.7257	574.1134
8.2585	15.4438	1626.8704
54.7738	19.8915	476.5958
9.8698	50.2489	1476.1477
34.4364	62.2141	98.8049
41.1746	72.9066	2410.3566
47.0361	27.7717	1320.9816
4.5791	21.4872	561.2011
41.4960	69.0739	276.1100
60.9903	46.3869	232.5261
20.9509	10.3022	2713.8937
48.0532	20.1487	1352.8797
1.7016	33.5664	2467.5248
28.4886	30.8535	2171.7854
18.6621	68.3324	1629.9570
76.1619	31.5680	714.7015
69.8494	76.6526	322.0921
36.9719	52.9554	438.3354
40.4666	49.6836	1863.5935
31.2983	12.3939	1406.2108
71.8729	19.7215	2133.5674
12.6419	31.4952	341.2216
63.8813	24.2588	1525.7942
5.3375	9.6462	1787.0167
4.8718	14.4069	2474.4824
30.9443	54.3285	1716.5340
51.8524	8.8914	1112.3347
7.7652	1.4260	2046.0021
62.8503	58.8711	191.0724
4.2105	15.1882	2449.7666
62.9405	52.8211	2779.9861
33.8629	31.7378	1223.8758
37.1410	20.1852	501.0718
29.2248	26.8527	1864.9942
10.0231	21.3023	928.6218
61.5741	69.3505	323.2557
3.1447	49.7609	483.8221
22.5870	73.6949	2553.3118
51.8068	11.2352	1106.4007
33.9037	6.7915	1958.5243
76.5682	41.4597	2221.6333
68.9038	31.3097	113.3156
44.1944	45.3814	1382.4232
63.0140	68.8540	2007.4433
47.5927	20.7005	593.9934
50.5789	27.3783	1108.4547
46.6825	21.0632	301.1601
62.5947	52.5101	2511.2543
47.7856	72.5350	2715.4414
22.4560	69.6933	743.2339
10.9355	34.8818	770.2435
1.0186	46.9916	1712.0226
47.9556	6.2077	1083.8972
53.5604	34.2836	279.1749
74.4863	40.9822	2548.9959
62.0288	75.7400	680.1261
34.3652	26.3651	2464.7277
31.7113	12.0469	369.0029
73.8860	61.8768	1701.2966
25.9480	64.1671	2446.1275
59.7859	76.7054	1613.9973
12.9575	45.9254	291.0819
4.5013	62.8540	2246.8572
12.8068	32.0951	445.8590
75.8255	12.7372	397.0178
10.4564	34.9370	753.8830
25.0592	76.2450	456.6571
53.5666	3.3636	1614.0567
34.5329	42.2012	2529.2839
68.1434	58.0990	1239.1736
55.8385	66.1506	47.7565
45.5676	48.6588	1271.8474
41.4759	8.5240	2078.7762
56.9144	59.3956	1309.8053
6.7932	1.6866	1919.4579
11.4288	48.0015	462.3518
49.9148	36.7694	1053.7473
24.2528	5.5325	1413.9725
70.9327	46.5129	1714.9575
41.4056	29.9626	296.0804
68.4289	66.1910	398.5531
44.2876	65.8952	1944.1346
10.6815	20.5980	472.4410
53.0301	38.1565	536.8570
70.7234	70.2720	753.1482
26.8528	74.8957	566.6896
63.5877	11.4061	2758.3378
74.9705	51.5668	2530.8623
61.8655	61.6308	2425.1246
57.0833	2.5184	1164.1460
44.8401	63.1859	1020.6124
46.7022	4.4310	1800.3227
59.9268	9.5625	118.3510
47.3533	11.6753	2203.5625
47.3859	69.0741	2079.1351
14.4732	60.2994	2226.6020
38.9543	58.5942	1201.6133
74.9355	38.6056	1524.3664
63.0651	38.1587	2006.4175
36.8772	54.3915	2050.2326
35.7243	63.5127	204.7387
23.1770	70.1817	2687.3026
50.8169	21.1596	1604.1007
44.8453	4.6050	2063.9379
18.9802	36.9198	1244.7741
16.6235	20.5726	982.2353
23.8050	35.9219	940.0304
46.8263	71.1865	591.6625
14.3692	34.9443	430.0827
48.2896	39.6693	260.4062
72.8543	57.7435	551.9357
42.0911	30.2350	1975.2884
49.0707	46.8720	2062.4736
5.3686	2.2221	1243.8189
11.9053	44.3578	18.8170
26.4424	26.3422	647.4077
26.4399	20.1380	1149.9377
24.8204	35.5383	1459.6262
18.8657	5.6060	1024.6040
15.9394	50.0040	52.8555
73.3548	8.0459	1529.3068
46.3214	0.7990	2561.3810
62.0172	57.5421	970.2225
48.8934	13.7223	2702.0313
10.5168	52.7075	1975.5496
54.7975	8.9153	624.8974
62.5745	65.3719	471.8606
19.4312	74.9381	2633.9379
23.1249	9.5032	1918.2192
6.7438	27.8524	1897.6154
52.5810	66.8294	55.1326
38.7900	21.3822	2013.3319
48.5778	16.4784	1420.0757
68.8541	35.6533	1388.5073
32.5966	66.6087	2722.4364
29.0243	55.5924	2065.1528
2.0619	2.0991	801.1503
41.2677	50.7495	818.0802
7.1606	33.4001	131.0021
71.3755	17.1342	1157.2326
3.5605	5.3465	1070.9596
64.1843	28.4839	1318.1872
50.2653	50.8182	2021.2896
31.1767	1.5899	1038.1230
11.2154	44.3812	500.1530
70.9494	26.7524	294.3896
59.5905	41.0800	667.7333
12.6857	62.1908	2711.7457
27.6375	58.9365	818.9295
21.0270	73.3896	2634.0241
64.8592	28.3093	442.7774
10.0144	63.6783	2341.0047
22.1809	14.4440	160.5874
12.0832	61.2158	2062.7521
21.2189	74.8203	1702.7010
14.7639	7.4370	343.9826
38.8637	76.1742	2003.8333
61.8648	32.7731	1960.0851
21.7627	49.5560	1443.6016
39.6565	13.5434	2115.4685
32.2567	28.8808	850.5721
56.5559	57.8723	1250.4330
12.4940	16.2807	987.7410
12.0029	11.6410	311.7004
13.6238	66.6141	599.3155
29.3149	35.1923	922.6495
67.7161	7.1511	1523.5748
14.5824	55.5175	2167.3644
20.2597	12.4375	943.1737
5.1355	33.8428	275.4824
44.7306	54.6694	1152.1450
3.1179	71.2596	691.8140
47.8542	2.1687	2665.7606
41.0950	57.6173	332.4808
56.3693	27.0824	63.7426
71.8367	58.8274	1315.7771
67.5219	45.2441	603.0750
25.2249	37.8069	776.6179
68.5934	64.3244	1350.2561
36.3109	6.4737	944.4104
19.4625	9.1387	1556.4553
17.9111	52.4990	627.5970
68.2203	12.6264	780.0476
13.2843	19.3350	1488.0757
76.1990	70.5894	1007.3022
36.6956	71.2500	2399.3924
71.1377	37.4913	2781.5523
61.6199	9.9181	357.8319
49.6084	52.3356	2517.2583
66.7926	28.1336	2173.4996
50.7468	54.4045	1303.4191
3.6630	75.9921	1953.5859
55.7723	53.1308	1090.8678
13.5832	59.8468	781.1799
37.8312	48.2696	1845.1733
12.1268	2.8546	84.8769
55.8485	4.8410	604.8817
52.4090	58.4250	514.7716
8.1500	65.1654	1943.6950
37.5731	72.7896	1227.2639
74.3329	51.1366	52.6738
50.9655	16.7346	782.4129
40.5293	17.0947	1741.4489
2.8691	61.9661	1076.4504
38.9980	20.4202	2519.2337
15.5761	59.0715	2010.4722
69.8157	76.5428	1489.5548
45.3357	59.6481	652.8884
14.3550	5.8092	1040.7501
42.5630	71.4727	2185.6030
65.4013	74.9686	286.3576
24.6027	36.1334	2441.9961
18.4139	55.4363	631.2875
2.0449	7.8899	461.5128
2.3617	74.0602	2652.9996
40.3794	55.3478	2719.7183
14.4540	68.3573	2540.1766
40.7824	20.9293	2062.1690
9.0970	19.9215	2809.5055
39.0517	29.3828	1972.5305
42.4688	71.6376	571.2815
60.9934	3.1182	840.2311
74.8422	66.8299	2472.9571
30.4820	56.8680	663.5922
77.0279	13.4753	1431.9177
29.0881	73.4146	1656.1984
54.9903	26.0940	553.7020
76.4859	11.0021	1247.1078
52.5620	19.0798	1408.8622
2.8874	66.5002	1594.7616
23.7145	29.5839	2800.3263
15.0250	15.0549	1915.3757
42.4147	62.1091	1662.4214
68.4670	20.1954	2466.9108
19.8948	73.4798	1128.6478
71.4695	45.6310	1616.6735
38.2344	61.2838	965.9391
40.5708	31.7935	1518.6578
5.9021	64.0990	2333.1267
68.0198	15.0128	158.2990
23.1785	10.9312	2698.8000
36.8314	57.7111	644.2465
69.9431	59.4843	240.0475
9.1204	28.7208	1560.4317
47.8219	68.9494	1737.9415
48.0062	58.4171	1798.1936
32.5376	66.2259	1078.3280
36.6194	14.9873	2244.4694
69.9934	26.5515	863.3485
64.3444	28.1979	1376.4636
67.5261	74.1468	2464.3886
73.3683	60.1858	559.6632
29.0046	71.9146	1621.8678
73.0997	16.6816	1289.6272
9.4889	52.0468	1630.6291
4.5204	52.9526	765.7468
40.6574	17.6439	2599.5810
74.4844	44.9612	2168.2975
25.6855	75.8117	2567.8182
21.0951	76.1395	904.6198
52.7870	49.5179	692.7277
62.9081	15.0505	2698.0674
39.9181	64.3875	369.3388
34.1882	27.9644	2040.1799
48.2439	41.6563	2063.4761
42.1746	61.8891	1314.3688
10.0816	45.6523	1038.4544
70.6663	7.9027	2567.1511
26.2791	51.0109	2260.3780
5.8726	70.2526	2479.0751
3.1749	49.4226	2113.4347
36.6125	55.8189	2405.8374
69.3378	50.1806	1668.3167
7.4574	44.9817	917.3207
35.4677	62.8014	706.3684
55.1053	17.3639	804.1295
57.6351	13.9313	852.0018
63.6875	68.4958	1062.0745
50.5272	61.7434	2172.8565
4.2560	56.2002	970.1781
2.7796	41.7775	138.5334
23.2592	21.9422	2363.1583
45.7155	75.9685	49.5896
46.3934	69.1775	2495.9466
65.6352	28.4566	2298.7399
4.3701	17.1462	1315.9026
46.3149	68.8557	568.9972
3.8219	50.7983	1577.5771
16.3170	51.5641	837.4123
21.1861	45.3604	1813.4021
18.3783	24.0464	1995.9686
17.6439	37.3701	1021.7279
4.8303	32.5863	835.8226
34.5724	51.9963	2199.0552
14.7555	63.0927	2387.2217
7.4584	18.0345	103.5120
61.9898	58.2642	897.0698
71.1815	45.4306	931.5107
63.4639	62.3436	1308.0281
75.8541	17.7127	495.0448
69.6606	22.2730	394.1345
3.5736	33.8033	2161.1152
75.2052	70.4272	1345.8005
56.0120	1.5137	935.7705
26.5881	53.4325	700.9016
1.3474	41.2246	2217.9481
0.3235	22.7843	1740.9851
6.7515	16.0962	1781.1600
2.9207	69.7397	1464.9704
29.4503	8.2755	88.0820
70.8615	1.4797	6.1963
20.9886	33.5612	1998.1910
14.3745	25.9143	604.8045
76.4012	52.0896	2348.4540
55.5670	34.7451	1428.2250
68.9785	68.7506	1611.8677
26.0473	14.2209	269.7437
14.2040	28.2899	1818.9691
73.6292	9.5051	274.9287
6.4129	52.8704	1387.8617
44.7774	17.9257	2277.4376
33.1421	0.5217	1757.5335
22.5475	69.9285	685.3291
46.0236	66.8570	1016.9724
11.3192	75.7167	928.7287
22.9460	15.6440	783.7627
1.8907	49.1375	2374.2243
60.3707	49.9391	21.3639
47.7927	51.5527	2610.3171
13.4883	13.8127	2593.4955
63.5716	61.1982	744.2390
0.6507	21.1713	1026.1004
74.0737	51.7161	71.8595
67.5180	49.8684	1925.2206
63.2025	61.5433	1752.6204
27.6711	7.5359	2496.6115
41.2227	17.8441	502.5021
71.0788	50.6597	1038.4290
46.0246	46.8218	2392.4553
19.9180	28.5560	66.9672
74.0315	15.2460	1021.9982
27.6758	11.5036	204.2779
69.7482	51.8689	2306.9643
29.1077	39.8672	1121.3980
10.7535	7.8344	1994.4078
55.7363	27.5658	15.1160
47.3097	69.6203	479.9837
37.1588	30.5643	2404.3348
57.0190	17.4728	2763.1172
54.3985	75.9451	2372.3234
36.1624	2.3226	439.5463
47.0286	4.4507	2247.2233
38.6886	32.6220	2354.5237
22.2170	3.9454	711.6320
42.2029	67.2963	1426.0253
72.0982	70.7872	2356.9189
2.7384	64.5971	821.9550
48.7098	33.1661	1250.3832
3.8776	0.8215	1931.5947
66.7748	32.4697	1171.5915
26.4518	37.5607	2126.3202
29.5808	68.4220	2250.8319
59.1527	64.5832	2040.4016
30.4109	74.8299	2548.8061
5.2187	4.1487	177.2545
71.5052	74.7443	1446.9239
12.0797	35.9354	1231.0022
41.1791	12.2408	567.9378
35.7184	55.6110	197.0636
18.4615	29.2058	1719.0833
52.0749	49.7921	58.6855
35.4351	24.0413	1137.2215
3.6655	27.2573	1447.0332
44.2610	72.4296	1724.1717
19.5579	21.9370	924.1876
39.8688	4.9547	1233.3107
1.5060	69.1669	295.5117
61.0572	19.2041	2438.8709
9.0314	75.3125	895.9370
68.2100	51.4370	2513.7846
42.0396	74.7716	1278.2534
2.3132	11.8450	353.9301
64.0646	47.2665	1521.9139
6.4524	40.9342	653.0030
35.5451	2.7370	1519.1900
50.0341	17.5986	1639.9365
10.4732	73.0353	2130.2170
51.1241	51.9400	1635.2339
2.1170	69.9936	553.3222
27.4335	8.7536	218.6346
60.2599	63.1723	1248.0802
6.4558	2.2282	1085.4170
26.7156	16.9974	2515.4148
72.3987	1.8973	2624.2142
4.2091	23.8924	1298.6856
66.3944	12.9287	498.2634
35.9037	3.1191	228.1882
28.2595	15.2682	2567.5030
27.6200	28.4402	2621.5938
15.8362	76.8406	233.4743
48.3807	64.8437	1722.8088
52.5590	0.2782	696.7403
17.8009	10.7179	2112.2802
8.8012	43.8827	2567.5829
55.6156	47.8624	1980.2742
36.9660	21.4637	133.3957
34.1059	30.3156	538.2292
69.6377	35.0556	1113.8136
20.2078	20.2013	55.9273
55.6809	57.8755	1860.3924
38.3485	0.2171	318.2519
0.4327	66.9970	432.9853
13.5688	7.6732	528.8227
21.4169	18.8174	2204.6710
13.2884	4.5540	1309.5678
58.9256	18.3290	924.5081
27.1721	9.8308	1913.5341
52.6709	54.1915	1773.5331
24.7679	58.1962	716.9317
18.2363	13.9235	1723.9783
38.1441	13.0143	592.1644
67.5802	13.0336	1999.7660
61.6022	42.8481	626.1845
49.3343	2.0270	2372.2331
21.7305	76.0375	2360.0059
59.7944	5.8666	900.0205
52.9839	50.2969	1312.3961
70.1282	15.1583	2069.1643
14.5183	69.4242	572.2696
76.3993	51.0632	1314.2837
2.8001	47.2756	1896.5424
75.3702	68.0427	847.5095
0.8145	51.4937	535.7961
44.0168	55.5072	1210.4311
58.5137	58.3862	2095.6152
26.1484	62.3999	2526.5195
75.1989	34.9266	94.3914
25.0547	71.4135	257.2554
11.8114	73.5295	226.9225
8.9259	8.9633	2754.5329
27.1145	54.7272	53.7101
25.7364	55.5599	2640.8971
27.4233	64.1383	1795.8589
26.1974	64.3227	289.0854
71.1074	54.8263	2737.5448
70.7435	44.0456	2111.3452
12.8401	58.4083	934.3774
58.0124	29.0452	1785.3374
3.9248	25.5765	1656.4678
53.8820	31.2038	640.3632
12.5959	0.9254	1375.6101
57.1698	42.9861	2625.7796
56.7881	10.8105	1443.7388
46.7118	24.8104	1209.8241
65.2054	48.2671	1774.0421
13.0056	36.9960	1388.6637
55.1865	73.1142	2280.3829
13.7080	25.0870	581.1065
30.2391	65.6512	1187.5943
20.9157	59.8919	484.0993
5.2846	36.5588	2118.1726
3.0555	38.9562	2227.1733
6.4509	73.1716	781.1160
70.9842	68.2883	242.2585
58.8271	23.0802	2699.4088
37.7239	47.3174	866.7269
43.2078	48.2291	2400.6783
2.8717	29.2836	1783.3006
4.9983	68.5385	1672.8753
5.0218	22.5935	1309.1189
75.3779	50.4113	412.8511
58.6962	8.0072	1230.0563
0.4446	40.1984	2798.4401
56.8278	23.1963	355.4172
18.1081	66.7996	2305.5499
57.8973	9.5377	1281.6675
51.3486	16.7721	1644.7911
32.7970	15.8932	1222.2096
56.9924	33.5026	313.8204
58.4346	0.7901	1578.9444
25.7317	10.1432	1195.0836
44.0960	73.1713	808.5517
45.1027	35.6076	2609.9459
51.4395	11.5295	1284.1912
7.4124	71.2582	1101.4574
12.1466	77.0248	2713.9066
73.6587	4.0160	2174.6454
40.0712	52.3855	2253.9016
58.6548	25.0048	1423.1340
69.9576	28.5211	1942.1743
45.9391	53.8561	2114.5146
71.5219	24.2888	904.6839
66.3619	12.8369	457.1153
72.9255	20.7853	16.8933
34.1830	75.3717	553.8270
1.7376	26.5279	1589.0620
17.3780	14.4189	1424.8995
23.7636	11.9607	2439.0319
10.1684	15.7734	201.8557
11.8421	17.0874	716.9939
75.9609	35.3848	1712.2723
71.4682	41.4373	1778.0244
34.0924	36.3948	1844.8137
20.7681	66.8340	543.7882
14.5950	30.5477	263.3851
74.5156	40.5787	1054.6953
59.1766	6.1060	71.1202
52.4126	26.5754	335.1009
44.5311	36.7179	1030.9280
60.0888	4.1548	755.0747
41.2745	34.3582	140.9672
54.1238	76.2276	2145.3806
22.1050	25.2240	2250.1665
45.4959	35.4736	1330.5752
38.5617	12.9339	1020.8835
5.5659	40.5085	748.6897
64.4341	25.8931	2322.9164
71.5892	67.2034	1996.7437
68.4430	57.8000	1840.6172
20.7165	75.4091	722.0810
28.5111	40.5224	2192.5852
57.0130	17.7991	2697.5574
18.1964	35.7862	2249.3008
26.4691	17.4108	609.1639
13.6425	2.2757	1037.9292
40.8653	61.4164	2674.8761
17.7814	22.6122	2182.1035
53.5698	44.3772	2003.6186
39.3932	28.5255	103.0338
47.7634	17.2817	627.2994
32.8473	18.6693	346.5024
13.8631	32.1908	376.9930
58.1125	63.3547	2259.3338
21.5208	73.6068	308.4193
49.4046	66.9383	2248.4807
64.2650	42.0575	290.5117
14.7038	11.1818	1195.2027
68.5293	71.4913	270.9917
3.8150	49.5416	2038.6186
61.8869	34.4472	1717.8010
11.6028	19.1058	237.9269
56.6486	5.3901	2554.8478
72.3003	16.4559	1733.3206
29.0182	40.5365	2180.7478
59.9591	5.8890	1496.3451
0.4114	47.1050	1374.6714
38.9322	35.0109	2213.1059
29.0244	55.2669	2165.4688
54.6530	9.9159	1609.3994
52.0775	59.8595	1268.1736
56.8186	7.9377	2125.4510
73.9140	60.9948	741.9475
19.5539	58.3726	41.5528
43.9672	22.0365	521.2780
58.0498	31.0636	1878.2603
23.8131	43.4711	445.1070
57.4543	7.6016	242.5321
38.1677	47.8071	1087.4796
1.6679	70.8258	1163.3985
35.9723	23.4390	437.2633
21.5200	38.0703	2721.0090
39.4035	48.8241	375.5450
62.5707	12.4106	573.8347
19.9172	45.3768	1316.2737
20.8797	60.8466	1096.2465
53.1802	39.6270	232.9626
26.4702	56.4258	456.6644
10.5224	37.9332	1329.0371
39.3225	41.9104	727.2838
28.5670	48.2982	2342.1226
34.0024	34.7127	57.2881
47.0961	63.7569	1362.9695
4.1004	40.0686	1679.6097
12.6931	11.9647	2444.8344
27.6274	72.2894	2128.2244
32.7958	43.3101	1488.5196
32.6307	71.4617	1127.4151
13.6648	2.2816	1035.0033
73.5564	75.3554	27.4252
52.5231	20.0566	2703.4743
2.5579	3.0107	1251.4121
38.5701	57.5336	2437.3850
46.6172	67.8274	1158.7837
74.1063	65.3773	2294.3311
77.1744	54.2131	1924.9718
63.2580	75.4139	1851.4293
57.2989	20.3093	583.6821
67.0305	59.4150	53.7250
7.2383	70.5662	684.8941
66.4196	31.1245	1464.8223
20.0650	50.8898	531.4202
58.6369	22.7908	1906.6613
45.4771	71.4182	281.3915
39.7970	34.5121	135.8467
37.4440	64.1422	2249.2571
16.2733	8.8278	1069.2763
68.7265	0.3989	72.0836
49.8221	25.1842	1191.8632
18.5262	22.2205	288.3840
60.8625	71.0139	789.3439
55.8665	52.8316	329.4467
4.7194	70.7532	2227.3341
41.5580	59.9395	264.4258
41.0647	19.8689	2385.0810
64.5985	2.7303	2450.7550
41.0430	20.1344	2729.6202
47.0018	23.2252	2305.4764
28.4554	43.0914	2016.0299
10.7482	44.7659	1105.0972
10.7999	53.3192	1459.7159
70.3416	63.9586	483.0768
66.9308	29.2936	457.8759
63.0848	55.4842	316.3446
47.1397	66.0709	2037.4271
19.7344	62.6920	6.0720
16.9905	43.7984	1373.0354
34.0668	55.6159	424.5661
56.4023	5.5025	276.1719
64.7970	73.2353	2172.9206
6.0564	19.2401	1319.9662
15.1457	72.2889	1519.8397
52.0660	16.2678	1243.4632
62.8246	4.7595	215.7641
66.6949	31.9392	1320.4867
73.4013	74.8816	2203.2270
19.0523	5.1944	1816.7858
21.6653	26.4573	2153.1651
73.3978	57.9632	2246.2427
57.0908	4.1143	694.3358
71.7583	43.6187	512.2183
67.9679	68.5639	1579.3759
25.2729	69.9247	1088.7526
66.3747	36.6341	879.1143
72.4568	53.5667	2451.9516
64.1222	55.4310	664.5776
42.4953	14.2761	1234.5665
10.2869	40.2574	40.8147
8.6453	51.0008	2520.1652
29.2289	11.4104	2050.9712
69.5772	3.9296	2266.6118
63.4144	19.1379	976.8396
12.3970	27.4622	1860.4591
10.7665	13.7646	295.5813
47.9664	44.3798	1323.5872
53.9708	45.2867	944.0791
23.2853	23.9569	204.4884
41.2084	38.2921	2064.4000
63.3237	62.0562	2689.6353
19.2794	43.8532	1989.5587
33.7970	32.5405	2663.7169
15.3717	58.3656	1715.4674
23.4110	62.4378	1084.9591
52.5114	16.1085	948.8529
74.7278	51.0739	7.3187
71.1405	74.2660	504.6149
25.1172	2.7969	480.2386
51.8905	9.9955	980.0627
71.2360	60.7949	462.9457
52.7134	16.6474	1693.4849
21.2316	70.0252	304.6010
74.5245	76.5023	2377.1012
54.6260	28.8987	2604.3688
38.1000	57.8051	183.5007
37.9751	55.2499	2169.7073
3.2045	49.0298	346.1065
48.1702	22.0679	383.9880
70.2234	46.2844	2117.4020
25.6704	20.5044	2742.4477
7.2101	14.2654	111.3967
76.3261	65.2020	112.7707
19.3849	48.0782	335.5826
59.3329	69.1647	680.8920
48.8481	23.0906	1244.6593
42.6272	73.9448	2485.0248
50.1581	42.7331	390.5960
25.1795	8.9343	1085.1593
25.3717	45.4939	1018.4893
11.7814	44.4373	1064.6945
46.2726	41.5624	1617.5997
4.0570	24.5096	145.7579
0.2270	76.7809	284.9860
12.7822	2.4604	1082.0371
16.9163	31.3783	519.0776
54.8573	64.2692	2651.2133
50.7257	3.4838	951.4206
75.3594	4.1413	2379.6911
29.3036	19.8384	98.7396
5.4567	61.1207	2219.3883
31.5475	12.4412	1978.7643
34.1402	19.5075	2034.2001
46.9305	43.1407	688.2006
33.3593	60.1212	2112.5169
48.5906	45.9248	2162.5927
2.1577	50.1504	2172.0918
25.1355	44.7721	2193.7375
67.8849	27.7994	2321.3283
35.5444	10.1997	546.1884
69.1876	60.8520	1625.3515
15.1201	11.0366	1215.7578
18.6030	50.8554	632.8736
12.6976	67.5536	2790.3590
74.5665	33.4752	321.9032
5.6461	52.5736	2400.0039
54.9741	29.0209	466.5108
40.6308	8.2496	1323.6519
5.2066	31.3210	1947.9231
31.2090	12.2090	1509.0564
8.0167	66.3529	1989.2576
41.3535	32.1422	1367.7957
0.5933	64.2120	2803.5942
42.5185	5.4302	1546.0249
6.7648	67.2831	559.6664
14.2225	69.0059	764.3960
66.1800	60.2612	57.7634
37.6669	7.7005	1660.1435
66.0003	50.0642	2473.2002
55.4529	17.2469	869.2154
23.3754	21.4159	1748.7463
72.1929	39.9072	1410.8707
64.5168	48.5920	156.9685
4.1704	43.9228	1348.1095
3.9008	64.7760	1118.8822
19.0112	6.0434	1844.5488
69.3101	57.7798	1444.8158
70.8065	2.1751	628.0796
68.9135	50.1713	298.9815
69.7101	27.2732	155.0503
14.8031	0.6531	580.6583
54.1417	49.1041	1847.9350
29.2361	23.5326	86.1730
61.6840	11.2624	2380.5148
11.3881	76.4364	1722.1243
42.6127	38.1462	1712.1475
11.1964	71.8037	456.1005
40.1731	44.9739	316.7993
40.7111	51.4575	772.1436
62.4091	0.8642	1718.7530
14.0160	16.4098	744.9309
4.4305	54.5749	2401.8537
61.8345	7.5691	240.9960
4.2669	54.6050	1087.0652
33.9812	22.0905	2100.5843
23.4443	32.3181	699.7520
65.4338	18.0755	203.6238
69.5732	74.9468	1911.5336
62.7282	71.5197	538.4734
68.4726	47.2104	260.5673
36.8401	42.9761	490.9108
24.1601	11.9031	1945.4955
58.9987	65.1881	1502.6481
58.3935	60.5021	163.6840
35.2998	64.5174	1070.7133
51.1714	61.2779	1840.2877
7.4198	43.8395	2062.4175
59.4339	50.3781	698.8960
52.7480	73.7423	294.2065
51.7233	48.0344	381.6492
23.5183	41.9983	438.1035
60.7345	50.0815	1485.6011
58.1384	22.2194	953.3336
28.6446	64.4656	2544.2749
55.2989	51.6228	2617.5908
55.9014	22.5257	699.4419
30.3582	7.8314	171.5395
34.8075	23.8918	1765.1843
72.7245	13.8675	658.1922
21.3537	23.3457	1786.7167
36.0142	19.4665	263.3290
24.9485	19.3261	2121.5512
44.3022	66.6459	2742.9338
27.4414	3.9173	2778.7040
11.4342	49.9349	704.1686
50.2525	44.0890	299.9965
9.6295	2.0226	961.3526
59.7799	60.3775	2077.1593
32.8224	63.9421	1670.7476
56.2800	58.7024	2488.0346
37.6207	3.6062	2036.7148
31.9617	50.4128	227.8649
28.7289	19.7134	1858.8843
64.4876	66.7166	468.0680
34.2117	13.6791	240.7278
52.6241	3.7909	1620.8861
61.1599	5.7348	162.7089
33.8998	33.4542	1027.2864
47.9221	46.9051	633.7399
33.5022	76.5589	1886.0033
67.9155	1.3310	64.6180
77.0444	0.6175	2516.0573
43.2685	57.1247	133.5501
57.5755	55.5915	1664.8701
70.6828	20.6836	655.8927
21.0864	71.3886	252.7251
4.8768	2.7328	527.0504
46.8848	12.1976	2305.7336
28.8269	67.0477	947.2106
68.8814	58.1088	385.2285
1.2564	59.3868	563.4507
19.8790	11.9839	1256.7318
43.2458	5.5730	2717.7372
32.0741	57.9507	1789.2065
54.4655	40.1030	1867.2338
25.6583	57.6199	2288.5449
45.8281	25.7205	2815.9593
70.8046	25.8262	1353.9575
9.2541	58.1187	96.0986
16.3630	12.0052	1905.3156
55.2880	45.9999	1191.0814
61.1930	75.9311	2696.0339
37.5115	2.3199	2617.8634
46.4800	4.6167	931.4828
15.0403	73.9772	2157.1084
66.8913	47.8204	1607.7771
6.9794	43.4358	1334.4070
5.2644	7.2340	348.2633
57.0131	40.1095	1780.1207
23.4499	28.6036	2685.8783
59.2838	6.7161	238.2190
74.1070	7.1615	1775.6423
3.3498	24.4199	569.4472
71.8340	70.0894	1573.0079
75.6199	30.4136	2428.4757
12.5813	44.0323	2189.9600
42.2492	16.6668	160.5177
43.1097	28.6927	2267.6133
0.9177	74.3070	255.2932
26.0155	2.9777	1446.0808
12.4777	34.8959	1315.3245
63.6675	47.8227	352.6627
6.5410	23.7005	11.4695
46.7476	51.9890	1726.5376
7.5381	14.4452	213.7663
24.4131	33.5193	767.4685
10.9726	23.4725	2306.1513
36.4508	27.5293	1136.6304
50.0320	34.3895	2651.9713
44.9917	1.2050	1247.5326
9.6853	48.9990	2661.2171
55.1348	47.0452	1699.2747
20.1229	19.2506	1200.2435
7.6556	48.8556	924.5267
66.9401	70.2893	1329.1326
55.9736	52.5433	2778.1570
27.8058	24.9928	203.7936
38.3679	19.7420	955.4222
26.0242	25.0541	1249.1367
23.6575	25.0918	529.9449
7.9996	43.2399	947.3653
41.3551	24.3549	158.0111
58.0305	41.0461	1451.6607
14.4155	18.2482	434.7925
67.3603	52.6338	2383.0598
68.6147	39.0791	1692.5322
63.7584	1.4594	1625.2513
14.0533	8.9691	1361.1512
39.2143	67.3358	1145.5791
69.2261	4.8552	1744.9620
24.3031	16.2118	856.1558
32.8525	1.3699	513.1828
32.9705	16.4100	506.8846
59.6947	26.9014	1249.6864
43.5614	38.7076	1621.9194
8.2991	64.5950	2131.9565
36.9914	33.3615	558.4426
32.7803	30.8371	1965.1444
70.2861	15.0592	2092.4460
34.9714	4.9464	71.1719
55.4875	38.2260	701.7740
70.7210	41.7788	1195.5665
47.2181	72.4514	368.2760
64.0727	6.8054	2220.8214
36.2863	47.1953	1017.7339
25.4211	38.6067	1749.0399
12.8003	57.0078	2338.5505
56.2116	70.7225	2592.4777
29.2661	34.1303	2043.1527
69.2283	63.7134	426.3342
32.4357	76.2960	1763.9441
31.5956	31.8226	1339.4237
50.6114	17.7630	1328.5277
33.0198	57.5833	1779.4761
10.6880	67.9644	1528.0995
77.0013	69.9922	1215.8518
2.4533	12.6980	2081.5031
30.5138	73.8483	1420.3424
22.8341	69.7860	2354.1352
18.7214	12.7883	539.5100
6.6108	42.7693	439.7020
64.6148	0.1057	1529.5932
44.6953	61.5096	775.4444
1.7291	25.0187	294.7679
53.4496	51.8086	1989.7421
48.8917	60.9829	2096.7956
58.8413	1.9335	1128.6650
61.5512	68.7649	1994.6249
56.6897	69.9359	742.5763
2.7396	41.9596	1989.0947
16.0651	61.0229	1235.3125
4.3252	67.2184	406.4548
22.3453	4.1544	2003.4603
12.0239	38.6811	1119.9270
56.7521	8.2429	153.2044
25.1579	38.8203	1681.0716
75.3572	16.6816	2193.5121
35.8999	34.7126	2276.0556
37.8222	69.7648	23.0392
66.2772	63.6526	1510.4623
11.5685	76.0880	1311.8610
51.9819	3.8362	891.5872
31.1318	66.7353	1789.5326
32.4068	29.0325	1700.0819
59.9434	63.9921	2034.1106
57.9360	60.0704	706.4518
11.7459	57.3189	543.1830
26.7029	33.3067	2731.3294
71.1035	28.2759	537.8503
22.8509	11.8468	143.6387
