23.0174	54.1919	142.5614
61.1677	140.7172	55.4049
166.8465	117.5829	239.6227
103.7433	96.9936	534.8089
132.3803	121.3675	418.6135
20.7817	120.3495	150.3906
49.1264	76.5158	516.2978
6.9188	5.0226	68.7108
15.5539	56.3491	107.0219
159.7268	121.5810	276.9065
117.4938	155.8160	494.4383
149.1346	164.4600	110.5495
138.2880	38.2250	345.7501
153.9226	156.5902	39.5596
32.6178	162.9199	536.0954
40.9243	77.1434	196.2151
148.9636	143.7178	310.2920
14.2952	95.8383	414.7481
141.0193	77.9672	237.9975
157.1492	30.8702	167.0217
122.3817	74.3309	262.5336
93.8326	102.0813	232.7785
50.1520	116.6886	184.8216
165.9269	29.1634	13.7075
9.2213	19.5986	235.9703
4.8014	96.6986	361.8682
157.9145	125.4812	326.4055
56.1485	99.7362	325.4444
91.0196	124.4019	206.7192
52.5817	1.7326	89.9314
12.4348	149.4997	262.8649
113.8922	152.5771	401.7801
14.0807	68.0407	243.5041
141.1190	126.0853	454.5087
156.0783	153.3592	45.1917
144.7001	75.2411	302.7713
75.8619	11.8540	413.0627
6.6201	34.8487	245.3917
42.5277	138.4834	585.1082
98.0721	162.3273	106.2528
65.3093	159.9982	239.0276
64.7457	33.7115	125.3348
14.3711	53.6065	16.7667
101.6875	94.0868	475.7137
98.7920	133.9060	276.7692
133.8762	12.2892	137.0794
168.2309	17.6571	109.1703
10.4663	118.8107	222.9406
131.5017	71.0259	209.5141
130.2432	111.5607	260.6221
107.1968	159.7107	270.1024
71.3573	86.0306	325.5083
96.4315	121.5099	40.6286
15.9403	145.1578	304.1533
131.8151	98.1909	24.8063
46.7440	36.3239	80.5396
75.6680	15.8713	53.9037
85.9284	98.3187	431.1086
160.9101	39.2419	14.2031
114.2157	128.4117	282.4351
167.7185	26.1095	71.8974
0.8732	108.8831	318.7410
110.3732	41.6063	481.8434
147.8822	36.9516	46.7782
95.2134	64.1114	260.0718
147.8837	113.4036	545.7209
16.1703	143.6234	558.2227
165.4577	26.5190	97.3947
54.8847	103.7441	91.7631
71.9641	95.9856	78.2971
46.4912	27.4707	550.9540
10.2564	116.9975	397.6524
116.4136	70.6819	179.6669
129.9052	131.7463	404.6520
72.4128	87.1884	18.9288
72.4153	48.2135	205.8623
97.8436	156.0150	486.2721
3.7582	87.2020	420.9807
53.7279	110.9927	352.4087
101.4648	82.9001	342.5715
91.5721	77.1889	406.4289
147.3007	39.2667	73.5518
113.9113	98.3486	483.3716
65.7231	50.8879	489.3132
21.2320	52.3680	565.8076
19.4916	128.6557	372.6749
53.3445	85.5909	505.4737
41.6266	58.7142	520.4682
66.9389	159.2282	515.7475
140.2273	137.4367	197.3097
15.0420	64.9544	283.1119
164.8228	159.0886	130.1220
38.7138	53.1581	383.4448
142.2756	101.8909	439.4210
111.0932	26.1866	207.6170
167.8611	133.3355	165.9617
6.0507	34.8441	493.9248
79.8335	157.9508	344.6066
65.1734	80.1219	534.4640
101.1793	82.9798	553.6517
59.7392	122.4619	137.0236
59.4003	123.8396	346.4044
124.1942	161.9685	391.0099
115.5758	13.3596	384.8026
85.1678	43.7354	439.6923
151.7730	155.5998	504.3817
159.5802	59.2846	220.7277
77.8625	92.1363	113.5226
87.9523	23.5877	144.0782
106.6848	23.1454	568.3514
25.7485	97.6264	234.0998
83.2207	99.7749	229.3359
83.5758	7.4944	589.4450
142.4383	100.0633	387.4521
26.0932	131.1516	556.9799
48.8190	140.2719	351.7789
160.9752	151.0341	118.7849
73.1443	165.4474	229.2951
129.9982	66.9091	462.6615
98.3231	1.4444	310.7850
148.5671	52.2242	546.6858
65.0154	152.9136	171.0416
114.5548	39.5502	20.0814
27.7058	18.1856	523.7233
155.5798	152.4255	279.4895
35.7177	7.8375	241.0504
103.6272	60.0535	389.9843
82.4935	124.5308	511.3420
21.6384	31.3109	84.5936
37.0238	60.5525	113.8209
119.3653	69.2776	264.5060
61.6747	98.2851	90.1550
156.5205	18.0436	316.3241
16.1891	7.5236	34.8489
44.2473	1.7191	164.9953
2.5513	62.5608	161.0428
63.7622	38.6192	587.9956
156.1112	98.7481	211.2704
30.3032	1.1632	371.5825
143.4398	36.3095	358.1531
158.2188	148.8461	190.8287
58.6312	136.3235	332.6418
8.5545	44.0449	228.0037
31.3620	128.6585	34.0334
5.2238	90.2640	236.5284
85.8705	14.3500	243.7989
44.0709	287.4475	-1252.8000
75.3483	129.1690	200.1901
10.7074	18.9299	234.3733
42.9502	154.4071	283.6195
55.5043	35.9841	262.1274
82.6401	19.2701	496.9663
57.4782	19.4023	196.8996
138.6236	84.3046	344.1829
7.2139	29.5125	155.5467
154.5881	127.6488	95.2011
123.9890	18.6935	358.6784
150.2949	70.8804	385.4498
151.1344	148.4539	276.9132
22.1963	52.4620	387.8432
3.2468	111.6723	391.7343
20.0644	100.5377	267.7160
19.8128	29.7728	213.2583
93.8797	165.2938	67.7671
70.0731	105.5084	179.4322
131.9733	2.6367	452.6503
34.2576	97.1511	98.9773
64.0295	19.5664	156.3483
122.0423	159.5976	281.2769
93.0528	31.7119	342.4108
96.6221	82.6823	477.4652
54.0010	50.8965	104.8143
16.3568	70.5879	31.0439
36.9912	4.9864	105.3916
103.3417	26.4615	3.5461
30.4842	25.6356	461.5564
126.0507	35.6116	351.5708
99.4183	117.1762	540.0279
128.9818	147.1464	248.2070
92.0065	154.0237	127.7553
140.4448	32.5884	333.3388
162.6686	15.3808	65.9250
90.3921	143.1733	215.8643
89.8038	159.0615	53.5688
23.4400	146.9449	267.6494
133.3095	46.6492	308.6606
130.2680	5.8730	115.7620
139.2677	79.1257	261.4510
35.8179	164.0897	463.1982
121.8167	83.6218	375.3372
60.1463	123.5447	420.8058
29.0570	126.2075	167.9556
85.8548	153.5760	467.4925
148.4794	74.8264	284.7129
117.1026	104.1861	326.9895
157.3272	127.4071	221.3139
43.4213	25.7152	539.9676
56.5972	55.6063	295.6764
105.4401	1.9311	282.0276
56.7944	121.8581	170.3638
13.4674	113.9676	543.1472
60.0756	156.5757	478.5928
113.2047	159.2632	187.1262
149.6919	164.1168	558.2298
160.9440	28.9118	289.9288
128.1107	160.6113	398.9314
105.7836	140.9921	451.8197
5.8153	87.4583	39.6963
157.6383	121.2375	338.2188
59.5587	166.2994	587.0665
25.5065	125.6977	238.7487
106.0326	54.7102	94.3989
74.6018	25.0053	118.3200
53.5996	104.8617	353.2405
44.0225	8.3574	107.8209
151.9895	137.2604	461.1394
90.1808	50.7618	342.2302
98.0026	120.3725	259.8257
32.3894	152.7918	3.8282
84.9414	45.6972	39.1060
81.4221	112.4301	23.9983
133.2637	80.8822	258.3989
114.9560	53.1595	35.1827
123.4418	76.2672	304.7554
117.6941	3.3228	198.1511
150.6270	7.4530	428.3999
115.7657	94.6875	501.8598
127.4577	126.0332	342.5335
161.7620	154.5496	507.9194
41.0916	161.5156	50.0262
143.4447	156.9246	489.2263
72.4827	92.3154	509.8805
77.9040	166.4292	228.1079
98.7734	98.5179	277.9412
100.6640	1.4883	444.5649
145.3227	130.1016	416.7297
126.9980	29.6374	169.7887
135.3812	129.2200	11.9139
132.8448	53.5752	535.1381
42.4226	167.4343	33.2734
122.8812	14.0216	477.1477
127.9963	124.2609	561.0748
109.2966	24.6178	103.4015
77.0971	158.7338	223.4414
51.4480	31.8421	276.5233
129.6991	23.8615	534.1160
119.7356	88.1649	546.2986
109.9166	158.6434	47.1450
8.9115	52.9843	158.5801
48.7811	43.2114	53.7856
134.4696	155.8154	80.6260
133.2094	31.2570	2.2084
72.8568	89.8758	566.0694
4.4672	56.9347	7.1451
153.2962	47.8992	351.1590
136.6649	80.6197	107.0397
32.0275	3.4424	6.9530
33.8296	120.1841	412.0121
8.4865	124.7133	470.2617
135.8949	114.8347	139.0340
161.6024	150.5752	176.5913
44.6929	33.6383	85.9051
51.4478	78.0548	358.8199
0.0201	125.7377	426.0319
72.2823	121.5154	367.8414
35.5048	165.3034	552.1704
48.4026	139.8977	526.0053
105.1385	63.6561	481.8491
133.6810	166.4428	539.4405
1.4736	74.8042	330.0755
166.7467	140.9912	229.7182
56.4688	167.8783	313.6592
96.8593	107.8229	319.1417
119.5766	84.6324	559.6804
158.3636	4.6378	214.1701
85.9274	23.0188	251.7064
139.7702	97.3114	3.1031
72.0120	123.9952	7.9442
22.6251	125.1985	590.0404
145.5669	53.9158	510.1495
108.9860	91.7124	490.1164
122.7078	31.6075	163.2664
67.7957	140.3460	163.1648
64.5228	95.9781	130.1311
115.4828	4.6138	215.4711
80.6900	130.4403	260.7239
27.9580	148.8380	360.8418
66.1951	65.6986	333.9218
41.2817	2.9349	243.3063
32.9845	55.8648	96.6537
53.4525	119.1263	77.9452
75.6622	118.6141	375.9188
41.7997	154.6640	293.4818
125.1757	117.7692	476.6738
143.8477	11.5228	500.8754
145.9177	101.2909	30.9282
74.2901	72.6398	183.7356
76.7080	1.0852	146.7006
79.5484	60.9454	521.9310
137.7148	113.5102	418.2074
101.7850	21.7794	165.5811
70.1631	113.5508	507.6290
72.4133	37.7168	278.0899
53.5898	81.1232	482.9247
136.5156	146.9169	336.7367
40.5901	31.1698	487.9878
6.8294	1.1706	507.1919
126.7250	164.5644	64.9626
54.8808	30.5641	67.5966
6.7521	93.1018	246.3743
31.1322	25.4319	174.2677
129.5067	95.5337	322.3615
152.1704	76.5800	145.4361
128.0466	117.6982	255.5094
155.4642	20.2953	266.2307
119.5376	154.4787	176.9314
159.1043	65.2365	349.9253
67.3436	106.1907	106.6941
29.8545	79.9894	352.1181
137.8338	92.5053	356.3384
91.3494	78.7008	347.4619
75.7917	159.4996	442.2860
19.3931	16.6735	17.9342
124.2716	111.1921	164.7556
125.7202	160.9641	287.7777
82.1643	36.8685	560.6615
65.2594	23.2538	235.7378
79.5954	116.7813	0.8904
30.3913	2.6828	121.9333
71.9763	59.4710	93.7673
105.1701	127.6756	406.2683
123.1642	144.9792	144.7200
141.0319	97.9584	91.1079
99.3608	133.1950	124.6817
127.9263	135.7607	338.0289
154.8468	132.0089	549.4340
156.3846	98.7744	329.3619
67.1641	77.7538	592.1647
140.3407	20.7885	132.1590
112.7517	141.4404	463.1838
95.0733	50.1072	334.0648
126.7993	9.5955	16.7365
63.6216	163.4614	215.9587
7.2005	56.9249	12.8172
13.2369	8.0809	417.4657
106.6147	91.8420	195.6879
7.7222	6.0751	529.2410
56.7883	132.0472	537.6570
145.7402	33.8882	461.3302
146.8028	129.3478	260.3344
104.7915	116.7427	110.5568
52.7050	106.0606	524.1788
7.7589	147.3745	291.4066
90.2859	0.4243	471.0720
99.6295	151.6896	59.4591
104.6383	154.7628	90.7699
14.6274	0.6146	296.3750
98.5707	86.3576	240.2812
123.2550	80.0894	212.7481
112.5093	3.7861	184.5488
77.9664	123.8414	428.9082
119.9035	32.6762	133.0924
6.8174	119.8836	191.7936
30.1727	151.3446	311.2010
159.9475	101.3138	103.3823
104.8091	44.3470	34.3617
59.5983	67.4204	312.3159
63.4907	103.4656	209.9219
166.1257	136.8138	527.5053
92.3689	65.9380	500.0848
71.8455	130.3878	243.4608
116.2026	77.0619	29.3658
57.4012	134.9127	517.8366
52.3637	24.9172	252.2649
31.2424	167.4635	34.2919
102.8479	137.5657	145.5077
165.6925	78.9854	495.2388
43.1263	3.2423	403.8407
140.6614	95.7968	123.7465
93.0200	10.5041	138.0442
130.7662	64.3340	333.2299
121.0123	156.4016	288.8182
85.5588	128.2156	193.6896
93.1379	101.2187	384.4653
139.6290	47.7893	483.1738
132.2176	150.0385	245.1596
166.4489	40.8379	557.0868
15.5575	127.2544	589.5673
52.3999	142.5870	504.5451
19.9994	18.3758	267.2375
9.5490	106.8463	237.0056
5.9660	49.9289	354.2136
27.8755	32.1896	205.9677
160.8203	20.6354	306.3187
168.2666	68.4030	32.0664
21.1962	82.4262	425.9295
54.9742	7.0683	408.5011
69.6997	67.1257	457.5575
55.9125	12.2594	304.4672
154.9509	137.6172	581.5066
147.1121	65.7195	13.5277
87.0851	10.2196	411.0301
153.2747	22.4777	439.8458
72.1115	15.1803	222.0405
39.9200	6.3187	435.1673
76.2727	138.6890	317.6730
68.1398	111.5677	103.0429
67.4364	31.1647	371.6042
35.3705	73.2894	348.3955
108.0122	78.8458	149.2418
107.9312	87.4921	110.4055
159.6139	145.3989	17.6915
133.8108	122.3280	12.2964
130.2804	97.0490	107.4991
22.7277	119.8543	565.8617
94.0489	88.0272	567.1057
137.2675	102.4085	400.4434
2.5784	111.8074	103.2633
119.3425	48.9949	84.0412
63.0471	58.9430	317.7807
85.0392	112.1140	14.8272
126.8858	107.7382	569.6814
11.1841	146.6328	358.1894
101.8341	126.2458	453.0471
160.3022	91.3521	324.8927
118.5625	79.3685	211.2394
77.8965	131.8833	265.6569
111.2903	130.1444	205.7707
29.2188	58.0680	101.9356
161.6259	21.9651	239.6123
75.6126	22.8990	389.4834
54.3850	37.1041	135.2136
12.5157	113.6347	182.9768
58.0165	122.4931	338.5312
117.8319	168.3649	39.0755
56.6609	52.6624	198.6892
38.8815	134.7707	554.9320
93.0454	24.4696	266.6323
53.3764	107.3738	532.7749
46.4356	155.4386	347.3899
75.2668	6.9750	47.0108
166.3284	125.8697	196.9697
17.2324	125.5952	2.5908
48.3673	132.3349	54.1622
48.1423	117.6166	214.9005
108.7190	45.3448	418.1905
152.5468	94.8389	125.3101
68.2664	65.4684	294.5715
161.8433	16.4424	579.4886
36.5229	120.8625	52.1307
90.7526	133.1412	430.0926
102.6833	92.0940	315.8073
152.9624	8.7858	381.8070
138.6500	39.1192	179.6140
61.8782	53.8598	132.7438
61.6514	32.0574	146.8113
101.6636	125.2479	395.7139
135.0509	16.4745	402.7009
50.7427	10.9632	50.2609
70.6223	114.0735	496.6955
4.2167	18.9272	95.3973
43.6764	65.4099	453.4454
88.4174	47.3467	100.7986
100.1808	41.3905	158.8806
107.7747	19.2645	413.9710
166.1319	158.5325	560.4415
113.9734	63.6705	553.7494
82.5094	13.0864	124.1296
142.1421	32.8619	592.1545
119.2111	55.4424	293.8754
72.6099	105.1054	80.1952
22.2395	18.4388	22.1426
51.0608	88.0032	122.7858
150.2467	66.4551	238.9387
139.3522	41.3453	489.4375
93.2903	119.9587	189.0800
41.6363	60.1354	439.4945
135.9731	165.1812	180.0972
109.9704	79.9097	274.0145
161.1877	1.6309	448.4852
56.3828	64.3712	455.9315
5.6485	106.5221	182.4929
150.0844	39.4611	327.9538
1.9012	49.6115	331.4817
14.5965	79.6227	181.7607
14.3039	19.0067	588.7903
87.2320	108.0396	383.4877
42.2093	150.6497	240.6509
51.5212	4.7124	140.4048
49.7354	23.6428	45.0570
15.1404	159.0165	10.3966
8.0526	150.5060	59.2354
92.5023	91.2677	424.5961
99.5873	65.5482	232.5062
93.0423	107.8895	521.1320
134.9130	97.9767	513.8937
29.3034	168.0860	499.5025
106.8571	86.4140	123.7054
7.4400	98.9628	260.7372
130.3379	114.0967	474.0206
67.4385	136.8186	507.3161
159.5450	116.8854	146.0861
21.2370	15.5730	220.3226
157.7096	152.9253	66.7290
120.3958	167.6847	503.5252
76.7149	34.4463	471.8331
58.7498	67.5785	338.0938
136.6487	134.9822	72.1666
113.6735	162.5494	197.7496
56.7582	67.6037	438.0829
153.9743	85.0837	85.6992
52.2829	168.1752	485.7153
30.5106	142.0969	246.2764
9.0203	144.5260	521.2823
1.3112	166.2786	138.0090
30.8389	19.6791	467.6201
129.8388	108.3683	2.6830
118.5324	130.7095	191.3010
126.1962	161.0246	228.7945
59.8421	87.6080	306.6585
100.1388	8.9766	433.6512
114.3212	34.4224	459.1063
37.4329	31.7887	556.5277
120.5597	109.0153	82.7819
149.6160	21.8765	126.1426
92.9417	122.3487	178.1919
138.0394	119.7794	278.7740
168.3504	88.4066	199.1816
94.5658	101.5320	563.8032
82.8938	101.7380	563.1754
1.5544	33.7678	479.6660
28.3221	17.2361	170.8223
55.1544	110.0305	116.9201
68.1226	46.9982	39.8246
70.0460	56.1630	209.3824
71.6845	167.9738	489.6190
93.6347	106.1860	42.4605
19.4461	133.1866	284.2951
8.0134	45.5191	75.9450
81.9504	23.7005	205.3952
86.2843	90.6460	421.0943
62.7921	77.5365	324.7166
149.9590	114.8773	79.8436
101.3087	110.1676	553.4492
104.0249	79.8354	541.8929
77.1568	136.7504	476.2601
161.9338	84.5707	122.3927
4.6779	21.4206	243.6506
70.3183	152.5391	420.6529
54.0447	14.8301	158.1192
57.7874	81.0199	263.9882
53.1366	85.6614	463.2671
98.0498	77.5098	214.2337
75.3148	107.3246	21.8196
152.2018	26.7605	174.5526
109.1414	132.4830	427.5491
4.4258	111.9890	169.1840
35.2972	137.3689	88.8346
40.9073	136.1590	547.8131
3.2834	13.2428	273.2290
138.1060	51.7023	584.6129
4.0550	13.8520	152.4483
125.7953	49.0212	318.0477
3.8155	164.8747	186.5538
145.0513	47.3194	98.6578
147.5703	150.7374	209.3959
114.8690	129.6208	441.2017
32.1429	105.9873	193.8815
144.9590	56.2651	30.8048
83.1993	61.8897	277.2269
47.7223	54.8122	543.1157
153.9396	162.5428	495.0562
35.8605	84.4787	490.0606
67.8549	54.2773	27.4720
108.8509	65.4402	126.4339
93.2962	154.2803	32.7612
155.4589	141.7970	331.5416
57.6605	76.2499	462.5539
161.6135	72.6870	238.1641
14.8020	17.4658	567.8841
155.5247	98.0315	147.1481
58.9228	112.6112	330.9832
39.2115	155.5412	104.3186
79.6841	32.2309	155.9401
46.7569	113.6851	33.9909
126.3506	77.7926	378.7630
65.5847	28.7658	44.6036
48.6160	36.3141	468.1818
126.4953	54.6618	285.0762
78.6407	69.7649	569.3443
13.7836	80.6446	432.8710
64.3551	142.3996	168.3406
37.2074	144.5962	97.4057
77.6069	6.4079	141.9523
163.3177	87.8256	419.6912
64.5493	145.6402	1.4654
81.6015	53.5090	98.5147
42.4866	82.3733	35.5589
69.6349	41.0542	36.2339
123.5986	159.0780	340.7834
17.5085	16.6877	58.6870
120.9933	116.4274	334.2978
85.5731	31.0032	453.4800
151.4974	72.4553	356.5701
114.6211	58.1726	227.5758
17.1415	24.0868	62.0198
18.1800	157.2609	431.9798
109.5954	98.3601	524.4360
104.8980	22.7377	133.1797
20.2943	20.7801	62.0754
61.3484	12.5271	134.5554
74.0969	162.6603	494.6724
0.6119	157.6686	145.5108
111.9871	31.4058	351.2915
122.4232	165.0942	181.5332
70.6205	9.4889	111.7766
115.4484	44.3680	383.5987
66.1676	122.0608	496.5873
24.2921	154.6967	273.3263
115.4978	160.1998	192.8476
121.7200	127.9227	423.1996
41.9848	121.5359	254.8521
122.0475	48.9703	169.8501
25.6747	24.4789	475.4990
41.3880	64.6363	475.9674
137.0775	40.0760	360.5563
19.8439	113.8387	64.0030
13.9672	83.2437	263.1532
164.2931	49.7393	589.9101
118.2722	106.5717	401.6776
29.1988	99.4166	94.4700
17.1022	33.1025	15.6508
151.9940	127.2100	592.9305
144.7179	114.4101	433.9589
11.4529	159.6825	132.4763
10.7453	56.3461	346.9384
81.9944	59.9450	332.7203
14.8275	92.5469	158.8438
107.6093	95.1708	530.2478
104.1902	107.5270	412.5225
155.3695	58.1199	66.4666
42.6308	65.4901	501.4754
66.6812	164.2592	340.1825
140.1060	-69.0663	1009.2000
145.1766	25.3929	453.3007
168.0875	52.8210	237.3863
104.6888	96.5226	341.2659
32.8905	42.0115	413.5135
139.6135	78.3113	539.7044
41.9982	8.4349	99.7186
140.2702	21.0511	254.1768
148.6889	70.9753	85.2008
50.8599	96.1396	542.8442
1.0505	93.2704	488.6185
110.2968	81.7158	117.5518
100.5381	166.5840	136.0733
32.4404	153.8522	244.9920
9.2861	104.7855	566.9390
135.6668	0.3728	512.7424
97.7968	97.4741	402.8787
29.5227	5.2576	168.1896
44.3503	121.2343	316.1906
62.2116	115.6280	199.0394
111.1581	14.9642	212.9332
102.6398	31.7704	21.7988
24.7583	127.2209	549.8286
82.7747	30.3713	30.7844
77.6793	111.7611	291.6467
87.0732	126.1406	191.0941
143.4791	20.1547	206.4948
19.8518	10.0026	16.0833
62.7253	98.8861	314.4398
54.1251	30.4370	58.4910
27.2853	75.8342	129.0913
17.4157	82.4126	69.3867
118.5042	87.3631	225.9376
81.9860	159.7444	581.6690
23.9711	110.5716	206.9737
53.5842	44.0182	507.0250
4.2296	37.5937	102.5641
141.7780	168.3652	543.1978
153.5238	8.0344	470.3038
136.6699	126.9182	529.5832
82.5680	61.5661	492.3496
155.2365	79.3055	384.4563
32.5152	93.0526	230.9194
54.6179	10.2593	164.9750
50.4278	132.0605	103.2449
106.4578	79.1999	468.0748
6.9814	141.1950	118.5933
140.4663	114.0301	272.1667
152.9446	129.4571	11.6853
74.4922	109.8748	500.0701
47.5051	36.4867	318.3425
149.6968	114.9236	301.5948
147.3343	24.8788	439.9446
115.5894	88.0700	436.3660
97.6894	74.0294	211.4291
126.2375	150.4634	475.4989
3.0934	123.4901	100.0423
48.1946	43.7971	61.5526
16.4620	31.4966	224.2012
51.1350	138.9658	549.4360
157.8762	42.7249	410.2091
134.8052	20.3500	514.4086
141.7631	163.6886	413.1080
49.9126	9.1506	153.7651
143.1685	154.1080	0.0067
37.6210	28.8048	102.7183
52.5162	60.4887	337.0390
54.5950	109.0034	146.4002
83.5507	50.6036	460.4347
38.2399	53.0533	187.8921
42.0299	164.2513	391.7759
93.2187	146.3158	167.8797
121.5262	0.2271	406.6684
13.9984	140.2962	129.6042
66.0623	167.5280	454.9538
147.3799	161.4772	23.8838
154.5922	21.6403	508.2500
123.2291	145.6404	532.7749
121.9743	44.0051	120.2096
83.9633	155.4092	266.3138
117.6211	168.0055	478.4937
145.8048	116.9888	94.8363
16.1586	130.1825	317.6998
56.5271	119.4361	226.5717
3.8330	30.5598	112.4204
98.5060	97.9818	158.9362
132.4215	95.8702	515.5506
160.5009	0.5773	499.4107
54.7957	80.9194	158.8628
86.3900	108.0119	233.5592
34.4825	10.6534	382.5606
33.7199	125.4882	237.6511
61.8308	48.6753	299.2800
144.5952	45.4816	240.4086
99.1937	120.2192	315.0463
48.9054	44.2949	78.8371
54.2134	71.5893	356.5949
91.2115	12.2462	214.7763
154.0693	84.6241	375.0532
154.4411	125.8105	363.3746
134.7509	48.6405	435.9195
17.7569	73.2322	77.0100
60.3509	145.7248	232.0924
57.8653	66.2292	337.0459
55.2108	98.9378	548.7973
151.8544	68.0301	115.0169
148.6311	75.7407	131.6169
108.4661	20.6441	86.4585
132.8729	52.7132	353.2633
26.0805	31.0283	2.5047
124.1154	6.6263	81.5879
144.3538	100.1379	389.3222
120.8041	11.0016	334.1335
80.6060	67.7935	113.2688
138.8103	75.3898	435.6436
162.1460	15.9246	23.9316
143.6315	158.5571	533.1413
157.5415	14.9251	168.3768
131.2211	137.2163	211.3590
44.2012	153.7234	221.0125
167.1261	37.1437	395.3384
67.5442	6.4323	234.7180
33.6538	111.9072	74.0838
130.0072	146.0400	153.3272
129.0813	85.8206	358.8668
113.4062	165.8970	398.7345
96.9838	82.8333	379.7004
15.4320	12.5234	36.0991
17.3750	162.2252	227.6816
134.6759	22.1456	11.8189
7.5731	120.0907	120.1173
41.2037	91.7820	530.8911
141.0055	147.9961	470.7775
78.8908	72.3919	119.6731
118.9879	85.1705	97.3419
101.7592	159.9682	278.6327
14.0309	57.0382	308.3990
88.6076	53.3437	380.5466
59.9120	116.7309	400.4561
45.1155	159.4184	209.3296
104.8559	60.6599	528.0958
107.3901	63.6581	164.2947
11.9016	143.2736	292.9798
16.3640	164.1059	559.6010
36.3986	73.3411	127.1707
57.1533	6.2349	236.8264
50.8395	7.1801	580.3317
84.8173	96.5698	298.7267
73.2841	141.4569	366.0706
35.8944	51.9815	229.0616
150.1963	2.6786	530.5507
68.7127	86.2029	105.5195
120.3213	118.8959	133.0992
146.7739	53.1802	41.1201
12.7821	8.8142	520.5644
167.6860	128.6037	480.8694
12.9350	161.1678	1.0839
70.6743	80.7241	424.4943
30.6307	163.2254	17.7629
0.3810	99.9474	241.5873
60.0092	52.6502	86.8583
31.8685	74.8764	180.8994
53.9499	163.2990	329.4238
125.8183	19.3832	534.5102
25.7324	149.1691	348.5296
95.8684	75.6788	21.8862
124.1628	15.8550	91.2027
7.8166	109.2825	542.6599
42.8428	102.8387	379.6847
41.3533	18.1329	351.2057
142.3207	111.4775	443.7413
90.2852	26.8184	242.1156
59.7825	158.5942	463.9424
44.5737	47.7821	563.3597
130.0982	95.0579	84.6069
4.2390	110.0486	454.2956
99.3938	122.1875	96.0042
43.9689	54.7132	481.3111
154.3694	95.8876	307.4110
32.8845	144.3400	192.1831
26.0225	99.2179	285.3584
39.9256	116.7563	474.1130
53.8737	23.5478	157.2231
103.2256	158.8600	178.2058
162.2736	38.3676	264.7911
123.9400	68.2730	107.6082
104.6575	94.5438	148.8223
43.2799	115.3545	333.0989
87.2438	9.3602	223.4532
153.1576	64.8913	77.1163
36.3068	153.5925	202.7476
74.7411	85.4333	227.7597
102.7962	73.7979	259.2364
43.9512	25.6277	377.4919
126.1394	157.2922	251.5936
159.5188	70.9525	285.3569
73.6713	50.9250	550.7677
142.2743	37.5193	535.1838
50.6689	166.2279	130.0336
62.9292	16.9403	99.8089
163.8072	115.5148	3.0616
135.6539	45.5160	61.1930
84.5125	143.4777	264.9332
55.9132	105.3615	402.1624
31.4848	33.7815	499.4519
129.7903	134.6200	503.0702
105.3582	12.5330	9.7063
6.9858	2.3075	431.1524
99.9339	123.8154	296.0237
48.1997	109.2714	514.5358
114.7641	23.7809	202.9165
74.2968	31.3234	71.8939
150.9406	122.8202	505.2023
67.1618	48.7037	148.8198
124.6231	0.8531	290.1565
0.6095	52.5445	372.0186
81.6096	119.8138	437.4357
142.0259	56.3166	79.9768
157.2614	50.5637	428.2414
103.2357	156.1611	73.5469
95.1072	155.7250	122.7704
86.5487	103.9270	201.2260
144.5191	8.1922	551.4534
76.5653	155.3761	63.2064
14.2729	3.2991	31.0661
21.2521	10.9982	33.6888
113.5930	156.8760	500.9746
135.6013	66.2914	269.5077
13.7585	99.8609	129.2967
42.5200	59.8367	421.8263
155.5600	115.4370	515.6872
4.8417	60.2353	515.5998
20.8510	40.4465	276.5610
16.2934	67.5792	304.7269
134.0706	35.0771	88.7133
142.5383	53.5712	429.1560
72.7561	29.3408	85.9721
120.1485	118.2841	203.8043
159.3135	0.7967	584.0266
159.6692	112.6890	146.8224
86.1973	96.9862	209.4785
161.2780	26.8807	144.8951
10.1717	37.6832	550.2795
162.8409	85.7851	367.5893
16.9434	76.3594	440.1791
113.4650	143.5965	579.6023
85.7287	6.9124	370.3690
66.8156	59.7977	447.3933
166.1022	47.8158	575.4628
131.9902	29.1514	427.6435
160.5700	26.0665	533.5104
150.9017	79.6902	478.2252
138.7432	16.1241	29.4173
2.7260	165.0296	332.7341
124.1272	50.1286	466.3352
69.4911	93.5856	382.1258
5.7218	131.6691	478.2933
148.9608	108.1640	511.5235
126.2707	70.9473	138.0956
56.9074	77.7680	494.7394
104.7156	94.1670	43.2897
9.6042	56.9986	271.2367
43.6694	0.0927	447.9869
0.7955	70.1189	350.9935
127.4800	57.9185	69.2419
151.8156	123.5242	521.0943
97.8565	73.9020	350.8546
166.4489	156.5182	145.5946
58.4809	165.4441	236.4497
50.1338	26.1331	383.9096
156.1380	11.1507	50.2809
111.5615	126.8344	43.9743
45.2072	159.8855	188.7289
141.7665	121.0277	76.7341
86.0547	75.9313	331.8017
128.0370	56.0291	408.8472
31.0810	79.6841	448.8801
14.5648	17.5513	222.4920
44.4121	120.9071	233.9983
120.7139	9.4045	329.7792
96.5925	53.6706	186.8043
9.7726	3.2426	50.6306
82.2525	126.8254	370.8812
166.6492	90.9222	392.8875
41.9658	103.0632	292.7295
101.0672	163.1708	281.3718
69.3350	42.5947	247.5038
51.0827	41.4152	422.2409
108.8190	161.4935	385.6417
149.7151	66.4552	133.7478
140.5836	29.4866	542.7925
12.1781	96.4650	538.7094
55.8616	81.1846	138.2926
126.9875	25.6594	238.8736
14.7865	97.2131	31.4237
77.4400	12.6758	549.2863
36.3458	39.0839	241.8511
50.8726	68.8157	151.5941
67.1271	67.7482	473.3730
13.2222	134.7474	352.0296
28.2195	166.8248	204.5115
104.6271	132.6573	36.2587
42.0670	19.2391	153.6672
95.4505	71.4469	362.5600
18.5391	27.3506	556.7806
60.6127	46.2344	202.7268
167.5234	84.6531	262.6562
16.1205	155.4845	445.1342
2.0488	24.5116	50.0742
154.0727	133.6871	196.9291
161.3798	35.6633	444.0206
7.2046	78.7378	141.5408
70.3796	31.9777	132.6586
4.5840	125.4471	346.3703
121.3705	97.8605	526.2781
87.0644	98.3559	411.6115
163.7052	98.8329	422.5690
119.3501	58.0892	109.7586
61.1238	89.6329	406.1698
11.9574	96.8464	73.3285
69.0913	48.3234	520.7418
84.9392	149.7111	557.1856
145.2976	47.1011	488.0329
15.0358	105.9138	511.5007
93.9078	17.2923	309.7869
25.8463	130.7129	180.9773
82.2676	163.3880	471.4592
70.5305	52.2386	1.4320
100.3712	98.9344	367.6640
167.7458	98.0053	99.6510
153.8413	150.7928	236.6616
27.5975	123.2486	62.6244
2.6997	66.0457	548.5836
68.3782	64.8989	571.1120
131.2577	51.1154	445.3002
0.5823	112.3217	483.7476
7.4030	77.9639	63.4275
55.5620	95.3798	189.1591
129.2778	51.9381	534.7322
135.8014	111.1773	102.9090
131.4730	7.2346	328.0051
86.4484	89.9227	505.7917
111.3584	124.7122	448.5538
114.3931	33.1294	50.0113
144.2224	33.4918	161.0987
62.4794	149.6879	301.2382
91.0907	121.1470	334.7796
78.8517	159.1303	276.6435
5.9837	137.6672	548.6779
74.7984	132.6984	539.6293
1.6673	97.5619	352.9916
92.2921	144.7688	367.4289
24.6119	10.7442	11.8326
73.1879	6.5511	268.0054
130.4071	135.8939	493.5630
80.8309	81.0944	214.4877
14.7992	167.6637	43.8203
97.6416	25.6203	324.2966
79.8180	42.9326	423.2044
111.1917	88.0965	391.5523
105.7569	14.1152	400.9701
95.3804	153.7448	430.4340
113.3854	154.6871	220.5132
147.6328	3.0516	551.6374
160.6593	46.4271	384.8168
153.2820	61.7465	52.5413
132.4262	127.0977	79.4241
119.1719	145.3250	340.0054
159.1170	127.4514	296.9904
65.3829	43.7146	332.6881
97.3347	133.9131	228.9137
24.6425	119.4001	449.5191
67.1711	141.9942	277.0986
34.2764	41.2847	333.3377
123.7282	163.4074	570.7888
92.9887	111.0358	306.8581
148.2104	110.8349	480.8882
46.9807	10.4451	87.2822
10.8411	40.7313	294.3723
151.2861	155.9077	302.0818
135.2310	60.4913	361.7968
54.6145	127.7987	134.9753
39.6332	152.5934	338.5812
149.7396	43.9036	456.3141
160.4955	55.7459	145.5521
159.6105	34.0024	444.8525
162.2597	161.5336	501.4178
8.3084	90.9353	187.4689
111.0697	115.2419	34.0573
143.6294	158.7663	517.8456
5.9861	157.9297	439.2504
131.6009	45.7897	41.6300
6.7300	70.3278	339.3027
145.4307	47.4798	30.8994
5.3978	54.2619	40.6711
66.8334	117.7623	305.7639
104.6441	63.4776	54.4848
102.7839	26.2393	450.7882
76.3642	27.2041	44.3440
166.4997	12.3224	472.6537
46.2430	151.1273	12.4929
90.8209	142.2888	460.7115
68.6810	168.1697	18.8906
63.1272	162.7117	434.2573
58.5985	141.3205	68.8117
159.1141	167.4816	383.3818
13.6326	150.7622	325.1996
108.5523	26.5070	185.5811
73.6892	111.4631	218.6843
50.3505	110.3337	190.3917
65.7818	128.0908	182.4535
165.6522	125.7099	319.1768
50.3699	39.0434	34.9554
60.5389	114.1784	259.1776
156.7844	125.5219	458.1882
108.4821	85.5636	154.7388
52.3832	164.1012	343.7842
25.9410	133.5810	567.7872
70.5390	154.9855	82.1245
25.3171	114.2369	547.1290
29.2588	55.3000	115.0084
72.3595	5.6052	554.6543
166.8705	164.5983	372.8704
63.5448	86.7115	299.8215
21.5331	78.2294	213.4202
166.7697	30.5314	224.3873
151.3136	108.0472	355.2178
0.2849	45.4747	274.6620
5.1586	18.9839	259.4795
133.0690	126.9057	173.5534
157.5874	146.4516	156.2723
26.0138	133.3616	470.9217
15.8889	26.8068	460.7070
148.0505	103.3667	354.3006
14.3908	163.5966	278.4365
53.4432	9.3915	325.0790
19.7402	164.3800	472.9628
148.0559	140.0397	398.0459
46.3277	50.9020	280.5545
85.4693	155.7598	273.2739
156.4452	119.8563	368.5161
103.8938	106.9502	549.6163
115.8740	29.2759	46.1939
49.7354	23.6428	45.0570
57.0375	122.7895	26.8512
137.5382	146.7048	17.8499
32.3945	118.0305	191.2995
90.2286	61.7383	351.7966
17.7502	75.3872	235.3495
2.5774	90.8910	292.8388
124.4182	45.2250	487.2123
24.1266	145.6903	502.0882
75.2532	55.2186	437.5068
123.7617	148.9307	216.1404
125.3296	143.4084	148.9072
111.0170	64.9417	184.5466
154.7823	49.2409	568.3333
94.0818	48.7949	208.7070
4.1481	12.6646	362.7638
79.0115	5.5117	217.0290
93.5379	13.6898	474.2153
160.1043	135.6170	63.7344
43.2769	119.5485	578.5430
47.7482	147.2329	295.7942
57.7285	1.2414	564.1039
35.4751	25.4697	465.2112
79.5817	71.9845	117.1362
56.5484	98.5357	536.4388
127.5410	80.6385	234.7090
81.9672	36.3850	155.1348
37.6751	119.5125	7.8212
38.6029	20.6564	301.0018
23.1064	120.4353	61.8385
61.1581	36.8711	543.9961
154.8074	124.1082	534.1211
52.2932	137.8668	550.0911
137.4245	8.9956	580.6544
53.5121	114.7259	253.0239
125.3034	149.8400	547.0959
16.0512	65.2455	476.7661
117.8158	64.6508	272.7855
50.7876	14.9054	125.3548
34.7969	25.9321	186.1185
65.7402	149.7485	194.9448
106.2500	152.3228	35.3225
42.6061	57.0583	464.6618
104.1481	136.9378	364.5238
49.6630	149.8094	228.1824
79.9288	86.6582	114.1856
1.9737	88.7589	265.5019
152.7592	62.1232	441.4478
64.9983	152.3805	156.7480
57.3308	93.6460	378.0946
85.9117	16.6661	437.1551
13.4955	127.5593	208.8671
31.5361	84.0333	413.5785
20.1355	50.9313	443.3152
149.4397	150.3924	172.4853
60.2037	2.5438	5.2170
50.3487	85.3354	382.9724
136.5679	139.5378	123.5117
87.9884	142.5920	231.3295
13.9948	80.5056	50.8091
29.6480	120.2873	556.7134
116.5642	147.2263	555.4792
166.9159	102.8542	496.5228
81.4017	11.8015	194.7873
0.4810	36.3039	492.3838
115.3273	1.1094	41.8031
162.1599	109.6733	12.3558
72.7733	108.2444	378.9030
78.3788	133.1113	340.9860
130.0130	137.4905	504.1060
53.6430	165.1891	390.2999
138.0003	156.3102	519.6211
124.3502	132.3257	433.0984
121.7406	153.3427	439.3920
130.4764	34.0532	2.6008
158.7283	34.9116	557.6780
53.6023	139.9504	347.6748
72.1326	151.1611	324.7684
56.8394	135.3514	394.1456
132.0331	126.7449	17.7291
138.5219	101.5645	354.6112
39.5172	60.0924	443.3999
6.6414	79.2819	195.9777
149.9033	151.5994	140.1716
72.2219	165.3683	111.6408
77.4803	21.7903	89.2168
114.8350	60.4951	569.1891
40.5008	1.9441	254.4668
120.3870	137.4099	572.2739
63.6712	67.0878	481.2730
77.3965	68.7298	175.2914
134.7603	97.6801	10.5799
81.6296	25.5369	527.5853
33.1001	104.1380	34.8040
97.3927	12.1120	19.5190
104.8912	125.8072	460.5061
111.4414	68.6968	511.5199
73.8859	155.6399	184.8450
11.7575	120.6676	508.0431
12.9043	79.9705	75.4352
155.1245	45.2078	184.8024
111.9129	85.1503	301.0115
8.9722	33.9075	197.1243
35.3418	48.0582	425.0948
164.1444	6.3757	202.4905
1.2984	46.1813	184.6687
36.5060	149.7029	96.0299
107.5707	161.9847	388.3532
102.8551	50.3736	102.6441
45.5862	42.4803	498.2553
41.6426	104.0078	124.7905
7.2687	137.0866	129.0440
89.3625	28.8353	573.4753
17.5663	122.5402	446.2613
23.8461	52.9103	239.2390
145.2236	12.9172	371.1318
44.6628	110.6763	288.8448
86.9029	31.8070	223.6918
26.0171	82.5837	257.5520
34.5842	160.4506	480.0349
105.2199	82.7129	200.8625
145.4821	95.4297	43.2497
22.3103	112.8883	48.8447
114.9964	136.8348	173.1029
142.5580	29.7757	315.1185
114.3029	53.3820	150.0440
101.9996	18.7081	127.1753
84.0163	39.5470	469.3992
159.7385	15.7542	260.4327
154.7882	155.6960	170.6507
20.9697	50.5122	421.2068
49.7968	65.7957	206.9612
79.1884	112.7347	394.3235
84.3282	119.4535	410.5179
79.7616	61.1089	260.1859
33.1489	41.1892	437.5971
12.2275	136.8920	569.2568
29.3798	35.7237	273.0775
1.4106	67.2924	302.9675
83.4529	63.2467	270.5623
1.1262	55.4851	553.8905
22.7012	112.9416	320.6989
21.4669	86.1523	389.2040
160.9544	64.1532	571.8852
43.0935	43.7612	344.5979
13.6768	90.7835	340.5966
123.4862	60.2492	439.6169
165.3236	147.1582	567.5435
25.8404	158.5778	267.9460
151.8050	144.9000	279.0815
66.6306	100.5350	317.7115
5.7422	92.8905	246.3990
113.3385	150.2835	499.9656
113.6374	4.7499	294.3880
139.8127	33.3623	104.3210
85.6050	103.2213	194.2224
48.0189	141.7360	3.3650
31.2396	153.5152	265.6150
25.2710	95.4734	590.3150
106.5101	61.1996	54.2900
38.8341	157.3430	106.7564
17.2269	142.8113	565.9744
140.5990	154.7847	489.8646
10.2336	122.3937	546.4483
131.3671	21.2662	560.3913
28.8466	11.4046	567.5751
61.9239	152.4059	101.1971
158.0999	15.0634	263.8807
78.8066	35.2951	114.8763
97.3038	81.8653	300.1083
100.1845	16.0308	12.9018
107.9685	55.3902	373.2017
31.0581	30.2585	485.9054
24.6000	131.9049	186.2922
89.9040	41.3937	569.3470
100.7423	69.7127	406.3523
52.6737	110.1345	338.6021
15.1104	20.7036	33.3604
86.7793	156.4133	483.1415
94.7494	164.7093	111.9621
140.4910	161.6245	411.1445
164.2285	1.9147	358.2431
160.4305	46.4029	0.5410
144.9009	17.9068	548.6492
93.3797	102.3766	383.2858
152.1747	10.2091	324.3169
45.5901	162.7571	177.0131
121.8856	66.4217	67.7227
103.0939	113.7215	264.6959
44.8025	10.0294	78.2593
110.1355	147.4913	89.9352
3.9759	147.7222	543.9620
109.9225	3.7416	198.2385
61.4000	160.3779	459.8173
94.9249	126.4252	147.6523
111.8255	6.9291	45.0408
6.2416	20.9190	239.1895
52.4630	106.0187	327.0146
32.5578	131.7984	107.2738
120.1124	124.4543	271.8761
64.2974	160.5979	69.7906
27.8127	109.4504	321.7982
8.3125	7.2583	373.0025
111.9932	91.6177	293.2563
135.4509	25.6598	534.4582
167.8329	91.6231	19.5170
110.7513	3.9486	377.7482
142.5239	63.1012	382.5224
1.7385	37.9987	181.6087
64.4256	56.2998	205.6083
113.3693	5.6200	588.6972
3.1784	90.7257	464.2885
30.9262	70.6343	353.4875
161.8030	166.2558	25.7269
90.0397	161.6708	293.2006
89.4091	49.9249	458.0597
152.2148	89.3288	140.1975
30.1279	119.6083	109.8082
98.2553	35.0292	510.5819
75.8667	104.6582	326.9746
118.4134	161.2269	340.1548
68.5170	18.2295	93.6222
153.4422	50.6156	68.5064
7.7180	99.2526	446.8594
124.6952	76.6015	273.9541
77.0788	130.9003	519.9577
52.2900	15.4587	529.3195
38.8631	85.0106	306.4608
157.2758	77.1473	558.7343
47.9149	74.7630	429.0493
90.6487	8.2280	584.1974
82.0141	41.0055	32.7348
9.8255	118.7114	355.6503
75.8066	70.7524	289.0103
160.5914	23.2286	544.0542
14.1964	62.8172	428.7050
142.1818	85.7956	107.1208
39.3436	83.7981	122.1150
23.9871	158.6859	133.8112
89.1223	17.8124	150.2704
6.6566	125.6275	188.2162
92.3006	161.4700	96.2953
7.1014	36.3864	401.0162
99.0398	45.9857	338.0996
85.7197	94.6281	52.1913
70.2699	64.8754	47.8776
128.1134	59.8164	147.0708
136.2516	22.4716	572.7679
108.1526	32.9165	445.0626
100.4851	119.4415	270.3007
164.5207	55.3163	24.5816
143.1669	13.5428	44.2245
24.9040	138.8401	409.0883
99.3774	158.4166	278.4324
106.8994	149.4336	499.3687
75.4100	26.6531	527.1858
122.0296	9.0392	472.9740
34.0377	129.9769	590.0039
6.5953	117.4514	541.8239
25.3337	38.0443	438.2425
127.5734	46.6021	416.8029
56.0593	60.2580	536.6618
11.6641	135.1917	465.2386
39.1991	52.4683	359.0041
22.9686	24.0940	215.9193
112.0393	30.1176	29.2342
114.1839	145.5673	115.9534
158.4306	32.5782	433.3986
42.0944	74.1602	293.7801
84.6419	95.8255	249.3361
81.8091	47.7630	139.9255
0.0996	58.4597	352.2777
101.3936	85.4059	107.1986
23.6193	2.0290	204.8188
46.5018	141.3476	257.7503
41.9714	42.3593	306.9065
118.6823	36.3086	461.4372
79.1592	39.8492	24.6127
77.6833	152.7828	479.5338
133.4150	53.0525	482.4828
86.2386	119.0025	250.2505
139.0211	44.7539	185.4901
158.3246	68.5844	65.3054
105.8928	39.2914	380.4203
124.1165	130.3515	314.3412
17.1500	120.5016	143.0373
30.1178	104.2197	37.2592
54.2391	158.6070	460.4116
42.4835	50.3388	396.1407
90.3672	34.1372	66.0040
144.3428	41.6867	116.6929
25.3746	148.9605	351.4763
61.4630	89.4575	498.8804
78.3440	110.5744	142.7425
141.5767	114.1357	274.0378
97.1343	102.2898	406.7759
142.6587	128.3590	100.0337
85.6869	148.5797	495.4647
19.1986	18.7437	379.2987
5.3993	22.6602	27.4495
84.0882	60.1237	508.5308
66.8502	10.9492	508.7830
98.2210	28.6816	318.6778
166.6950	33.6923	569.9377
100.7810	12.3168	444.1116
95.3554	88.8039	316.2506
131.0841	163.2957	516.8729
91.0132	28.6984	532.5943
69.5551	99.1720	568.6877
36.5503	140.6586	155.2434
109.4560	95.0563	71.2252
80.4048	1.0350	430.4482
161.1059	87.0289	112.9075
12.2600	128.7060	390.6617
140.3330	100.6764	455.6700
71.2575	122.3154	52.1726
162.5952	25.0277	345.0032
110.9043	94.8698	65.4158
65.4001	63.3769	54.8421
57.7375	119.6907	340.8683
94.8562	92.5450	307.6360
152.9832	65.3739	165.7006
148.1897	69.0789	262.2860
157.6886	72.4740	151.8290
126.6249	98.9237	427.9666
92.8576	31.2915	2.0676
103.8733	68.9652	33.2478
73.3741	33.0181	142.7672
52.9972	41.4563	493.9812
146.6857	127.8105	495.2015
167.0572	147.1233	356.3503
125.1371	143.9363	2.2695
27.5522	116.3708	427.6703
54.2832	43.5022	476.2060
138.4018	17.0770	570.4223
39.1421	16.8220	71.9823
15.6347	84.2029	10.0458
23.3126	121.7758	268.8620
42.7173	147.3776	355.1711
99.4790	130.8325	310.6112
112.0672	117.9437	166.2135
153.3149	87.7471	317.3429
18.8947	124.9358	374.8480
41.1010	81.8411	271.8288
34.2451	111.0681	512.9244
77.5879	75.0840	541.7576
37.5364	145.9021	6.4065
20.4152	69.1039	231.5986
93.6121	81.4704	284.6155
151.8503	28.0905	577.6533
29.6421	124.1942	105.1698
42.9228	14.8137	439.9998
166.7226	134.0272	557.2708
143.9335	113.1825	8.7194
41.3079	155.5668	329.6673
83.5637	124.1576	513.9302
15.4027	7.0076	8.0551
109.9822	165.8240	251.2571
142.6899	159.8837	306.5793
152.2583	159.4465	493.4040
96.2286	78.5350	91.4562
18.7395	114.8485	433.3135
131.9590	10.9318	533.4527
154.4546	156.4491	360.9643
135.1979	66.9799	444.9991
20.0792	38.1055	420.2282
150.7567	3.7717	270.5132
115.7717	109.2777	49.3154
11.1388	126.3336	119.3331
88.0627	2.7016	157.7723
52.6348	149.4683	288.6468
19.9387	127.0765	574.2460
69.0799	32.9089	72.1956
83.7044	73.0882	474.6881
68.0837	10.4614	381.5113
151.1332	1.1318	522.4246
142.0761	152.2064	176.9323
109.3290	38.1913	176.8442
83.6580	77.5672	190.5510
21.9604	110.4829	313.3928
134.3063	40.5060	38.6352
75.3485	52.6914	561.5672
107.2175	97.7699	344.8847
38.5362	146.5432	573.6665
163.4243	64.4708	48.4873
112.8071	120.6272	198.8811
35.1137	0.9754	310.3066
74.1729	51.6261	292.4596
30.6557	124.3950	282.4010
64.4389	23.2458	67.5554
51.9231	75.1645	464.0232
66.4566	90.9726	452.1113
104.4256	98.4617	334.6479
120.2760	50.9636	57.4586
12.3476	129.0066	351.9317
50.4044	7.4610	450.5439
63.1878	78.6188	418.1994
95.7979	20.5274	55.2365
119.4423	73.0232	456.5113
128.1421	164.7592	268.2219
167.5456	99.4271	116.4005
40.4127	47.3409	166.8992
95.8122	3.9923	325.5165
164.4371	13.8043	547.9556
17.3309	96.9784	175.2345
126.4883	45.3000	457.7623
151.3242	142.2759	166.3959
57.0898	40.3011	490.8762
58.8007	12.9369	7.4833
133.2746	95.8809	353.3224
146.5048	5.8600	393.9191
24.8299	125.6192	461.4539
80.0943	161.7924	296.3756
142.2878	90.8075	82.9502
101.7883	92.7914	309.2368
53.5863	40.4223	215.0314
136.9946	93.9542	455.8804
165.9570	21.3619	263.5660
62.4992	137.6947	337.2419
156.3363	108.3545	129.4040
30.1848	52.8383	111.8235
72.3841	125.9516	316.0813
71.7410	9.0999	577.4927
46.7635	78.2154	150.3414
157.1188	57.7237	207.8740
111.6660	19.5342	63.2668
62.0568	144.7860	101.0491
73.8586	167.9118	531.3831
51.6957	115.2306	183.3508
141.1173	106.1126	48.7902
20.7911	26.6988	583.0299
4.3716	142.4554	352.1725
109.2448	140.2308	131.4243
57.4025	52.5948	43.8065
76.4821	88.5109	36.0766
168.2084	36.6230	572.7298
154.7364	20.2932	393.4418
138.6528	139.4451	569.1466
157.5265	61.8832	261.8234
150.7104	62.2934	426.3484
92.2229	128.9895	467.5571
33.2934	157.8322	452.3407
144.9392	87.7929	157.9899
26.2963	31.6211	104.1448
98.6190	97.1212	464.4784
159.2188	75.6028	172.1607
34.7476	103.8249	221.1344
8.2134	103.9389	20.5231
110.1122	93.9105	492.3405
59.7857	92.0115	108.2989
77.0676	97.4410	109.6861
19.3578	54.1006	215.8415
131.2404	91.3954	122.5995
127.5463	121.9628	283.8132
167.3312	164.5211	284.0035
65.8508	2.7413	527.7682
23.5547	44.8103	143.4512
101.8954	111.3791	176.7709
41.4736	129.9800	98.7248
48.3956	139.9630	499.2071
111.9721	77.5581	457.8385
95.9652	72.8496	361.4757
92.1593	51.4777	455.4049
165.8559	152.7357	335.2834
73.3971	73.8009	389.1109
122.8966	52.3070	487.9947
50.2214	147.7778	339.5244
61.7827	16.8966	353.9503
129.6903	33.3676	14.2182
81.3010	151.9676	503.3338
101.9003	127.6826	593.4010
76.1146	17.6547	47.5105
52.2494	154.0491	113.5028
1.9796	23.2544	209.2088
111.1723	44.4151	298.2562
127.8104	29.3863	521.3824
131.7135	44.1408	549.5849
126.2798	151.8487	185.6439
59.5838	116.9627	445.0685
44.8025	10.0294	78.2593
56.0217	151.9835	483.4789
83.7955	146.3242	136.7322
45.3847	66.8125	159.7221
31.1513	27.2081	136.4795
121.0185	103.2166	268.8169
105.0366	63.1958	432.2662
111.8552	82.2737	249.7775
60.8346	66.7956	321.7938
127.2727	54.6475	588.0984
105.8486	50.9556	593.4536
18.2354	139.1122	120.7645
39.0653	53.0690	408.8468
40.2449	123.8906	171.0479
154.5006	119.8985	382.3777
36.2689	40.1915	473.5103
40.7895	74.0425	288.7007
17.4296	153.0424	367.6607
119.6678	126.7440	401.1294
95.1011	31.1644	387.1487
51.1489	59.3849	385.8395
83.2141	85.7921	137.8314
0.7066	73.4060	542.1209
7.1774	65.3112	260.9536
94.6463	166.7359	522.4739
114.8676	150.7887	327.8752
14.5966	64.8920	142.1755
144.3087	118.4448	214.3475
149.2208	20.6855	60.8441
25.6566	160.9056	393.1510
137.7257	159.5279	353.0655
131.7388	20.8404	541.2064
5.1865	83.1311	13.0623
60.7753	14.7757	587.3212
156.6476	87.1574	350.4393
83.0020	7.4038	229.7403
117.4535	123.1755	471.2633
148.6062	80.2768	150.4272
108.7324	91.9080	90.5513
80.6985	112.2354	195.2239
23.3170	165.4242	460.9051
151.3294	118.0830	200.1257
151.9902	21.2194	337.6080
103.0417	10.7230	227.0929
46.1738	160.8606	579.7527
13.7377	27.3218	200.6897
83.1867	48.3840	515.1821
25.8952	149.8585	65.9861
4.4689	47.8786	23.9142
117.5200	53.1185	202.3327
128.0607	120.5494	101.5012
32.3138	146.7163	497.9026
118.3765	56.8965	333.2646
82.5316	165.6051	30.3000
112.9424	158.9507	487.4314
148.4467	16.1555	92.0278
157.1748	144.2287	409.6447
130.9879	71.5314	468.9667
10.7446	61.4145	192.1864
97.8081	29.9525	12.6685
75.5222	152.7215	243.3182
4.5172	67.1405	218.4337
166.8323	55.4953	121.5318
101.0498	122.4536	260.7174
119.2546	104.1986	152.3456
155.3273	126.6069	7.7013
55.7270	131.3362	167.0010
135.7927	8.4996	528.1087
162.5150	105.6364	324.1692
117.5340	104.8672	59.9768
127.5585	20.6981	242.8479
113.1145	60.1797	61.1849
21.7695	66.8802	338.3675
164.7080	155.7896	41.0670
69.1095	8.9986	586.2915
117.4892	67.5170	196.4541
88.1107	81.3252	170.7009
117.5109	4.4281	326.0082
74.8732	5.0027	110.8781
58.9146	132.7291	396.0600
37.2014	88.0588	258.8344
149.2032	148.3628	588.9526
86.0548	124.2037	239.0808
131.4126	87.2145	393.9863
63.9938	158.9016	114.2976
134.8804	116.4361	497.0405
36.2752	111.9676	387.8467
115.3027	3.6720	208.3401
80.1871	64.9024	222.9269
11.2532	92.7843	494.7764
1.1414	55.3599	23.7632
126.0964	38.4673	160.3735
131.8209	36.8712	432.8010
129.2808	95.6971	563.5177
147.1171	121.4611	346.1483
31.8906	46.0156	263.4346
133.2292	134.2991	173.0503
95.9066	93.1964	97.7071
85.9884	20.0810	316.5107
152.2621	88.8472	72.2011
142.7805	152.9241	144.7989
12.0452	65.6272	36.2736
144.3152	77.9939	375.7562
138.7633	79.3132	191.0598
3.2562	103.1445	334.7970
51.9665	155.9808	66.3404
34.1684	106.7132	169.6736
64.5186	99.0955	383.8820
49.5053	106.0914	0.0369
52.0206	145.0446	136.4303
26.0358	28.0095	94.6037
13.4023	105.1483	64.8242
127.0965	68.3527	230.9476
109.6809	16.6409	396.9911
95.5283	127.3554	451.2331
114.2737	164.5772	438.3798
63.1044	129.2796	407.9530
108.2163	96.9699	512.5512
36.4519	37.7750	513.8869
53.1259	158.9374	443.0311
134.3989	122.6716	116.1810
64.6207	101.3645	128.8134
83.8800	158.4188	277.8118
15.2917	129.4489	190.9246
57.2420	161.5909	237.4155
123.0402	149.0164	203.6041
78.5051	53.5834	532.8223
102.7689	77.9066	348.4976
167.0194	114.0967	589.3351
67.8810	50.3645	457.2334
69.0448	115.0068	301.2304
78.5320	54.4104	581.6715
8.8608	14.4600	258.0867
165.5192	66.7443	322.5787
110.8020	165.4811	121.8417
85.8509	0.0875	260.3688
83.7476	150.1962	142.7225
21.5573	101.2831	10.9521
53.9473	43.8339	530.1707
105.0173	30.4966	443.2276
166.3606	82.5973	19.0771
82.0369	34.5707	106.2093
45.8931	88.9584	135.1585
104.7633	94.1631	183.6532
46.6349	39.7798	562.2288
54.2814	82.0239	369.8232
101.1358	24.9518	466.2333
24.2213	81.4592	16.0405
135.2109	123.6487	151.4534
155.8941	41.4294	128.6173
0.7148	144.7258	189.0848
38.3548	22.7664	73.4583
5.7072	91.5327	233.3849
131.6719	82.4477	65.5057
17.6991	48.9519	588.0781
10.5406	4.3848	370.2823
57.8575	151.9175	206.2406
76.8793	167.0182	136.8921
83.6510	89.6808	23.5511
89.0661	92.7817	248.9084
39.6538	144.8677	391.5378
164.6063	98.9716	301.4235
141.0174	55.0399	252.1279
151.7796	101.2530	575.3406
37.7827	49.2233	191.0594
38.6333	138.9404	242.4373
80.1002	154.0456	327.7528
66.9292	16.7327	52.5906
167.3636	7.8465	489.1781
111.4216	39.2302	185.3527
165.9247	86.9696	414.4873
9.6730	79.0149	14.3888
37.0370	28.3228	299.3677
59.1384	61.9294	338.4671
21.8820	140.3467	121.7511
78.4778	106.0828	249.7441
97.6859	38.4127	80.6685
94.4369	31.2957	190.1066
165.7051	93.0618	544.8931
60.2283	154.7477	196.6947
116.4285	65.6252	455.7142
56.3388	158.9041	319.5320
30.4118	73.0294	94.7294
89.3225	137.5224	517.3794
54.9311	44.1749	89.7953
149.4080	35.2605	249.4191
121.8831	19.2004	117.4730
134.3129	117.6531	239.1363
129.2428	119.4091	146.8090
11.4000	32.4865	56.7240
38.2858	19.4345	238.7134
119.0905	41.5964	440.2921
51.3776	70.0807	199.7633
4.2586	39.2257	149.6046
62.6605	133.9449	42.7822
156.0655	4.3778	94.3712
6.3123	3.9774	505.8872
144.4800	96.1772	502.6308
131.8390	32.8063	495.0226
145.6435	59.9617	234.5707
131.1294	116.4908	186.8985
104.4748	24.7421	527.9363
127.0707	151.8298	358.5465
25.1571	126.6484	280.5485
144.5894	134.8879	576.0130
28.3252	161.6453	118.5445
33.4593	163.5716	498.8043
147.6227	159.5658	337.1368
0.2425	106.0309	215.0480
105.8264	117.5118	40.9545
108.3718	36.3881	589.7753
157.0056	37.3926	169.7312
153.4280	20.8382	530.0378
155.9260	149.6868	346.0525
102.7515	73.3612	275.0959
14.0352	4.4941	27.5411
3.3407	161.9941	475.5905
57.6205	29.5710	213.0480
98.2848	136.0070	523.2866
40.1091	83.0592	418.8146
67.8807	138.9286	325.3056
101.0131	1.9026	22.6008
145.7107	80.5916	82.1615
121.9522	152.8743	33.7100
13.2334	1.9592	128.1523
126.1247	8.6137	332.2886
94.7783	6.2560	451.6718
165.6471	107.0646	477.2354
16.1349	51.4300	268.1020
94.9750	167.9158	257.8672
119.9565	42.5980	480.5514
3.2864	138.8286	168.6204
51.0761	96.3640	152.1946
137.0269	29.5837	527.0639
140.4714	60.4705	275.4093
124.1234	116.3955	459.4030
134.4965	103.8172	171.8577
43.2377	56.1236	131.1316
126.2453	168.2711	181.6433
156.3138	151.1954	271.1002
83.6075	117.7136	318.4433
45.5118	24.1045	274.3027
164.1901	46.9509	101.0266
72.5456	90.6979	501.2782
47.2128	66.6168	109.5410
68.2246	90.3005	19.5562
133.1107	150.1885	59.3374
101.8362	115.5376	57.5408
148.6337	113.5363	430.5491
76.7073	24.4679	108.2599
0.3109	94.9702	184.5707
164.8260	88.3649	495.1584
79.4440	160.6247	276.6010
137.9806	117.9622	61.0203
115.8944	88.6089	417.7824
148.9252	131.1443	491.7936
105.8357	19.2431	50.1857
10.1383	86.8488	363.3284
57.6676	107.4785	88.3953
128.3500	115.0548	444.0488
152.9850	24.2348	432.9211
109.2221	38.9742	73.0351
299.9452	180.2303	1020.8000
151.8516	71.8766	133.0472
20.1655	107.7526	513.6394
25.7612	106.1264	136.7357
99.4048	106.3961	178.0323
125.2744	34.4160	178.1431
151.2867	163.4491	323.4519
7.4763	8.7462	573.2769
94.7261	167.2781	390.5625
150.6709	110.5238	517.6142
18.3541	34.5783	166.3729
38.8053	6.1725	94.0823
17.6645	87.4088	331.1781
2.9512	22.4556	224.6960
32.2015	66.1709	111.9082
79.5900	122.8690	515.9938
137.5396	64.8009	514.0404
78.6177	135.7936	260.4077
22.5704	38.0724	109.1890
59.6461	132.9430	555.4365
80.1908	43.5968	75.6291
89.8105	8.5054	204.2074
44.8025	10.0294	78.2593
102.4493	56.1838	543.3470
42.5561	124.4783	378.7761
152.6053	145.5683	196.0870
40.2970	74.9290	228.7198
118.5294	117.2062	165.6520
167.9043	161.8740	570.4632
89.9521	22.0239	588.2566
100.7981	90.0605	205.3341
108.6968	83.1574	115.8456
107.8189	119.3195	21.6176
97.1027	81.0903	544.6754
76.0136	67.9096	304.1966
10.1247	71.2489	216.5987
39.0014	156.3265	211.6903
146.1216	140.7487	518.1059
16.1594	150.4571	57.0519
5.3800	8.1235	378.1239
120.1161	119.1246	84.3689
164.8136	39.8797	395.7439
61.8784	109.0831	466.7279
126.5217	140.5013	520.8091
18.2551	81.1558	83.7936
14.8116	163.5303	436.1571
77.9715	128.0724	244.5407
19.7674	76.3487	498.9148
96.5164	64.3001	582.1370
104.8520	105.9587	518.2026
10.9874	153.9218	7.7161
129.4477	162.6470	334.3279
49.3602	16.5955	226.3536
63.0339	105.8381	385.2182
68.4821	126.5913	190.6494
158.6795	149.7805	365.9284
100.6009	150.3502	305.8459
10.0049	156.9827	570.4119
135.5272	42.9175	491.8705
73.2852	4.5826	561.6848
114.3608	111.1449	400.4043
84.9660	52.5120	236.8043
148.1235	74.7960	59.5516
153.3141	52.3251	402.6776
24.7119	87.2851	578.5532
80.3737	74.5148	315.9234
87.0320	93.9472	182.0094
86.3194	63.5919	274.3628
105.3720	118.7962	547.9832
18.5666	3.1486	310.3709
8.1895	126.6775	194.5962
81.6522	165.5700	80.5225
29.6906	103.2080	512.2096
138.3439	158.9771	364.6481
6.8172	16.1992	463.4493
114.3493	77.8113	582.6133
166.6777	43.6046	304.7720
159.0928	59.4973	175.3964
166.0358	132.2440	58.1778
30.8143	104.8871	87.0780
22.1473	136.9003	366.7069
10.2419	11.4439	179.5978
56.3899	47.1666	515.3640
43.3688	105.1072	116.8316
52.6414	99.1227	64.6935
166.5372	67.1580	98.0719
29.1529	6.3686	263.9816
45.8259	80.8786	15.5996
124.0953	142.1967	134.7708
53.8821	66.1604	308.3298
113.0987	73.6098	565.2874
36.9204	147.7627	467.1432
62.8133	79.4125	465.9213
120.3705	12.1369	294.2227
110.1297	110.3407	397.3529
158.3904	57.8326	511.6751
85.4160	100.4628	338.2368
110.7912	135.1876	101.8777
111.6472	22.6201	39.9269
153.9191	0.0979	229.5690
13.4985	153.9913	404.8724
8.1856	59.6019	77.0151
41.9632	136.3586	35.7066
29.1518	89.6480	93.7126
21.5904	79.7386	113.4762
15.3776	78.4641	428.6331
140.1488	108.6917	121.3539
97.2079	74.4345	234.2026
10.2985	76.4859	107.1562
76.4510	155.3542	235.2754
67.6483	113.5714	173.5427
34.2761	112.3792	297.8420
155.0776	118.9373	243.5382
123.2354	164.5185	85.7462
12.0618	132.5934	63.3838
42.7623	82.0846	510.1484
58.4055	54.7296	376.8767
17.5939	123.4232	79.5736
22.3738	59.0718	576.2466
115.0245	119.0280	355.5208
106.8053	164.8028	9.6560
166.2005	88.1378	546.9328
22.6897	25.5550	260.9023
139.0051	42.2109	324.1715
39.5853	0.9879	42.9869
129.7713	61.1884	461.0891
88.5116	124.4207	130.4240
3.0334	46.3795	220.7354
138.5161	41.5203	517.8056
141.0301	19.8374	234.7582
65.8584	27.1095	15.7110
77.6538	123.8085	109.6021
39.0158	144.6443	432.7764
39.5977	117.1586	38.2692
30.7552	64.9719	424.2052
60.0899	97.4669	503.9181
146.4804	28.4469	191.6820
114.9484	20.7045	0.9448
147.7234	131.4232	83.3332
146.2514	114.0310	261.4508
9.3390	108.2079	135.8547
53.4006	128.4857	488.1614
42.8414	77.1617	82.5944
18.4536	99.5886	456.5749
148.6728	163.0309	18.4750
41.6748	138.9833	577.2192
135.7788	135.4940	137.1577
92.9878	72.1134	249.1804
76.4055	102.7431	24.0644
28.8174	52.6981	192.7871
60.3188	122.9083	301.5994
34.8856	131.6020	137.1572
61.9524	145.2687	141.7991
121.5852	159.5473	285.3882
20.5768	142.8966	402.4383
83.9502	84.0477	376.5511
39.4594	121.5875	191.3072
91.6501	23.6697	46.5097
86.1382	82.9533	497.7510
130.3630	114.9297	301.7504
109.3423	63.0492	253.0794
65.0510	48.3347	274.7054
51.5879	159.7541	299.9812
144.8452	66.6314	331.2068
1.2153	82.9532	559.7848
35.3187	142.6958	108.5363
92.6287	68.3609	557.3064
13.1969	74.4141	249.8821
101.3326	68.7807	491.9231
15.2444	72.9294	348.5452
102.2645	85.0332	369.3600
81.6495	46.9455	52.6812
140.8027	70.1493	79.6195
88.9650	93.2926	0.0747
124.8587	95.0762	428.3321
33.6896	84.4281	18.9904
155.3645	152.9914	179.1580
50.9431	19.8601	210.2957
7.8128	107.6446	238.2764
20.6129	11.0254	219.4520
101.1813	155.1620	292.2350
3.1258	15.0418	388.6686
46.9333	16.2622	66.7114
156.6725	53.2030	351.5071
127.7356	158.8221	82.9017
52.5521	122.7829	465.7256
13.4651	92.1284	201.7650
62.0366	14.8775	322.2940
141.7756	6.7163	495.0035
50.2330	149.1591	374.1452
4.6384	96.0680	536.8913
167.9116	140.6768	364.5625
22.1785	150.2785	540.2039
70.0915	48.0528	308.5424
47.5654	156.7309	248.2182
86.0159	24.9632	162.1187
76.2623	7.7590	383.0578
40.5804	46.8923	28.9017
166.7446	19.3796	482.6592
50.5671	1.9587	544.4899
136.0010	137.5640	165.4169
76.4795	62.0603	3.1534
12.9284	63.5592	367.9949
35.7872	87.5680	355.0279
103.0788	87.2841	353.8665
67.9925	19.0063	371.4171
58.1936	164.2545	9.2215
23.2126	23.2380	376.2770
48.0855	101.3721	95.4021
17.5962	155.9487	453.1045
111.4754	15.3559	162.7962
35.7405	131.2291	0.7913
119.0514	114.4524	405.6180
56.3270	101.0529	66.7734
153.6932	125.7744	69.8154
11.8806	163.0012	545.0899
127.4536	17.0669	309.6129
84.6268	19.5744	587.3051
43.8638	147.1211	208.1205
130.3245	152.2248	67.6847
98.1616	166.2914	402.9562
66.4241	56.9928	221.6390
38.7531	47.7572	584.5965
83.1618	78.1986	125.3368
80.8374	16.5719	553.0626
164.4686	68.2591	390.3534
114.9418	151.7154	106.1862
103.6711	116.5401	422.3767
50.5123	23.9664	233.7028
47.9833	77.4395	145.1767
36.9318	121.9387	164.3896
42.9158	86.1181	506.5252
154.5339	4.7909	206.7222
112.9425	101.7090	397.8132
7.1006	1.8899	584.4308
138.4276	138.4598	173.4939
137.4595	150.6981	593.7960
5.9751	156.8171	408.9353
85.5670	151.6539	465.9680
9.2918	43.0833	450.5539
65.4236	134.0713	343.7077
63.1371	99.9273	412.9194
136.4554	72.9228	88.6680
81.1758	107.3757	394.9582
15.9095	18.9779	463.4809
31.0923	109.9030	113.1327
39.3900	67.7842	244.4764
10.2471	83.9840	541.9269
56.1687	148.7706	186.0422
20.1408	57.8950	268.5598
46.8255	10.8443	386.6984
79.9459	78.3869	313.1640
118.8349	37.0812	421.3720
78.7482	62.9780	504.1433
96.7554	52.9665	297.7106
134.6139	18.0862	148.5455
139.3430	142.0980	321.5737
30.9746	45.1052	179.1880
3.4919	18.3642	504.9791
141.8194	110.4825	342.5893
123.2363	136.0188	9.1623
102.9041	130.1035	492.9666
151.9923	54.4580	172.7101
133.1967	162.8360	120.9252
95.4852	70.1522	216.5657
133.3602	35.8970	257.0789
49.0286	55.6096	592.5827
20.2866	137.0324	106.3124
146.9014	106.3800	159.7236
96.6157	2.7617	281.6550
91.5495	141.1781	398.8785
34.1102	16.5559	127.1255
54.2566	11.3975	465.4348
136.0350	27.7611	541.8769
66.7972	9.8203	222.7668
139.6320	52.6906	109.5527
44.5941	89.6901	237.4085
93.6538	88.4592	394.8291
123.3691	59.8126	82.3624
163.0167	105.2720	492.3862
3.1376	127.6660	475.0089
141.8579	159.5999	291.2953
125.6470	135.0649	571.7910
21.4609	147.3221	520.0567
161.6573	69.5787	478.3357
108.6645	111.1532	359.2745
165.0939	16.0605	541.5667
123.5011	112.0481	110.5156
153.1864	83.4200	438.8575
119.7839	22.8511	25.3626
154.7861	22.5776	504.1142
79.7830	109.2891	32.6766
72.9189	120.7814	78.2147
49.7952	79.2775	141.6201
104.7236	34.2054	38.5058
61.3073	119.0679	448.0334
56.1463	60.9695	137.6716
115.7580	148.7432	289.8724
40.3250	38.3999	321.3481
168.3696	77.1575	389.5564
85.1278	94.6867	31.0682
38.3656	27.5323	259.9788
123.6406	30.1949	151.8022
113.0424	151.1206	537.3909
157.9859	136.7248	137.1295
84.2088	79.4805	77.1136
71.0134	105.0714	440.0259
7.2385	99.8923	238.1234
38.2018	49.8173	210.3303
145.4284	85.5142	455.3240
68.0504	103.0271	424.3134
114.2882	134.3434	170.4852
43.5202	42.6673	527.1592
154.8451	144.1809	33.5115
30.5892	50.3454	183.7337
86.6979	125.9267	155.9146
151.3489	119.0472	344.9332
81.3620	78.7263	532.9133
109.1628	27.6457	454.0666
65.6045	96.2063	86.8513
99.7537	83.0667	557.1748
87.0252	26.0455	591.8075
26.1573	156.2417	456.9641
166.4385	70.7822	119.1175
116.2481	156.2224	382.3670
126.9609	36.8240	401.5240
5.3428	74.5280	342.3443
76.7221	12.9454	189.1365
165.5345	106.1920	214.1171
7.7104	36.4680	448.5377
65.1918	51.8139	69.7426
155.1768	142.1257	127.8930
89.3113	41.8629	461.2104
64.6850	52.0794	14.3418
27.7192	105.2137	140.5693
159.1552	87.0407	83.4487
135.2160	142.3564	100.3908
167.8756	134.5412	394.3413
4.1757	80.7937	308.2861
44.8025	10.0294	78.2593
75.3935	63.9289	88.5361
22.7605	73.3107	21.0659
70.0190	14.5628	24.4802
12.6727	159.2007	465.7399
18.7140	82.6651	86.8464
25.3159	114.1560	447.0637
71.4616	141.7803	500.9576
98.6988	126.4101	420.3506
99.6970	142.0649	323.9345
86.7352	88.0402	166.0140
153.0871	10.9378	183.1742
153.6421	35.8050	581.8610
119.7088	57.8345	336.8305
39.8108	51.7345	34.3010
33.2655	145.6018	346.2261
80.9410	19.0559	461.6575
126.2941	122.8056	436.7587
104.0094	147.2975	239.1790
72.8270	56.0930	395.3838
141.8509	68.7664	389.7683
109.7149	94.8814	361.2037
52.1944	148.0029	374.1116
151.7642	81.9599	127.6967
78.4752	132.6766	481.9719
147.7179	105.1022	21.0742
95.6742	64.6176	245.0035
144.5785	50.9739	538.0506
43.4817	137.1875	327.3647
30.1705	154.2750	473.0111
73.3683	149.6589	416.8885
46.7777	122.2332	331.8344
136.1202	137.0341	170.0409
159.1897	28.2221	336.6284
51.1354	69.1945	370.5341
94.7995	141.3790	298.5191
21.0971	74.3892	174.2942
90.6299	140.9731	223.6331
64.3823	133.7020	300.8006
98.3501	12.5620	203.1692
122.2679	154.5407	33.3179
69.6566	33.3055	163.9039
47.9779	6.8929	206.5844
59.3015	155.9373	103.6367
51.0642	144.5253	578.4374
58.5484	50.4971	256.9137
31.0927	17.1501	418.5746
114.1742	117.1302	15.0634
2.1314	70.4206	540.5507
32.9178	163.9652	67.5138
148.5163	7.7661	91.4470
8.6897	37.5954	211.7985
89.9956	31.4023	154.3297
14.1984	17.5500	387.1313
141.0322	28.5832	176.9610
158.1202	154.2566	467.5275
9.8963	143.6235	28.7980
10.2063	107.6493	368.5759
134.4714	63.1089	392.3543
35.4491	136.5782	129.1705
24.5621	11.6796	25.7855
104.6912	94.8007	402.7061
44.6242	40.8484	173.7987
85.3233	18.3008	582.6732
38.7779	93.9617	234.4341
82.1475	22.5238	80.9126
131.1390	85.4496	318.6509
9.7149	88.3154	47.0899
119.4438	122.7331	23.6765
126.8190	153.1748	366.4208
4.1377	98.2058	474.9159
63.5101	51.9598	299.9950
59.2450	155.7406	70.9258
101.6303	77.8982	75.8423
65.7441	38.7645	345.0002
101.9016	127.6854	593.3967
116.9980	44.4224	253.3496
155.8409	136.8019	444.1213
135.0890	160.4627	472.7057
60.5455	142.6617	320.8502
27.1036	74.1022	354.8476
148.8872	129.4185	560.9551
115.6143	158.5619	385.7006
117.5318	71.5141	538.3755
33.4510	17.3078	403.9889
140.5929	74.3259	460.9615
134.3448	76.7111	186.3474
83.8405	69.3741	562.6164
134.1413	139.6769	486.5379
32.8829	31.9325	264.1069
78.2399	90.0992	307.7242
130.6230	48.1562	546.8117
115.9272	81.9974	0.8972
25.0153	132.4719	253.3903
94.2058	144.2895	15.8872
116.6856	22.8580	591.8438
44.8364	167.5142	522.6954
130.0762	30.9158	374.0987
23.4043	12.2587	391.3083
125.8309	32.8211	116.6755
80.1672	32.7739	227.1166
10.4827	3.0351	485.8999
9.0089	67.8389	326.1723
25.9024	27.3557	199.3611
134.0719	43.6482	342.6886
126.9017	94.5439	501.2459
34.9526	37.1472	220.5633
105.8810	121.0927	538.0481
164.8312	104.6390	414.2256
162.1222	4.6272	391.1153
64.7276	41.9725	127.2712
8.6462	112.4447	399.0968
141.8419	156.1226	149.6479
50.8204	28.6370	563.9793
109.7057	136.8302	225.0242
75.0977	29.6548	338.1149
15.7226	63.1269	52.8905
37.6242	77.1208	312.4651
114.3863	161.8787	273.4716
144.0995	44.9429	133.2598
133.7084	127.9852	14.8173
40.5033	141.4850	54.7665
126.9154	146.7955	551.4601
34.3067	75.9959	226.1342
17.8637	157.7307	291.7520
152.0946	167.2582	461.5389
94.0480	163.6463	236.3235
24.8767	95.1744	346.8901
3.7270	136.6027	517.8740
158.4045	122.2018	439.6884
80.4269	142.3333	587.8300
0.9237	79.0845	338.4360
24.2577	78.7989	63.4887
164.0957	20.2470	255.5707
159.3934	46.4755	62.6245
103.3131	113.3754	258.3374
134.5834	153.4835	228.1668
70.8732	9.4074	571.0060
13.6135	50.4076	446.8889
5.7470	47.1597	19.1146
98.1490	18.4377	156.3394
36.4721	28.8878	119.3774
9.5653	57.5070	279.7156
78.5611	116.7675	491.9611
76.8375	5.3915	216.5179
52.9666	42.9727	591.6374
34.2782	167.4378	220.6110
87.1372	55.0704	296.0402
52.9832	96.0599	525.9045
141.7077	92.5134	47.8215
80.8143	154.4461	548.2747
54.5251	6.3889	589.3376
8.4604	99.6680	105.0420
1.3731	4.3495	59.6713
58.8661	133.2959	484.9966
124.3054	54.6760	79.5204
133.9652	109.9971	1.4869
87.4357	62.1952	185.5951
8.3913	161.4809	265.6070
51.9857	90.7245	158.9931
117.1288	130.8606	77.5140
7.2196	19.5572	467.9476
34.1795	122.5187	42.2303
30.5718	42.0324	139.0788
111.0548	160.6414	25.0203
83.0440	17.2732	544.9090
59.1764	125.0406	289.1406
141.8008	63.5482	142.1453
167.4627	108.4566	324.4554
161.0130	128.2517	33.6912
104.2909	49.5101	554.0448
102.2688	23.2877	433.6864
111.0284	21.7333	178.7440
158.9391	144.7810	28.5486
67.2348	133.5740	86.6702
80.8348	1.8945	238.2089
122.6581	31.1622	431.6461
37.0079	29.6281	123.5511
114.9659	163.7822	394.7454
127.7557	15.5544	238.2690
113.6212	1.4831	491.1019
162.2611	137.0218	253.8007
90.4937	136.8757	351.8038
52.7752	12.2422	327.5054
121.0889	91.6319	45.2670
69.5954	140.6737	570.3928
122.7094	47.6384	108.9507
23.1312	33.2092	530.6491
122.6907	90.0953	317.9117
129.3104	107.1046	243.7225
18.7545	159.3528	426.0290
129.4020	52.0503	50.6593
86.5816	93.9666	507.6764
9.5665	50.6730	119.2487
162.4493	99.3073	324.5857
24.9791	21.7713	110.8891
156.1690	116.5849	154.0656
155.9604	42.7003	445.7416
11.6310	98.6895	508.5911
6.7154	54.4144	360.2260
25.3724	17.3880	444.1547
70.5459	99.2779	14.6087
15.1662	140.0636	20.3173
79.7320	102.4346	511.8449
63.0127	18.0943	70.6012
35.1575	40.0716	249.1256
83.5745	153.4976	95.4271
23.9466	40.7719	364.1255
27.3546	8.9886	523.1211
166.0118	115.9084	439.7957
68.6866	149.0146	17.2825
151.9600	71.7019	126.9192
136.9603	136.1064	209.6042
119.6848	75.8658	498.7900
146.1855	160.0820	536.7965
99.8606	97.2771	431.2401
157.8050	28.5227	85.6204
17.0545	58.6802	154.9163
110.8058	45.9536	421.4415
103.1947	46.1432	104.4877
87.8233	42.9576	482.4141
28.2931	87.3482	567.8597
91.2400	163.5014	418.2547
72.2371	32.8387	155.1469
150.1019	143.9669	177.9986
100.8229	77.5932	373.8481
18.7292	50.4443	102.5901
81.9214	98.2057	528.7564
135.8647	124.6331	540.7937
38.9684	137.3085	41.0275
39.1474	161.3223	474.9468
64.0375	7.5346	385.7936
127.1004	134.9824	149.6117
63.6636	146.8734	36.6314
20.1327	8.0724	204.6826
69.8491	29.7064	490.3380
147.5691	40.5524	473.5906
108.6372	87.1598	367.1562
3.7797	163.1776	567.2113
38.0545	167.7975	105.8849
105.5435	3.3779	59.9328
68.0104	126.0188	297.6772
-61.1730	17.1021	-1276.0000
109.8467	60.5803	548.6382
66.8377	65.7597	4.2240
46.7763	29.4946	539.5706
158.3115	38.7474	251.5731
129.9855	164.0955	353.6282
10.3072	155.8902	508.4154
32.7841	43.0073	366.5041
107.7042	19.6406	353.9082
11.5065	69.5672	32.3626
89.1091	3.7664	404.2932
20.3725	118.0456	93.5143
138.0056	26.8411	261.1899
85.3032	63.1064	270.3088
116.1389	157.1516	526.4400
115.3250	60.0336	372.0778
64.2310	31.2164	148.1634
145.0124	37.0686	348.6222
19.0088	10.4433	229.0661
67.1653	9.7146	361.0026
153.4787	96.9454	141.2840
17.6817	24.5286	38.4039
15.1977	3.6219	82.3407
133.0124	77.2128	165.2684
145.3118	24.0795	332.9968
116.9288	75.6072	1.3589
138.0695	90.3351	462.6870
4.7097	20.6421	237.0644
53.7846	109.2423	509.8142
52.8041	90.9948	402.9833
85.0633	34.9295	141.6880
21.6884	154.3543	158.6290
116.9551	100.3245	37.2025
62.2592	100.1807	228.1431
99.3481	102.7185	306.4464
91.1864	117.5942	314.2737
64.5620	16.5875	64.9793
24.9069	100.3311	186.0402
35.2500	145.5664	583.1157
144.3077	163.0986	427.6308
24.3241	85.5995	214.0018
87.3773	146.9892	319.3679
135.1366	17.0653	203.9256
158.2831	148.9875	299.1524
73.4978	47.3755	408.7778
100.9576	119.4616	251.1157
2.8242	54.6389	279.2858
70.9667	138.7128	570.9182
109.6217	23.7403	166.9071
96.5304	29.3681	192.1081
66.7498	118.2665	493.3295
140.0746	120.7471	549.4897
75.1887	89.9657	584.3947
158.8690	20.9995	265.6175
148.9499	67.7461	414.5610
10.5400	132.0877	462.3834
60.6527	152.4436	412.0432
92.9102	140.6315	217.0232
51.8240	86.1790	270.7655
80.1671	165.1785	590.4564
166.1235	16.1359	2.9118
124.4538	114.8199	215.6766
48.2720	11.5139	75.5131
124.5834	167.8022	282.6317
126.4688	108.0272	85.4397
57.2008	55.7916	355.1975
153.5815	86.9281	127.3976
57.2332	47.1068	217.7994
55.4929	117.9435	339.3621
152.0252	8.8262	485.1719
37.1110	128.3597	580.3953
15.8088	67.0802	220.2513
156.5314	40.2455	436.6342
6.2950	54.4396	24.7382
71.0484	137.4799	546.5679
126.1114	119.7869	408.8980
82.4589	166.8750	346.0729
65.7598	45.2253	557.6713
13.2165	15.1643	224.0233
100.5165	47.0103	292.4705
114.0248	125.8105	526.4337
40.1139	140.7422	407.0041
25.7225	111.2500	565.7865
131.1754	52.6839	520.9901
6.4822	17.8967	390.8974
122.7495	40.9065	468.8630
126.7587	89.6757	1.7196
141.3712	156.8963	162.0437
144.9925	48.1824	561.2827
79.8087	20.3009	457.6035
53.5693	134.6331	61.0966
112.5329	141.0127	546.7314
58.4908	58.4101	117.5648
153.7509	21.8601	146.8299
161.3190	27.8401	346.3911
120.9580	130.4650	167.3879
112.5055	14.8317	416.6378
155.6439	102.5350	69.3947
100.2213	135.3464	128.0628
80.8314	149.6516	485.7667
85.9912	26.6723	14.6562
47.6199	39.0064	226.7051
6.3362	54.1256	18.7832
147.1620	29.3856	321.0891
77.0452	32.7032	204.3582
55.6446	134.3757	215.0541
29.0246	116.1652	534.3195
66.8185	51.5598	383.4589
154.0373	123.0652	540.2523
30.1442	145.8775	73.3372
40.4504	165.7540	33.5364
151.1719	103.8206	481.1681
113.8182	67.2117	341.6293
46.0785	166.5979	94.2537
104.5467	74.6196	491.5511
53.3068	158.3713	66.6880
40.0976	101.8540	374.7497
61.7875	36.6943	174.8881
79.7704	50.1878	349.6882
127.5265	19.9754	123.0390
7.1859	107.9031	435.3919
123.8443	29.8116	155.7025
50.1271	85.2724	493.6074
154.8540	40.0029	251.6575
136.4035	57.0213	593.0217
137.4433	164.2367	274.6622
102.1173	86.1971	565.9207
55.1056	26.0696	422.3650
49.0956	113.4523	41.6278
70.1950	30.3495	119.6791
108.2260	75.7661	300.4886
48.7310	52.7966	469.2243
123.1718	33.6970	133.3968
117.8797	107.0195	383.7729
141.2542	83.2266	368.7716
65.3769	155.2667	170.1958
10.8752	162.3677	140.1649
114.0476	45.7797	100.0718
58.9654	40.4559	307.9147
128.5862	78.1183	107.5171
27.1734	37.3822	59.2132
15.0999	23.1938	412.4977
74.9736	81.1113	559.1829
43.8545	112.8736	300.2352
167.7581	113.6993	541.2917
124.4202	149.2470	12.6122
114.7034	154.8351	201.1649
78.3861	115.0485	158.2448
151.8563	68.8423	356.2991
126.9164	101.4243	95.6210
36.1870	135.6769	442.1321
20.8694	122.7131	413.5385
25.7161	5.2034	410.9806
70.5975	43.6836	351.1347
84.3467	40.3766	400.7096
143.8138	0.1917	313.8250
140.4206	147.2858	209.0878
22.7884	159.1162	378.9459
98.0584	79.8134	458.7923
31.8509	73.9263	348.7163
47.5121	152.6854	184.6724
76.7678	4.5860	43.2738
11.7650	142.1481	98.5888
61.6185	41.6580	520.4904
49.7354	23.6428	45.0570
91.8822	4.2106	301.9667
7.5695	65.1438	210.7673
127.4236	135.4660	586.8879
112.6058	149.7565	43.4251
51.7497	80.1398	498.1663
127.1893	59.1879	471.8172
70.0012	113.2927	585.8004
22.5469	124.2810	477.6518
92.8215	97.4164	40.6797
142.9929	157.2562	230.5636
73.9102	51.2930	371.3291
40.9947	114.8554	274.1467
20.5302	124.8998	488.8283
154.6830	143.0777	172.4118
42.9077	11.2735	116.7308
63.9985	142.9808	417.0755
31.9691	1.2165	324.0857
163.5407	86.4287	222.6916
101.2786	143.6961	100.0381
107.3923	22.9098	455.3202
96.4021	29.7920	231.5056
112.5829	51.9821	587.1053
60.8227	14.6143	373.0553
42.8191	148.3387	70.0469
116.0392	36.1869	392.6723
51.8102	102.2963	517.8632
53.3486	167.3077	265.2495
25.6071	31.9968	432.7680
157.3176	95.1407	588.9968
35.3690	29.4581	101.3282
109.9812	108.2200	445.9071
82.7224	37.4311	429.2318
138.3316	42.5335	193.9577
21.3086	34.1577	46.3575
105.4395	38.2250	3.6085
149.7340	106.6983	160.4331
8.1191	14.8383	549.6528
39.6836	158.4159	156.0188
49.1406	36.9665	276.8924
15.8804	11.6638	475.3311
12.1773	97.6868	584.7233
98.6173	6.2690	39.4396
96.7117	17.4359	30.9696
81.8922	13.7359	356.2608
144.6476	10.7777	18.0267
116.2207	7.6125	565.0391
30.5306	29.3609	420.3479
26.5601	87.3216	25.9386
148.6459	133.4663	472.3350
102.1008	104.9002	331.4420
78.4727	1.6900	545.7155
66.4939	110.2655	543.2354
158.6286	67.1637	380.9857
80.2474	3.8281	571.7773
56.1149	158.2120	380.9049
50.5085	76.6163	412.3382
144.2183	30.4943	588.6491
17.0251	47.3574	72.4880
120.5080	139.3337	124.6426
46.9054	114.7712	330.4819
115.0242	38.6599	279.4426
113.2599	19.1702	50.7173
57.4740	40.4116	530.7945
59.4052	123.7213	110.2972
80.3760	68.2730	499.5137
15.6195	105.8753	54.4080
144.6025	148.1298	311.7931
78.8174	14.4399	8.3773
61.9667	127.4558	362.1492
152.6305	37.1730	96.9038
159.5303	130.9180	449.2207
67.8481	30.8836	276.0336
127.8925	70.0195	581.1647
101.0581	79.4958	224.2610
151.1477	37.4707	327.7828
57.0339	13.8294	190.7194
28.0521	104.5370	216.8892
97.0468	104.9295	547.3353
108.9068	51.7694	68.9092
37.1735	111.1573	153.3789
75.4357	151.1472	145.3013
120.8090	112.4401	583.0193
108.3914	0.1023	532.3849
141.9149	9.9298	87.7606
40.1864	148.5249	201.7961
89.7763	25.4156	565.5195
138.7002	49.3041	591.0668
83.0324	13.2429	8.7416
162.6328	146.0552	156.6215
68.6701	93.5849	41.7413
142.6294	38.0597	192.8102
51.8724	144.8606	180.5719
141.9990	108.5605	173.2785
28.3999	79.5016	331.2258
51.5205	141.3285	559.5993
139.8224	58.1169	289.6072
82.2761	151.6561	352.7616
37.0447	22.8808	78.0307
113.6818	161.5066	382.3306
66.5316	36.4194	127.5811
167.5009	163.8217	417.1340
152.4303	82.4504	298.0314
118.5491	98.5044	119.4102
156.7474	21.9054	159.8743
32.2853	115.9119	269.2662
160.8464	0.9618	99.9833
114.7029	155.8164	557.9469
117.1870	6.5641	284.7621
85.5860	123.3553	93.2175
145.2143	9.2367	237.7182
77.1582	75.1885	461.2807
117.6419	127.0276	427.8418
63.1552	167.9499	150.3722
35.0622	158.7786	374.7395
141.7040	43.9882	14.2796
82.0230	27.1667	544.4631
84.5294	58.1380	387.6491
114.2501	1.8511	108.1775
24.7877	134.1759	261.9989
115.1326	162.2238	166.8721
4.3386	117.0702	446.3886
49.7354	23.6428	45.0570
13.6897	127.6663	554.6420
148.8253	114.7811	279.2247
45.2574	115.0985	310.0420
67.7910	85.7978	39.0033
107.7054	160.5853	177.3893
111.0022	121.0196	389.6902
19.7857	82.3969	17.1620
44.8169	140.8121	396.7185
58.9088	102.6378	133.7161
120.2175	99.0893	454.0904
96.5706	19.0318	48.5688
54.6368	89.1401	388.7023
87.4701	57.4126	578.6540
145.9843	5.3178	440.2637
147.0831	74.0791	155.3170
103.2795	65.6268	468.2743
40.9264	11.3242	396.1014
94.2714	27.3414	541.3441
58.9961	90.0283	347.9972
110.3722	112.0144	202.2798
114.7205	33.1122	317.0872
56.2236	79.0445	439.0911
91.8729	161.9714	452.1193
138.5989	75.7190	399.8979
49.8979	81.7685	186.2661
64.9609	30.8497	154.0054
164.7782	103.7112	126.6384
146.5627	112.1205	415.2914
89.1328	83.0128	397.7695
122.8928	55.7585	276.3848
57.1614	126.1075	206.8850
132.0105	141.3915	196.8908
145.2389	132.5523	580.2301
113.6201	135.3563	185.4109
147.4257	26.5147	589.4424
153.7980	53.1128	324.8976
153.8696	9.2363	413.7349
31.6101	144.7673	409.2500
53.9211	29.4496	167.4193
73.1987	20.0265	561.1224
29.9534	103.2068	518.5649
43.5228	95.2365	94.9921
38.1850	74.3571	127.4614
4.9731	21.6867	219.5349
50.6748	124.0398	299.8111
116.8794	153.8773	379.0419
134.5496	53.4164	272.0013
121.5960	139.4878	477.5269
149.4547	17.1522	446.3195
86.8193	122.5099	306.0384
43.2550	164.5434	200.3647
63.4422	128.7474	44.3890
20.8820	149.6358	465.4475
131.5094	123.5731	522.6560
150.2650	6.0140	482.2618
133.2849	24.3740	487.3058
143.4209	67.0091	366.6480
49.9175	92.9393	245.4096
138.9641	126.0299	243.3928
26.5180	37.3882	83.6262
158.0210	139.6721	29.3721
49.0726	131.7695	297.1201
46.8460	40.2889	51.1978
166.1352	110.7790	182.1425
145.3983	139.7182	149.5889
120.8076	98.3680	200.7812
18.2186	100.7507	290.1837
10.8877	57.1689	578.7984
150.1962	22.0810	283.9370
6.7655	101.8115	366.7857
9.2315	91.7176	447.5338
47.6568	52.8277	10.6461
28.6017	116.4801	92.8159
60.2378	121.0733	401.8965
78.9281	121.2086	75.4273
126.5380	30.5157	446.0956
38.2322	124.2181	282.1369
70.0828	24.0476	436.7804
54.1275	153.5752	331.3430
158.2041	69.8903	184.0344
75.9220	165.7136	325.1989
98.1721	74.9348	319.0515
164.4709	123.9020	364.8416
148.5225	83.7028	521.3931
110.5565	8.5765	376.3172
155.4756	86.7244	329.8871
19.2623	101.4100	26.8100
146.8496	32.6518	144.1766
99.7537	89.3164	297.6717
73.7381	113.7888	85.4550
22.0363	129.5497	126.0785
1.5758	143.6369	33.2109
26.8744	111.3515	529.1629
54.5340	148.6904	94.8495
18.6924	91.6598	235.3455
128.3243	67.3782	162.2074
106.3749	143.2214	471.9311
146.2996	3.3071	202.8470
144.2664	25.1131	19.3848
143.1069	33.5871	549.7236
101.5160	94.4189	192.7122
161.3040	141.9709	142.0381
112.5555	65.5423	294.8977
152.5005	58.9795	362.3116
56.6875	119.3478	346.9840
162.1935	117.6877	137.0597
49.9201	29.6968	156.5954
96.1279	22.8833	493.7797
54.9548	8.2424	424.9560
149.4403	142.5896	512.0695
167.0600	166.6682	147.4437
153.6699	127.6769	491.0685
161.0686	100.0679	577.7737
74.0517	32.2200	532.0623
75.1613	103.5062	8.6572
119.6915	13.4965	242.8038
12.2851	44.4022	451.8234
144.0386	41.6470	25.7561
165.9415	15.2369	111.1657
14.5113	4.5251	20.0569
0.1938	121.2605	164.2457
108.2427	131.3568	122.4626
168.1253	11.6799	317.8273
156.5633	124.6930	520.7775
10.7984	142.1371	590.3299
141.5538	137.3887	63.4545
85.9959	77.5316	284.4669
60.7251	119.3794	413.8308
57.9302	8.7865	131.9602
17.5211	59.8519	196.0111
21.3552	155.8323	151.8019
166.4216	106.4572	391.8578
23.2164	128.1388	279.9591
1.5758	21.6862	577.6901
6.5379	157.7193	469.7169
1.2108	40.2483	565.6621
126.6673	36.8553	330.3979
5.0909	116.4934	313.1974
24.0565	44.3391	128.4200
37.0939	3.9535	240.6618
24.3068	15.3409	374.0734
163.1631	35.4580	252.8536
108.2865	166.1450	75.8289
11.3462	145.4381	155.9796
86.5087	113.7133	120.5228
10.7960	144.1057	154.3930
132.5567	15.3098	485.1386
11.4881	77.9181	223.6101
162.4836	35.9756	126.2782
148.0726	12.0158	308.5388
163.8119	28.8324	167.8169
138.0262	63.1274	132.4329
52.8146	125.1291	505.6618
43.2905	120.8519	284.1996
161.1436	24.7847	72.1600
38.5093	99.9450	81.7592
10.4931	45.9618	431.1112
128.1578	12.4696	118.3883
78.6412	37.5604	249.2603
11.1196	9.6373	581.8056
137.8114	140.7030	543.9252
22.6097	131.3165	453.5648
165.9300	100.0885	579.9616
110.1608	113.1598	182.9223
74.9958	7.6414	233.3573
42.8255	105.3986	131.2960
104.4989	11.4673	492.9931
67.2647	7.5001	88.4400
115.0454	100.6317	517.7597
83.4440	151.1217	550.5516
20.3194	158.6968	0.2120
12.0737	61.0829	287.9200
165.6107	37.0789	309.3562
156.5925	74.4502	212.6592
96.2554	94.5840	51.4807
89.3659	123.3380	430.2446
48.0513	71.8357	179.3011
129.4871	149.9679	21.4879
127.4070	49.0522	483.2456
41.4273	44.3293	266.6440
44.1038	138.0875	98.0660
15.9049	67.8103	62.3741
128.5994	77.7517	190.3394
77.5361	119.8974	362.4561
17.4307	139.1074	363.5651
18.2772	155.7766	528.8484
152.2072	136.9271	199.9565
102.7310	126.8907	13.1838
153.2526	57.4200	224.1812
38.2694	156.6101	307.8883
100.5055	64.5761	312.2213
22.3320	10.6310	61.3185
68.1492	130.7326	374.7382
31.9016	73.1866	244.1997
70.3048	144.6032	390.0162
146.1054	92.1899	395.5030
14.3932	111.5991	288.4891
22.3590	160.3802	101.6294
68.3297	92.4523	400.6932
43.3978	56.0714	387.2947
113.2707	24.3353	180.1567
124.3008	144.5045	463.7180
79.7124	153.0650	369.7162
25.7633	141.8499	557.1391
0.0067	4.2145	203.2783
110.1823	105.9517	509.5486
70.7558	24.2122	242.5507
39.8522	57.6541	377.3888
0.2845	86.0783	326.9991
154.2292	20.1122	216.0714
155.7741	127.4946	563.5645
72.0208	25.9830	530.0266
80.5442	52.0500	571.4624
67.2763	166.9192	560.0308
115.9004	143.3574	355.6816
62.5558	133.8413	34.1430
126.7452	28.8293	492.3490
5.9817	77.2663	393.3522
19.0155	145.1035	360.1459
26.4658	8.2083	31.2237
163.9406	36.8332	8.9259
156.1080	117.2150	38.8345
119.8071	162.5383	200.0205
24.6144	162.9765	152.9776
23.0985	109.4187	493.3293
70.9021	7.4943	74.0639
110.5440	97.1105	189.9108
100.5057	81.9313	480.0899
36.8703	11.6564	336.4405
160.8569	84.3367	274.1553
13.3052	139.0307	92.2781
5.5343	29.5016	304.4539
159.8392	-5.9200	494.1600
143.9577	154.6855	134.9360
138.9972	97.6634	348.6823
10.3566	79.4977	221.2105
21.2279	160.1203	458.1521
10.5835	115.7130	505.0040
156.3238	37.2565	299.9904
101.6222	21.5212	33.4087
144.2475	58.0720	65.5515
142.7098	74.6115	171.4961
119.0803	147.0656	245.9976
155.4512	143.3187	317.7948
15.3247	79.5595	582.9455
9.6274	81.5253	49.5084
96.9482	32.1865	134.3451
61.6107	147.2289	470.7217
0.9327	75.6797	322.5166
128.3649	46.8407	475.3428
3.0273	45.6752	90.8570
138.8773	60.8890	329.9429
159.1868	77.3744	357.8076
53.9909	33.6319	122.3887
144.2305	17.8499	491.0529
7.2149	88.3129	272.9335
56.5306	92.6027	526.4109
143.4277	150.7795	126.0404
113.8716	26.0230	45.3241
43.8626	45.6695	559.3196
88.7263	138.5679	295.2026
132.3385	52.0249	463.9185
63.6055	114.6665	150.9112
150.0865	8.1909	319.0173
75.5307	102.7325	455.6779
133.9701	30.5414	60.7390
110.8227	105.7009	439.4715
93.4124	120.0998	73.4519
69.7542	51.5455	367.0013
79.3884	73.5869	113.6021
25.4673	119.1827	516.2472
167.1979	24.6813	564.6238
67.5637	79.0666	24.0380
3.9312	24.1161	78.7246
150.2975	56.7978	21.1218
124.3207	107.2870	102.7120
53.7757	14.2080	453.7145
102.9987	34.9935	363.9142
85.8615	88.8018	377.3401
91.1004	95.8230	362.7000
2.7758	142.4720	528.2553
66.9678	77.3886	325.6164
72.8367	39.8127	237.8676
103.7945	64.6230	493.8404
139.6775	106.1902	589.7788
42.3012	44.7524	437.7947
6.2393	90.1873	574.1317
66.4094	12.4120	10.9430
10.5791	152.8676	497.7381
124.7902	122.7163	506.3584
120.7799	73.1502	288.8370
51.9041	64.7263	470.0812
129.9722	124.7626	117.7268
54.8003	146.2919	386.0731
153.7261	128.7291	83.0077
76.8394	142.6373	370.4340
151.9461	90.9309	107.8013
26.9860	101.2349	528.6590
6.9430	54.8998	540.4061
67.2909	167.5196	148.8189
7.0378	140.3688	277.4440
42.4922	156.8978	331.4275
165.7716	167.2364	306.9784
52.5206	38.4005	458.6431
96.5592	157.6008	506.8543
11.7627	79.7450	298.4746
99.6279	65.9638	343.9602
150.7699	119.5187	517.5888
0.2138	30.6180	285.3072
72.9896	86.9057	0.0436
13.5184	59.4324	45.8212
92.0937	153.2045	106.0888
5.6296	141.3232	191.9986
119.3574	132.5145	19.4581
91.8187	94.3304	313.3225
89.6374	28.2316	591.7983
37.4401	76.9593	87.8672
27.3639	142.8053	5.3459
54.9951	91.2218	113.7975
18.6904	13.7024	473.7097
83.7554	15.7279	578.3973
63.7371	133.1175	549.3332
27.8094	153.8058	126.1024
22.2997	122.0330	79.6554
148.1513	78.0299	95.4689
130.1035	47.7264	299.4390
101.3588	86.2180	284.9134
105.5910	102.1395	322.5280
160.9074	91.8670	102.1032
26.0441	149.7065	428.1481
10.7450	93.0248	179.6421
149.8023	59.8490	167.2991
130.0389	25.7686	516.3314
23.7590	152.6427	317.0956
72.3644	116.4487	191.2075
76.5462	147.0230	357.0635
32.0327	35.6010	551.9137
128.0499	54.9854	33.6509
116.3431	74.4685	261.1678
6.8073	159.8899	84.1017
71.9025	102.0856	372.0543
36.9793	104.9437	349.2661
48.6479	49.5007	258.1314
76.1281	145.6589	210.9644
96.0895	42.5719	451.6668
14.7382	154.2947	14.7001
137.4040	141.0986	163.2787
66.3673	126.5758	440.7469
106.2608	112.1360	150.0547
124.5234	71.2143	31.8404
70.0052	31.3884	324.4001
54.3352	76.7636	170.9200
96.5481	113.7561	276.0176
78.1696	70.5929	85.7914
161.2859	120.8270	23.5648
82.8859	29.0683	559.6403
108.9367	109.5367	456.2581
13.7887	82.9181	331.7102
158.2633	20.4015	104.7094
65.9718	130.8536	199.0811
126.0523	114.5209	236.2995
110.6037	28.6406	441.2931
133.1925	97.7078	382.6104
41.4554	38.3626	564.3361
160.2816	59.9425	525.3531
2.2465	119.0864	289.6774
9.8722	135.3815	358.0785
29.8179	65.3176	324.5379
127.2173	48.8327	475.7612
129.3123	149.9575	388.4661
69.0988	43.1005	219.3088
154.7896	148.8999	370.6611
40.2187	129.6008	28.5801
39.1344	119.5970	286.2394
42.5086	113.2478	45.0838
54.0492	121.6060	230.0738
160.6055	117.1181	216.2167
22.9119	63.4352	224.9054
119.3609	120.6010	403.3695
143.1686	85.2240	468.2103
56.0920	127.2000	316.3593
16.7105	105.0503	25.2245
118.5574	57.6643	314.2302
6.5837	123.9685	76.2681
59.4033	60.3731	303.9755
122.1292	165.7081	184.9369
37.6822	125.9392	141.5817
154.4840	90.4474	504.6384
6.2039	99.0801	117.9196
160.1527	10.1758	330.4934
45.9804	9.0600	586.1400
53.0388	122.4092	228.1855
15.0868	145.6505	427.2189
101.2073	28.3174	101.0719
20.3192	23.8304	96.1805
69.2080	46.3061	222.0291
106.3525	7.9246	446.6546
17.1935	33.6977	97.0559
126.5199	119.6069	123.5377
167.0604	6.2231	140.6757
23.8842	2.2603	148.2973
113.9122	7.8572	207.9108
53.5231	110.1950	478.9604
73.3580	51.0015	248.9807
122.0961	162.9363	503.5397
133.7342	31.7945	579.0488
130.0344	70.5007	176.8198
112.5351	43.7313	255.5382
57.0777	35.8740	312.9410
167.4728	90.6014	380.4505
134.4129	50.0915	38.3355
113.1379	46.6338	180.7554
65.9746	60.7455	29.9640
58.3630	160.5787	561.3598
155.5024	62.4939	389.7969
133.1696	43.0845	512.1902
103.6676	44.2811	88.5475
7.1768	38.7211	199.3678
166.5073	159.1444	64.0471
71.9866	14.1209	519.0211
119.7296	149.3656	166.5796
121.2268	135.0342	558.7172
71.2501	72.3698	347.8644
153.0464	164.7058	335.1028
9.1864	82.8877	312.3255
83.0382	17.2390	207.5326
0.9108	83.8934	548.1623
79.5095	64.4017	294.9524
155.3646	68.7503	200.4219
65.6159	119.1763	219.0144
124.6453	163.2201	378.0399
165.0583	36.2409	6.3944
108.4193	21.2616	388.6911
124.1276	127.3767	27.5785
86.7918	148.6787	497.1498
44.7636	90.9967	279.7364
19.7852	133.9287	574.5233
38.9653	13.9884	155.9257
119.0469	145.5813	590.8608
77.6148	98.4802	150.3188
50.4285	123.4388	258.0027
165.0833	159.7253	97.8697
85.6033	147.4411	281.7317
120.4184	95.2904	221.1107
60.3239	3.8209	416.8155
50.5846	134.3463	174.9486
139.2699	82.6294	118.8971
42.0338	79.1342	290.9007
37.8834	55.1576	268.8674
137.6113	27.4680	242.2187
63.4859	138.2544	563.0340
78.1245	5.0384	570.5005
143.4330	36.2425	98.8236
143.2650	23.8186	108.4418
137.0868	140.4774	151.2406
5.3361	57.3322	286.7712
60.7029	14.8943	92.5826
135.2252	15.8775	485.8433
124.4123	51.4567	450.7769
83.4520	69.2670	322.8731
99.7709	102.9794	20.3029
154.7611	103.9398	344.3397
112.5019	135.0039	189.8316
89.5267	91.9990	345.2821
46.0086	145.8153	573.3609
43.0195	87.9316	514.3862
32.6003	105.2198	164.2716
132.4454	96.5334	56.9548
97.9778	21.5203	590.7280
158.0014	66.3186	236.8873
28.7420	89.7267	14.0453
8.3351	99.1896	114.8150
108.5366	135.6839	442.4758
76.6467	20.3189	284.9816
0.2782	135.3890	564.9994
152.8795	45.1648	588.0802
35.1987	153.2073	293.3009
77.3744	115.2263	202.3935
144.0618	58.9186	323.9440
10.7470	98.5727	396.6613
121.4310	26.9386	514.5601
132.2397	103.7114	86.7082
140.8887	47.8922	516.5898
44.9913	129.3322	281.3602
70.3859	41.3019	537.3804
144.3829	13.5937	114.8138
110.9033	11.1060	371.9322
100.9504	118.2108	355.4839
138.2512	79.5736	328.5914
98.7543	38.9077	259.5402
16.5381	127.8522	99.9041
146.8862	91.3302	291.8236
59.6063	152.0201	375.6761
83.7330	23.4099	419.7341
25.5153	125.2494	173.5072
32.1967	103.9052	286.8419
162.1823	98.1202	116.2593
8.7496	50.8161	296.2316
10.8821	109.6804	368.2859
11.8822	21.0976	547.7867
121.6313	117.3082	83.9949
32.3619	64.8709	444.2780
69.3796	28.2773	427.4471
66.5604	34.9338	474.7091
81.9817	130.9375	443.4870
82.1822	71.8399	500.8713
48.9241	66.9236	418.2363
98.6594	84.6079	227.5983
61.6861	141.5962	434.4739
163.4996	51.9347	296.1943
4.0484	112.1729	309.4981
26.0696	20.0355	8.6091
167.4297	93.5793	588.6739
137.5722	135.7328	52.1653
111.4840	121.1491	542.5324
83.0626	88.7632	303.5752
15.5426	151.4535	328.7300
110.3318	119.7810	6.2427
80.6319	164.5999	428.3247
128.6621	101.7019	74.0934
35.5354	27.2055	195.1041
30.1193	1.3565	79.6679
125.3291	110.5696	297.2843
156.0387	78.6612	208.3246
54.6504	160.1253	331.5696
4.1370	154.3326	296.6102
62.3870	147.0475	149.0004
41.3721	21.9549	266.9902
119.8846	40.2896	166.2696
140.3696	33.0092	539.6557
86.9647	85.3364	350.1769
40.0697	51.7058	356.7532
155.8965	49.1012	456.0825
74.2228	158.3995	209.7109
78.3508	108.9561	514.9773
49.2664	113.2954	335.7298
105.4167	129.3397	458.1934
49.4012	24.9636	271.4137
85.8815	54.9432	312.4547
51.2697	133.9224	368.2628
21.2492	6.4332	186.8557
145.0146	63.3942	502.4114
168.2161	52.6087	360.5832
112.9766	44.1567	254.0621
74.8478	103.5638	266.6289
108.3561	16.9297	289.0482
57.8236	47.7390	15.9971
25.8458	6.5553	221.2576
27.2596	17.9347	560.6350
73.6776	137.1787	512.5548
77.4776	58.4854	272.3594
99.9248	133.0938	39.5432
51.5541	91.1489	280.4894
9.5473	45.4330	96.1878
141.1863	44.1145	429.5507
37.4617	157.4239	104.2027
81.0224	9.0051	583.9788
65.2628	161.2214	205.4517
59.5004	39.5968	144.2495
107.3412	34.1550	193.1798
58.7463	3.3644	168.5570
145.1853	117.3399	276.6240
97.0418	85.6223	302.7214
69.8416	139.6978	19.8872
92.3237	33.3170	496.8257
118.9176	1.2607	183.5702
63.9989	5.1345	73.8461
15.9503	89.5675	380.5604
76.1896	109.4505	139.7986
156.2184	47.9516	347.4682
11.9394	41.0774	55.5288
1.3587	22.9622	78.1092
109.4370	71.4765	149.9731
45.3582	114.4765	41.4339
74.8994	61.8421	410.2175
42.8724	160.3791	37.8393
69.6358	90.0817	25.2076
96.3948	160.6747	148.5399
116.0606	57.4959	51.8417
38.3101	155.5589	208.1243
7.6648	164.7347	256.1495
110.1925	57.6122	69.9226
9.9999	138.3825	30.4305
9.0770	152.7068	155.4537
70.2274	138.2391	358.4769
147.0513	35.3668	66.1839
158.8323	154.6539	316.5300
131.4301	136.8987	397.9792
17.0030	116.5714	586.3344
8.2144	67.5050	341.8832
19.2598	104.0668	32.6886
147.6717	142.7596	587.7406
16.2845	85.1624	240.8734
66.3515	5.7600	85.3107
53.9106	114.2135	194.3586
14.2172	139.7762	408.5624
130.4216	64.2725	165.7603
96.9123	31.9261	113.4041
73.8805	77.7083	228.2610
93.1497	89.6175	214.4139
84.5193	30.9541	429.2993
105.1902	55.8651	130.5876
11.7679	68.8140	337.7177
11.8093	82.8722	270.8995
151.1815	153.5952	357.8115
45.8690	137.7356	131.0098
37.2618	81.1939	260.8394
69.1020	106.5860	232.5649
76.7750	138.4384	424.1806
29.9600	147.2599	308.7704
98.8039	154.2087	582.9426
78.7491	47.4954	530.9049
56.2711	157.5107	84.6097
161.7664	37.4863	251.4972
36.5811	10.2752	412.4728
134.4013	10.9662	587.2648
92.5927	15.3927	430.7975
96.3399	126.1846	498.1574
115.3778	98.4793	427.4443
10.4479	73.1133	540.7851
154.5468	64.1419	51.4831
152.9039	107.3046	119.9993
101.4421	24.5959	34.1703
89.1548	7.8852	219.1221
144.5254	145.5789	148.9146
72.6530	144.5520	5.1247
62.2813	112.7720	148.4844
58.1772	130.3325	19.0156
161.8669	166.2912	401.1528
35.2201	109.1081	309.0672
166.1023	122.3306	144.6589
53.4080	88.1054	411.3981
91.8803	162.2763	32.4672
84.3426	26.8853	576.0957
43.2458	43.0454	218.8552
95.7992	77.2304	238.2987
140.8820	26.1809	232.6556
80.1044	11.5590	50.9011
123.1771	143.7309	371.9573
138.1155	39.3654	474.6769
74.3074	7.3271	243.9131
152.8605	109.1131	457.9227
121.0030	94.7655	518.5894
18.9017	62.6409	581.1375
18.8871	42.2168	266.9723
133.9079	17.6345	59.1401
123.8437	69.3226	456.2093
92.0895	137.9759	551.5851
9.7086	64.9718	568.1997
33.0894	145.2057	49.2592
10.0237	37.2082	69.4213
46.2485	17.5122	344.8837
115.3068	5.2903	67.7788
118.4203	110.9264	307.3284
32.7979	1.7095	473.7693
11.4348	110.3193	534.4765
129.3758	163.3825	343.5807
87.1788	143.5793	533.2042
152.5336	158.1293	56.7237
14.8595	33.1952	574.1285
76.0021	100.3872	457.3433
7.5186	102.4640	337.3963
144.5007	68.0142	422.8261
49.6998	69.4348	113.2860
116.5860	63.8960	123.1327
92.2484	24.2942	176.4247
75.9082	115.6343	141.4952
135.9786	121.0704	509.5843
37.7822	104.3333	264.5105
37.9943	77.7374	200.8060
42.0760	15.2648	132.2090
90.1258	48.2486	472.3651
82.1284	120.2538	99.2091
64.6646	126.8830	380.7221
65.1468	101.0807	442.9788
118.0041	168.3876	65.8845
140.7063	128.9260	525.6067
127.3076	4.7878	563.5295
14.1517	158.1826	260.5063
22.3028	46.5856	282.8942
34.7867	132.6890	214.7351
89.1370	50.3941	387.9698
26.0897	49.2331	261.3756
93.2726	146.7306	443.5517
37.7014	126.0887	315.3889
10.1948	77.3143	440.8531
124.8632	85.4889	125.7151
62.8234	4.0518	434.5663
82.2959	35.3772	281.8550
33.7463	131.0236	38.1522
65.6791	138.8367	548.9125
17.7676	104.3640	505.7849
39.6260	95.1563	323.4594
113.5663	149.0989	580.9311
95.3358	140.1176	15.1347
49.6732	21.7253	484.8389
100.9118	60.2917	557.9241
47.9363	11.8010	72.2980
151.6158	138.2233	91.2342
16.8343	77.3707	233.5191
144.8584	2.4847	373.1346
38.6988	140.5712	368.8293
118.2473	11.5692	184.0807
0.3349	107.8388	258.1765
41.0974	90.0589	344.9500
81.4481	137.5275	207.6417
104.0673	100.0704	463.1672
80.3521	83.9174	330.3198
95.5760	36.9472	185.5586
31.2628	154.5416	135.2762
11.7234	143.9857	93.9063
144.4280	152.2373	330.7043
17.7004	70.2973	190.1082
6.3724	71.8218	330.2234
53.3711	104.4800	121.6021
50.4469	104.0132	365.6989
126.4410	24.2625	437.4363
6.3623	69.5505	346.6689
25.4700	153.8609	147.9182
115.5909	18.0902	528.5955
94.4832	58.7637	381.5026
24.9488	116.4507	367.4350
50.2046	132.7172	464.8912
165.6397	167.0382	228.9097
58.3590	100.6435	282.8241
145.4826	135.2781	261.9160
117.8935	69.3824	124.8415
35.8976	42.0460	396.8119
97.5993	28.7153	78.5467
161.2663	128.0370	15.1461
110.1117	12.9565	408.2000
93.9801	159.2968	112.5294
72.0429	118.4645	461.4733
38.5413	139.0646	570.4946
140.8802	101.7673	21.4571
18.2534	106.3203	346.9833
141.8545	96.9147	205.1157
120.5858	27.1124	256.7959
122.0330	150.7800	535.7657
113.7357	149.4295	386.0379
15.1334	84.7593	142.7188
114.6524	136.8277	183.8466
96.5603	10.4321	43.3294
148.0793	143.0262	493.5103
67.0861	75.0624	3.4051
125.5308	51.9796	24.5317
112.6095	112.4352	42.2711
91.9686	45.3227	314.9448
161.3275	95.0823	302.0058
102.4146	161.0532	320.4426
12.9091	100.4521	529.7338
127.9131	56.2328	25.4412
0.8630	46.0717	302.9294
156.2484	139.1729	83.1752
26.0985	60.5966	420.4219
39.1626	91.6503	584.6628
133.5938	133.9024	43.8214
127.8337	61.6043	18.1732
131.3631	95.7408	453.5800
7.2704	23.6204	381.2005
83.5168	121.0195	416.7554
2.9061	52.4843	95.0139
65.9386	49.5595	520.3693
29.6876	66.4409	31.1714
132.0862	49.4746	545.1967
139.3192	63.4510	395.3250
103.6850	62.4630	518.7093
164.7824	157.4165	524.9942
97.1679	125.9709	342.7756
78.8093	4.6055	18.8515
0.7114	89.4030	302.2296
84.4809	33.1657	52.9733
118.0509	70.4223	262.8817
13.9537	98.6469	94.0196
132.6182	94.8848	324.0424
59.8938	35.1853	460.0918
78.8177	25.5967	131.8043
97.7506	91.8907	443.2369
145.8512	38.1001	245.3896
133.0394	67.5226	95.8165
95.0704	25.4471	569.0372
101.7022	40.0634	32.8902
95.1461	63.4180	329.1418
82.7624	98.0662	478.6189
64.7931	1.3064	472.1297
154.3710	67.6961	218.9316
75.2010	77.8288	37.8609
162.8657	149.6102	301.3362
77.8678	71.5537	48.0619
0.5445	37.6507	60.4845
128.9091	8.6402	268.6942
64.6950	160.5257	456.3161
151.5531	46.4323	17.4943
118.8722	28.9938	437.6452
63.1522	101.0490	580.0204
52.5583	139.1194	3.4872
130.0436	154.8147	312.6924
117.1923	2.0163	217.3595
36.0935	119.9456	93.9788
149.2665	128.4606	574.9924
131.0740	24.7523	269.7779
10.8942	82.0498	260.4729
134.7598	26.7388	593.5450
168.0096	163.7569	503.0121
113.2894	71.3720	587.0564
43.9113	69.0724	510.9432
44.3787	82.0228	516.5064
132.7634	137.1050	154.3089
154.1660	89.8138	486.6020
83.7894	67.3185	280.0304
94.2955	143.9010	350.2756
25.3456	146.9140	180.4036
36.2177	17.4663	144.1811
73.2571	47.8080	354.1166
142.0206	92.8966	511.6658
129.9317	119.0142	9.6920
61.1721	16.3163	33.4306
66.5168	33.2100	347.6927
7.5192	60.5890	433.6048
149.3654	72.7132	500.6030
141.6954	143.5422	445.6409
150.8329	12.9552	551.6626
67.3350	47.7921	22.3061
148.6711	92.9656	305.9559
0.2662	104.8066	460.6804
51.9156	0.1055	241.0530
7.9244	42.9595	386.0956
19.8262	151.9300	501.4346
40.3405	132.9452	57.6230
1.3364	117.8153	510.3407
152.7115	132.7885	223.2234
16.9922	129.2933	582.3909
143.3745	29.4151	543.4024
5.2997	72.7827	47.0957
79.2043	117.0799	144.8964
85.1012	105.5214	403.5500
70.6595	117.7507	309.7494
78.1792	142.6784	448.6668
34.5821	146.9329	35.8670
64.8400	137.9501	571.9562
113.4377	126.8173	9.0928
62.3939	56.9442	331.2177
45.0711	70.9005	350.4369
0.6991	38.9226	236.6058
166.2719	105.3371	186.8857
24.6245	109.1658	440.1595
34.3307	35.2730	441.8330
37.3747	160.9824	324.4397
141.1365	107.6258	247.9304
120.1744	32.7138	465.5048
36.4192	38.2245	489.8704
10.4141	100.2686	552.1716
25.4084	127.4988	402.4154
149.8690	127.4774	344.1016
154.5296	128.9495	114.1644
127.4617	77.8901	391.4899
96.0323	155.7095	587.1286
4.5027	2.0501	394.3548
26.7262	6.1307	562.0861
52.9273	6.0132	104.4592
160.3212	54.8480	574.0764
83.8326	119.9242	460.7289
25.9381	124.3538	6.6586
49.4190	17.4699	265.1314
0.1115	134.2281	204.2366
97.2398	32.5480	135.6994
46.3779	18.9000	181.0445
41.3702	116.8941	517.2782
24.7054	34.0432	91.0094
154.0401	156.3460	513.5648
76.6589	22.4675	522.4612
109.4150	55.9400	104.0406
79.0531	9.4662	54.4243
43.5859	136.5683	132.2045
108.5864	122.3572	533.1554
33.9928	59.5128	449.6659
134.0979	24.2264	549.2243
46.0783	103.3180	74.8873
86.8391	151.0810	554.1961
94.5402	115.7488	316.0297
8.8777	0.5607	507.4557
103.5915	68.3698	394.5234
136.5375	97.3854	440.5237
4.7462	149.9156	226.2553
149.3638	85.3916	135.6463
61.8928	43.1230	446.3811
94.9943	37.5124	577.6034
164.4363	114.1186	236.9163
39.7733	47.2220	569.6567
40.3127	65.1907	525.4412
155.8805	136.9500	184.1661
156.4643	132.3726	534.6105
167.4155	61.9840	314.2933
17.9205	157.7622	164.4188
39.6700	136.2710	525.4464
75.4125	49.2712	396.1938
75.6315	157.5926	407.3062
50.8020	136.2372	494.5445
84.0735	13.5985	398.1807
21.1334	139.7484	162.1171
84.7187	71.9548	565.9754
39.3938	11.4889	366.8498
59.7025	162.6611	395.2251
6.4183	155.4715	410.4477
63.0755	3.1316	448.9114
94.4970	32.8192	47.5449
137.3592	42.2458	534.3065
131.2033	121.1183	355.4543
15.5004	61.5739	200.3596
33.8061	121.7112	285.0436
30.4350	117.8011	358.6436
167.7704	87.6358	6.8329
82.3974	19.9775	409.3132
93.4520	88.4338	489.5263
74.5457	154.1004	66.3068
87.7609	58.9871	394.9250
4.0886	114.2776	358.4310
105.2471	40.3505	360.1568
48.8644	52.2531	135.4824
79.9068	20.4614	541.3211
64.0596	146.5730	587.5968
14.8796	98.1971	292.2772
123.1556	40.0319	46.7762
125.0074	143.9505	429.1063
123.2286	119.7496	18.3404
30.2490	126.8406	578.5724
96.5024	106.9148	49.6575
59.1781	53.6479	336.8219
60.5815	89.7047	457.9970
134.6375	124.5475	7.6575
92.7775	88.1351	407.6275
18.3623	145.7069	500.9780
34.8974	101.4824	175.9018
97.6994	54.5230	215.1305
148.7560	98.9989	346.1554
102.0277	62.5705	99.4622
127.4702	154.2135	52.0301
4.5793	124.4563	299.7199
75.8044	75.4606	256.9352
128.7738	27.1353	170.4835
158.2384	127.4674	4.8291
102.7608	12.8485	27.6295
162.6660	151.7103	113.1056
134.7051	115.0727	5.2311
72.5314	0.9484	474.8069
98.7025	164.3995	438.9048
39.1817	162.5340	480.5319
127.1160	49.3027	367.7581
101.7377	119.8731	80.6424
61.2459	61.5755	83.5158
128.4110	164.6762	379.7146
99.6938	84.6223	22.5545
21.1218	46.9114	118.3223
12.5813	61.6816	40.1932
92.6879	90.2986	7.9617
74.2636	74.7874	183.0402
147.6990	45.8100	258.8003
22.1884	44.6990	23.9785
131.0875	0.6294	325.4840
131.1515	128.6421	171.5146
159.4715	29.6689	552.5119
150.2374	39.9847	243.4197
133.1608	97.9255	505.3880
106.6597	150.9288	190.7033
50.7912	124.8784	228.4113
64.0500	162.8340	469.2831
65.4883	79.1036	216.7563
73.0155	68.4949	210.5587
89.0649	154.6466	152.6598
15.8296	12.3346	135.4021
140.8175	54.8779	256.2899
42.9854	78.3111	283.0594
155.0380	79.7160	520.4689
151.6459	61.1063	519.3440
41.5739	25.1526	513.1707
164.0385	106.1040	323.8902
64.3350	108.6168	466.4216
36.2660	140.8401	119.1925
32.1970	155.5115	297.0262
109.2709	93.3141	490.3988
155.2980	40.3838	161.9114
152.0879	112.9984	116.1799
30.8269	139.2708	314.5945
62.0481	51.8837	526.3627
71.6885	124.2450	8.9886
36.1401	96.0234	101.0404
11.4816	56.8287	262.5274
82.5582	37.9997	344.1336
43.5317	8.9459	52.5514
70.0108	32.2805	341.6325
141.2016	30.6217	447.4626
135.3961	20.9068	213.3947
27.3220	52.3805	251.9266
147.6103	129.6195	514.0898
115.4515	73.0299	16.3040
95.6562	62.2759	207.7370
30.7035	53.9086	196.4202
80.8008	127.5150	510.5210
88.8871	156.1071	486.6791
21.9992	7.7203	331.2491
64.6287	48.3398	558.5939
44.8025	10.0294	78.2593
54.6569	91.5722	272.0949
8.3442	7.0201	521.6390
93.5157	25.3111	324.1996
147.4507	136.4078	379.1858
32.0268	128.5481	55.5319
44.5762	161.8453	524.9811
138.2768	154.0913	104.2630
13.1052	163.0784	239.0841
45.6425	52.2362	470.9173
154.4688	159.4039	30.6803
113.1616	26.7194	516.3639
167.7180	58.3712	340.0831
136.8914	60.9387	176.5910
27.0627	155.4382	146.5932
166.3522	127.0726	195.2840
77.4309	98.2031	278.8168
160.6335	29.2242	357.3707
104.0173	147.1016	345.7021
131.6195	137.6845	137.0063
55.3970	63.0854	284.6570
149.1040	60.9302	472.2443
137.4020	100.0775	512.2453
27.9140	167.8387	203.2557
129.8849	38.9557	82.2627
58.8340	106.1286	434.8007
134.3857	120.8439	275.9935
140.4219	13.8429	459.3188
12.5866	104.1193	264.3871
76.8118	63.8232	324.2988
76.4525	43.6625	79.6651
77.1191	7.7821	460.9065
49.2278	163.6618	105.8810
118.4488	127.3002	353.3966
27.1902	137.0087	147.8488
90.4364	53.5497	325.8802
14.9294	154.0342	350.5785
116.1835	54.4358	496.6732
110.7841	18.7722	299.5869
27.4432	145.7629	530.8370
7.7192	163.7077	445.8902
103.4809	86.3827	344.9512
162.6423	33.1229	232.7796
67.7294	31.1902	511.4397
157.0914	122.0825	576.8996
54.7676	149.2410	270.8316
106.4739	93.9039	246.8883
107.3531	32.5813	429.9683
157.1988	99.6926	115.9233
26.7088	122.4528	161.6092
50.6892	55.1206	483.8227
91.5885	95.0380	475.2008
139.5863	47.0026	529.0447
79.0309	28.4961	110.0848
50.9458	140.6922	573.9121
79.8331	118.4277	155.6401
142.0004	138.6809	344.1049
145.7648	23.3384	22.1115
50.6260	136.0468	472.3157
19.7680	24.5111	166.7436
67.4290	99.1167	45.1017
98.7226	101.7543	359.6950
79.3704	145.2802	224.5337
45.8916	31.3607	409.5636
64.1823	97.1082	580.1562
58.9157	13.5475	172.3947
155.8848	154.2812	511.4666
22.7680	38.6573	387.2239
109.2203	112.9626	168.0916
68.1656	127.3835	320.5772
134.4635	70.8584	265.1003
109.0380	112.5705	384.8657
87.9435	151.5690	147.6340
145.8838	132.8363	465.9559
151.1618	59.5750	530.4657
51.1081	58.5375	511.0802
43.6495	88.6745	581.8606
69.4129	83.3638	14.8283
123.8915	100.0824	574.9147
103.5918	140.7345	329.2922
17.1913	79.8150	380.1699
145.7627	57.9049	77.8698
35.0161	111.1950	222.6554
146.1395	139.0697	91.4331
133.1796	42.9190	380.5119
51.3480	88.5318	144.8613
126.4989	138.9622	276.1021
132.7204	127.9177	544.1165
154.5395	151.5448	231.6446
85.4123	121.8598	265.5159
91.0555	126.9023	157.7817
132.3439	114.8412	237.5283
59.4685	61.8322	336.2373
168.0277	141.4357	245.9728
58.7874	20.2554	320.4892
165.5091	30.0436	163.2206
20.5789	43.1411	272.4396
44.8025	10.0294	78.2593
133.1431	137.5554	158.9527
16.6819	31.4150	5.1579
66.3650	89.3732	473.9534
26.5118	80.9515	90.8904
47.5187	8.3151	145.1708
121.2482	86.7236	515.2909
84.1239	165.9115	440.7334
81.4074	80.1988	266.9988
111.1338	147.4895	474.5039
87.1984	31.8501	420.1590
51.1326	143.8160	78.9564
59.8966	95.9924	412.4039
114.7355	160.2211	266.2474
137.5816	55.4183	428.6429
80.2811	18.7101	414.8546
87.2238	28.8742	99.6612
55.7920	81.9545	391.4699
76.3403	159.2966	96.3942
153.2310	100.7965	373.1455
162.7409	29.2421	344.4741
51.8907	112.8234	143.5710
85.5070	38.5390	84.6683
78.0399	87.5035	471.1661
108.1585	54.9152	289.1657
128.4659	50.9423	0.6286
58.6705	14.1511	69.2701
150.7406	42.3963	80.7169
153.4663	4.3768	113.1576
85.2756	142.9120	222.0320
113.3118	134.3897	198.9929
128.1660	92.8972	295.4078
133.7454	68.2640	403.5037
90.4938	148.1347	227.3442
55.0583	23.9891	133.3301
164.6266	161.2979	415.6356
150.3508	134.5217	519.3916
106.7662	167.5023	193.7710
149.5405	158.3774	325.1841
91.4721	49.4764	391.6159
29.3864	64.4346	95.7493
135.7924	60.1256	248.8685
34.6096	153.3497	259.9920
105.2830	92.2113	190.6983
53.0067	83.9657	583.7689
80.8735	141.9597	183.2957
73.6382	154.1946	123.1606
81.6303	71.9792	495.0587
144.1895	45.4880	180.4189
139.2046	52.8603	557.9526
164.8407	137.0892	569.3386
133.0457	87.5798	447.9216
145.6415	75.9323	269.5091
158.4738	26.3745	361.2020
83.5483	33.8563	146.0666
26.7876	137.6542	503.7300
24.2062	7.1239	37.4073
87.8860	111.1246	512.4296
33.0938	122.2500	5.9451
81.2536	11.1987	227.9901
69.5620	79.6897	547.5837
49.8024	16.6468	570.5371
135.7342	128.1497	140.5103
95.1833	125.1953	118.1588
3.3611	109.8748	588.1047
125.7094	51.3800	545.7961
10.7957	52.1008	576.4824
159.7820	102.8666	295.6495
118.9826	37.8624	65.3162
85.7052	120.5287	120.6287
26.8145	73.4026	74.7278
113.2835	27.7691	316.5645
73.3313	52.3230	229.1504
74.4830	117.7333	313.7434
157.6075	67.8843	483.0098
98.4491	60.5528	386.5743
0.9679	102.7168	289.1598
137.3169	163.1084	159.3774
68.6408	167.6404	242.7437
131.8986	92.5149	62.0398
22.4004	112.0671	476.2905
81.7932	110.5167	212.9866
107.8980	20.3940	435.0179
70.0512	78.6665	177.6060
11.0510	114.2418	175.5374
61.8327	45.5120	479.2764
29.4123	146.9540	591.0821
115.1861	109.4695	49.8766
32.0358	122.7786	170.1846
70.2030	88.5373	165.4692
99.7589	46.0746	343.0639
48.5693	10.0814	589.6612
114.5948	45.0108	183.6065
14.5466	38.0447	75.6710
132.9676	149.4339	314.9143
9.0665	160.2251	259.0460
9.3814	13.3712	119.9336
30.3357	45.8300	253.9379
23.1513	138.5973	415.6674
83.5843	120.5410	475.4433
70.2777	62.3371	323.0662
50.3038	72.3030	463.5752
151.4653	134.3023	37.9276
81.3097	42.6665	525.0956
60.8016	131.3311	49.0560
6.1329	167.9941	571.1790
60.5287	31.1534	67.3811
91.4189	57.4598	308.3203
95.9966	60.7032	268.1869
29.6327	145.7347	560.8503
156.1506	50.8690	517.3054
163.4142	86.2059	520.7930
40.5928	58.3736	105.3709
108.4213	42.3417	160.1960
161.4697	16.3750	349.3416
160.9176	113.9514	0.8366
14.6176	50.6004	135.4907
157.3091	61.8518	366.3982
156.8402	129.2273	576.6195
157.7154	105.7705	27.9927
92.0041	10.7347	17.6796
103.4717	81.9485	527.5861
43.4299	113.6757	29.6171
158.4247	161.8650	574.0767
93.2395	35.0339	299.7373
5.6809	33.5723	478.2382
66.8187	88.3866	279.9501
80.2630	144.2048	222.4258
122.4161	167.9445	497.6450
120.4231	1.7125	336.5411
19.8842	105.1689	2.6979
112.9489	122.3428	275.1664
97.4306	159.4585	35.2939
116.6603	161.3831	525.1864
71.8696	132.6688	26.9046
154.4351	83.0665	478.7819
74.5325	160.4513	280.0713
131.4459	42.9196	547.2102
40.4494	23.0441	133.9528
9.5838	39.7687	293.0192
55.2679	91.5106	70.3461
116.4896	46.1389	171.4380
30.9345	156.8806	81.3142
56.0656	111.1226	578.8209
133.3327	114.4393	301.0997
143.5620	17.5479	479.6893
73.6566	30.7099	197.6383
9.4501	72.1018	200.3052
104.4849	97.1822	429.8401
103.6186	8.1284	104.8202
126.3964	140.8541	301.5695
81.2903	90.3056	547.5676
111.0398	30.3141	449.7238
138.6254	90.7586	156.4922
34.2677	16.7004	398.2674
80.3902	21.3258	318.4457
12.4826	92.8085	315.0658
98.0606	20.6395	68.5392
122.7346	57.5255	13.9935
164.8165	161.1634	253.7700
154.3392	128.4588	346.8345
90.2564	50.9360	375.1063
33.8434	95.9352	104.6187
73.1549	85.9367	166.9554
158.9323	148.2956	182.2216
137.3643	108.2548	417.7854
6.0750	76.0834	120.0884
78.2244	89.3050	54.1058
59.4369	110.3072	515.5130
64.6317	90.6624	447.4801
119.7813	159.8665	276.2418
15.1544	106.4354	259.2881
82.2559	124.0894	472.7863
116.8107	63.0001	559.2475
85.7131	147.4320	164.9748
52.4175	29.4249	259.3550
165.3766	111.2203	533.7125
24.1843	83.3173	61.4132
18.7967	103.2031	413.6515
147.9209	48.7433	179.3932
108.8142	159.9430	531.8366
125.8903	38.5955	488.7937
83.9258	27.2439	536.4369
0.3432	143.0733	485.3713
88.6380	166.3072	361.9737
123.3036	24.6035	460.6890
150.0351	68.7305	402.3765
41.6001	51.7341	275.4194
118.4118	90.1227	412.7477
55.5867	131.9230	542.0864
112.6469	42.0559	424.3476
153.4760	21.6807	474.9549
101.9301	106.7719	40.7255
129.0759	113.9622	334.9488
66.6188	54.9496	312.7781
157.5069	67.4696	204.4130
23.7041	78.5984	360.1688
103.3452	61.9202	166.2382
43.3795	19.1141	146.3377
28.0414	143.9818	351.8773
144.3678	102.2653	326.3525
76.4394	38.9154	461.1113
156.6298	42.3773	163.8304
98.3399	7.5746	141.0641
159.7621	101.9829	327.3561
152.4589	3.8730	260.5273
144.4957	25.5846	576.6362
20.6634	147.4684	440.4827
92.8491	44.6313	473.3002
61.8356	86.6645	309.8422
86.6602	83.0689	330.9530
91.7718	36.2958	401.0714
31.7628	109.2088	122.5455
58.8655	164.8338	580.6346
4.7956	134.0666	44.6483
55.9890	101.4645	19.0039
108.2754	99.9855	579.9503
78.2867	61.6704	572.8684
133.7776	58.2217	466.9304
42.9364	132.2361	25.2175
58.7765	15.9325	304.7489
80.3506	11.8205	498.3051
25.9100	103.4672	330.2294
108.5118	95.1115	491.8025
42.2934	121.9347	3.6404
27.6028	83.1148	268.2216
69.1076	142.9247	497.2417
87.8256	143.7634	488.7231
164.6694	63.7067	46.9249
54.9625	50.4691	586.2582
111.8524	31.8297	101.7881
103.5591	52.9733	396.6446
155.3613	122.1987	325.7800
105.4355	139.7832	446.3164
48.1034	31.8810	527.9073
79.5294	159.5967	121.7553
146.7063	32.3932	558.0059
89.8053	86.2765	423.3914
69.4424	137.8564	528.6200
38.0353	31.3903	78.4970
83.2266	77.3063	124.0472
146.3681	2.0907	448.5250
12.6150	34.4740	419.9188
35.3320	0.8279	414.9295
54.5205	122.5708	141.3426
30.8537	55.7960	212.5788
128.2466	153.8966	510.0583
17.2684	59.2916	340.3568
31.8036	29.4361	74.1546
20.0479	72.4989	83.8731
136.8616	161.7460	542.7160
157.9537	114.2994	247.3253
100.0763	162.5152	208.9651
4.8595	142.9124	196.8640
145.6970	88.4037	482.5511
77.1479	148.1436	450.6437
126.9451	21.8777	167.5421
93.9313	7.5661	233.7824
116.0481	155.7748	468.7753
56.5549	23.2517	365.2907
140.4126	107.4156	71.1545
103.8292	62.9658	49.7559
12.3359	100.8138	163.4578
95.8784	35.1462	440.0874
136.0647	63.5290	538.4915
138.9471	81.9041	289.9479
110.6074	150.6959	72.6905
44.2415	84.9202	304.5627
140.0973	140.1562	528.0794
19.8786	82.2108	190.8580
73.3082	16.6392	203.0776
50.0566	106.1533	67.7498
138.8407	46.7456	120.4966
29.2401	133.0111	481.4924
135.2170	105.0468	444.0446
3.9033	77.5588	385.9742
122.3375	135.7522	58.1760
132.6531	34.6968	423.4499
89.6981	8.9842	389.7165
75.4149	83.7882	165.6924
158.4783	105.4859	383.5002
1.1700	33.0999	132.8052
87.9899	159.1543	175.4532
64.0994	99.0729	289.2864
19.4766	113.2275	72.5472
60.1850	87.0471	558.0265
108.5580	111.5764	416.8958
39.1291	42.6541	583.9319
124.4708	75.2577	116.6665
61.1060	59.9066	553.6287
111.2291	19.5570	230.1261
112.4590	122.5441	552.5095
148.7749	117.9442	554.1864
56.7204	66.7855	324.8295
135.8246	153.1487	421.5976
9.7770	113.4501	501.8888
119.0421	118.5738	241.7242
44.8371	64.1510	508.2867
65.3387	6.4141	570.3280
161.0635	119.5334	459.4012
163.3049	124.8002	425.7661
138.2588	163.4911	546.1786
64.2717	56.1897	353.2263
79.4486	43.2130	72.1574
75.2045	72.4043	105.4428
147.7178	62.6984	159.4899
117.1459	97.3523	262.0594
85.0992	128.6219	509.6894
155.0218	134.0108	557.7110
138.6197	109.5920	112.2024
39.3151	117.3860	11.8111
13.9076	100.0960	187.0838
160.0826	119.4021	151.0254
56.2945	164.7287	534.7013
26.1396	93.5418	90.9398
72.4792	111.6174	442.5596
34.5425	151.1455	54.5654
94.9438	51.3072	309.2619
68.7555	125.4339	241.6886
126.4721	167.6278	318.8178
68.9308	30.0502	136.3238
108.9225	115.0284	25.3322
70.9653	59.9371	416.0664
117.5697	119.2321	155.0246
168.2012	15.0057	479.0523
146.3750	165.2074	218.4102
164.2831	91.9985	536.2056
124.1686	145.1059	114.2762
113.7733	141.4111	2.5817
13.1120	150.5620	145.9399
82.6655	37.8360	408.4340
119.9877	140.2354	54.0843
150.0569	124.5095	244.9233
156.9943	65.9714	244.3337
126.8701	4.5371	100.3548
79.3136	57.9132	342.6012
91.4146	106.0393	146.6106
122.5075	132.2606	60.5376
104.2875	1.7576	144.1843
105.4649	9.8561	156.3294
133.9268	138.0809	176.3025
95.7441	148.9330	580.2224
158.7576	100.3211	382.8904
46.3074	90.0394	515.6011
59.8033	122.9202	436.2821
94.2258	135.9654	35.4483
31.7899	56.9100	587.6448
50.2820	85.3292	478.8662
14.0977	127.0906	7.2612
39.5152	54.7485	169.5654
92.3601	96.9762	588.4908
144.3388	30.3662	205.7272
150.6045	132.8090	317.4471
141.3573	150.7363	564.6188
3.5274	97.8829	222.5528
28.6326	16.9269	56.0161
40.5901	125.0099	3.2619
36.4336	57.8566	467.0807
26.6608	133.6142	418.1447
162.6311	53.5261	133.7290
21.3108	143.0955	141.4220
92.6618	48.7746	320.8078
85.5128	122.7802	577.3606
72.7577	103.4227	34.3821
85.8793	4.7721	238.8170
136.5044	55.3718	96.3160
137.4274	99.4731	282.2505
58.6908	45.9929	589.0039
148.9951	35.5974	535.1545
104.2486	92.6621	310.2730
33.7151	123.5911	467.2071
45.1686	136.2533	117.1052
6.5207	1.5032	343.8700
151.6325	80.6298	326.8903
147.0474	24.5454	585.8370
162.9714	25.1551	270.5350
69.8022	6.4557	21.1087
69.9422	2.2114	219.1214
131.9867	104.0531	190.3120
109.3961	14.9360	61.2564
84.5933	8.5224	241.4759
140.9212	90.4762	168.4009
145.2785	15.9226	135.4387
57.8174	8.9310	288.8098
50.1252	51.4802	37.8161
151.7403	30.1525	266.3721
53.3552	53.9892	551.1986
23.7108	115.9450	275.8552
65.1916	161.8798	113.0600
64.7682	25.7384	390.8854
79.1423	40.7452	458.6134
34.7309	49.9928	389.2684
96.1293	112.1185	246.4983
102.4909	143.6550	368.0425
50.5292	37.0885	503.2904
108.4188	63.4610	131.2524
68.9037	45.1033	537.3762
62.4053	45.0401	532.5324
105.3945	40.4730	329.6253
87.1687	144.9728	183.0306
110.4155	30.7643	85.7677
87.6875	62.4738	231.4044
82.7733	72.4252	356.2410
118.0531	71.6448	464.4629
18.7774	119.6665	143.4068
17.8469	100.0196	410.1029
75.3530	125.2505	468.6162
107.0909	131.2466	342.3426
62.9576	105.3676	234.9831
9.6110	117.9482	465.6205
3.2140	53.2819	356.0775
101.7555	55.7908	349.4578
163.3564	27.7244	165.8810
95.5926	56.2325	322.9704
79.8198	8.7318	449.1204
47.7372	78.4409	400.8272
153.7074	128.9552	389.2397
113.7708	158.7199	117.7521
28.3271	2.7325	278.8069
3.5911	24.3376	69.8526
59.2909	138.1868	14.5259
42.5467	83.4751	516.4849
66.0660	61.1762	543.1574
108.9444	34.5912	593.3787
5.9909	26.1401	41.8035
36.5577	77.3251	245.2441
28.3053	64.9967	148.3089
10.3135	52.7853	291.9567
159.8612	144.5826	6.4489
76.0574	92.6801	268.4659
113.8875	165.5223	511.6447
35.8178	124.3691	57.2400
164.4146	48.4679	408.6237
162.9260	136.0541	416.1211
163.8471	61.9731	550.8076
81.0095	42.1026	444.1894
144.0193	52.7229	431.3093
58.6139	99.7565	87.1890
152.9475	86.6363	530.9335
165.6848	156.7423	500.3172
47.1115	85.3235	278.5508
136.5408	126.8454	327.3868
24.7844	159.7877	383.9494
84.0713	103.1405	208.6624
49.7770	123.9357	364.8434
21.8495	131.3098	372.2570
144.3216	116.1210	569.6742
107.3621	144.4697	54.6901
146.2468	124.7557	420.4773
37.3815	161.0498	179.5243
163.9778	165.5121	423.0194
69.5645	155.0746	104.5095
151.1290	115.8497	403.0180
99.6341	48.0952	562.0938
35.2339	144.9835	327.2815
32.5783	156.7210	75.2335
162.6540	28.8046	341.3000
139.7906	151.8641	167.0554
159.1601	35.1347	536.5934
132.1527	160.8550	434.4994
60.9189	38.6136	123.8861
29.4840	9.7395	432.7443
61.8059	153.1753	296.1589
13.4287	87.5750	274.2735
67.6057	53.0822	534.6971
104.3943	93.4339	54.5626
159.4611	73.2008	561.1638
54.1354	106.5260	505.1038
75.7768	40.1261	590.4957
39.0955	32.8130	273.1177
167.4654	124.8820	536.3627
79.4242	51.4553	418.9110
109.8538	71.0061	256.4059
101.4783	96.6287	61.7406
145.1398	144.8732	195.7494
9.7387	140.2588	520.3828
115.1511	140.0384	587.9871
20.8338	149.9279	500.4542
19.6209	112.9871	97.8859
55.0301	8.1460	437.6383
134.8964	112.4618	419.3004
60.8619	114.4641	419.7127
126.5361	55.9889	67.8642
57.8767	68.9172	233.4585
41.2296	32.7885	315.5020
140.2253	148.8901	576.3621
122.6408	60.5705	425.0712
9.6120	138.0170	12.0250
162.0142	120.0984	35.6770
103.2461	102.8480	156.5883
85.6100	3.5532	406.7433
51.1365	56.7086	131.4820
0.2827	69.7014	515.4455
113.5773	96.1247	193.4005
168.1670	20.8079	7.3876
157.8810	28.1378	107.5102
30.0450	54.8933	14.4623
162.6647	72.4915	379.6716
89.3049	125.7008	247.5859
125.0646	21.1829	474.4067
154.2773	43.2922	442.8170
99.1843	77.8505	92.1106
54.6888	34.9379	92.2121
147.9511	49.2108	426.9675
134.4375	19.3741	15.9780
33.1579	73.8521	348.9139
43.8072	15.0889	418.9194
23.8885	28.4232	254.0341
108.9585	93.1413	518.7890
36.5832	111.3365	232.1264
54.2419	88.7542	152.9685
65.9541	122.7297	126.5523
140.0580	52.1550	547.4012
110.1732	47.0233	297.7934
58.7658	49.2713	17.4390
80.4236	96.8624	150.9829
101.0225	130.7597	508.5396
123.4681	43.7677	328.3450
17.5302	8.6515	105.1744
147.7200	72.4590	5.4643
137.6536	102.7432	427.8631
69.0841	128.8422	458.8209
37.3883	81.8482	188.6666
98.3159	68.6428	383.7181
69.1409	26.5691	91.4200
7.6608	137.2719	307.3513
102.2067	6.3593	205.2441
72.7424	38.1903	588.4068
140.3370	48.9870	131.2375
154.1188	45.3174	320.9496
105.3888	98.9066	357.2470
89.0009	60.9437	519.1995
23.7887	51.6935	268.4581
4.1973	103.8238	368.9920
123.2294	146.6871	371.8429
7.8506	101.1971	226.2971
75.2574	124.5706	364.7796
3.0516	2.4343	346.2875
163.6564	144.1065	15.6444
122.4281	55.2412	192.2078
35.0300	19.8480	504.2540
117.7003	23.4546	197.2548
139.6199	73.7534	105.2575
131.4417	71.0752	377.2893
16.6027	132.6193	540.0553
73.7397	76.6773	104.5739
163.9073	93.0894	444.7533
82.7010	103.8382	234.6125
144.1511	66.6066	400.1540
23.9962	128.3708	178.0427
57.3980	144.9540	503.5132
55.2807	147.4404	436.7183
17.1312	68.1462	231.1580
72.8129	150.5366	144.5482
82.9770	105.0890	347.9350
51.1874	130.8462	68.2780
76.7323	0.9643	502.4016
152.2575	162.6407	468.3382
13.5342	20.3858	391.5924
87.4155	139.6687	470.6097
41.3932	98.3589	283.8439
108.8980	165.0163	28.4170
66.7574	29.4044	357.4005
106.9314	54.6065	433.3997
133.7038	101.3769	177.4079
15.9326	30.5179	481.3790
6.5179	120.0307	484.7820
151.1184	52.3841	579.2723
42.0895	152.3445	315.3274
122.7105	156.5925	477.1160
87.4206	124.9012	15.4607
102.4254	138.5239	67.9639
65.4426	70.6645	444.5650
12.8391	86.3262	532.7992
85.8720	141.7716	566.7218
102.4863	136.8526	122.0785
163.0879	40.3907	506.0044
38.1432	142.9198	180.6962
72.4554	58.0809	320.0527
83.2490	98.8090	234.3178
77.1730	127.4421	365.9842
79.8416	68.6596	282.0677
147.3602	130.1768	244.2195
84.3855	82.4825	212.7323
83.3890	127.3627	434.6300
4.2849	12.7504	236.5764
60.7969	123.4857	295.5832
75.6385	151.2052	233.2736
165.7420	130.2282	123.3921
153.4189	73.1610	139.3037
87.3935	38.6358	511.7887
142.3885	79.8632	151.2545
145.1274	144.6705	352.3925
50.6556	25.9673	223.7636
132.8302	138.1832	513.9037
53.1833	133.0419	592.9784
82.3511	10.9314	252.1093
144.2824	127.9006	240.2573
20.9281	80.0931	587.8163
162.7425	131.9201	171.2498
46.0495	27.4670	489.5486
79.0482	107.2488	447.4448
77.0217	15.4262	525.0967
135.0604	161.5528	202.5843
17.7183	61.1529	195.6527
86.6727	35.8095	408.6661
147.9659	26.6084	464.3053
44.8025	10.0294	78.2593
17.5959	24.0612	471.3301
140.6341	46.7476	530.9929
69.0619	108.1498	398.6500
4.7927	1.4094	409.1618
146.5283	107.5909	303.6060
140.6911	12.9744	556.0247
43.3276	31.3753	407.0546
143.1586	119.9749	226.1916
97.2545	19.2595	262.9897
118.2838	21.1605	252.8678
13.3054	32.0474	404.2367
98.0812	77.8341	375.2857
130.0333	89.7363	19.0837
102.6349	118.2395	510.6816
105.2667	36.2909	400.2272
39.2082	149.9494	589.2380
168.3715	18.0653	352.5335
52.5562	57.0934	515.0572
8.3923	131.5976	412.4770
34.6651	149.1011	53.1039
79.6421	3.7117	296.3867
58.5253	68.9699	287.3878
130.2696	50.2312	529.0372
68.7068	85.3409	541.9138
5.9122	3.0841	523.0678
121.2516	59.3462	240.2315
61.3118	130.5606	32.6343
152.0629	46.4817	69.6663
145.8735	76.7500	278.5502
32.7864	30.0483	355.5349
159.1675	158.4727	300.2328
5.5181	129.4272	440.0863
142.2828	11.9737	140.3091
8.6570	7.8418	502.6590
106.9397	112.4839	244.7369
42.8631	43.3846	569.9198
77.0970	62.8985	278.5736
127.3069	21.4637	543.3787
89.0175	166.1425	369.6254
5.5362	90.8074	546.7305
111.3787	41.4227	102.3058
113.8062	164.5059	147.8929
161.9509	85.8420	588.3652
153.0093	45.4429	357.3194
1.5795	101.7461	298.5433
33.9442	93.7045	175.4506
78.1391	2.9854	131.6430
12.7913	67.2754	327.8935
72.0200	140.4747	312.8985
137.8843	27.7558	544.9485
34.0491	137.1461	117.4262
16.7195	154.3399	556.2830
120.2177	84.2331	140.3277
108.6462	138.3111	267.5424
64.7984	125.9429	248.4386
102.0483	40.7187	589.2894
73.9048	151.4997	413.9247
56.5208	42.4254	65.0654
92.0466	98.3162	587.7738
38.1519	52.7508	401.2188
117.0774	103.6568	3.9537
133.5066	21.8245	124.0936
31.4526	23.0146	458.1754
37.0570	52.2623	204.4037
73.0315	25.1209	11.7696
87.2313	84.5123	109.8356
61.9996	124.7785	386.6216
70.6175	49.1370	405.1173
64.9361	59.4795	404.7122
166.2307	136.7241	317.9075
110.9549	32.8106	185.1165
22.7518	76.0724	39.6000
6.5815	98.8109	86.7768
32.3257	158.0555	61.3470
156.4746	77.5964	405.0995
135.6668	0.3728	512.7424
54.1808	90.0496	469.0950
158.4159	67.6997	76.0284
34.9874	46.0327	418.2084
35.4545	101.9862	310.4192
30.8383	105.0850	537.2011
110.3643	126.6199	291.3864
117.0741	109.4896	76.3621
140.3825	144.7230	366.5343
28.4817	24.4422	260.7325
30.1141	18.0474	190.5484
32.6171	102.0122	171.6420
114.4432	92.1848	423.1665
24.4937	81.5178	433.5713
86.4751	70.4700	230.2359
125.3182	108.8702	418.5000
104.8254	13.8136	348.4330
71.6941	107.5830	112.4981
37.1367	120.8113	64.0042
149.9420	76.1682	162.8975
83.5873	41.5095	283.8328
15.0583	25.2340	46.5998
121.9683	54.3648	557.2831
95.8057	33.6730	281.1806
92.3083	144.3400	331.1457
113.1806	131.2232	24.4455
105.2651	5.4094	539.7003
123.4586	7.1047	349.7556
142.1397	161.0014	437.1371
118.4107	56.0617	571.8777
34.3308	15.8825	383.7030
13.8425	61.2932	245.8126
165.2385	14.1379	584.5300
61.3169	7.5425	11.5896
107.7310	50.6759	566.5215
61.8509	67.2546	345.3827
167.7157	89.9358	0.3239
91.3139	84.1947	530.5091
165.0718	145.2063	243.7301
91.4365	70.6523	390.6514
147.9171	147.7727	127.5234
67.5903	164.3443	23.9364
127.8846	152.6498	418.6628
111.9005	148.2997	98.9392
144.1283	104.3218	517.4668
57.6821	20.2543	235.9316
21.5691	119.5640	552.9812
108.0963	35.2643	473.3295
66.6360	127.5677	407.4416
90.4465	92.0738	243.9799
30.5158	86.3643	413.4863
15.6035	23.0242	581.9016
96.8722	120.4932	35.8097
93.6262	80.2223	490.3334
60.5177	146.3918	135.1174
129.2314	130.3728	169.4843
76.0364	144.5617	503.1649
146.5164	111.2290	444.4585
16.3048	168.2014	450.7440
57.1695	4.8198	428.3412
35.5019	11.2347	384.2344
164.7566	141.7222	551.2157
14.2913	101.1925	340.6988
144.9607	39.2546	512.7996
148.9160	0.7502	102.9411
8.4512	150.3380	266.3011
90.2066	37.0715	276.8228
127.0886	107.4282	275.2253
163.6823	54.2158	186.6237
59.5299	119.9895	584.9929
113.4080	158.9827	294.0611
7.5915	118.9331	519.0858
80.6049	77.1031	559.1136
103.9084	157.8438	565.5246
35.2836	22.0396	76.3585
159.2844	167.3248	423.6667
27.6215	16.5970	96.3896
98.4226	32.2103	132.0831
96.4118	80.9041	306.9964
144.5155	59.0704	170.5574
86.5582	63.0192	304.6072
19.0310	72.3475	405.2451
18.3918	95.4925	28.8992
162.4235	96.4942	153.9357
150.5241	60.9446	60.5056
128.6605	8.0381	550.6909
4.1861	61.0917	469.4546
20.1443	80.7816	229.1202
56.0551	121.0228	262.5620
6.9301	105.5029	434.8499
80.6885	106.2171	155.2051
104.6385	148.8035	63.5411
97.5844	96.3109	203.6200
78.5928	119.7115	17.3877
98.5481	166.7725	241.6875
10.1906	127.2811	588.4871
53.3364	125.2892	275.8595
0.2907	48.8228	413.1263
40.7110	19.2783	564.7091
154.2132	95.1132	296.7217
12.8164	163.6761	524.1916
71.1472	139.7561	521.5802
167.9620	144.5673	214.5812
43.0247	91.7636	512.7282
91.2657	3.1659	41.1968
142.8185	132.9705	12.1461
76.1684	75.5466	80.1173
111.2202	54.8904	97.4313
166.6787	12.9439	387.3826
7.3616	89.1150	121.4497
168.2247	145.1150	235.0179
20.6339	17.5293	547.8971
61.1560	70.5560	382.0092
90.0173	5.4139	108.4458
137.6670	92.7512	311.3437
57.9323	155.5167	267.3718
91.7138	24.4839	24.4080
7.1722	40.1040	209.6643
144.4560	119.2279	14.8092
148.3777	5.1443	93.4923
7.8620	97.7059	144.2592
107.0026	66.9957	10.7292
163.8382	4.2072	462.3661
103.6343	42.2582	50.5940
89.9943	63.5807	368.6245
152.6222	113.2458	87.5608
27.9037	117.7649	467.1815
87.9993	62.7985	409.1650
2.5222	99.1450	454.4655
114.6862	116.5962	44.9710
48.2620	16.0036	183.2590
121.4051	24.7914	226.5151
130.3566	43.9977	556.4924
3.7658	109.2236	293.4386
58.8280	77.9637	402.4767
122.4345	34.4957	365.7864
63.8997	167.3612	158.4369
43.8528	51.9056	180.7977
98.9501	121.2134	336.3771
113.5116	159.1091	244.7113
100.1527	36.4073	530.6461
69.9742	31.0916	274.0361
83.6706	80.9240	438.0376
111.7185	139.0393	352.1272
74.3577	58.9700	312.2191
125.2984	9.8199	344.7838
84.4693	11.1490	475.2336
29.0109	84.4692	26.3669
8.1754	86.4801	277.0723
17.0230	103.5877	593.7463
130.1041	42.9650	40.6529
16.2460	62.5521	293.6320
121.9791	67.0936	397.5585
17.5021	74.5971	284.4221
107.6738	145.5940	512.5308
164.2545	146.3892	197.0401
152.1513	136.5707	399.5305
87.9032	14.6089	30.9100
39.0166	120.8638	298.8298
86.3897	105.5924	501.3219
10.8048	54.4986	353.8125
83.7550	141.2299	106.2968
167.0690	92.6403	10.1347
74.1469	66.8948	74.8354
112.5426	146.8896	522.9744
7.6786	40.6181	239.4310
120.7476	46.4226	426.6470
48.0345	43.0169	501.4440
113.6298	79.2969	376.7660
113.0423	72.7791	555.9026
86.2573	114.6630	371.7753
83.1220	138.5094	322.2001
168.3311	145.2169	43.0565
28.2576	69.6134	366.8652
117.8537	150.5607	458.4632
4.3067	119.5477	560.0573
78.7018	8.2538	367.4161
57.5581	14.7893	426.7061
95.7411	130.4029	433.4996
119.1406	168.1894	399.1218
49.2071	132.9096	533.7573
111.7265	119.6382	397.1592
121.9611	75.8014	145.1539
168.1167	130.6470	137.0330
9.1459	20.0674	402.5282
14.9584	1.5993	547.9566
154.0306	20.3226	318.5550
144.9422	11.9901	165.4166
37.7161	151.2338	21.7574
146.5271	72.8662	45.2863
17.8522	121.6748	59.5351
133.1084	142.3426	286.6350
62.0556	70.2493	265.7340
21.2310	112.0336	54.6765
126.1221	133.2388	441.0132
64.2367	89.5663	514.5667
128.0102	0.3948	199.3700
83.8031	2.4143	501.0274
110.9538	5.6560	202.2829
109.7425	64.8261	189.4486
167.2293	167.6255	394.3783
122.8010	120.1796	2.2749
28.3711	15.0231	356.7145
54.3936	80.7811	391.6417
10.8352	65.3607	327.6772
8.0615	37.2585	363.4584
11.5912	131.2236	193.0463
23.6326	74.1662	322.8426
91.1380	119.0166	340.6107
168.2759	10.3427	92.6108
125.7210	97.7466	401.3577
167.4281	36.2063	401.2959
84.3278	44.4474	550.1217
21.4179	140.1283	223.9424
163.5489	43.7123	65.0090
141.2764	88.3196	132.7229
15.1742	21.4826	501.9704
33.5774	46.6135	103.8898
85.3634	84.7187	121.5179
106.1830	158.0263	273.0944
85.6653	88.0860	105.8456
53.3676	9.3765	173.2046
49.7354	23.6428	45.0570
32.9148	7.6657	147.3302
135.5304	3.4207	370.9010
126.3392	104.3520	365.2816
128.1147	33.7502	475.4888
156.7344	128.9996	130.9116
102.3285	107.7432	399.6641
125.7475	122.8543	351.3070
137.6347	43.3671	36.9761
135.1876	82.4576	139.6247
62.5689	164.6766	427.7799
1.6670	102.1951	26.1917
124.3136	33.9751	129.9560
77.8736	15.8658	161.8011
133.7513	91.3005	556.0919
60.2684	26.4603	182.7789
23.0518	69.8859	36.0653
37.1842	109.6093	47.8891
96.4089	111.3035	219.6501
158.4704	55.4983	44.6433
144.3511	106.7171	71.8433
55.5225	58.4848	26.5388
116.2348	36.9464	471.0570
51.8072	38.6203	275.8048
14.0578	92.7685	275.8035
4.6061	60.8366	88.3902
54.1543	136.7069	384.0432
109.2206	46.6849	419.4808
53.8599	160.3982	57.3846
162.8750	123.9205	387.4357
44.3788	84.6091	353.6746
9.0695	127.9021	543.9185
80.5426	143.0129	225.9156
32.1589	140.0078	453.4200
130.2636	136.4187	188.7485
49.5227	50.8991	191.8448
43.0271	91.0577	163.3221
29.7389	8.7614	253.4711
113.7019	40.3626	316.0314
111.4155	158.1699	267.6058
96.7080	144.6751	15.2114
165.3526	65.4127	353.6888
105.4747	51.9774	196.5080
89.2867	87.1406	116.0751
146.2454	93.0021	156.0832
131.7031	18.1839	471.2714
73.7944	62.7385	239.8664
62.9127	139.9457	353.4462
129.9822	47.0009	333.4091
22.7970	78.8050	200.6676
154.1627	43.8448	72.6571
106.3735	21.3542	82.0682
147.2417	15.3701	342.4499
108.6102	3.9104	222.2978
113.5263	138.6734	89.9761
47.9627	42.9536	21.5414
45.7700	117.2154	533.8009
164.2941	83.5648	436.8639
49.6447	2.1339	275.6597
102.9736	76.2552	212.3856
31.1550	41.3638	368.1972
129.3032	44.4928	580.4737
65.1406	83.0914	546.4196
45.1714	129.9028	276.9202
141.4632	85.9061	185.0457
58.6496	145.8384	593.1467
61.7767	148.5759	57.6429
124.2120	123.1164	414.4831
132.6425	7.0639	341.1825
109.2597	102.6130	27.4480
6.3801	83.1475	219.6298
59.8346	87.6744	287.0556
63.9695	147.9397	84.0959
77.1469	153.2127	121.8599
19.8763	15.1083	364.1008
37.6475	148.9213	223.7009
48.8332	34.3502	180.7066
162.5069	123.5853	348.5965
30.2957	117.0593	3.3129
72.7362	94.4272	22.3497
102.2299	131.4811	441.9985
88.5946	36.6646	14.0308
9.6426	19.4762	584.1470
7.9788	88.9521	208.6887
12.1424	87.0787	314.9002
50.8286	153.6480	236.9179
138.4964	102.2721	391.7921
75.7901	7.1789	71.9696
133.2653	47.4093	114.9423
11.9656	130.2064	292.9375
13.8725	84.8727	95.5960
37.3474	14.0768	110.1769
58.5358	125.1841	401.1037
75.5226	159.8910	580.0372
38.3569	144.6783	415.4109
157.1796	157.1007	15.2783
143.2479	9.5523	372.1996
122.3943	94.8632	237.8384
165.1879	140.9476	5.2842
102.2229	75.2716	165.7749
159.3907	25.6271	107.4153
77.1653	46.3619	444.8131
160.1505	81.1070	557.8588
146.0546	16.6488	8.3406
53.0470	25.5628	261.7999
0.5182	46.9146	5.3669
52.5452	108.2991	26.9095
68.2469	136.0267	54.3454
78.9430	38.1450	459.1467
80.7684	94.2661	210.1626
157.3112	10.8636	370.7893
22.2738	162.7751	459.5244
47.3673	10.0486	88.2025
101.0667	98.5789	434.4403
63.3777	118.4845	405.0355
117.2250	19.1022	317.9255
162.2344	54.9692	407.6689
149.9276	74.1357	482.2112
118.7256	12.8155	321.4395
9.3078	24.6828	283.4634
99.9887	120.9718	114.3536
88.7463	128.8395	224.3668
20.9609	2.2469	395.9422
65.0795	38.4101	70.9845
34.9157	61.8046	150.1563
90.1320	74.7645	405.5954
4.3823	113.6685	429.3497
133.1576	21.1851	100.3043
155.8341	114.8248	15.1122
115.5352	29.0378	457.3661
36.0809	128.9290	229.5555
71.6866	76.1289	146.7741
34.1685	69.2045	55.5707
24.8770	163.2673	435.8082
144.5719	100.9911	363.6283
110.1133	92.4031	294.9372
103.8297	58.8158	33.7439
166.7998	135.4176	588.1412
74.4808	21.3150	467.9087
151.4651	67.0574	84.7497
98.0322	14.3879	145.6814
8.0925	7.8632	65.6944
36.2950	62.5755	48.8742
23.0277	155.6361	502.6982
114.3647	134.6766	279.4859
62.4206	115.4260	436.6074
115.5825	107.1189	436.1770
129.9908	91.0664	191.7461
78.1927	77.4554	294.7909
33.9972	94.3242	348.8547
151.3876	167.6715	71.9628
102.0155	152.8257	45.9413
67.6744	19.4551	402.7076
157.1153	64.9547	243.5366
33.2102	44.2600	11.4465
167.7242	139.7638	228.2549
95.3857	57.4578	312.6439
65.8613	31.3418	70.1853
39.9006	70.4277	433.3633
55.6654	84.9860	338.0899
142.7499	86.9235	405.5064
151.4440	2.8417	86.8373
21.1867	96.8454	51.8383
167.1000	93.9288	464.1503
25.9040	123.1024	264.9697
92.2999	20.4467	188.1934
110.3102	111.6621	76.1049
131.2911	57.9070	391.1217
99.5668	23.5092	158.6374
77.2298	45.7498	386.4398
69.5093	106.4233	428.7726
145.2945	117.9420	322.3817
5.3283	131.0807	513.4821
17.4318	53.7422	77.5678
40.5402	75.4233	126.6829
97.7833	5.1797	212.9095
66.6207	126.7861	553.1199
121.8238	81.0786	193.8347
114.5932	119.2607	581.8111
65.9166	37.3338	221.5866
152.7821	93.7289	250.1320
157.6909	45.6964	3.1828
156.2417	112.1093	228.0094
37.6195	10.7949	146.1005
107.0487	130.3376	356.4723
123.3850	55.5413	267.6307
22.3776	145.2308	250.1492
139.4784	19.9277	497.9629
129.6054	129.3338	339.7485
87.7977	27.0805	152.6326
107.1903	144.6808	151.1740
149.2507	10.9620	412.8824
71.0637	151.7746	476.5608
17.4144	8.3866	225.5838
19.2368	137.8909	502.5210
99.8492	165.1452	91.0842
130.5991	147.9449	570.1539
40.8880	1.7564	30.6076
50.5419	82.7314	460.6459
12.8735	92.6063	342.7065
7.3365	83.7917	159.4157
31.6000	143.2576	419.8946
111.1500	114.4470	81.7079
31.7108	146.9375	472.4132
99.5294	154.4728	197.8352
40.4532	4.6298	303.4357
128.1153	86.3904	99.6524
79.5198	30.2897	89.5825
119.4888	108.5662	143.4094
109.7836	6.8756	104.9912
102.9313	159.2251	266.8408
168.1069	124.7074	76.2930
78.8247	74.5504	558.8832
122.4312	34.5895	256.4013
144.9791	94.8030	95.4728
90.5444	55.8841	154.0679
105.5999	117.1904	448.4410
66.3047	162.1541	452.2199
152.9250	125.9059	57.7061
25.4599	64.9645	476.4254
44.1135	88.9627	298.5076
104.6306	117.0829	11.8866
157.5959	66.8944	371.3845
3.7410	51.6114	77.3515
130.0153	40.1228	561.8161
52.7829	37.2116	498.0929
115.3543	125.2622	351.2488
81.3658	163.6843	95.5329
65.1517	107.9678	527.9810
38.8510	49.5304	268.1157
39.9218	68.6725	538.8084
81.6489	40.3493	56.9653
99.1670	8.2051	157.0359
86.3853	40.0029	426.9298
127.6271	72.6007	81.0000
16.1134	19.3646	577.5434
79.9818	133.2978	278.7133
43.0744	1.4046	268.4620
153.7735	135.0339	225.9786
78.9669	1.5339	69.0679
49.4832	159.3343	157.8824
137.7389	161.0298	357.6418
1.7753	53.8225	265.7225
56.2272	122.9030	290.5900
45.7317	154.7980	108.9065
152.7221	102.2077	355.7718
53.6420	102.3666	487.3032
151.7441	47.5763	250.0917
137.9692	16.7173	516.3275
56.1626	124.6772	521.0111
14.3092	154.4621	540.1954
7.7327	20.2616	237.5757
23.2068	128.6414	585.7354
126.8168	134.1081	300.5752
114.6975	132.7891	173.8419
94.7471	141.8558	149.0754
66.3536	166.5892	41.6732
114.4751	3.6794	307.7132
71.9403	89.1611	464.3944
59.3309	166.3837	343.0824
75.2318	84.5305	270.2214
125.4583	159.2815	156.9813
136.6840	125.1548	307.7324
10.2895	79.9931	92.9376
150.2762	94.7627	223.3428
167.1221	166.3024	153.9410
97.3855	84.9475	583.2710
122.2074	145.9463	485.1390
23.8323	98.3129	305.4374
84.1728	122.0656	502.6375
135.9570	161.8069	4.8279
86.5325	83.1503	158.8117
159.5066	153.2160	85.4223
154.8774	132.7872	349.9354
104.1500	101.4091	334.1135
131.0170	50.2567	552.0218
152.9669	27.6399	113.4495
163.8185	81.5397	396.4140
121.0835	151.9086	493.8675
106.9095	118.1742	406.9981
12.7732	76.3741	251.0862
67.3200	112.2207	346.4167
72.6104	40.7455	246.1037
132.8718	129.2487	510.7728
37.7335	54.3701	203.6859
36.6842	121.0637	31.4630
140.5772	79.5910	171.1529
62.9053	23.0424	530.4524
103.8004	13.1529	139.0676
56.7553	35.3352	534.8471
83.5515	126.0580	10.1140
137.4754	21.1039	571.9278
7.0357	61.5165	264.5676
152.7545	89.5292	359.9519
32.1479	82.5517	105.7756
126.9655	164.8837	352.2813
147.2703	12.3599	484.0902
86.8043	104.4001	588.0067
35.2157	58.6248	449.1217
162.8870	68.0944	42.3684
55.9539	103.8272	69.1246
118.6805	85.9174	387.2623
94.9996	8.9511	378.1348
101.7246	121.2649	390.6997
139.8335	146.0909	493.6986
81.4515	24.9327	470.6993
68.0610	163.6838	349.1966
91.3695	63.9212	276.7100
131.4596	153.2722	393.1433
55.6300	116.7329	580.1591
158.8180	79.9207	163.0184
161.1087	100.3764	62.2785
21.3357	114.3011	37.9795
6.8612	29.6740	447.7065
132.9846	164.0975	518.9515
30.7615	125.6792	337.9372
34.8224	70.6284	535.1649
21.4828	108.6486	343.7376
18.3309	29.2392	35.7643
70.8367	36.8391	307.6055
52.6911	125.8913	315.9718
71.0830	162.9750	444.2464
91.9248	36.3875	326.5150
45.2423	17.0509	105.7504
9.0952	103.2951	150.4265
91.3632	112.9273	379.3849
56.4005	137.9300	270.4487
166.3635	69.8726	116.7619
91.2963	116.0597	274.7597
18.5919	38.8657	100.2169
98.2538	81.7409	56.9612
94.0305	154.1667	413.8019
100.5664	30.2785	25.3311
71.2044	9.8417	376.5793
55.5374	109.6770	512.5531
21.8867	147.0288	512.1995
47.9387	158.7961	183.6544
15.0577	27.2557	505.6354
40.1911	45.4302	67.8810
17.9861	13.4134	472.8155
137.1148	156.6896	332.1957
58.1725	32.8744	204.1611
65.6220	45.0442	565.2429
129.0902	43.1032	312.1501
164.1710	124.0284	249.5544
27.6318	121.3980	510.9024
149.2053	43.2064	31.0347
43.8733	107.1467	59.9957
67.3904	60.0495	260.6871
110.2350	62.2331	456.7711
89.9511	126.2327	372.7864
132.1791	160.4261	533.2446
160.6618	143.5374	578.3844
154.7394	58.1096	329.1712
154.9475	45.2030	405.5585
81.6004	44.9027	480.4290
10.8610	67.5432	266.8897
121.6714	117.8427	525.1915
80.2623	67.7032	292.7280
161.2318	49.7050	542.4843
144.6892	39.0290	129.5099
142.2499	99.5975	192.9966
141.9802	68.5651	536.4510
50.1999	90.1536	158.7002
14.8284	135.2504	6.1834
35.5839	41.1110	27.9292
104.3346	32.7468	29.3667
65.6136	105.1775	143.8487
12.1262	35.4047	49.6713
166.8773	127.3579	568.5113
52.9489	146.8193	204.3651
0.8986	24.7239	344.9559
121.8769	15.2678	209.8508
140.9668	126.6032	58.5024
36.7567	144.2299	47.7923
88.1930	63.9644	283.7239
107.0049	90.4995	561.6275
46.0822	53.7800	512.7081
68.9917	121.2258	440.4267
124.6493	161.8760	267.1644
101.0572	112.6688	39.6811
75.2474	101.0803	413.8837
57.7030	123.9747	289.8610
18.4439	135.1715	320.3515
7.4770	113.7476	529.2658
10.4287	18.2670	380.1503
97.1366	108.3018	32.4189
113.3363	113.3244	569.1305
158.8636	94.3936	563.5732
130.3870	46.1317	362.0730
2.2903	111.1806	432.6215
155.7281	3.2119	334.3145
13.9628	100.7674	257.9670
92.6935	7.5192	254.4073
30.3960	116.7164	77.4491
161.3420	18.0664	544.9798
31.1464	149.8869	311.9565
154.2642	75.0670	385.8068
100.0690	15.4512	296.2302
167.3974	64.8818	37.0511
140.1874	49.4952	267.0509
143.7551	96.8312	258.5449
151.7884	158.1538	545.4903
145.7551	14.3711	471.5152
31.8000	127.1139	505.8592
114.9663	53.3141	66.5547
117.0136	37.3310	141.0360
86.9069	100.0476	192.8469
63.9028	114.2401	428.6765
92.1009	70.7407	6.6064
69.6193	158.7693	261.7869
33.3586	54.6043	324.3750
126.0066	120.4911	261.3257
75.6776	59.0954	188.9881
113.5494	141.7306	129.9144
127.1525	51.3467	516.3500
5.4791	96.2767	449.0094
140.4830	38.8893	31.9218
84.5897	142.7949	224.2712
50.1901	126.6720	273.4577
95.0625	26.0058	11.4243
37.4285	92.9663	319.6495
162.9176	156.3476	261.8654
38.3417	96.4952	353.7317
37.4434	130.4650	543.6219
139.6543	4.5407	363.2456
88.9696	37.9681	579.8131
131.8286	5.2834	321.4830
104.8343	98.6726	552.7238
28.7695	153.3918	521.2157
86.1045	155.4482	440.1922
2.5402	13.1708	187.0880
4.7847	122.5757	414.3455
73.6096	66.2865	483.4795
30.9002	139.3479	127.0324
53.9706	131.0390	62.2287
20.0656	100.5405	267.7118
135.5052	103.1719	189.3671
107.0072	139.2544	156.5444
146.8522	148.5770	361.2931
26.4912	152.2312	542.9737
152.0072	132.6580	587.1265
113.3350	93.0928	154.9780
50.0155	23.6864	121.0159
13.5292	0.5925	543.5939
50.3006	75.9144	462.0437
115.2957	110.8624	138.6487
119.8975	18.8225	69.8357
168.3847	95.8673	590.7991
42.9420	13.4020	164.6755
147.2407	116.6790	126.9344
40.4377	84.6926	226.9038
67.1886	137.5956	506.8628
14.6959	14.2804	105.1093
12.6513	148.7671	444.5221
118.2304	123.5734	50.6878
164.7464	111.1679	65.2819
97.6842	134.4390	30.5932
10.8617	118.0020	548.6408
61.0844	91.0113	285.2054
35.5210	103.0649	115.8356
94.3634	64.7406	193.5592
146.6080	54.4368	471.2361
151.1308	122.9101	404.4041
124.2486	9.5322	196.7277
160.5778	83.0538	144.2816
85.6517	32.5132	234.7813
19.0520	90.0728	122.9547
105.8755	117.8475	265.0714
34.3879	58.9810	242.3679
7.6907	139.3000	53.3242
117.0300	137.8660	150.8734
28.8712	115.9188	396.5036
46.4292	55.0633	499.3040
4.1109	55.7306	354.4270
26.0924	56.9352	431.7820
167.4422	143.0159	160.5396
61.9298	111.5768	335.3543
79.2988	34.5090	153.8874
45.1853	6.2804	460.3409
14.4261	27.6878	129.4023
70.9839	36.8721	371.9300
16.9720	12.3456	308.5221
143.3672	77.8863	348.2529
155.5922	123.7837	506.9236
70.2948	167.6893	214.2172
47.1950	122.9739	581.6437
34.9628	36.4881	67.2235
125.9003	125.2519	205.3585
110.9420	60.4473	176.5740
113.8282	130.1790	511.5967
94.6874	32.5753	124.4341
151.6722	82.8313	178.6809
12.8660	144.0434	419.8880
83.5051	48.5028	91.2294
142.4318	45.4196	579.7331
163.9116	61.7984	114.7665
107.7026	92.1955	246.3290
139.7086	159.0915	456.0530
4.2303	58.4831	2.8844
141.0184	152.0135	208.8878
68.8266	134.9046	178.6743
16.7513	120.2844	67.9100
20.3586	25.1719	240.1562
30.4808	86.5374	552.4949
13.4345	13.0761	99.1845
13.0361	21.5106	130.1797
145.4682	52.3775	334.4722
78.7692	138.4873	415.9600
60.0734	142.5510	2.5507
162.7404	48.2445	265.5833
151.5416	17.2490	454.1404
35.9058	85.9034	296.4469
26.0971	81.7291	88.1423
1.1532	79.3541	146.6303
34.1542	103.3702	191.2301
157.7142	160.1101	75.3328
158.8169	139.0892	124.7041
147.0793	31.8104	318.3684
34.0697	143.2924	199.5489
21.7021	37.4358	97.3237
19.3710	123.4769	365.9631
44.8025	10.0294	78.2593
95.6270	140.2206	582.5804
153.4979	11.4170	486.6628
157.6847	37.3002	321.5530
114.1598	102.7950	253.5801
141.9986	155.5847	562.8271
41.3407	108.0718	479.3871
58.5670	101.0585	509.0942
17.6136	104.6751	200.1243
159.7432	85.0667	259.9529
46.4570	83.6465	347.6696
29.4263	163.8858	147.8610
72.6562	156.0795	394.2272
4.0176	111.2711	324.7502
163.1467	61.8853	53.3202
83.6681	6.2207	432.5220
159.5743	97.1476	436.7802
20.3240	46.0781	43.2555
7.2462	72.0358	128.2776
97.8631	34.8549	74.0938
26.8027	29.4250	532.0721
161.1970	131.8709	72.2255
79.2425	157.5654	398.1287
97.2021	120.9910	489.7604
84.5476	65.2153	275.1654
92.5176	43.9126	488.7121
25.7938	142.4467	547.8072
157.7022	35.1086	196.5808
139.0079	36.7245	143.6639
132.5869	89.1973	462.2606
26.5025	76.7734	138.3412
84.8133	167.4292	248.4998
66.0034	41.4828	528.9312
142.3444	41.2646	166.7393
94.7195	184.8347	498.8000
79.9962	28.5142	317.9559
100.5087	45.3689	45.5885
19.6437	166.7727	256.7133
75.7698	162.8266	420.6527
19.1010	97.1521	320.3492
61.4407	54.3618	293.3132
119.5249	76.1945	316.4324
34.1954	12.0352	571.0451
153.5700	20.2878	588.0166
104.6798	103.7183	166.8139
136.0608	87.3970	363.1902
108.2914	145.2014	327.4565
15.0746	113.7497	500.4703
56.9686	117.0136	390.5768
129.1606	7.7735	520.2032
93.5849	31.9064	144.9970
89.3955	52.0556	361.3842
34.0545	67.7889	20.2190
156.7619	158.9547	65.5413
14.8499	63.0955	251.0609
137.6190	51.1218	96.7629
22.9849	88.3391	26.9101
78.1090	36.9096	235.5757
3.0338	137.3741	481.8281
82.7641	68.8361	331.0424
104.9509	133.6207	375.1755
117.1183	153.7421	403.9752
104.1668	126.5946	396.3393
29.3865	50.4963	254.7633
120.4208	139.7340	366.0293
118.3566	9.7687	403.6627
144.3655	144.7965	362.6221
49.4001	119.0835	540.2652
127.2697	3.1989	559.9084
158.5245	133.8721	295.5523
115.1166	115.7713	193.4156
93.8540	1.6270	547.0628
71.4651	77.9591	117.0885
73.0241	56.6187	572.4162
148.2082	81.5852	157.7062
69.3366	2.0373	475.2603
162.7562	1.1084	203.4002
6.3797	144.5047	322.5499
132.4793	136.7751	526.2920
152.1816	113.3859	329.9230
130.3595	157.8190	216.8020
77.4656	157.4535	440.5107
100.1153	74.4705	90.0117
140.9711	131.1138	574.4620
58.3471	2.9976	133.7939
67.3514	126.2053	61.2177
150.4653	2.5525	342.4298
98.6763	54.8773	570.4444
167.7173	17.2207	314.8539
11.4511	150.1621	533.5566
125.6678	32.6268	24.8305
148.3019	161.0422	460.7807
7.4707	53.8353	285.9024
21.0871	120.0870	320.6806
20.4347	147.4316	299.2033
126.2349	131.6415	452.6975
159.2188	46.6004	275.8000
99.3280	57.6016	367.2707
124.3639	60.2310	501.7745
49.3257	24.9176	159.9607
161.0357	101.0351	387.1608
79.0830	30.6021	28.3006
144.6735	137.8439	371.7570
120.5392	86.2505	134.2028
24.4897	133.2542	217.3321
71.9461	110.6584	312.0491
79.6736	42.7942	412.3085
146.3381	74.7017	205.6226
36.0120	118.5634	286.9763
2.7089	138.7837	473.6966
27.4119	79.9078	151.2300
7.7903	43.1459	357.1123
91.4762	22.4806	159.7379
85.5361	51.6894	325.3764
103.4724	162.5123	35.4837
123.4461	45.5110	478.5320
133.6091	67.7476	80.3231
70.8152	138.3609	350.7342
112.0238	0.9030	234.2677
83.1680	20.7255	436.3397
44.0185	54.8425	118.4443
80.6602	111.7668	169.6698
117.2245	42.4237	76.0824
61.6147	131.6503	328.9161
21.5386	11.7085	541.9582
128.1222	164.5866	236.8135
71.9183	104.7831	6.4820
113.6127	39.4378	283.1427
104.4561	33.9342	123.8513
91.9388	5.2117	197.2878
2.6154	46.5601	591.9547
114.3822	6.3534	198.6620
99.5346	138.1925	239.2750
121.8829	75.7881	87.8734
42.2476	160.7049	0.3199
71.2801	46.8676	343.7445
118.3430	154.7230	523.3569
14.4183	162.5947	57.6968
60.7669	22.0182	129.1220
37.3961	1.0370	46.2418
60.8600	144.1175	329.8729
117.8472	164.2342	283.0407
138.3014	168.1765	371.4342
107.8093	163.1110	183.0432
167.3072	21.9657	305.0388
156.5071	144.0791	43.3338
40.4235	44.3115	33.7039
56.7458	5.1145	457.6063
101.5261	32.2000	253.3487
155.6451	49.6261	529.8611
18.6550	111.4399	228.8004
11.9656	166.6875	527.2838
116.3252	75.0744	317.2072
55.7166	83.1106	162.5828
3.1680	15.0816	145.2796
4.4559	147.3641	292.0812
27.0880	17.6508	582.3170
9.3106	89.9227	225.9651
120.8825	14.1850	72.9845
0.4027	26.5521	155.9990
148.2541	26.4947	293.9173
12.9862	125.8875	486.1218
125.0869	75.3401	213.8738
1.5930	70.5168	351.5554
53.1634	134.0151	148.1356
54.7771	57.5237	398.3195
80.2002	109.0990	581.9851
153.9592	19.7330	110.2617
51.2149	26.6979	241.2938
8.0901	113.6078	313.6796
40.3413	51.2584	128.8930
165.1474	22.5964	107.7435
132.9239	19.7154	512.4359
130.3538	5.6733	57.7544
157.3369	0.0030	261.3577
82.3907	90.0304	336.2695
149.4063	25.6720	224.3816
143.1807	135.8279	76.9763
3.9184	26.5385	402.2063
117.4312	147.9362	37.1648
102.7456	68.9033	260.4729
81.4531	137.9647	63.6751
80.8485	28.3718	30.8858
124.3424	93.4189	410.7344
35.8387	13.0161	224.8900
39.6372	0.8492	93.6114
141.1173	146.9092	83.1478
1.0119	163.4759	264.6368
103.0492	108.7213	448.5714
25.5707	32.0803	48.5171
130.2887	73.2307	205.7465
106.8802	9.1416	294.1454
42.4060	154.8682	318.2762
129.7592	29.2194	368.9732
45.3369	54.0929	25.5471
159.3336	26.4203	577.3681
85.6030	76.2732	181.2064
30.4732	49.0385	53.8936
64.2452	158.8916	331.1909
30.5131	142.1026	246.2680
147.5594	144.5258	297.8447
53.9854	132.0182	47.7382
136.2654	96.0874	488.2398
160.9495	149.9761	114.9595
112.8847	120.1630	241.8146
78.0605	112.0473	394.3307
82.9683	61.4857	289.9400
4.6264	39.6696	235.9621
14.7471	125.7936	187.3401
110.3794	98.3066	28.4920
21.1684	107.3562	513.4816
129.1479	118.6335	256.3719
156.7951	57.6750	71.3574
139.6293	52.8795	577.9337
3.7097	147.5521	433.9369
117.1190	148.9238	187.8644
20.5216	94.4817	64.6192
39.2430	50.5082	203.5508
168.1854	128.9400	366.6819
106.1902	104.5433	465.4569
121.8575	29.1644	202.6220
108.3820	53.0583	544.5495
74.8957	46.2476	322.6811
121.9712	144.6880	277.9215
35.4603	36.6522	233.0469
79.8219	130.5009	519.1290
72.1664	122.9919	116.0894
154.6273	9.5306	418.8570
23.5401	118.0531	551.2173
119.3194	144.9136	135.7232
167.5438	125.1419	67.3204
125.8987	135.0415	465.7793
24.0875	11.3672	483.0316
114.4519	98.3268	530.7701
96.9941	113.1243	589.3301
78.1248	76.1252	293.5894
132.0805	50.3745	382.2232
148.6427	165.0505	463.2637
156.6031	138.9960	246.4626
126.7064	9.8276	208.7111
26.2940	153.2504	411.1021
16.3892	26.6409	560.5280
142.8991	24.9263	314.2084
46.1963	146.5704	210.5359
63.0118	102.6684	212.6302
118.0645	159.6829	356.9247
167.2036	149.6666	105.1233
78.0054	90.8849	520.9018
87.5625	6.8906	369.0181
31.3090	122.7158	49.0809
8.6123	147.3757	253.5034
78.2747	0.0143	353.5667
163.5271	21.7174	334.5684
38.6561	158.0213	36.5435
138.8367	166.5339	353.2059
110.6882	105.0886	328.2030
113.3113	138.6703	429.4482
87.0797	153.2110	554.3082
7.7507	54.4581	166.8761
10.0223	29.6058	466.6480
75.5653	9.5744	125.6901
3.0268	114.4487	150.3860
153.5797	20.3382	242.5321
133.5118	38.3442	331.7651
156.7064	1.5166	504.3481
145.8213	111.2048	147.1082
108.4751	41.8185	358.2532
6.3435	57.0363	89.3427
6.6805	148.6485	239.8751
100.2855	140.7142	477.2130
69.6973	163.8841	465.7968
13.2661	156.0540	517.6789
54.2369	35.1831	322.8932
142.3158	32.0304	342.8138
47.4391	110.3809	189.7598
47.9855	30.8600	172.0543
137.7259	18.5041	204.8730
120.7897	121.0390	371.3898
158.4213	148.8156	349.1267
151.3086	126.5383	324.5733
37.3352	30.3811	112.2489
46.9496	146.3923	236.1716
4.0350	25.5134	450.7359
101.7081	52.0865	316.0846
92.7424	80.6066	404.0462
152.1129	78.5201	274.7568
53.0586	26.5775	311.8350
76.4358	139.4177	30.6915
93.4517	81.1753	207.2492
25.6266	159.3891	355.2588
140.5719	152.1247	566.4176
138.3183	28.4710	556.9632
145.5861	12.6849	96.0651
140.0620	128.6855	528.1758
10.7646	155.5451	77.2416
50.3688	36.7833	276.8366
30.7501	98.1843	232.1216
61.8263	26.0054	542.1959
11.1445	15.0708	427.7491
10.1326	74.2027	475.7370
28.5541	88.5935	460.4294
93.1518	110.5889	283.9991
147.9812	81.8335	142.6149
11.3494	165.2569	418.8390
134.8822	107.9120	277.5527
163.1160	98.9100	381.3752
118.9800	31.7386	283.5841
36.5091	1.8869	276.7543
44.9737	127.4197	204.4375
152.2427	146.1582	145.5127
59.4335	27.9362	65.4967
38.9651	123.0899	6.0111
73.0569	153.3850	443.8021
121.8485	60.1718	333.3640
119.6345	54.2985	482.1674
39.9363	7.0602	343.2375
104.8288	119.5884	402.8336
160.6449	127.1543	9.3753
20.4414	114.6241	72.5926
34.2674	101.2616	248.3118
53.3789	82.3124	453.2906
111.2451	2.3851	33.6402
59.1894	14.1407	179.8484
26.3720	2.8727	475.3418
125.5026	60.6258	462.6563
160.4302	50.4530	65.6070
149.1790	160.5534	325.1161
74.1511	91.4414	15.4954
19.1486	25.7351	527.5336
114.7785	30.3680	44.7083
130.6730	51.0702	434.9441
127.6050	49.4169	311.0262
121.1819	142.9322	101.6374
9.2729	69.1193	188.3118
140.0062	162.7167	582.1907
67.9943	139.3670	517.6213
46.1714	136.3399	583.8575
22.3031	167.6067	344.4459
20.3800	159.4117	464.6264
11.6352	32.8328	77.0980
64.3536	20.7028	59.3732
87.5862	62.0675	250.7481
1.0996	149.2244	278.2555
48.2896	27.7841	424.7325
153.7500	118.8276	39.4537
35.6884	8.2060	325.1944
87.1196	19.5904	438.8492
162.6305	149.7150	160.2712
166.5540	57.8557	235.7946
62.3285	152.4423	73.8317
70.5368	68.5977	288.3739
125.2450	65.4671	279.1383
39.8927	36.0393	269.3541
35.2705	10.9433	245.4438
73.6722	24.8320	102.7857
103.6959	129.3183	519.3399
9.3683	3.4810	407.4744
135.5134	72.3887	97.0484
35.5882	13.5422	175.4106
10.1105	95.5446	214.1348
47.9990	157.1388	395.9313
67.9681	57.1522	532.8742
81.3404	73.4267	134.1197
124.6411	87.9124	550.1420
148.1208	23.2200	187.4857
104.7684	152.6117	521.5995
75.0794	36.0591	307.5922
124.0071	41.9175	101.8935
6.9476	52.2717	358.0115
57.0417	15.6449	47.1396
16.7965	95.8876	114.5878
43.5964	133.0120	219.2790
19.4629	74.4858	83.2178
59.9668	55.5331	38.6437
30.6157	78.5041	247.3991
107.9043	120.0397	41.6358
78.2401	21.1061	529.4599
39.2734	68.7735	277.3745
77.7113	29.6163	100.9846
161.9351	166.8614	403.1407
165.9530	18.8450	88.8774
116.7604	120.7516	47.6793
103.3903	104.5453	165.7860
47.1273	14.7410	577.7473
32.5194	103.6195	35.9058
76.1024	33.6239	153.9921
13.9558	98.1378	330.4881
3.4684	129.1906	138.9035
90.3098	35.8266	422.0577
108.0284	72.8464	365.7387
157.1783	48.8363	418.5183
160.4457	44.6451	10.2048
106.6511	7.4740	101.9011
73.1043	103.4816	259.2820
117.0066	2.5085	517.3277
135.1774	50.8472	282.3474
35.9221	66.3977	152.6774
65.3551	32.3840	161.4673
109.1628	134.2590	212.8099
120.0936	28.3175	131.9985
103.6842	102.2046	579.0381
2.3582	141.6272	13.1088
34.6001	78.1615	117.5000
71.5739	30.3004	77.9853
125.3410	7.7335	200.1881
36.5361	105.6022	540.2930
32.8430	77.9104	517.4109
119.9298	118.3158	6.2215
118.2148	102.8691	145.0714
68.5103	24.7681	75.2418
6.3553	81.3479	226.7639
10.9394	56.9167	219.5897
52.1109	2.5070	547.0305
83.1007	154.8320	21.3076
114.4042	47.2861	155.2675
57.4427	125.7358	250.6748
138.5671	123.8123	202.7395
14.6709	145.9230	328.6199
78.2367	44.0272	514.8734
38.7705	120.9013	307.8624
122.0921	3.4978	237.6680
84.7466	162.0429	94.7581
80.0973	139.7025	45.0008
5.3770	70.6784	185.1449
164.9567	66.7041	4.6866
161.3253	128.8446	530.6088
72.7035	4.7468	78.6300
9.8269	33.2998	158.2873
34.0993	143.1797	388.7539
148.6985	58.3949	449.1075
109.1495	158.4211	472.7170
39.1929	96.4977	368.0821
110.8297	150.8419	569.7619
111.1110	1.1798	129.0269
74.3279	50.7007	113.9005
30.7660	79.3750	112.8372
123.3004	161.3907	266.6021
97.1780	65.5923	323.9868
136.7916	150.1091	29.5301
58.6381	29.4492	325.8051
40.1441	39.9176	501.9857
135.1323	91.5700	351.0085
15.5730	57.6493	491.6964
5.5573	143.5624	480.7645
143.9095	110.2472	139.4138
66.9704	6.7269	388.6333
131.1774	12.1450	151.3549
136.9871	88.9899	99.7606
73.3125	41.2661	222.9814
124.6897	156.6246	464.8790
143.5394	157.7437	511.1796
28.6180	152.1831	322.1712
120.8570	139.1250	153.1146
161.5113	36.7297	557.5499
138.7850	147.2002	215.1617
1.4149	110.6184	215.0892
69.3188	81.4531	536.3753
134.4420	54.0372	293.2617
69.4116	4.6592	567.3798
162.4927	168.0898	410.1685
136.4424	131.6179	303.5932
152.6991	78.4336	508.3394
146.5943	17.3751	305.2699
163.2319	46.6371	253.5623
159.4056	57.2848	154.4610
62.4328	69.4152	357.6439
36.0258	3.5161	519.3754
53.6600	1.4966	114.7495
67.3221	145.2481	302.6168
41.4267	129.1755	37.5433
1.5376	73.5278	333.2403
142.3601	71.0883	282.8398
29.5351	132.8343	40.8511
86.3207	164.2763	389.0055
104.9357	16.4254	436.0036
18.2205	110.4681	210.8888
76.4397	122.5873	542.4742
94.4189	101.9367	419.1484
105.8040	58.1232	290.4218
32.5005	2.2460	582.9781
33.6459	3.2526	147.9788
120.1723	132.6914	72.1785
151.3657	42.9685	283.0276
47.9440	148.4205	227.3383
22.1005	3.5039	439.4429
3.2521	91.7742	290.1310
20.4709	107.6981	64.2040
118.1255	164.0915	228.1773
123.3140	57.0804	194.8957
70.9191	4.5966	359.9935
136.9435	1.3931	346.3423
32.0541	54.9293	21.5065
89.2965	160.3771	71.2440
93.0251	72.4706	521.1515
9.8399	51.9790	66.2995
125.0442	55.7503	479.9018
60.9392	0.8050	532.1307
116.2604	146.6965	511.2607
15.6449	90.3438	15.7949
0.5827	15.0050	514.7378
13.4657	52.0460	100.3717
91.7452	156.1839	433.6144
164.1457	6.3785	202.4863
161.5518	10.3050	105.5668
49.1965	4.0250	282.3043
116.2592	151.6459	219.5319
146.1473	111.0653	28.3372
118.1107	12.0896	261.0930
39.7771	135.2528	52.1364
32.7662	123.5088	134.0158
53.0246	83.4198	143.9810
164.4555	30.8682	117.9451
106.6941	11.7582	168.0617
120.1583	24.3346	237.5898
97.9808	159.1193	15.2748
112.9898	0.3351	21.3669
45.8866	163.7940	478.5247
54.9837	147.7481	108.8024
124.8996	162.6720	192.1501
105.7851	33.6670	70.6557
78.9806	154.7307	437.5929
121.2383	5.5604	481.5609
56.4342	74.9541	331.9428
123.5343	35.7077	154.7758
162.0653	18.4227	540.8471
100.0978	66.3885	229.1062
72.2055	37.4091	124.4242
49.7260	43.8268	204.0366
145.6916	76.2468	498.7583
21.9962	104.5100	492.9372
126.6491	48.0042	477.2811
37.9211	135.2636	73.2820
83.2133	103.0611	402.7340
14.5592	51.9869	286.6254
13.1265	27.3066	53.9255
106.3345	73.8839	151.5747
131.9586	160.3909	490.7501
147.2917	2.7377	415.7115
81.4615	147.3783	578.2844
159.1464	109.3319	319.8811
134.4469	157.4835	562.5342
69.7941	97.2386	2.3464
52.7703	51.8842	118.1359
20.6832	139.0569	409.2950
144.8375	115.2816	77.8998
63.3814	41.8267	532.7629
114.4461	59.2488	489.6992
46.6959	43.6030	445.9057
152.3706	76.2920	582.9913
165.4546	23.4405	42.8667
48.5136	135.8513	46.1248
27.7083	54.9993	579.5610
71.6441	71.4231	526.1993
41.0787	89.5906	344.4228
132.5368	110.0965	244.4598
27.7886	80.6038	441.2215
17.2978	118.6536	547.2051
62.9664	6.9652	208.4780
135.6200	84.0162	397.0647
12.6508	103.2151	557.9886
118.3052	50.9118	117.5116
81.3942	9.2362	163.7056
17.4491	64.1989	190.7003
105.9544	101.4428	170.8772
1.4968	134.6005	139.4918
145.1611	150.6621	129.2993
94.3619	117.8660	364.4279
143.6946	143.6041	245.0262
40.2232	122.6776	152.7211
17.5610	79.7693	39.5937
88.3059	120.3266	105.8646
129.5127	42.5169	79.3268
114.4566	16.6781	588.4004
121.0213	42.3936	592.6226
33.8432	147.0772	93.3662
106.7051	156.7907	199.2814
154.4139	34.5687	380.5359
119.5789	57.9526	334.1767
12.3433	91.9077	358.9167
36.1486	130.5799	571.9715
74.7466	120.8127	205.3737
106.3206	95.3132	451.1820
121.6135	16.8900	446.8496
27.9526	36.2321	359.1346
44.3984	28.3422	285.3412
47.1825	88.3403	504.4502
120.8640	57.6233	571.1140
100.5389	57.3184	507.1821
96.7046	80.2423	465.3886
75.8018	63.5972	548.3857
25.7007	87.9230	285.4841
126.5529	6.2603	582.8619
139.1358	57.8455	366.7320
83.0033	5.5056	409.9224
29.9335	151.6088	564.5258
91.6917	23.2044	302.2525
21.0958	111.9566	323.8052
97.9406	40.6292	11.8779
9.4472	23.0679	491.5466
57.9008	88.6893	468.5336
37.5212	124.5731	329.8195
49.0851	87.7321	388.0046
160.1655	166.1906	38.3099
31.4184	50.4224	185.0761
23.9313	54.5063	480.4330
132.3100	114.7183	293.6787
0.5174	67.9708	342.2436
137.3480	106.5417	590.4792
97.8618	10.2740	323.2413
59.9485	138.5756	156.9155
47.4899	148.1296	406.1514
76.1151	57.7775	318.9763
16.7973	93.8830	47.6474
147.2695	130.6139	481.3599
89.7916	40.2893	66.3236
29.1697	5.5623	491.8768
126.6907	44.0110	507.5151
99.4008	30.4008	46.4923
50.6600	90.9799	39.3455
34.3411	32.6452	474.2322
4.2844	93.9949	52.5892
126.4167	158.7606	367.6504
15.8017	22.8019	546.2209
18.5792	86.7462	72.7783
101.9372	96.9516	55.2528
144.0687	130.9065	178.3797
137.9273	58.0932	43.4736
68.9243	114.3700	41.3337
5.9460	146.2478	234.6015
166.8553	60.2860	365.8338
124.0861	31.0261	388.8365
33.1422	141.2106	565.4315
35.9222	133.7778	125.5369
110.6019	141.9987	9.4590
26.3190	43.4908	246.5741
125.2585	17.7243	149.5129
61.2479	90.3532	434.2100
136.3441	92.1085	341.9748
49.5673	152.8483	211.5711
18.6307	67.4417	231.3328
80.0932	162.5671	75.0301
16.2170	160.7001	147.5052
165.4808	76.4879	95.8996
45.0393	59.5358	396.4272
130.7901	96.6218	324.8953
20.4481	107.5932	183.3764
51.6796	110.5449	25.9374
158.1621	12.1423	414.5412
151.8347	114.2241	480.4305
1.4815	23.7303	442.1719
51.8824	122.5060	354.0636
37.4701	110.4210	522.6325
155.1470	75.1279	216.1884
80.5429	101.9607	254.3448
98.6436	155.8520	15.8864
145.0213	120.9845	274.2375
101.1824	163.6303	267.9500
13.2119	10.7543	76.1082
144.5265	57.0108	54.1824
136.7498	77.4195	65.9611
127.1763	63.4644	70.7227
73.4637	152.9936	97.2354
48.9892	77.4415	507.3248
93.6716	143.0660	25.2621
116.1819	94.7557	540.1701
107.2269	35.4930	201.9347
21.4091	119.2026	143.4260
16.0364	52.3294	50.7400
163.4099	83.4140	7.7224
59.0985	76.7569	486.6515
159.7730	9.7673	134.6691
10.3429	161.5327	67.0517
49.8118	112.8663	291.6338
95.3191	87.2917	252.0015
95.8601	91.3033	558.6116
108.5372	149.1369	129.2453
147.7301	93.3929	427.8028
28.9950	124.6511	540.8045
117.4444	135.8181	563.2200
131.9079	139.8736	472.3752
150.2380	130.1460	330.7701
21.8602	157.6108	413.8761
168.1225	20.1091	221.9267
64.3720	157.6476	390.3792
125.8965	91.1938	39.2676
97.5788	114.7393	235.5903
80.5654	70.9268	574.5776
29.2137	158.3262	35.1850
56.6538	21.3808	192.0498
131.7013	6.7679	571.5935
83.5385	108.0491	219.1627
122.7570	81.0803	87.7065
52.2293	117.5123	18.8364
95.8442	149.8446	265.3862
105.2512	163.8517	50.1423
18.9545	97.7669	71.5852
116.6800	59.9238	551.1668
110.7400	130.5068	49.6628
146.7739	78.5684	99.1145
62.8886	89.0348	502.1341
159.0868	13.8517	212.0039
117.4936	9.5316	417.1290
155.5440	105.0741	386.3935
46.5106	26.9286	68.1407
14.8012	162.2346	534.9270
79.2016	140.2068	556.5464
69.9964	106.7520	133.9164
94.6695	139.1245	546.7550
158.5607	123.5990	522.8388
115.0197	148.8492	40.2907
117.3212	24.1285	1.0894
27.5226	130.3484	48.9696
48.1531	112.8880	26.5563
163.0285	22.8827	509.0010
130.4927	132.9116	557.7068
8.3470	8.8322	23.8440
161.0718	44.0999	587.2441
116.7314	107.9164	343.3211
64.5052	117.1342	416.0018
142.6992	1.0675	553.3057
80.1122	163.8620	411.9974
147.5723	100.3391	146.3971
27.5227	62.3843	463.8059
87.9284	39.8671	99.6004
82.0613	79.6692	203.1466
70.7583	45.6598	212.5813
19.0910	143.2428	543.3940
51.7215	36.4720	159.1529
44.9256	138.4095	460.9782
36.9959	103.7160	121.0752
115.7017	33.3414	209.6735
56.2085	36.2102	77.3639
23.3035	13.5392	437.2585
49.0741	39.6927	278.1426
57.2960	10.2706	307.6535
65.9573	121.0468	170.1809
66.7463	11.4171	160.2115
139.5041	81.9501	87.0322
122.5036	26.5765	186.7111
28.6278	120.1143	567.3433
164.9465	88.6412	265.5694
137.4714	89.1853	543.8194
158.2540	127.4006	561.0987
56.6970	68.6891	390.6874
154.3187	92.8504	61.1477
129.0673	27.3831	404.2436
2.3151	128.8181	142.7313
84.0879	114.8901	455.5438
111.7321	51.7385	17.5418
59.5390	22.3082	143.8658
122.4218	93.8334	44.9449
29.4869	137.0236	122.9441
22.0977	138.4560	133.6957
21.2988	111.5231	52.2156
139.7908	45.6824	290.4965
57.9382	58.5307	529.6473
117.0565	100.5620	114.7751
8.9612	53.0198	49.1872
24.8488	80.2815	209.5165
48.2817	117.9779	539.1712
111.3579	29.8702	25.8718
146.4980	88.5940	537.7044
68.9327	42.0360	200.9607
95.7538	91.5695	229.4482
128.1499	157.5015	209.1879
88.5993	93.2648	166.4466
113.4403	41.3694	278.1657
82.1394	47.1639	567.1932
146.5186	14.8517	497.8512
166.4829	36.6387	403.7114
161.5137	69.8927	245.3401
156.5411	109.7962	341.4805
81.2064	49.4154	344.4619
39.7239	82.5104	291.4726
126.6010	121.7230	153.9585
136.3269	35.2267	92.0865
101.7037	124.5202	332.2271
106.9368	105.5416	37.7818
165.8543	118.8354	78.9771
40.1040	75.5248	119.5900
15.0865	156.2927	402.3996
161.6923	86.7974	423.3315
149.8973	108.0828	547.2038
80.3479	36.7796	239.9002
23.8832	109.2342	76.1866
68.8831	78.7008	28.2173
112.2083	75.1274	171.5752
32.8320	133.6782	115.7534
3.8381	49.3038	354.9766
124.7263	160.0438	447.0958
161.9376	105.8468	472.1442
104.8292	72.9165	326.4345
57.9928	49.5550	129.0782
129.5950	148.2815	554.6563
161.8419	161.0717	365.5292
131.4080	34.7849	362.1284
36.6992	62.2306	449.1323
122.3451	118.7836	183.6634
46.2623	55.4949	375.6557
151.5561	82.0385	23.1462
125.3421	80.1734	50.7463
71.6401	159.8375	282.3240
76.5101	90.4858	447.1862
105.0362	118.9768	480.3158
32.9835	43.5251	428.7862
11.1099	98.6242	36.5086
8.5653	16.1081	270.2567
68.0018	9.0647	197.8912
57.2290	47.2806	292.3748
133.8450	158.4842	487.0437
18.8509	71.3472	88.1481
8.5724	86.6598	195.3544
28.9742	47.5509	142.7346
158.6044	79.4086	187.5461
149.8115	101.3030	335.7490
67.3624	126.9868	485.0883
44.7592	86.9792	544.6028
160.6323	64.3565	188.0638
65.1675	139.9396	213.9572
110.1553	3.3085	312.1870
93.7461	113.2023	206.4967
3.0187	19.1171	559.6932
131.5708	104.6556	67.4487
164.9219	131.1404	439.2297
88.4841	102.5805	551.2464
76.5732	77.5832	402.0239
30.4976	155.9948	86.0235
18.3874	125.5131	188.8990
12.7375	95.9806	452.8792
8.2466	53.8497	235.5535
29.2934	146.4878	302.1883
141.7938	117.0034	150.9477
79.4833	139.7005	167.0557
146.8795	99.3626	25.2700
87.8137	120.4163	39.3383
105.7688	46.4024	308.1911
10.0943	122.8952	438.6190
127.8189	23.2472	284.0982
68.9976	53.8255	310.2261
22.5128	99.5238	199.4048
65.3981	77.3954	182.1102
165.6246	31.4540	142.8234
149.1301	71.9373	242.6247
132.5550	55.5469	388.7999
30.1729	28.4636	175.2556
96.2109	125.2659	407.2615
161.9266	39.4404	396.9432
32.7774	48.0199	32.6235
16.0308	49.3517	360.5176
49.2492	90.6339	375.4315
23.3086	56.6988	186.7030
3.2082	142.0512	23.3737
26.5573	94.1559	475.6612
0.0413	42.1741	334.4285
85.3521	47.1603	76.5062
78.6139	82.9176	371.7822
58.3331	159.2993	438.5376
38.1385	161.8501	249.8631
129.3288	161.0616	138.9490
22.9816	106.0017	523.0181
29.5516	25.3051	90.7672
125.9197	157.8657	410.2529
160.1017	91.8999	25.7385
102.1802	155.1620	229.4425
34.1163	42.3207	253.9713
79.5078	30.0155	164.0485
69.6250	101.5881	483.7137
8.1309	72.7424	276.2206
49.0943	108.0435	178.9434
125.0246	102.8786	386.8989
19.0822	13.8165	527.8869
167.8125	75.6966	312.6169
0.5281	9.1082	393.2932
65.1032	145.4172	512.6586
131.2147	133.8547	505.6075
4.1826	143.6732	211.8373
35.0276	41.8141	97.3965
43.6026	164.5828	479.5283
162.2431	24.3662	118.6129
32.0362	76.7513	93.1483
156.8957	149.2322	37.6719
23.2762	150.2650	548.2203
162.0641	161.2638	19.6554
86.9866	107.9760	404.3744
148.3179	1.6211	325.6749
15.9893	32.0323	577.5618
98.7454	161.9855	586.4858
33.0210	2.4736	486.5925
150.3539	96.4670	111.3008
143.7609	89.8534	150.4620
156.1572	121.4373	389.9269
3.6895	67.3799	164.5608
142.0094	76.6788	289.5889
125.1759	117.2657	119.7845
88.9275	58.7689	320.6644
113.5093	157.4020	502.6077
113.3064	37.7614	437.0735
4.4907	143.2213	10.8065
42.3489	122.7923	352.5910
45.3404	151.9818	16.6765
159.2760	26.5146	232.0765
106.6503	37.8246	164.1056
102.3516	34.2120	346.0535
147.8374	147.7341	462.6914
40.5235	30.8998	121.7752
74.2938	40.3228	571.3509
14.0585	148.6704	104.6800
150.4975	83.7452	298.7854
135.0120	164.7601	518.4704
66.9621	165.8590	593.7103
2.9960	41.4924	372.2384
96.1770	106.0892	459.6874
103.2841	100.2471	325.6613
99.9718	110.1961	236.1789
81.0629	120.3743	128.8507
42.7956	151.2419	326.9302
14.4754	21.7475	382.4281
71.3886	104.0079	347.8481
49.5373	66.5564	282.9740
39.4404	25.1007	225.5275
37.2009	21.3232	257.0177
141.0956	76.9442	164.5577
77.4845	99.1565	330.2276
160.8360	145.6842	362.3831
163.9353	160.3458	258.2829
37.2254	117.3502	47.0297
82.0878	111.1873	102.7046
15.5403	60.2137	487.8385
16.9860	109.5915	221.9355
129.8901	51.1767	201.9545
50.3977	58.3859	580.6078
58.1366	11.5256	415.0301
76.9285	73.6714	549.4319
109.1511	22.0112	32.2319
112.4399	95.1815	495.2223
48.0029	94.4416	9.3824
78.7389	141.4346	26.3349
96.6467	100.3084	3.9949
63.0264	134.4866	412.9531
141.0902	2.5751	316.5637
162.7707	66.5153	413.8942
120.4184	104.7166	53.7227
36.2693	65.2935	126.7214
27.7791	5.0484	313.4649
99.2545	129.1156	453.0087
147.9530	23.3249	213.6291
58.5349	69.0058	496.2237
14.3770	71.9387	464.2232
148.0370	140.7080	223.2294
75.7504	165.2529	310.5803
44.5670	86.3091	213.9630
86.3861	77.9675	359.1692
162.8133	5.2761	381.1756
37.0800	21.1255	71.0228
89.3522	116.6129	581.4752
101.2341	141.6428	508.2382
24.6567	162.3344	455.3701
31.9451	9.0447	29.9161
168.3697	21.5092	532.3617
83.4577	24.2351	590.9892
168.1757	162.2297	242.9298
140.5267	117.5347	428.8336
160.6483	0.4672	515.1059
30.9100	131.8157	210.8596
39.2554	136.7222	198.1944
29.2623	89.8134	5.1657
90.6557	40.6656	50.9830
81.3655	93.2300	208.9515
99.2320	31.4363	248.0086
58.5822	84.3318	288.9141
34.0532	96.4576	350.8824
100.0231	36.4500	21.6008
119.1206	138.7609	117.1409
128.2253	93.2232	392.8073
137.1361	58.3451	127.0865
167.3577	10.9524	332.9119
99.2077	148.2618	507.2368
118.6367	83.5906	434.0843
100.3839	85.4222	294.0615
138.8689	52.2938	581.2691
2.6313	5.5400	70.6848
1.9495	49.1745	368.1447
69.2070	36.5869	379.2231
24.5811	66.6298	313.2411
126.1910	40.8516	52.6203
122.5751	163.5100	298.2801
53.1417	158.0558	26.9549
30.2017	86.1430	339.0169
155.9254	90.5629	579.5653
158.6256	12.4646	260.1683
33.2507	38.3243	4.1482
139.1743	92.6325	96.8680
35.0879	135.7880	118.0460
108.5189	166.8357	298.6735
60.1232	92.5150	160.8607
140.0268	114.1675	147.1627
152.4421	56.3725	179.8621
118.1965	77.2143	301.4899
53.4607	103.9678	55.3429
167.4856	24.4781	222.5511
45.0235	124.6907	124.1761
95.7034	8.5248	230.6481
95.2014	26.7954	268.3104
35.8550	120.7479	308.2230
107.1970	7.2676	496.3871
31.0656	100.8426	205.3338
150.8237	83.2078	118.4766
165.1052	83.7169	208.8195
33.8293	107.6651	122.2315
166.5466	38.0769	241.6871
90.6733	153.0963	172.6469
0.9869	44.3577	124.6739
148.6518	145.6120	308.9546
5.7068	36.9080	161.0158
28.7452	55.6139	433.7818
40.3294	92.9877	103.3794
32.9890	11.5905	270.9919
21.4743	96.9272	343.0860
76.6208	128.3168	116.9693
74.0120	41.7811	199.8675
97.8739	104.6739	553.1872
89.4558	160.4694	451.6232
27.0469	13.0326	178.6428
50.5606	51.5584	519.2319
49.9964	112.6715	339.2998
111.6790	146.6964	493.5459
56.5317	115.1348	187.5540
53.3178	154.3578	151.9505
86.3668	123.7413	287.2573
164.3681	48.7235	39.8524
58.1670	151.6964	346.8051
109.7413	81.1716	575.1216
142.3474	45.4772	575.9261
18.7247	24.1239	256.0017
73.4669	25.3324	428.1105
3.3578	3.4508	480.5949
54.8556	12.3739	246.8605
145.6506	129.5368	354.1087
128.8151	61.8402	441.9132
57.2139	18.8011	65.9461
166.9274	36.7423	148.2775
113.1676	67.4299	194.8769
127.7251	67.3259	428.9852
164.3079	132.0500	224.5381
23.5031	6.4374	301.2270
91.4864	19.1565	192.7920
110.1840	102.1274	380.9061
124.4864	89.1525	136.1118
81.2700	131.3989	262.0066
30.5912	135.4057	115.7018
113.8414	118.6728	454.9322
88.0251	142.8905	144.6221
57.0904	94.8410	539.6172
87.8286	87.7060	305.3742
134.5193	76.0570	50.1016
28.6558	161.6566	458.4238
44.5950	142.1906	430.0037
46.7290	41.0455	59.1871
137.8481	168.3444	551.7116
56.1152	5.9737	296.1154
105.4422	148.2019	502.3888
73.4062	65.6196	225.2084
134.1194	34.0748	173.6862
120.8430	137.0051	430.2575
100.5227	94.6131	291.4764
118.5952	6.1419	488.8095
166.4007	109.5556	314.6077
46.1596	28.9760	462.2287
5.2559	44.8459	104.8327
89.2457	52.9435	112.4988
151.2906	53.4411	53.8042
132.2507	145.1379	276.4125
85.6002	138.4704	564.9853
39.9654	17.0936	324.8001
80.5258	148.4201	153.7872
161.3426	21.0425	107.9830
113.6591	125.3153	32.4572
149.5745	6.3246	412.9372
80.5416	35.6459	57.9600
32.7167	152.5872	82.9462
89.4488	141.1364	331.8055
109.4464	52.4396	194.7116
68.9523	167.1556	351.7770
164.1459	77.7612	264.2479
56.4045	80.2779	500.6836
147.7772	55.8856	339.0923
163.1601	36.8304	569.6842
38.3533	46.6713	27.5853
161.1420	99.5141	382.9908
160.6675	164.4647	384.9651
110.2223	95.8407	104.2607
24.0575	79.3950	309.4789
166.3194	62.4178	46.0138
89.2021	109.9062	512.4471
0.9039	3.5506	55.7476
117.4105	41.0453	63.1816
1.5290	93.6383	320.7208
117.4945	42.0844	216.1132
137.8935	63.0190	52.8475
112.4137	11.7468	555.7607
19.9387	121.8823	327.8573
60.5233	92.6761	476.3929
119.4167	71.7891	275.8551
4.7451	33.2223	252.5395
66.0978	140.8038	572.8198
124.7565	34.1254	173.2134
123.3036	167.4383	431.0551
16.2731	118.9231	311.9685
151.4129	157.1125	226.1918
43.3997	41.4794	301.3627
11.4693	110.2423	255.6912
25.5389	9.4095	509.9927
55.3187	150.1778	387.9384
113.6031	70.4209	109.4832
153.7213	18.2946	408.2748
60.3101	11.4221	13.0207
50.7542	85.6226	418.4320
13.2168	105.6382	537.8988
159.7536	37.1619	483.0851
135.4807	93.0164	342.1440
26.7892	150.2069	158.6462
99.1485	145.7173	30.5565
15.3813	52.8805	151.0357
144.9114	144.5288	82.5709
53.8659	4.5803	5.1493
103.3003	35.0157	6.4793
71.9775	118.1775	50.1249
123.5109	113.6095	586.5506
78.0496	79.2037	113.0515
12.9254	136.6987	557.4073
26.1210	157.1828	527.8033
106.2942	153.7029	331.9256
137.2179	18.9535	577.2321
130.3075	25.8132	546.2095
88.7055	43.1482	77.8823
167.2256	166.7553	305.6103
50.2063	24.8686	97.9412
132.1450	97.4832	121.6207
67.3408	47.0407	307.7917
107.9473	73.2931	178.3220
115.9955	37.5664	418.5114
99.8185	96.9510	419.1779
109.5630	23.7835	91.6914
62.3366	15.4467	189.3033
59.5181	63.3214	299.8133
28.0450	116.4075	516.0045
144.5049	65.9679	431.0878
140.3546	148.4176	175.2043
43.9495	44.4296	388.2391
96.8030	152.2744	483.1170
163.9441	148.1890	169.8354
26.5410	153.5936	320.7252
164.4818	131.0320	295.9803
149.5582	65.9637	404.7326
3.8014	20.4629	471.7353
124.5367	113.8738	589.7899
165.6751	62.4798	251.3716
149.9759	61.0414	100.8959
82.3493	31.1406	235.4555
54.9790	97.3795	247.1807
4.3968	47.7693	224.8080
28.9349	116.9279	240.8652
55.2720	123.5972	151.3258
124.8913	138.8339	99.7173
117.1075	90.9235	440.7686
165.0842	40.8502	564.2698
110.8040	70.3410	255.5786
89.4841	23.5009	175.1318
21.7656	6.8297	243.1723
151.7466	89.2202	539.4805
29.4309	167.5702	311.4569
12.5386	140.4579	546.0318
7.0000	62.0300	462.6696
123.7673	142.6548	455.7226
144.8239	35.4867	172.3152
13.1824	132.6361	5.9719
142.4056	141.9013	373.1493
77.4850	37.7684	240.6467
129.8760	152.7083	124.1706
137.9823	99.2201	377.0283
40.4068	155.2883	338.0559
64.1773	77.4998	431.7659
72.7891	36.8416	322.3342
34.0843	12.2437	394.9628
6.7803	145.6373	16.9534
168.2109	82.9898	20.9461
36.3698	152.8703	268.5095
46.1595	161.9748	467.7144
77.8319	77.1015	212.4981
3.4941	86.7206	333.4148
167.7352	93.2009	338.1750
123.9201	30.5476	457.9212
128.0816	39.7723	393.6020
162.5186	34.5663	18.0865
131.2831	11.5653	568.3181
118.3469	37.1669	414.7116
100.3258	59.2756	532.3934
129.9302	93.0060	154.7044
69.6407	33.5035	125.9331
21.3157	162.3175	234.5631
7.1606	58.3192	100.3351
123.5584	28.0443	56.7224
13.0920	121.6904	304.0388
0.9071	83.7817	32.0549
27.9084	123.6813	23.2516
39.6312	75.9444	323.2046
144.4027	126.7748	218.7833
105.2344	147.1360	525.3815
80.5541	88.0384	283.5171
67.7865	123.5215	397.6763
150.3661	88.0222	301.2339
75.6581	44.8723	398.0602
106.7789	0.9091	523.9785
116.4538	84.3696	533.5106
18.6854	106.0790	360.6337
10.5949	125.5761	68.6492
10.8420	50.8844	23.1348
117.4423	90.5175	187.3488
155.3191	142.5998	242.3017
126.2655	95.2680	427.1298
78.2128	96.8568	510.9414
151.0266	133.5940	454.0279
113.5100	103.3778	267.0511
46.1303	76.6842	162.5273
163.1230	77.6226	585.2046
27.6183	21.2003	448.8378
142.2650	131.7386	469.8387
163.8706	131.7746	336.3002
122.8118	61.7642	400.2469
154.4193	127.8368	516.7469
38.8420	144.7165	131.5944
137.2248	56.2720	52.4375
61.5980	151.9934	93.6299
17.0060	0.8628	117.0888
48.2966	29.8040	559.9183
68.4179	145.2553	133.4944
20.0193	113.7945	17.8189
83.3003	91.0896	474.1817
59.5919	98.7316	68.5128
38.0012	134.3850	553.2293
71.8070	84.7084	442.3481
81.2415	80.0501	331.4861
66.0119	59.7952	518.3748
86.7096	73.0137	460.9220
138.3043	70.0890	243.9342
12.8625	166.9769	59.5153
113.6827	20.0069	63.3687
102.6840	77.1499	313.5292
133.1478	95.7765	342.2187
128.0139	129.5052	64.3067
107.6629	148.7279	586.1319
130.8700	30.1581	230.2243
96.6564	93.5019	379.3061
105.0746	10.4874	5.7052
92.5354	43.7682	133.4525
80.1362	73.9842	473.0014
48.7731	143.6845	134.4261
146.9770	1.0801	363.9872
65.9895	140.9528	395.9399
152.7361	108.9422	561.9512
115.6671	25.4300	135.8280
8.7614	54.4593	357.0151
75.4095	30.5996	178.1013
47.1608	41.5853	89.5195
116.1472	144.3773	453.5392
121.9785	79.5267	321.3593
165.0828	158.0291	32.3318
142.9961	104.4344	553.1434
105.3652	73.6191	218.8814
55.2190	114.4503	371.5285
161.7702	24.4852	374.3594
72.8358	55.9327	258.7569
115.6404	79.1448	272.9807
52.4750	15.3247	83.8489
140.1752	20.0072	472.3909
94.9546	31.8939	554.9804
166.8052	119.1625	527.7517
21.7771	83.7142	389.1063
167.4838	139.7131	375.3214
152.4500	135.8768	209.7450
105.4553	104.6064	347.4005
46.8519	27.9852	242.4316
83.7972	109.3929	23.6323
98.7893	113.8547	172.7528
159.8337	79.8417	543.5706
85.9359	146.2037	302.9667
135.6705	81.9644	308.0435
166.1714	144.0172	447.4662
125.7670	5.9612	127.4660
69.4005	151.8883	161.0410
168.0993	98.4923	437.2866
104.3997	96.5709	469.3370
23.2205	55.8649	164.8016
122.0934	49.1958	155.4850
72.6246	64.7787	410.3320
16.1194	1.7478	70.9760
37.9144	154.0124	119.2372
87.9231	29.4063	28.5456
64.5216	77.0324	274.1222
140.6441	117.5877	161.7942
40.4642	146.0129	407.2616
15.6307	111.4204	144.9323
145.5553	46.8737	535.8732
86.7493	123.0891	590.1281
84.5527	150.8686	394.5821
69.6595	131.9103	32.6199
37.5289	50.3538	184.5298
78.9854	96.0768	102.0061
110.6090	43.9474	164.2282
131.7506	86.1246	163.3047
29.3861	25.6918	209.2559
113.2117	14.8801	177.0593
141.5441	108.2389	434.2530
162.8838	36.3855	223.6293
153.9397	69.0319	67.1277
155.6256	160.0980	54.2490
4.9034	9.7830	85.3309
129.0579	47.5827	368.7052
32.2944	8.1820	127.5339
11.3433	143.5787	161.9024
113.7562	46.6044	5.8542
163.1765	57.9090	424.2708
2.6680	131.6502	473.1036
122.9003	80.8020	64.5864
95.9337	8.2380	223.6426
32.9104	23.4276	166.4256
55.7581	120.7333	189.1948
146.2843	86.3772	219.3470
123.6498	24.9792	564.9315
53.6646	57.0256	585.5175
44.8025	10.0294	78.2593
29.6999	28.9523	89.4967
158.2926	6.0870	229.7148
94.3754	7.4164	120.5723
0.1008	91.5723	105.1540
60.3995	53.7380	484.1593
54.2517	29.4561	80.3237
75.3118	37.1794	339.5158
104.3474	139.6282	449.3497
107.4179	15.9585	33.6684
25.1390	127.4400	573.4019
55.3821	24.8456	187.4328
71.0953	44.5307	455.8649
61.4656	51.8237	187.1834
73.7967	99.4988	81.7816
124.1476	52.4263	543.8828
4.4547	107.2169	221.2539
167.6632	118.7155	375.3686
0.9455	122.0564	191.0173
135.1789	126.6032	412.6161
59.2665	165.1692	2.6311
91.8792	41.0765	382.0823
77.4010	139.2075	554.7355
136.1508	139.3600	372.7208
109.6976	132.7862	375.6682
115.9367	110.3951	245.7491
50.4065	126.1950	448.2793
157.9114	16.4973	218.3163
167.0358	72.5472	280.8307
7.7791	48.8097	23.3736
7.7216	63.2872	436.6656
135.6904	49.2393	34.9280
34.4961	51.9143	266.3111
131.7716	43.3032	565.0564
31.4742	74.9601	129.3262
141.1332	71.1899	173.4041
139.8505	27.3967	384.7248
78.5140	146.1824	406.9018
58.2016	137.7985	441.9701
83.8883	138.6444	334.6097
158.7501	93.0555	305.0189
68.3634	82.9554	587.5543
2.3032	86.3512	56.3720
65.2634	124.9243	178.2630
150.2666	54.7855	48.4333
15.8358	61.5031	413.4445
11.5792	20.5995	133.9120
135.6846	132.7177	494.8852
128.7442	149.3081	183.6861
98.7580	80.4868	111.1490
163.0385	134.0745	394.5544
111.3524	73.8789	162.7568
112.5774	47.4162	161.2139
108.1942	159.1445	555.7613
58.3423	4.0111	240.0002
137.9187	144.7622	330.7971
12.9140	93.5153	427.1617
45.6843	68.2934	542.8073
138.2272	9.3126	25.1611
149.1583	158.3594	37.9764
80.9410	44.4802	375.9554
108.0789	141.2500	121.3304
69.1187	109.0962	393.3893
97.3175	77.7093	529.2495
53.6303	69.9610	479.7562
88.3507	30.0106	411.2785
167.4385	26.2867	173.0296
36.0600	84.3740	306.1472
111.3180	15.5045	365.6753
150.2501	107.4107	26.9896
41.0668	95.4472	150.5820
67.8773	31.3081	381.4035
161.0178	158.7587	446.4782
113.0867	26.9992	578.6378
42.5457	86.5579	272.2334
142.5497	45.0166	117.3442
39.0704	64.1165	113.3811
81.4848	105.1002	183.7078
30.0771	148.6951	441.4373
12.3108	61.6829	58.7528
40.6980	21.3006	396.8948
103.0868	108.9893	463.1197
100.6957	75.8166	499.6914
134.1243	138.7319	368.2758
142.0885	40.0453	539.4811
28.0598	112.7899	502.1083
90.8838	6.2259	387.6553
41.2476	1.9020	203.3332
136.2000	85.5883	139.0763
157.4494	103.2130	535.3422
118.7283	159.2009	270.4596
158.7073	8.9749	67.9255
12.4905	85.2934	93.2088
76.3877	116.4230	450.6137
34.4363	28.4087	552.2587
125.6595	159.9749	313.2008
137.7361	122.7080	201.8298
67.4065	53.6771	323.9505
45.1726	151.0049	282.1500
62.0182	150.9334	177.2612
24.3355	18.3990	440.6550
20.5276	8.6112	459.9872
73.0348	150.6240	16.3308
132.6001	43.5471	484.3588
74.8035	102.6673	417.8607
128.6165	56.0478	10.2269
108.6987	86.0756	234.7759
9.3568	78.3380	213.2903
99.2965	10.6851	295.6874
84.7846	63.8854	177.9479
38.4088	168.1082	237.6317
119.5868	57.8258	250.2586
126.3353	21.3393	236.8649
23.3207	109.8608	518.5405
59.4138	119.1633	375.5058
94.4910	18.7591	201.1028
48.4503	40.2871	306.3929
78.8588	17.8249	86.9700
83.2596	163.0418	69.0600
86.0113	135.1472	581.3083
3.9442	65.2543	361.7607
24.1046	151.0075	354.6422
115.9356	27.9708	88.6605
140.4653	124.5821	548.4020
129.8629	97.8133	428.5567
160.4047	53.5813	253.4290
65.3062	53.5073	313.2255
163.1963	13.9024	59.6172
3.7333	59.9753	169.3561
0.5502	35.3361	152.0710
5.4210	160.6614	141.5933
30.5154	54.9678	353.2623
15.2380	70.3164	356.1001
138.6258	137.1004	51.8067
27.5398	32.5831	535.3015
97.9819	0.3178	105.5678
156.1197	124.2736	168.1491
130.1649	134.3694	471.7552
165.0293	31.6958	165.6627
37.0442	163.8103	291.9645
71.4065	36.7825	160.6794
154.1644	63.7441	161.9474
68.3222	3.8263	558.2753
6.7878	163.6482	518.0163
78.0509	134.5419	422.5131
89.7378	105.4533	464.5890
47.6794	134.6992	431.3094
75.2422	8.5028	445.4607
45.1171	85.6924	513.3609
162.5191	43.9712	74.9995
104.4854	141.5359	462.1652
134.3223	93.6028	130.2420
98.2213	4.3872	112.1296
49.6652	127.0660	529.1553
150.2585	27.6520	494.8751
68.4832	139.0387	123.4072
91.5780	113.4089	32.3330
110.6530	150.1151	402.0252
122.5387	146.1993	327.7069
19.1560	145.5359	235.8867
36.9926	89.3085	492.8886
139.2767	9.4485	257.8559
45.7760	11.1994	346.8441
99.9653	122.4177	475.9828
161.0233	82.1879	456.7932
51.8749	130.3551	122.6242
144.3857	155.9347	273.1018
74.7152	107.7445	110.9208
135.8428	22.0252	126.7320
14.6072	24.6391	579.3196
136.6068	55.5161	548.4971
0.1887	140.1757	184.9784
30.2688	28.7290	212.2481
36.9398	80.3746	512.1869
15.0864	110.7321	529.7093
55.8980	148.3831	266.8516
28.5628	115.0000	72.1299
90.6944	29.5890	168.7437
51.6897	10.1942	568.0891
15.7237	61.8981	194.1613
136.8046	149.9998	27.4026
32.4891	159.1418	431.1780
75.4082	30.5968	178.1055
93.7637	163.7156	461.7750
43.4280	20.7484	227.6401
14.3149	117.5082	67.5044
68.7059	140.2490	342.8792
66.2032	76.3527	157.6094
128.1253	43.1097	486.3901
12.0686	113.3913	87.6576
18.4934	118.9416	195.4590
64.6329	116.2658	515.5982
118.7126	60.3526	232.2354
75.8932	27.6417	571.1469
13.5247	77.6294	214.8569
70.6649	89.0363	539.2571
164.7975	126.1191	32.0154
14.4667	108.3058	214.7681
50.8348	114.5413	229.2937
130.2331	154.2129	325.6477
136.6321	17.7628	373.9897
58.8754	115.5664	318.9299
115.0630	108.3075	162.6056
52.1977	93.8784	394.5769
29.4765	86.5613	557.7216
42.0449	118.4188	331.1616
58.3700	97.8261	85.2308
111.0650	116.7751	479.5582
62.2324	94.1947	469.0606
144.7288	112.9384	507.8040
118.5742	6.0487	410.5780
38.4745	23.0140	409.3810
139.6088	85.8586	338.4568
86.7295	96.6386	9.5456
67.3818	137.0043	566.0427
10.2188	139.2499	573.7078
146.4636	71.7319	157.1791
16.3073	81.4578	155.7698
159.0286	168.0079	28.1320
145.5294	136.2059	192.4559
55.1350	63.4002	346.0785
129.5903	94.6571	182.4080
115.1656	112.2013	421.3037
51.3781	63.6866	456.7002
112.6612	62.6828	356.4986
122.4792	4.2257	417.6286
102.9411	154.0512	361.8705
144.3872	65.0248	509.6748
45.1707	84.4989	398.2888
62.5813	47.5065	477.9223
154.3194	152.2161	161.2074
35.6092	59.9109	494.9544
113.3400	127.3455	432.6740
68.8403	134.1034	293.4700
155.8854	23.6590	575.0071
142.6268	150.9242	555.0765
166.4761	12.4373	315.3225
144.1890	80.4766	481.6114
105.5294	5.1749	479.4689
3.9862	74.9911	194.5054
139.8593	70.1953	182.7461
98.5925	159.5437	185.4203
90.6652	73.7997	568.7031
140.2232	26.5681	388.2068
165.2487	63.6388	455.1457
40.0372	78.6849	165.7964
17.2855	36.8245	395.6790
50.7469	50.8681	232.5182
65.2470	66.2293	467.6810
114.4315	22.7961	578.7020
49.3056	17.7986	354.9319
15.3800	52.6415	289.8721
58.8614	128.7343	45.0420
36.1140	32.9944	245.6955
152.2185	70.7098	35.5317
67.5429	44.0993	552.5579
74.5617	108.5188	534.3090
114.2930	47.9466	200.2096
44.5272	45.7065	486.7753
56.1974	50.4933	68.3565
114.2602	30.8857	441.4569
58.3907	22.4926	125.6200
70.9266	139.8106	315.1579
90.7872	15.1605	323.9093
166.8484	11.0083	530.9198
59.4953	20.4595	486.3649
148.5447	33.7875	188.5543
78.4479	162.0157	56.1031
160.9212	148.9123	111.1425
93.0475	70.7706	251.0549
98.7547	7.8927	149.0458
9.8032	65.9167	347.1004
52.5999	113.2361	64.3260
13.2638	54.3778	45.3317
160.0036	146.8062	172.1577
92.6070	132.3622	276.1354
42.3899	31.2991	288.1345
36.0879	46.5230	92.4846
77.3406	77.0439	549.5059
48.7731	120.4928	570.5456
86.0063	112.7300	552.2585
94.3414	38.8892	32.6538
30.1072	139.6900	366.7469
19.0343	122.1531	548.8318
36.6403	149.2952	445.8919
123.0435	13.0229	344.4380
96.1637	96.2462	410.6785
16.0020	48.3284	252.0492
54.2732	126.0592	173.6126
5.2003	125.8991	87.6303
2.1424	152.6444	290.6795
36.3965	51.2488	152.3599
142.6344	22.3674	255.5270
46.8280	89.9891	355.3625
98.0366	37.3496	88.5684
104.6502	54.3789	338.9954
153.9164	103.1700	323.6703
110.8703	167.1421	129.7667
93.8379	4.4057	77.1981
134.3300	167.3772	361.3245
39.2150	23.4979	495.4680
57.3119	124.8247	59.7420
145.4679	122.2137	295.7081
163.6886	161.3536	217.9600
86.9600	43.3470	436.8768
22.0699	33.0639	419.6733
30.6081	76.5018	82.6577
49.0541	65.5197	218.4814
59.7980	148.0537	323.8283
56.4557	8.2224	12.5664
133.9680	126.3523	500.8062
62.6395	162.6598	386.3560
22.6389	156.7556	342.1072
91.0971	168.1042	226.1869
150.0442	147.5571	395.0874
88.5341	108.8108	281.8756
118.7978	30.5454	178.7620
125.4487	85.5190	85.2726
142.8816	94.2633	46.8164
123.6097	42.6126	54.5274
39.4902	116.2910	336.3561
96.9706	74.6281	16.6201
136.1848	14.4360	128.7887
36.6609	51.6383	98.8733
84.4476	136.9999	411.4621
13.5190	58.8851	232.7047
92.2122	59.1831	281.0290
13.7794	93.9085	180.2372
15.1253	81.4698	85.5498
41.5684	137.0480	184.6429
24.8795	94.8144	12.5501
51.2122	61.2946	75.7811
155.4404	119.1757	250.4654
107.9598	95.5265	7.7531
54.1075	121.9857	255.4346
28.2409	112.6361	233.9678
138.1232	48.8884	196.6482
1.0208	79.3234	172.7645
24.6305	108.8021	441.4998
24.2133	155.2662	336.6714
124.7930	145.2120	178.1016
89.1880	54.8959	333.2031
91.7492	0.3737	191.7995
104.8956	82.8871	524.5083
19.2134	138.7377	543.9334
12.8883	121.0758	99.6778
14.5945	17.1150	224.3192
17.6723	60.0793	307.4018
111.6765	7.4487	221.6956
161.0433	165.9595	57.3211
149.8095	145.1547	279.2202
102.7359	56.1548	202.7025
165.4550	79.0482	543.4704
155.9869	82.4909	135.7992
89.6521	89.2618	388.4064
104.4086	14.4832	70.2748
99.1183	166.1028	37.4548
104.1577	154.1466	273.9999
129.4560	162.1944	92.8180
78.9233	35.4860	190.6150
59.4343	63.0030	90.9725
39.3811	148.7565	419.0466
117.6986	112.1513	68.3756
73.1327	13.0192	99.8428
115.4574	161.2189	393.2223
156.0395	96.9303	262.4651
29.6931	86.9361	94.0596
31.4337	38.7803	315.3968
127.1563	121.4485	405.8992
65.2801	139.0738	510.3583
27.0073	18.1030	42.2993
8.9420	136.1480	543.8256
97.3002	35.7351	583.9408
136.3426	150.4521	225.0345
85.1748	36.1883	81.8158
141.1251	6.9224	246.1133
17.0026	151.7877	137.3370
85.4380	13.8795	511.3387
31.5986	101.1678	189.7248
9.5054	143.9777	332.3421
128.7533	138.2162	511.2117
91.3422	137.8568	82.1025
27.8151	140.9910	416.1320
154.8256	72.0908	139.3699
89.1587	35.3046	283.8115
3.6822	21.1185	327.6042
133.3885	92.0584	380.3090
74.7196	127.1408	65.7274
19.9755	17.0815	116.5859
149.7189	60.9453	535.0315
18.8812	135.2832	281.6598
34.1431	21.9852	271.8344
74.8048	87.9604	162.7436
137.6288	55.9995	75.8859
46.3577	153.2063	146.6730
50.5773	34.4761	469.9374
4.6328	49.6490	134.5330
24.1417	15.3125	32.1588
123.3871	8.8105	547.5370
11.9397	9.7609	504.1170
114.2338	109.6050	472.8419
106.9055	95.0293	391.0233
57.0609	46.9856	91.8056
87.9925	55.4123	359.5830
28.8645	168.1435	209.7185
157.4358	48.5833	118.1110
157.3169	115.0230	124.3885
157.0166	75.1639	453.2818
96.6746	32.2369	35.4590
44.9724	166.9689	546.7313
113.4673	31.8623	313.2858
77.7453	107.3253	488.5992
151.6194	110.4042	415.2479
62.8859	1.6210	192.0223
104.0210	68.9549	513.6314
72.6275	4.2222	26.9693
18.9037	157.2785	505.3421
56.3916	134.9059	8.5687
41.2588	111.3415	41.8504
26.7913	127.6446	467.2475
91.0576	60.4135	348.1457
166.1662	6.6072	555.4903
93.2085	159.5736	169.1359
129.2751	36.4170	370.7784
143.4515	18.5560	136.0685
94.6240	124.6063	520.3420
49.1138	162.4961	101.4147
87.5649	55.5919	331.7292
135.9189	159.1847	134.3741
144.8861	134.2073	584.7833
114.2693	21.8724	96.4910
134.0413	20.6486	295.8982
154.2089	52.3893	46.7485
129.5026	79.8090	177.3838
82.1907	72.0388	541.9437
14.3770	123.7131	433.9414
42.1527	90.2692	300.7027
136.3821	46.9875	485.3346
84.4998	135.6297	181.1621
164.4252	21.9550	4.0062
161.6073	93.6946	543.5952
22.8613	57.3421	135.8898
51.9055	154.3438	71.2568
56.9113	136.3162	418.8666
141.0972	50.2536	321.5902
126.1663	25.3021	366.1018
153.5515	110.0197	381.6003
156.4309	153.5999	245.6403
102.5933	5.5553	395.2842
47.4175	41.7730	256.1657
32.7164	7.2455	577.8962
46.0341	8.5562	38.9698
150.1069	148.8093	495.1973
27.8288	43.6128	94.6157
138.1725	143.1856	389.6343
86.8935	86.2444	406.8319
77.6493	163.2406	77.6342
72.1605	162.5390	35.2685
98.4661	35.6511	502.6998
137.9769	77.3174	243.9666
145.4436	13.2591	457.7096
148.9145	50.1848	403.6066
163.5542	41.9627	89.2966
60.4475	8.8980	168.9888
140.4286	97.8090	517.6788
105.0907	66.5079	254.3662
127.5948	86.4968	347.4603
82.8638	83.8211	443.1611
30.9227	30.8326	170.1044
47.8208	143.4772	261.1963
76.3383	144.6690	373.6726
69.0278	6.1809	354.9195
68.6076	121.1228	445.9160
2.6441	5.9148	497.5284
11.6806	30.0157	43.8411
18.0329	73.7813	216.1145
44.1478	137.2856	428.6844
64.1391	47.9358	415.2292
13.1024	162.3752	569.6660
82.1675	140.5269	113.0599
85.5852	130.2517	556.8436
78.1530	2.1314	204.0754
133.7502	135.7509	64.8173
53.7429	37.2428	91.2180
94.7974	79.3810	219.9332
128.0018	124.0148	257.6489
72.9866	46.8493	314.4810
61.4028	33.0665	464.6667
132.5188	6.3692	578.2572
72.5083	108.5148	432.4485
125.6136	127.0135	229.3980
145.6704	48.1355	212.8792
59.1244	131.4041	384.6233
115.1447	109.8025	389.4579
73.5306	10.9622	146.7594
152.6103	22.5781	240.1092
41.5536	50.9025	143.6385
123.2959	154.9504	418.8461
62.1360	89.1732	125.8517
89.1086	40.4316	419.2450
96.8399	71.5712	332.9791
45.2922	117.3767	356.2519
26.7316	126.7733	554.1571
109.6446	67.3686	431.2101
84.0511	85.8452	568.8362
105.8901	161.2471	171.2539
122.2169	91.8984	531.1585
94.4723	162.8038	167.3930
85.0405	133.9463	12.8360
101.1879	7.5268	144.9441
74.6721	82.5587	148.8177
80.4183	51.3866	85.5389
4.7493	75.3604	214.5524
155.6707	38.9667	207.5781
2.0014	115.8458	280.2129
96.2187	147.6273	22.7528
163.3171	18.1409	14.9754
126.6766	159.0101	216.3018
104.1163	61.5513	291.5860
60.9281	126.7880	563.6115
148.2637	79.6892	534.7985
104.3397	113.5903	418.9303
27.4464	4.1906	560.2893
64.8827	33.6253	448.3260
128.5676	124.5020	455.7514
162.7073	132.4032	509.9775
37.7250	123.4830	351.1136
100.0263	9.0323	122.6127
138.7235	140.2864	19.4574
160.1913	125.0187	338.2418
18.3552	63.5273	222.5426
45.8858	63.2788	106.8806
19.9899	126.5373	228.7822
127.2230	77.1782	205.3222
56.0136	11.3815	111.5584
0.6337	82.6810	432.1189
92.6434	66.5046	392.4248
72.4301	63.4824	584.0885
9.7235	2.5069	20.6651
5.7772	9.4953	526.3414
129.1456	106.2418	375.3556
119.9726	0.5155	49.3383
143.9306	96.0702	86.4910
143.0350	71.9613	182.8180
71.8724	105.0799	178.2481
124.9009	99.0438	199.6050
152.2490	15.7814	430.1134
80.4191	33.9889	42.1842
95.5757	150.0241	430.4308
80.8967	5.8004	464.5062
162.4950	141.1614	80.7651
33.7931	54.3850	142.6070
134.3529	79.0636	478.6168
47.1588	92.8702	531.7520
161.5337	29.3456	303.2590
125.4085	49.8998	14.0875
11.1900	80.2919	580.9805
13.6773	4.4034	190.5936
98.7779	78.0229	317.7721
90.9017	160.1933	378.9706
6.8177	69.3123	195.8938
125.2761	162.3565	243.8570
45.0617	160.7945	71.1206
128.1470	33.5213	381.9496
139.0023	16.9864	150.3862
152.5388	167.6031	294.2627
103.1867	150.9256	393.6316
97.5126	39.6349	137.3162
6.7860	110.9482	550.2441
138.6473	89.7677	183.9048
158.3358	94.4059	376.7392
56.3042	32.8006	107.2480
29.7801	120.8667	31.5560
34.3714	139.1026	37.7345
96.0896	75.5560	430.5281
94.3156	78.8716	546.6928
120.7105	150.3158	223.4007
76.3469	30.5574	112.7629
156.0385	97.8791	575.9423
129.2520	32.9482	445.4032
61.5170	18.7662	67.1621
80.6735	42.9904	79.9530
14.1439	8.3766	170.7701
131.8241	88.4088	142.6380
65.5243	18.8215	481.4762
73.9370	141.6393	131.0563
64.9390	17.4050	561.2565
103.1230	118.5525	249.5165
118.4767	118.3100	464.6322
72.8496	4.9548	138.5537
129.1535	11.1955	144.7499
0.1907	138.2059	173.5633
160.7268	114.2574	156.1785
163.8533	73.9596	298.3092
97.3398	72.4153	437.8656
29.8474	116.2517	505.1243
156.8681	102.3264	533.0122
50.3581	138.0402	462.3507
91.8103	159.0805	442.8627
139.7246	96.3654	84.6548
73.3680	45.0526	372.4374
140.4498	148.2814	199.7191
16.2457	104.9883	232.2391
153.2582	8.4198	426.5688
105.1600	160.1025	19.3027
113.1599	131.9149	466.7528
65.4428	164.2424	173.6901
17.8242	73.1880	60.8601
147.1031	147.7477	364.5270
142.6063	99.2449	466.9605
73.9136	91.5049	336.2439
133.0212	166.5672	305.1542
43.6493	153.9339	321.3406
40.5585	142.9025	179.9907
66.5823	6.6890	179.7443
147.3849	87.0034	548.4239
39.4941	26.6495	157.3991
158.7040	94.6252	64.6657
97.5015	147.5834	244.0478
101.2341	76.7250	12.2142
55.0480	160.8922	340.3774
11.1091	66.7211	345.2056
147.9478	23.7745	552.0498
12.2788	44.5701	281.4250
109.0016	124.6082	10.0045
114.4859	142.0789	101.2640
133.8752	43.1349	80.5829
18.4477	105.9581	320.4984
97.5243	111.6434	501.2664
0.0590	18.6357	322.9202
8.8678	6.3563	528.3138
30.5288	82.7259	330.6917
127.8117	29.3892	521.3782
10.3902	168.3285	18.0963
158.3824	52.2602	574.7324
142.8614	87.1709	114.8831
19.4263	87.5834	82.8368
101.5730	68.2384	385.3813
50.8764	127.3395	326.9201
67.9556	87.7028	403.5226
97.0890	23.3045	508.0767
23.0598	164.8933	253.6053
30.5483	83.0253	445.2061
26.8044	20.1915	70.2438
149.5169	10.9879	576.9789
48.6387	137.8965	217.9716
14.9180	24.5086	404.5937
19.7637	58.3771	265.6047
142.9906	128.3377	431.6575
102.4877	100.9957	168.6714
55.7975	50.5885	504.2397
21.1503	39.1741	89.9099
35.5126	38.2612	422.2034
141.0279	142.2665	95.7116
128.0364	119.9609	581.7003
143.4305	151.6686	286.9891
4.6807	63.5179	555.3234
0.1089	77.0259	87.6087
123.5136	29.4992	471.0772
125.8459	5.0244	238.3463
105.2661	43.7506	285.4628
158.0320	27.3490	414.9727
83.3120	28.0649	555.9353
49.6575	46.5430	63.9264
70.0810	44.9725	389.8898
92.2825	66.0427	535.3008
154.9953	40.1395	325.7813
90.0102	26.7692	402.5794
7.9535	35.3223	336.5919
165.4506	162.1951	37.8911
42.7516	36.4228	556.1011
138.3601	142.3818	48.8635
122.4562	145.0683	45.4910
123.6471	46.2080	375.5449
157.9573	111.4221	320.8743
69.1625	42.0891	396.4211
49.2390	4.9116	553.3346
113.5148	115.8382	238.8178
29.2172	165.9212	267.5224
60.1037	152.6625	170.1008
64.8890	48.6212	359.3348
108.9203	57.0614	520.9935
113.3845	156.2769	544.0611
95.1404	137.1903	280.7094
9.3290	62.9177	184.2159
79.4093	4.0001	584.7192
45.8104	159.5714	321.6496
16.2044	84.3971	312.6993
70.7104	82.5419	419.5977
44.1191	36.6779	56.3730
126.2263	48.9021	509.0856
7.3700	99.8981	200.6720
81.3752	11.4024	377.3429
2.5619	37.2486	233.8042
59.6834	159.0931	80.6978
79.3440	105.3627	217.5004
2.4700	50.4724	192.3364
146.3026	82.0927	476.7215
56.5788	166.1281	276.2447
50.7962	27.9625	213.8328
15.0601	61.5233	307.0359
0.5179	155.3706	294.2444
70.1872	125.4772	448.7518
167.6370	78.4471	407.3495
4.9080	26.3250	419.4610
78.7759	150.1103	104.5245
100.5727	167.0675	429.3061
145.0449	117.5118	29.0618
44.8135	23.2631	226.6811
30.5295	107.2765	520.3330
51.2819	150.4789	369.7793
53.2752	83.0725	488.4786
128.0371	81.9035	465.2142
113.8498	16.4399	94.2216
136.2435	105.2463	261.3357
167.7690	23.0831	247.8712
8.5653	61.8665	425.9709
43.9175	121.7120	190.5420
138.6191	158.2763	168.4863
125.2750	63.0834	294.6234
87.0715	96.4793	231.6746
13.0887	157.5612	467.0923
68.4298	76.9504	188.0314
75.5809	100.7512	291.7518
167.7101	48.2514	355.2029
63.5707	100.5213	517.6875
76.8066	41.8790	405.2231
48.4571	28.5926	95.4250
56.6631	129.6628	392.5347
129.4625	121.2347	427.0873
24.3252	45.9675	455.8108
150.2280	145.4606	449.2526
28.9982	30.1818	506.3507
92.5035	95.3062	420.1860
129.8597	134.5106	137.2116
25.4635	38.3288	562.0767
19.5105	159.0173	288.9726
69.2204	98.4370	505.0819
161.2163	121.5465	5.1763
125.3281	166.1629	272.1708
79.1184	52.8510	357.8651
38.3541	84.8242	493.3369
162.0426	55.1105	410.0104
122.3282	25.9302	286.1500
65.4111	24.7352	67.6921
9.4388	58.7886	296.1442
97.9111	21.1949	161.2932
93.2365	165.6338	243.2611
5.5817	104.8164	283.0742
114.9008	42.9342	35.1677
134.9977	148.3290	330.7254
98.3577	14.1411	73.4661
133.5458	16.4912	138.0851
57.3630	39.7126	456.1954
122.9380	21.3537	114.1525
61.0181	114.9407	540.5849
86.5980	51.7193	359.6598
140.9242	72.7624	475.5489
22.8101	106.5265	485.4293
154.9279	33.5941	168.9847
47.4867	54.9262	581.6997
18.8842	129.9982	426.5502
54.3604	107.0996	92.6533
151.7791	113.4795	28.5318
98.0852	33.8455	335.2192
37.6642	134.5635	133.4982
81.0404	101.9606	19.5908
22.7390	73.9918	73.8761
96.1668	56.6570	453.5805
51.7635	118.7748	371.0712
53.2574	40.8511	525.0166
124.2087	132.9772	54.5136
116.4237	13.4035	270.1513
55.9874	143.7952	6.8798
88.9290	132.2571	399.2288
93.8833	32.9218	562.1529
50.4668	37.7402	466.0808
162.1664	99.2871	344.5909
94.5072	0.7206	300.2126
37.7318	94.7304	314.2140
167.8567	14.5293	568.3877
2.4073	14.1643	319.6266
142.2818	143.3955	396.4931
16.8627	54.6109	165.2947
70.8470	72.8943	269.0754
109.8436	104.7232	58.0666
14.8485	28.5468	60.2152
45.8680	104.1093	386.4811
3.1022	155.4350	526.1623
132.2560	49.8130	17.2833
1.0381	115.7286	305.2542
55.1792	70.5065	155.9024
127.5600	33.5189	429.6974
130.1672	164.6632	99.2139
33.1279	121.2763	112.2501
41.0192	9.8288	80.7331
141.7589	25.8872	224.8859
29.0890	78.7778	338.8093
82.4385	108.9190	394.4928
46.9591	95.8205	249.6090
6.0077	46.6366	122.3023
57.3588	68.3742	306.1544
0.4569	5.6948	395.2110
46.9132	133.4932	238.7374
145.0866	45.1410	554.3958
112.6380	18.1904	90.5914
62.3676	101.8551	395.7154
126.9323	163.5034	185.9335
136.2423	93.9477	184.3993
104.8765	5.0274	239.2443
163.8195	62.4724	274.6475
106.0485	91.5266	344.8841
108.7350	108.4871	426.7711
77.6222	99.3763	445.6303
128.9840	40.7612	42.7312
46.3611	36.2064	306.9220
124.0942	162.9597	81.8985
166.5720	131.5916	423.0445
30.6283	23.0516	452.7407
77.2372	131.5008	147.1254
156.7838	124.4829	488.2813
40.2341	87.3433	507.9836
124.4947	54.9328	475.3732
160.9793	167.2025	401.2426
155.4259	134.0484	477.3627
49.9200	85.9408	338.8122
143.8502	28.9296	331.3617
27.9751	48.6693	416.3006
34.6656	12.9856	222.3937
108.6159	141.2865	89.3040
106.7490	43.3661	85.5891
33.1615	17.4952	556.4536
145.1200	163.1513	498.6522
49.6810	29.5277	221.7724
163.9795	19.1098	346.9118
132.8609	86.4922	337.8159
111.0367	63.5614	208.7026
13.8150	15.4773	350.6036
67.6165	47.1593	328.7051
145.9109	64.2990	485.2577
152.7075	26.5340	97.6775
160.5123	9.2042	559.4361
37.2889	111.6736	34.6808
77.2552	30.5591	157.8025
116.3040	2.8211	99.2986
58.9795	117.6911	30.7198
156.0049	70.9336	542.9320
32.4499	19.3010	66.6297
94.8929	156.7938	179.2875
91.2882	8.1452	458.5625
51.8930	99.5054	357.4713
45.2809	96.5956	111.5852
156.9131	99.7838	95.5489
31.5258	139.0873	501.2788
156.1489	3.7727	566.2295
31.1971	86.6689	378.4453
13.6312	96.2805	541.0607
19.5761	114.6599	304.1413
19.2958	162.2114	299.4637
142.0809	165.7880	113.3682
127.6812	14.9954	131.3050
168.2307	134.3852	239.0036
93.3369	107.2242	363.7201
0.4053	34.9605	246.7335
114.8349	7.8615	51.5710
160.4708	20.0423	465.9827
8.7014	141.9034	114.0975
16.6858	103.4843	326.8302
141.3630	161.4235	539.9320
167.7993	51.9864	370.1314
62.2695	75.1601	457.6549
100.2180	141.5910	429.6089
136.4158	156.4478	444.3325
52.9883	74.0302	443.1954
10.8503	94.8494	37.3000
141.8245	30.8474	568.5783
135.6993	97.8014	166.4271
153.0804	142.2551	309.3265
122.3225	43.0176	256.9926
18.4043	135.5136	87.0902
103.7422	29.6505	9.7167
0.1773	52.5386	116.1812
34.9461	83.8964	419.8787
103.8381	34.1528	192.5008
52.6499	29.6309	279.5769
60.5186	143.0300	483.3215
83.8086	18.8284	525.7478
91.0867	155.5343	539.8844
84.1832	166.9921	104.8407
41.5738	22.6394	400.4092
6.8620	106.5100	369.7249
29.4395	38.5621	126.2682
151.0103	33.8184	92.3011
59.5238	48.5615	17.9681
42.0346	42.0539	545.9043
75.2190	22.2544	324.0256
91.0273	149.2190	353.1451
32.5752	68.2515	255.3013
26.7354	107.2574	299.6424
151.3384	51.6842	364.8150
96.0465	113.5511	510.8109
92.6267	127.1966	26.7726
147.1634	41.3683	540.9554
146.5836	113.1099	175.9940
84.7728	140.6750	582.9105
133.2595	36.4229	429.0128
72.0575	148.1890	430.4513
73.7063	34.5459	194.2130
35.0581	119.2683	218.4698
156.8951	107.6398	411.7503
112.5505	161.3614	390.8309
86.7629	160.0402	473.5616
131.0525	153.5814	329.2455
125.1126	27.2512	173.6232
92.9447	153.6593	542.4661
76.8426	28.6965	89.9079
28.5444	135.3654	35.0916
114.5134	16.4336	406.2211
65.9463	48.1698	141.0901
110.0036	119.5333	420.1393
25.2620	109.4890	167.5381
71.3815	139.0559	373.4121
90.8614	68.2757	148.5382
110.9768	155.5440	247.2991
146.7262	115.9166	263.0089
117.1939	147.4875	50.1492
12.7551	14.9536	468.5753
114.1414	83.9458	199.1568
26.2246	119.9145	258.8765
73.8606	77.6792	509.6012
129.4701	14.3560	167.4988
65.7024	70.6068	465.2110
55.5656	160.9293	99.4096
56.8247	5.5122	163.1567
44.8041	125.2132	140.2397
115.6760	165.1851	223.0239
165.3540	29.7660	184.9109
154.8950	135.2008	134.1740
111.6595	114.9482	2.4893
44.7039	76.0033	356.8493
109.6613	32.6875	464.9977
7.4965	57.2539	535.0750
31.9322	117.3735	135.8450
128.4792	47.8406	523.4252
97.2407	26.9553	472.4936
108.6867	33.7944	438.6785
0.3817	57.9957	424.0524
6.7947	104.7700	98.5971
150.0809	124.0242	294.9616
104.2520	122.4226	90.2703
108.2232	58.8195	9.7363
87.2063	165.0801	471.8146
3.7944	15.8263	593.4247
50.2457	80.0146	129.4000
106.2260	137.9065	133.2767
159.0658	153.3187	295.4625
150.5470	57.1130	167.4029
136.8890	112.1787	67.2679
45.6437	122.9728	130.2031
8.5698	66.6863	26.8493
2.0811	11.8678	568.0385
27.7057	137.0045	47.6773
2.2147	97.1344	62.9633
11.9311	109.7659	319.3232
57.7790	109.6337	487.1548
96.9053	18.7572	57.3454
12.7299	132.6164	546.5757
9.1013	19.0420	241.2516
127.0808	71.7267	144.2410
90.3298	158.9226	40.3707
70.4208	136.8078	540.7295
72.5435	117.7960	166.3795
15.3289	29.7460	47.8294
14.4905	22.4160	126.4559
132.9687	23.1775	506.4657
23.4530	108.3350	201.1812
113.1496	2.4621	152.5579
140.2414	4.1577	477.7421
56.7559	167.0587	577.6412
98.3370	129.6500	114.3311
167.4270	59.2664	189.8414
100.2078	81.7445	325.5935
162.8391	99.1279	480.9528
109.9930	24.7752	330.6998
8.5151	51.2613	312.0431
65.2157	141.6926	511.7755
38.9116	35.7748	30.2201
36.9816	120.4901	30.6940
55.8051	12.6529	445.6802
102.8149	124.5031	486.7715
107.9834	85.2228	358.8113
99.2398	62.8281	364.2255
97.4711	74.7064	161.5462
100.9137	166.4852	245.9310
99.7973	106.4596	328.4484
164.2997	8.3651	32.3101
72.3738	72.8031	64.0198
5.1045	39.2135	66.2807
100.3346	82.6081	575.9185
118.4285	50.7471	228.3997
38.2078	4.5689	413.8935
30.7578	150.4220	94.4377
40.7489	13.7174	538.9257
109.6516	154.8482	223.4854
88.7141	52.5539	328.6363
82.3319	24.3561	487.8097
118.7881	60.8110	350.8146
47.7542	116.6461	357.7645
122.2654	46.9306	501.5887
117.1891	27.4552	256.1408
34.0693	24.0903	91.8939
117.4323	87.2174	240.3621
162.8767	123.4797	96.5517
70.1673	164.3408	465.5365
22.9693	53.2562	102.7102
55.0987	1.6641	421.7692
55.4280	111.1351	578.8872
0.9408	22.5771	219.5914
129.0479	14.4418	117.4169
49.5148	105.3843	534.6856
53.1544	145.8938	151.7900
37.6163	120.3327	499.2057
155.1426	68.9274	362.4823
21.8281	132.2288	300.6523
40.1152	160.1655	66.9613
40.5643	11.6924	71.7324
107.1837	25.3963	134.9535
133.1151	26.5260	283.5382
1.2631	111.4108	319.5613
22.8794	144.6906	139.4673
32.9748	107.0518	74.5418
15.1091	151.1630	14.5008
75.3357	60.8633	151.5982
3.9224	89.1549	42.0206
84.1145	70.6055	108.2816
107.8058	152.6465	195.2325
46.5116	137.8966	5.8102
78.4305	34.8108	355.5207
18.0420	16.7687	143.3877
83.4598	15.7981	285.8543
74.7371	87.7112	18.0559
121.7964	141.7666	46.3477
148.2806	123.4025	357.8445
150.9454	18.3806	472.2697
157.4628	69.9171	183.3823
110.8630	71.8124	159.1647
94.7514	21.2957	339.2837
131.0278	7.5554	193.6582
114.1758	93.3817	227.1352
63.0939	40.1117	151.0134
139.1784	9.1659	360.8084
66.2716	38.3097	288.6463
48.3534	5.5983	310.7586
51.9861	120.7696	295.4250
148.2087	91.4917	148.7129
141.5524	158.4176	293.6520
161.1626	114.6740	246.5900
103.4143	96.0362	425.0061
130.3725	132.9682	216.0433
97.2818	64.6224	579.7139
71.7058	21.0545	401.2122
109.7367	51.3020	449.4773
23.3056	71.2300	59.7814
152.7183	128.7352	94.6825
46.4735	2.6951	137.7686
166.5412	111.2026	556.3266
98.5262	111.3839	512.3493
128.2397	156.6629	155.7825
121.5371	29.6451	423.4161
67.6873	13.7558	106.3284
118.3119	55.0806	10.1650
8.5767	39.5542	459.5677
49.2503	57.7323	234.0998
54.6400	158.3061	321.0654
48.2141	76.5806	168.8497
110.2685	15.2532	27.3929
62.8782	152.3923	299.3404
158.4830	134.7304	509.9644
91.7023	115.4940	195.7012
114.7247	92.5344	435.2288
26.7401	163.0583	476.9422
16.5221	92.4216	411.6465
51.6896	57.9729	178.8986
35.8289	27.0151	217.4762
161.9421	144.5263	192.8848
82.9422	38.4182	582.0312
142.5375	148.8124	561.3565
30.2477	166.9652	572.5777
96.7229	126.6976	428.6521
153.0552	129.0864	571.2809
72.4655	56.9093	9.9248
15.3164	91.5873	398.1671
132.2469	134.5178	189.9144
19.6802	151.1791	494.6707
117.1059	109.9230	58.1866
160.1394	75.8463	517.3532
64.1426	24.8126	53.7755
94.3339	107.0651	200.3513
162.5150	119.6264	349.3160
38.3242	136.1722	170.6175
70.4518	155.5059	9.0134
126.1301	19.8978	541.1716
151.0721	133.9427	26.2387
165.4625	143.9175	113.6955
18.4060	157.0424	544.6040
156.5711	32.6159	558.0213
105.2292	74.1971	265.4114
142.3589	155.0164	549.5200
77.4796	122.0484	378.9414
153.4825	39.0910	296.9456
57.2175	147.4668	313.3008
87.9941	18.2818	495.3945
17.3983	141.3392	405.4961
73.4216	14.9828	583.7450
66.8145	135.3307	575.8021
119.6449	150.0352	213.6661
1.1593	156.1879	221.9680
155.2939	160.8454	424.2135
132.3881	142.4726	522.3984
59.7850	66.5386	118.9359
156.3705	166.2066	322.7808
74.0641	69.6504	190.0354
42.8662	103.4307	370.9844
32.1135	38.9166	346.0048
109.9743	115.7751	48.1903
8.5412	160.5552	67.7781
59.5561	127.4061	583.4284
160.1455	64.3370	542.2250
70.9449	45.3911	531.3831
25.1244	53.6504	256.1374
163.7495	137.9255	240.5975
150.1769	126.5480	575.4049
21.8694	155.0470	545.9912
53.7356	53.9685	56.4358
159.3821	96.7343	28.7271
13.1271	50.5331	434.2664
101.8094	22.3508	101.8248
30.5820	159.9356	381.6273
79.6732	159.1351	149.6048
75.0340	95.2987	90.1082
69.6536	78.3583	29.1122
144.6721	42.5718	241.1596
44.2436	99.9540	86.2588
118.1567	160.3768	192.5235
123.5613	104.7965	255.8231
13.8405	86.2606	562.0815
155.3380	92.3665	255.6663
160.4877	19.6001	351.1493
142.0011	158.7514	488.5434
63.3155	74.5616	268.8677
6.7129	139.3484	556.9439
81.2555	45.6897	82.5700
102.3390	58.8024	421.2411
138.0287	123.2199	151.9263
15.8296	158.7172	136.0447
102.0004	91.4545	476.5087
113.0286	155.5329	400.4909
66.3641	87.2265	585.6524
6.7976	91.4469	583.2993
101.1200	95.8251	556.7799
98.8895	26.6917	80.9572
116.8355	16.7532	212.1507
150.1649	76.9936	313.4259
96.1707	56.0795	276.4827
109.2706	77.0415	301.0571
113.1165	146.2415	467.4708
65.2244	167.7376	149.5913
75.5540	11.5576	210.9372
10.3788	89.2549	162.9677
27.5810	16.9006	497.4985
114.4205	58.6225	272.0486
6.1682	21.0238	92.3334
118.5642	45.5573	162.3614
128.5670	101.9213	308.6489
85.6078	35.2885	68.6459
143.7116	142.5699	294.2542
160.6561	137.9907	243.8796
114.9049	100.3767	247.6882
89.3184	163.8797	253.5574
150.3461	31.8159	132.6549
87.5934	59.0410	399.1564
86.4980	157.7251	437.3019
35.8083	142.4387	422.4464
16.0268	94.1089	427.9578
151.4788	107.0908	536.5466
146.5496	74.2498	156.0838
57.0094	8.1401	156.7041
121.0339	73.9471	173.9618
82.3832	118.2719	267.2478
58.9663	154.6909	218.6532
112.9493	72.7667	241.0052
139.9651	22.5309	400.0605
126.0014	56.9995	548.8661
88.6908	21.7434	131.0012
6.0883	112.3781	433.5583
162.6535	105.3533	191.0959
90.9978	159.6846	124.1991
18.5794	20.0191	109.4004
47.9242	123.6373	383.4480
73.2387	128.2116	324.0856
136.7097	14.1492	19.5702
30.2532	132.7574	61.4725
19.3485	21.7222	29.8850
137.9533	100.9072	426.9403
113.8135	73.2846	234.2379
147.6091	21.7801	199.1366
79.5114	31.5105	17.7179
117.4145	112.9990	450.4676
151.3008	154.3603	424.7687
79.2400	21.3088	445.0424
112.0211	151.2947	335.5869
52.6107	109.8552	77.0983
19.4910	109.5390	290.0207
99.3790	0.2456	392.8467
103.5754	111.6446	477.2976
76.3042	147.6996	191.1722
120.1930	165.0882	201.7643
26.1683	62.0352	477.4949
128.4759	6.5184	267.4765
21.7773	64.8222	187.1064
154.7133	54.3015	424.3927
80.6233	9.8136	456.9212
57.9169	157.9411	323.8660
14.9195	168.1720	325.4701
60.2720	152.7938	74.1066
6.9779	116.0475	492.5631
67.2306	93.8559	111.8621
24.5086	77.4023	103.6894
70.5967	75.4461	184.2251
29.3442	149.2251	221.5624
64.2359	129.4295	416.6220
135.5136	131.6672	137.9986
10.7189	9.7820	315.0367
101.9756	36.2312	143.7380
63.0637	90.3717	228.4625
52.7365	156.3055	189.0653
12.5174	78.5891	256.2062
51.2854	73.2663	125.8915
37.3125	99.7574	232.7435
147.8192	79.6141	394.6498
118.0549	112.7729	67.6515
123.5202	50.3992	543.4140
147.7648	156.5909	187.8704
151.7779	109.6868	219.4263
156.5037	135.6607	296.9084
100.0815	46.1872	537.9405
89.5582	1.0503	505.8527
115.8004	13.8591	248.2944
88.4253	161.7589	267.2553
115.3197	164.0625	126.4977
3.9530	159.4822	449.7592
10.1935	32.3323	336.0552
153.7743	160.2526	479.5321
1.7669	157.7140	455.9050
76.4393	51.7633	38.6468
23.6837	34.9330	56.4814
74.2173	26.0164	448.9472
7.5751	45.2252	378.3753
128.8706	72.8456	196.2530
163.7905	150.4462	89.3132
164.5028	20.2316	329.2252
96.2739	80.5829	229.4098
57.8988	149.6543	349.7773
150.0427	22.4037	509.0527
97.9963	3.6729	101.7058
114.5643	108.2629	166.1270
148.4316	124.8275	479.0853
42.6617	152.8765	308.3450
15.6814	18.1065	130.8031
144.7740	139.6842	5.5240
35.6142	113.3865	344.8090
93.0320	139.7244	4.5299
1.3808	163.8406	588.0337
119.5595	23.0646	292.4441
83.6529	120.1588	395.2709
35.4443	73.0325	249.8362
27.0184	101.1188	305.5897
92.3171	110.2730	31.6562
0.7062	150.7453	257.3105
110.7982	31.9489	440.7586
134.7061	31.2388	29.6702
37.5346	152.3248	239.7293
159.8630	117.8333	10.1947
28.8470	34.8560	194.0054
102.7016	101.8303	368.4150
66.1000	134.5118	512.3892
109.8649	167.9450	485.1989
120.5791	1.2491	106.3965
81.7566	168.1019	235.0862
13.9439	159.4783	10.8853
128.9280	66.8947	419.2890
48.5974	21.1323	53.7723
106.8616	159.6391	131.3256
149.8033	99.4415	27.0717
110.9354	120.8098	570.4527
66.8663	11.5712	233.6876
146.2345	13.1966	589.4310
16.2831	66.3556	64.6964
161.9328	110.8209	465.8982
44.9342	44.6493	527.6827
25.9589	70.0236	199.0938
39.3659	55.1419	463.0598
109.0908	136.8816	190.8723
47.3563	5.3632	173.3962
87.7092	85.0081	481.4076
134.5369	50.9874	529.4260
2.1855	34.0452	415.4372
7.1886	107.0780	388.2158
106.7404	14.3633	510.4915
150.3846	36.5056	204.7394
59.2691	64.3041	467.0281
7.3934	52.1632	40.4667
70.5500	15.3814	527.6334
60.8398	156.2216	580.1036
45.5172	52.9732	226.3622
114.0869	95.5530	311.6490
123.9739	77.8730	83.3698
55.7176	74.7557	339.8765
33.0596	112.6577	248.6034
29.2808	81.8633	344.7432
11.8039	140.3047	103.2797
67.6799	52.9002	3.8895
32.4174	130.9606	247.3192
165.8295	56.0793	278.8506
23.3036	81.2547	18.0481
35.1156	53.3629	186.2551
55.9315	88.9759	247.0745
88.9322	17.0627	45.9777
121.9576	30.3594	474.0131
25.9519	20.7376	369.9376
154.4046	65.6506	253.0005
118.8320	124.9012	50.3960
41.1355	40.7784	35.0177
142.7380	118.2722	367.2141
154.8095	155.8504	461.2546
103.7083	142.8515	573.6401
101.0948	42.7948	501.7441
142.6474	123.6365	295.8098
146.9371	116.3489	61.8332
76.3361	118.8129	355.9350
11.4542	0.9574	405.2927
103.0488	72.7493	234.4709
45.5269	80.9628	233.7012
85.1244	117.6728	26.1954
132.0690	96.7491	76.1039
85.1171	166.1488	317.8163
116.1736	77.5441	223.1390
13.7747	24.0859	25.1757
147.2818	21.1414	474.6854
32.4889	119.9699	292.3402
102.2893	70.8954	371.0381
42.0974	100.4770	82.0333
150.5521	73.0245	368.5315
158.2450	33.5588	219.3355
4.5707	152.3183	541.3260
161.1775	158.0547	590.1416
165.9709	77.5962	504.4000
20.4742	85.7809	185.9035
8.0758	36.3171	198.2418
36.3960	69.1437	246.9251
105.9345	140.7843	300.8192
66.3953	131.1113	474.9671
120.4698	164.5600	226.8167
107.1788	71.3326	163.1705
100.3147	74.4970	319.4639
164.9074	135.5566	312.6879
106.7609	59.9611	520.1164
107.4396	15.6093	78.0635
114.0772	11.0820	563.8462
51.4393	15.6910	430.0396
126.6897	160.2044	306.4930
106.0815	164.7156	27.7191
34.3297	167.2905	437.9297
106.9997	93.3660	547.9528
26.0975	25.7440	395.9545
8.7257	20.5482	523.2465
47.0339	19.5204	425.1958
162.7546	30.3518	321.1818
50.6562	122.8359	409.8184
158.4266	127.9528	530.0738
165.7057	24.6206	145.5320
13.0351	37.6651	436.9674
167.1807	23.8397	60.1201
69.7886	59.3875	520.3074
116.7107	116.4385	25.2184
144.8508	144.4185	485.9161
107.7328	69.7270	536.0892
87.3042	158.7360	88.4382
74.8770	40.6597	371.4926
73.2342	24.2198	536.6506
160.3360	136.2549	199.1812
59.6453	4.4426	180.5103
98.8611	38.6865	332.4571
111.7096	122.1649	501.0014
70.7924	28.8124	337.9416
16.7978	153.7765	13.2148
57.0431	14.1872	550.1627
150.0900	82.1497	158.0270
35.5486	47.1777	345.9664
66.4598	133.0543	13.1793
86.4767	135.1978	396.8236
128.2591	47.0239	323.2719
30.5647	0.6843	376.5611
73.3908	77.1368	186.6378
98.7243	94.3077	145.3955
115.9548	54.4944	572.6499
55.8499	34.0048	152.1416
152.7281	107.5276	192.6881
5.9279	111.1093	255.7989
91.0457	69.2899	543.1018
143.4125	36.9537	398.5284
156.4499	122.6922	526.0962
7.1423	21.3900	236.9547
150.8556	42.8342	447.8306
82.7350	6.8678	466.7690
93.6747	109.8949	558.4501
116.1076	28.2733	261.3516
158.8368	17.9580	430.4953
111.9719	158.4441	494.7931
66.5863	132.1928	262.1198
155.1812	141.0622	254.5132
94.7507	123.8477	31.2869
15.7464	130.7685	567.3518
95.4017	35.6381	201.6663
55.2035	145.6412	397.6355
70.7119	116.7523	417.3971
55.6673	43.6053	273.4902
40.9323	52.0190	593.4830
85.6061	82.3952	365.2515
139.5594	156.6157	579.4314
166.5532	148.2960	197.8985
42.8227	101.1449	194.9607
82.6399	83.8027	292.1261
49.3597	45.1084	478.4377
85.8021	58.5329	532.7731
118.3627	114.2932	461.7486
71.2784	141.6125	277.1832
90.1187	155.7785	25.2917
167.0017	49.5020	32.5610
9.4863	101.9211	353.9518
24.4656	14.2235	393.6245
97.0661	50.7444	202.0330
68.7730	101.6511	421.0878
52.8140	158.4351	212.0593
67.2523	91.4605	110.2003
84.8300	112.4204	201.8041
0.8949	90.5711	592.0013
94.0203	167.5993	226.2312
15.3801	86.4903	514.0525
167.2176	70.4449	238.7985
49.7284	165.0251	95.6012
39.0718	79.4014	28.9937
19.5246	4.7290	84.6913
45.9679	117.6353	200.3934
15.8492	24.6624	69.8572
166.0721	45.6698	580.7976
86.6273	94.6205	367.8407
45.4310	93.2317	487.6845
69.2102	56.1575	316.5230
136.3121	35.9315	549.6638
118.8776	152.0330	521.1589
61.4560	50.1908	391.5073
61.2185	52.2136	391.6573
137.5379	127.7129	201.2444
62.9745	54.6932	536.7354
153.0410	111.2644	198.7907
49.7354	23.6428	45.0570
10.1999	63.3454	189.1673
141.8879	159.8108	367.0000
90.1686	166.0972	249.6935
135.2834	62.8048	379.6113
10.4386	146.4862	157.1089
37.4276	129.8650	0.2624
90.5531	91.2775	547.0365
141.0876	28.9537	272.9997
124.8413	150.4518	32.7129
27.5600	119.3350	220.4863
2.8988	39.6767	13.2727
21.7981	87.0718	29.6605
62.2875	116.5775	399.2585
68.0551	32.5884	89.7939
159.6178	135.5606	529.2803
29.1616	151.4300	122.8006
33.7351	98.9210	348.4981
103.9594	160.3908	263.5856
131.0441	8.5524	136.5257
126.4755	77.0882	313.8694
136.0718	167.3398	132.7676
106.8813	16.0421	469.7642
5.1285	9.8745	128.3471
83.2304	121.7718	359.4686
114.4797	44.3734	75.1238
90.9801	28.2964	577.2278
56.7080	19.1709	340.8529
143.8256	80.9392	561.2661
45.6957	155.1525	401.0077
162.0810	95.3857	580.5833
56.5785	115.6065	395.2086
95.7101	159.3187	152.1535
129.2678	136.7230	163.7561
13.8743	54.6816	586.7450
84.5124	12.2094	489.7591
57.7264	85.9153	510.2405
164.9369	67.7195	111.1333
32.7009	113.5905	82.0012
64.4174	130.5100	312.8394
106.2379	35.3474	457.6432
159.5817	64.6010	277.0255
43.4297	31.6742	196.3890
118.3879	51.5744	503.0721
137.6839	86.0474	82.0365
114.1276	94.3296	310.4007
70.1133	31.8102	245.5979
134.8056	115.1002	579.7916
54.0785	154.8259	537.0606
71.1836	24.8500	412.9258
121.9181	14.4074	247.9787
17.4548	10.1459	165.1176
2.4299	10.3097	169.2022
105.0409	137.1605	112.6959
15.7162	82.2890	140.3385
108.3216	116.9283	420.8426
30.5901	17.8918	12.0675
24.3232	117.2684	289.0620
87.0535	42.1654	390.2487
164.7232	137.5081	438.6271
20.2411	100.8492	31.6399
116.3248	46.0655	80.4881
36.6210	113.9534	240.1614
55.1771	16.3739	79.9513
59.3453	48.3100	20.4019
106.8495	97.6491	472.1728
20.5257	106.1259	45.5985
111.3031	129.1680	306.4807
141.5559	129.9028	396.8614
12.3960	12.4747	460.8273
120.5644	34.2318	71.6097
54.4007	64.1204	524.7411
118.9046	133.8563	73.0104
9.7397	150.0092	466.9980
25.1982	1.3669	568.2175
83.9504	1.2352	15.4036
114.3121	77.8378	498.0695
157.5560	61.7304	513.3887
137.3837	150.6862	475.3065
100.4214	36.6886	15.3771
51.8150	58.9984	163.6292
71.9016	149.9514	213.9049
79.4379	88.4072	145.8731
104.9198	6.8280	153.4696
78.9556	16.3677	209.8130
151.6337	122.9361	128.5832
146.5514	141.1693	303.5476
120.1790	22.5382	60.4579
11.4686	11.5135	438.7139
65.8080	42.7823	549.7891
87.9388	157.4866	95.8570
149.4271	16.6529	306.6853
74.9930	29.8356	559.1888
34.8067	117.2255	7.5578
69.8329	75.9229	339.7730
37.2547	141.6554	281.3190
99.2686	51.3592	587.8713
25.7701	119.6553	555.2760
65.7283	36.9662	230.7982
77.3539	141.3708	496.7339
16.3105	146.2150	506.0837
119.8291	127.1392	517.0660
113.9410	31.3500	226.8793
102.3435	104.1425	461.1429
35.5525	19.2436	130.9396
69.4450	96.8261	494.4228
146.1101	163.0409	14.4340
162.0422	45.7520	399.5432
137.1967	121.6699	447.6049
28.3144	58.2889	558.4676
27.0979	67.0143	222.0773
122.7497	34.6209	125.6252
46.5211	5.9619	197.6608
100.2253	147.5334	482.8257
55.9502	90.5419	133.9386
102.0148	109.0483	31.7248
51.7417	37.2439	549.4394
123.6353	166.4655	392.6143
146.0840	100.0725	50.2978
167.6053	113.1818	121.0408
36.3133	149.0052	581.9590
92.0511	123.4919	343.7612
109.6460	153.0043	343.5329
149.3373	144.4204	465.1792
58.5437	108.4039	570.6349
125.8606	28.9632	446.8830
103.8362	75.9740	460.7664
0.1471	27.7889	60.5896
87.4221	12.8926	249.3855
88.4997	70.7595	106.0659
10.5658	97.7949	381.2620
151.2487	103.0792	372.5218
24.1415	88.7906	128.2973
141.1785	90.4382	420.6779
28.4881	135.5993	520.2568
30.9466	4.6243	422.0698
3.0137	116.6553	423.9876
82.4254	24.3194	508.7103
99.7134	51.4539	259.0211
122.9683	68.2311	21.6649
73.6378	118.6628	564.4432
90.3485	80.2123	184.4616
130.8444	80.0209	346.5122
139.7067	146.3783	453.2565
48.6309	86.6829	302.4028
140.7273	128.1049	580.6447
167.1553	6.3493	511.9012
11.8898	149.2316	410.8101
148.0719	96.9024	255.9232
165.9338	101.2629	302.3832
132.6415	1.2751	179.0456
148.3785	52.7627	350.3326
159.6468	128.7702	567.7502
110.2858	7.6636	209.2678
82.0759	63.8584	306.1209
14.0333	54.2272	423.0263
119.9944	22.1737	568.0726
117.4411	144.4734	523.0814
125.3725	96.7278	445.9383
29.4723	125.0423	214.8218
57.0873	11.5640	470.1459
75.4502	9.2229	62.8254
44.9121	146.1605	205.4214
137.7717	66.1197	267.0988
72.7956	104.6784	543.3488
135.6643	0.3671	512.7508
21.2077	137.6208	489.8990
56.5794	48.9419	57.2586
61.4367	118.9959	455.7620
162.8516	43.0673	185.9237
4.4701	61.4401	112.8162
167.4082	84.6871	408.8454
93.2385	31.4244	239.8101
41.3211	41.3747	528.8612
56.6505	32.4078	161.9613
81.8622	124.7650	208.7124
46.1985	85.3397	188.2243
112.8269	160.1651	492.3016
119.2250	98.9150	543.2491
83.9067	11.5298	230.8039
146.0102	52.5640	427.5285
61.0487	44.3651	511.8639
112.0309	158.0089	400.3757
6.2696	62.2810	340.7176
108.5167	74.1404	586.2160
91.0670	55.6261	363.2440
124.0114	35.9970	418.5904
136.6952	24.2564	550.3867
33.9532	74.4990	35.9550
59.5289	114.7549	466.6305
155.5301	94.3446	0.7681
4.5916	66.7726	115.9112
139.4740	71.2052	185.7410
141.0546	38.8593	316.6509
32.2291	93.8191	553.6283
122.9617	68.0243	416.2342
81.5717	110.5461	214.4096
102.6088	165.5800	168.9077
26.1240	116.6722	194.7814
74.1703	59.5371	289.0884
126.2512	47.5916	49.6188
125.5007	5.4388	182.2801
138.6513	51.6216	319.8736
146.6646	101.0867	156.5841
112.5456	66.9838	469.9745
111.7910	32.2928	57.9420
140.8128	37.0778	573.0295
60.3903	161.3922	8.4383
110.9146	63.8836	231.3781
113.3828	25.7777	35.7392
52.5135	62.8225	216.9689
54.1860	7.0367	452.8943
9.0008	5.9633	495.0773
39.9181	0.3844	405.8343
74.1386	132.0298	204.3948
134.8699	94.6699	201.8154
11.2150	11.9672	464.1896
93.1458	156.2237	572.6682
165.3216	150.5290	171.9120
162.4548	33.4100	359.3477
55.3486	97.6280	519.0812
155.3159	147.5522	38.9739
94.6139	35.1090	31.3244
87.0878	121.2729	4.5208
22.0195	159.9084	558.4845
154.5592	91.7029	375.5458
72.3119	88.8589	277.7393
136.9373	25.5291	539.8135
101.3558	124.6063	398.2267
51.4464	11.5826	309.1393
142.9757	93.3188	195.0186
116.6134	54.5325	250.6347
38.6241	74.8464	159.2021
10.2590	9.5353	539.5926
103.9127	160.8581	309.8738
113.5755	122.0103	421.0919
78.9735	164.7839	325.5592
126.3200	42.8816	354.7339
54.8208	72.1107	147.3926
45.2664	159.1315	70.2382
45.0743	38.1265	437.9706
117.7233	49.2478	485.1909
128.2257	107.1415	284.8616
165.4017	102.3149	437.7265
160.0521	104.5479	175.4922
107.6100	164.6535	60.0181
145.7229	43.6073	569.6357
101.1526	102.0813	427.7681
65.5355	0.6502	154.9171
69.5496	41.2900	182.1038
67.3161	41.2646	570.3370
120.5983	67.9904	171.1237
162.3002	18.7597	341.3761
79.4075	121.1749	349.0019
112.2313	103.8520	404.8860
88.0579	31.6682	411.6488
62.0743	97.9112	131.5871
101.8439	49.6113	362.4071
116.2552	79.1610	375.1757
101.0536	25.6355	106.6202
106.5737	38.7017	119.4384
52.8603	72.6502	389.7134
11.8352	86.3861	503.5253
128.4713	117.6275	496.7699
144.2566	147.1005	202.0489
51.3919	157.0699	439.4428
61.3828	49.5252	182.6068
134.4997	22.2908	297.3444
103.2343	107.4853	371.7242
44.5500	29.4013	68.4911
83.8769	150.8918	24.9702
36.2660	41.9539	433.6161
127.6704	102.2687	71.6806
16.8637	132.5543	561.3110
32.2603	106.4527	195.5338
100.5558	7.2460	163.9171
137.1916	47.6188	200.7207
7.4636	125.5252	499.9521
102.5224	139.1082	486.2660
155.9691	75.6794	155.0482
125.6825	4.2549	365.5591
35.3563	81.1077	392.1507
68.4982	106.9660	483.0152
73.6528	59.5880	155.8627
104.8697	108.8606	343.2260
116.6836	107.3029	322.8863
49.1338	55.5896	486.8662
160.3751	156.5286	56.6841
32.4491	136.8037	59.3285
92.9713	128.4056	323.4875
108.9917	21.1980	18.1171
11.4060	24.1644	74.3834
30.2577	130.7427	568.2027
12.7398	78.4975	21.6972
37.5600	137.8321	554.0719
99.1441	124.8649	499.6777
69.8913	48.8808	337.6250
157.4721	140.9006	115.5092
142.4367	103.5419	443.4631
6.6793	34.9027	64.8270
155.3996	156.4834	288.3908
166.4011	121.5292	254.4602
17.5041	68.8387	318.0914
1.9538	88.7227	571.0768
70.1483	110.4510	383.3531
115.5705	18.7620	174.4195
43.3669	0.3879	367.9331
124.4443	101.3288	232.3163
78.0194	73.9567	100.5325
26.7514	55.8510	178.0052
58.8098	33.8831	74.7123
126.9499	99.1343	320.5064
149.0221	110.8015	31.8601
79.6498	157.1235	566.0828
13.5493	54.4893	66.1709
58.7731	118.9989	209.4108
69.1489	25.5591	290.2763
79.7098	107.8291	324.5065
15.3460	150.3693	122.8396
149.1306	89.2130	279.7865
44.2158	160.9583	336.1274
164.7026	158.3569	129.3352
139.2445	149.4394	91.0684
163.6082	70.2291	308.9076
42.0942	16.3848	151.7115
17.0915	12.4258	456.1702
119.9561	36.9045	66.1929
34.0499	85.5994	247.5905
7.7343	42.8137	342.9391
138.5193	107.7410	27.5087
125.4713	49.4954	430.9145
120.4298	23.9203	592.2732
24.3000	97.5841	197.5339
35.0372	110.1368	76.8768
61.2095	3.5124	430.0458
41.1432	82.1407	503.7988
134.6624	91.6652	208.3020
168.1330	78.6714	309.0113
11.7254	164.2985	566.7784
161.2456	117.2987	408.7944
84.2103	96.2568	154.2298
153.9578	123.0039	310.7662
137.3136	142.1057	269.4908
164.5614	156.6292	101.3231
126.0551	52.9495	435.7861
60.1512	67.3968	522.9389
74.3596	142.5758	335.7085
0.8185	19.8534	571.8338
47.6980	8.1248	147.5864
153.2103	80.4450	258.7446
6.5800	29.6144	56.1659
99.5645	104.9274	374.0565
10.9831	91.3691	220.8780
31.9600	101.1328	72.7333
43.1889	31.9983	251.1689
129.4804	31.9619	349.3963
48.8161	81.2551	516.7556
11.2621	8.1209	559.8563
53.6881	103.6992	11.5376
56.6569	1.2352	158.3634
129.6611	34.3306	221.6559
51.4010	55.9929	338.9938
21.0150	127.7122	103.2509
85.9456	88.8547	441.1671
93.6740	23.7179	267.7219
112.0354	83.3913	208.6134
37.4331	90.2537	305.8499
21.6964	127.0424	165.9205
25.7511	91.8553	457.5523
11.6417	125.9698	386.6239
43.2241	44.1222	341.6314
47.0955	141.7293	464.4439
154.5387	117.7348	211.9687
34.1423	61.7496	248.2626
27.8345	119.4289	266.4398
111.6544	64.8164	319.5033
26.8362	143.1830	584.0434
122.2037	133.9810	11.8549
29.6460	165.2882	562.6269
152.1163	96.3487	28.4355
11.1147	72.8001	256.7487
16.3522	48.1795	275.1928
58.2971	100.4980	126.5660
61.1839	133.6226	26.0326
166.8321	87.7611	311.8070
70.7283	28.5640	102.1838
70.1317	128.9936	493.0995
119.1199	101.4478	13.2282
30.1448	103.7596	82.0923
61.6410	155.1717	300.8192
27.8328	133.0719	543.4882
156.1319	55.4994	573.2311
35.8133	82.1859	257.1899
116.1457	147.5912	514.8432
150.2835	100.5525	114.4267
104.4463	128.2079	374.3303
79.7662	20.7056	307.2120
150.3552	150.8788	230.2261
157.1935	64.7873	330.7301
36.5558	40.7064	343.9219
64.9503	49.6042	221.4511
110.8804	89.8987	79.9729
145.1775	75.3517	487.9053
72.7542	77.7270	139.8968
114.4069	100.6814	16.0671
17.1669	97.7007	236.9385
42.7830	10.9891	136.6341
16.5225	119.1970	58.8885
137.6543	111.9032	54.7269
131.6057	127.1580	324.8181
62.7363	94.1214	113.7058
98.2681	145.9843	582.1700
110.1538	38.1337	574.8320
155.0601	13.1413	362.0506
121.5190	36.3065	132.1902
52.1860	4.4561	197.6430
5.6241	5.1058	535.8758
24.8208	123.1018	242.6720
31.3863	75.7362	440.8884
93.3035	40.9326	312.8279
125.7597	106.1567	199.1507
124.7999	103.2674	250.7334
104.4791	64.6716	517.2884
112.8539	110.6197	42.3462
151.2949	56.2287	344.3927
80.4719	162.6845	399.6670
62.2327	60.1971	516.4508
166.1394	124.8669	40.0875
16.2225	156.2121	526.9509
90.7977	121.0337	461.7985
106.8496	157.5977	519.0866
41.2689	98.8558	150.2858
95.8196	39.0092	592.0038
108.7073	37.0601	104.5482
1.8337	45.9609	152.1856
156.4690	38.6842	69.7850
56.5552	133.2825	489.4667
104.8342	56.1038	334.2867
165.3999	88.5722	317.2354
155.8212	66.8699	245.1487
63.4144	106.6903	395.3354
1.6879	28.2617	453.9981
60.2574	76.7708	178.2472
46.5365	43.7315	556.6576
95.7900	8.5613	354.9126
69.2779	166.6423	52.9668
57.2694	58.8905	590.3263
117.6033	107.2940	389.6934
59.8141	43.9713	434.1857
4.6144	48.0694	17.0162
90.1683	10.8503	230.4893
168.1275	24.4299	225.4735
49.6041	155.3721	386.4979
60.9313	43.8624	499.8571
75.5528	36.7678	68.0851
165.1490	74.7094	519.2628
164.4358	13.8015	547.9598
121.5761	106.2934	449.7372
166.1036	122.3334	144.6547
4.4650	151.1706	269.7458
117.5687	159.3538	270.9802
138.7952	44.0444	144.3343
23.7769	9.3848	505.2955
116.9377	123.2799	151.8406
51.3310	36.1130	60.8698
132.7525	147.1110	32.9157
168.2617	86.9443	306.3870
146.7839	154.8990	371.5106
141.2198	93.3756	299.4759
90.8378	92.1030	502.7967
87.8077	94.2201	423.9508
136.3089	91.0760	414.6577
41.6646	45.8895	525.6523
16.0591	146.3748	178.8505
98.5821	56.0465	157.4538
125.9394	16.7847	24.5468
8.7557	143.3549	91.0119
9.4776	81.4149	17.0410
121.8189	21.5639	133.4160
26.5015	18.0520	456.8679
142.7349	99.2737	34.3739
149.6154	45.7124	293.3641
164.1536	136.8707	228.1845
110.6371	8.4818	117.2639
107.3049	111.9766	531.2459
7.0204	128.0845	541.3680
117.9067	119.9053	348.7983
101.8971	124.8105	488.7806
14.6810	19.0416	535.5676
5.2365	81.7825	314.7860
51.9743	138.1261	540.7695
110.7507	64.0850	344.1173
31.3799	39.2494	43.5670
122.7576	152.9386	481.1425
28.5722	133.9842	501.1543
139.7318	131.9140	442.8462
9.9313	58.4198	329.6636
145.5864	152.0486	108.5049
36.4825	28.6769	94.5923
74.1414	118.1046	431.2221
10.3329	66.4244	193.1746
83.0220	20.6555	370.2794
48.2014	105.0497	304.0666
38.6596	128.1486	353.5200
152.3769	137.8063	201.4410
61.2163	14.7081	584.9516
0.4074	38.0413	203.5833
26.6644	42.5916	175.5229
81.8506	55.3280	321.0807
156.8987	125.5394	326.1831
111.4275	109.9667	19.1224
56.9359	28.6943	437.7709
41.2532	44.2421	155.7390
51.1707	114.0132	359.0127
129.5874	45.0598	485.2123
32.7232	40.1384	111.0437
155.8082	18.3359	187.8077
78.3970	80.9871	348.2631
8.2321	24.7595	125.7370
21.9698	147.4205	42.1749
102.7096	64.7247	217.2218
40.2146	4.8769	84.8296
107.0795	89.6538	165.3357
39.8477	155.3166	323.7030
57.0876	42.0002	167.5871
28.4128	88.0819	182.6620
117.0769	99.9638	560.2286
10.3251	71.8644	188.1777
86.6942	30.2207	421.9691
134.1439	96.1862	411.0200
18.7787	112.2151	536.2895
88.4467	41.2239	298.3261
129.0490	102.4591	72.9886
167.8138	160.7590	36.3188
80.6577	115.5187	583.6849
104.3360	122.8348	269.3282
84.0709	138.1593	297.3843
166.8908	95.1516	366.3531
165.6712	57.0689	294.0264
78.9455	157.2826	565.5072
137.5745	102.4942	391.3517
113.2415	44.8868	29.6721
34.6915	24.2795	147.0131
81.3367	101.5221	315.4485
23.4515	72.7125	300.7062
30.3643	91.6602	128.3956
85.9320	144.7292	562.9626
75.2902	142.2826	497.7983
105.9129	54.7181	470.5888
128.2544	83.2682	3.4952
45.7468	34.1008	283.0839
131.1628	22.0679	466.1053
156.8355	167.6837	197.7274
144.5410	150.0589	205.8602
25.9698	140.3649	364.6586
106.7018	57.1848	341.1836
165.5051	123.5795	96.6460
6.6583	129.4897	303.8402
21.2333	52.3709	565.8034
161.6563	0.4856	302.9688
1.6136	132.6751	31.2320
17.0281	115.7687	484.9281
93.6995	70.9558	205.2945
147.3907	129.6426	389.3897
77.1555	95.0805	340.4220
80.8973	21.9522	147.4823
0.9478	7.8470	105.8089
64.1936	132.8286	563.6418
111.2235	108.0943	431.6573
115.9174	166.5629	104.9807
59.7886	59.3342	74.0482
65.8367	156.2536	98.5211
155.6104	23.3459	103.6350
56.6546	26.7110	317.1988
149.2630	44.2186	590.6234
91.5662	133.6087	291.5673
151.3546	109.7934	317.1078
97.7975	6.2393	492.3021
123.9112	30.1814	134.1350
76.2948	124.5266	323.1343
26.3894	38.4184	253.0775
128.5631	40.1950	535.4406
132.0184	124.4521	19.3779
116.8961	31.3560	476.9336
1.3645	30.3177	156.4992
52.9451	102.9363	321.7487
154.1258	165.7079	66.6775
139.7163	84.8297	231.6325
71.1058	5.0735	24.5147
54.6300	90.5852	145.1575
68.0853	85.4616	224.0361
32.8708	101.9474	54.2398
95.1598	25.8873	223.6769
3.7519	49.4820	339.6093
109.6211	49.1755	382.6391
121.0246	143.0098	147.6812
44.9855	137.2496	368.5418
117.6699	56.5573	571.2229
111.2610	79.9748	533.7883
150.0760	36.1749	188.6340
80.3510	12.2179	231.7734
80.3533	44.4542	77.3595
132.3471	91.6600	91.1890
69.5601	88.1514	582.9523
46.0282	131.5135	520.2511
6.1599	167.4662	383.3661
146.1065	35.3351	324.1029
47.3307	136.5700	12.2370
104.5642	60.5661	290.2231
114.8445	156.6724	499.2869
67.4594	149.9161	389.7710
8.6201	39.2546	46.5376
40.0084	120.4338	343.3810
82.5415	45.0867	267.1939
42.6232	110.2506	183.7625
157.8337	120.5823	157.1134
49.0150	43.2332	217.9837
91.4615	129.3126	542.0180
114.3880	93.8443	421.4507
37.8279	78.4005	523.7796
54.5499	45.3305	428.3431
165.6625	105.2214	105.3496
12.9603	121.6331	308.3099
73.3617	138.5183	554.4834
72.3538	95.0231	213.6957
119.5407	154.1300	271.4362
33.0093	135.4486	116.1023
160.5308	2.4401	101.0959
59.9325	151.6882	339.5333
113.7711	82.9330	135.2116
85.1298	128.6872	185.6075
63.3838	53.4436	233.7392
116.5028	135.4298	471.5102
12.9793	97.1177	389.2902
102.3504	124.9521	495.3026
57.9520	4.3036	229.3606
103.6495	150.9397	217.2960
108.7441	48.4161	337.8692
58.2400	78.0513	463.7276
59.7128	56.6077	289.7184
101.5244	7.9491	119.4536
86.3443	139.6429	575.5001
8.4775	91.8169	36.0549
83.2096	13.3094	168.0516
143.3632	43.9971	272.7680
27.5948	156.4861	184.5284
137.7906	53.5694	455.1635
67.8872	118.8320	133.4961
68.1707	139.1892	529.8301
28.6546	76.9580	39.8753
3.2032	134.9106	357.1916
76.4460	146.1395	248.9156
100.2454	98.1409	255.8880
1.7369	22.5897	233.0458
140.2830	36.7751	257.9017
70.2829	154.7612	212.3669
70.1953	142.6146	514.8103
121.7364	73.8981	473.4547
37.1626	163.2004	428.1593
153.8369	3.8791	373.9140
80.3253	93.1451	254.9317
21.1798	102.4878	500.4534
33.6791	105.1993	39.9311
116.3694	160.6493	189.7674
100.4009	17.2713	131.1453
11.0560	53.9329	283.3453
54.4304	44.8095	489.6560
101.2187	69.0553	355.7670
77.0522	115.4414	570.2405
32.0874	152.6905	94.0150
124.9886	150.1077	376.6724
16.6936	63.1056	181.2351
48.4051	35.2334	69.7439
81.2338	112.3262	507.0520
57.6581	46.7289	425.3495
76.4640	134.5194	174.3819
27.4468	112.1276	98.1877
17.7929	57.3818	216.3905
5.5084	22.3361	109.4833
105.7247	100.2673	148.7079
9.0207	83.9670	282.3691
62.5073	49.4614	214.0899
163.7172	47.2011	207.6598
81.4417	113.5893	454.0826
150.8702	18.4205	461.2984
48.8189	112.1118	332.6423
124.7524	145.9186	527.4899
135.2888	14.2357	159.0712
4.0231	131.9485	140.3282
77.2528	0.5720	301.6738
38.3924	21.6816	511.5495
141.7719	15.7655	1.9035
164.8412	129.9159	349.6759
87.1256	129.7524	488.2402
23.6165	120.1985	94.9660
87.5764	12.3272	279.6606
60.5707	45.4223	84.2605
106.8216	133.8222	161.9232
110.5113	146.0606	578.8396
150.6953	108.8318	167.2868
9.4940	108.9040	261.2242
94.2833	88.6610	5.1545
43.7239	142.7453	432.2065
54.8247	130.8002	468.3148
119.6615	43.7229	255.1669
22.7142	73.5915	77.4761
143.8276	8.5418	64.7940
126.3097	18.3286	449.2076
142.5139	122.7131	303.2382
68.9792	4.5136	276.0721
140.9021	102.7387	415.0260
99.2253	106.7917	549.5391
1.0491	166.8540	209.4685
125.5301	1.8492	120.0495
74.2707	137.8029	432.1719
33.4415	136.8531	472.9922
104.2386	59.4055	44.2348
31.7240	107.1401	83.5409
32.4120	151.5975	274.6635
20.8558	84.6415	123.8158
5.6674	92.7853	177.3033
118.3911	129.9822	55.5364
24.6216	10.8294	450.0198
6.3548	15.8323	265.2508
48.3703	133.4336	387.5760
97.0632	62.3883	409.0070
0.0038	94.5678	33.2034
157.6355	130.8779	484.5808
96.7447	156.0982	53.4320
87.1546	87.8410	171.1804
4.7809	57.4075	140.9632
137.3095	105.8600	584.1336
114.0747	42.9006	452.3758
25.8753	47.8230	98.6188
48.4848	56.2001	23.8034
152.7662	63.9133	406.8689
40.6980	155.7561	335.0238
149.7521	74.1849	346.1577
44.0881	76.7208	128.1021
74.0954	143.6566	500.5925
143.1451	29.4390	568.7088
113.8951	154.8703	521.6512
107.6928	34.6731	451.6202
76.2508	113.8207	450.5613
132.7623	25.6253	308.8779
44.2949	76.9114	139.1023
47.7847	109.6943	313.8693
115.3318	124.0009	563.7620
37.7456	55.6864	292.5893
59.6608	113.2905	248.5114
142.0738	27.4850	467.7225
12.6224	18.9652	458.4537
50.7033	4.7358	127.3120
106.7290	161.6294	386.0732
160.7224	17.2710	469.2170
10.7961	125.3050	465.3187
14.8179	145.3259	152.4142
62.3100	134.1187	525.5073
134.2368	140.3003	517.0217
166.8249	144.6437	484.2588
160.0066	160.5006	332.5491
88.6242	94.0819	258.9576
28.2404	97.0106	225.9685
105.3440	154.3252	0.7017
36.7593	127.7497	158.2206
50.5181	119.9105	348.8744
92.4392	125.2143	280.6897
30.9935	134.9812	70.6514
2.2027	23.4198	485.3952
156.6717	90.4314	482.3624
49.3414	33.6911	460.4317
168.0122	129.7957	336.8692
23.4604	19.8769	11.8093
48.4281	133.2659	113.7603
84.8267	141.4595	221.3144
71.3431	24.4033	49.6124
156.6712	160.1069	64.7867
153.5501	66.1730	487.7093
118.2330	4.3854	16.2976
44.1769	0.6419	253.7126
105.4605	57.0130	59.7121
52.0426	47.6056	82.1933
121.0384	161.8640	495.9784
145.7811	79.1723	276.3263
30.9621	15.9217	409.4696
144.8219	52.3060	555.5100
21.5530	46.8429	11.2987
167.9143	69.7665	217.5836
117.4624	157.5927	368.9982
22.5953	129.9374	60.7740
139.5695	34.9289	342.4269
0.1095	72.7695	546.3620
74.1796	67.5241	204.2218
35.4495	22.2134	83.4806
102.5762	4.8391	339.2740
100.0034	39.4269	580.6169
92.9717	117.9846	235.4334
109.5457	69.5264	477.2756
114.3611	149.4195	451.5706
52.6456	127.8592	586.2285
110.3140	16.5310	418.6704
150.1283	71.5506	57.0818
43.6963	115.6469	94.9586
133.9419	130.2823	135.8969
151.0549	47.8656	100.3413
100.8959	49.8235	70.4179
36.7653	124.1545	180.1015
112.9467	149.4565	498.5204
131.8410	99.7589	384.0032
24.6159	109.5237	438.8276
134.4607	135.6493	562.9719
43.5519	146.5648	318.9546
21.3124	151.0696	357.2047
115.6121	72.1238	453.6114
105.3845	19.3227	124.6399
146.6943	5.2097	88.3834
41.8234	87.1323	399.1309
141.8010	111.2378	70.0709
4.6680	76.9137	54.9593
130.4554	8.3554	521.8084
90.1473	89.1369	13.7538
122.3179	59.6743	101.8194
130.2487	146.1765	119.3902
115.8571	155.4303	282.0985
2.3491	141.9435	62.3667
145.3970	84.4893	412.5080
114.3512	66.9586	555.4700
30.3174	157.7643	39.8201
7.4231	131.9582	519.6944
131.2619	68.6657	482.3698
85.7125	163.9524	170.6980
83.9360	77.1732	290.8610
40.9481	145.0514	367.6731
18.4230	133.4051	383.6599
76.2012	124.8958	447.6946
13.2275	72.8189	277.5854
142.5370	115.0142	268.4695
22.7035	74.1381	61.6137
90.4701	27.7278	51.5014
117.7391	153.4432	329.2808
85.8440	28.2386	435.6667
92.1380	31.3506	560.4791
114.9269	53.6983	510.8267
85.4825	150.5353	82.6731
25.4431	12.7303	235.1233
30.8997	143.0907	380.9769
94.0543	109.5437	186.0105
64.1718	126.3729	438.1571
164.2482	87.2581	506.5878
148.4868	110.2304	460.4728
58.5882	135.9416	165.0803
73.9215	47.9122	525.8192
124.4302	82.3493	192.6810
27.5248	111.6923	287.0111
38.2973	133.0754	63.7612
138.8745	36.6607	369.4701
137.7613	154.6707	178.2751
133.3951	9.5163	361.9598
9.6231	135.9050	410.6991
38.6496	108.8366	138.2696
102.1762	21.1071	102.3567
71.6315	104.8599	83.3522
12.0707	78.6888	584.2410
52.7250	14.7423	289.4505
140.4796	127.1836	164.4011
126.6818	48.9795	43.1197
58.9755	29.0350	309.2132
68.2504	139.2270	265.1528
62.1532	97.2109	405.7447
119.3468	160.0956	277.0701
10.5903	83.6260	415.8997
16.5116	105.4816	328.3423
43.7186	6.1566	81.7585
122.8179	38.2947	395.7354
85.2104	164.1343	300.2952
40.7939	146.9718	12.0268
115.4024	140.1640	157.4409
15.2659	126.8314	460.9700
53.8898	90.1292	587.7708
5.0264	91.8743	122.0967
56.4717	111.3817	574.7392
35.5179	22.7283	185.7355
0.1006	161.3064	421.2745
140.2647	65.5320	257.0091
158.8190	141.0541	500.5631
7.3277	48.3298	68.7671
41.7857	103.0278	262.9002
92.8354	24.9198	565.0669
11.3638	76.6102	266.8846
63.2685	59.2602	248.1524
46.8414	152.1913	73.3874
121.4909	49.2444	593.3254
40.0355	127.7008	152.0381
108.0890	67.4431	488.6140
86.6356	123.0424	184.9454
43.8145	110.0034	58.7986
39.0646	147.7911	280.4192
92.0345	18.4986	269.7548
126.6218	43.5677	492.3390
94.8844	159.0468	359.1117
77.7161	57.8639	301.8824
157.0961	115.0556	442.2525
56.8766	46.9865	18.0773
56.7962	157.2482	379.5517
100.7778	56.6627	407.8037
117.1826	12.2304	49.4497
15.5531	120.8722	324.8355
144.2667	153.8579	554.9958
117.0753	7.1661	262.5862
63.5447	127.7013	555.3359
53.7932	68.7745	414.4377
80.2942	137.2550	545.4146
155.3257	156.3833	307.2198
2.7958	109.9289	444.2326
84.9276	133.4282	81.5923
146.0208	40.7749	185.5081
79.2711	136.1495	296.7111
157.1231	9.2009	564.3847
109.2432	33.5317	60.9394
4.7647	53.8176	271.5090
60.1151	158.6570	460.4659
134.8823	140.1028	73.8657
128.8064	130.0632	509.4434
2.4168	6.1646	187.6138
52.4088	154.2386	170.5002
107.3837	93.0688	98.8912
44.6448	124.8356	473.4742
132.2501	101.0635	189.8414
138.5605	147.4987	448.8848
37.9184	87.2888	10.1494
91.5652	47.1600	305.2197
50.3248	9.3332	20.5228
97.8476	147.4251	576.7598
141.3990	122.5824	170.4385
104.7292	123.6809	32.4207
44.9311	68.6961	117.5120
47.3593	132.9299	204.4797
140.4792	163.2131	454.1235
142.8821	99.9894	41.6250
83.3484	32.1064	588.1815
139.6161	143.5608	310.2723
132.6590	21.9188	540.1819
20.9539	116.1407	79.2558
111.3344	65.1550	181.0986
50.5036	49.2304	252.1537
31.9033	63.2701	469.5836
74.4575	133.0589	297.1432
116.6716	30.4173	340.9846
8.2473	119.0871	100.0097
44.8169	19.2259	337.2237
77.9391	108.7454	241.2539
52.7816	47.4009	88.6720
142.7908	90.1730	170.3163
3.3377	142.3881	363.3708
49.6590	71.3486	450.5996
65.9342	147.3384	175.8404
68.5819	111.7601	144.6502
78.7017	105.9371	96.3690
155.2915	167.7336	277.6893
116.6396	158.0287	4.7332
56.9587	156.3537	138.8767
15.9019	9.7702	479.4251
19.8989	102.5398	29.9741
77.4936	2.5962	315.8539
3.3288	92.4506	514.6878
147.9083	29.2661	336.5576
162.7735	146.4469	203.8628
30.5157	153.6799	578.8605
50.9054	67.2643	46.8515
158.7805	23.4358	264.6654
166.3744	101.1527	79.3006
113.6093	102.0021	16.7322
48.2192	156.8399	263.8168
24.7375	113.1173	205.6678
29.1154	151.4131	283.9986
25.2951	148.4567	354.1102
122.8137	32.1546	248.6950
83.7442	4.5232	509.6079
33.4052	148.2712	326.8884
97.9329	166.1010	126.4560
0.3447	24.5387	74.9991
27.4884	42.5935	105.8503
153.7685	129.7873	549.8597
92.6983	85.7699	304.9888
156.8342	11.0942	345.8574
74.1714	101.0084	282.9982
101.0256	107.0068	489.6285
94.4793	72.6657	397.8707
41.9360	17.2652	196.3173
148.3232	19.6380	487.9557
143.8390	112.9009	291.4786
28.0635	44.5783	430.0809
167.3841	133.8105	137.8545
156.3953	121.8724	33.9462
111.9879	49.6449	99.1228
120.2254	155.4063	394.5150
53.9186	53.9772	525.6374
66.2485	66.8801	452.5916
43.9971	22.1766	303.6506
51.5087	28.2325	109.3304
12.7947	100.3837	393.9680
101.5372	153.6153	231.2741
116.9629	76.6711	6.5197
128.9069	79.2965	131.0976
159.0840	125.7002	12.2926
164.5268	36.4578	365.0070
166.5357	68.9535	173.6111
108.6102	158.0209	399.4554
84.0765	53.0559	258.1168
82.3332	39.0564	7.8589
25.2419	110.8704	427.8354
68.2814	139.1085	133.2130
17.3130	110.1316	533.1074
46.4265	13.9314	71.9997
7.9926	46.9866	130.5610
36.6037	167.0169	591.3201
158.5278	66.3236	555.7696
56.4388	32.3190	324.3449
85.1603	128.1570	473.8413
62.3692	118.9179	280.4130
10.1750	125.2102	302.3602
107.4618	115.1617	444.4562
42.1526	73.2661	571.3018
35.7234	8.4649	384.8774
142.1192	86.3050	291.7609
50.7337	72.3818	351.1219
94.3191	25.3166	160.7374
91.9701	4.3066	514.0129
146.0525	41.3459	82.4166
56.1492	168.0886	349.9732
60.1003	34.1438	521.5006
9.2931	43.0862	450.5496
165.2366	114.8565	426.9048
131.0803	157.3662	362.4161
81.1710	30.1614	560.9177
104.5595	81.1421	591.9164
159.9358	40.2831	1.2629
126.4594	152.2621	402.7062
44.7729	39.0059	477.5386
127.4581	30.7858	492.5288
70.8535	70.8308	312.5714
105.3040	69.7169	314.4041
150.8099	141.4154	287.6701
67.9911	38.8951	192.4036
77.3162	102.9576	444.5704
36.2321	82.9428	228.3087
123.6486	119.4988	411.4210
143.0042	15.6350	128.0459
53.1810	101.7196	529.3355
123.7564	70.7911	462.2050
125.5963	57.7614	376.4653
44.3834	14.0935	510.7549
20.0931	78.1570	204.9057
61.6104	135.0011	439.2413
138.9730	168.3481	515.5245
14.0479	3.9747	11.3002
131.4385	2.2889	531.2179
54.4571	122.5678	409.3165
11.2901	110.0139	348.2516
24.7470	117.8472	217.5440
137.6666	149.1472	18.2909
88.9737	77.4984	195.2339
153.8881	62.2423	537.8811
56.1383	88.7167	274.4713
94.3348	2.1207	262.3661
102.5586	83.9241	576.5567
2.9239	89.2601	33.1773
126.1053	167.6477	316.1802
158.7830	37.1932	430.4598
21.0912	150.0233	258.8119
48.9351	168.0651	522.2641
70.0585	57.3789	505.6868
148.0262	143.3130	435.0363
49.2393	65.0986	169.5114
26.5337	15.7381	83.1752
82.7457	149.5928	520.3024
56.5153	58.1084	344.6434
44.5656	53.9606	277.1662
110.8224	98.5559	544.7958
138.7335	140.6971	436.2630
145.5120	31.0164	235.3954
76.5626	19.7043	450.5737
99.3063	138.6087	306.7329
84.4150	19.7755	89.8375
59.9798	130.1586	0.4884
142.5849	115.3499	571.9482
152.0676	66.2274	507.5977
51.7283	158.1326	517.1806
46.8434	164.0833	196.0560
12.0091	22.1614	166.1246
86.2992	32.5734	286.7728
28.4657	119.0291	439.4561
63.8401	107.7258	128.7513
46.7467	0.7985	2.3930
56.6119	121.5316	173.3499
99.6988	35.5349	571.5316
143.0235	9.7222	588.8699
142.2905	57.3857	116.0818
161.1828	25.5645	63.4692
61.5239	161.3274	460.2018
142.6659	20.0982	510.8565
45.7586	51.2539	512.3203
124.5801	78.1333	60.0084
26.4050	153.1875	398.3044
131.6932	117.9939	578.2080
131.7844	145.6358	320.1806
160.5540	33.1501	289.2645
115.9464	79.3081	144.5521
146.0257	0.7619	502.9241
54.9032	1.3405	283.6236
31.6018	52.6368	186.0036
29.2532	4.1093	310.9057
11.8552	65.7449	304.6041
53.2382	111.4573	160.6112
103.7988	64.3668	304.2193
88.2437	109.8130	85.9354
61.3575	8.5223	353.0860
161.6663	3.7067	501.3520
90.6984	129.2824	483.0355
152.2251	72.9574	229.6266
98.0786	84.3619	100.0001
135.5152	111.8829	263.3018
37.8220	39.6729	273.1360
153.7029	147.2742	248.6724
121.6748	41.7420	143.5391
4.2333	162.0638	513.6337
102.5407	6.4814	309.2141
74.4120	145.9165	157.0904
110.8500	33.5713	44.9548
16.8920	26.6896	190.5923
167.4041	13.7603	221.4779
156.0777	138.0837	271.8868
75.8024	78.1465	339.0878
31.6625	67.3108	142.3503
25.4815	121.7817	266.8845
154.1216	110.4786	448.5600
16.3412	67.1095	383.4600
101.1205	84.4330	315.7191
38.3488	85.9922	529.5267
107.6259	51.0201	285.9614
160.4462	130.7373	319.7550
84.1186	34.8859	574.9091
61.0221	33.4045	154.4224
116.1851	121.8637	563.0609
158.0311	51.5077	165.0443
115.4162	142.8529	331.4403
159.0723	117.7692	411.6743
22.1103	146.8478	355.6100
115.4367	151.8072	195.0306
24.1906	77.1706	223.9756
91.4207	78.1067	83.2542
160.2945	15.9893	166.4280
17.5401	22.6012	179.1356
159.6227	39.9629	569.4392
159.8165	129.1152	398.0722
145.3059	45.9282	232.9638
110.5498	142.4326	274.4987
149.5180	159.3273	118.2366
164.1903	113.8814	241.1715
111.1686	10.7689	387.5504
167.0456	29.8415	245.4944
52.9119	115.9694	4.4635
114.7386	98.9543	123.8018
156.4859	57.6926	368.2535
151.3975	37.2559	95.5329
128.3345	69.6159	259.8694
134.3323	124.5484	134.9792
155.4731	119.4710	320.7696
101.8431	36.0788	519.2166
56.3200	76.7102	158.7089
73.7425	1.0911	586.2177
149.2455	16.5279	505.9205
19.7900	24.6883	113.3295
99.6144	107.4081	454.1252
22.0781	112.5963	69.2818
26.9472	0.5373	180.1613
111.5295	97.2770	547.4078
74.8384	111.5133	192.5550
37.2776	143.7804	479.9625
151.2864	17.6067	98.2027
144.5026	83.0271	60.5302
150.2410	110.9404	109.5519
23.2944	116.1182	221.1379
125.5190	69.7991	199.8201
44.2293	162.3303	458.5001
3.2342	32.5006	161.9708
143.8904	145.4942	193.9795
151.7589	79.4832	503.4301
108.3919	22.5309	89.6334
58.9177	121.2554	433.0701
119.3691	0.9572	358.3844
18.2996	77.4224	207.7884
63.0006	54.0114	364.0903
95.9074	75.6601	464.8177
72.3103	125.6883	264.9267
119.8321	45.5450	6.0270
70.6020	47.6752	23.2616
24.5720	121.7854	450.9775
87.7069	113.8231	62.2761
141.8439	102.6247	67.3152
53.3814	7.0197	283.0913
154.8367	124.3278	465.2486
24.8381	19.7284	466.6684
20.4036	37.1980	253.4083
130.8031	93.6738	28.5605
82.3520	34.5689	335.4914
89.3564	160.8222	424.0256
93.8068	71.4747	15.7684
125.0610	154.4846	104.1967
156.7006	145.4193	500.8009
151.7399	156.7948	363.3449
150.4744	83.9673	302.4307
78.9838	101.2541	538.1500
18.4447	93.7469	98.2145
26.9105	153.6546	166.7759
38.4005	57.9097	496.0037
103.8510	134.8285	51.6019
114.2810	50.2111	43.2935
60.9340	160.6413	284.4146
29.1256	150.8351	445.7196
121.4350	91.7238	447.5941
17.2315	110.4006	354.8478
106.8237	62.3830	466.6633
126.8960	76.9323	189.6789
130.8191	137.0145	325.2259
40.0213	162.1257	246.3632
20.3127	95.7453	16.8045
162.5623	80.1336	549.5410
77.3643	10.9164	165.3828
133.1859	137.6956	229.3302
49.9940	24.5942	91.1224
86.4524	48.6729	101.8070
147.7567	45.8405	448.3231
107.7615	0.7042	26.8734
48.3413	109.6598	318.9710
80.4183	15.3541	238.7015
110.6270	164.7084	130.5150
3.2044	139.4413	540.1885
131.2794	118.1934	426.4537
26.4998	9.0276	261.9461
99.3110	147.0965	430.2845
104.9415	81.3220	262.8210
85.1862	35.9370	88.8167
98.9161	134.8807	498.5996
88.7273	143.8011	547.3109
78.1821	157.7648	546.0063
156.0927	108.7413	215.3361
103.5995	22.4728	344.4719
76.8854	59.5479	263.3714
163.7626	12.2270	326.1080
126.7131	117.6136	393.9714
60.8557	120.5484	131.4384
58.4469	151.7499	325.4237
86.7187	134.7285	582.4888
19.3044	155.2113	544.9280
36.6649	86.0905	101.0850
64.7442	33.1685	184.5345
115.7689	134.4972	19.8065
49.3966	5.7864	464.6057
117.2463	87.5113	353.3521
31.3632	116.6073	140.3794
6.9262	85.0430	336.4186
100.0057	99.0180	380.7418
74.3233	136.8002	538.2938
28.1133	137.3012	428.5968
3.1348	87.3721	588.3279
82.0975	115.5616	76.1851
82.1123	107.5864	549.8557
103.3128	55.8274	177.6511
164.0620	21.8511	411.8800
98.0657	157.9650	580.4029
99.8555	104.2660	506.3644
165.1012	153.6682	151.4306
56.8906	107.2480	184.2268
13.3322	33.2486	69.8368
76.2022	158.3978	269.4843
31.0930	128.1128	194.8224
92.6871	164.8943	394.0714
155.6183	147.5432	266.1498
127.2438	162.4698	168.7087
124.9295	144.5057	581.8809
161.8626	0.8023	478.9130
11.8515	128.5672	551.3149
160.1936	133.2064	249.0279
163.2773	106.0929	531.0083
142.2223	161.1497	446.0734
133.4886	96.6947	175.0144
117.4682	65.5552	448.9558
108.3688	137.7615	370.5926
148.4020	72.3931	232.4411
121.0471	159.8654	504.3604
49.2003	51.5549	498.2297
25.5748	161.9623	508.3228
52.2229	146.9434	252.4454
54.6717	136.5594	285.3635
111.2622	49.2621	47.8809
53.3208	28.2839	52.0169
18.6322	15.7002	427.7052
10.3128	12.4195	569.6524
141.0987	22.3408	530.6686
38.9507	33.5631	319.6414
108.9865	138.8913	377.9865
74.3441	4.9435	5.0952
90.9741	29.2510	36.1205
133.2148	129.1015	40.2170
6.9488	57.9046	91.3310
34.6495	105.5161	172.0794
68.0417	22.3626	584.1221
86.9015	87.7527	99.9007
156.8719	160.0355	230.9611
26.7576	46.0262	198.4419
155.1225	163.3828	264.2400
144.3624	138.8797	317.5532
158.7504	105.3250	187.9053
166.3183	45.7207	381.0269
71.0177	31.4521	512.9154
139.8236	92.1841	119.0236
99.7041	56.6722	593.7510
16.7502	127.2495	593.8471
24.3326	136.6229	160.9018
164.4689	94.4393	321.4225
90.6081	89.6923	510.5147
34.3751	7.4656	243.2797
68.2990	80.2366	279.0016
67.1153	103.7010	397.3333
148.7215	164.7578	463.3288
157.0740	4.1150	394.0332
54.7233	52.2033	194.7879
57.4986	14.5345	153.0045
102.2415	80.4852	223.6646
84.5886	2.0888	471.4249
42.3026	134.3155	112.7883
71.7813	125.3752	581.8709
45.5225	85.8125	289.6661
47.0651	50.5883	222.0339
49.3077	117.3915	3.7041
43.3926	167.7334	173.6602
140.2709	128.6070	513.0855
3.4640	1.1695	77.9764
125.2767	34.6163	379.5188
62.6497	122.2657	512.9006
60.8354	75.1410	142.9142
79.8253	37.6107	423.8449
80.3698	4.6673	5.2405
138.3443	87.9810	414.2739
87.7162	146.9757	119.2716
43.6896	115.7642	484.0888
114.6854	1.9933	551.7777
37.9617	120.1360	213.9772
45.1877	65.4601	552.4040
123.8659	136.6037	535.2532
152.5997	31.2488	250.3440
20.5869	157.8670	562.2655
64.3819	101.1133	393.8919
19.0116	154.5074	420.9388
134.0565	85.4002	59.5191
49.9709	115.1925	102.1865
113.9830	142.9661	456.3199
127.2321	158.6866	193.5134
24.0832	34.4360	523.8000
35.5664	32.9091	538.6088
66.6342	64.2552	436.6611
156.8098	65.3091	389.0981
96.3418	1.6156	244.8766
137.6609	102.5326	149.8849
137.9074	94.9194	119.0943
78.7132	116.9335	132.3969
162.7108	22.8788	453.7972
164.8800	102.1759	555.0301
102.0738	122.0896	258.6556
123.8847	141.0065	401.5386
58.9482	135.7572	387.7662
165.5417	155.3813	535.9128
3.5882	99.7205	396.6321
94.0084	115.9876	271.0177
63.8856	103.4393	429.4770
141.3362	87.1227	109.7691
94.0907	21.0254	34.5939
158.1147	136.5937	509.7327
68.0822	58.9239	273.3493
63.6994	0.8962	407.6182
117.2657	13.0353	94.1807
112.6453	48.5593	186.6016
25.3602	15.0809	82.0543
120.2980	120.2327	368.9619
70.5162	33.0294	149.7635
64.4576	143.6302	508.3358
149.4109	28.1887	277.3941
78.6489	65.7902	191.9001
137.8955	4.4169	164.9481
74.4310	40.3052	234.6562
15.8340	12.6789	562.3402
146.0471	111.6069	41.8550
76.1307	147.9884	374.8250
0.2652	70.1095	183.3889
111.5672	139.1175	187.6096
76.3364	124.1285	393.0638
149.9309	45.2166	425.1433
67.0829	64.1277	0.9773
3.7849	35.4322	162.9754
16.9367	160.6137	79.3011
117.3244	107.5628	395.6224
119.9521	128.4148	461.8320
126.6762	101.5362	191.9704
154.0472	10.4571	69.1110
130.9432	120.7586	438.5334
139.3268	57.9599	47.1276
97.7984	81.9076	352.3376
98.1176	62.3863	145.2262
135.2780	43.4855	351.6510
22.3408	108.5962	47.8769
117.8316	43.9141	214.3994
28.3880	57.1136	555.2433
31.5519	23.7677	174.6513
3.5026	33.8274	136.9372
75.0245	57.0791	517.5104
70.1310	34.5479	385.0059
33.0338	10.0102	422.6043
136.2942	112.2766	199.9609
55.5408	66.9617	406.1889
2.4101	85.5952	338.0269
34.0579	153.1106	101.4554
142.1429	20.7849	460.8327
133.2036	118.1113	242.4800
97.0452	79.0069	396.5798
12.1843	5.3551	235.3252
45.0770	166.8714	253.4942
41.5531	118.0379	158.0880
90.8944	5.2785	144.2771
116.8514	124.6658	490.6251
90.7750	89.0302	406.7640
143.6345	155.2599	125.5544
82.0257	77.1248	420.6736
60.2996	7.5536	157.9409
54.4711	11.9618	463.2845
74.3730	160.3355	151.1047
80.9582	10.8385	445.5363
91.0487	21.4269	527.2040
146.2182	106.4309	90.7544
17.9027	159.6822	327.5668
11.0127	39.5702	208.7071
18.5013	66.9607	25.0442
120.9474	168.2128	352.6909
148.5287	112.0598	87.6571
112.1029	75.0853	157.7533
148.9774	24.1681	36.0247
27.1235	33.2359	122.1787
16.2273	148.2383	343.7749
164.4144	8.9299	219.8635
158.9103	20.2260	146.1712
127.6862	117.0107	273.7009
124.9870	49.7280	39.1065
52.7885	71.8701	410.7611
25.0790	103.2664	463.9333
26.1388	98.4123	388.0051
27.7360	37.5232	171.0831
76.3648	128.3348	439.2034
44.3302	98.5733	381.3347
168.1387	156.4286	525.5740
58.9728	30.0660	208.7016
67.0107	136.9334	20.4051
130.5403	2.2630	411.7693
160.5934	93.4172	93.5054
161.6224	130.2399	288.6996
126.7221	104.5635	107.6131
105.0178	93.2595	447.3284
144.6359	73.8730	87.0749
117.8686	14.9514	63.5188
142.2585	48.4865	391.0276
126.5984	16.6306	146.0668
111.0670	86.0170	570.8376
88.9284	83.8481	392.6484
36.4953	103.8034	182.6671
55.4867	5.0386	443.4491
133.2871	95.6565	67.0674
78.5401	105.8205	67.0991
101.4009	82.3274	106.6059
147.5460	20.4858	187.2285
64.5749	28.7656	282.5228
65.2287	152.4053	293.7750
101.7393	64.9051	541.4326
107.0979	11.8535	348.3731
160.5224	4.7459	408.7988
147.6606	93.7947	108.8625
18.4191	33.2869	515.1373
76.2706	147.4441	293.2575
100.6266	99.8164	174.0493
91.6417	93.2129	567.0063
148.6111	25.3783	94.0018
24.5074	112.0620	71.6093
120.0937	145.5840	470.3780
28.7492	101.9633	49.1809
136.0863	51.6140	344.6882
1.6616	151.5788	490.1444
138.1742	105.9104	199.4573
132.4221	50.6209	321.3159
77.8946	89.2365	90.9590
62.8173	2.0541	548.1263
68.3487	53.9655	499.5137
52.1749	150.7414	262.4876
52.2112	143.5309	455.9779
103.0792	20.9507	338.0996
61.4103	36.8424	292.0106
114.2686	136.7209	443.0629
24.8880	52.5484	453.7356
18.9730	114.2609	193.1662
66.8188	56.8026	29.1275
129.7955	3.4416	356.1349
24.6796	128.0938	186.4571
148.0101	163.1868	205.3412
63.5927	70.7520	538.7323
137.0395	2.8755	516.5864
75.2811	74.8459	101.9710
65.9523	41.5551	125.9334
123.4877	143.6719	443.0993
140.3819	24.3591	172.3306
58.3823	37.2984	455.5253
111.7484	19.4848	155.7774
23.6543	89.4343	94.3352
78.3319	54.9610	534.4953
100.5727	76.4633	587.5919
69.6808	83.9997	387.0709
149.4519	151.1762	190.5458
159.9156	112.2382	435.4902
160.4130	87.4125	395.2342
24.0424	110.0384	516.6405
139.5608	54.9945	202.4164
82.8831	81.9091	294.8969
168.3233	147.8967	256.8488
123.5370	70.0219	441.7235
83.2862	129.9268	17.6754
49.9544	129.6683	71.9010
2.2545	73.6685	572.1232
92.2487	56.8034	320.5972
46.2593	87.6595	278.6743
67.0019	5.6703	593.1221
153.8041	60.3353	141.3896
74.1467	3.3652	29.4323
31.5330	73.3152	137.0627
52.3296	124.6995	393.1253
38.4891	39.8561	7.1370
155.1572	136.2022	101.9787
164.4487	124.5607	559.9927
46.8387	89.1566	298.4879
104.1717	91.5914	565.3303
155.6474	141.5208	231.7828
141.9163	123.1467	20.7792
31.6217	111.7821	68.3931
13.9449	75.3595	204.5737
19.1483	12.0057	558.9251
108.9173	35.2611	144.3773
77.3855	41.3185	281.2469
30.1462	153.7451	104.2951
112.3304	19.3827	572.1532
91.3065	22.0436	274.0443
164.3210	159.1958	105.5347
78.9233	20.7324	16.6748
87.4080	144.6389	499.6750
107.1459	34.8881	13.7899
11.1993	115.9521	155.4482
147.9699	101.1927	355.9415
166.6982	164.2345	313.8110
90.9134	8.1512	146.7686
47.6764	84.1357	545.9947
119.6428	130.1802	419.8465
78.3104	110.8279	525.0201
19.8241	96.2244	433.9352
21.5009	21.7532	175.4652
164.5401	166.3205	169.8815
70.6571	38.2333	437.6834
137.1394	45.5561	440.7779
45.3018	157.6925	439.4408
87.8851	153.7954	358.2967
130.0490	154.4683	167.3734
39.6780	25.4868	67.4653
33.4772	3.9823	241.1240
143.7249	44.8203	80.8371
18.2029	83.6517	588.1085
20.8019	113.2354	67.6946
125.2697	77.7092	406.1441
129.7314	51.8882	439.6450
9.4931	131.9249	564.0201
145.5430	155.0215	561.6777
73.3268	108.5550	546.3630
139.0002	107.8943	73.6243
105.8095	166.0723	461.0217
79.1913	142.8875	172.7529
51.0695	128.6364	420.3088
51.5161	118.5133	95.0172
105.9772	103.1224	478.6876
166.6956	2.9037	219.3115
150.1099	122.6722	522.1439
106.2847	27.9444	340.7633
100.3451	60.2743	196.9092
148.4040	56.3639	24.1844
1.1905	69.3122	516.9432
27.4920	16.7378	261.3351
35.9385	24.4267	223.3785
162.7731	23.2412	536.5472
151.4012	143.4835	43.1350
59.2006	120.6180	150.2089
23.0244	40.9282	175.4779
3.1891	131.1306	218.4604
10.4058	98.5967	349.0886
135.6278	5.6536	536.7589
55.2874	160.8022	357.7743
137.4459	50.5402	403.1720
127.2530	129.2970	188.0542
154.8296	23.8407	231.3744
165.7760	157.8027	507.5092
111.6965	31.4295	374.2121
57.0648	160.3880	239.3705
44.3983	79.4857	104.3394
12.3623	75.9263	30.7203
146.4363	122.7157	332.8256
76.4988	162.1989	389.3182
45.6617	21.8654	229.7168
52.6463	28.4980	248.5444
7.4918	103.8098	227.4270
70.4481	56.1650	524.9856
104.5387	70.7520	243.6097
5.0511	96.6993	103.0130
100.6544	117.8398	315.4197
168.0468	52.2160	40.9096
93.4218	37.3906	304.0117
63.0041	77.5234	233.9941
144.7489	87.2509	426.7534
6.6000	61.3370	497.8583
108.1864	67.0233	166.4761
29.1667	9.7661	230.4880
84.8941	121.7707	190.2403
163.4419	118.8124	413.2896
136.7907	115.9612	327.3584
104.1678	12.5352	130.3111
55.7556	141.3564	182.4826
136.9561	87.6016	386.5134
110.0907	68.1164	584.6609
128.9232	19.6927	542.8871
46.8774	76.9468	142.4300
64.9375	148.1829	460.2322
147.5980	103.6069	69.9252
101.2565	38.6622	469.1448
76.7670	160.4566	462.1446
148.6487	8.7675	475.4428
160.4305	156.8720	405.4254
138.9771	160.1352	370.9153
118.0581	27.3427	294.0190
132.8449	27.0542	122.9794
54.8127	107.0606	518.1425
50.7123	113.4950	536.4284
54.4457	149.9185	295.0930
8.4556	62.4843	179.2728
38.4190	55.9409	42.1861
157.6401	166.8995	2.9393
122.7120	47.4688	129.2879
42.3244	103.4668	176.5785
43.8722	11.5315	154.7764
122.7731	130.9614	181.7733
165.5468	23.0350	485.4067
146.3771	11.7967	180.3979
84.2939	115.4236	81.8696
3.6937	141.2918	417.8311
62.9935	52.9607	549.7385
87.0805	137.9996	25.7564
47.8832	153.4870	556.6174
168.3209	73.3648	308.0427
81.5006	45.6297	402.2180
154.3860	154.0286	306.7452
49.8327	33.9116	68.1529
102.6074	13.2111	134.0721
167.7103	146.1658	292.5969
144.4589	128.6707	250.7954
3.7727	74.7737	191.9731
128.8751	62.6430	447.2362
51.4155	5.3044	266.8942
97.2280	64.9913	131.5879
61.6569	145.9497	280.8453
119.3915	149.1482	301.3772
68.8458	124.4640	354.0511
136.2941	150.6378	342.2669
34.6064	98.8947	90.0783
80.2036	31.8549	196.3716
19.6451	84.0294	130.7100
144.4747	51.4732	170.7629
139.5332	60.4817	102.9566
128.5407	12.7318	172.6947
108.0301	95.8647	509.8370
120.8963	108.1536	63.5534
52.9748	6.0733	431.4590
87.8598	12.0888	518.5369
21.3845	161.4878	288.2718
56.6614	49.2289	108.1160
157.8853	65.1105	36.4981
49.7354	23.6428	45.0570
2.0787	111.4352	431.5367
60.7066	1.7113	349.6953
108.2149	11.2351	229.0319
153.7077	70.9964	85.5029
83.0986	31.0598	6.2764
10.0690	22.5407	19.4628
159.8597	11.5338	304.1518
102.4449	21.7426	329.1920
9.5394	29.5611	217.0139
103.1599	127.8794	273.2894
54.6107	160.5521	354.7964
157.2143	25.0758	95.2177
78.0282	49.4191	78.8041
88.5009	128.9681	406.5308
106.9772	3.2415	375.7347
103.3677	81.4334	587.4008
141.8877	19.9270	474.2278
122.4621	135.5781	154.9166
30.6477	52.1298	190.0727
63.1507	83.1536	49.6096
74.5287	74.4865	414.3221
43.1780	39.9314	432.4035
57.0545	63.5110	341.1323
108.9300	94.1133	424.0821
66.7126	131.7733	180.0821
70.8110	51.7491	0.0978
160.8387	6.6767	67.9061
5.1965	154.0285	534.7637
103.4587	85.6640	220.9761
73.1409	11.9002	203.4126
71.9400	101.0220	415.6217
59.1766	26.3971	372.7269
65.6170	95.2868	99.2494
64.6979	80.2180	456.7746
105.1134	83.9310	575.0129
67.3395	140.7751	399.9061
106.3702	71.3157	221.7622
57.2536	18.4740	360.3650
165.1782	104.1247	29.0042
82.7078	82.2886	550.8706
94.0744	87.7740	258.1249
122.7881	123.8742	456.4132
85.0780	141.8381	188.7400
128.0306	141.9089	322.5980
66.3110	30.6838	123.6903
100.5785	164.9837	115.1043
80.7928	41.1270	55.9928
76.7926	62.5026	394.3812
146.2086	137.7835	206.3255
122.0396	30.2580	328.2323
33.4622	4.1380	166.3184
99.1158	21.5288	432.1136
89.2680	103.2012	361.8229
108.5032	22.8297	321.2629
2.3609	140.4004	381.8035
48.3212	63.9067	137.4155
7.6850	127.1079	312.8342
137.7407	129.5909	139.6420
131.8090	51.9601	303.9684
50.4717	85.4981	145.1357
96.0046	140.4450	233.6988
6.3514	90.8497	42.2236
147.3601	9.5167	453.9386
131.2068	103.9636	230.5561
83.0413	150.1942	513.5387
142.4368	161.6596	558.1117
5.2627	94.8734	406.5874
18.6350	25.2043	53.0386
161.8624	46.7684	347.7862
38.3071	101.6603	284.8909
59.3751	90.5494	403.1223
62.2262	153.9854	1.0534
105.8874	4.5250	33.5595
73.2750	81.7818	367.0218
137.3206	149.2840	83.7331
84.4494	149.2609	377.7788
49.7220	19.7338	396.4188
122.9077	29.4858	496.4597
38.1960	104.7209	391.1382
58.2797	0.6605	579.7601
150.5993	48.9257	224.9222
133.6539	38.9646	274.1231
56.9670	102.8740	184.0492
53.2655	65.5855	422.1968
138.5215	164.3694	556.6157
9.4329	140.5870	203.3071
21.6569	162.5609	336.0797
42.9714	72.8502	302.1106
104.2620	10.8672	220.0904
79.8009	15.8654	458.8690
136.5265	21.0003	470.1623
66.4892	139.7966	567.6324
4.3223	4.3435	489.7757
60.6005	124.7848	428.0603
111.4164	162.7289	381.1995
143.9192	130.3530	130.9594
88.9952	143.2676	453.0789
131.6795	112.4182	97.2003
12.7486	131.3614	371.5287
88.0105	53.4335	96.6769
22.5840	25.0051	132.7790
31.6543	146.8379	502.8006
2.0747	165.8869	459.1349
13.9533	54.9839	99.2374
121.2969	79.5200	506.8180
67.0353	20.8315	456.1017
162.3514	28.3042	212.1106
16.2040	7.9094	121.2327
51.7940	155.0695	582.0763
100.0616	102.3474	270.4804
39.4059	31.1276	245.7137
48.5581	97.1326	544.7803
94.7836	60.3673	581.8328
157.4366	21.8531	539.3897
61.8129	79.1558	509.3634
103.9054	165.6107	224.9888
71.2065	151.4437	178.2353
84.7814	143.5460	273.5891
165.4040	120.7690	130.0445
39.7412	62.9904	121.3516
108.7893	76.9955	505.3826
108.7904	161.2993	58.7320
80.9452	52.7832	531.7106
93.3461	68.1083	410.2188
13.2347	41.2560	252.3129
67.2475	67.5253	437.5107
106.3409	78.1951	300.8657
43.6240	108.4798	359.0354
38.6624	32.7423	427.8683
7.6383	106.7064	162.4024
104.9393	63.6915	380.4335
68.2560	109.7105	516.6354
108.5521	163.6285	164.3105
158.9474	0.1709	416.1712
10.3286	72.6639	127.0979
85.7673	111.2477	37.1395
55.2444	23.9074	178.6542
107.6458	168.0689	262.7675
115.4022	63.7324	351.9661
32.8322	149.9152	139.3193
55.4680	16.1935	118.9339
80.0098	77.0971	270.4679
167.5166	94.0626	306.0780
36.2407	108.2537	130.2464
138.6970	156.0660	312.0109
138.1195	0.3543	98.4047
2.5150	88.8747	127.9537
110.7302	33.9828	457.8798
46.3220	104.7023	545.2008
133.9211	47.3738	54.6096
131.2245	105.8799	2.2220
48.8026	84.7105	285.7638
118.3271	37.1645	410.0235
62.1165	108.2243	470.5864
88.4697	10.1967	504.4573
94.1176	133.4198	25.0920
59.4069	115.2590	374.4056
122.2361	23.3645	112.0021
60.2981	34.4633	100.6556
67.0159	105.6259	425.8120
13.0003	39.5549	398.2814
154.6694	1.4105	380.1380
167.2173	52.1027	54.8705
88.1968	90.9347	414.4343
12.8098	17.6841	228.5643
21.9606	76.2356	292.5289
22.0797	159.6234	474.9216
89.9802	130.1333	335.4461
96.8353	36.6004	388.5138
7.9691	103.2496	244.3583
79.7421	51.6261	110.9486
13.9773	66.6069	194.4753
81.3244	62.5107	589.8538
141.5406	63.9757	65.9044
152.4636	165.6390	11.9164
51.8115	52.0208	550.2201
105.5742	92.2076	139.9919
63.6223	166.0300	8.5585
8.6210	35.6041	301.0827
115.3278	21.7602	441.6367
15.7539	10.9024	124.9739
37.5261	130.2933	152.0227
115.8367	53.3634	367.8050
46.0198	32.5990	514.3228
148.9120	71.1419	391.7069
63.5334	48.1867	305.8246
125.8096	15.1722	350.5425
157.2176	17.6702	401.0844
31.1934	3.4304	308.7319
106.8906	152.1993	550.1306
69.6574	65.2582	173.4621
4.4058	35.9444	358.8888
51.7397	125.6938	211.9692
25.1160	130.9329	509.0012
110.0861	49.1679	3.4906
116.8012	96.0408	50.4514
39.9689	75.3675	127.7605
150.8588	155.8558	60.8102
163.7169	141.9981	527.4634
33.1590	28.9820	175.2198
18.7603	156.5386	147.3326
135.9463	100.2291	448.7852
7.2901	18.0440	175.6088
44.8025	10.0294	78.2593
45.8343	152.2406	69.9079
76.6995	18.7379	449.8636
125.2486	28.3627	235.7754
31.8675	134.3070	315.0997
24.2832	138.5743	501.1831
126.6727	119.0340	211.7647
142.3425	22.1505	548.9786
162.9592	147.3858	402.5071
84.3161	71.0611	561.6595
139.4300	49.4666	585.4538
100.5215	103.1436	36.3609
157.2487	74.5027	246.4972
69.1880	58.0169	542.4355
133.9179	91.0258	360.0507
137.1669	105.7748	462.9819
163.4554	7.0815	388.6522
121.4656	108.1410	159.0473
72.9494	94.2060	485.6556
88.7434	76.5713	526.3843
72.9370	147.6156	443.0863
141.9679	69.6767	92.3034
149.5149	107.1517	17.0534
136.9253	87.3514	424.7379
47.5859	148.9707	215.8523
16.6270	89.4035	72.5082
71.3335	18.3918	331.6161
41.5411	167.2287	395.3171
43.0519	12.3384	125.4725
104.2536	160.8515	165.5410
2.8935	29.1377	174.3061
91.3462	165.4488	369.2223
57.0401	80.5329	271.8063
155.9567	160.9577	60.5802
113.4614	41.1759	85.7456
43.5256	150.0876	585.7118
112.8547	134.0497	283.0471
55.5969	107.4660	104.8475
136.2249	115.7685	1.4234
101.4783	164.4323	94.8029
133.6030	42.0532	82.4928
69.5465	154.0298	98.6946
127.1856	143.5705	475.5315
9.2738	115.9461	346.3991
97.3985	2.9008	152.5538
9.0340	58.5285	25.8041
157.1735	144.2259	409.6489
31.5868	48.2440	434.4099
29.5085	156.3063	270.1839
148.4883	128.4449	179.1551
63.4773	118.7326	11.8647
78.1490	56.5210	270.7017
77.9700	9.5022	182.8768
37.5680	40.5194	538.9928
92.4721	148.8592	153.6417
22.2611	143.5633	172.3062
110.8103	6.8504	391.2088
93.1410	155.0828	528.9273
146.9645	23.8918	62.0058
70.0428	51.9580	312.0179
105.1100	35.6584	47.6534
97.4169	142.0258	206.1081
75.3556	34.6049	187.8399
91.0361	14.6488	456.1039
94.6983	104.2969	568.4464
31.1560	45.9550	227.9007
83.5742	137.0906	312.9837
68.0008	38.5642	152.8496
42.0639	168.3179	184.1812
100.1027	113.6404	536.6646
97.8664	141.8747	221.8107
157.6344	85.9953	459.7934
164.2170	127.7562	387.6912
101.7943	166.4580	26.5817
19.0875	158.4116	546.6055
86.9566	87.6965	196.6838
130.6001	155.2175	182.8681
71.3215	63.4953	522.0708
101.4889	140.8226	449.1679
105.7240	45.6199	364.2355
6.5105	103.2129	191.5782
128.7896	95.4610	464.1043
72.1862	3.1491	28.8888
120.2121	37.0494	404.4411
1.2493	24.0961	77.1564
48.8783	41.4540	84.3595
27.7149	96.2848	467.2146
140.3918	141.9709	243.8859
112.9182	131.7033	167.4108
68.7215	108.1355	284.2699
23.2185	106.7148	496.0597
47.7423	18.6196	59.2587
152.4209	111.2600	529.5911
166.5329	70.6972	273.7465
52.7722	69.0636	172.6923
84.1466	59.1754	407.9896
23.9617	109.2453	445.8325
93.9987	94.4346	593.0202
90.1638	18.0462	104.8600
22.9249	7.4354	340.7590
121.4793	149.9523	469.0204
145.5186	131.7848	274.5538
107.1170	91.9340	85.4691
95.8740	19.0121	232.0420
117.6812	18.6951	81.7793
28.2973	65.2666	282.0399
52.4151	132.7397	126.2507
141.5181	51.8485	590.9927
59.8652	105.3951	530.0920
54.2942	164.2501	452.9407
124.6731	62.8049	312.9031
164.2202	12.3324	315.1339
64.1697	32.7946	490.2931
14.6619	41.8087	11.8529
2.9041	55.3904	1.2409
39.5624	117.7257	22.3516
114.2977	14.3146	297.6571
85.9137	17.4199	508.5907
143.6274	157.3308	354.7089
3.8983	56.3955	77.9371
85.1434	100.6979	102.3880
108.9069	137.9555	462.6042
133.4863	49.1903	135.7135
12.9858	89.7792	313.4054
75.7476	25.8091	443.3035
133.2803	166.4977	527.0159
144.6594	75.0855	63.2948
3.5876	140.0724	7.5712
115.4093	5.8118	185.6156
46.4852	110.3330	166.7824
128.3642	104.6149	299.2838
103.0824	9.8475	247.1642
85.2927	125.4116	127.8940
140.8384	57.1067	64.8524
123.9318	63.1929	300.0224
124.5740	126.4454	56.4672
136.6404	55.1713	291.9213
93.0655	19.0206	396.5653
117.8759	96.7000	211.7292
73.0334	40.3124	541.3697
37.1913	128.6149	29.8529
167.7317	79.9986	270.9628
7.9214	65.9798	439.7349
142.2092	1.4791	195.1108
19.8230	127.4537	462.1878
93.4943	55.8920	331.4403
5.6104	0.8546	96.7276
88.1504	97.0689	496.8398
88.5801	123.5500	21.2318
142.6413	26.0126	530.7249
113.9131	131.3621	40.3609
123.8454	31.5569	166.7636
156.1043	72.0863	583.1881
135.4815	144.7440	235.3422
114.7276	0.7227	0.0899
153.0983	81.2777	491.1018
136.0829	89.1392	70.0464
162.1396	128.2909	430.7657
19.2231	85.8812	569.5917
84.8655	42.6203	71.9220
117.1726	101.5339	137.8056
8.2514	30.5861	63.3816
114.7957	59.9323	410.5578
106.3596	99.5378	148.1483
96.3484	99.8470	568.9991
127.7318	80.9558	39.7941
120.7280	149.8828	20.1557
43.2304	58.8486	297.5549
124.8397	153.2137	253.3031
62.9062	74.0894	38.8465
162.1924	123.9636	525.9101
67.6441	52.9940	566.2491
77.3463	143.7219	474.8979
73.2324	50.1714	344.5952
79.2274	91.5065	245.9924
154.8654	119.3710	309.8922
53.6621	57.3128	388.4137
164.4253	125.5438	586.6565
64.3674	13.2486	588.9850
58.4584	23.8767	584.8294
103.2773	20.1371	419.4170
22.5608	111.1355	521.5024
154.3543	137.2984	227.7992
60.8830	90.3216	321.6600
40.1485	17.8753	147.4772
58.5171	163.5083	249.9823
30.4899	141.8658	427.0275
127.3313	85.1072	354.9821
38.4856	163.1227	56.0869
44.8490	21.3073	246.1837
1.2282	29.3532	436.0708
26.6032	92.8108	388.2744
18.5389	128.2905	313.4711
122.2994	78.4173	50.4834
160.5912	111.6404	228.0865
107.2279	21.3934	351.2005
30.3544	130.3086	498.5871
14.4916	162.6493	443.1124
107.5227	61.3509	158.5396
98.8975	42.9676	137.3370
125.8987	142.7757	492.2221
9.5443	25.4915	142.3390
106.9162	151.2426	288.1755
41.7298	82.1434	234.7530
9.1545	94.4760	305.2802
128.1018	9.5030	154.1638
110.2457	11.7716	268.0886
60.8032	101.4019	230.7301
64.2783	135.1235	145.7699
77.1025	26.6306	162.0233
145.8168	30.5730	286.7170
64.5523	106.3274	192.4993
50.7861	4.7461	341.0220
111.2611	32.7798	187.9275
44.3741	84.8842	406.1829
94.0465	62.8597	180.6110
122.3100	126.4401	420.0766
35.6613	132.1616	142.2898
36.0362	0.2269	290.1938
65.6239	63.5172	287.4746
83.1860	108.0306	233.9801
101.9991	72.9876	144.9380
35.0692	52.8493	264.3587
130.9084	164.9355	312.2811
25.3753	138.5135	301.4150
118.6552	24.8665	219.6093
144.7080	69.4220	171.6703
167.4426	75.4369	308.9478
126.4979	165.3282	378.3913
62.3422	160.3283	263.8054
75.6739	167.1375	110.8102
101.4091	26.3007	485.8868
137.9652	4.5850	161.7744
134.7462	25.6849	239.1529
90.0154	34.8731	530.5223
28.2752	13.6488	57.2681
126.7571	147.9997	312.6536
122.1953	125.0458	53.9872
146.8681	45.0366	567.5086
151.9853	143.8030	171.8344
72.2330	72.3604	472.2256
154.4850	10.1315	201.9730
51.3908	54.7713	201.8935
131.0793	128.2560	20.9621
81.3654	22.3253	257.9857
22.7893	0.7045	528.7418
88.2511	24.1315	589.8209
41.4279	6.1105	502.9947
128.7820	13.5471	399.2540
64.4117	98.0000	503.5653
89.1114	98.8607	330.1690
25.7840	118.5495	116.3635
3.5739	125.4804	571.9150
136.3167	142.8239	102.2416
12.6848	114.1103	507.9138
59.2128	121.5245	423.4586
65.3742	129.2414	539.0244
164.5366	22.4489	479.6749
58.6491	117.4536	339.5604
131.6372	128.8842	67.7333
167.5653	28.1807	176.5964
158.5728	71.6877	35.3946
29.3056	60.0857	94.4425
137.4703	120.0917	550.3712
36.4313	17.2075	375.3127
23.8919	132.9644	382.9369
42.3010	50.8371	402.6983
145.0057	44.9456	94.8501
138.2816	104.5558	84.9374
158.9947	17.6488	589.0971
112.4544	124.4115	394.9809
81.7669	11.1062	221.6478
73.8659	144.9553	591.1172
84.4373	39.5644	516.3624
154.4397	99.2914	299.7380
69.5760	4.8158	436.1707
72.7063	54.5248	151.8885
48.9856	162.6935	570.5160
58.2570	16.3461	170.6161
40.5612	74.9666	239.6105
128.7572	56.8625	80.9195
61.7611	0.7831	558.2406
153.2673	130.2356	549.0893
115.1660	104.7260	280.7864
62.8226	70.8807	359.6318
147.5122	157.0193	517.8457
27.8591	124.6600	53.2654
163.6051	8.9845	329.2882
97.2830	162.0403	376.3921
41.4645	158.3867	275.3863
127.4733	59.6413	450.6203
54.0623	47.1418	506.6772
50.0981	27.8482	180.9877
93.6255	21.0461	67.5227
47.7335	99.9472	84.0836
124.9905	147.1969	17.4870
162.9524	27.8505	237.9745
65.4315	165.8803	467.7268
83.3730	44.1180	442.5163
2.4637	73.1019	288.7224
53.1322	65.7292	309.7613
153.8887	71.7610	90.3325
52.9181	139.9558	574.8060
14.6003	54.6169	360.1874
49.6441	42.8538	485.9701
111.0124	84.6171	176.0094
112.7059	155.7038	510.5483
34.1274	72.4726	127.5655
160.1802	165.8525	587.6130
111.5860	6.9088	535.1064
7.9782	1.1775	160.1257
114.3196	121.2235	578.2008
129.2770	35.1609	381.6642
18.8739	80.1967	430.9938
121.6455	124.2873	465.9131
134.6589	43.8870	519.7553
28.9755	15.1367	99.6588
102.0763	7.0848	469.4741
52.7864	75.6253	396.5906
5.1552	26.3724	145.7453
78.3456	22.4353	452.4763
165.3266	32.2227	296.3571
99.0738	106.5410	271.6194
125.8245	165.9544	173.7003
68.6854	58.7388	494.4188
66.3538	30.6633	15.5783
86.8198	147.1258	574.9536
153.4851	16.5629	299.4427
109.1129	24.0982	452.0288
15.3300	160.1519	541.6441
126.4473	45.1487	288.0949
106.6890	99.5516	583.0833
86.2301	80.4889	449.8474
83.8008	139.9708	405.6347
88.5698	135.7464	310.9567
111.2991	9.2112	46.4725
30.3566	1.3249	341.6019
39.7869	32.4514	306.2630
61.9173	11.2252	556.6964
123.9237	46.7990	296.1494
113.8844	91.4922	476.6857
23.4034	119.5456	188.4044
120.3921	52.1825	523.8508
62.0893	148.1204	1.0091
71.9523	13.8093	135.4436
35.5932	68.0542	276.1094
167.2365	34.9225	344.3310
88.7694	119.9190	567.2412
65.9017	111.3440	380.6350
134.1377	164.6089	493.8659
102.8516	143.3737	437.4616
73.3721	165.8498	367.0051
140.7858	67.3078	275.8406
12.0292	39.9808	359.4721
85.8313	138.2027	405.5243
60.5498	92.5462	123.0243
111.9539	104.9502	424.4438
66.9352	8.8966	63.9988
153.1411	133.0825	486.6989
33.0726	44.5641	258.8254
90.5948	9.1333	554.7996
167.2221	84.2288	5.3826
93.8659	154.4423	29.8506
63.4811	161.3378	267.8820
51.5044	129.9836	472.6145
81.9995	124.6018	260.9847
155.5018	41.7635	106.0561
39.1791	1.5952	412.8078
125.7097	106.7339	3.8875
40.9187	164.4885	281.3233
92.1154	146.9055	282.7063
70.2629	87.2819	550.5905
107.8304	74.2535	157.5320
56.3810	93.9978	374.4538
40.7391	90.7739	542.7333
158.4182	41.9652	34.1613
124.6729	40.5131	308.1306
13.6614	14.7761	350.6040
149.4148	56.1887	507.4109
24.2627	149.7438	144.1542
84.4722	17.3291	268.8189
164.1914	41.1426	73.0026
13.9303	126.3024	469.3393
43.5060	32.0082	311.3711
81.6054	160.2480	566.6434
134.2788	166.2263	508.9490
147.6162	7.8494	103.0171
96.4149	5.5382	580.9622
29.4637	1.4014	158.4125
89.6453	74.0278	369.2917
66.6756	112.8322	336.7822
77.4455	12.7832	4.4627
18.0735	12.8040	391.0384
7.4981	118.7162	258.0619
12.2580	41.9310	259.1639
123.7657	36.8795	426.7161
57.2692	137.5945	556.2930
145.3167	45.1563	136.1544
129.2801	36.8921	426.5694
160.1467	58.0686	555.8628
125.5438	51.9050	536.6827
127.7256	3.5197	329.2342
130.8684	39.2255	359.5364
86.5441	45.2488	363.2679
95.6600	31.3811	8.2373
64.6646	94.6887	120.8895
17.8290	95.7255	404.4305
148.6323	114.5231	43.7321
85.9650	30.4711	582.0891
20.3102	63.8522	89.9793
71.8250	151.6513	144.7363
0.2977	143.4527	505.6842
112.9293	120.8190	498.5846
168.2675	3.8929	217.9283
20.3246	3.0833	229.5245
15.6307	123.8977	1.9859
151.1542	139.8912	583.5817
160.1599	16.0633	543.4780
113.6551	91.2503	474.8508
57.6261	163.1758	567.6677
162.1667	6.5777	390.6764
95.8720	9.3632	254.9342
69.8204	79.7641	15.1633
6.0679	115.2822	149.4985
122.8039	150.4629	290.0920
59.0619	9.3185	432.0396
128.7893	66.5481	264.0641
66.1264	130.6485	21.5286
68.6530	91.2588	99.9611
19.7700	85.6635	233.1060
93.6687	25.3797	76.1382
45.3439	47.5994	97.7551
41.3131	154.1341	75.1426
24.9155	122.0714	92.5187
18.3310	128.5703	300.3110
2.9810	48.0946	583.5923
1.1145	26.6481	144.9279
152.8090	138.3614	318.0506
53.5516	29.3389	95.3513
59.3246	57.7429	336.5254
152.2097	56.3422	396.6975
29.5373	143.1993	391.8832
16.5702	85.0540	427.0247
11.0793	1.8956	483.7744
98.8986	161.3627	17.0105
159.2491	142.2920	336.8565
38.2384	132.7145	179.7578
49.0020	98.5393	75.3416
166.9696	11.4553	292.8764
23.5290	163.9250	297.2809
127.3848	43.0599	301.6714
106.8555	117.1672	503.7330
15.7842	167.1333	564.6116
29.0726	17.1485	189.2754
30.5131	142.1026	246.2680
65.9047	33.9831	109.1075
106.8119	88.7770	122.0284
125.9792	54.5314	317.9261
86.2766	139.4359	497.3732
156.7529	66.6464	395.9908
7.4894	27.3741	517.7467
19.9548	98.5985	107.2900
29.4475	65.9576	57.6434
90.2527	152.9470	444.6908
65.1270	102.5422	177.8408
81.9421	142.6576	275.2105
36.0151	39.4551	556.7452
101.3208	167.9243	268.2839
33.0507	50.3251	391.0990
112.0135	147.8259	319.9129
164.4285	73.6784	290.2829
90.4698	120.7569	438.5546
37.7686	116.4616	41.9562
84.2296	120.6076	428.9042
136.8928	28.4461	407.8351
154.7296	45.2100	8.1166
49.9083	91.5709	292.3657
86.6471	137.7022	313.8286
127.4469	24.9194	404.4575
138.9359	2.2576	570.5991
153.0622	49.9095	403.2426
166.0864	67.2188	537.4734
156.6150	109.8159	580.4857
149.4801	19.8216	103.1916
124.0381	73.9992	169.8194
83.0510	153.8329	538.6334
127.7504	12.9545	137.3751
4.4598	110.2853	180.8409
153.7270	70.2294	68.8856
35.9152	61.0640	130.0905
99.8700	114.3353	482.0500
43.1693	45.5963	58.5951
105.0476	25.2825	201.5203
132.1954	75.6425	193.0719
92.7632	24.1100	45.9578
48.5096	27.5201	341.6386
20.0853	94.7070	30.7462
40.2716	60.4601	410.9817
90.3761	137.1887	518.2791
29.4746	90.7645	272.7415
12.6381	50.6529	421.6523
36.4545	121.8132	154.3315
83.4695	64.9844	276.8853
89.4728	47.3099	353.5424
122.9594	164.3783	356.1571
27.7758	88.6002	82.7034
124.2801	52.9057	554.2419
17.3667	151.2191	481.4445
34.3813	126.9847	206.0373
128.4628	57.5495	320.4087
41.5647	154.8957	208.1256
129.8140	126.7947	158.3455
100.7065	55.8715	116.2134
102.8385	102.9722	433.6982
154.5272	109.9135	208.7019
157.4893	70.1967	303.9718
63.9260	119.1431	305.6907
4.1242	112.3474	369.2633
47.1071	11.2778	434.7274
91.1552	29.3176	400.3313
110.8959	7.4526	548.1555
95.8803	24.3490	235.2530
78.0117	144.9056	329.6848
86.9584	147.2831	128.2995
97.0457	18.8785	179.8750
38.5848	17.7493	411.4523
36.6618	27.5973	549.5488
142.3276	11.6164	583.0601
25.8253	114.7267	361.4421
117.4266	25.9942	109.6370
52.4620	155.5832	356.7322
101.0131	148.5591	16.9749
97.8347	25.2749	473.7619
12.7384	122.0121	541.8782
89.4208	0.8199	105.5661
64.3229	30.4217	325.0984
4.0981	151.3473	140.8159
7.2660	51.0168	119.2036
51.9379	60.0183	148.3683
72.8141	34.2894	348.1066
60.7416	73.8225	269.2512
56.1151	124.3801	444.9505
153.9947	132.6642	442.6115
93.1694	142.4994	34.2310
36.3235	51.8612	185.3882
113.4673	53.5297	269.3866
137.7651	112.7588	262.0953
10.1270	80.3553	45.1923
161.2886	67.5056	476.2514
105.7450	159.0892	404.3839
35.2480	155.5182	331.9723
37.4586	167.1921	291.8086
68.9571	23.5909	347.1748
131.9552	50.6183	531.9679
99.9182	20.4335	341.1233
72.6910	37.5105	555.2224
60.5407	110.2074	389.0041
79.1231	18.0550	170.0131
120.2248	134.1567	432.0993
51.5338	97.6136	252.7345
18.8039	77.7179	39.1658
156.9235	162.7355	498.3860
66.3177	18.5817	126.9913
41.3810	86.5337	532.0587
157.3254	31.3765	590.9205
19.2986	142.7233	225.4382
45.3531	2.6195	271.8081
60.4307	46.8903	577.0535
104.1133	152.3078	35.4470
158.0393	40.0904	515.6133
2.2440	142.2055	417.3464
73.0728	101.3224	513.1800
5.4922	5.9566	78.7499
122.2332	154.6911	244.6779
98.0160	56.8661	294.3717
98.7953	41.7725	38.7464
84.0354	107.5519	276.9175
33.1034	72.5147	58.9252
65.4230	4.2230	123.1014
137.0122	114.3145	393.9082
45.5809	30.6238	541.7894
135.9042	63.1017	296.5161
148.4658	21.6841	482.4692
136.4203	110.6518	416.9735
144.2699	2.1953	501.7665
72.6142	129.4079	312.7144
54.4673	119.0504	593.8374
156.0242	8.7331	406.3496
106.9000	26.8177	493.2368
116.4940	9.5036	35.3891
69.5540	92.8637	439.7484
150.7308	50.3240	523.2931
83.7272	69.1098	119.8249
101.4652	21.5386	364.3276
53.4765	1.6740	3.8008
105.2242	164.5672	9.9794
58.6753	157.4801	422.1069
4.0781	21.0732	278.4991
129.8372	161.6391	344.9656
65.8234	51.9160	526.9798
8.9152	32.2951	428.1423
49.8878	167.2738	109.5939
62.8785	55.3251	488.6308
76.9056	87.5025	534.0634
37.5644	14.1439	560.7090
33.1601	49.6369	584.9077
125.1319	127.3341	18.7708
131.6402	90.2487	56.0920
15.8423	12.6898	310.7812
128.9667	22.1938	97.7235
88.5949	140.6308	408.1936
122.4263	159.5628	46.4025
124.1121	159.4947	190.1167
147.2340	136.8603	185.8767
39.0207	109.3878	201.8986
124.3730	46.5259	388.4683
64.6397	92.7889	113.3838
137.6446	166.4725	532.9575
21.2423	73.6448	79.6066
104.0360	146.5742	310.7152
54.6127	85.6086	56.2634
162.4564	124.5934	368.9595
35.1864	43.8770	150.1650
9.4555	86.5660	583.8662
100.3600	119.3285	324.0723
76.4732	49.8110	332.2444
134.0328	90.4610	170.6866
164.1189	95.6711	434.7530
51.6877	120.0574	573.3107
155.8535	36.5916	12.1746
37.6888	42.7925	265.5021
93.6506	49.5673	122.5491
4.1286	0.2884	401.9931
166.2402	158.3034	58.4324
52.4938	47.4101	500.7675
114.2501	71.5357	430.1624
131.4632	46.4847	362.2245
117.0815	127.0104	217.0669
54.0696	104.5920	552.7995
103.2549	153.0053	512.8907
20.9029	74.5131	26.6772
131.5825	120.6087	130.6385
19.1220	14.9926	230.5878
15.2131	100.6204	172.9708
129.8527	124.3209	165.7134
73.7524	166.8267	380.5162
107.4309	147.0128	353.5207
26.1000	45.7284	183.6427
128.3779	14.4647	227.5520
126.7657	53.8296	30.9140
137.6907	41.5838	85.6673
133.3826	18.8226	593.5266
1.2994	86.1089	576.9470
24.5061	113.1446	69.0977
154.7131	40.0400	420.4227
124.5619	104.6340	275.5827
78.7069	90.3729	175.6863
144.2977	73.1658	53.2781
135.4544	141.3833	89.6618
167.4854	168.0072	301.5226
159.8016	87.8779	256.1410
107.8643	119.4310	17.9278
143.2584	150.8204	507.8812
43.1771	78.2483	189.0875
91.9422	156.3378	170.8872
52.7387	160.1195	94.4009
35.6319	73.0665	591.4988
4.0935	91.3949	423.0961
143.3251	112.5192	427.1136
83.9215	69.1251	306.1206
22.9471	136.0720	405.0603
135.0686	62.3053	378.3392
2.4532	137.4124	26.3187
25.8332	99.2851	416.6014
168.0096	70.9614	366.2573
67.7917	125.1105	227.4011
84.6818	73.0406	336.8991
85.7449	135.7668	474.4980
3.5170	7.4416	18.9802
149.6795	121.3614	107.8967
153.8028	25.1326	41.5728
53.8010	66.5612	323.5918
107.8896	44.3703	132.5322
66.8845	107.5925	1.8858
142.9865	151.1069	482.6227
62.2698	167.1404	249.4420
128.0164	138.6487	555.2094
110.9561	165.2027	109.8602
155.6729	162.4956	460.6059
77.2685	94.3005	313.8155
98.9899	108.4369	504.4057
80.3676	59.0509	412.0272
0.0471	41.8966	361.2723
86.6250	23.7723	161.6945
3.7069	153.4632	432.4760
55.1751	64.5519	416.2666
91.3993	116.6113	553.1716
150.3303	153.5032	100.7007
9.1977	59.6137	213.1988
58.1712	44.8703	288.7276
168.3291	105.8996	417.4784
114.1091	30.3829	34.7321
18.0603	30.2683	270.8715
28.9748	59.1371	145.1605
127.7899	119.4167	460.0272
140.0831	134.3362	67.7906
166.3130	84.8404	38.4362
6.8772	54.5119	325.9466
145.7835	121.9523	68.1263
71.4042	51.0789	291.8397
71.2283	62.0892	168.3826
69.3695	43.3662	347.8020
51.5138	79.7807	276.2270
63.4513	105.4787	448.8642
47.8902	148.9375	354.5375
87.8217	5.9882	170.2105
149.0377	43.1313	456.9432
95.7129	99.0458	317.4595
160.1777	69.3567	269.7069
142.4513	88.6032	462.1109
126.6946	24.7117	355.7580
50.2953	11.5640	216.4975
124.2353	153.7722	325.4180
35.0202	100.9694	135.6688
159.1373	68.9193	267.8670
28.4199	32.7949	349.8956
79.8830	49.4788	101.9527
81.2925	63.6315	396.7668
92.1102	48.5235	216.1297
47.9487	51.2469	589.8664
121.2027	75.5193	232.7798
101.4252	44.2785	121.0801
140.1778	61.8729	167.8787
147.8949	82.1066	384.3162
22.0596	88.4356	406.1038
113.5766	146.2764	370.3040
96.6504	8.8273	26.1093
111.2710	21.1961	184.6810
74.0417	168.2161	445.3978
157.9148	123.9095	575.7780
131.0877	49.2240	500.2786
163.8136	96.1112	34.4776
63.6801	37.5057	459.4370
71.8313	129.1526	12.1666
163.6939	87.1119	386.9084
8.9946	48.0643	102.2796
56.8570	58.9275	359.1898
71.2457	151.6748	396.8753
159.1279	126.1298	62.3996
155.6760	63.8460	67.1741
151.1676	24.9003	292.3758
39.7434	22.6186	271.3464
60.8776	13.7412	206.7009
69.2107	97.9661	186.6906
154.2032	62.5816	97.6918
102.4063	18.6911	12.1996
20.5748	52.8134	212.0549
19.6781	17.0388	27.0333
162.6992	82.5779	67.0726
126.1004	148.5725	238.1931
31.7201	69.6516	158.4978
120.6696	152.0295	427.4477
74.3063	70.5006	344.2347
48.3953	144.8878	273.8802
7.8131	111.2179	381.8451
12.3703	68.1207	194.2757
32.1460	10.6412	161.8473
21.3541	157.9012	560.5524
67.9296	29.3151	361.7249
90.2267	140.5334	18.0998
60.3624	67.2312	344.5814
150.5535	68.8656	512.5553
31.3508	116.9134	28.3150
26.1244	95.1681	16.9318
45.0703	37.5339	174.5057
28.4474	28.4633	96.7516
150.4172	5.8950	451.4217
12.8723	77.1618	311.7872
26.8398	161.3957	103.7137
57.0956	14.9500	63.3425
105.7419	84.6119	483.9921
88.1213	80.1903	182.1975
140.8713	138.6122	335.0109
54.6654	127.8021	352.2160
66.1017	167.4758	470.4000
120.8172	1.5876	85.6447
0.5517	44.4130	188.5616
166.8754	103.0764	466.8051
127.5939	46.9081	463.8032
32.9886	34.2198	419.6853
95.3907	161.8223	24.7347
147.9462	98.5823	120.8748
16.8197	104.9963	436.4153
150.7876	149.6891	164.3765
50.5647	167.4136	556.4560
80.4675	73.5491	325.0584
144.2982	108.6287	157.5299
138.0357	138.6209	106.6194
136.5830	69.2965	158.5852
23.2656	144.4764	190.2562
153.9492	1.7508	302.3289
71.3526	159.8652	294.6895
101.6123	137.0752	291.7979
142.5307	153.8988	157.3033
123.0851	139.8770	180.1198
27.3634	42.9661	167.8860
166.0721	27.0875	458.3076
2.3676	11.9304	157.7302
16.8555	158.5238	284.9759
161.2271	46.6764	290.0605
22.8247	52.1385	111.0661
163.6467	1.2303	66.3791
111.5245	154.4942	317.9498
80.5357	69.4395	564.3516
62.1834	159.8126	3.6262
5.0835	47.6024	265.2153
66.0366	11.6284	441.9856
161.0496	86.2601	512.4651
123.1155	22.3333	259.3881
14.1441	22.1030	242.0890
143.3622	91.6028	441.3423
90.5687	75.8665	477.0528
137.1467	149.5368	542.4902
123.7795	1.5804	372.8778
30.9086	19.4066	119.6798
19.0146	12.9698	232.1980
166.5981	85.7947	103.3459
12.0038	167.3946	33.6142
19.4384	18.6115	191.4600
55.8671	61.4100	509.2627
110.4639	160.0119	204.4732
52.1773	115.3950	145.7402
92.0283	73.2887	412.8827
93.0574	158.9070	281.8378
39.6592	131.0147	140.8690
116.1053	36.2657	416.7364
123.1565	85.7363	323.7028
165.8272	126.4497	208.4151
82.7544	146.9067	177.7212
142.1084	141.6904	331.8509
65.8876	104.0424	176.3909
9.4133	128.9780	459.5366
53.0110	79.0618	498.3204
143.8949	18.8486	583.6580
85.7689	16.2541	253.0060
93.8746	78.7281	420.9876
34.8217	121.3331	370.1881
159.0956	63.9080	252.9271
37.3906	32.0860	298.5816
97.1647	139.1994	549.4745
75.6752	8.1219	23.8329
136.2054	51.5677	546.6962
55.0511	19.3977	188.1049
90.3296	120.5798	502.7042
37.7562	0.1603	274.3030
133.8128	167.3331	99.5443
15.1976	111.5011	264.9886
110.0507	161.7718	151.9307
135.1689	166.2872	95.9941
53.9858	23.4667	130.9131
164.3834	23.3485	396.2882
61.9573	126.3242	151.5900
3.6800	8.2496	575.9813
152.3193	66.9667	101.6262
3.1818	165.2479	25.5637
7.1816	105.4356	353.1102
80.7521	91.6286	568.1475
19.9129	89.0898	173.6992
73.6434	92.9569	493.7858
67.4273	167.2046	399.6567
55.5814	79.7901	489.4172
119.9953	150.6465	215.5356
87.5595	45.4204	76.9129
84.5006	55.5250	420.7604
48.4812	27.9762	275.4088
60.2826	96.9591	291.7162
13.6780	116.6190	298.3953
75.5640	163.0765	223.9623
60.2335	41.8879	32.7767
161.7842	71.3017	279.0708
48.4698	161.1088	220.2411
117.8851	74.9913	239.3188
82.1561	49.6605	592.0880
90.4944	78.8725	332.8538
168.1843	164.9174	330.7368
163.5389	161.9340	566.1831
167.3069	88.8976	107.4022
48.8090	123.4275	246.1840
2.2934	127.0571	324.5009
125.9405	24.7403	16.3657
11.9832	40.6977	393.3894
39.8496	83.1517	306.7310
51.8648	83.7795	474.7396
51.6260	44.6815	135.3438
17.5137	62.1812	217.1017
129.1297	107.8782	64.0032
10.6332	66.1991	416.7735
34.0619	141.9191	299.3699
26.0260	23.2437	382.9418
14.6841	84.0904	25.6327
119.7709	135.4463	341.6204
154.9971	80.8840	151.4227
36.5572	159.3196	29.6487
40.9852	78.2362	437.7048
145.6572	70.7928	33.0215
107.7070	120.9676	132.2461
3.1990	136.7253	352.1128
81.9454	78.2927	209.2244
33.2429	157.5029	454.0654
106.4262	17.2371	146.6583
120.6774	147.1618	25.2891
51.8744	81.8972	226.3737
6.9151	149.2972	550.9313
134.0486	6.0228	296.0392
140.3263	129.8803	156.0954
164.3111	155.0731	526.7495
140.1630	154.6657	332.0759
56.6180	137.3068	519.8986
72.4429	10.5656	112.8563
154.8308	163.9824	177.9050
13.9488	78.3195	498.6472
92.5279	151.3875	154.4432
8.0060	53.8972	329.3032
72.4421	102.2351	538.1433
144.2622	126.9915	327.0553
151.3265	93.5361	90.7292
154.1225	46.7209	396.2311
23.3316	105.6423	470.0343
146.8125	37.4693	316.7673
42.2273	42.0852	503.9260
127.2768	92.9874	469.6103
51.9003	142.7098	507.7385
19.2716	101.6069	496.8740
137.3836	81.7005	62.4765
119.4338	19.2049	65.0781
164.7148	17.7724	393.5259
3.8239	87.9000	421.9176
67.7244	17.4839	73.1022
102.9408	126.2180	89.9892
41.3230	6.1435	27.6872
95.0716	59.6765	205.7095
67.4681	105.3315	148.2162
159.8096	72.1564	147.1934
163.3542	14.4780	252.0811
7.2263	6.0734	105.1575
18.0838	163.9887	246.3405
133.2942	158.1384	410.7406
122.4486	97.4268	546.7478
46.4600	132.0166	218.2783
10.3755	101.7113	96.3041
60.8166	103.8945	103.2551
106.2814	31.7165	142.9423
50.9653	117.6678	330.9738
113.5434	118.5284	193.6548
160.1043	11.9194	309.3869
13.1266	154.8704	333.1812
27.2263	123.7480	585.9680
51.1367	69.1974	370.5299
141.2182	56.2674	97.0342
95.8537	17.3728	313.2269
78.5791	94.5608	136.0382
11.3076	74.8312	19.2205
148.8495	6.3242	101.8896
14.4039	73.4610	239.6113
148.8725	133.4387	528.8068
24.0349	11.2695	103.9167
6.2438	142.2750	468.9666
131.0211	96.4310	142.2484
92.0326	163.3091	54.5284
71.0770	59.8668	208.7138
35.7974	134.1743	127.8943
156.2028	110.7176	270.4946
79.3493	163.5286	240.7118
19.4015	92.0835	83.0295
27.5885	157.9243	126.1976
4.0795	21.7158	415.9189
110.3600	84.4223	517.0594
26.2877	151.1379	350.6502
102.0746	67.8125	306.3383
103.0231	26.9331	119.0856
163.9554	115.9908	449.7951
8.7052	151.8559	466.0552
35.5193	122.9472	21.4325
88.2475	85.4477	364.7284
123.0924	156.9064	511.0011
150.7595	111.8066	83.8812
49.1938	46.0971	202.6966
104.7058	28.8800	428.7312
30.8147	33.9229	584.9478
156.9202	88.0551	311.6901
158.1151	57.5490	232.7638
154.1536	43.5993	74.4903
55.0584	89.4906	139.4423
163.9569	24.0253	81.4367
90.3600	86.1813	498.6376
52.8312	120.9274	326.2527
163.9713	141.1811	114.4258
19.1037	166.6876	66.7817
163.5884	110.3545	449.5203
99.3061	89.1877	506.6196
80.4166	34.6454	167.3314
38.7765	71.1239	248.6071
85.3169	117.7348	492.3947
50.1610	2.9839	339.8872
88.1349	129.2028	274.0808
24.0032	10.3829	453.7889
68.0472	130.1840	436.8967
153.4584	17.7551	365.3140
97.1369	68.7686	235.0002
30.4966	66.3346	506.3257
106.8080	153.0536	223.1175
152.1976	82.2043	464.9530
53.1133	82.4343	459.1728
75.0537	91.4416	511.8861
0.1221	140.7673	249.8184
53.3674	67.2265	384.8285
9.7177	135.1356	186.4620
78.6980	17.7633	382.0839
27.9372	158.5797	99.2683
109.3761	133.7071	5.1743
152.5323	110.4970	101.7548
52.3856	154.1686	262.0279
39.5727	163.0673	98.5846
128.3175	81.3555	481.2576
93.3074	87.5325	380.2825
27.5656	148.6946	94.7572
109.0402	55.2449	522.9527
73.7254	9.6165	223.6586
54.4990	5.4797	363.2892
87.5026	86.6767	149.5977
104.6537	105.2611	334.7745
24.3874	63.5999	285.2415
140.4937	76.8068	474.6374
127.6217	165.3670	49.2299
58.4413	47.3651	306.4578
61.3041	123.0907	412.1213
7.7436	95.8909	325.6003
137.7559	168.2203	181.0545
97.8374	29.6709	492.0810
55.1156	19.0781	383.1925
89.9732	142.6335	469.1774
81.0234	112.7519	592.1827
12.5319	154.8308	433.0886
90.4723	122.1931	221.0994
103.0379	78.2319	354.8271
53.1614	156.4253	202.3137
112.6675	18.1710	91.1630
119.2263	150.1811	244.1588
127.9924	101.1987	162.1980
157.7480	151.2177	189.1635
100.8196	0.1749	98.5874
2.5401	83.5260	200.8692
90.5778	109.2487	37.2854
115.9835	47.1132	460.8468
156.9461	132.0763	476.4217
104.9182	26.7066	408.3914
126.3848	166.7707	176.7918
116.7363	85.4347	82.2618
17.1325	80.3173	167.5238
157.9978	42.9425	585.7867
18.7678	119.6197	561.4840
75.3860	91.2553	516.8948
1.3088	17.6034	492.2514
139.9037	158.2895	319.3833
122.0104	29.2195	451.6803
117.8713	129.0207	8.1894
7.2398	18.2158	478.6693
93.3643	137.1000	472.7557
133.0900	46.9921	452.0135
29.9628	11.2819	68.3665
158.1040	143.2222	127.1434
92.4821	109.5881	157.8375
29.9552	3.6536	268.9062
145.9884	26.5701	541.4136
20.9951	20.8731	573.3895
112.7956	63.4244	181.0180
78.9871	152.4191	300.5223
125.3059	92.3278	302.6953
119.5259	84.0203	443.6800
138.7842	62.2695	74.9952
146.8965	63.8034	160.1450
115.0164	168.2828	42.2344
81.6858	92.3300	219.6368
137.3609	109.0035	566.5078
45.8388	3.3850	132.3315
110.4361	36.0577	11.1466
38.8082	141.4051	154.9231
158.9317	36.1122	119.2565
144.1292	89.0120	392.7488
52.5528	6.7847	284.6132
101.0734	142.8957	175.4534
39.7658	150.7857	433.1119
101.9927	150.6447	311.8440
63.1056	86.4726	521.9980
25.1652	87.6403	412.1865
90.0181	122.1927	478.6280
119.3309	113.5343	124.1296
163.4364	20.1987	243.2519
96.6355	35.9576	328.0575
157.7526	125.6924	143.9007
134.4952	94.2213	567.8323
7.3083	136.2389	362.3804
67.0616	47.2736	210.7089
1.0194	12.5436	251.1689
138.9130	102.1487	455.4983
59.6507	17.8537	196.9820
155.5403	126.4579	5.6474
4.4423	64.8497	134.8400
109.5891	117.1522	467.7784
131.1255	124.1395	186.0722
42.6795	127.3731	270.5444
62.1131	17.9565	463.7599
21.2217	168.0846	519.5873
118.3795	167.9296	199.6649
127.8226	55.7683	320.3894
59.1197	17.2065	403.6139
41.6681	167.6124	550.5200
154.8146	124.9657	591.0604
130.8589	147.8905	16.7961
38.5047	69.3253	377.8231
149.5101	26.3451	489.3622
39.8298	27.3399	203.3154
72.8091	76.9069	212.0643
25.1420	83.2885	308.9120
94.2211	30.0387	448.7109
84.1217	132.3996	346.8272
163.9844	10.6422	72.1852
77.4038	22.4623	353.9040
149.1499	150.6438	391.2406
96.0372	108.0530	379.2185
127.3596	49.6374	508.3474
110.5788	43.2469	58.5066
77.4233	62.5275	312.9193
77.2791	137.1992	45.6287
16.5323	97.4021	348.7057
108.8469	139.7946	373.2306
10.7440	39.9885	410.6847
76.4117	79.7208	336.3323
2.0449	19.5265	542.6378
70.7036	130.1151	341.5619
108.5062	91.6853	238.9111
109.3737	5.5848	276.4112
65.4539	53.6279	150.7209
31.4456	79.5290	253.0623
84.6098	84.9069	214.8098
117.1653	168.0167	424.3997
132.9773	147.6848	325.9806
4.5512	48.4917	135.6903
9.1014	41.7931	44.4726
164.6257	115.5480	256.4336
41.2293	137.2478	459.6091
86.4752	135.4334	6.4931
14.0765	45.1973	80.3597
11.3259	153.7251	472.4787
24.5318	110.4208	455.5412
78.2042	64.8427	330.6043
98.5382	58.3432	319.3616
109.3516	89.2340	497.1934
50.8154	60.3172	382.2736
16.7348	117.0162	538.9193
65.0035	114.9242	550.5754
60.7710	5.2083	574.2088
157.3981	108.9251	20.5674
7.6919	119.4080	340.6787
148.7280	46.8094	451.5228
46.8519	162.1158	384.7771
38.9808	156.6573	54.2927
35.1888	9.1040	107.1402
7.1569	130.9570	544.9776
50.3176	24.9840	67.5667
80.3395	118.0825	428.4139
123.7752	0.0898	121.6782
52.6217	85.6211	121.5946
12.5591	47.9809	361.3828
161.4189	127.8619	437.4892
48.0150	124.5785	253.9003
1.0591	115.6416	122.8919
114.3007	168.0240	516.1586
104.7666	45.8211	122.9653
18.1772	160.1329	428.4900
46.8041	8.9268	242.3495
64.9551	8.4225	171.3925
78.4022	56.3640	249.7189
108.8539	76.8141	497.7886
140.2527	95.2340	421.6061
132.0018	101.0214	128.3092
136.6521	75.8799	255.4847
122.2474	13.9613	192.4590
145.9447	149.0640	78.2567
13.4708	164.7486	491.5286
12.8323	161.2988	449.0333
56.6928	145.0632	362.2715
76.8400	135.1545	4.9191
158.1570	28.6523	360.2315
43.0945	78.4736	409.2323
47.2838	17.2940	191.8312
16.1222	20.8863	93.8029
74.2852	54.2825	511.3968
14.0985	101.8404	250.0990
34.7890	146.6811	25.9881
25.3706	115.2953	198.7831
56.0352	38.9461	508.4204
5.3803	34.3842	177.7839
62.4563	161.2013	588.7992
112.7803	154.8852	402.9279
110.2376	102.2237	145.5753
62.0720	128.4477	162.9705
139.6435	24.9369	196.8888
19.1391	166.3860	16.3673
2.9404	143.7946	186.3553
161.9413	2.6548	376.4329
5.1859	17.4986	357.6852
69.1725	35.2781	514.6172
46.7048	138.9911	209.4377
167.6118	34.3311	128.6477
77.5249	20.1200	447.4600
63.9899	168.1353	183.8785
107.7857	138.4298	360.4715
93.7804	153.6424	24.3480
9.6038	138.5608	388.2044
48.1783	6.8353	550.8705
36.8685	109.6766	330.1825
55.0210	4.6917	333.1533
131.5137	46.9554	42.2478
102.3798	107.5252	341.8333
102.2333	11.3751	515.5764
118.2135	104.4091	416.2409
40.1169	76.6593	168.3178
150.6013	74.6560	82.6762
79.3666	124.5698	178.6865
8.0890	47.2329	117.9329
88.3976	16.7811	224.4645
123.0533	26.9112	228.0875
17.5933	72.4014	354.6945
72.9142	101.0704	479.0811
36.2837	30.2060	166.6279
128.8798	49.8922	529.0745
100.8015	6.9742	272.1870
147.8287	44.8083	417.6732
110.2282	167.2973	246.1742
56.8377	54.2669	526.0632
40.4195	67.6704	515.1001
54.8577	113.8049	586.8911
93.7947	19.3080	542.5619
96.0183	18.5954	166.2545
36.3972	133.8797	241.1374
2.6829	139.6560	180.5804
79.7935	94.0417	276.3036
52.9238	141.7455	189.3703
64.9940	55.4797	250.6484
52.9533	1.6222	453.4533
113.7042	149.8845	115.0114
1.2178	5.1143	309.5152
156.6785	61.3457	48.3326
17.7091	11.2039	484.0166
97.5692	5.3723	296.7321
60.7060	49.0269	418.6701
25.3799	156.2919	565.4872
136.6001	72.4416	241.4894
112.4310	137.8946	176.1024
114.1675	0.2424	34.1853
6.5787	54.4042	575.5360
34.0306	149.9478	96.2830
9.6565	60.3913	67.4906
155.4615	22.3400	532.6153
47.8357	87.4174	461.8056
28.1349	14.7674	478.1340
36.9149	161.2662	19.5083
160.2423	149.8907	576.0337
119.1113	146.6607	310.7619
2.6655	15.3660	91.2615
51.4149	100.1314	547.7183
16.1277	16.5191	3.6429
111.0905	58.1759	589.7267
131.4008	62.9500	169.5588
149.5005	57.7494	548.7639
158.6593	5.9741	429.8963
88.9849	128.3693	434.2001
97.5794	45.8939	32.1394
8.8355	42.3728	413.3701
34.1111	103.3243	121.3504
63.9243	30.8412	347.4529
18.7276	11.4502	382.9124
24.3454	24.7104	169.8917
11.1333	58.1725	229.6788
57.2143	44.4408	126.6700
124.3443	33.6684	166.3231
58.0034	167.8580	404.6886
64.8279	60.9965	557.6055
92.7865	150.6003	158.1709
88.1130	166.5617	239.9610
28.3244	50.9880	146.1851
85.2464	38.6419	246.2179
58.2364	60.7242	244.3306
70.6636	49.6619	407.6449
167.1962	134.5623	426.7884
58.8941	124.2423	127.8158
40.7894	147.7531	551.4175
341.3850	-67.7508	466.3200
19.7273	58.1728	494.1928
131.8432	48.0424	367.4996
159.8879	142.9229	122.4609
15.5957	25.1096	161.6427
79.1221	65.4097	305.5819
53.4874	46.1592	93.2979
160.9047	19.2890	9.8818
129.9220	116.7207	406.7315
119.1642	85.6029	208.3041
78.8963	107.2969	517.9069
25.2345	162.8642	132.8795
30.3188	151.2629	240.8706
52.3087	29.1181	274.2235
150.0951	47.5670	281.5122
168.1243	78.3014	531.5569
39.9712	154.4361	216.2455
70.1660	6.3425	11.3013
56.3986	60.4090	237.9182
99.8472	71.0593	347.6653
57.1003	12.5277	328.7411
4.8226	94.8090	131.5109
49.8984	36.6078	274.7065
51.3618	159.4463	468.5039
33.2511	84.1477	13.9448
68.9076	46.1987	57.3515
18.5439	137.8458	504.2114
6.0256	23.8596	509.5805
25.5375	167.3315	348.0230
72.6898	147.4764	179.8330
56.6100	80.3829	419.5134
67.7074	104.4016	88.4356
122.3467	22.0384	508.4888
9.3895	9.4638	545.0906
46.3563	157.9508	404.9100
113.0684	162.8086	259.9312
80.8589	10.9179	165.4158
23.9736	61.1328	132.5989
54.5650	167.4907	148.1783
19.8368	66.4144	114.7160
138.1028	83.1190	536.0181
54.7322	8.9069	578.6783
11.4912	62.3211	271.7678
66.4522	21.5964	139.2674
71.7186	164.4004	279.4849
84.3109	19.1511	290.4069
26.3947	86.3294	559.9318
167.8368	92.5989	26.0237
110.3174	159.1824	124.5346
33.6571	39.9332	182.2284
14.3982	89.0582	60.5895
102.6716	26.3345	425.6241
156.5396	132.9285	567.6427
124.9825	30.9909	412.8756
134.1113	126.3509	441.9874
22.7497	140.3880	490.8040
4.1986	43.3644	51.1870
5.3509	164.4458	316.3607
136.5230	100.2292	28.0560
79.4085	29.8699	26.8012
51.9497	53.9930	560.9619
68.5193	102.2358	585.0729
53.3175	157.5954	127.8385
110.0280	114.5180	412.7665
143.0330	101.8058	425.1903
74.5841	56.1741	322.8828
158.8601	127.6454	476.1970
47.9804	24.7957	140.1092
8.7632	18.0994	315.0991
44.5185	160.7124	158.4577
80.0213	47.3259	92.9653
96.9039	102.7647	463.8739
86.3738	126.2090	207.9395
8.0273	75.8927	577.6761
164.4843	13.7070	60.2640
73.2612	151.7447	194.9217
112.8684	14.6303	75.1229
115.4777	29.0913	444.0438
115.5268	55.1206	311.3745
53.4800	15.9655	339.5137
158.8546	126.8842	218.9549
27.2937	35.5520	545.7225
155.5128	20.9957	259.4205
58.0445	54.2371	540.8693
105.5747	77.3749	519.6188
142.6651	16.3034	287.2860
13.3262	67.0031	332.4905
50.7159	3.9091	564.9530
155.4772	29.4488	37.6704
95.8570	13.6572	84.3401
82.2676	114.0893	228.8705
100.2227	63.3342	213.0035
142.3196	140.2499	111.0897
151.4666	134.3051	37.9233
74.6231	156.6507	129.5212
2.7174	4.5483	327.3455
37.9932	13.8835	350.0232
140.2914	149.7617	584.8266
146.7597	30.8004	555.2601
64.3127	90.4670	429.9629
135.9526	0.1395	167.7861
40.3775	7.8761	524.7076
80.3305	21.3361	540.1441
51.5688	123.7703	233.5842
61.4567	130.4950	45.0746
141.8525	20.8652	118.1412
66.6801	30.2308	272.7758
147.3815	120.9436	534.9653
58.0790	53.1271	64.1662
51.6948	73.3704	141.6204
2.5896	66.4617	347.7818
47.8098	62.4330	414.1030
16.3442	16.4711	566.2072
15.3425	9.1269	130.7914
23.8237	64.2819	473.5100
132.5755	168.0888	202.6097
77.0925	12.2720	166.4960
145.4377	52.4287	320.2238
167.6968	134.7110	561.1309
0.0870	28.9173	159.7059
41.4221	1.6603	239.2533
85.0722	62.5809	100.0399
18.1713	20.6153	577.2498
4.4808	27.3267	161.3617
126.5456	53.7079	96.2047
123.1671	132.4436	266.9734
134.2669	160.4588	543.7973
109.1487	82.4213	184.4935
30.1327	5.8736	477.6007
93.2965	118.4515	311.3192
22.5248	42.1305	65.6094
46.6756	153.1329	89.3877
105.1199	141.8359	133.8973
152.5698	0.0527	178.3556
21.2654	109.2402	321.2231
149.4797	98.6544	38.8552
31.4390	166.6852	444.6377
22.0595	112.1649	80.7265
116.1522	92.5644	249.8437
49.7453	131.6007	349.0287
116.8444	59.6158	368.3360
56.9471	145.1283	190.4246
37.0367	156.1006	447.1944
129.6077	157.9762	351.6089
106.1709	68.2254	435.8175
105.5586	91.5933	355.9216
141.4804	2.3440	15.3420
111.0495	151.3708	192.8627
103.7578	59.6589	23.2213
152.4644	95.2436	87.9147
75.6449	2.0174	389.4108
50.9943	11.1343	427.7606
39.7511	74.0909	292.7643
2.9410	50.8101	170.3749
120.2605	122.7092	80.4043
109.8213	129.7594	377.7831
162.2637	104.7090	581.1858
145.5373	126.8454	316.2798
35.3866	97.1296	265.4062
164.1709	95.7141	96.5740
140.2408	157.2934	391.4861
67.9646	111.9857	375.9205
114.4810	122.7038	489.0209
128.2200	24.6022	530.8694
135.5539	43.9617	367.5589
103.7677	155.5441	543.5884
27.1553	16.1533	138.6063
144.5836	38.4248	100.1344
84.3701	4.8574	15.8718
158.6363	9.7175	54.8817
69.7683	88.9017	475.3024
124.8141	154.6031	322.3132
157.0602	158.6752	542.8391
52.6433	52.9190	187.4451
63.6273	73.6574	424.6202
45.8927	14.1026	198.7594
82.5239	6.7771	469.0498
107.9025	90.1198	92.6801
109.4141	152.5343	512.8157
122.0686	12.7818	426.7953
75.0832	2.3707	427.4781
115.1406	154.6862	242.9275
18.7754	36.2873	576.3302
140.1277	168.3002	365.6913
13.4746	132.9959	25.3023
45.1281	44.6435	162.3405
62.3084	116.8690	498.2503
90.3258	40.5647	72.8272
28.7919	164.3885	330.3836
29.9653	25.2618	137.4978
128.4439	90.1979	232.1267
121.0713	98.9836	23.3888
79.2988	154.1449	313.1377
96.7907	65.8457	306.9841
160.0197	88.0322	538.4128
44.8098	94.9700	534.2507
0.2692	91.4019	202.4839
99.6397	27.8227	203.2076
155.0465	98.7760	376.0467
157.9455	133.2964	158.2445
103.7741	58.0847	31.6387
111.9295	152.2400	414.1965
88.7041	36.3032	210.5678
77.8495	119.6279	161.9617
22.6847	70.4655	487.9879
113.8879	91.2647	498.9032
167.8952	25.7981	587.7109
58.5249	122.8915	120.0243
119.6331	137.0097	237.6102
44.7914	138.6643	14.7522
55.7555	4.1504	496.9070
63.0646	139.3176	576.9836
106.2005	85.0037	473.9586
140.4362	153.5241	337.8229
88.9475	90.6443	126.5849
24.3926	4.3578	97.8625
153.2842	166.5010	577.2018
11.6187	113.7841	206.4682
139.3624	124.9509	258.5127
160.0068	68.7258	559.1053
104.2973	66.6359	184.0766
100.2294	5.7319	18.6283
121.8524	114.8578	466.1989
150.9210	51.5861	184.2596
77.4074	88.1855	507.5490
84.1794	86.5248	336.2399
135.8830	157.8269	446.7074
63.5625	20.3588	76.7458
35.7946	116.8389	328.2852
67.1240	166.3180	422.0779
86.3395	128.4382	5.0103
40.9278	20.7114	540.3943
71.3919	42.1476	180.0284
64.0653	69.3718	384.6230
51.7712	130.1182	444.0550
167.5843	78.5944	473.4564
94.9378	116.3834	185.4410
91.2628	3.8238	501.8312
38.9117	48.3446	592.5836
35.8679	5.6937	497.3659
135.3673	63.5442	514.6463
16.0844	32.2527	401.5445
53.7788	167.3701	330.0901
44.3786	84.2443	42.7236
113.9816	51.9785	86.3582
26.3099	98.8679	72.8586
130.9373	152.8356	437.2391
95.3744	131.3622	455.5938
54.0417	56.5876	546.4373
86.8140	105.7851	394.6633
77.6851	103.3536	467.1105
7.6652	75.6969	579.8328
53.4628	84.7651	394.9894
119.6875	147.1412	22.9161
114.1906	45.3186	128.3586
16.5934	75.1438	59.5716
28.9514	57.8143	100.2856
126.6974	11.6697	325.8580
98.9474	17.9503	349.0688
158.3110	116.6224	256.7085
133.5580	143.9382	436.7401
51.9492	35.5161	502.3746
8.9229	161.4251	556.8110
137.3546	139.1721	448.1127
45.5829	78.7166	203.6749
106.6035	9.5083	430.4065
35.4184	54.5206	454.4673
67.4782	151.9566	54.1738
89.7579	24.1173	544.0873
144.2683	124.4128	344.6934
164.1293	47.3756	397.1398
56.8558	147.6664	391.9608
32.4074	130.8042	526.1873
137.6001	97.6652	494.8056
68.0442	109.0957	575.3215
97.7478	141.1848	339.5429
109.0193	151.8643	300.5959
124.9656	153.4193	501.7844
25.9582	135.3316	491.4376
81.0543	118.7209	129.5488
137.5061	134.5627	219.9361
26.6511	154.9664	546.6998
88.5174	77.8562	508.6644
64.6195	27.3153	488.3998
104.1118	35.6866	147.2767
12.5204	103.9402	136.7768
80.3228	140.7799	302.4953
87.2208	156.2571	10.1659
153.6554	91.4763	484.1191
125.6088	19.9034	429.5145
94.3493	31.1176	282.1707
151.4370	136.6116	537.7777
126.6498	113.4226	12.9724
157.0355	55.5078	352.1703
163.7112	17.3347	330.4619
97.2777	41.1489	70.6903
82.9926	19.2912	42.8283
81.2121	111.5418	507.5436
82.6833	162.8459	283.7260
12.5113	85.1659	423.9194
129.7636	43.4050	321.1502
107.4133	13.8348	277.8421
25.5411	160.5322	334.5547
103.4298	74.9080	376.5274
156.0814	130.5211	151.8066
146.1907	8.8443	440.6981
14.6062	165.5456	35.3251
85.0844	6.5438	228.3292
71.5601	133.8698	538.5445
78.8952	5.0321	212.8733
124.3430	54.8980	208.3853
125.0282	77.6297	477.3520
128.7774	91.3360	551.3020
142.5083	128.1341	378.1733
141.2460	93.3503	235.2320
139.7168	75.2684	377.8921
83.7070	25.9292	533.5437
39.3365	2.3131	212.4940
104.1316	81.2376	345.5668
60.3286	90.1512	43.4519
27.9377	62.2149	95.5157
8.5982	80.8427	223.1050
1.1997	32.1938	508.5684
143.0166	16.9233	570.6017
158.2103	15.1725	0.8691
58.5878	143.8370	141.9659
128.0094	149.6432	491.4530
20.8399	79.5083	221.2660
113.9120	24.8820	562.5477
165.4992	127.7130	318.7845
123.7535	118.1491	365.4521
27.2110	148.4324	50.7726
77.4323	71.5061	548.1071
5.7555	21.1406	41.1609
74.3560	145.6851	189.3762
11.3903	152.5496	364.7853
73.9116	140.5611	507.8688
2.5594	142.1657	218.8544
59.3367	120.1165	413.6589
72.8615	135.2726	135.2621
100.5832	67.4131	350.6372
133.0690	87.8450	379.4852
131.3281	97.0259	51.2767
78.8077	81.0186	550.4551
67.6605	52.8540	28.2994
20.5124	161.0183	341.3455
112.1035	148.0231	557.7818
17.7790	9.0394	157.9133
34.1268	119.7777	129.0756
56.1875	15.8060	75.5825
31.6849	130.6216	191.5796
157.4989	149.9763	382.2019
85.0691	119.6810	223.8563
26.8360	108.9465	519.8930
162.8174	65.4060	564.7141
44.6525	110.5282	225.6433
122.0258	136.5853	543.0285
6.5273	76.0773	206.3432
9.5873	29.6274	421.3813
40.4120	31.2353	144.9833
48.9912	93.4059	157.4232
148.3464	167.1902	471.0439
37.8105	49.4446	351.3556
38.2702	126.9219	220.4002
136.0166	136.2566	225.8190
6.4951	142.9483	586.2632
155.9692	5.2324	373.0124
164.2595	155.6091	271.5787
83.5369	66.7887	310.2762
20.4664	14.0213	30.3568
115.9606	102.3754	143.3788
78.7869	55.1000	271.5436
85.3943	113.4198	129.2265
24.0548	85.6109	108.6723
11.8045	156.1053	574.8111
138.8887	53.7009	77.8119
85.6479	101.0314	291.8431
36.6781	28.8695	134.8618
72.3680	103.1154	551.4888
162.6797	164.9027	10.8176
91.6806	125.9806	117.9888
33.3836	10.4730	272.8174
70.2563	23.6580	485.3169
39.7978	112.3594	140.7998
38.5127	43.9174	172.2615
133.9809	134.9479	581.2058
147.9213	79.4789	292.8001
91.3288	122.1725	288.2090
104.6567	97.4580	573.9123
59.7529	159.0409	83.5981
163.2290	143.9503	197.5867
86.8889	99.1587	37.9563
6.1041	113.9043	104.8078
124.6150	43.9781	83.1478
51.4635	52.3298	550.6940
124.2231	103.7917	104.2683
21.1670	100.9051	263.1676
140.5507	101.2529	13.2872
145.2884	40.5990	314.1100
154.8842	140.6708	266.9639
6.8284	54.9362	162.6618
36.5970	109.3831	280.4901
155.9753	23.6288	294.7987
23.4521	116.2594	319.8355
119.8308	22.2544	419.8696
81.6473	38.3083	516.7934
30.6604	153.1210	4.3160
102.2084	67.7883	251.1621
9.0876	50.4864	582.3979
59.3608	46.8297	273.4550
69.2002	61.2686	456.7227
84.1909	75.7632	115.3445
111.8438	22.4203	316.0503
22.0435	159.3594	308.3363
109.7466	97.1944	372.6858
126.6033	65.7759	190.6760
85.4286	16.5730	411.5762
129.7050	77.6383	534.3403
140.3403	150.0247	559.6327
23.7201	102.6572	234.9978
68.4061	139.1849	168.1543
148.2304	122.3821	177.6525
93.2505	124.6654	37.9999
59.6168	97.7428	467.4425
158.4451	1.1443	433.4640
129.8982	43.4697	418.5862
153.5558	118.2741	162.9970
78.9716	78.4058	578.1981
39.3104	26.7060	78.0441
48.3285	62.4184	433.4524
103.9185	164.6004	67.9384
45.5407	121.8718	358.3952
5.0771	16.6429	321.4343
12.3113	53.4861	65.2612
79.0473	33.1861	123.1863
18.2339	93.6642	69.9784
111.4721	68.7705	80.9714
162.8309	71.4817	364.7875
21.3490	8.6067	23.2832
46.0964	159.9508	74.6090
36.0875	29.1421	542.4386
93.8056	71.4718	15.7726
104.1867	40.8939	9.4362
18.6811	131.5410	377.6096
33.0588	60.2868	109.4279
79.7546	121.9306	162.0952
132.7300	164.6064	69.8499
70.1518	51.0210	283.3985
123.4976	20.2181	178.6629
110.6418	121.0187	425.3565
46.2590	15.1769	195.5562
3.1700	40.3061	56.3985
164.7885	19.8337	44.3906
0.9990	109.9632	97.0197
53.6960	96.5001	141.9163
43.7283	100.9292	531.2888
59.3452	72.1006	444.3090
8.3344	31.9569	394.6426
3.0241	61.1645	495.9306
51.6312	70.5610	221.7159
119.4694	88.0537	229.8030
32.8581	41.2250	129.4442
127.2271	123.7730	476.0141
133.8940	150.0771	338.9605
4.7184	156.9996	524.4085
1.9044	36.6788	361.7554
42.5373	76.4039	141.6919
47.9274	108.8494	70.2745
67.5811	37.0074	360.1664
122.3268	127.7302	75.5589
159.6682	165.1943	19.5239
151.0463	20.3046	162.8100
29.7308	135.1330	52.6384
36.0710	145.5465	589.5858
1.7665	26.4049	82.5993
-181.5458	143.3949	983.6800
59.9001	102.9993	174.5422
57.4749	156.2786	378.2069
37.8078	124.0447	31.5545
52.4743	83.7551	392.8750
168.3517	18.3817	536.5088
151.9292	3.4798	454.7481
71.8757	12.5408	182.3043
139.0501	84.3749	317.5967
104.2488	37.5838	182.7976
98.5208	82.2603	377.9135
11.7948	145.9656	117.7578
149.1919	4.4193	25.2699
96.6463	22.9581	140.2427
92.4532	127.0134	412.2396
39.6031	53.3267	277.8673
41.3724	9.3658	532.8118
99.2576	27.8404	11.5495
69.4248	153.7210	306.1578
105.2989	2.4009	116.1333
96.5861	60.7552	322.7657
36.5772	15.6472	544.8613
156.9162	59.0634	146.2676
87.9756	116.1421	57.2319
30.9510	159.3557	110.1648
28.3570	34.0849	552.3009
137.6482	119.0385	278.4656
56.8362	164.6617	306.4155
71.0690	61.9702	264.1540
9.3074	145.5981	472.8864
81.9829	20.3437	457.3471
67.6004	81.4947	158.2328
140.6240	113.7195	126.6290
147.4758	27.6613	458.6629
91.7096	54.1590	305.7865
70.9948	54.1437	267.5365
94.4521	20.3290	500.8147
66.5188	152.7706	134.9286
111.3768	2.6086	284.4310
146.7963	97.7085	12.0240
31.9571	17.2126	124.6296
3.3825	16.4839	402.4858
73.2957	134.4992	286.1479
11.2196	124.1735	387.0915
65.8201	143.3710	587.6819
152.5982	145.6996	579.7714
122.7224	62.0551	563.0084
159.4710	133.2332	434.7998
118.5288	53.4593	569.8557
59.8174	70.3174	498.7895
155.5637	94.0190	261.1788
93.3780	157.0097	483.4167
120.3100	108.3441	167.7538
100.5843	133.9482	463.9201
99.3634	82.3332	32.9077
164.2786	105.4823	119.4207
156.8948	6.5138	90.6485
137.5599	62.6220	410.2107
109.4169	11.3455	98.5312
153.5058	5.8689	363.2798
164.5412	0.1527	72.0593
4.9284	124.5340	53.6068
45.1641	112.2310	76.2711
87.4941	29.5713	456.1573
113.8334	52.9215	349.0702
29.9926	109.5202	421.6275
69.4415	67.9580	90.9038
35.8497	1.9401	410.0905
98.4581	56.6461	515.5698
128.2371	30.7811	91.6564
132.3322	131.9871	8.4123
9.1505	56.5592	208.9628
32.1230	162.7013	526.2296
16.5657	134.2515	490.7980
140.1787	138.3609	220.6783
106.8635	15.1314	270.3155
142.7227	46.3878	580.4322
115.8798	144.1207	353.4495
0.3299	13.5093	310.8414
125.1368	8.0034	100.1762
123.0938	103.8702	248.5632
32.9419	153.2332	54.6494
114.3608	55.9642	556.0786
128.4904	141.8442	426.0506
20.6977	122.4120	575.7580
99.7618	115.4111	538.3420
146.3742	86.9532	415.3018
47.4198	115.4781	61.0330
103.5982	75.2517	321.1724
126.9154	16.4281	143.3649
102.5416	28.6733	442.2476
65.6262	3.4709	379.3299
62.6624	91.7115	473.8086
50.6482	138.2205	205.5826
33.2159	43.0600	401.6263
162.4200	160.2804	301.2162
91.7952	17.2769	540.1107
146.7419	163.7085	281.1108
32.7767	168.3089	352.1747
22.0801	71.9030	26.4751
110.8754	14.7951	102.6487
154.9035	134.6810	489.8741
36.1459	2.7672	354.5706
12.2233	34.2442	478.9353
14.8712	97.8251	447.2302
150.0924	32.3584	332.6652
165.7940	55.4880	373.8915
53.7923	24.8986	116.5512
114.8689	78.0348	274.4406
13.3927	14.0339	53.5846
83.4827	114.7251	85.4838
103.5713	125.1144	375.6233
34.4882	107.3601	13.1732
39.9539	154.1404	287.9422
157.2930	138.6304	190.8975
31.2530	24.9322	77.8922
136.4450	121.4065	429.1871
44.0186	25.3942	88.7566
120.7795	98.6983	263.0924
99.7742	135.0058	523.9043
140.3203	125.3925	313.6551
37.0660	99.8049	373.1923
126.6970	99.6934	1.0734
120.4700	109.0439	130.6868
59.1412	123.5245	425.2231
105.7653	26.5934	242.9013
59.8356	59.0239	475.5895
155.4308	14.5300	560.9752
128.2306	79.2929	27.6489
94.0827	53.8210	38.2899
33.2706	28.1258	381.2117
137.8410	84.7581	105.7464
35.8571	62.7941	563.2224
22.5483	95.6572	81.2583
10.7731	22.4409	69.6117
22.8237	131.5323	341.8211
90.2621	22.1789	206.2103
117.8610	131.8448	408.9396
68.3478	139.7044	407.3706
105.4044	100.2533	566.7688
142.1432	99.4133	551.6239
30.2956	115.1288	63.6398
85.8181	8.0482	514.7399
141.0519	78.7178	46.9208
135.7758	5.7086	50.2120
88.9074	90.1093	335.8908
79.8813	51.6144	453.0138
160.2976	167.4439	587.6278
97.4918	84.8288	499.3042
59.3879	100.3905	135.3374
34.9627	11.3974	400.6001
74.3764	23.2364	290.5271
114.0733	98.5947	593.3332
63.5586	124.2884	440.9204
166.6859	102.2487	323.1278
20.9275	159.1145	284.1228
85.6239	153.1145	542.5669
76.4826	111.5001	512.8358
41.5871	23.0691	310.9940
31.3563	122.0417	245.7552
6.8365	92.8505	166.8300
102.4815	147.6432	465.5826
102.5850	137.3548	223.2502
85.1838	52.5844	466.5035
131.2188	15.8485	364.9724
158.5617	20.1379	184.7350
30.4952	109.5598	221.1786
161.2393	123.8225	451.4202
138.3640	4.9528	319.3109
103.2798	65.0969	348.5181
131.3089	15.2062	540.4736
97.6820	24.4136	157.5553
110.7801	37.2999	305.0547
125.1172	33.0552	380.8653
34.3776	60.9573	249.2346
126.3105	157.3527	200.9524
46.4964	25.9076	590.8157
20.4382	15.8228	265.4458
121.1689	57.2259	315.1059
92.7701	165.0612	471.1024
161.0786	137.1784	580.7435
2.1134	30.4277	163.9831
84.5848	118.7421	548.1296
34.6108	8.1868	376.9321
46.5560	2.7058	431.3582
161.4281	40.5159	51.7700
105.0885	22.6260	453.8430
117.0927	144.3819	31.5025
31.5245	126.1543	181.3257
9.0804	23.2902	593.8731
82.9902	147.9373	173.0214
93.8719	0.2334	400.1367
156.3251	161.8242	352.4071
36.5919	100.5576	532.8457
51.5888	96.7564	386.1790
139.9604	142.1049	585.1829
115.9475	10.2995	394.2134
22.1616	8.6750	130.4416
157.8386	32.3358	445.6928
131.4945	146.8530	205.2815
5.8742	84.3296	201.0331
142.8111	96.1214	143.2597
132.1747	119.0105	230.7665
125.7057	32.2419	112.5224
9.7451	111.1903	518.3895
164.5337	8.1383	195.6297
109.9586	89.4366	269.9220
113.7333	39.3464	459.8754
156.7570	92.9639	546.5513
2.1578	131.4124	402.1540
6.1731	103.0110	111.3405
107.9452	97.6938	339.7020
151.0414	1.9808	351.5668
37.9015	79.6669	164.0044
164.6142	119.2169	257.5711
76.0704	41.8078	256.1127
7.7804	96.3080	382.5802
63.3370	148.1292	184.9164
107.2176	74.1672	135.4682
116.4869	71.1084	236.1358
148.3512	53.4888	351.0301
85.7643	142.0548	24.5397
158.6446	47.2738	280.6970
89.3825	129.6914	171.9487
165.6216	33.2574	467.5312
134.7085	77.5893	326.2874
115.5185	144.3114	535.8766
166.5131	1.1689	340.0617
66.6725	147.8234	169.5766
55.8044	94.9922	69.0779
140.8611	9.4319	570.6261
81.9271	141.0084	450.8956
123.8355	107.3113	76.6278
164.3483	39.2358	585.0630
43.2998	13.7394	447.3090
19.1782	102.8628	215.2845
52.8561	121.8732	397.3300
81.3192	58.9834	265.0364
126.3443	124.1021	346.5990
19.9971	109.3955	504.0520
154.4134	59.8121	385.5304
167.7149	124.3145	542.5007
26.7110	129.9893	144.3410
54.6284	33.4797	279.6412
88.4054	63.7298	266.0053
150.6296	56.2763	575.9501
2.2831	146.4307	207.6166
154.0278	11.6110	114.6611
152.6351	24.0739	191.9511
150.7495	4.5853	391.8363
91.1455	133.2120	40.8137
102.8091	12.6988	31.4258
107.2476	32.3204	301.4140
132.6846	98.9305	97.8084
125.7031	124.3278	215.2484
54.3693	127.4393	63.3693
98.8756	161.1663	398.4265
138.8473	64.3750	141.1204
63.1040	117.5923	357.9117
47.8549	34.8366	162.2703
138.6188	51.6933	428.5657
83.8634	110.5662	286.7091
14.5634	0.6113	558.5209
132.0353	148.2532	571.3031
83.1195	106.5940	150.5731
114.5870	4.3045	73.9645
91.3437	50.4028	395.6858
13.8397	127.0957	109.6144
107.4616	112.2137	176.5227
128.5442	134.0608	211.7638
157.6461	78.3513	424.3150
166.2589	44.3745	184.7536
117.4525	145.7837	563.6903
155.3992	8.8792	494.9094
33.6203	21.0359	428.8000
144.5858	15.2972	471.7459
109.5628	70.8440	562.1625
54.8801	9.2288	124.8217
50.4513	31.9785	523.2778
71.9638	11.7750	354.6110
17.2589	76.6453	432.7581
3.9989	32.1653	386.1712
33.4567	21.1744	365.0735
48.7530	95.3403	216.1690
79.0980	1.6923	418.4098
59.7422	2.4374	186.3359
63.8183	78.0860	84.4509
49.3462	12.5484	321.5768
66.8157	33.4216	83.6768
97.3812	142.7434	207.3539
14.8751	155.6802	135.9087
29.2052	165.8425	408.0543
36.8518	138.1181	32.0577
145.8961	163.2644	589.6292
60.0671	110.7200	583.0032
103.9525	39.5231	26.8602
23.4440	75.0442	247.4413
87.3301	24.9874	271.8916
96.1919	26.3052	137.4431
106.3015	34.4227	236.7224
34.1245	141.7417	401.4394
135.5347	148.2983	514.0997
70.4318	50.6718	299.9219
107.9199	35.5623	147.2098
56.1722	19.3929	214.5030
44.0438	76.7822	156.2132
59.3376	124.6128	174.7745
112.8070	100.9721	426.5498
45.3502	43.5869	319.0321
92.7803	44.6534	132.7025
81.0530	154.9587	278.5651
143.6874	32.6066	556.5036
96.4180	61.4618	399.1438
143.2539	44.2742	219.7839
122.8255	61.1557	424.5697
86.5712	158.4120	501.1979
102.9750	86.4298	471.6106
120.6508	147.5086	78.6310
129.6785	23.7765	223.5728
30.2438	9.9071	85.7984
51.9974	17.8258	569.8653
34.4937	119.3217	528.3741
8.0310	115.3929	167.3239
147.8126	46.6374	278.8619
62.1417	37.6594	270.6002
118.7054	22.2450	75.4678
143.3399	56.8579	24.0044
144.4365	63.3385	33.6117
22.1603	142.0227	586.3622
37.2866	74.6653	124.9051
5.9559	27.7363	81.6673
45.7349	151.2604	415.4990
13.2972	102.3804	353.5796
135.7604	66.1059	399.9867
141.5399	125.3971	590.6002
0.0897	131.5371	464.1617
54.6053	124.3019	83.8363
90.6328	68.2986	14.9505
134.2077	13.1390	581.0547
105.8280	55.2762	118.6137
156.5770	95.1359	495.9398
108.3679	25.0158	25.6765
126.2220	134.4438	26.7372
135.6663	105.0047	397.0989
16.4736	88.5764	224.6371
12.2905	104.3653	439.2554
61.8212	122.5594	441.6300
24.5243	99.5391	79.6561
112.2086	62.2463	311.9857
65.6155	18.0186	187.8885
152.8224	33.3956	593.6188
68.5508	99.5366	79.6989
130.6773	122.6036	255.4106
99.3965	85.5551	351.2606
155.4473	15.1579	119.5094
7.9064	98.6760	346.5340
93.3104	30.5457	556.5982
38.2037	167.9607	395.4100
78.4323	168.1132	92.8230
12.1396	83.2240	121.6485
70.1837	113.7344	489.8443
6.0130	78.7174	195.2169
15.2008	149.0516	350.8609
159.3450	65.4240	150.4914
113.9726	110.9588	172.1006
66.2244	132.9005	549.3092
79.7278	100.9224	299.6736
143.9907	138.5112	332.5156
99.3216	95.8522	79.2003
131.2589	48.5186	523.3506
148.4901	92.4702	95.8625
10.8047	44.5140	71.0294
134.4483	22.3322	513.2293
108.3804	44.5948	349.7064
108.9103	164.2497	245.9385
107.3640	123.6668	489.8993
135.4193	111.3895	115.9062
70.4451	55.6138	513.9181
104.9635	47.6260	76.7200
28.0922	60.3044	0.1638
104.0788	105.3361	539.9315
145.4060	44.3770	562.0115
95.6344	113.3081	344.4800
27.6573	5.0832	266.9539
37.3891	51.7153	337.4880
147.2597	160.0335	531.9507
30.3459	24.6283	585.7324
115.9233	165.3961	268.8696
74.5409	150.2668	125.1348
12.8457	54.5321	350.6184
140.8470	72.0571	302.2695
162.5705	75.2710	252.3462
38.1726	166.5906	223.9012
65.1148	80.0940	271.6116
86.1619	23.1345	438.0610
168.0325	24.4831	48.6379
18.5248	85.5730	176.2447
157.5861	142.8896	520.1709
46.8168	13.0293	384.3045
35.7844	142.3672	62.7979
32.6919	21.1651	66.6792
65.7866	167.3624	212.1223
159.7436	135.2811	177.2811
81.5049	90.2322	576.7480
58.6342	161.1008	279.1645
136.3684	84.4147	320.6828
123.8593	23.6509	226.1905
25.1760	148.5489	316.8934
157.8677	32.5197	385.8150
42.1009	59.2943	441.3651
4.4187	42.7093	239.8590
89.1979	71.0891	525.6540
25.3495	131.6100	489.3465
145.3603	152.3199	198.3476
69.8289	101.7454	403.6301
161.9264	140.8312	544.8076
36.3002	98.2876	72.1797
86.9126	127.0070	447.4498
45.7557	104.5316	151.8793
163.7852	32.0935	302.4857
101.6881	10.4913	144.5376
142.4083	20.8192	585.3770
9.6866	94.1525	350.0235
84.4194	49.1833	76.9962
45.3276	47.5755	46.9765
137.6652	66.2533	85.3420
20.7297	6.0668	160.6164
23.1371	10.9799	248.6573
76.1721	76.3899	549.4675
128.4647	73.9967	294.3703
65.2482	160.8657	356.5591
93.6570	13.1065	280.5164
65.3782	50.8097	44.7122
165.2276	31.8044	323.3271
110.1657	157.8772	301.4483
60.2563	19.0887	128.5802
7.6576	106.6298	95.0582
132.7517	79.0735	246.5842
57.4420	97.0418	336.3340
144.9678	5.3988	545.4974
167.2226	135.7726	29.2064
61.5716	1.6335	172.8414
158.7560	18.8070	314.9935
100.5471	129.3966	109.8858
85.4430	46.4965	510.3517
73.2938	138.4894	529.7276
43.1406	4.7457	294.7631
67.8396	89.4049	35.7099
81.9733	127.4380	113.4546
9.9486	115.7490	87.1875
101.9143	13.8478	21.5864
80.4009	156.5574	441.1389
78.3698	86.2831	557.0344
138.5522	29.0949	256.3871
79.0533	120.7692	324.2424
76.2064	153.6933	574.4515
35.1639	13.9233	402.9604
60.0703	116.1925	563.9671
13.8282	112.9456	14.1814
164.2737	33.2145	11.9294
31.8954	74.5359	212.7912
108.6355	156.5586	493.6114
109.0973	21.4782	59.5504
46.4197	5.2052	11.2721
4.3191	146.1451	465.0264
25.7073	15.9011	496.2049
44.6580	58.6622	371.0647
6.5614	74.5893	339.8727
41.1211	2.8223	46.2073
4.3692	111.3645	295.1149
104.9547	143.8929	426.7996
0.1672	44.7133	208.8961
30.1130	148.2584	288.3676
126.7284	152.6057	87.8137
113.4278	7.6897	191.3036
107.3938	152.5183	362.8298
123.8371	45.7120	183.4287
125.4472	146.5704	40.9428
76.0804	147.1370	117.9221
143.0452	161.7387	66.0843
126.0021	2.7965	72.2656
122.8967	118.1278	345.4602
89.2881	94.2734	306.3558
82.0831	56.9732	240.0029
31.2661	35.3469	544.7292
43.4571	23.5787	254.2672
164.8419	26.5243	337.3064
30.8167	44.0851	37.1284
130.4981	139.7190	542.2962
78.6305	45.7742	388.3053
84.3782	141.7146	295.6765
126.1248	9.9181	15.5475
78.2783	137.8685	268.6978
18.8916	39.4546	125.2982
164.2621	36.2962	360.7047
130.5999	32.3872	173.4332
18.9433	84.6848	77.7053
59.6537	5.3832	363.3530
149.9881	123.9514	340.1337
127.6190	97.2734	437.2433
14.0683	47.6055	576.3972
90.5005	123.1540	52.4896
136.5977	57.1698	523.7002
0.2156	123.4537	222.8065
87.8442	143.5006	500.5640
23.3014	28.1596	230.9805
118.6782	38.4673	71.3781
2.8675	31.5903	259.6956
115.8577	83.9743	210.1507
12.1057	33.4813	442.4820
83.5071	90.7846	335.3827
26.5052	155.3264	318.0921
120.1166	33.4843	80.0723
123.4448	1.5830	521.8311
129.8404	140.5515	300.9601
136.5785	28.7535	263.6590
18.2778	14.5304	65.4448
125.6992	152.7580	541.5577
32.1202	33.7124	145.9578
36.4049	159.8641	334.2661
29.7610	49.0903	231.7819
37.8101	110.8169	152.6385
129.0975	91.3319	49.1498
95.1746	91.9310	294.5498
72.0000	140.4409	217.7073
58.1797	109.4213	198.9966
123.4552	66.1128	278.9412
129.8581	36.0318	170.0292
53.8768	111.8427	391.5294
2.1988	98.0966	99.5989
68.9710	108.7317	185.8474
92.1400	142.9289	263.8851
40.7092	7.9113	418.5619
42.4228	97.8088	218.2745
7.3095	61.6115	370.9179
137.5370	35.4313	296.8904
162.6535	94.4253	267.5811
165.0523	137.4500	179.9897
106.9917	160.4244	65.7969
101.0587	103.3596	48.2846
113.5406	123.3347	13.5409
168.3647	138.3972	454.1408
58.7596	2.4696	527.5696
76.4732	30.0875	151.9274
86.6627	139.1639	326.7437
63.9073	52.1666	229.6389
120.5985	115.5288	461.7687
44.8025	10.0294	78.2593
9.2089	44.0904	387.7527
50.5149	140.9539	170.4916
123.4119	121.0311	471.2892
71.0449	120.1431	110.5852
63.5444	38.7866	246.3686
71.7379	161.7607	371.9627
19.3923	65.1294	164.9974
56.3449	103.6308	10.8836
126.4360	161.2542	304.6584
96.1940	145.4556	558.4370
21.8421	132.5857	587.4189
104.3406	84.1913	210.9151
156.8802	69.7840	560.6257
73.7015	56.4383	430.4315
114.0682	142.4984	580.2424
26.1211	123.7172	203.4675
7.6245	84.5102	288.1102
110.1364	15.2772	403.5914
20.2484	104.7958	363.2786
3.2369	111.5802	560.5484
84.7288	19.4463	187.9656
53.7696	128.9276	566.3445
55.8732	47.0212	493.6977
88.0621	132.2189	474.9047
23.4516	53.3883	262.6440
106.4705	87.9418	108.6761
155.3067	37.3108	272.4184
159.3904	12.7773	187.6315
122.2252	159.6939	283.0892
81.4746	129.2380	260.8004
84.6116	133.4037	6.0078
123.6749	103.7134	445.5389
87.3346	152.7879	7.7865
17.2830	16.9678	232.9823
12.8216	91.7595	233.2526
164.4680	47.0404	305.5178
156.1406	46.8625	375.4581
99.2581	103.3452	562.8006
77.4862	42.1031	392.5758
85.3682	148.0982	280.9171
166.1025	88.7292	344.2438
99.3120	104.3418	43.9756
141.7814	127.9021	273.6672
144.4050	94.2091	41.4694
51.1381	159.2389	307.6978
65.9252	44.4041	11.8134
17.5918	7.9972	585.6312
102.7193	47.9995	120.4363
125.6954	106.5278	178.1767
24.9409	31.7496	27.7684
4.9311	12.9985	388.5091
28.4565	167.5032	273.1456
151.3935	35.6247	340.3520
106.7583	92.7128	275.5338
95.4776	38.3343	588.5807
138.2108	85.0496	457.6679
68.7135	24.5813	79.3518
54.5392	133.8452	181.4551
47.8611	10.3823	560.0858
122.8954	6.2555	326.5935
124.9808	42.3067	258.8267
112.1844	33.7307	57.5407
63.2698	136.9338	30.7646
32.3657	107.2150	92.4557
0.6708	87.9683	292.0864
124.3023	109.2694	295.2139
7.0117	3.1867	142.3834
114.9735	120.7522	322.3895
98.1181	158.2398	139.4605
153.5869	25.8602	251.8984
26.4631	39.1130	106.9331
55.1468	69.0589	161.3221
71.5306	100.7765	57.3802
110.2235	20.4533	2.5251
143.5361	95.7124	380.0424
76.3450	148.9632	0.9004
42.3792	43.8651	549.7059
94.0518	166.8951	484.8270
46.5408	99.2038	308.2544
113.5656	11.3848	21.1566
13.9288	104.1066	173.1561
118.6511	10.5689	328.1960
127.3646	157.5461	441.2800
96.5505	130.7349	262.6009
158.3682	138.0400	257.8790
56.0940	32.8416	68.8966
153.2783	125.7184	528.5102
20.5864	15.1879	308.3826
146.5026	141.1010	97.9959
131.8570	166.1011	320.5072
103.5805	52.4557	290.4881
71.0223	145.3654	159.8428
76.4056	116.8686	176.3601
120.7452	77.2287	313.4772
58.2441	131.4956	100.0357
24.5826	15.3467	94.0111
135.5087	58.2609	313.3089
59.9116	44.2975	319.9671
21.7728	20.3268	373.5794
67.0539	88.8234	26.3975
160.0940	147.7632	300.6140
130.4709	59.3037	472.8261
106.1028	134.5044	382.9220
73.3626	41.2495	332.7938
158.2094	159.1806	45.9438
101.3177	82.5878	251.1985
134.6166	154.4854	581.3048
141.9568	49.4565	280.0430
153.4473	146.6864	5.2802
51.0257	45.0374	494.5334
54.9713	107.6861	18.0641
159.0934	94.4181	519.7633
133.2967	156.2793	218.5620
19.7973	166.2790	461.7434
130.7319	30.1383	83.8072
74.3567	33.6992	171.5860
137.8834	52.0694	542.4420
158.1377	61.7895	112.3183
67.4101	108.2012	586.2513
92.7244	156.8568	496.7625
105.5611	60.3095	512.6591
9.0776	112.7426	565.2094
163.7736	90.7786	113.7666
35.3587	20.3858	115.8744
141.9625	68.6606	84.2447
95.0185	111.4904	359.6827
119.7817	100.5933	555.9985
100.6130	43.2441	354.6607
152.3706	155.0307	66.4445
116.3192	132.6966	419.1524
33.0394	50.9049	417.6538
25.1097	126.3690	334.0132
41.7869	92.0099	223.7381
133.8399	163.5088	121.8160
105.4719	139.7793	162.9610
139.8037	29.7663	294.5754
87.7311	5.6765	34.2793
84.0311	123.5405	506.6052
25.8342	96.7402	228.3638
148.2219	91.3131	141.2102
131.7149	158.0130	28.4248
15.4510	162.6280	571.7324
49.7354	23.6428	45.0570
15.7899	109.9673	462.7361
38.8123	102.9454	80.0017
157.3247	154.5611	296.4377
113.9412	158.8737	390.4766
75.5907	48.0264	385.1704
87.6992	7.6272	176.4359
159.7502	22.6500	516.8638
165.9587	122.2950	178.6717
28.6801	39.6487	367.1377
42.6664	74.4476	501.1964
19.6064	153.5288	499.2938
120.7715	34.9472	483.8146
69.1805	153.5148	160.2936
124.6978	165.1828	117.6162
68.1435	17.3919	382.9506
93.3600	56.2628	423.6981
151.8791	40.0651	8.4603
24.7473	95.0345	209.4527
151.1944	116.2367	587.8000
89.2269	159.2000	157.2485
123.5047	158.1794	311.5737
76.6241	80.9324	139.7968
136.6930	110.1009	404.1261
156.8279	160.7588	56.0224
81.7508	72.6923	334.3134
155.6359	23.3388	141.2020
115.0643	12.9550	195.2795
64.6675	162.0623	405.8254
14.9056	140.3029	325.0597
76.6994	29.8068	241.7549
79.0496	107.7743	116.2956
45.2795	107.0250	68.9131
122.6461	77.1515	172.4119
27.3572	21.0585	58.2485
67.6917	40.5265	403.3434
145.5648	38.2464	340.9823
153.2437	164.1534	307.0373
51.6137	159.5990	256.4298
71.7118	125.0621	178.7257
22.5885	82.9292	192.9544
165.7378	8.5108	55.7633
116.3127	150.2855	191.3830
21.5144	148.8684	383.6871
100.7686	11.2794	24.0067
49.5131	14.8801	336.1904
165.7748	142.4355	156.5515
87.5494	11.3114	331.6062
86.2704	152.7677	283.2567
84.2733	136.0743	178.2622
86.8180	37.9945	510.9564
81.3552	15.8972	303.7910
65.1067	146.6849	141.4215
52.3677	106.0148	181.4306
41.6778	148.3400	574.1308
86.5932	133.8548	464.7985
78.2622	145.5959	265.9005
84.2891	95.7870	397.2693
5.7889	49.0866	57.0790
22.3318	134.5392	182.9550
84.3158	137.3301	221.7671
80.0286	127.8154	241.3923
12.1607	162.0231	465.0077
145.0426	100.3958	32.3024
66.0297	12.1004	121.3169
76.3778	31.2784	48.3376
77.1579	42.1080	572.1283
23.8878	153.9654	350.8748
138.0292	128.2862	571.5638
92.5570	97.2046	204.4612
127.0820	136.8515	112.1014
55.0778	15.8092	404.8514
19.3616	100.4389	431.5011
125.1230	158.8163	233.7283
2.7947	26.7620	7.5535
24.5390	34.9057	70.9186
144.8467	80.2762	320.1439
116.7787	111.9885	304.4454
154.9367	131.9969	585.4116
103.8853	9.1738	266.7123
106.3881	119.2895	406.2046
24.3709	146.9615	95.0851
95.0867	126.8607	344.0838
49.8918	144.1744	164.3320
85.6057	50.5942	312.0503
132.4988	8.4921	291.4702
167.7000	43.2096	304.9925
115.7846	11.4605	168.5710
120.9566	56.7724	565.2493
43.0437	115.0652	311.6341
35.3268	89.1864	333.4915
132.9262	5.6964	145.5521
45.2890	156.1864	326.0255
15.5711	137.2861	500.4950
33.7367	19.6539	165.6455
140.1577	28.0795	236.7057
117.5256	23.9862	163.6957
60.8870	29.5775	365.6154
6.1163	165.1420	13.1961
48.9492	15.6208	394.8436
13.7476	91.4912	179.2756
98.9294	140.7729	87.8961
38.5316	59.9276	307.1797
161.0798	11.5406	155.8284
137.4581	155.2112	411.5559
9.9194	120.7727	329.9553
89.8169	77.5001	507.5284
16.4228	127.4994	335.8876
5.1844	85.2325	566.0101
143.9814	121.9448	532.4578
104.4914	3.4203	160.3062
69.4990	18.7702	364.5093
91.1418	33.8044	196.1415
28.2133	149.8559	31.1145
107.9875	160.6499	90.9009
119.4506	154.6850	244.4884
60.4227	41.7540	315.6072
111.8125	61.7837	116.8083
146.3567	64.9961	44.0742
55.2974	107.2265	556.2075
94.6916	33.7553	577.9180
167.4302	62.5161	362.7843
81.8287	68.2318	307.3564
129.4870	28.4135	363.5214
40.3207	159.6861	352.7521
75.7672	157.7311	92.5070
49.3347	146.8029	346.7740
124.3038	3.3036	433.7294
92.3541	72.4372	478.5443
51.9536	92.6607	327.3133
52.7033	167.7004	314.0844
110.4025	89.9466	96.7982
43.7119	147.6789	150.6379
122.2631	69.6919	58.2294
29.0181	39.4749	566.9195
60.8550	35.3305	488.0226
48.0657	162.0134	86.4354
59.4856	9.9400	142.7001
22.0069	147.2213	280.0583
108.1205	65.3685	166.8453
43.7560	74.8406	443.0928
108.4047	45.4334	455.1158
127.4066	62.0509	450.3032
1.5052	52.4588	418.6871
74.9873	105.1956	231.4853
0.9274	117.9501	545.8752
82.7500	64.8805	540.8023
80.3026	94.6889	313.0371
7.0784	143.7788	189.3693
114.3944	80.6297	170.7591
26.9715	83.2122	378.7968
30.2136	103.1998	524.9287
8.4297	38.8261	229.6067
47.0355	69.8170	102.6291
88.9469	165.0054	108.4535
137.1029	44.2236	87.2696
26.5366	167.3573	267.8151
112.0702	84.4964	122.8667
2.0896	36.5003	238.5947
41.7641	77.4107	205.5678
17.3023	118.8663	558.2442
94.2346	117.9351	33.7516
51.5136	57.5286	543.8600
25.4835	13.7818	58.6631
56.9552	52.5325	524.3202
145.5269	59.9725	302.8096
142.7586	123.1709	235.8523
130.6601	27.2454	463.9175
127.7687	11.9083	117.2472
86.8312	47.1227	251.2057
117.1900	37.0431	413.8195
81.4682	54.4006	343.8752
147.8190	3.4248	377.0081
159.0699	45.7711	265.5480
3.4443	31.5906	89.2996
88.5317	131.0252	471.0767
111.1679	161.4743	393.8282
35.9836	152.7040	305.6203
143.4261	126.1696	506.2876
139.0973	38.4895	591.8721
100.1400	136.7714	526.1322
5.0324	43.9821	239.1512
54.9152	155.0045	79.1742
9.7899	156.1115	33.8423
20.9476	3.8952	486.7106
66.4309	55.5706	184.8477
117.6941	148.1392	155.1596
49.2943	23.6220	83.9934
168.1485	124.0539	209.7992
132.4892	158.9772	71.8849
10.9235	168.3355	507.7279
57.5747	27.8441	382.1507
35.5974	44.8140	152.0689
79.5230	44.0038	250.3785
15.1250	122.3835	319.1724
35.8121	152.7198	448.8013
89.3622	76.8790	426.9887
83.0358	72.8700	115.2313
40.9292	85.4448	249.1197
165.3403	38.5118	106.5667
47.2599	32.0680	522.4078
56.0007	71.1830	187.1354
2.9470	139.8012	412.4568
102.7382	118.4622	451.9570
54.3939	145.7561	495.8754
73.0491	29.5451	65.5260
21.3875	124.3722	58.3044
139.9921	68.3324	453.3983
50.6137	85.1190	490.3147
113.0130	33.4323	139.7173
151.0564	143.1075	199.7869
133.3054	89.7913	36.4562
109.0102	79.0639	512.7673
53.7389	124.8298	308.6066
23.5176	99.6980	386.4050
89.1290	166.5395	65.0443
57.0176	70.4452	403.8495
152.9984	36.7392	576.8745
144.9759	153.5945	366.5968
42.1140	133.7230	120.8231
10.5946	101.7304	76.1059
17.8363	126.0271	122.9207
139.3807	90.0155	100.1502
64.0587	1.7976	85.1342
106.8499	165.0489	234.0032
124.4168	42.2022	335.0754
66.7735	107.3011	3.2695
129.2983	52.7316	22.3158
19.9475	2.3841	449.7602
80.8185	40.0715	552.1510
70.2489	99.9184	524.5778
151.3264	85.6305	490.8933
102.7731	151.2308	473.1514
79.5325	167.9612	507.9412
139.6269	134.4424	585.5476
96.8165	40.0008	580.8491
5.0567	96.7346	115.0959
154.3189	147.6967	204.9118
159.0113	93.2509	587.3280
96.6147	25.4913	168.0717
139.7315	99.8163	43.6578
16.1696	121.4556	318.3561
159.3104	55.6097	56.8446
159.3399	64.2574	264.9721
71.3130	34.2944	98.0222
58.6573	53.6021	529.8832
143.2896	45.0470	259.2184
12.1612	85.1737	394.9189
92.1546	39.6571	579.4790
78.3294	102.2900	498.0565
0.8477	129.8981	176.7937
116.0340	64.4176	556.7705
90.4097	18.5474	458.6877
0.5790	60.0553	22.1253
130.0997	48.1369	314.1248
133.8729	150.7906	185.3057
158.0480	21.6163	16.4290
78.4105	166.9712	115.8348
113.7765	25.7082	200.9409
13.2934	140.5969	174.8395
160.3139	87.9774	440.5522
19.8460	165.0631	359.6449
103.5564	102.6349	349.7750
60.2236	143.7384	38.9353
128.1202	2.7946	281.4565
46.9485	22.8599	325.0245
10.3515	90.4527	500.7691
165.9536	84.6420	462.0663
166.2406	78.1094	50.7049
91.8167	145.1518	550.0634
20.0292	108.8626	270.4422
152.3979	108.5661	207.2222
160.1692	139.1774	562.3132
109.9965	63.9017	158.4227
57.9173	36.3682	150.0921
22.9022	151.2619	327.3800
65.0468	105.8019	403.1881
111.8872	91.6273	509.9687
82.1942	67.9712	573.3894
33.0818	35.0715	397.3584
81.1538	154.9303	297.6887
12.9113	157.1228	441.7175
123.9848	141.4273	576.7671
21.6416	13.6864	377.7003
141.7633	126.2161	115.4820
28.4654	135.2790	34.6338
16.3669	149.0092	494.1599
100.3573	62.1928	173.5023
108.1691	150.3588	344.9450
2.4424	10.0727	33.2113
41.8252	44.1570	381.3996
67.5172	150.1357	401.4259
61.9079	158.4183	12.3815
77.8050	122.2500	349.8573
41.9935	163.1198	369.9448
37.6135	11.7705	408.1417
34.5724	34.2148	224.2511
18.5007	20.7305	204.2637
89.4508	16.5927	122.5777
91.8066	144.7474	191.8678
163.7109	25.0141	197.9433
13.6900	122.1740	185.2297
98.0494	148.7864	28.4238
39.5535	150.6434	256.1059
82.9018	64.5736	267.7823
167.3898	150.0549	151.0269
35.8750	142.5661	401.2036
46.0391	0.4924	85.8492
130.3842	36.8162	312.3440
12.0375	96.1388	207.3102
155.3198	151.4613	170.4811
92.3060	20.6954	50.5494
119.4506	155.7592	264.4205
4.6534	57.5260	580.3197
27.9667	30.6356	80.7968
79.2292	98.9452	18.8834
30.1877	115.4611	365.3454
53.8278	35.6935	312.6884
147.3174	100.0613	230.6490
76.6514	112.8185	464.2265
151.1464	70.9030	276.9596
111.6606	98.7835	129.2939
152.7700	161.3948	578.1802
163.7762	90.9388	294.7774
27.0276	155.9139	264.9767
149.2864	59.8656	151.8246
126.1625	89.6839	127.6852
82.5196	134.8824	10.1468
43.0399	29.2379	76.8120
49.7354	23.6428	45.0570
142.9257	130.7903	69.8712
107.1980	76.4501	301.9455
36.0117	76.8961	312.5619
129.2528	140.5236	467.7176
91.2197	89.4966	33.7322
165.3811	20.4578	513.5341
56.5520	151.2457	52.8248
106.1421	119.2720	229.9743
33.6532	12.9994	402.8597
81.0225	115.6176	577.0503
86.9850	147.9282	425.1055
98.7459	95.5284	345.0122
107.8958	166.9446	10.8251
141.5741	128.8766	361.0023
41.6347	115.5327	527.2090
72.5484	93.7532	470.2533
54.1107	164.6645	216.0408
154.0713	67.1853	492.1991
38.2310	166.9212	245.1599
160.4117	136.4861	510.9854
58.1742	120.4602	206.0244
138.0336	51.1196	415.8646
105.2719	125.4830	75.4788
101.8081	153.8860	31.1286
9.9209	38.7663	228.6197
0.7660	34.2540	118.0153
161.8410	127.2427	208.2947
3.9107	85.3128	257.9944
53.1818	59.0131	119.3304
143.8624	18.2205	292.6570
63.1182	11.8149	2.1845
110.4739	75.8740	84.3887
77.9703	30.8446	235.5257
109.6326	19.3367	220.5234
111.2436	6.8720	510.5577
103.8342	150.1992	233.9689
85.5857	23.0739	529.4042
155.1831	114.5825	221.8988
18.8693	156.9320	298.5367
158.1477	85.8623	439.4255
56.1417	102.4429	67.9448
81.4441	63.6547	285.3382
137.1059	104.3310	384.8143
28.8369	56.2636	167.3533
166.8885	37.1017	530.4688
167.9703	3.3597	348.7134
20.2196	103.5317	274.5781
122.1413	167.7638	196.9531
33.0284	152.7740	296.3262
54.9394	151.3869	263.3010
40.8226	32.3087	179.4144
142.8307	40.1612	341.3448
76.8955	100.9644	244.1146
132.6929	45.0636	40.5270
35.7274	66.5485	18.7189
100.7195	81.8621	5.5248
96.0027	17.4146	111.0675
155.2560	36.8017	52.7427
136.1682	161.9860	427.3497
45.6942	124.9108	203.7032
39.8992	35.1524	469.1156
3.3144	111.6923	306.6230
99.6806	150.3135	243.6650
125.5051	163.5897	73.0313
52.9135	110.8039	27.8601
141.6099	146.0770	507.2338
138.2810	148.6123	323.0257
39.6139	36.7135	401.9291
34.9412	75.2848	124.7213
75.3958	106.0321	374.4614
23.3545	78.2137	176.9682
54.9700	107.6833	18.0684
144.2516	147.8464	179.1338
140.5869	42.4864	525.7530
85.8158	130.6116	391.8514
139.9297	150.8441	33.4138
10.0776	165.9834	445.1053
104.5762	25.8918	431.7333
19.6767	147.1457	296.2163
33.0722	38.1637	426.6235
80.5788	114.7689	316.8267
89.6965	59.2675	448.8027
15.0005	129.8128	223.9927
155.0714	100.7722	527.3806
19.2291	3.1766	362.1884
107.0374	142.7312	365.5254
159.7023	55.2752	200.5348
40.1323	59.6456	299.2645
118.1840	91.2787	215.0729
58.5627	71.0163	131.7658
78.7049	106.3446	295.6560
111.8720	47.4818	12.6325
159.4140	100.2233	78.0296
67.4793	49.8755	305.1072
155.2412	82.4244	95.4598
99.7954	63.3992	503.5188
50.2046	9.3001	519.2458
111.6561	9.6026	551.9539
52.0270	101.5200	80.1066
101.1249	23.2378	160.0678
141.5360	138.9513	234.5979
99.4828	94.4754	499.0661
24.2567	31.2946	464.6712
85.6042	27.2870	190.5725
43.4572	80.1255	557.9481
72.1864	88.1165	201.0049
84.8251	81.4236	316.3326
98.8489	98.3748	409.4330
38.3806	152.4064	592.6325
97.3651	28.8013	319.2384
69.6833	71.5374	438.6354
90.2090	165.9948	239.8679
91.0768	137.6886	505.5220
149.5797	50.0581	192.9271
0.5846	91.9304	302.5168
134.2471	1.7345	563.7316
152.2577	23.4365	18.8879
57.1065	164.6194	109.5583
52.3972	1.8563	582.2591
86.5985	124.5329	119.7410
148.1952	158.4634	588.5633
10.8335	66.7224	528.1037
3.9621	146.6937	536.3599
37.8496	40.1139	253.6365
146.0216	6.3680	488.6284
76.3935	67.0978	297.7547
118.6782	115.2955	220.1712
47.9843	75.6724	443.8394
74.5346	123.0690	109.8066
59.3876	123.0981	216.0982
42.5553	114.4094	354.0744
34.9707	152.3534	282.4371
1.9282	94.0589	409.7664
101.5838	59.5901	43.5381
30.9643	151.2877	327.8564
95.5914	63.5358	512.7588
160.3247	167.0867	386.4752
1.2477	155.4009	342.5365
87.2814	29.2789	28.5532
13.3970	29.0502	329.0152
137.6466	19.6404	339.0509
83.5881	165.2008	429.7804
104.5832	7.4062	124.5571
89.4344	66.4498	329.7774
4.8543	110.8358	351.3845
101.4556	76.4217	329.2009
89.3411	108.8839	360.9825
131.4741	103.5762	66.5217
27.7226	112.3004	473.3541
141.2368	86.0164	197.8016
105.8114	93.2245	304.7470
66.5753	75.0077	42.2567
164.9687	18.3273	465.9788
107.3513	26.6665	355.7604
101.6009	147.8781	591.6328
154.1585	3.9687	250.5498
132.8411	142.2188	166.5292
137.5333	92.1475	459.2795
120.3746	67.1087	453.5382
109.0634	76.9840	505.9516
36.5421	82.8337	306.3295
49.8934	114.8926	331.8038
59.5488	29.8542	467.3169
71.7605	40.4331	231.7767
30.3291	81.1979	332.2411
157.0893	159.5162	177.4629
53.1929	74.5529	439.0469
119.0262	148.6268	412.5721
153.5514	157.9035	185.4506
133.2919	93.2759	372.9527
4.7259	91.2545	443.4920
138.5748	60.1671	478.1277
34.1165	32.4551	149.8433
50.9155	40.4785	176.8031
0.0453	134.6050	203.6830
138.5319	143.0486	386.9228
30.7593	114.0197	305.4169
53.3148	15.5258	63.1086
11.8820	7.5212	197.5568
136.2052	100.3177	251.1254
47.0407	122.2967	349.6916
74.7046	144.1241	433.7803
6.5522	48.8676	252.5530
6.6075	86.0247	326.1849
128.6712	125.9242	182.4780
77.7585	78.0987	257.7780
108.8143	125.2435	499.4458
63.9760	122.8425	483.5869
81.5501	83.2548	433.5292
113.9363	71.6182	113.2860
147.3523	81.1107	472.8675
34.7872	49.3775	124.6907
75.5345	164.9191	216.1483
166.5755	162.4473	7.5689
50.3180	112.8848	341.4411
163.5740	123.9145	331.1354
167.9926	76.7159	435.5762
71.9330	34.1486	447.6018
73.9333	155.2992	261.5051
13.3576	150.0239	352.6964
156.1887	45.9009	576.9322
102.5194	33.5650	390.8452
88.0120	141.0795	105.9829
147.8934	33.2202	542.6057
92.1172	75.7170	225.2655
166.8345	98.6719	18.9062
67.3788	164.8058	35.4991
14.9395	103.4423	347.8112
20.9825	150.5110	476.1751
7.4783	113.7505	529.2616
129.8974	138.3605	167.2817
133.3782	14.9270	466.8142
140.5691	66.6874	393.9829
80.4631	4.4267	12.3301
39.0761	159.9069	126.3985
78.9672	28.1726	239.6655
82.3934	147.2039	554.1960
150.7016	45.9713	392.9488
73.0090	108.1311	432.5700
91.5722	78.4713	509.5251
104.0059	3.9226	140.3554
119.4989	155.2637	266.5001
160.3951	89.1771	348.8925
111.2195	5.9344	40.8550
61.7558	69.7881	238.5153
59.2665	10.2042	122.7091
49.7354	23.6428	45.0570
40.0168	19.8776	141.4863
25.3642	100.7374	346.9596
138.5556	164.0697	26.8398
60.5296	166.1662	421.4573
14.6616	21.5319	246.8859
132.6049	118.7935	303.2295
159.5288	144.4067	8.6720
97.7335	57.4634	336.4013
30.8215	4.6695	276.3725
138.9777	78.7763	81.8291
95.6865	141.7473	579.6366
151.3894	54.9540	437.2667
66.4188	67.4172	422.1713
14.9228	13.4887	104.9385
130.9483	100.4317	57.8186
89.2199	81.4499	300.4699
29.5070	1.0663	214.9340
7.9908	151.1893	484.8785
11.8899	108.9958	536.1819
84.0689	0.6729	417.5843
95.6677	97.7829	228.2591
164.3914	46.4271	9.0554
88.5401	32.3369	63.7708
60.1080	9.7072	417.6785
88.3706	42.0860	517.6212
100.1438	115.9225	344.8487
38.1371	152.0791	304.8335
23.0320	100.6978	454.5008
123.5791	49.3529	494.3299
10.9737	97.3555	375.6099
86.5298	24.8743	567.8123
67.9253	59.8631	559.8939
105.4104	98.8415	384.5557
98.5114	141.6009	474.1235
145.3670	159.4883	309.3799
156.3185	13.1535	185.8978
104.7798	44.6061	29.8617
50.6232	32.4589	190.6944
155.6781	63.1008	333.4531
59.5527	167.0675	144.2156
4.0958	81.3599	205.0970
88.6706	4.9554	470.9947
101.3422	83.6650	353.5741
87.0257	137.1710	92.8615
103.3869	41.3767	91.9882
50.0124	55.7351	574.8539
125.3056	32.9424	496.5807
75.8587	163.7903	436.2813
59.6850	112.0760	521.8647
39.4253	97.7877	142.8296
134.0120	119.1379	279.0068
93.0984	152.3356	162.7085
81.1466	147.3826	501.6167
100.5541	105.1584	537.4159
125.8053	80.6255	152.8393
61.2633	88.4486	463.8677
34.5065	20.0656	141.4443
99.4367	124.3259	368.7562
5.0357	76.9741	500.4916
117.3253	99.9027	554.6323
148.3287	153.6907	465.0815
69.8384	102.6364	577.1891
58.7529	53.6537	84.5344
140.0912	22.0809	330.0332
120.7314	138.7578	592.5856
34.8672	22.8106	55.6532
67.7671	166.0638	84.7869
167.3256	33.3598	503.8591
116.4583	28.0081	431.4572
18.9375	153.6249	530.7618
57.0711	119.6152	331.2575
158.6488	152.4162	21.8572
1.9102	134.5189	570.2819
0.2507	71.4876	554.2679
76.5210	26.3334	137.8584
73.2298	100.0309	579.6914
2.5196	16.9716	88.5279
71.3028	27.4440	119.5506
75.3136	150.4693	203.3056
110.5672	149.3397	569.9542
25.7609	113.5115	292.7621
107.6907	160.8002	218.2048
151.7990	136.2603	199.5777
85.5160	27.5995	414.3022
75.8195	109.0686	213.4408
61.5635	118.9181	463.4990
125.3480	58.4883	75.1132
108.0376	143.9880	86.7768
9.4422	129.7679	342.7332
63.1778	165.9151	246.9153
163.4233	145.7074	592.1066
100.2336	118.2472	338.5530
155.0199	136.8426	499.4128
20.4062	30.6469	512.1921
30.0628	101.8392	301.8457
79.0957	17.1779	452.5207
104.3265	67.6952	159.6142
21.1322	154.4562	531.5993
102.6528	15.3537	342.0061
42.5310	14.0998	411.7396
111.5899	151.1102	512.1655
88.5368	104.8606	498.0099
17.4193	165.7761	586.4615
4.4156	26.2792	371.4861
160.8961	11.4701	181.2076
78.9852	122.2787	510.6249
54.5046	73.7353	347.4674
103.5583	81.9989	479.2983
43.0506	146.8320	216.9944
120.6768	22.8792	22.0086
87.8694	114.5913	249.3764
49.1170	1.8758	292.8671
45.7048	5.9195	177.4833
39.7778	116.9229	303.1770
166.7616	18.5877	327.7421
165.8516	32.1400	181.4143
31.7248	153.9550	80.2516
97.2559	29.0006	62.5128
83.4037	81.2478	474.3657
63.1942	39.7971	433.4218
9.3051	159.6915	59.1083
58.2363	4.9802	171.8292
126.5410	70.0077	175.7369
164.2193	154.6740	515.2456
124.5775	162.8879	440.8888
30.2383	93.5991	395.7273
147.6825	143.8500	500.3764
98.3706	98.7003	324.1396
114.6353	100.6699	433.3224
18.5108	146.1543	201.5199
25.7316	106.8910	332.6359
127.9242	68.2085	273.4417
0.5677	2.9837	128.1584
87.9384	77.5307	416.0513
103.7056	32.9956	133.9992
136.3639	44.3773	458.1897
115.7456	46.9159	321.9162
58.7363	26.5161	386.6449
64.5355	38.4808	151.5964
94.2198	24.5892	463.7058
120.1042	35.5276	252.0167
9.7923	66.2843	32.5945
33.4631	75.1367	41.9187
29.4951	49.2759	252.5190
84.7058	46.1281	82.0427
127.7586	5.1017	153.9154
58.5036	161.5104	158.3667
93.4479	137.7336	143.5123
78.9944	48.7049	445.8799
105.2164	41.7911	466.4653
123.7811	167.3525	117.5654
104.6177	89.9252	499.4846
135.6936	28.1563	584.0852
108.1565	52.5928	460.1742
45.9868	106.1449	85.9299
141.9920	10.0842	484.9717
68.4863	55.7984	552.6732
98.2979	83.0391	349.3483
162.8480	10.0516	7.6500
21.5515	30.4877	192.9248
4.3579	26.1924	144.0442
72.1118	63.1996	576.0685
24.4375	14.8747	16.8047
14.7394	131.0439	486.4075
83.5021	138.8244	359.8431
60.7068	44.9788	307.0096
101.7590	102.0348	19.4201
45.1844	134.7698	214.6222
156.3438	17.0504	517.4961
58.3343	147.0939	513.1015
148.2987	13.7610	309.4852
48.7608	121.4605	212.6327
20.5810	22.9054	193.9432
29.8233	126.8848	313.8135
69.4561	136.5391	548.4564
120.0093	34.6091	65.1025
93.4799	136.7588	234.8213
94.0341	154.5430	56.7604
10.8262	7.5881	524.4349
130.6416	120.5485	243.0332
85.1523	126.0198	386.8876
61.0300	160.2518	400.8845
83.0487	90.3030	346.2101
33.6386	134.4337	165.8306
85.8895	94.3990	506.4888
9.3098	138.4023	146.9241
158.6228	66.5602	176.1986
15.9209	7.8710	483.5276
79.1183	136.7388	297.7915
127.9972	72.3982	172.0668
70.4258	71.6347	464.6496
137.9269	150.8534	244.3967
72.7628	157.3538	391.3202
162.4464	105.9492	328.1627
8.1205	75.6163	351.3660
110.8005	97.6762	121.4406
167.3018	63.8877	196.2640
56.6536	92.0518	411.8967
3.7860	70.0447	56.2132
71.5302	155.5912	446.5677
33.2250	19.6182	454.5523
40.5309	18.9104	74.5462
51.4609	102.9605	508.3719
107.5633	78.5585	583.2936
115.8976	85.8574	261.4080
133.5340	95.5012	183.5935
26.2857	92.9803	210.1796
89.1940	132.4027	109.7739
49.4028	60.8538	567.8049
102.7751	73.5824	267.1619
27.6083	126.1606	468.6904
53.9029	29.4004	87.8333
155.8268	60.6142	116.3338
108.5232	118.5863	474.9910
70.6516	33.4631	15.9877
26.3486	113.4385	49.0690
138.3707	45.7790	187.8361
160.5111	106.1560	316.5943
64.3975	122.6953	350.7634
80.7373	141.8312	175.3212
166.9632	165.4977	309.7064
76.5437	8.8998	452.6563
134.6652	124.9353	278.7360
30.2934	45.3197	264.8170
86.0634	25.6220	435.2770
138.3238	165.8513	200.5974
28.3575	160.1315	162.7426
125.2009	93.7837	98.8244
119.5299	154.2056	233.9341
126.8902	101.7015	110.0944
98.0715	167.3181	151.2397
118.1882	147.3800	344.3742
111.2075	79.6514	297.3067
98.4566	148.6110	202.5904
3.1357	95.5920	181.8703
61.2901	53.1299	270.0873
35.9773	160.6580	403.3769
72.5634	107.8011	388.5943
84.5365	90.9252	566.3622
130.1655	121.6343	114.8603
164.9678	125.7104	574.8993
29.8286	70.6337	242.7046
49.5876	80.6536	372.4278
132.6342	129.7228	117.6592
61.4857	105.3337	141.8380
55.3852	41.9508	241.6938
5.3654	6.0637	512.4179
7.0194	112.0941	119.0192
138.8105	0.7220	395.8547
151.9162	30.9162	31.9740
14.7301	161.7915	426.0176
91.4660	118.2135	266.0262
76.8435	166.2912	335.9280
153.2278	10.3224	431.3729
123.9171	10.2240	150.2419
33.6106	136.0115	86.8985
10.8666	23.1582	336.3452
69.3463	55.4580	178.0433
13.7658	144.2469	125.5397
107.0081	14.8085	392.8642
63.3523	125.0006	154.3942
71.2527	56.8914	271.0686
26.0998	151.2136	522.7261
53.8687	127.5860	6.1896
121.4217	140.4737	458.9275
147.3013	78.0636	81.8548
0.4464	141.6777	540.0104
128.7707	38.3173	536.2240
95.9698	150.7497	211.6718
101.4633	87.5494	48.4994
117.2365	68.2379	151.9053
70.2275	13.2007	490.4799
151.4603	112.3095	437.1264
28.7236	52.8048	167.1242
23.2482	98.9373	302.1810
68.7037	61.6521	482.3752
143.5129	13.9047	586.1773
51.7857	133.8385	180.3297
124.9474	164.3371	353.4900
42.7775	44.4351	583.4165
15.5560	128.2017	578.2548
83.5791	101.7580	297.4498
73.5380	117.3320	238.5486
95.3754	31.4009	35.4156
99.7499	81.3196	184.4734
87.3999	51.8603	471.4383
134.3615	90.3081	248.3511
39.1025	1.2859	314.2939
155.9284	36.4560	316.3000
141.0443	157.3927	477.9713
86.0942	93.3172	162.9006
151.9712	15.4888	179.3672
75.2771	58.2365	425.9519
116.6148	153.0106	26.1667
126.7010	139.9647	181.1891
129.1854	34.9072	415.8173
81.6747	29.0974	14.7316
88.0687	25.5638	422.6088
57.5470	55.8809	137.4070
122.2360	144.4221	354.9967
76.0964	65.9859	523.8740
133.6090	158.8613	304.4063
52.6820	27.5969	280.5163
134.2131	62.9916	190.9462
107.7377	165.2917	33.1510
160.6059	27.3785	354.2757
162.5509	18.5307	354.7561
22.1937	127.7432	353.8058
73.6754	134.8078	208.9445
60.7681	71.3732	264.6021
35.3936	30.1169	151.1521
147.6893	56.1015	358.2335
116.1044	126.3621	460.7061
91.2590	136.5052	123.5980
74.4422	3.3695	202.8287
7.8683	86.3898	101.9241
110.6306	117.5245	211.6907
155.9498	123.4765	545.6441
84.3552	162.7176	252.1598
115.7751	151.4646	162.8181
82.1374	14.0479	462.0452
142.5078	29.7896	546.9859
166.3146	133.7637	181.2620
124.4755	162.7902	402.7672
115.2733	39.0586	360.4103
21.3809	10.2802	515.5880
122.6993	114.3320	449.0003
168.2850	11.0048	573.6329
35.1589	105.1295	209.0063
93.4932	28.4732	235.0131
66.5747	107.2947	198.0837
149.0591	4.7065	311.2087
118.1981	137.2512	492.8129
13.0962	32.8660	588.7091
79.6315	14.7713	545.1583
155.9524	158.4033	273.0341
78.8376	87.8471	228.9631
107.8239	156.0035	161.7575
60.4324	165.8982	121.6222
32.4005	79.5004	86.1029
99.2431	148.8632	265.4084
139.2988	29.0907	146.5978
77.9525	141.1124	487.9571
22.6507	113.8305	79.5687
2.0523	93.2710	589.3140
2.5253	52.9402	577.9508
104.5478	21.5138	356.1722
75.0702	68.7528	413.0566
131.8244	10.4743	13.0700
104.6297	167.4060	154.8180
6.5307	115.4957	190.5273
114.3108	59.6044	278.1752
80.1538	149.1019	123.1646
135.4738	24.4123	159.9074
118.6868	82.9905	28.3885
104.7603	163.9024	209.5352
113.1742	97.4929	133.5532
11.5968	92.2958	195.8538
161.0646	122.4316	272.8562
97.0774	118.9980	360.6110
76.9941	1.6669	109.8272
61.9821	48.2078	153.3506
37.0217	81.2877	306.5203
10.8529	162.2940	457.6504
164.6558	97.7050	441.2357
86.1672	36.3139	575.1989
38.6771	75.0174	35.6317
25.5371	134.2624	194.7964
31.0550	94.5247	148.9778
141.7296	121.6095	71.5252
124.8547	46.4002	507.6509
158.0242	131.2098	509.1068
123.9973	3.7690	581.3950
100.0864	157.5254	510.3869
89.4247	9.8679	91.8229
124.6590	116.1096	272.1047
67.6592	40.5348	404.9354
131.6774	52.6461	550.9135
113.3922	81.5954	287.7219
57.5970	123.2246	25.5672
117.1030	54.1964	115.2044
111.3502	127.4322	251.7231
67.0951	28.3423	210.6898
52.7804	62.7967	403.2466
4.1005	82.6099	16.3284
43.2929	48.6359	554.1552
153.7120	25.9627	484.1038
49.7354	23.6428	45.0570
33.1294	13.6014	144.4822
156.6341	155.2413	30.2181
45.3986	81.0156	407.7994
84.5605	43.6098	354.9998
67.5546	114.6547	467.1512
159.1494	51.0469	65.2296
66.5564	105.9380	478.0015
57.6473	102.8015	520.8492
89.7539	153.4232	585.4963
156.3483	101.2925	131.6356
110.8566	63.5415	189.4887
78.6987	91.3872	263.3944
93.7185	79.0106	559.5254
164.4738	0.4891	64.2194
77.5952	81.7125	122.4641
44.5727	156.5489	310.7875
100.4075	87.2115	522.8153
118.2693	18.2275	190.2817
51.3277	122.4607	588.2866
39.0020	15.2939	517.4341
58.4831	53.2784	537.0908
95.0560	22.1422	298.5627
93.3099	66.5757	125.6418
105.3042	111.2402	168.3090
11.2496	80.8545	325.4515
134.6452	3.8680	43.3493
125.1353	53.2000	193.5909
139.3559	165.5479	70.3438
81.1636	73.6398	367.3855
148.6188	60.0968	50.3856
70.0527	141.4178	387.7716
129.1219	27.6878	471.7011
92.7035	11.9231	529.4425
158.6071	81.0442	579.6907
33.1584	155.0496	108.5155
151.6762	142.9017	196.5424
146.8666	53.4336	30.9823
101.4259	22.5055	377.3833
117.1357	41.8474	258.3315
132.0529	15.9286	213.6285
39.7612	91.5619	377.9459
146.7687	78.8381	87.0939
111.8882	157.7754	119.6653
98.8521	152.2682	300.9294
153.4785	29.3349	162.5212
96.0221	22.7727	439.6763
125.2531	77.3017	383.3763
98.5325	0.0076	308.9680
111.0305	56.1399	187.9161
4.3020	112.5925	375.5205
75.0257	33.9580	196.2418
90.7064	83.6767	135.1997
90.4040	143.5772	528.7764
64.9219	112.2409	552.0620
146.4983	20.6208	173.2518
54.6831	31.5061	341.7497
55.4793	128.9337	485.0253
96.4817	77.9317	226.9523
132.9362	46.4639	509.0726
89.9931	124.3469	468.3832
113.4745	49.2703	113.2670
65.7706	112.6676	179.7753
51.1031	140.8992	120.1195
145.4887	13.1613	541.6695
121.0410	52.5253	513.5841
36.1327	50.1692	343.2610
40.6829	83.6805	36.0127
91.4133	152.9897	315.9990
29.7335	101.7776	566.8213
141.8239	0.3896	355.6461
118.4505	126.4785	169.0483
125.3041	14.6664	436.9729
50.2398	134.5811	468.0401
31.8408	31.2200	541.9173
9.0214	13.5199	412.3897
72.4951	104.5905	532.6167
77.6323	157.0893	470.8287
123.0528	14.7449	547.1909
136.7440	20.5702	247.3375
155.4557	40.6593	454.4074
66.9855	148.8003	209.6187
23.8533	120.6763	93.6840
53.5711	8.1974	284.8134
76.8818	56.4400	368.0528
141.7397	85.5161	220.0992
119.0247	154.3441	265.5324
46.1119	73.0714	320.5804
131.0669	118.6354	184.8848
108.7548	12.7212	137.0736
67.3624	37.7682	237.7541
56.3880	10.8961	363.8019
79.0067	143.8203	422.3439
156.3713	142.9493	386.5965
2.3955	119.9255	142.2039
120.8444	156.5537	255.8179
167.9180	129.4870	215.7499
92.2535	135.2210	322.6584
34.9184	137.9521	395.9225
111.1630	119.7572	10.2662
143.6079	62.3124	447.4526
2.3858	44.4894	346.0492
97.4000	64.8313	447.3020
69.7890	82.4575	207.1046
42.6597	42.6600	4.1847
18.2323	118.2894	553.0965
38.6967	119.8203	334.0617
65.1102	132.4682	31.7496
155.0969	155.1738	355.0732
65.4553	121.3524	130.7667
49.2870	109.6985	85.6242
126.5621	40.4554	502.1441
148.4715	31.9306	185.2112
33.8395	28.5177	146.1178
164.1380	6.3615	202.5116
123.0132	68.6925	79.6174
52.0368	127.6048	115.5271
104.8946	2.0122	315.2256
162.7320	2.7506	320.5732
9.6526	132.7977	67.1849
161.9651	146.3520	259.6558
4.5004	126.6303	498.9150
59.6780	76.1595	440.1110
37.3541	166.6118	140.1531
7.0079	52.2486	120.8921
77.2943	161.5153	79.4412
40.0075	126.7483	241.1637
42.4799	154.7532	325.4997
77.2491	59.4357	425.6686
127.5915	76.4724	208.1456
164.1569	14.1962	328.9890
101.7664	57.1958	317.3537
56.9767	124.9153	125.5139
80.6527	123.9897	202.8804
94.2036	15.7048	576.3420
59.8347	15.6858	185.9113
155.8882	108.0210	109.5392
115.7529	5.0002	292.1468
93.9138	141.6205	10.2213
58.4426	129.5645	324.1204
137.0145	105.9904	235.7390
44.8025	10.0294	78.2593
8.4980	66.4450	124.4960
126.1944	104.6323	138.8753
61.4742	162.4612	402.9998
47.5798	165.8267	138.4039
113.4892	54.2877	533.0422
65.2292	14.8340	187.9606
45.3648	128.5940	82.1283
145.8826	70.5480	143.5172
7.5384	126.5529	415.9337
17.6011	159.4525	574.4819
101.9737	107.9129	36.2209
31.3570	102.0341	31.8890
114.5634	118.8034	230.3052
154.7323	22.7314	277.5363
85.0194	95.9996	563.8967
162.0699	138.0783	181.2137
113.1927	163.2826	175.2348
83.5599	104.9142	131.9933
105.9855	11.6982	208.4766
30.1699	4.5706	160.8493
8.3340	126.0575	69.1100
89.2205	135.5050	332.6922
161.1955	113.4527	279.3299
136.4513	131.8591	27.5808
125.2283	163.9167	55.7958
29.3741	55.7599	137.1004
123.1195	51.6230	2.4550
72.9093	2.0582	383.6108
146.2340	168.1484	98.5929
77.2137	50.9207	578.4521
128.1572	145.4667	63.4929
148.5288	83.0301	103.9792
132.9121	31.2416	385.7668
54.8068	43.6435	91.5250
81.9685	87.4312	314.4525
147.9393	33.7217	328.0229
49.0957	51.3614	234.6691
109.4602	87.7104	519.0017
113.6513	168.2003	276.6460
116.6218	94.7725	26.7072
151.3487	126.3535	271.2979
48.7638	158.3326	22.4296
63.9918	61.6370	345.0466
46.9877	54.0485	270.7795
109.0618	47.8215	401.6329
121.6743	41.9305	309.4024
74.0367	149.6957	326.4919
30.3696	39.6225	362.8151
22.1417	147.6496	507.5288
92.9055	85.4233	576.2721
77.8688	153.2212	230.0411
5.0726	47.6116	241.8670
8.7868	7.1685	69.8018
128.3330	15.0490	363.0334
156.6307	72.8312	403.3205
140.9489	42.3524	185.6013
49.7354	23.6428	45.0570
39.9404	117.4783	575.1650
94.4413	126.7116	312.0571
50.5459	9.1463	420.7667
48.0624	4.0667	75.8398
21.8436	155.8329	517.1516
97.3584	145.4107	282.8260
165.2145	140.7193	392.3135
43.3151	46.3165	66.8089
150.8729	9.9803	361.8377
62.1534	88.2752	544.1551
110.9989	131.5063	435.7607
163.4687	83.6648	107.7814
0.7609	90.5763	315.1524
82.3402	60.5101	490.2000
31.8417	154.7775	204.1912
143.7770	9.7218	159.9018
90.3755	150.2633	563.5418
51.3746	123.7892	552.7991
81.6559	132.6480	39.1896
146.0421	146.8059	498.4730
53.6844	24.9501	33.7746
88.7274	28.7441	119.2710
4.3186	78.5321	108.6427
1.1027	113.2343	573.6086
69.4928	132.0853	45.4190
124.0941	112.9386	435.3816
134.9988	40.0395	113.6854
54.9664	32.3996	214.6341
72.4822	51.8739	546.1503
38.8911	32.4689	298.1506
75.7344	42.6114	479.1003
47.8078	7.3587	288.7669
119.5250	140.6955	204.6648
153.7742	65.0053	303.5712
161.9002	24.8496	251.1868
136.9135	86.8334	209.8742
114.1197	114.0328	55.4346
89.2482	2.6279	334.6117
0.1935	25.5921	523.6612
156.8572	144.1036	475.9119
109.7117	151.6242	74.8716
10.3925	97.1643	516.8418
111.1143	145.3339	129.9732
63.0272	168.0225	465.3972
70.2640	105.5646	188.1697
76.2616	94.1730	30.2452
114.5438	36.6975	358.9311
105.7152	74.7717	79.6291
19.4689	159.7108	592.3821
44.1459	50.2868	94.4360
163.4543	1.9908	192.0795
75.3242	5.7613	222.9911
110.3260	59.0217	446.8267
84.6984	24.0601	0.7677
40.6326	11.8430	106.5311
16.1149	3.2427	557.4993
5.2329	108.5274	570.1226
105.4354	62.4069	220.9317
104.8125	129.6100	160.7429
5.3430	22.9178	352.6139
85.6559	96.9755	289.3371
109.8592	157.5368	485.1253
104.0259	110.6109	522.6657
157.6088	67.8872	483.0056
53.4797	139.6907	13.6373
79.6822	32.7425	179.9741
15.9786	119.3552	330.5070
19.6193	167.2807	152.0182
17.4302	85.0449	586.7746
33.1466	145.8157	348.7053
110.1280	157.3682	248.2209
19.0484	48.8519	37.6677
117.0123	163.1628	200.8286
4.6044	168.1758	56.5066
123.9170	15.2803	335.2014
111.5560	92.8968	354.0020
76.4656	92.2704	90.5294
66.7402	6.4450	440.6414
72.7571	126.2175	255.8572
54.6026	119.4263	240.7241
149.4608	144.8997	501.4623
64.6557	133.4294	37.7024
110.9822	44.2000	354.1921
52.1129	127.2400	362.9347
112.8540	17.8369	74.3622
119.8517	64.3579	199.9389
15.2989	113.5169	524.3091
156.4982	35.2296	77.1874
168.3436	141.0570	441.2053
0.6086	164.0570	225.0308
83.9838	3.0793	130.3103
143.8273	12.9817	483.1394
133.3827	9.5980	365.9402
88.1645	73.4648	553.7115
59.5005	86.4296	135.7933
60.8838	2.2770	93.4410
121.7309	27.8260	440.0946
108.6919	2.2134	185.2422
75.1314	95.4782	257.9684
27.2479	48.2648	186.8585
16.5333	165.3246	490.3018
17.0206	141.2978	560.6445
14.9064	159.7816	0.7277
158.0560	132.1912	338.2650
75.3190	133.0717	435.6834
64.8912	19.1054	360.1108
18.4280	149.0525	254.2180
57.4946	15.6270	292.6525
133.5778	150.7379	234.2470
13.9837	131.7891	335.0970
70.0372	120.6064	128.2585
70.0570	96.1810	121.2080
39.9643	28.0952	29.8529
83.9993	108.3295	562.4412
119.9500	92.2792	390.8544
124.7771	120.0520	171.3808
106.8394	157.3123	54.3907
122.1809	132.1054	370.4617
94.9656	142.3692	11.7609
51.6106	70.2289	550.9469
55.6378	111.7254	593.9180
143.4213	153.2381	77.9960
128.1588	107.3028	289.9272
2.6966	127.2039	461.6235
129.1331	150.8846	351.0700
149.5313	145.4089	22.3832
87.4915	47.6903	462.9959
34.6183	152.2558	408.4207
87.7237	143.6035	513.2925
12.7286	11.0152	109.6864
106.6518	42.2967	568.6106
24.7284	56.2121	425.8426
76.3182	130.1697	32.3939
65.6092	143.3960	272.3137
97.0951	47.1697	33.1736
164.7045	132.5502	335.0417
148.8588	91.8954	369.4729
107.2442	38.5843	335.7565
130.2424	65.5744	194.5845
8.8510	120.2518	104.4861
157.3449	84.5849	469.8787
168.2203	60.3793	473.5924
52.6380	106.0942	233.6759
110.4101	84.3333	174.1452
126.2426	137.0672	169.3305
13.4245	40.4008	93.4611
157.3064	123.9012	58.3498
138.7477	140.8263	508.2329
137.8245	155.2118	206.3256
151.0462	101.7508	198.1683
90.0393	90.4234	550.2848
71.2521	152.4080	161.0267
26.3455	14.5150	98.0743
143.5246	16.9958	461.4891
125.9853	57.2899	462.9926
83.4190	26.7445	512.0717
85.2642	141.4647	181.8078
87.4112	130.2749	499.9951
42.3582	57.1071	222.2861
10.5000	36.5964	149.2757
80.4601	144.1729	147.8820
90.2242	42.2953	345.5290
24.3211	112.3175	114.7122
88.0521	119.8538	585.7974
159.1050	27.9903	467.9916
54.0482	121.2677	189.6050
59.1588	163.8507	277.1585
79.1233	0.5108	109.9880
55.1245	29.3208	367.9125
97.0190	5.2061	283.4664
38.8118	117.1228	593.7796
68.7443	105.1315	161.0442
68.6983	16.4258	570.9082
126.9178	37.8191	385.2876
65.3471	32.4229	377.3913
167.2842	144.5471	16.7613
89.1672	26.7778	245.0767
42.6963	150.5759	94.0173
19.3036	166.6589	104.4988
27.8701	122.5692	159.3361
46.9183	125.2967	75.2459
55.3599	125.7569	448.0324
64.7422	83.5725	232.8343
64.7760	92.7012	326.2860
165.4332	28.6570	167.9780
100.4450	86.7627	375.8508
77.2773	87.7632	272.5750
19.5863	112.2834	288.6648
155.9068	68.6851	422.5267
38.8155	17.2570	131.5701
51.2962	84.2131	400.7908
155.0606	137.3020	557.4971
20.6006	12.4944	232.5568
127.2181	79.1712	74.8709
112.0491	156.8099	508.8138
58.7481	128.8418	103.2503
56.8671	12.4830	28.3415
109.2092	1.4940	278.2474
43.0956	12.6706	522.7309
134.9144	148.8274	33.2238
73.4001	7.3044	427.6688
21.7446	60.0017	217.9828
57.3689	55.8624	246.0176
42.2403	162.3389	196.8839
49.2532	1.2056	451.6371
67.2208	107.4697	462.1995
150.9404	62.7575	499.7245
93.2541	25.0516	573.5801
84.8966	1.8564	303.1480
47.4086	127.8148	83.9620
41.2624	122.9130	93.1554
91.1456	70.2690	380.8540
102.5254	0.0502	30.0225
111.7261	90.8863	372.4782
122.3748	160.9588	271.2723
73.3285	102.9322	52.7722
69.7635	78.1130	453.4430
22.4074	94.3187	202.5776
30.4617	152.3742	462.1569
5.1349	136.0591	130.3676
125.7351	131.3950	490.9960
2.2875	147.9566	129.9051
104.8490	42.3736	363.2971
98.2294	77.1303	482.2847
85.5378	33.7237	420.2509
65.1206	80.7721	336.4244
115.0827	121.4515	337.8829
124.0334	100.3727	414.5548
162.4161	132.0178	311.3653
28.3684	146.8030	192.4992
150.8367	141.6486	486.9945
122.3973	135.7204	459.3744
39.2194	128.8208	586.0758
162.5209	49.5609	157.9151
109.8590	83.3209	383.3846
81.4458	109.6702	377.1326
93.7354	49.8114	558.1111
34.6013	21.9411	167.8349
8.3997	145.1781	492.6142
29.8778	122.5462	354.9791
3.0366	92.5957	531.7939
102.8528	19.8552	166.9966
146.3044	161.7533	309.0720
155.1000	35.2181	165.8541
166.7096	2.5971	125.5116
37.0622	13.4217	32.3052
39.2091	158.3094	439.4472
19.5725	18.9961	237.7357
0.9981	84.2583	167.5289
87.1782	43.2809	102.8632
154.0341	147.2986	83.0570
6.1506	150.7899	365.4829
59.6820	148.5412	327.4047
77.8713	25.2138	206.6760
128.9002	147.1147	129.0351
3.2972	123.1253	252.3385
159.7787	56.2705	48.7305
18.4198	140.7939	584.9795
136.4498	100.2186	378.8179
5.0002	17.8588	247.2779
64.2857	25.2303	297.9406
13.2758	22.4234	487.1880
143.0715	144.0257	363.6703
90.8867	22.1382	264.9627
9.2368	20.1751	251.9679
142.1890	20.3491	589.1241
37.1000	109.7646	218.5724
52.4855	19.3305	593.8810
119.8974	53.2903	202.0807
8.3384	86.3113	129.4753
7.0631	20.9563	2.9344
50.7928	152.0945	344.7424
35.5706	88.3577	215.2059
103.9784	14.8537	295.3925
99.6652	84.1802	182.8965
23.5876	149.1751	181.0423
111.8163	154.5259	520.1305
34.8476	7.6805	478.4223
153.7723	70.7484	62.6560
114.0013	162.0546	475.4349
82.5444	51.1252	457.0271
156.5564	40.2347	77.7402
76.4828	124.8418	233.8993
85.0238	35.9497	89.2407
43.8430	2.3532	283.4311
160.9438	28.8932	174.2050
72.4369	6.2343	267.7847
131.2728	149.8898	312.6263
91.5107	25.7278	571.7019
55.8764	22.9829	79.3590
157.5411	31.5125	357.7139
141.3399	107.1035	418.2849
127.0523	43.2718	431.6051
159.7608	40.0397	27.4089
23.7796	122.6202	30.1169
121.1765	145.6989	91.3089
150.9288	98.8157	555.5099
94.3321	90.9021	529.4697
27.4978	88.5379	315.5767
38.9759	106.0019	232.8187
49.5418	125.5564	232.9452
57.7847	157.0103	271.9113
114.0587	105.1962	40.2102
116.7455	14.1645	86.3827
46.5941	126.9731	194.7489
9.7351	161.4338	538.3276
49.7270	92.6891	165.0261
107.7934	12.5483	29.6652
144.6504	49.5797	61.9197
82.1346	137.1658	399.6105
36.6597	56.0451	251.8861
27.7597	87.4358	347.2875
82.2120	40.2538	363.0539
145.3101	115.9569	27.8522
59.3828	5.8844	571.3740
138.5423	29.9749	581.4883
61.0929	52.2233	312.4504
102.8737	140.4591	443.6065
80.4325	0.2120	86.5384
113.8279	58.9107	99.1505
4.5467	115.3423	499.3107
123.5823	130.9530	585.6505
165.4367	73.6057	298.7766
29.0110	80.6092	239.0053
15.4624	21.6022	580.3307
89.7075	77.2247	205.5918
14.9778	115.9022	571.9686
59.9155	11.7249	474.8655
13.8760	52.7015	234.5519
3.5795	0.1638	15.2683
29.9226	65.6347	331.6156
58.8687	57.2754	564.6872
88.1373	11.6785	163.9731
110.0061	19.1224	108.7235
5.1357	130.3534	271.4288
165.6898	136.1502	177.0703
105.9993	83.9842	43.8406
56.1613	124.6743	521.0153
100.6711	164.6693	54.9807
89.1339	121.6831	265.7170
115.9983	25.1112	203.0425
63.7014	105.6734	359.6585
153.6296	22.3247	287.2251
18.3025	116.9416	360.4012
162.4482	164.6505	93.8692
110.6167	143.9180	17.4319
128.0826	99.0560	184.1035
14.5819	79.5572	430.7478
78.9642	167.5974	150.5653
26.2084	111.1849	508.8567
97.0456	55.2077	94.2325
135.7894	44.8614	501.0422
61.9941	153.8540	111.8164
32.8267	74.1436	306.5765
125.2029	84.5345	115.9353
99.9310	11.9810	291.5785
127.4504	44.3374	388.9751
55.3699	86.2905	257.2215
111.8634	8.8647	374.2634
119.1916	162.4504	346.9972
161.9318	132.6101	170.9155
78.8227	93.3686	243.4962
118.9478	70.5905	135.1634
17.6840	25.1943	116.0770
128.8103	38.1350	320.6552
60.6725	162.4305	252.4031
129.4903	0.8989	194.0033
160.7486	131.0645	466.1529
113.6882	101.0460	19.4767
159.5937	83.3973	558.6499
130.3932	29.9360	571.3609
16.3877	13.7725	291.0624
10.9812	73.6869	462.5089
110.9064	161.3520	385.2186
125.3105	83.1408	414.6848
118.3078	85.3355	417.4959
93.6961	37.3837	578.2182
130.4125	152.3933	481.3433
145.9653	2.8307	449.7712
129.3083	45.7730	361.9299
129.1869	137.1849	153.3742
49.5133	113.7517	528.3833
15.6154	105.5072	562.8758
85.4901	122.9574	507.4570
157.4549	98.2354	217.0166
83.0979	101.5793	444.4204
46.7736	82.0634	348.3621
23.5752	86.2387	202.8291
140.9717	157.2804	73.2651
63.1676	95.7030	73.2376
43.0343	52.6904	63.1668
5.1939	166.3710	584.1738
151.1649	55.5135	481.5341
156.0812	43.8814	278.5956
61.3450	135.5576	541.4191
132.0378	148.0451	24.1130
51.9691	161.2907	146.2260
46.6555	95.1907	542.4470
58.1378	127.7757	239.7924
74.8239	114.4457	554.4993
26.9350	160.3159	433.5963
16.7191	101.3019	186.8122
86.3374	36.8832	577.2318
123.4707	72.8599	268.4392
31.8330	22.9849	461.9811
80.9589	5.6069	283.9353
67.0805	93.8463	54.3360
2.4773	80.7286	588.1532
153.4418	10.0062	383.3426
57.2003	157.7860	137.3249
106.8679	16.3011	128.5601
117.8337	94.7570	539.4687
9.3546	20.1599	230.4559
42.1420	32.8985	501.5516
5.8767	124.0563	75.4267
157.4273	122.6117	40.0891
163.3356	149.5230	121.7443
59.7256	30.4015	406.1280
8.9430	100.3288	586.8977
126.5957	24.5120	278.2894
48.7637	163.9186	72.6909
48.0615	130.6320	56.7420
104.0549	93.1452	2.2558
22.6970	97.0592	191.2038
100.1000	60.7785	528.4970
142.6430	1.0788	522.0385
54.0006	33.7236	133.0467
33.6442	135.7693	119.7944
65.7137	55.5280	217.7438
22.8960	27.1964	101.4624
53.3495	47.6096	205.0031
118.1545	36.7463	378.5933
48.1833	43.2073	49.7334
124.3482	10.4739	88.7233
98.5298	81.6592	42.4447
16.6771	30.6015	490.9874
17.2212	25.7696	571.0963
57.8443	145.3768	460.4106
35.0320	70.3013	360.2277
71.3022	105.4852	416.1924
61.4373	0.8453	201.4939
29.2898	111.9892	202.2466
105.9340	56.5889	150.1209
36.9747	162.2986	461.9794
143.1430	83.9643	138.9703
9.6373	162.9439	86.7982
22.5332	57.1545	274.0317
6.7990	125.3604	435.0875
156.5174	78.8176	305.3409
165.9249	25.0312	88.1463
28.4557	111.4113	521.1150
82.9538	15.8659	576.7507
159.7144	3.6020	575.8255
107.3689	48.8938	301.0512
108.1518	115.0494	317.6201
81.4839	139.6133	3.6131
14.6856	161.3300	93.3756
154.8322	97.7419	574.7199
21.4463	78.4838	202.7824
144.6167	12.7255	317.2277
54.1169	56.4309	264.3074
50.7969	23.3340	133.5200
91.6143	118.3870	301.7002
133.4056	18.5114	535.2736
155.1547	22.7092	333.5830
71.1231	4.5379	371.3898
32.9835	94.1230	547.7317
162.0503	130.6968	423.4865
142.0923	147.1122	315.9318
27.9438	31.5860	415.6456
119.4779	23.9184	149.4406
9.8428	112.9258	99.1332
122.6706	133.8878	1.8856
107.8994	167.3542	213.8075
63.0748	69.8093	417.4829
104.0841	95.6314	431.7910
77.0340	61.5975	295.5524
69.3065	130.8570	493.8515
80.6410	117.8306	84.2320
47.4763	159.8521	149.4936
10.9211	76.0704	332.7231
29.8083	121.3882	238.8465
40.5469	120.3213	384.2268
87.2248	45.2350	351.3211
49.0210	12.6484	553.3951
157.7384	62.3173	51.9378
26.8364	81.7376	194.2496
54.7346	24.0589	215.8238
63.9098	43.7780	60.7236
52.5078	3.7531	364.8542
16.9706	73.6692	231.0840
102.8112	107.3528	549.2749
37.5397	44.7746	262.5925
166.9989	87.0025	409.1080
26.7290	119.5188	266.9670
11.2150	64.9281	228.3192
0.5627	132.4461	571.5988
86.5610	76.3373	252.9874
76.3589	139.3362	514.7885
90.5138	40.5674	446.8023
74.3060	147.8147	423.8483
57.7489	65.6885	539.0539
59.7589	18.7409	123.5956
153.8141	118.7626	286.6324
109.0464	141.1313	97.5060
28.5461	51.9691	442.7834
166.4862	6.7778	476.2555
125.3034	164.2626	258.0097
56.5746	27.4901	353.9769
132.9418	91.2404	166.4928
103.8234	168.3375	29.4644
148.6561	114.5538	199.4181
44.3229	38.8810	261.7007
49.8430	37.7979	312.8285
8.3880	67.2993	17.4230
48.9084	22.5284	227.5253
147.9091	151.5920	212.1970
156.3081	53.9108	505.1005
88.1004	37.5890	100.2974
45.7986	12.1746	75.1632
125.8951	139.7762	380.5460
124.7659	129.5553	518.6195
56.9686	68.3057	224.9387
65.8801	83.7322	556.8293
122.5094	56.6439	167.4394
166.2041	9.1885	189.1144
37.2489	139.7233	88.0622
122.3623	130.3234	495.2742
82.7059	18.0458	294.5338
145.3362	36.9703	186.0462
129.5022	65.4812	435.6561
155.9955	36.3184	251.0469
148.9930	42.3180	454.8455
129.3106	136.7985	203.1886
41.4492	139.9770	130.6571
147.6167	57.1039	529.4756
50.9630	67.1304	409.6485
81.4646	131.4976	464.6309
122.0408	147.0205	566.8308
67.7122	89.2551	126.2180
103.9849	156.7908	38.8274
34.0432	152.9628	17.4651
50.8300	7.9721	567.7076
23.2125	114.8701	157.4432
117.7536	28.7998	433.6032
105.4132	161.6311	394.9459
144.1510	20.9761	458.1886
69.0910	138.1242	2.9654
42.4375	51.5138	441.9015
151.0799	121.0750	501.3995
7.3621	23.1413	200.4855
105.1672	17.3206	139.4972
68.9289	42.7888	189.2508
75.8800	66.0071	508.9190
61.0833	104.6160	133.5442
168.0507	30.6335	168.4914
119.8645	167.1267	424.4339
125.0310	134.5013	350.8402
161.3846	109.0742	457.1028
140.4593	53.2785	100.6168
139.7904	102.9277	123.6006
145.7416	101.6124	444.3539
111.9238	164.1001	377.1888
156.6328	155.2385	30.2223
61.7298	95.9631	510.2188
157.3522	84.1245	406.9728
29.1054	44.1611	426.5865
146.9347	26.0508	540.7850
70.2394	85.9831	115.7799
68.3227	29.1921	68.1190
68.0015	93.7022	462.3775
124.5487	54.5958	129.4326
127.1504	109.3689	394.1618
17.7937	92.9546	56.2097
97.0853	157.2039	499.7716
90.4782	52.4479	128.3292
152.8279	142.9553	471.6829
160.3282	52.7705	106.3758
111.5854	111.4982	436.8819
22.6229	34.4415	92.0452
45.3057	40.4465	470.0254
4.1077	90.6690	587.8375
27.0206	151.8989	218.5751
39.5638	115.7716	10.3856
52.9171	98.9189	233.1802
39.1664	3.0875	64.7184
7.3928	155.7789	324.5226
16.0855	22.1818	554.7900
163.7370	120.4990	563.8283
150.6408	51.7774	435.9886
137.8867	95.4373	78.1512
69.9906	46.3519	299.8959
109.8133	167.0200	163.5849
3.7935	72.5951	291.6501
113.2035	148.1210	195.5582
168.1429	1.9416	35.5470
52.7593	0.3497	476.7577
44.2830	155.0487	449.0151
1.7539	112.5995	270.7569
24.0629	16.0952	83.0615
129.3156	87.1720	106.3774
165.7656	33.2404	21.6541
79.4677	121.1353	591.9611
30.7685	132.3866	72.6085
67.4243	92.3151	550.1157
50.6923	118.3649	578.7157
6.5897	122.0880	129.0438
33.1803	154.3803	340.1596
153.5622	57.3052	420.0614
41.3755	167.4988	355.7426
158.4505	35.1703	307.1137
96.7671	93.0705	440.0317
68.9431	36.5704	175.8865
143.0857	100.4083	372.4459
161.1176	143.3613	493.0685
3.9375	16.8048	541.1311
125.4189	94.2929	285.6170
121.4188	105.7693	160.4746
149.9047	45.0444	97.1554
82.0093	147.1640	107.1648
10.3517	96.7983	201.2886
0.9402	111.0785	217.1075
149.5966	98.0022	153.2463
136.5545	34.8798	4.9611
104.1343	141.1743	405.2899
137.2838	134.9963	186.9610
104.6009	166.9512	404.1347
152.6631	83.3056	61.7265
110.2378	96.4368	54.5343
139.9811	114.2005	284.0813
82.0266	78.5657	408.2243
76.0874	98.1428	520.3509
7.0472	163.8979	455.5244
25.6613	137.7678	373.1250
7.1005	55.5780	20.4657
51.3351	18.9370	59.6588
112.6405	56.7948	341.9581
77.3413	93.0567	491.0983
159.6738	130.6487	210.2160
59.2347	72.8236	183.1884
120.5099	58.7477	315.6516
55.1156	128.6492	474.7297
38.0815	81.6196	174.6669
139.7796	145.4425	211.8271
143.3072	19.3582	19.8983
11.2123	44.6649	371.5252
3.5899	69.8267	191.9517
19.0153	144.6105	134.7508
154.7407	121.8382	369.9383
160.9333	154.5113	525.5164
69.5898	145.8248	172.2288
78.6975	6.4080	398.8439
12.5135	97.4801	484.1746
80.1602	145.4189	149.4209
98.8785	134.4947	45.5977
62.0953	61.3284	6.5557
158.0848	42.3883	162.5290
80.8430	23.4263	11.4546
67.1681	114.0606	403.6854
77.1050	31.6613	528.5859
103.1849	76.5820	334.8308
91.0299	92.5336	41.2292
139.4435	31.3960	174.3949
80.8383	112.2425	587.7485
86.0186	38.6424	143.7132
26.5437	144.9504	22.0775
16.3009	37.3222	235.5444
121.5966	115.7945	105.7640
104.8773	85.9676	574.7704
123.1345	25.6251	200.5329
110.9784	70.9044	195.0483
111.2473	14.2091	53.2463
22.3743	66.0639	232.6175
76.2683	79.5917	425.3493
32.4990	90.5586	151.3305
1.4251	148.9911	425.7100
29.6238	107.6295	409.2037
100.1318	80.6741	357.8051
22.7042	135.2975	587.7440
86.4879	33.8691	77.4343
90.2830	12.0088	523.9855
26.0674	110.3314	446.4873
114.0555	42.0029	170.8098
6.8174	98.5544	473.1193
129.4237	115.0727	403.8054
54.2301	72.8757	157.8461
92.2623	134.5488	562.0047
3.0225	66.9304	65.6409
25.0494	106.7437	452.8134
85.4920	10.7991	39.2205
32.9502	21.2022	381.3680
159.3102	164.8468	220.4684
14.5430	138.9046	203.6657
87.0178	63.2421	280.1194
126.2586	159.4416	94.0363
26.3691	49.7017	154.1277
31.9994	127.7384	109.4882
50.6786	53.0747	483.9401
84.4978	119.2779	307.1406
58.1755	69.6987	388.1699
20.4423	145.2954	415.5263
61.4863	160.7456	248.2527
86.5506	159.8426	133.7311
166.7605	85.2504	129.0174
23.7687	14.2534	481.8073
55.2106	30.6282	315.1450
49.0379	60.9481	49.2392
108.9642	48.0422	303.9197
162.2849	118.3130	590.5739
4.7721	90.2845	178.1873
9.7763	157.2649	22.7540
98.9299	13.2999	127.0114
19.1920	93.2360	62.8982
19.5015	26.3205	122.4499
102.8003	101.0087	224.7962
156.0289	162.9706	455.5002
69.5818	77.5740	138.9558
82.7536	87.3899	335.8524
36.4239	7.7304	309.9396
29.2490	147.7243	334.5705
105.7745	105.4323	463.7315
132.1652	85.1437	292.4191
126.4195	124.6552	341.2655
75.1386	136.2189	193.1537
48.2259	91.1896	313.4501
150.7860	67.2455	124.3781
62.5214	104.2738	566.4508
42.6247	153.2758	100.6039
138.4172	111.6220	42.1943
26.2362	122.5202	376.1630
98.9157	122.9054	419.8314
156.7215	41.9498	425.1875
123.8733	123.6791	15.9234
161.7924	93.1658	84.2137
130.6257	8.1728	316.6998
90.8686	0.4017	41.3996
106.9611	120.3060	42.8587
118.4704	145.1318	105.3341
154.0554	110.6410	44.9085
46.9422	3.4693	368.1530
137.6549	144.9699	168.2663
138.9302	28.7973	162.4306
136.1325	21.7494	81.3232
100.3989	78.0074	122.0120
160.0678	127.6178	482.5349
61.4818	1.2526	96.2139
131.2753	95.5824	183.6101
165.2576	47.7094	303.5791
140.4599	61.9238	174.7451
135.7070	146.0743	63.6033
93.7063	2.8995	264.8144
82.9597	135.1516	468.0635
120.5831	144.9585	521.1162
23.9468	105.1396	506.4063
23.9460	111.2543	181.8944
155.5777	144.0819	117.7560
138.4662	105.4480	296.2316
167.1279	71.4989	259.8104
5.7850	10.2144	5.4172
86.5285	22.7418	555.6817
16.7034	149.0529	397.2444
102.8909	118.9024	379.1545
92.9397	1.5166	97.0833
83.3649	125.2411	146.9054
43.9251	6.3123	361.2661
28.8141	51.7789	208.4128
34.6730	73.8149	448.5247
75.9926	62.3324	513.8209
107.8600	28.1259	24.8474
59.3625	37.4385	234.0361
142.8353	12.8005	566.6278
72.0192	105.1510	22.6625
13.6733	156.0072	159.1702
33.3589	60.6910	452.9272
110.8128	13.6786	106.0940
132.5270	111.7602	308.5407
57.5611	19.8153	199.3449
30.0991	10.1596	119.9429
13.4250	13.0030	363.1570
120.4628	164.5522	353.3390
80.8088	122.7396	330.6911
136.3642	77.1729	466.7644
55.6568	37.4805	442.5243
56.1120	9.5343	112.8416
56.3172	128.1785	39.7925
132.5514	42.0916	196.7154
102.5311	43.2712	85.8328
147.0620	144.9189	495.9874
128.1748	54.3304	127.1012
157.2008	167.1182	497.1236
128.6016	133.5678	283.1180
132.8328	32.1365	569.9499
96.4761	92.6049	359.5655
78.4682	116.3651	6.6611
71.4180	31.7354	158.7659
117.0076	6.7732	192.0995
159.3673	31.8940	470.0679
91.8780	30.6836	299.9558
81.4254	150.7375	289.4319
29.1433	11.6395	481.5387
68.1876	128.3452	170.2255
11.2536	146.5001	352.4174
115.0051	47.9552	482.0012
129.3633	113.5246	286.0846
21.7755	56.6917	214.4298
76.8939	157.2046	259.7768
43.6123	84.0768	403.4609
153.6944	113.6726	24.5493
123.8033	132.2477	90.4461
157.8319	2.5198	326.3283
29.8628	14.9020	59.2554
26.0639	136.7596	95.2296
59.1462	77.9032	250.9096
49.5117	116.5681	101.8671
146.9219	13.4394	471.2929
154.8903	79.4245	312.5198
63.6549	112.3623	294.7556
82.7797	105.6258	196.1418
148.4332	24.3257	57.2627
14.2036	102.4991	588.1095
44.8025	10.0294	78.2593
25.9262	22.1106	60.8642
34.4362	155.1545	205.5541
43.9850	102.0986	289.3805
121.3047	72.1519	532.6710
56.1995	49.6362	83.3379
98.7938	125.0059	15.6067
65.1536	105.6196	132.6071
44.5042	1.0258	20.0487
17.9620	17.0430	589.5317
99.2493	69.2637	320.7710
46.2200	119.4643	346.0000
36.5766	52.3549	113.7839
76.6926	56.7650	390.7815
100.9906	91.0168	333.4834
73.5355	145.7587	278.9757
149.1206	106.7914	262.0356
37.7955	56.0978	255.7875
7.6313	161.1845	343.7939
82.0352	61.9285	296.6245
83.9790	155.5905	147.1124
69.9518	45.8948	363.9527
106.5161	5.6816	478.7316
125.8806	157.4861	161.0287
123.7880	58.3341	248.2359
0.2795	141.8311	348.9447
7.2954	82.4282	568.2069
60.9096	106.5286	474.4648
7.4746	10.5148	482.5932
37.7804	28.1320	311.7441
91.2281	117.9118	325.2550
159.2400	86.7160	266.5553
22.4214	82.2153	41.9310
67.8136	51.2984	318.6130
2.0610	100.1191	106.4928
42.2496	140.7530	17.2758
118.9849	131.8285	270.3848
166.3204	105.2371	315.3682
54.0806	153.2693	295.5784
125.5401	83.5745	106.1639
35.0929	167.9011	224.2653
68.1934	101.9172	471.0512
138.8186	143.4667	581.0366
98.3394	23.6772	330.5395
68.8056	38.1970	253.9301
63.2560	110.4295	46.3952
77.7219	73.0367	112.3747
9.6834	99.2103	93.6182
146.6253	18.3614	307.8300
102.6035	46.6852	28.5840
23.3482	58.6469	234.1366
145.0808	151.5942	462.1098
124.1309	159.2632	278.3510
5.7460	43.1504	341.3203
129.9792	18.8245	309.5100
95.1837	152.9708	557.0865
94.8076	46.4104	56.8872
24.0961	51.3312	108.4434
68.1100	79.0376	27.3309
1.2939	25.3442	407.9347
29.7937	68.0296	459.0587
109.5256	57.1313	570.2451
157.2346	18.3997	426.8298
143.7094	143.2226	303.8560
158.9963	89.8886	285.7828
28.3527	116.6046	287.3645
115.1366	98.8412	66.0481
61.7526	20.0686	180.9926
73.6039	158.4673	396.5357
126.9963	150.4625	28.9073
154.1746	86.1383	62.4571
26.7744	147.0931	47.5488
153.5567	36.1044	155.1896
26.5302	21.7573	168.9795
3.4007	160.2139	255.9000
4.4138	148.2378	560.4780
44.7846	28.0743	80.1383
134.4441	160.4751	126.9587
125.0202	91.0952	489.6934
108.3532	159.0477	230.1170
126.4900	163.1304	232.5823
128.1915	49.9490	458.4588
73.5080	103.9602	482.1970
84.3724	110.3877	556.4970
116.7080	7.8836	234.7123
36.0735	22.1076	151.7013
108.8023	112.0887	323.7843
152.6433	155.4750	505.8125
144.7591	116.0058	44.5315
136.1069	29.4112	247.1034
167.7895	49.2603	574.6836
36.9763	96.4727	130.4867
121.4190	20.0909	91.9899
1.5285	126.9299	157.3028
36.7177	92.8034	542.2555
71.2756	118.1113	320.0888
61.3409	97.3442	403.2909
31.2094	138.6576	359.7674
24.6386	101.1673	143.8250
105.2726	41.2025	44.7561
21.6699	160.7434	7.3172
138.2722	160.5280	185.1305
21.9165	28.3356	564.5312
84.9513	58.4904	388.6525
35.8351	94.2988	304.9769
143.6746	45.4101	340.7554
59.4904	13.0670	311.9470
12.6768	61.5440	200.0229
158.4918	85.6943	92.6839
101.2803	13.4768	273.7011
57.7190	59.5095	63.3821
125.8050	1.0594	315.7960
65.5126	68.8128	205.1830
83.0141	139.7364	586.1411
167.3164	36.7912	574.5012
142.4809	115.3325	329.9392
116.3900	130.3992	313.4529
34.1714	16.4631	430.4517
123.3036	138.5697	170.5677
8.6066	41.2770	456.9498
32.7039	74.3931	345.7295
129.0343	16.0866	92.6468
41.9884	40.2020	73.1541
4.0531	42.1028	137.1527
55.2641	77.1851	167.6557
133.2798	130.3036	454.3102
124.4537	99.4401	99.4426
69.7162	102.5941	284.9365
141.0333	57.4309	289.2533
55.3773	8.7181	291.0000
45.0954	153.6113	401.8857
92.9796	142.7663	512.8543
18.2999	89.9126	72.0052
26.1331	60.5311	220.9855
4.1941	131.7532	472.1365
153.6351	160.9146	244.4066
43.3868	2.4839	232.4658
0.1637	90.5479	585.8073
12.6590	147.3977	145.3441
161.3842	168.0922	19.0476
24.6677	152.5054	380.4406
142.3670	20.0763	543.4788
122.4223	44.4483	453.2364
143.7938	122.0913	59.7970
43.0595	29.2159	75.8238
165.8226	50.0270	589.6943
11.6609	151.9948	151.7837
9.0295	127.9417	83.4528
114.3389	9.4313	423.8185
30.0004	154.4003	181.6571
46.0374	13.0126	178.9763
22.1225	149.3933	345.5016
147.3114	23.8994	559.1963
64.5355	132.5315	554.7272
39.4665	-90.7729	830.5600
88.4729	57.0052	302.3196
160.1863	121.6716	300.9454
117.6783	116.2955	214.1624
166.7704	167.4126	181.7716
162.5405	36.7329	60.7561
32.4878	86.1471	384.5872
132.0503	39.7028	575.2699
33.7240	64.6754	247.0133
109.6348	43.4723	62.3146
3.3075	105.5030	68.4607
10.2721	152.5258	8.5847
126.1200	108.4378	335.5900
38.8662	76.5868	396.0034
109.8345	96.4457	289.5126
152.6490	7.1038	218.0567
89.7307	162.7339	52.7033
92.1631	162.2078	39.5573
53.8950	53.6436	538.3941
150.2629	64.8689	332.3257
115.7627	7.3374	552.8249
139.1347	72.5361	321.5646
6.2596	142.0316	96.1679
86.0051	74.7723	524.7319
6.1066	142.2744	163.6787
83.8616	46.6721	88.3076
99.5341	95.4624	211.9162
149.5915	117.6014	326.3888
118.7354	35.2663	253.5516
97.0443	131.4528	42.4855
99.8874	102.3618	562.3637
108.1664	9.1324	25.6704
94.5512	142.9960	373.8124
8.6035	167.1855	522.9033
152.3647	107.3973	193.7129
44.5388	14.7663	337.5893
140.0076	138.8449	355.7026
6.1754	69.6771	5.8068
161.2434	73.1802	154.0606
128.3478	17.2201	146.8683
103.8498	73.4994	494.9625
158.5645	167.6560	439.6773
68.2835	22.5879	67.2921
98.7901	50.0625	310.3040
130.2660	93.2839	552.2740
110.2808	76.3920	490.2561
109.9032	160.7699	529.8765
135.5075	85.5182	407.8782
10.6275	4.3104	271.2396
100.9449	141.6477	331.9604
156.0393	159.4065	311.7794
66.7500	4.1685	2.8634
115.0375	101.0495	299.1031
122.2958	21.7478	399.3331
47.6825	122.5437	289.7845
154.0539	145.2282	271.7154
106.4360	73.0860	309.1435
167.4085	69.4323	551.4221
12.0869	9.4269	93.8146
59.8079	98.2073	158.2256
65.3119	122.3624	576.9912
29.3400	45.3851	376.6927
7.3114	9.5921	551.5556
50.2007	112.8844	344.0661
154.4310	155.2184	241.4622
103.3955	122.6762	308.0103
75.6460	113.4281	433.9496
135.8585	99.6390	368.6066
42.0123	64.8575	430.6353
163.1622	12.5750	34.3679
47.4015	119.3746	563.9702
88.1691	3.1622	481.9281
125.6973	121.4306	206.9657
148.8036	67.9327	38.6287
21.4447	86.2780	409.1786
146.1951	17.1170	52.5301
93.4538	62.9290	550.9656
100.1349	152.1458	566.5399
102.3691	71.9374	357.4492
144.9863	36.7873	209.1317
141.3440	89.7166	279.7295
146.6536	156.3757	559.6381
116.4043	155.0229	264.7490
126.8171	144.0688	394.9771
94.5759	113.9372	26.7007
35.3905	133.4615	107.2381
6.5049	93.7483	147.3303
132.0055	139.4960	243.0213
35.5776	19.6297	413.3098
40.8980	99.8552	308.7114
11.6188	161.1445	21.6143
23.0375	134.1221	401.1909
82.1554	9.4805	234.6664
1.4753	154.5505	500.8140
153.7351	10.3230	419.5352
123.8888	120.2345	484.4530
11.6733	151.1828	428.8151
48.1294	95.7817	567.3002
62.2037	93.2691	300.6168
66.8395	67.3809	425.5366
145.7024	160.7485	349.0979
158.6451	93.0382	87.6807
76.6582	117.8677	188.7191
127.6956	138.7169	169.1635
62.8853	132.3719	567.7796
53.7231	1.4950	312.4850
130.7936	33.2009	351.3367
81.6582	34.9194	64.5998
46.9091	8.6539	255.3173
117.9036	40.7291	196.9883
70.2380	148.6459	204.0492
2.6252	31.2260	466.9566
5.6825	107.5638	377.1755
86.2050	127.6111	404.1371
66.5439	70.8176	338.4877
0.4009	98.3353	326.9676
72.0191	7.2875	148.7966
89.1571	102.5532	372.6759
9.4451	36.0018	66.6769
31.2445	126.0861	96.5586
61.0390	135.9320	68.7133
150.1278	138.1351	449.1140
138.5037	114.5734	159.2721
119.3890	86.6631	174.4006
107.0977	18.2149	399.4866
138.3624	116.4396	288.8802
139.1988	13.1706	138.0072
162.7175	68.9869	321.4765
31.8976	25.7755	22.3695
4.8263	66.5955	570.5734
153.8502	121.5876	30.5542
60.8449	141.3097	33.2606
154.8612	126.4439	545.6046
104.7080	152.9523	60.7958
29.5611	156.4641	12.5334
7.2741	82.0688	175.8899
64.5403	32.2379	447.4897
72.1440	136.0458	68.9427
136.2394	69.2438	95.7637
133.2431	34.7225	154.2304
115.3774	3.7718	435.6802
21.9000	63.7046	18.5740
81.6513	141.2271	463.5616
5.1670	96.1082	420.5353
38.3806	91.0389	547.6193
118.7936	107.2613	459.1876
129.4935	158.1442	543.2640
99.0104	115.2288	447.3772
44.3305	84.4007	223.5319
29.7235	116.7589	546.2942
141.8811	29.1340	85.2031
108.7989	18.6049	211.3127
143.6183	160.0703	445.2741
161.0125	24.6409	315.0347
133.0770	20.2609	492.2461
132.2896	154.1598	37.3091
78.5011	55.3051	366.1861
83.3498	113.1671	548.9884
137.7603	88.5819	179.0056
121.2315	35.3360	61.0161
113.2655	149.8085	287.6286
132.7644	27.0174	566.1489
168.0067	36.2019	489.9568
33.3300	18.5255	95.0839
91.3692	65.1692	350.7882
167.5558	56.4406	103.2666
57.4430	35.2960	68.1923
68.7714	57.7927	286.0199
15.3366	110.6732	470.9281
140.1226	64.7200	555.3037
72.0269	82.7103	530.1916
78.4620	109.0202	143.2240
102.8606	18.0366	479.1514
80.5779	69.7802	299.5147
36.7725	21.1179	527.0806
159.7673	95.7639	575.1663
126.6731	129.9532	70.7766
69.9094	129.4126	337.3937
111.6017	16.6147	93.7127
32.4683	131.9128	91.3147
11.9481	143.3966	325.4481
71.5377	25.0587	301.7835
46.4994	51.0754	267.9543
163.0584	4.1048	468.2474
57.4668	15.4286	424.0310
1.8800	89.3761	274.7317
34.4265	50.3254	188.6357
68.8393	162.1493	55.9916
113.5895	151.8859	468.4310
102.6158	10.0993	340.6358
157.0384	36.0422	153.3297
145.9101	62.2151	474.0319
73.0172	74.1339	106.8175
127.8482	32.4941	130.3856
104.8928	162.3791	393.0515
13.0882	125.9736	442.2789
56.3046	54.9107	266.3301
7.9362	63.6489	243.1118
90.6688	70.7696	533.9502
160.1018	78.6209	135.9465
155.1610	153.0092	503.9690
60.4057	85.6156	333.0842
153.4184	57.9972	519.4914
71.0864	38.5702	552.9863
86.9439	132.8211	21.5456
125.6290	14.5569	109.0860
142.4856	98.9859	392.3738
89.5047	35.1218	557.4661
112.1412	60.1795	141.8945
69.9381	89.5282	245.3972
25.9179	30.4058	156.9433
137.1914	148.3076	222.7730
80.8976	22.9217	183.7440
136.1330	73.8554	326.5116
38.1677	24.1722	324.9150
52.8607	101.5000	138.5353
34.3105	91.2114	252.4708
20.4314	158.4979	199.2148
100.6870	165.9176	104.0451
110.9687	97.5237	480.1154
96.4759	34.1026	519.3951
52.8807	1.2525	277.8244
20.8766	32.3533	62.0403
71.6699	80.3769	167.1890
136.1770	4.4982	17.4586
7.3705	54.8640	283.0940
120.6948	109.6314	421.1318
73.0238	42.2267	423.1189
117.4599	35.3271	192.4761
63.0091	52.3306	127.2681
49.6342	112.1701	338.6688
101.0918	163.1673	458.3248
138.4353	9.6779	346.9133
69.4491	162.7096	143.2243
67.9112	69.7220	214.2712
138.9833	88.5658	114.3092
126.2388	147.9362	145.0252
107.7660	13.9351	99.6156
120.2811	163.1931	105.6623
123.0570	64.4191	259.2676
164.0836	96.1152	427.4484
40.9302	70.3958	119.4544
38.1685	149.0780	317.8620
21.1424	35.3996	197.8094
32.2054	9.0028	565.0978
142.0252	36.0587	305.1073
96.0361	147.9550	550.1606
157.5429	163.3702	42.5914
163.2842	101.4489	393.1829
26.1475	17.3173	14.2278
123.7150	76.9760	170.4410
151.3871	47.5623	291.3609
26.3375	125.8071	504.4058
1.0972	58.9933	110.7372
8.3602	96.8732	441.1031
88.4899	53.3443	542.0404
109.2725	142.2156	403.6833
54.3918	114.9583	278.2156
140.1762	135.6839	177.4717
128.8847	148.4573	416.0817
133.9658	57.5625	461.5274
134.8691	48.6181	194.1082
65.8353	132.9663	28.0201
0.8364	37.5816	120.7248
116.7358	61.2536	208.3984
10.2470	47.1241	275.5559
14.0319	2.0674	42.0836
75.4532	43.2319	401.1387
78.0498	72.9859	109.1742
127.4452	55.3469	57.4782
143.7399	63.9463	185.5482
105.9685	71.0904	156.6475
37.3700	54.3544	415.1088
41.1187	138.4260	224.6020
59.6095	47.7595	565.4954
52.5453	64.5031	300.7031
112.5982	64.6251	212.1889
36.1758	51.6860	100.2140
72.0568	159.4554	268.8083
4.7331	93.7395	181.1788
77.2823	71.0217	320.3148
99.0300	53.7251	378.7191
106.1539	138.7257	36.6073
121.2445	37.8831	590.1640
10.9229	17.7741	476.1827
117.6038	161.4413	364.8130
154.3619	114.2740	298.5780
68.0100	41.1729	222.8190
116.6442	63.5237	467.2812
30.7965	110.6858	103.0045
66.1894	68.4065	245.4187
131.3893	32.4127	571.8875
102.3594	0.0593	277.8984
164.6308	39.6149	244.8135
82.7205	154.4603	132.7532
30.7204	116.5789	206.1441
61.0104	76.2261	198.6096
16.5680	29.7814	66.5134
3.5070	57.3490	342.5737
60.4341	92.8449	557.7796
34.5472	3.0787	350.9935
136.5267	87.6387	357.9292
161.7449	15.6294	547.7464
97.6108	98.6735	554.8724
92.6931	29.3192	270.4745
167.3344	90.6780	218.1338
32.9724	61.1200	258.2082
151.3122	76.0827	345.0274
134.4456	157.4806	562.5384
53.4150	83.7414	412.2971
147.0523	152.7236	532.9161
111.4441	9.9204	35.7212
149.9189	88.4846	142.1377
119.8152	161.9358	48.5591
114.5380	74.1968	109.3157
124.6269	36.1012	169.8208
80.0332	99.3669	311.3897
66.3310	46.4053	459.3835
3.5062	168.1191	380.2201
11.7833	152.5766	388.4217
156.2496	123.1363	559.6393
65.9747	136.1124	170.9523
156.7381	54.3345	547.3786
150.4966	29.4243	425.7876
5.4651	49.6544	586.9854
76.3987	99.2046	325.6025
123.4929	146.3527	2.8583
65.2466	4.5392	163.1506
119.3705	153.2784	74.6066
60.2854	110.9814	581.0772
125.6171	45.8365	176.9780
84.6519	19.7135	404.3266
53.1112	18.1279	104.7456
9.4489	27.3301	154.1410
35.7171	141.9699	530.9877
71.1496	162.2675	365.4300
8.6096	99.8141	473.4361
157.4805	16.9175	129.0317
112.3503	28.3446	455.7121
75.7095	97.4605	520.3751
23.4949	113.4958	142.2266
52.9913	11.9197	291.6252
154.1490	50.0604	46.9203
62.8523	113.6892	208.8166
86.1035	8.7164	271.8401
137.7944	29.6947	542.3461
78.6972	128.2242	159.6034
13.7854	30.0798	50.8832
151.3403	85.4133	111.5411
4.7424	166.1822	491.5116
4.5725	70.9858	548.0708
91.7717	91.7303	515.5512
165.1632	12.9695	272.4746
2.0455	76.0033	138.5591
40.7477	56.4095	259.0842
5.7025	120.1808	519.1372
164.2546	84.9974	402.8148
161.4603	37.9624	165.2597
137.2312	6.0179	440.9963
41.1411	14.7314	373.6493
54.3513	89.1409	266.6973
79.7749	5.6866	183.8863
148.7335	36.7372	36.2812
98.0216	157.1484	274.0795
104.9518	116.0599	536.8254
150.0692	118.1546	278.3183
88.5089	83.3779	292.3973
54.6653	59.9942	128.4968
116.8569	125.4180	393.9586
28.5643	82.3020	395.4598
140.8588	109.1833	36.5031
55.1171	77.3812	151.5864
24.5659	128.0729	563.5254
104.4924	11.5444	21.0927
92.2802	1.2808	91.0945
147.8203	118.2667	207.2324
41.0636	142.1459	154.6112
155.0303	103.0740	77.5314
63.3793	147.1248	21.6420
80.3007	65.2655	257.1078
3.1234	15.0860	425.3970
80.6524	95.6297	533.2882
87.4865	144.1841	117.1370
52.5292	48.2945	568.5824
74.8936	75.3266	552.9775
88.0337	166.7339	203.2807
93.4811	80.0143	248.7768
65.1126	16.9226	190.6309
120.9631	165.4417	98.4695
12.2165	69.1629	337.4489
149.3890	103.2869	299.1864
84.8379	133.0552	474.6047
17.5038	64.5048	238.2007
17.8007	74.5966	133.3925
118.2923	1.1514	59.4388
106.2135	117.2412	293.2213
137.4671	120.3480	16.7462
167.4125	121.9565	210.9365
68.1865	44.8023	321.3082
137.5010	29.7554	233.1361
8.9011	55.7525	458.1675
94.1044	29.6525	91.1902
104.0585	104.6831	538.1189
161.8070	68.8597	270.4528
56.3352	88.3208	132.7936
106.5832	71.0727	373.1834
13.9473	71.4251	424.7616
77.6104	38.1778	512.6210
84.6664	148.4624	177.7605
11.1312	145.6169	557.5649
99.3926	95.1451	393.6538
150.3428	5.0931	443.3495
148.2568	135.9315	165.4362
108.2409	48.3074	52.4767
101.3556	165.4788	0.2799
140.6308	153.7861	185.6805
46.6061	164.0190	291.2975
162.3163	6.0882	314.9776
22.6958	79.5991	137.4693
46.9961	4.7179	233.3191
101.6090	151.4046	135.5941
145.5450	119.3106	295.5189
126.6973	115.7710	348.1821
84.7286	36.1802	139.4358
39.8549	26.3393	338.5419
141.4981	121.9482	37.1571
107.9254	165.4160	147.8900
155.9433	24.3763	524.9917
38.5286	35.5420	513.3093
42.0377	46.1729	55.8622
148.5095	46.7723	6.8364
35.5138	34.9096	111.5009
54.7668	30.5934	69.6331
13.1360	21.1843	240.9218
96.5422	13.2071	530.4268
43.9251	26.7903	530.8987
82.0490	59.9839	261.7360
16.0780	34.7264	52.4467
21.5835	108.3376	173.1081
163.2487	69.9044	362.6927
83.2177	114.8522	77.6514
57.2791	149.3387	269.9521
133.6167	142.3455	398.6510
144.2337	57.0699	467.4687
112.2656	159.1797	395.2610
13.5932	75.6881	590.4630
110.5106	13.9830	96.1177
0.0041	159.5399	71.0927
108.6497	88.7380	124.4370
137.1021	112.4605	84.2820
77.7622	32.1553	136.5529
119.3581	57.9162	556.2409
7.1158	68.3990	355.4750
54.8744	121.0076	186.2455
79.1444	150.4962	360.6697
20.8809	83.3826	391.3717
124.6078	161.2427	365.6896
166.1090	106.5742	423.2959
21.1226	112.8643	330.0402
117.3216	102.5899	591.4735
147.0745	4.7313	444.9815
93.8201	102.3861	40.4513
52.5188	162.7779	281.7395
159.7913	158.3024	486.4823
134.9675	81.1481	341.1411
118.8265	136.7285	582.9422
0.9979	25.3940	288.8714
58.5247	124.8824	395.7149
146.9864	98.7461	407.7277
100.0899	147.0909	30.0789
56.0251	167.2532	536.5016
74.1895	11.6364	365.7364
18.0913	129.7674	294.4065
6.8074	68.2571	577.9667
43.9008	52.3775	94.7525
166.6346	75.8354	284.9919
132.8557	158.8449	131.4353
42.7405	29.5098	581.4224
64.7670	101.7307	402.4867
135.7080	13.8261	537.7075
87.1511	34.8685	234.1348
151.6996	120.4068	160.9075
45.2124	140.0017	568.4081
1.4581	32.3286	175.2242
60.8008	83.7986	344.4931
38.1763	65.1203	364.3946
15.9229	166.6063	290.7391
25.5525	51.8934	29.5829
46.7023	83.9226	269.4776
115.1008	26.4151	53.4134
26.6963	108.7422	134.5567
37.8134	39.6101	488.8618
113.7195	143.2872	332.9605
105.2238	62.4674	444.6339
17.6760	4.5677	130.6567
159.5248	61.2822	319.4786
15.5051	62.7723	483.9890
148.4591	19.0063	296.8286
118.5227	73.4351	241.1686
61.2169	165.8330	407.7837
45.5637	161.2955	467.5141
43.5292	115.0076	2.3823
115.5226	120.1935	441.1663
82.3730	31.6817	76.8366
42.7917	113.5234	558.4824
29.3863	16.8467	1.3604
125.9641	151.4640	117.3431
125.0598	131.3949	466.7894
16.0753	122.3509	60.1353
93.3475	121.5394	282.6019
123.5749	148.7520	161.0237
133.3975	98.2689	467.2223
127.9792	47.5751	565.0006
8.4883	163.0513	495.6774
133.8742	22.6239	515.6585
91.1046	154.7522	570.4117
165.1352	109.6127	308.2163
141.2843	140.5030	507.7414
68.8357	153.9653	148.9420
148.1142	80.2383	490.9558
66.9656	148.3249	268.7996
18.8117	120.3174	97.7240
50.3660	126.8210	219.6069
154.2745	59.6075	523.2887
90.6359	104.8722	313.4004
118.3543	113.3483	176.2318
77.6683	96.3398	177.1076
142.2760	57.7965	52.1977
14.5502	96.9251	546.6888
102.4728	163.0124	169.2797
46.9031	145.8859	189.5926
99.5256	111.1186	523.4406
156.0689	17.5318	5.7135
9.5195	93.7449	76.8310
146.8125	45.0160	536.7760
124.6771	78.5719	370.9526
46.1176	124.1994	7.0541
34.8614	10.0142	548.1653
126.9307	34.9892	169.9085
11.0906	123.1249	355.0481
98.9018	52.1827	335.6462
79.1796	88.2058	284.2045
103.6754	51.4786	27.8572
72.5374	109.3943	89.8011
5.7377	28.8405	376.8610
99.9412	27.7254	134.4470
117.0251	104.3621	248.8909
164.1865	132.7129	357.8500
71.1793	45.1106	331.1373
42.7554	195.3591	443.1200
121.5531	21.5905	213.1026
87.3106	3.3958	391.8413
38.3214	60.1637	248.9664
105.5202	166.5042	54.0127
57.9565	78.3353	362.3454
128.2208	116.4734	242.0935
67.6517	17.5005	176.5697
127.7904	0.8405	293.2175
110.0826	106.9491	167.8646
2.0664	80.3899	317.9522
142.4491	33.7984	306.6620
146.5163	87.8585	41.4543
90.4805	142.8292	87.8060
56.6779	107.1656	345.9220
29.0019	159.4776	277.0712
11.5270	21.0004	311.4962
164.8179	129.2524	37.9425
115.0629	90.9267	321.1394
127.6473	148.1306	242.9937
39.7215	67.7219	337.6077
168.1860	83.7246	464.7638
56.6799	161.6966	213.6582
149.8602	75.7294	363.5874
86.7524	49.4588	432.3199
76.1185	64.7848	473.0951
64.1998	114.4069	451.6197
147.2765	33.0696	276.5520
145.4380	148.5659	593.6617
61.1584	56.5223	87.1143
159.1298	116.5422	91.2305
45.3607	139.0338	274.5404
73.5529	64.5213	312.6399
16.9112	88.2533	416.0473
7.3389	9.5328	313.5148
39.2293	107.0129	128.1489
96.9365	26.9801	134.4323
84.2516	69.9290	31.5020
125.8419	137.5796	482.5997
120.8638	153.5798	248.9501
148.2144	17.4719	264.2069
24.3979	148.7461	347.5769
130.3563	118.5003	112.0023
54.3844	128.0717	454.1514
144.1893	75.5607	71.2974
46.8514	17.8268	271.7383
155.2437	27.6781	185.4017
120.1462	153.6310	578.0565
67.9237	97.2292	29.8291
56.8774	96.6025	120.4617
167.7019	40.9433	67.4018
18.7182	52.1973	254.6237
45.6383	9.7558	536.7965
2.6167	51.3928	2.9754
40.6194	157.3556	104.7966
3.5482	58.6760	81.2590
60.1530	144.8542	48.6556
125.3539	147.6026	177.4351
72.2799	35.7823	521.7171
48.6046	132.5832	8.9891
110.3656	68.7479	544.2185
160.8656	103.0855	179.9445
154.6455	147.8655	221.8354
24.2269	109.7640	434.2157
161.1798	132.8219	531.0716
35.8251	46.1839	446.6679
95.1919	137.9796	505.1352
154.4584	48.0103	86.6277
124.3441	3.6194	374.4728
109.1559	6.5103	117.1714
139.0740	116.9275	132.8040
37.0241	147.7112	534.4891
28.8760	126.2973	453.2242
91.4699	50.2895	62.1605
25.5595	27.1945	22.5533
20.8128	102.0866	544.8692
34.8247	117.2834	205.2783
88.4324	139.3283	567.2436
144.0624	37.6386	114.1625
125.4807	142.8564	426.4009
134.3009	63.2431	245.7375
105.3631	160.4372	264.4935
153.0062	105.4933	15.4284
83.3041	121.5125	424.6535
79.8863	150.6074	374.9440
141.3506	143.7791	187.1993
89.6991	63.6383	268.9594
30.0608	18.8415	172.3404
61.6443	115.9246	135.8722
7.1353	51.7393	267.3842
57.4985	144.2974	377.3115
44.8025	10.0294	78.2593
15.6718	21.2374	155.9009
139.1390	158.9113	549.4223
34.6518	14.6170	420.3675
48.6193	139.5655	462.3558
26.2268	44.0221	183.6184
92.2877	139.0359	475.2185
68.1315	134.1396	532.3513
62.4520	6.7392	531.0647
48.8871	145.3241	417.9006
0.3333	116.5045	435.2335
42.3771	143.9885	28.7440
140.3041	138.1254	220.2592
122.9001	19.8944	457.1945
95.3980	42.7528	48.5021
87.1605	123.2204	567.1674
107.6024	0.1280	159.5545
158.5282	126.0281	124.5587
100.6236	84.1813	568.6522
158.6697	8.7801	224.2201
45.0624	110.3705	159.1601
39.5216	82.1912	497.4577
115.5569	23.5644	219.6616
75.8353	33.5598	44.8854
21.7343	44.0609	108.5012
41.3910	162.8262	490.8187
97.4324	48.9438	64.5944
7.6758	39.7903	468.5686
64.2344	157.3684	398.9251
81.0145	130.8326	416.8103
68.6992	113.2988	420.5780
22.0928	121.4998	551.0212
50.7040	39.7851	111.5185
37.8091	74.2042	9.6460
162.8497	123.2507	294.0298
13.4395	73.5657	396.3351
157.8334	29.7069	130.9752
28.2616	108.7162	318.0651
26.5873	161.8491	190.1545
125.6769	108.1293	241.1053
24.4653	160.2063	288.2393
147.2887	120.8399	444.5716
131.1206	122.6436	273.5298
98.0334	30.6663	479.0950
126.9915	16.5369	249.6164
117.2968	155.3581	375.2303
84.9354	116.9817	117.3926
89.5792	132.2944	32.5832
115.6821	136.1788	466.2288
119.0300	100.1594	49.9890
42.8376	161.5028	256.7908
125.9083	157.2161	492.6681
80.6707	9.0557	379.8306
135.1363	91.1456	255.7586
93.1565	36.7600	547.0236
117.2302	79.4252	297.2634
95.2321	97.6150	300.0735
145.9523	113.0633	347.8505
96.7143	34.9943	354.8556
32.0417	35.2410	400.2644
4.4481	35.7291	408.2394
75.1616	7.3460	360.1058
159.6644	104.7224	507.6561
78.8911	15.6243	253.8937
77.1216	17.5840	461.6200
129.3385	103.2342	3.7858
12.5148	34.6499	246.0696
20.0892	53.9463	29.4460
116.1478	46.6562	508.4810
85.6863	139.2541	0.6679
8.8023	39.3617	308.2113
111.1091	63.8823	166.9006
160.2439	109.9410	134.6570
4.6216	157.7006	220.9680
4.4772	112.8320	381.7861
57.3426	4.6831	173.8158
37.9980	58.3704	412.1473
83.1999	18.0738	4.0857
78.2067	119.3908	126.8778
58.2564	119.2907	322.5722
102.5462	33.4617	168.0904
12.9392	18.3756	389.8194
114.2692	27.4068	147.4895
16.5504	94.6336	358.1621
70.0708	120.0101	68.7159
84.1598	144.1608	557.6633
97.3460	45.0394	325.1882
5.2168	31.2162	165.7312
85.4981	135.2901	105.4373
128.4298	85.2141	97.3378
40.7251	6.7698	26.5643
99.5425	28.4123	331.6725
167.5947	56.9835	569.3061
56.8553	51.2799	506.3451
35.7098	134.1568	390.4139
162.1636	52.5922	197.1301
147.7470	152.0855	114.9958
75.4687	99.4968	139.9695
83.0249	93.2816	440.9322
63.0589	11.6557	342.8274
151.8648	27.3741	497.9484
22.8117	52.5133	120.3296
134.2057	37.4825	368.6842
6.6171	5.7983	423.7898
5.9475	15.7547	570.1499
62.4431	103.4677	409.2326
107.9547	4.0076	280.6221
11.9937	156.3679	478.8224
132.5247	113.0192	88.1696
4.4844	17.4387	564.9174
133.2320	99.1559	41.5522
68.6473	53.6939	304.7710
75.4388	27.8177	152.2635
58.5270	42.8203	440.8864
16.8620	31.0338	242.5717
129.5663	136.1351	115.2514
2.2302	92.9310	149.6991
44.3766	145.4707	586.4182
107.7974	9.0540	279.2555
68.7616	167.8540	460.5120
162.4776	74.4923	517.3646
146.1691	51.4043	72.6876
91.2303	83.7933	338.7652
132.3300	135.3792	471.1542
98.4396	29.0932	172.0835
105.1286	44.0968	280.2745
96.1883	29.5408	111.3177
131.9565	99.0412	579.2014
99.0396	143.0235	27.0830
44.0126	136.8518	203.3730
18.9363	60.4926	209.7246
165.6884	87.3551	408.5389
99.2763	166.5720	273.7776
111.5177	58.3399	107.1156
44.8025	10.0294	78.2593
130.4662	150.0470	189.8448
68.7848	39.8726	570.4824
63.8519	10.4362	124.6215
156.1786	120.1570	405.8961
51.6503	124.6275	563.8395
125.2961	152.3295	387.2342
23.5679	84.0535	109.7320
5.0412	121.9486	521.6850
23.1043	53.9852	142.0788
160.7955	12.2703	131.1702
17.8910	60.5870	206.2902
49.6714	150.9980	143.1765
111.6926	160.5871	387.0250
69.6464	74.4318	582.5109
143.6649	111.8893	308.0341
116.9224	129.1160	57.8404
94.2774	90.9951	315.2925
85.1725	3.1081	486.2643
119.0873	114.7213	323.1438
9.8603	156.9811	451.8728
20.1665	88.9679	145.3084
103.7837	64.6385	269.1004
47.7878	165.2683	344.4821
149.6409	86.4549	409.5822
84.2616	48.3093	110.7734
144.6424	129.2231	131.1779
91.3950	128.9233	457.8813
18.4688	29.1797	147.2557
110.6083	67.1598	160.7753
149.5148	138.2975	205.3137
53.5536	148.0856	166.0951
133.8929	9.0378	35.8935
159.2741	96.5583	582.7473
130.0736	119.3564	559.9745
119.4499	158.7070	291.5516
92.8126	122.7165	261.7871
96.6334	162.8131	426.9556
125.7394	5.1389	72.6634
97.8527	9.7709	513.0020
97.9099	135.9325	487.0698
26.7142	116.2769	517.3825
79.9396	112.7524	300.1313
158.4263	69.0068	368.6739
132.3558	67.8498	472.0876
75.2408	103.5035	480.4154
72.8458	122.9563	90.8713
45.6747	137.8184	20.6131
105.5585	30.5661	385.3501
92.4915	163.1714	483.2149
36.3175	65.1877	309.3756
31.1685	29.4284	253.7226
46.7705	62.8083	245.1460
97.1921	140.0317	171.3326
26.4755	60.1378	138.8755
99.9199	70.0863	103.1010
154.2660	110.7459	163.5567
86.3389	50.1402	464.7455
99.2759	90.1109	489.7120
6.7048	158.1967	308.5136
21.4587	80.0890	53.0329
52.4059	41.4863	183.5878
52.4218	28.4104	288.7077
49.0111	62.1128	354.7744
36.0156	165.4078	261.9784
29.9900	93.0098	59.5019
154.9829	2.3883	369.0114
95.7544	154.7959	588.5429
130.3989	110.4767	251.3276
101.0899	13.8666	24.5937
18.0472	99.7903	464.2135
114.4550	3.8803	178.1607
131.7682	127.4297	146.4639
37.5381	148.1923	9.4123
45.3532	5.3324	451.8143
9.7539	45.1696	447.8050
109.7753	130.6005	59.3679
79.1755	30.8055	472.6894
100.6952	20.4191	345.9237
145.1340	62.4805	339.7426
66.1048	129.9840	28.1929
58.2568	106.0123	483.3191
168.0644	157.8546	215.4601
84.9365	95.1777	219.6106
11.1851	56.3397	76.5399
150.6817	22.0214	290.4155
2.8285	164.9333	272.1990
134.9458	46.6605	324.8391
104.0077	96.2909	475.5611
62.8345	156.6239	264.7144
19.6660	81.0062	153.2953
150.2460	42.1687	110.0010
125.1551	73.8389	188.1118
22.9733	120.2378	26.0228
55.2613	113.2916	219.5119
41.0152	144.8202	9.5118
136.7498	45.6293	140.9735
17.0613	123.7093	541.6369
43.3089	15.5594	81.9499
21.4666	118.4863	482.5552
41.2609	148.1849	405.8694
27.4065	0.7822	120.0542
79.5405	151.0524	470.3560
129.7360	55.8862	461.6495
42.4404	93.0621	351.2797
81.0293	13.7684	494.3588
65.0303	47.0904	226.1635
118.3359	111.3230	310.5535
22.2236	20.1515	254.8428
21.4594	9.8586	113.3999
24.9239	130.2418	173.3531
58.7295	61.1150	241.3825
142.6405	0.4360	367.7065
26.9382	105.7151	504.9415
39.0470	11.7201	245.1270
7.0675	57.1097	106.7561
92.5335	104.1404	289.8371
2.0769	140.4776	192.5488
99.1861	157.7361	16.2447
84.5836	110.0484	117.6602
117.4022	42.3698	62.4652
151.7177	113.4951	324.1820
142.7584	82.9705	174.5340
49.8219	66.7318	210.9176
144.6266	125.4858	331.3424
73.8946	167.1185	244.5297
37.3600	4.6806	374.8005
34.1120	99.0438	179.6607
143.8941	12.0874	210.9869
23.8882	26.8419	360.5040
161.3535	139.0554	258.8234
74.8851	140.3107	554.2778
150.9771	65.2209	41.9045
129.5481	6.0341	122.5662
102.2829	99.8024	581.6817
140.7822	45.3842	506.8565
105.5974	103.7036	321.9052
3.0346	150.7534	459.1623
116.6784	100.7923	276.9810
24.7435	115.4851	211.6017
77.2449	90.1500	437.0433
21.8582	159.3411	65.7088
116.8080	163.5249	173.9525
109.4681	112.1380	155.7814
12.8521	127.2572	457.1365
76.8675	143.7105	304.9926
158.1202	95.3559	59.8408
105.8914	20.7665	211.0370
83.0665	21.6965	414.5194
1.3619	120.3036	273.5393
79.3619	28.1959	580.3761
29.0368	113.7713	471.4793
147.2636	152.0108	360.5583
93.9467	114.7720	184.6114
26.2980	165.8985	265.7194
87.1096	141.2352	510.2857
137.9835	148.3259	107.5721
48.4962	62.5139	563.7357
35.1989	105.4696	180.3492
168.3866	1.9696	144.6503
0.5768	146.4122	13.4969
82.8829	104.9226	28.1315
26.7634	133.8714	583.6448
83.0917	29.5589	483.8035
15.1949	27.4928	47.2104
79.7234	48.2793	464.1787
87.6325	140.9766	167.0295
128.1153	159.9553	223.3338
158.6316	130.6328	569.6022
61.4110	108.4756	187.0314
162.9791	14.1417	348.4285
58.3904	145.1493	395.9916
114.7934	40.8868	163.9130
161.8124	8.8152	309.1956
109.4279	26.1085	343.6602
1.3160	130.2482	383.0605
46.4514	47.9388	45.5084
27.7340	17.3290	451.3086
87.3849	120.6138	397.9428
144.4632	28.0248	568.8477
38.3658	145.2772	284.1874
150.8012	84.5577	388.4379
78.3828	118.4997	250.3505
83.2423	53.8790	367.2994
8.0994	124.7150	539.8466
143.5927	16.9525	81.1969
45.5262	8.0543	23.5393
75.2920	110.3560	182.9621
148.0847	114.3864	98.3230
14.8257	47.2832	375.9953
99.1016	135.5794	413.9781
99.4513	112.6868	427.1988
65.9513	129.4002	273.9048
74.4356	16.8058	521.6771
147.8589	42.2561	228.8608
135.2644	46.0676	337.1687
142.4456	146.6949	567.6449
155.4093	116.1357	165.0950
58.2127	141.9024	388.7283
154.4044	21.0812	318.3267
15.7359	98.5415	390.9256
5.0815	100.2912	208.5183
83.1063	22.3009	2.9683
157.8337	82.3923	505.9642
51.0673	150.0471	589.4971
41.0035	150.9520	237.0589
110.1864	92.5425	193.3681
132.0793	16.8543	23.6364
82.0974	125.0450	125.1434
69.1591	45.0618	478.5071
99.6335	75.6370	484.2030
86.9469	120.0533	323.9219
17.0376	84.4318	265.8419
149.3947	1.7906	589.4038
52.2881	95.5941	524.9134
8.0666	138.1390	570.6373
2.2238	92.2863	493.9432
74.6739	106.3648	555.7922
146.0746	94.6757	399.6091
11.3812	82.8630	240.3970
72.3357	121.6124	195.7782
115.0121	22.1421	216.0348
120.6247	14.8078	226.0110
133.9980	134.4509	270.4480
104.9750	119.8565	506.5920
4.4042	107.6285	251.2830
1.9075	74.6049	78.1400
45.5765	31.7969	546.8998
94.5485	150.4213	58.1308
95.9286	135.9171	574.9794
138.1834	45.9545	533.5797
4.4701	22.1363	323.9371
96.0657	134.9019	166.6134
3.3724	95.8113	379.7589
30.6441	97.2754	223.5816
41.1841	83.6456	429.8137
35.0128	36.7363	468.6582
33.4370	66.1573	262.3268
5.6757	55.5417	223.3436
70.2508	98.0743	511.9539
27.3675	122.3894	551.3428
11.5918	23.4888	70.0809
130.3724	112.0237	235.9288
150.4739	83.7998	243.3927
133.4220	121.1741	322.5497
160.7374	23.0004	151.7035
147.3035	32.5983	130.6589
3.0878	57.6931	504.3383
159.0942	138.7611	330.2099
117.1653	156.4631	243.3969
52.9094	100.9848	194.9380
166.9509	73.7613	516.7044
164.0353	34.2303	414.3416
9.6923	19.7058	422.7044
1.3939	137.2683	355.4702
59.0706	2.2942	66.2855
150.0340	156.4002	48.9940
40.7088	57.4706	469.2521
26.3992	40.7781	175.0770
162.2664	97.8175	544.1284
116.0240	60.4251	348.3503
145.4355	135.1340	386.7532
51.6326	15.1178	104.5976
25.9328	46.1779	430.9935
156.1028	5.3347	105.5391
9.0026	100.4298	339.4650
91.5892	22.8607	529.8109
67.1624	154.3978	417.6594
44.2375	137.3635	191.2030
95.3879	130.7273	260.8971
19.7818	150.1404	242.2155
44.8482	18.5404	211.7053
168.1330	91.2099	549.6275
127.1615	93.1770	53.4882
98.3586	97.7546	7.0330
24.7308	14.4313	1.4591
133.9002	118.3729	203.7245
164.8429	30.7797	263.0026
157.3465	96.8921	63.6239
142.0836	93.9658	454.7945
132.6283	119.6580	417.4244
55.2418	0.7668	574.7674
84.2988	22.8432	151.9578
150.1709	95.4083	265.8696
94.8978	86.7479	553.7255
38.2907	45.5837	63.1686
156.5355	17.9214	261.9356
55.1402	9.2367	90.5035
147.5516	97.6060	535.4587
58.3591	71.5398	283.3441
18.4825	1.7987	467.9136
116.4520	43.0439	52.4525
98.2778	136.6162	148.0029
75.3385	50.2118	556.2569
118.6993	21.7982	38.0121
113.4434	150.5628	548.5535
73.2877	157.9830	137.1737
97.2820	162.7511	522.1230
78.6958	54.8292	545.7199
43.4175	161.6877	196.4628
86.9866	131.8553	347.4131
152.4722	139.3879	544.8881
1.1859	125.9591	219.9856
101.0630	56.8342	310.5084
3.4951	155.1206	454.4566
140.6756	55.4034	293.8179
52.5556	66.0565	496.6235
59.5092	134.1385	522.5108
123.7703	126.2700	478.6477
61.3093	147.8758	585.5020
7.0097	162.2741	85.1303
150.9592	148.1581	351.4434
21.3112	63.1148	306.4130
84.3509	10.9138	165.4573
72.7015	105.1450	89.4598
35.1836	48.1580	409.8332
108.4708	93.1258	61.1045
71.9548	36.7960	286.0288
2.9305	44.1329	351.9432
91.3559	143.0533	410.8713
37.5307	32.3264	241.5114
81.7183	163.8956	305.8651
167.0866	135.7966	109.6228
127.9233	25.8323	562.9738
14.8110	149.2575	235.3711
144.1103	96.7568	579.1213
86.6148	148.0015	315.9224
0.4404	10.3779	122.1990
134.4808	88.3219	368.7849
9.3006	73.7321	185.1351
72.3703	159.1670	366.8347
103.8165	22.7848	392.8969
17.9630	144.2845	496.7100
106.0873	98.6875	393.0793
168.3735	137.6579	163.6010
54.6992	3.3921	93.4349
126.4385	122.9263	309.9705
9.1152	158.2214	275.0728
52.8867	20.6849	579.5616
153.2430	157.2988	7.3217
4.1308	36.8116	320.4727
139.9710	12.5903	152.0818
73.1441	159.6567	95.0027
56.2383	16.9348	590.5376
54.7873	45.1230	8.0735
29.8021	152.3465	96.8015
100.3663	126.6532	410.7959
109.6153	153.6957	193.0010
33.8256	7.8943	493.1316
16.4162	76.6524	593.1371
114.6338	91.0892	469.6318
74.9393	30.2198	76.5758
68.8816	49.6612	161.0182
146.9895	61.0208	281.6836
38.8117	27.5158	60.8758
115.7306	112.1140	441.6580
78.5351	153.3903	113.8922
164.7509	131.0319	138.4921
24.7913	1.3900	158.6383
41.5752	25.1555	513.1665
23.9398	163.2342	322.4183
123.4202	24.3651	241.2987
54.1661	6.0242	450.8206
109.3584	103.7693	422.7016
49.0169	111.6090	198.1750
34.6851	14.9673	410.4865
77.6466	12.5495	170.3871
142.3558	12.9517	469.2421
129.5870	77.7033	179.4374
102.2735	157.5154	548.7068
42.4549	150.6019	545.5491
125.4404	165.8745	235.9438
110.4454	94.7204	323.9614
147.9815	17.4978	484.0509
26.8761	136.3661	167.6440
161.6720	96.4931	323.9380
1.2266	87.8694	447.7273
159.6202	133.4796	225.2209
165.5323	96.8487	160.4601
90.9716	106.0214	302.1024
122.3144	112.7205	490.7263
52.0844	120.6349	580.9243
159.8379	59.6119	68.7919
49.7237	140.4412	101.6321
21.1736	145.2228	95.4215
15.3176	4.2933	35.3846
53.6155	99.1985	61.5281
51.0287	103.7619	12.2000
54.8115	124.9734	425.8848
52.1961	124.8487	108.4386
150.7146	103.9750	31.9680
149.6577	80.3966	494.3707
23.1041	112.4113	243.7944
121.2664	47.7610	424.2544
3.5033	40.3763	396.3788
112.4276	52.0608	182.2088
22.4416	155.4064	336.3401
119.5799	77.8890	8.8905
118.7162	8.2456	350.8944
96.5962	38.5107	301.4259
136.8640	90.5914	422.8503
23.3157	65.4418	339.7086
115.1936	144.4610	529.1313
24.9645	38.9643	170.1005
60.9455	128.2254	296.8553
40.6767	115.2015	149.4397
6.7950	63.8753	495.0632
2.0957	68.9174	518.4493
9.2832	144.6232	211.2802
150.2732	133.7619	98.5061
122.1964	33.6216	25.8621
77.1717	87.6680	229.8035
88.7547	89.7322	555.3208
1.2483	48.4399	423.4673
5.9161	134.6539	399.5873
5.9133	33.9591	322.7488
159.9255	94.3126	134.7955
122.9391	2.1881	305.5082
165.3758	70.8690	45.7997
118.7259	34.4767	122.7497
34.6303	130.5507	534.0108
121.1561	5.4942	316.3996
106.7317	21.0343	393.8772
66.2644	19.1878	303.7569
119.1896	56.7561	114.2873
122.3709	155.0415	379.6446
50.9340	6.7861	298.0414
91.1382	144.3695	216.6436
92.3682	61.0415	5.9378
106.9828	9.7269	316.8724
11.2223	140.5372	278.5570
21.8419	152.7732	26.3704
155.7909	161.9378	506.2244
82.1176	98.9641	523.8398
122.7731	39.0017	346.9871
147.6673	46.5099	457.6177
94.8566	102.5676	494.5348
151.1823	37.3709	237.4548
139.9549	12.3734	143.4601
154.6449	28.9724	52.1596
69.4450	149.0699	163.0370
167.1209	42.4951	382.1066
32.7910	16.1305	346.9690
46.7384	10.2623	562.7546
17.4746	18.6644	90.6105
20.8965	21.7792	198.2378
160.7123	61.8004	408.5756
150.8875	75.1275	422.9799
69.1010	63.7755	436.7575
40.3987	130.5535	161.6951
27.0044	50.3182	104.0778
157.6731	73.2116	269.2617
124.1351	166.1611	62.6049
108.9666	41.6051	118.5549
91.9892	64.4562	264.2975
126.1331	162.1488	205.4457
82.4285	55.2045	78.7409
112.6975	151.3248	500.7629
43.1046	39.0176	522.8371
94.0133	61.9433	327.5857
78.6713	12.5997	260.8676
7.4003	72.8090	205.1072
135.5126	40.4003	538.5598
151.1971	131.7509	468.6228
144.2106	111.3209	436.0813
40.2338	149.3261	198.7950
56.9672	72.3936	510.7715
119.0776	22.7254	23.3795
34.7823	61.9596	522.8365
52.1897	22.1605	174.0286
24.7688	158.2722	265.1016
84.0455	118.6027	18.4635
33.7761	33.4748	508.2643
110.7731	82.5136	472.9170
79.9624	45.1819	70.4700
98.7692	21.8133	178.2565
66.0546	24.3902	120.1217
25.3990	54.0743	127.7404
121.6346	123.3349	524.9014
42.0740	145.2793	112.3330
102.3820	131.2264	522.9287
135.5372	75.7464	109.4198
26.9817	9.1350	298.2879
144.8877	140.7430	104.4591
3.5492	92.6801	477.9542
129.7778	59.7655	410.0389
20.5706	25.7407	98.2726
118.3945	164.6979	587.0490
152.6625	20.4928	412.5773
58.0904	72.5500	508.2258
125.6852	166.0435	362.0583
164.2858	87.7407	336.8819
79.3248	60.4364	515.6337
58.2600	105.1826	504.6683
114.0236	6.2856	386.1467
108.5706	115.6613	314.2546
118.6896	1.8970	496.2316
156.4929	117.9465	203.2818
37.7350	110.9941	57.1424
90.4424	31.8390	156.9851
121.2983	52.2332	444.2034
46.6848	78.4233	141.7971
120.3601	0.9587	98.3980
78.1641	88.9744	276.1912
167.0945	139.5997	291.7381
72.8879	34.6896	139.5017
41.8815	66.2266	28.9762
80.6139	90.1275	126.9408
131.5727	11.4793	167.7648
38.4064	83.8772	324.3853
40.5603	117.7606	277.7584
110.8242	70.2492	97.3532
52.6464	107.2393	143.7682
17.9138	67.5334	327.0913
80.5366	75.4704	200.6873
57.1170	89.2729	542.2845
68.0401	57.2394	60.7895
97.6639	124.1740	334.2096
3.9729	72.1491	401.5142
23.4953	10.7683	564.1136
55.2558	142.5665	496.4215
66.4032	79.2115	360.9879
66.1235	140.8174	283.9777
24.8172	158.2780	264.5264
156.0667	149.3010	53.4781
108.8752	27.4434	25.2292
0.5653	159.9240	310.0576
78.9237	110.1300	562.4821
96.6562	132.9133	290.7545
156.8664	127.6135	531.7544
163.4730	103.1969	453.6617
132.9131	149.5430	437.6616
119.8789	28.4094	170.0541
141.7393	114.1944	59.3955
11.0426	138.9083	191.1874
139.8006	52.5099	356.0238
38.7571	95.3041	159.6028
122.6371	34.0734	449.8944
94.1908	140.4406	106.5272
80.0463	57.0094	77.6089
76.5005	124.8650	522.5607
30.4129	4.0207	271.6200
145.2582	153.9457	62.7936
103.4165	39.3328	297.6836
35.3218	32.3082	109.0937
127.9218	139.8316	212.8824
117.0791	99.7345	117.2260
5.4563	139.3004	517.3537
85.6047	115.1770	103.3356
83.7356	27.0559	552.2387
135.9479	159.1178	564.9447
83.7568	27.3805	30.7490
96.4382	34.3171	535.7928
56.9409	78.4169	473.0898
18.4789	82.4840	279.9175
18.5769	101.3882	354.6213
148.8383	124.3746	148.9317
141.4165	47.7610	144.0542
132.9799	105.6062	114.3785
97.5229	129.3389	477.9141
38.2457	121.2439	49.2400
32.0231	80.3974	336.3871
69.0271	105.0090	136.9935
118.1005	164.8809	105.3173
136.2876	144.8132	506.1689
8.1655	26.6609	324.9427
28.0241	142.7984	366.9422
108.3585	19.9691	308.4651
132.2396	163.3287	92.8741
140.4126	54.2908	325.2847
155.2416	148.2708	512.3244
36.5096	164.5075	430.1122
42.1411	41.7885	502.2131
155.3471	111.2654	521.9601
119.5314	162.0297	192.4170
151.9983	79.3760	155.6659
143.2087	134.7611	379.9433
50.0796	137.4665	275.8745
139.9540	64.2924	232.3921
153.5906	101.2374	565.9511
135.1538	105.6324	187.2172
87.3935	15.6349	306.3011
18.3627	70.6750	58.2717
14.2912	95.2396	580.1100
58.5764	9.3313	480.2049
146.8821	161.7370	525.7554
133.2934	26.1889	252.4271
22.0194	44.2822	439.8560
18.7533	14.4056	110.1659
99.4629	81.6106	326.3280
112.7403	83.3637	246.0919
45.5374	35.8222	91.6207
84.4305	67.8968	483.9028
133.5594	119.9916	21.7213
37.0824	80.1199	467.3368
68.0341	54.1043	16.9267
28.5833	112.3238	408.8636
46.0847	121.2322	275.3331
109.3587	19.5369	246.3226
158.7811	95.4505	50.1623
150.6151	146.9405	153.2795
49.7450	159.0930	148.0053
108.0210	6.3327	252.6543
150.7641	117.4076	144.8372
109.6980	20.7495	404.2694
41.4743	137.4787	111.5751
157.7992	151.7552	549.0257
113.0267	46.0603	4.8055
77.9986	110.1592	86.6142
77.6296	105.3683	505.8237
2.4910	91.1797	120.9065
99.6029	31.8669	128.4751
148.6960	85.1343	495.9246
50.6329	28.2534	33.2602
11.1741	15.4904	71.6772
161.9591	127.0378	71.4849
37.2694	88.7765	118.8309
124.5935	135.7477	190.1315
101.2889	34.7696	308.9049
87.7070	146.1446	572.5185
104.1983	77.0863	130.2423
49.5793	4.1545	274.1459
50.2601	83.8849	261.7197
20.7211	81.7288	271.4271
95.6014	75.5222	388.9007
4.5489	37.1111	78.9735
164.3542	152.3809	107.4348
22.8736	158.6991	274.3204
31.9154	52.3562	157.2782
114.7143	125.0856	13.3685
105.5359	160.6702	246.4739
159.6609	162.1784	549.6451
58.5476	26.9786	69.1568
7.1297	118.1958	515.8970
63.6156	11.6130	464.8780
69.1581	26.7589	476.9569
97.2505	78.2314	192.4636
67.6706	115.9911	493.3822
99.5414	86.2323	507.6080
0.0741	93.8193	506.4622
49.7759	81.8300	510.8821
143.2538	44.4986	538.2419
72.0959	6.5513	160.8441
145.9188	117.9384	390.0494
27.8972	8.8182	302.6637
35.5927	95.4153	180.7792
23.0157	132.1430	42.4157
158.9351	56.2477	115.2846
7.7189	98.9228	554.6630
114.7141	47.0528	146.0263
83.3722	2.6149	325.2286
6.4702	52.6684	458.6510
62.8866	11.2377	364.7114
12.5714	129.8027	466.8296
84.9843	54.6072	335.2440
165.1301	124.8427	45.2526
87.5335	164.9567	372.6609
10.1316	131.7415	165.0732
26.1776	135.5130	207.9342
139.8613	116.0812	60.2037
76.8946	1.4737	397.0091
139.7002	93.2858	571.1942
115.7963	21.9343	229.6553
45.8269	31.1401	415.9784
152.4401	71.8804	344.6171
136.3422	90.0892	81.6413
4.0955	80.7411	331.1109
3.5973	126.4600	282.3581
36.4135	166.3173	436.0307
146.1470	111.2575	351.6637
149.7077	157.9584	179.0892
145.8619	93.7385	111.0849
147.5475	43.1608	80.9281
27.5258	154.6533	169.3838
112.5395	92.5438	438.6561
58.2596	34.6324	67.0288
129.4721	8.9312	550.2421
19.8406	151.7482	409.9063
87.5830	67.9727	408.9323
19.7396	141.4948	143.3850
82.0611	81.2136	114.7608
83.7089	96.6654	209.9096
131.0436	155.2145	409.3969
25.5824	20.3051	203.9414
5.1084	103.4268	554.9646
130.0024	0.9449	98.2248
4.3897	104.1651	275.9448
68.6462	32.1714	491.3358
45.9556	54.6225	194.8984
137.9277	23.4057	90.7272
146.7603	148.5062	450.3768
132.0681	140.9016	160.2161
145.0351	87.0312	103.3068
74.8552	77.1394	151.2061
47.5818	10.4753	457.6907
123.5990	127.4307	363.8648
122.6374	116.6703	82.2706
71.9859	125.6638	272.2899
106.3722	119.0006	436.0439
11.4095	80.0393	483.0129
124.8290	94.4734	194.5653
110.0662	145.5895	108.9637
107.8189	89.1265	128.3851
45.9602	74.9690	140.3288
127.2919	94.3979	360.7763
121.7268	32.8307	247.5055
57.5067	125.2566	584.6339
115.0118	98.0869	8.8807
116.8117	33.2727	194.1945
61.0600	1.3667	83.7018
70.6322	36.4641	419.6617
153.8521	14.7688	185.6266
41.4505	35.3646	424.0818
72.9949	26.0930	103.1225
49.2559	26.3585	495.3957
91.5789	130.1234	32.6759
54.8326	161.3945	39.9935
20.0649	93.5971	195.7110
104.4341	79.9872	111.2788
16.0802	157.7192	249.0785
125.1374	117.0825	486.6238
66.5379	124.5537	399.3965
117.7018	113.0861	573.4506
76.8188	161.0071	477.2844
63.3957	90.3259	95.8329
57.4544	27.3719	439.4391
135.9811	130.3875	145.6488
69.2903	13.8372	98.1414
109.6410	161.4983	388.4478
128.5399	165.3729	81.8104
68.7237	57.3309	263.3640
99.4190	86.4481	181.0095
67.9630	151.8855	445.0304
143.4882	156.0034	61.2305
163.5148	154.5558	578.5921
89.2964	109.0539	76.1768
120.2213	106.7408	399.2415
149.4086	29.4215	185.2703
41.1523	140.4392	100.7420
6.0022	159.1942	158.1961
96.6286	10.7729	535.0628
57.8579	131.1288	246.2067
145.7231	111.4200	128.7222
166.4549	114.4159	165.9510
38.2517	10.8299	311.3741
89.0321	164.9259	27.5175
64.8834	111.4221	424.6680
113.1685	72.5970	442.7684
50.9583	110.1713	530.6753
93.6328	39.1092	49.1521
149.3787	40.9690	332.2603
15.6197	111.1210	68.4393
30.6470	10.7729	449.0616
115.5538	85.1357	298.1674
128.5892	150.4223	22.5280
76.6022	157.9041	6.4294
96.1112	163.0923	241.7194
27.8917	146.2670	502.4402
140.7815	89.3774	386.7357
10.2199	79.6510	328.2327
6.9569	0.5062	120.9519
118.9138	72.4694	423.8230
45.9101	45.8804	21.3301
124.4136	167.4810	97.5059
156.6323	0.4264	421.3738
2.6832	37.4143	167.4158
151.6901	138.0488	378.4367
160.3868	50.0813	561.0635
22.6648	80.2527	510.1218
86.6513	20.1801	81.5379
87.5703	46.2490	528.6452
165.8421	146.9823	101.2214
51.6410	159.7373	351.2744
22.1619	60.8349	324.1786
134.2851	88.5470	122.2832
9.9193	35.2784	51.3652
96.5539	98.7575	412.3772
11.8003	15.8888	93.0632
48.0558	57.3337	209.0075
19.1300	35.1123	534.9053
74.1972	44.4115	286.0167
103.0624	58.3563	14.8844
92.9877	155.8080	309.1957
16.9073	90.3031	16.5536
114.8766	87.8462	406.6056
38.7483	26.5655	299.5720
11.8155	91.4040	241.9252
141.0200	138.4380	326.6775
117.0736	99.4106	41.0063
54.7259	36.9044	92.9332
78.2560	27.3158	247.1609
51.5715	39.1280	309.9991
46.3980	38.6570	159.1697
12.5480	79.0427	246.7753
84.3450	36.3391	81.8272
121.3680	74.4226	353.4699
26.5390	24.0764	139.3468
49.7354	23.6428	45.0570
144.5887	69.9972	404.6928
134.0200	156.5204	389.4423
25.5686	4.3859	333.3163
80.5018	131.8201	287.9795
145.9704	163.8523	414.8524
47.7954	19.7700	226.9949
66.4316	155.9462	154.1631
66.4055	19.7842	153.2963
125.1008	43.1464	310.2525
89.6950	69.1623	389.6985
13.2497	125.8586	497.2211
75.1433	56.3287	165.3024
66.1755	51.4138	462.4084
148.3528	17.2643	489.0159
71.1327	163.5759	62.4481
116.0696	67.4859	195.2769
149.3234	75.9128	299.0652
98.0141	142.7788	124.5526
134.7435	167.8728	516.1559
73.9981	87.4822	261.6413
50.3489	68.7827	416.1438
23.1762	108.8718	541.3411
117.5587	139.2512	0.8609
58.5832	58.6500	478.9533
146.3927	123.7967	137.0740
65.6489	151.3258	419.0470
63.7216	53.8799	329.2832
105.1599	23.2334	326.4840
66.9309	110.5974	422.6397
18.3223	133.4300	368.7636
163.0270	137.8124	302.6899
0.4143	12.2544	486.5603
61.4922	146.0704	345.9144
44.9023	137.0800	544.2805
35.7962	12.2512	160.9242
9.8983	77.2933	140.6524
135.8872	153.6139	369.2362
92.5342	118.9350	210.3012
167.6466	38.4309	110.3271
110.6692	98.9043	469.7118
101.3381	118.2655	490.6576
123.3159	157.4528	284.0347
129.1156	135.2132	468.4626
118.7921	137.4412	203.0595
1.1973	75.9369	467.6148
30.0677	118.2460	306.9972
4.8731	131.5350	132.9993
43.7080	162.1883	469.8672
21.2143	69.1036	283.0577
118.7501	2.3224	79.8105
49.7783	69.2905	401.7197
159.5250	20.7990	510.5109
72.7362	59.4371	528.8570
77.2324	137.0120	53.1757
139.5072	124.1032	365.4568
20.2175	151.0212	322.8657
108.2670	161.4329	233.7525
62.8580	130.6146	424.5586
65.4456	47.7077	405.8402
125.5000	125.0243	477.3267
121.5671	115.8817	195.8609
20.8267	109.7518	161.8553
52.9090	55.8648	31.0908
150.5132	45.7116	160.7709
44.8013	10.0266	78.2636
