28.1131	66.4098	104.3619
71.6091	165.2351	37.2748
192.2318	138.8403	178.5243
120.1958	115.3281	405.0293
152.8962	143.1544	315.8946
25.4856	141.9924	110.0942
57.9345	91.8785	391.1744
9.8423	10.2365	48.0162
19.6065	68.8642	77.1425
184.1053	143.4045	207.1343
135.9409	182.4638	374.1963
172.0738	0.0839	79.6935
159.6831	48.2107	260.1323
177.5907	183.3211	25.3816
39.2324	190.4475	406.8330
48.4830	92.6610	145.2669
171.8315	168.6709	232.7917
18.1211	113.9840	313.0614
162.7485	93.6101	177.2884
181.2279	39.8052	123.0489
141.4634	89.4628	196.0888
108.8539	121.1528	173.2058
59.0002	137.8206	136.4606
191.5970	37.6854	6.5299
12.3346	26.9437	175.9108
7.2581	114.9810	272.4061
182.0486	147.8511	245.1512
65.8531	118.4619	244.3775
105.6438	146.6351	153.2154
61.8548	6.5325	63.9320
15.9716	175.2657	196.4351
131.7913	178.7844	302.9850
17.8606	82.2575	181.6238
162.8882	148.5336	343.4830
180.0456	179.6353	29.6834
166.9660	90.4894	227.0363
88.4136	18.0952	311.7947
9.3589	44.3567	183.1207
50.3696	162.6646	443.8161
113.7256	189.9157	76.2345
76.3195	187.2570	178.0988
75.7214	43.0479	91.0371
18.3881	65.6395	8.3755
117.8483	112.0093	359.6884
114.5203	157.4846	206.9693
154.6281	18.6113	99.9707
1.7037	24.6890	78.8744
13.7004	140.2410	165.7281
151.8823	85.6854	155.4340
150.4283	131.9734	194.5852
124.1265	186.9387	201.8899
83.2149	102.8147	244.4243
111.8378	143.3244	25.8361
19.9825	170.3042	228.1418
152.2523	116.6920	13.7586
55.2307	45.9873	56.8898
88.2445	22.6378	36.4372
99.8531	116.8418	325.4552
185.7643	49.2296	6.6025
132.1284	151.2126	211.3144
1.1851	34.2987	50.5044
2.7600	128.9010	239.2681
127.8274	52.0604	364.5996
170.7462	46.6954	31.1146
110.4489	77.7920	194.2127
170.6264	134.0454	413.5190
20.3294	168.5117	423.3423
190.8193	34.7833	69.9709
64.4133	123.0354	65.0987
83.9070	114.1803	54.7509
55.4310	35.5444	419.5688
13.4959	138.1526	299.8886
134.6498	85.2960	132.5120
150.0709	155.0041	305.1823
84.4368	104.1238	9.2666
84.4358	59.6318	152.6735
113.4951	182.6929	367.9007
6.0965	104.1208	317.8615
63.0916	131.3124	265.0711
117.5790	99.2472	257.4843
106.3027	92.7145	306.5429
170.0375	49.3617	51.5111
131.8055	116.8750	365.5675
76.9072	62.6031	370.5610
26.3373	64.1194	430.0951
24.0406	151.4623	280.7273
62.7018	102.2771	382.6862
49.4645	71.4871	394.7155
78.2442	186.3366	390.6349
161.8381	161.5100	146.0441
18.9656	78.7299	212.0378
189.9899	186.1916	94.7293
46.0809	65.2006	289.3417
164.2068	120.9094	331.9085
128.5875	34.4921	153.9935
1.1584	156.8190	122.0444
10.5944	42.5024	381.7333
92.9083	184.9152	259.1281
76.2104	96.0284	404.9476
117.2780	99.3221	419.5212
69.9460	144.4120	99.7887
69.5687	145.9796	260.4658
143.5761	189.4946	294.7968
133.7370	19.8321	290.0400
99.0381	54.4908	332.2309
175.1532	182.1826	382.0646
183.9677	72.2639	164.1371
90.6347	109.7897	81.7560
102.1799	31.5153	105.2886
123.6268	30.9792	431.0056
31.1505	116.0524	174.3040
96.7390	118.5189	170.5670
97.2357	13.1095	447.1738
164.3825	118.8289	292.0017
31.6132	154.2924	422.2519
57.5167	164.7236	264.6838
185.5825	177.0046	85.9814
85.2608	1.2367	170.6203
150.2309	80.9485	349.8772
114.0093	6.2449	233.1504
171.5668	64.0961	414.8217
75.9812	179.1705	125.9280
132.5969	49.7147	10.3037
35.4408	24.4858	402.7857
179.3951	178.6066	209.1924
42.5700	13.5231	179.7644
120.0805	73.1446	293.9736
95.9364	146.7662	387.0254
26.6483	40.2227	60.2589
44.0855	73.6818	82.2502
138.0257	83.6899	197.6226
72.1640	116.8031	63.8623
180.5210	25.1604	237.6258
20.5453	13.0386	22.4059
52.3119	6.5350	121.4266
4.7194	75.9860	118.4344
74.6616	48.6043	446.2427
179.9743	117.3371	156.7686
36.4657	5.8615	280.1681
165.5926	46.0092	269.7395
182.3997	174.5241	141.1421
68.6951	160.2294	249.9217
11.5667	54.8551	169.7798
37.5992	151.4607	20.9322
7.7245	107.6438	176.1874
99.7931	20.9767	181.7607
50.3137	328.1652	-961.2000
87.7567	152.0748	148.2203
14.0341	26.1784	174.6957
50.8157	180.8621	212.3852
65.1569	45.6537	195.9359
96.1750	26.5463	376.2510
67.4050	26.7274	145.8700
160.0249	100.8391	258.7957
10.0691	38.2456	114.2975
178.2608	150.3209	67.7929
143.3495	25.9190	270.0182
173.4063	85.4797	290.6504
174.3108	174.0772	207.1859
27.2785	64.3739	292.9018
5.4857	132.0768	295.3232
24.6597	119.3772	200.0900
24.4275	38.5564	158.4933
108.9560	1.0479	46.7662
81.7331	125.0619	132.2930
152.5230	7.5609	342.2993
40.8811	115.4973	70.6931
74.8899	26.9106	114.7779
141.0800	186.8080	210.4775
108.0035	40.7907	257.4580
112.0728	98.9835	361.0607
63.4702	62.6535	75.3550
20.5453	85.1008	18.9369
44.0746	10.2390	75.8516
119.7934	34.7721	453.2924
37.0597	33.5394	350.5818
145.7012	45.2331	264.5618
115.2558	138.3724	409.0226
149.0020	172.5937	185.1027
106.7921	180.4405	92.7037
162.1546	41.7710	250.6395
187.6980	22.0506	45.9969
104.9309	168.0639	160.2429
104.3016	186.1776	35.8668
28.5366	172.3477	200.1109
153.9756	57.8406	231.5985
150.5065	11.2886	83.6050
160.7476	94.9335	195.2785
42.8548	191.8178	350.7637
140.8310	100.0625	282.6790
70.4342	145.6344	317.5974
34.9297	148.6823	123.5593
99.7980	179.9115	353.4641
171.2801	90.0164	213.1787
135.4283	123.5522	245.5136
181.3636	150.0573	164.4734
52.0924	33.4418	411.7041
66.3947	68.0607	221.6439
122.1277	6.8050	211.0629
66.5820	143.7238	125.3619
17.1738	134.6847	411.5625
70.4235	183.3029	362.1719
130.9869	186.4275	138.2308
172.8486	191.8782	423.5915
185.5562	37.5739	217.3300
148.0577	187.9410	300.9053
122.5314	165.5586	341.3714
8.4622	104.3986	25.3925
181.7322	143.0065	254.2121
69.8807	2.1257	445.5728
30.8750	148.1013	177.8702
122.8227	67.0466	67.1752
86.9634	33.1156	85.6182
62.9483	124.3108	265.7207
52.1001	14.0857	77.7151
175.3277	161.2785	348.6610
104.7189	62.5414	257.3020
113.6119	142.0375	193.9465
38.8813	178.9592	453.7849
98.7728	56.7347	24.8608
94.7033	132.9565	13.0829
153.8912	96.9399	192.9306
133.0411	65.2596	21.8437
142.6782	91.6709	228.4980
136.1211	8.3924	146.7200
173.8695	13.0347	323.8544
133.9255	112.6935	379.7624
147.2550	148.4930	257.4521
186.5888	180.9695	384.8770
48.7814	188.9275	33.4563
165.6198	183.7069	370.3572
84.5256	109.9712	385.9768
90.6917	2.3593	169.6993
114.4973	117.0832	207.8657
116.7172	6.2741	335.9123
167.6847	153.1203	314.4884
146.7645	38.4215	125.0329
156.3344	152.1143	3.8947
153.5365	65.6945	405.6699
50.3479	3.4130	20.7639
142.1368	20.5578	361.0831
147.8989	146.4540	425.2210
126.5561	32.6895	74.1017
89.7671	185.8194	166.1064
60.5324	40.9213	207.0028
149.9675	31.7661	404.9461
138.4694	105.2401	413.8973
127.2635	185.7029	30.9329
11.9979	65.0429	116.6035
57.5685	53.8386	36.4141
155.3096	182.4688	56.6651
153.9764	40.2064	452.5334
84.9506	107.1873	429.0799
7.0830	69.4438	0.9877
176.8622	59.2287	264.4350
157.7918	96.6289	76.8630
38.5678	8.3961	0.8389
40.4059	141.7907	310.9003
11.4890	146.9553	355.6396
156.8879	135.7072	101.3220
186.2641	176.4970	130.2244
52.8929	42.9215	61.0145
60.5283	93.6816	270.1328
1.8129	148.1310	321.6693
84.2742	143.3265	276.9097
42.5564	0.9384	419.2003
57.0695	164.2818	398.4489
121.8224	77.2480	364.5117
154.5204	2.3105	409.0270
3.4820	89.9722	248.0903
192.1317	165.5581	170.9683
66.2619	3.9880	235.4813
112.3127	127.7062	239.4780
138.2887	101.2065	424.1676
182.5898	9.8742	159.1337
99.8596	30.8720	187.8339
161.3426	115.6826	452.8158
83.9714	146.1540	0.8019
27.6313	147.5073	447.5449
168.1011	66.0516	386.6513
126.1837	109.2976	370.7476
141.8624	40.6728	120.0155
79.1466	164.8281	119.8542
75.4100	114.1725	94.5150
133.5950	9.8670	160.0038
93.8534	153.5274	194.6585
33.7333	174.4890	271.7373
77.3432	79.5882	250.9562
48.9158	7.9295	181.4740
39.5078	68.3053	69.2034
62.7837	140.5949	54.5123
88.1248	140.0184	283.0811
49.5028	181.1552	219.9535
144.6705	139.0465	360.4395
166.2036	17.6546	379.6751
168.3599	120.2266	18.4805
86.5622	87.5269	135.6486
89.3387	5.8292	107.2838
92.6378	74.1249	395.3890
158.9860	134.1837	315.5833
117.9691	29.4546	121.7723
81.8641	134.2265	384.1959
84.4435	47.6424	208.1233
62.9958	97.1659	365.4378
157.6176	172.3245	253.0731
48.6784	39.7548	371.2507
9.9454	5.7641	385.0373
146.4736	0.2110	44.6656
64.5408	39.3958	47.0374
9.4669	110.8853	183.7330
37.3580	33.5944	128.6077
149.5971	113.6699	241.9882
175.4975	92.0143	106.3360
147.9186	138.9815	190.6560
179.2837	27.7464	199.0919
138.2181	180.9653	130.4118
183.4779	79.0310	263.4364
78.6266	125.8349	76.5187
35.8871	95.8864	265.0224
159.1187	110.2041	268.1064
106.0360	94.4489	261.2568
88.3213	186.6654	334.1684
24.3130	23.4175	9.8056
143.6102	131.5525	121.0315
145.2838	188.3656	215.4811
95.6295	46.6369	425.1171
76.2771	31.1313	175.6294
92.6195	137.9233	451.0390
36.5326	7.6148	88.5158
83.9506	72.4739	66.7251
121.8150	150.3640	306.3706
142.3608	170.1192	105.7050
162.7679	116.4300	64.6059
115.1718	156.6716	90.2887
147.7962	159.5956	254.0150
178.5889	155.2828	416.4030
180.2975	117.3612	247.4098
78.4681	93.3358	449.1632
162.0323	28.3003	96.2771
130.4903	166.0694	350.1005
110.3021	61.7965	251.0270
146.6315	15.4993	7.8943
74.3950	191.2094	160.4070
10.2297	69.3985	5.4670
17.3128	13.6347	316.3476
123.4474	109.4628	144.7507
11.1043	11.3013	402.3858
66.6185	155.3317	407.3097
168.3530	43.1634	349.3613
169.3468	152.2740	194.4059
121.3719	137.8882	79.4529
61.9568	125.6595	396.9777
10.6437	172.8352	218.3649
104.8697	5.0569	356.2563
115.5042	177.7713	40.3333
121.2188	181.2821	64.3436
18.5279	5.2621	222.3201
114.2660	103.1998	178.9727
142.4572	96.0384	157.8813
130.1986	8.9227	136.2737
90.7640	145.9812	323.7660
138.6673	41.8890	96.8868
9.5366	141.4651	141.8369
36.2400	177.3607	233.5825
184.3698	120.2565	74.0469
121.4654	55.1921	21.2460
69.8125	81.5533	234.3816
74.2214	122.7281	155.6960
191.4990	160.7523	399.6843
107.2475	79.8472	378.5227
83.7598	153.4651	181.4263
134.4337	92.5652	17.2783
67.3189	158.6036	392.1029
61.5718	33.0202	188.3680
37.6547	3.4039	21.7865
119.1537	161.6610	106.2698
191.0398	94.6883	375.0964
51.1475	8.2045	305.0732
162.3398	113.9653	89.6302
107.9611	16.5827	100.6405
151.0668	78.0325	250.4335
139.9055	183.1587	216.2681
99.4084	150.9896	143.2149
108.0728	120.1604	289.6282
161.3413	59.0651	365.9799
152.6958	175.8957	182.7633
0.3916	50.5025	425.4524
19.5662	149.8534	447.1919
61.6341	167.3506	381.9892
24.6572	25.5380	199.9591
12.6525	126.5815	176.5185
8.7000	61.5218	266.9106
33.6334	41.3135	152.9064
185.4148	28.1263	229.9022
1.7248	82.6206	19.6799
26.0352	98.6472	321.7687
64.6330	12.5925	308.5190
81.3896	81.1825	345.9856
65.6354	18.5616	228.4620
178.7265	161.6777	441.0675
169.8351	79.5559	5.4979
101.2114	16.2411	310.1780
176.9860	30.1371	332.9443
84.0961	21.9174	165.1055
47.5415	11.6879	329.2863
88.8239	162.9367	238.3974
79.5375	131.9729	73.7227
78.8108	40.1291	280.0466
42.1901	88.2331	262.1872
125.0529	94.6193	109.1503
124.9588	104.4914	79.3480
184.0622	170.5558	8.5240
154.5360	144.2481	4.1718
150.4842	115.3972	77.1506
27.7418	141.4083	428.9751
109.1307	105.0884	429.8209
158.4754	121.5088	301.9556
4.7256	132.2287	74.0078
138.0358	60.5135	59.2838
73.7581	71.8698	238.6037
98.8339	132.5951	6.0499
146.6263	127.5917	431.8127
14.5816	171.9751	269.6909
118.0119	148.7286	342.2795
184.7750	108.8844	243.9979
137.0970	95.2169	156.7144
90.6669	155.1732	198.4522
128.7887	153.1906	152.4947
35.1992	70.8297	73.2164
186.3170	29.6526	178.6672
88.1326	30.7020	293.7174
63.8961	46.9193	98.6269
16.0422	134.3303	135.0738
67.9842	144.4447	254.4103
136.3269	4.5456	24.8262
66.4618	64.7032	147.2121
46.2039	158.4275	420.6540
107.9855	32.5290	199.2838
62.7160	127.1635	403.5472
54.8109	182.0305	261.3662
87.7426	12.5198	30.9738
191.6446	148.2989	145.8126
21.4847	147.9553	452.5411
56.9981	155.6648	36.3283
56.7078	138.8794	159.5439
125.9116	56.3439	315.6712
175.9153	112.8673	90.8530
79.6947	79.3342	220.7184
187.0934	23.1460	440.9986
43.4736	142.5681	34.7631
105.3614	156.5996	324.6716
118.9652	109.7469	236.9322
176.5062	14.5711	288.0114
160.0712	49.2441	132.5853
72.4337	66.0575	96.6760
72.1854	41.1620	107.5022
117.8064	147.5954	298.2549
156.0385	23.3552	303.9878
59.8342	17.0238	33.7638
82.3888	134.8229	375.8089
6.7169	26.1259	68.3718
51.7920	79.1446	343.2378
102.7173	58.6345	72.1079
116.1323	51.8462	116.6148
124.8427	26.5652	312.4624
191.6622	185.4815	425.4301
131.9195	77.2596	419.7099
95.9761	19.5204	90.0178
164.2099	42.0173	449.6053
137.8606	67.8888	220.1928
84.6406	124.5947	56.1937
27.5609	25.4326	13.0313
60.0567	105.0572	88.9358
173.3011	80.4568	178.0715
161.0173	51.7060	370.7732
108.2356	141.5627	139.6804
49.4382	73.1442	332.4364
157.0019	0.9295	132.9077
127.2870	95.8353	204.8750
186.0112	6.3532	339.5210
66.2333	78.0044	344.9094
8.2019	126.2099	134.7024
173.1687	49.6120	246.5383
4.0311	61.1775	249.3705
18.4367	95.4858	134.2122
18.7446	25.9855	448.5128
101.3316	127.9474	288.8810
49.9557	176.5809	179.3696
60.6179	9.9504	102.5677
56.7806	26.9919	34.5696
19.2675	186.0300	3.3890
11.0708	176.3671	40.5224
107.3577	108.7925	320.4563
115.4369	79.4361	173.0433
107.9742	127.7700	394.5201
155.7999	116.4410	389.0435
35.4827	4.0886	378.8597
123.7345	103.2594	89.5588
10.2514	117.5772	194.7492
150.5687	134.8509	358.4206
78.7688	160.7832	384.0033
183.9007	138.0411	106.7752
26.0486	22.3491	163.8947
181.8902	179.1473	46.1536
139.2801	3.7562	381.2545
89.4231	43.8611	357.0186
68.8511	81.7289	254.1855
157.7782	158.6949	50.1117
131.5218	190.1791	146.3810
66.6265	81.7218	331.0823
177.5680	101.7155	60.5424
61.6113	4.2410	367.9468
36.5916	166.8220	183.6566
12.1917	169.5334	395.0722
3.3316	2.1480	100.8316
37.3875	26.8205	354.8977
149.9932	128.3136	452.4529
137.0576	153.8357	141.3949
145.8213	188.4378	170.2078
70.0701	104.6145	229.9673
116.1207	14.8210	327.5500
132.3480	43.8529	347.1962
44.9410	40.5877	423.2868
139.3820	129.0616	58.1703
172.6506	29.5212	91.7685
107.8365	144.2920	131.3226
159.3340	141.3541	208.5279
1.7147	105.5233	147.5324
109.7133	120.5119	427.2587
96.3914	120.7437	426.7916
4.5549	42.2366	366.8290
34.1479	24.2402	125.9545
64.7155	130.2164	84.3792
79.5961	58.2001	25.5070
81.7284	68.7088	155.3659
83.6759	4.0687	370.6374
108.6422	125.8302	27.2350
23.9655	156.6472	212.8435
11.0940	56.4383	53.6358
95.3215	31.6482	152.3113
100.2621	108.0801	317.7819
73.4520	93.1066	243.8728
172.9670	135.7430	55.9848
117.4100	130.3728	419.3078
120.5315	95.7300	410.5151
89.8545	160.7107	360.1448
186.6464	101.1350	88.6658
7.1458	29.0253	181.7965
82.0695	178.7221	317.5575
63.4975	21.5000	116.1587
67.7233	97.0938	197.2252
62.4599	102.3613	350.2858
113.6760	93.0954	159.0050
87.7356	127.1244	11.4286
175.5618	35.1246	128.7648
126.3549	155.8499	322.7164
6.8085	132.4504	124.4983
42.0884	161.4067	62.9669
48.5169	160.0119	415.1937
5.5596	19.6874	204.5066
159.5674	63.5415	443.7129
6.4582	20.3722	111.8990
145.3939	60.5497	238.7915
6.1549	0.5618	137.9656
167.4301	58.5759	70.6448
170.2360	176.6872	155.3651
132.8961	152.5813	333.1983
38.4464	125.5997	143.4331
167.3759	68.7524	18.7717
96.7323	75.2554	207.3736
56.4662	66.9919	412.2679
177.6669	190.0910	375.0342
42.7813	100.9804	371.0037
79.2902	66.5094	16.0307
126.0257	79.3054	91.7040
108.2824	180.7229	19.8812
179.2587	166.4721	249.1335
67.6537	91.5955	349.8458
186.2756	87.5723	177.4702
19.3523	24.1989	432.6145
179.3128	116.5138	107.5994
69.0167	133.1637	248.6130
46.5732	182.1432	74.9023
92.7416	41.3813	114.3952
55.1475	134.3780	20.8159
146.0175	93.4018	285.3420
76.7383	37.3598	29.3118
57.5852	45.8306	355.0787
146.1803	66.9963	213.4524
91.5785	84.2095	431.6836
17.5854	96.6081	327.1331
75.2198	167.1719	123.8295
44.2749	169.6543	69.5625
90.3729	11.9004	103.6691
188.2561	104.8338	316.8658
75.4916	170.8429	451.6439
94.9352	65.6692	70.3550
50.3210	98.5911	22.2071
81.3322	51.4086	22.7840
142.8738	186.2061	256.1888
22.0139	23.5052	40.6043
139.8704	137.5283	251.1197
99.5348	39.9354	342.9240
174.7628	87.2886	268.4347
132.6085	71.0121	169.2857
21.5947	31.9400	43.1869
22.6827	184.0545	326.6660
126.8763	116.8890	397.0676
121.5241	30.5483	96.9156
25.1976	28.1611	43.2448
71.8374	18.8700	98.0843
86.4120	190.2577	374.4504
2.5081	184.5745	106.5062
129.6280	40.4399	264.2921
141.5212	0.8362	133.9718
82.4123	15.4074	80.5721
133.5970	55.2276	289.1391
77.3074	143.9402	375.7382
29.5213	181.1913	204.5048
133.6062	187.4961	142.6248
140.7207	150.6413	319.3959
49.6790	143.3538	190.1987
141.1064	60.4952	125.0616
31.7817	32.0015	362.1920
49.1728	78.2692	360.4871
158.3171	50.3147	271.5459
24.4383	134.5452	43.8943
17.7125	99.6250	196.6365
189.6717	61.2048	448.4262
136.7728	126.2705	302.8483
35.1078	118.0830	67.2411
21.6671	42.1295	8.0791
175.3221	149.8083	449.7451
166.9874	135.2077	327.6891
14.9103	186.8611	96.5870
14.1270	68.8633	261.2334
95.3720	73.0251	250.0047
18.6943	110.2449	116.6076
124.6088	113.2476	401.5276
120.6936	127.3618	311.1620
179.2337	70.8883	46.0354
50.5814	79.2472	380.0288
77.9109	192.1054	255.7973
159.9524	-78.8498	774.3000
167.7140	33.4745	343.1902
1.4483	64.8783	176.9560
121.2545	114.8030	256.4638
39.6438	52.3301	313.1702
161.2154	93.9607	409.0140
49.7943	14.1718	71.5151
161.9223	28.6176	189.7939
171.5616	85.5923	60.2540
59.8560	114.3274	411.3231
3.0173	111.0394	369.8017
127.6640	97.8944	84.8456
116.5368	2.5345	99.1000
38.8114	180.2328	182.7273
12.4004	124.1993	429.8223
156.7694	4.9646	388.4932
113.3935	115.8843	303.7621
35.5165	10.5674	123.9251
52.3837	143.0073	237.2735
72.7598	136.6148	147.3408
128.6594	21.6817	158.0641
118.9876	40.8345	11.6038
30.0829	149.8075	416.7460
96.3159	39.2279	18.5334
90.4164	132.2015	218.3853
101.1364	148.6211	141.2206
165.5867	27.5934	153.2143
24.8017	15.8121	8.2881
73.3565	117.4942	235.9178
63.6572	39.2698	39.9664
32.9422	91.1458	93.8750
21.7014	98.6384	48.1619
137.0270	104.3463	167.9790
95.3972	186.9418	441.1244
29.1191	130.8333	153.4827
63.1711	54.6668	384.6092
6.7323	47.4252	73.8956
163.8294	4.4783	412.1069
177.2606	13.6600	356.2664
157.8103	149.4840	401.0875
96.0658	74.8488	372.6193
179.0285	95.1098	289.8221
38.8766	110.8291	171.8691
64.1420	16.2887	121.3825
59.3366	155.3592	73.9407
123.3067	95.0065	353.8693
9.7555	165.7802	85.7745
162.1027	134.7913	203.4526
176.4115	152.3720	3.8022
86.8060	130.0294	378.3960
56.0710	46.1963	239.2324
172.6536	135.8043	226.0735
170.2149	32.8352	333.1328
133.7285	105.1363	329.5269
113.2653	89.1216	156.8557
145.9207	176.3546	359.6564
5.3168	145.5663	71.5437
56.8993	54.5079	42.3729
20.6038	40.5238	166.8943
60.1940	163.2142	416.4444
182.2022	53.2581	310.1133
155.8192	27.7500	389.8890
163.6835	191.4359	311.9061
58.7867	15.0141	112.8361
165.2860	180.4998	450.6300
44.8165	37.4102	73.8940
61.7616	73.6182	253.4696
64.0746	129.0449	106.9903
97.1937	62.3295	348.1543
45.4511	65.1377	138.9953
49.8581	192.0472	295.6801
108.1618	171.6493	123.4399
140.5378	4.8377	306.8363
17.7680	164.7526	94.2289
77.2654	3.5560	344.0660
170.1139	188.9033	13.3326
178.6422	29.1104	385.9037
142.4772	170.8529	403.5725
141.0271	54.8249	86.9886
97.6027	182.0260	198.9886
136.1002	4.1276	362.0123
168.2173	138.1580	67.4633
20.2236	153.2120	238.5088
66.2731	140.9607	168.4745
6.2772	39.4014	81.4393
114.1905	116.4717	116.5554
152.9557	114.0358	390.3160
185.2845	5.1301	378.7595
64.3141	96.9741	116.5927
100.3558	127.9242	173.8009
41.3423	16.6276	288.9612
40.2474	147.8642	177.0141
70.5893	55.5703	229.6200
166.8588	56.5077	179.2301
114.9760	141.8601	236.3284
57.6846	55.0962	55.5359
63.6806	86.3022	268.4105
105.8873	18.5770	159.4814
177.6815	101.1902	282.5587
178.0864	148.2255	273.5255
155.7114	60.0649	329.5346
22.1140	88.1404	54.0965
70.6529	170.9658	172.7567
67.8433	80.1871	253.3886
64.8134	117.5288	415.8547
175.1699	82.2331	83.1109
171.4591	91.0549	95.7408
125.6198	28.1464	61.1415
153.4902	64.7558	265.8638
31.8714	39.7853	453.5242
143.4891	12.1448	57.4080
166.5706	118.9133	293.4404
139.6919	17.1488	251.1163
93.7823	81.9877	81.6175
160.2794	90.6360	329.1108
187.2278	22.6212	14.1566
165.8496	185.5636	404.1011
181.6732	21.6065	124.0722
151.5498	161.2615	156.8031
52.2311	180.0887	164.3075
0.5415	46.8746	298.7767
78.8819	11.9304	174.8320
40.1932	132.3454	51.5934
150.1760	171.3289	112.3177
149.1271	102.5717	270.0498
131.2485	1.7412	300.6885
112.4730	99.1646	286.0056
19.7126	18.7281	23.4722
21.6234	189.7860	169.4830
155.6491	29.8113	4.2090
10.4210	141.6897	86.9153
48.8536	109.3378	402.2295
162.8081	173.5263	356.1175
91.8205	87.2397	86.5185
137.5934	101.8344	69.3639
117.9198	187.2316	208.4391
17.8464	69.6730	231.5551
102.9326	65.4821	286.7356
70.1612	137.8583	301.9665
53.2778	186.5887	155.3540
121.5098	73.8207	400.0297
124.3511	77.2750	120.7286
15.3651	168.1570	219.5469
20.7608	191.8015	425.0508
43.3389	88.3038	92.3761
67.0307	11.6986	176.4883
60.0274	12.6486	440.7520
98.5683	114.8557	223.8289
85.4235	166.0899	275.5690
42.7697	63.9175	170.5674
173.4445	7.5534	402.4367
80.2007	103.0078	75.6578
139.1028	140.3466	96.7508
169.4486	65.2322	26.6843
16.8277	14.4333	395.6032
1.0001	151.3960	363.7882
16.8131	188.4668	452.1014
82.4630	96.7364	320.4726
36.9257	190.8297	8.9946
2.1885	118.7040	180.0426
70.3117	64.6733	61.5034
38.1571	90.0649	133.5601
63.3900	191.0020	247.5878
145.5332	26.6572	405.2325
31.1869	174.8700	262.2727
111.2138	90.9860	11.5287
143.5460	22.6783	64.7959
10.7181	129.3376	411.1754
50.6790	121.9948	286.0474
49.0841	25.2282	264.5547
164.2553	131.8567	335.2112
104.8329	35.2110	180.4691
70.0871	185.6086	350.9250
52.9356	58.9117	428.0514
150.2809	113.1213	59.6026
6.6346	130.2121	343.3810
115.2122	144.1029	68.2960
52.1524	66.9084	364.7249
177.9931	114.0678	230.5551
39.3091	169.3785	142.1789
31.4653	117.8680	213.6387
47.3659	137.8752	358.5524
63.3030	31.4515	115.4748
119.5917	185.9678	131.3798
187.0854	48.3638	198.0789
143.2642	82.5334	77.2983
121.2169	112.5449	108.8073
51.1634	136.2934	250.2526
101.3576	15.2822	166.1388
176.6893	78.6293	54.1431
43.2223	179.9378	150.3055
87.0660	102.1403	169.3856
119.0956	88.8575	193.5350
52.1164	33.7311	284.9776
145.7563	184.1767	187.6997
183.9020	85.5833	213.7354
85.9394	62.6774	417.5539
164.4166	47.2841	406.1208
59.6438	2.1033	94.6048
73.6633	23.8934	71.5024
188.8010	136.4575	452.8344
156.7051	56.5153	41.9116
98.2244	168.4078	197.9108
65.5953	124.8776	303.2757
39.2381	41.7400	384.1855
149.9543	158.2781	380.7387
122.0928	18.8745	2.3245
10.0223	7.1007	326.3963
115.8207	145.9661	221.7320
56.8065	129.3308	389.5530
132.7825	31.7436	150.4000
86.6306	40.3191	50.0512
174.1175	144.7972	382.4308
78.4545	60.1797	108.9678
144.0397	5.5696	217.3348
2.5934	64.5056	280.5946
94.9196	141.3852	330.2960
163.9673	68.8503	56.2871
181.4925	62.2099	323.9264
119.6244	182.8742	51.1530
110.3307	182.3837	88.8742
100.5368	123.2606	148.9934
167.0151	13.8368	418.6100
89.1901	181.9674	43.2720
18.3207	8.2326	19.3881
26.3195	17.0003	21.5130
131.4747	183.6793	379.1723
156.5688	80.2774	201.4830
17.4825	118.5896	93.9677
50.4376	72.8140	318.8375
179.3953	136.3642	390.4921
7.5019	73.2237	391.0518
25.6160	50.7399	207.0731
20.4054	81.7201	228.6587
154.8806	44.6083	62.9675
164.6010	65.6904	324.3508
84.8687	38.0570	60.8435
138.8998	139.6514	150.9792
183.9890	5.3641	443.8448
184.0428	133.2497	107.3418
100.1366	115.3357	155.3290
185.9721	35.2355	106.1697
16.8085	44.1364	431.5806
187.6924	102.5171	276.8222
21.2107	91.7027	332.8060
131.3120	168.5273	439.4453
99.6568	12.4699	278.9588
78.1049	72.8126	338.2125
191.8890	58.8245	438.0536
152.5686	37.8176	323.1988
185.6502	34.0429	405.9326
174.1000	95.5346	361.8394
160.2738	22.9415	17.6611
4.9538	0.7204	250.2515
143.5494	61.7809	352.7626
81.0925	111.4343	287.8923
8.3570	154.8856	361.8771
171.8490	128.0660	387.2609
145.9171	85.5911	100.6631
66.7882	93.3308	374.5226
121.2946	112.1076	27.8777
12.7622	69.6450	202.9408
51.7809	4.6022	338.9866
2.7252	84.6130	264.1986
147.3341	70.6956	47.9585
175.1078	145.6050	394.5969
113.4675	88.9693	263.8677
191.8301	183.2649	106.5492
68.5349	1.2245	176.1589
59.1642	34.3124	289.8699
180.1862	17.2449	33.8235
129.1170	149.4016	28.4193
53.3871	187.1192	139.5641
163.6110	142.7675	53.5866
99.9939	91.2850	249.2513
147.9834	68.5333	308.5577
37.3511	95.4971	339.4850
18.4334	24.6070	165.5651
52.4482	142.6370	174.1923
139.5844	15.3278	247.7610
112.0246	65.8720	138.0021
13.1348	8.1877	34.2538
95.6470	149.3944	279.2094
192.0492	108.3765	296.2630
49.6602	122.2617	219.2719
117.1331	190.8859	210.5524
80.9245	53.2141	184.6402
60.2447	51.7579	319.2762
126.0000	188.9627	290.6066
172.7143	80.4433	97.4364
162.4713	38.1395	411.8716
15.7086	114.6944	408.1895
65.5351	97.2738	100.8256
146.7433	33.8859	178.0057
18.6777	115.5531	18.9505
90.2829	18.9830	416.5622
43.2916	49.1897	180.4006
59.8519	83.1444	111.0756
78.4592	81.8886	358.1440
16.8864	158.4163	264.8959
34.0096	2.7896	151.7270
121.2002	156.0490	22.4999
49.8476	26.5194	112.8251
110.7254	86.1632	272.8656
24.1644	34.8140	426.6695
70.9712	57.3660	150.3023
0.7734	101.2372	196.2409
20.3256	182.0259	336.7472
4.3881	32.4264	34.0706
177.6500	157.2261	145.7704
186.4198	45.0843	336.7596
10.0084	94.4687	103.3911
82.1420	41.0764	96.6151
7.0152	147.8030	260.5241
140.3261	116.3153	398.5026
101.1458	116.8874	310.4803
188.6856	117.4094	319.0269
138.0228	70.9081	78.9435
71.5609	106.9073	306.4154
15.4442	115.1365	51.0893
80.7539	59.6738	394.6802
98.7483	175.5016	422.2655
167.8253	58.2648	369.7649
18.9684	125.4858	387.2996
108.9754	24.3323	232.4109
31.2652	153.8260	133.5520
95.7175	191.1029	356.5613
82.3479	64.1800	451.7425
116.3290	117.5540	276.7309
1.0403	116.4724	71.2221
177.3981	176.7487	176.2941
33.2928	145.2886	42.8409
5.0184	79.8755	416.2375
79.8818	78.6394	433.1132
151.7052	62.8997	336.6729
2.4556	132.8108	365.9610
10.2775	93.5567	43.6112
65.1770	113.4918	139.7929
149.4596	63.8293	405.3409
156.7876	131.5279	73.6273
151.8765	12.8463	246.4279
100.4554	107.2504	382.7865
128.8857	146.9781	338.8320
132.4022	42.3912	33.2311
166.4521	42.8091	118.4426
73.0921	175.4844	225.8404
105.7296	142.9165	251.4839
91.7730	186.2703	206.9353
8.6882	161.7189	415.9788
87.1638	156.0839	408.7695
3.6744	115.9706	265.5748
107.1198	169.8738	276.5965
30.2754	16.6108	5.2114
85.3210	12.0686	200.3573
150.6610	159.7315	373.4517
94.0208	97.1852	159.2111
18.8906	3.6473	29.0843
113.2382	33.8399	243.5434
92.9321	53.5720	319.5889
128.6953	105.1737	295.1022
122.5298	20.6917	302.4563
110.6639	180.1110	324.9977
131.1877	181.2064	163.8283
170.5938	7.9598	418.8202
185.4244	57.4840	290.7302
176.8536	75.0243	35.3671
152.9429	149.7001	55.6345
137.8074	170.5116	255.5504
183.4162	150.1032	222.5654
76.4374	54.4762	250.0850
112.8556	157.4930	170.2497
29.9376	140.8851	339.7432
78.4341	166.7095	207.2705
40.9841	51.6705	250.7784
143.0839	191.1167	432.8597
107.8928	131.3747	230.0502
170.9835	131.1207	363.7258
55.4898	16.4601	62.0028
14.2064	51.0573	220.7946
174.4994	182.5792	226.5458
156.1814	73.6358	272.4091
64.1009	150.5019	98.2349
47.0428	178.7841	254.5994
172.9374	54.5909	345.5666
185.0391	68.2075	106.5505
184.4142	43.1322	337.5447
187.1934	188.9264	380.0014
11.2497	108.4075	138.5603
128.5503	136.1688	20.7954
165.8518	185.7995	392.3815
8.7660	184.8153	332.2597
152.0874	56.8224	26.9335
9.5032	84.8500	255.2381
167.9287	58.7181	18.8847
8.1136	66.4157	26.5925
78.0393	139.0500	229.2336
121.2398	77.0546	36.5592
119.1573	34.5186	340.7562
89.0048	35.6053	28.9671
0.0848	18.4540	358.8298
54.6409	177.0824	4.5818
105.4525	167.0356	348.2075
80.2724	4.2688	9.5787
73.8931	190.3146	328.1114
68.6727	165.9257	47.5503
183.5204	3.5084	289.1900
17.3744	176.6908	244.3715
125.6907	34.8551	137.1013
85.8596	131.8618	162.4013
59.2260	130.5657	140.7319
76.8389	150.8415	134.6253
190.8855	148.1102	239.6157
59.4314	49.0417	22.1531
70.8516	134.9590	193.4860
180.7888	147.8819	346.3586
125.5846	102.2917	113.3515
61.6164	191.9093	258.6557
31.4451	157.0633	430.5614
82.3087	181.5229	57.7805
30.7026	134.9906	414.6220
35.2399	67.6744	83.2257
84.4671	10.9244	420.6189
0.1351	0.2155	281.1337
74.2940	103.5931	224.7104
26.3528	93.8973	158.4917
192.2021	39.4241	167.0305
174.5081	127.9483	267.2454
2.1290	56.4873	205.5852
7.7067	26.2363	193.9822
153.6605	149.4896	127.8008
181.6824	171.7885	114.6407
31.5256	156.8151	356.2316
20.6239	34.6294	350.9355
170.7824	122.6047	266.5411
18.2398	191.3405	208.4978
62.8383	15.2754	244.3492
24.5373	192.1315	358.3740
170.8140	164.4626	300.1802
54.6971	62.6724	210.1360
99.3217	182.4266	204.3276
180.3789	141.4246	277.4869
120.3632	126.6983	416.3741
134.0998	37.9887	30.3237
56.7806	26.9919	34.5696
66.8852	144.7723	15.3394
158.8249	172.0634	8.5357
38.7346	139.3495	141.4530
104.7709	75.0742	264.6334
22.0418	90.6485	175.3418
4.7080	108.3577	219.4051
143.8944	56.1769	368.8201
29.4313	170.8607	380.3358
87.7236	67.5949	330.5760
143.0378	174.6330	160.4852
144.8311	168.3269	108.9113
128.4898	78.7419	136.2593
178.8637	60.6314	431.9894
109.1588	60.3052	154.8085
6.6589	18.9701	273.5630
91.9613	10.8872	161.2174
108.5999	20.1898	358.7302
184.5879	159.4037	43.7432
51.1874	141.0656	438.6600
56.2821	172.6777	221.6890
67.8101	5.9209	428.0149
42.8478	33.2605	353.7675
92.6089	86.7749	84.5706
66.3399	117.0701	406.3711
147.3509	96.6653	174.7320
95.3481	46.1239	113.7773
44.7960	141.0226	0.7907
45.9077	28.1304	225.9132
28.1636	142.0773	42.2327
71.8091	46.5182	412.9334
178.5422	146.2624	404.6517
61.5031	161.9678	416.9014
158.8050	14.7936	440.6924
62.8327	135.5823	188.7753
144.8649	175.6390	414.6198
20.2738	78.9650	361.1572
136.2543	78.4092	203.9673
59.7962	21.5756	91.0790
41.5435	34.1637	137.7074
76.8028	175.5606	144.2473
123.0734	178.4891	21.8490
50.5821	69.6023	351.8853
120.6463	160.9398	274.3349
58.4591	175.6243	169.7840
92.9948	103.5344	82.2695
4.0157	105.9250	198.4215
176.2764	75.4464	333.8114
75.9630	178.5611	114.9656
67.2162	111.4995	284.8217
99.8829	23.5929	330.2625
17.1644	150.2263	154.9482
37.8270	100.4905	312.2475
25.0887	62.5289	336.0176
172.3755	176.2906	127.0628
70.6412	7.3954	454.9309
59.2657	101.9981	288.6371
157.6770	163.9006	89.4763
102.1863	167.4004	172.1071
17.8064	96.4544	33.9453
35.6435	141.9014	421.9613
134.8643	172.6648	420.9810
0.1158	121.9956	375.7944
94.6938	18.0652	144.1664
3.5591	44.8790	377.6096
133.4522	5.8480	26.8716
186.9228	129.7857	4.2968
84.8294	128.1775	285.3814
91.2263	156.5701	256.2773
150.2141	161.5527	381.5507
63.0877	0.8884	294.4574
159.4065	183.0042	393.6849
143.7316	155.6644	327.0155
140.7728	179.6484	331.9095
150.8267	43.4141	452.7382
183.3711	44.2134	423.9416
62.9657	164.3634	261.4949
84.1140	177.1654	243.8985
66.6746	159.1056	297.1933
152.5049	149.2915	8.3349
159.8988	120.5501	266.7622
47.0464	73.0779	335.5278
9.3514	95.0998	145.1063
172.9194	177.6613	102.3171
84.2268	1.1343	80.4173
90.2693	29.4302	63.3626
132.9140	73.6287	431.5911
48.0263	6.7975	190.0429
139.2103	161.4672	433.8074
74.5220	81.1282	364.2365
90.1107	83.0619	129.1765
155.6228	116.1033	2.8722
95.0219	33.6990	399.7484
39.5695	123.4685	21.4896
112.9858	18.3986	9.8151
121.5018	148.2282	348.0008
129.0253	82.9988	387.3002
86.1058	182.2843	136.5103
15.2292	142.3321	384.6490
16.5497	95.8516	52.7972
178.8925	56.1866	136.6122
129.5048	101.8183	225.5886
12.0525	43.2764	146.1182
42.3931	59.2540	321.9062
189.1914	11.8572	150.1791
3.2870	57.2904	136.5483
43.4833	175.4790	68.5380
124.5813	189.5190	292.7104
119.1986	62.0935	73.5134
54.2564	52.7088	378.7699
49.2960	123.3361	90.4408
10.0807	161.0910	93.7840
103.8389	37.4746	434.9118
21.8574	144.4723	337.2354
29.0190	64.9770	178.3867
167.6463	19.2926	279.7569
52.7364	130.9552	216.2810
100.9727	40.9047	166.3397
31.4693	98.8705	192.3412
41.4023	187.6871	363.5365
121.8590	99.0378	148.7354
167.8638	113.5340	27.9392
27.2590	133.4570	32.2815
133.0243	160.8268	127.4442
164.5612	38.5636	236.6394
132.2542	65.5377	109.8305
118.2168	25.9468	92.3146
97.7356	49.7008	355.0667
184.1685	22.5596	194.6599
178.4935	182.3389	125.6946
25.9056	62.1298	318.5965
58.6145	79.7040	153.5201
92.1550	133.3035	297.2172
98.0211	140.9752	309.6358
92.8099	74.3625	194.3071
39.9623	51.3512	331.7826
15.7921	160.8436	431.6948
35.3554	45.3449	204.4126
3.4140	81.3945	227.3043
97.0232	76.8038	202.2648
3.3031	67.7664	420.5942
27.6803	133.5336	240.7725
26.3143	102.9212	293.4848
185.6692	77.7353	434.0273
51.0728	54.4740	259.5157
17.3905	108.2275	256.0858
142.7853	73.3520	332.1581
190.6193	172.5469	430.5127
31.2904	185.6204	200.3839
175.0739	170.0212	208.8414
77.8130	119.3782	238.4205
8.3145	110.6437	183.7537
131.1769	176.1570	378.3741
131.4976	10.0175	220.5826
161.4428	42.6477	74.9632
99.4607	122.4541	143.6244
56.6378	166.3775	453.1575
37.4433	179.8468	198.5588
30.6547	113.5603	447.7849
123.3687	74.4546	36.4052
46.1456	184.1977	76.7847
21.5272	167.5880	429.2640
162.3593	181.2684	370.8122
13.4883	144.3036	414.1108
151.8762	28.8027	425.1162
35.4664	17.2842	432.5406
72.4715	178.5795	72.4066
182.2900	21.7751	197.2798
91.7542	44.8699	82.9404
112.8247	98.0679	224.8922
116.1770	22.8705	4.7508
125.0346	67.8233	281.0872
38.2126	38.4268	371.1533
29.8434	155.1865	137.6329
104.4556	51.8107	431.7437
116.7775	84.1774	306.5000
61.8848	130.3347	254.4667
19.4520	27.9957	21.7500
100.8642	183.1445	365.5065
109.9325	0.3910	80.6174
162.2227	189.0837	310.3721
189.3598	6.7309	269.9054
185.3066	57.3766	452.0546
167.4645	24.9072	416.5302
108.3483	121.4829	288.7210
175.5495	16.2229	243.7225
53.8295	190.3940	130.5940
140.9308	80.4130	46.7373
119.4260	134.4435	197.6884
53.0186	15.9775	55.1307
127.4900	172.9840	63.6857
6.4476	173.1735	412.5239
127.2449	8.8721	146.7755
71.9295	187.6460	347.7491
110.1058	148.9434	107.9076
129.4571	12.4895	29.3667
8.9309	28.4524	178.3741
61.6444	125.6355	245.5774
38.9448	155.0557	77.0613
138.8596	146.6952	203.2100
75.2032	187.9180	48.3872
33.5144	129.5479	241.6126
11.4363	12.7870	281.4918
129.5941	109.2034	219.6298
156.5685	33.8029	405.3171
1.1743	109.1630	9.8629
128.2200	9.0929	284.5978
164.5235	76.6061	288.3648
3.7962	47.9457	134.2214
75.3169	68.8618	152.4880
131.2537	10.9782	446.5916
5.4374	108.1410	351.1005
37.1224	85.1978	266.1159
186.6636	2.0770	15.0080
104.5458	189.1715	219.6368
103.8743	61.5616	346.3010
175.5389	106.5750	102.2843
36.1632	141.1417	78.9838
113.9902	44.5490	386.6487
88.3541	124.0879	245.5150
136.9544	188.6589	255.7081
80.0327	25.3707	66.7226
177.0557	62.3093	47.6731
10.6093	117.8831	337.6895
144.1055	92.0546	204.8540
89.7631	154.0329	393.6644
61.7064	22.0834	401.6975
46.1339	101.6411	229.8637
181.4063	92.6109	423.7158
56.5320	89.8979	324.1492
105.3010	13.9543	443.1120
95.4410	51.3714	20.0092
12.9996	140.1111	267.6495
88.2942	85.3723	216.4208
185.6364	30.8485	413.8448
18.1105	76.2187	324.1297
164.0893	102.5384	76.9226
46.6974	100.2451	88.4830
29.1967	185.7317	97.5433
103.5166	24.9220	110.0415
9.3554	148.0218	139.0991
107.1397	188.9345	68.6065
10.1173	45.9903	303.2286
114.8337	57.0900	254.1323
99.6103	112.6310	34.7187
82.0164	78.6314	31.5725
148.0287	72.8794	107.5747
157.4720	30.1702	434.6718
125.2731	42.1509	336.3149
116.4476	140.9739	201.9886
189.8152	67.6138	14.3432
165.3585	19.9877	29.1102
30.2652	163.0656	308.8132
115.2027	185.4590	208.2928
123.8241	175.1862	377.9136
87.9663	34.9403	399.6080
141.1525	14.8764	357.8404
40.6685	152.9583	447.5430
9.3281	138.6637	410.5434
31.1898	47.6246	332.8853
147.4821	57.7572	314.7510
65.8961	73.2808	406.9762
15.1500	158.9024	351.8905
46.6492	64.3968	270.6544
28.0317	32.0728	160.5389
129.7228	38.9481	17.3166
132.1083	170.7898	83.6354
182.9544	41.5860	328.3468
49.8283	89.2496	220.1549
98.3643	114.0083	185.9215
95.1645	59.1149	102.0986
1.9724	71.2815	265.3169
117.4985	102.1073	76.8997
28.7631	6.8905	151.9802
54.8471	165.9659	192.4590
49.7552	52.9001	230.4635
137.3353	46.0035	349.0087
92.1915	50.0438	13.8145
90.4757	179.0009	362.7278
154.1797	65.1004	365.2485
100.1838	140.4716	186.6090
160.4904	55.6792	137.0793
182.5802	82.8510	45.0528
122.6791	49.4356	286.6741
143.4407	153.4229	235.8222
21.3421	142.1648	104.4613
36.1659	123.5615	23.3763
63.7732	185.6170	348.2609
50.4963	61.9140	299.4659
104.9605	43.5440	45.4695
166.6139	52.1506	84.4553
30.7804	174.6309	264.5399
71.9604	106.6979	377.5925
91.1769	130.8452	104.1466
163.3712	134.9113	204.8907
112.6382	121.3818	306.7551
164.6311	151.1373	71.4665
99.6030	174.2097	374.9136
23.9070	25.8681	286.4793
8.3391	30.2463	17.1230
97.7999	73.2026	385.0301
78.1979	17.0145	385.4915
113.8976	37.3361	239.2256
1.1966	42.5080	436.1101
116.8569	18.6326	335.5858
110.6003	105.9893	237.2773
151.5277	190.9725	391.6274
105.7243	37.3179	403.5488
81.1724	117.8074	431.0548
43.4959	165.1744	113.8433
126.7023	113.1257	49.2957
93.6028	5.7433	325.1402
185.7049	103.9391	81.4011
15.7971	151.5137	294.5671
161.9883	119.5230	344.3734
83.1045	144.2396	34.7170
187.5079	33.1070	259.7977
128.3572	112.9121	44.8434
76.4662	76.9135	36.9513
67.6666	141.2453	256.2054
110.0283	110.2619	230.6602
176.4346	79.2159	121.9140
170.9517	83.4532	195.9801
181.8049	87.3221	111.2670
146.3288	117.5272	323.0867
107.8223	40.2832	452.1603
120.3538	83.3225	20.2457
85.5514	42.2706	104.3374
62.4846	51.7624	374.5235
169.2536	150.4986	374.7356
0.2879	172.5373	268.2678
144.6464	168.9116	452.1981
33.2438	137.4344	322.9297
63.9472	54.0905	360.8893
159.9476	23.9991	432.9431
46.5876	23.7125	50.4233
19.6853	100.6730	2.6898
28.3714	143.6235	200.9770
50.5591	172.8323	267.3118
115.3086	153.9732	232.9481
129.6736	139.2625	122.1383
176.7968	104.7693	238.2016
23.3556	147.2170	282.3838
48.6830	98.0260	203.2731
40.8821	131.3795	388.3367
90.3623	90.2927	410.4652
44.7014	171.1180	455.5911
25.0865	83.4739	172.4713
108.6104	97.6166	213.0071
175.4174	36.5119	438.8693
35.6104	146.3768	75.4295
50.9521	21.3886	332.9508
192.1647	157.5781	422.4729
166.0961	133.8038	1.4417
48.9586	182.1761	247.7744
97.1569	146.3408	389.0070
19.7914	12.3477	2.3720
127.3075	1.6740	187.4347
164.6778	187.1222	229.9718
175.7147	186.5684	373.6704
111.6099	94.2576	64.8503
23.1876	135.6941	327.2748
152.5426	17.0101	404.4154
178.1527	183.1803	271.8360
156.1724	81.0258	336.3443
25.0182	47.8830	318.2978
173.8969	8.8902	202.3342
133.9195	129.3590	32.5059
14.4909	148.8177	86.3101
102.2932	7.6803	115.7474
61.8587	175.2307	216.1984
24.5711	149.6484	435.4472
80.6890	42.1173	50.3383
97.3455	88.0148	359.0061
79.5438	16.5008	287.6187
174.4779	5.8045	396.0881
163.9634	178.3643	130.4574
126.5783	48.1936	130.4016
97.2499	93.1575	140.8511
26.8333	130.7267	235.1641
155.1985	50.7815	24.7030
87.8486	64.6973	425.8210
124.1430	116.2264	259.2453
45.8482	171.8468	435.1547
188.3813	78.1692	32.0736
130.5169	142.3271	147.1974
41.9072	5.6740	232.9895
86.4471	63.5252	219.1303
36.7527	146.6148	211.3584
75.3984	31.0827	46.8010
61.1216	90.3441	351.0375
77.6451	108.4393	341.6495
120.9534	117.0174	251.3839
139.1132	62.7543	38.9282
15.8834	151.8641	264.8071
59.4675	13.0050	340.9622
73.9311	94.3229	315.6960
111.1550	28.0110	37.1866
138.1480	87.9463	345.0531
148.0521	0.4531	200.4883
0.8086	118.0977	84.0616
47.9358	58.6130	122.9041
111.1496	9.1490	244.4777
190.2298	20.0500	417.3599
21.5521	115.3040	129.1830
146.2658	56.2579	346.2520
174.5248	167.0255	122.3838
67.1407	50.4491	372.0946
69.0871	19.2218	1.1736
153.9068	114.0618	265.7692
169.1133	11.2414	297.2378
30.1524	147.9854	348.9014
93.1973	189.3060	222.0941
164.2095	108.2614	58.3738
117.9421	110.5437	231.8867
62.9594	50.7252	159.7758
158.1799	111.8461	344.5464
191.2719	28.9586	197.0789
73.1117	161.7944	253.4534
180.2379	128.3010	93.9782
36.3046	64.8568	80.8133
84.3779	148.3987	237.1544
83.7605	14.9175	438.1335
55.1545	93.8801	110.0916
181.1620	70.4788	154.2909
129.2829	26.8742	43.3801
72.6163	169.8847	72.2686
86.1476	4.0035	402.6464
60.7638	136.1556	135.3359
162.8724	125.7360	32.1599
26.6140	34.4486	445.7594
6.7903	167.2130	265.0301
126.4622	164.7011	95.4819
67.3779	64.5737	28.6387
89.0726	105.6410	22.3865
2.5891	45.9135	437.4012
178.5709	27.6861	297.0702
160.1100	163.7699	431.5520
181.6260	75.2298	195.6754
173.9121	75.6575	322.1368
107.0404	151.8596	353.4175
39.9167	184.7064	342.2447
167.2262	104.8255	115.9134
31.9138	40.6088	75.0797
114.3418	115.4756	351.0569
183.5443	90.8987	126.8403
41.4209	123.1307	164.3452
11.1690	123.2365	10.5673
127.4696	111.8067	372.4551
70.0075	109.6401	77.7847
89.7283	115.8451	78.8162
23.8974	66.3341	160.4444
151.5795	108.9428	88.7349
147.3514	143.8482	212.3843
0.5892	0.1606	212.7265
77.0520	7.6497	400.0354
28.7399	55.6936	105.0854
118.0572	131.7692	130.2277
49.1223	152.9797	70.4995
57.0663	164.3540	377.9035
129.6039	93.1319	346.0199
111.3112	87.7657	272.0273
107.0140	63.3357	344.2610
191.1436	178.9522	252.0541
85.5677	88.8356	293.3103
142.1400	64.2695	369.3675
59.1192	173.2922	255.2858
72.3570	23.8419	266.4992
149.9242	42.6356	5.9517
94.6037	178.0723	380.9790
118.0874	150.3687	449.9649
88.7337	24.6939	31.4454
61.4352	180.4511	81.8758
4.0695	31.1163	155.3857
128.6831	55.2994	223.5538
147.7891	38.0853	395.1038
152.3019	54.9042	416.9184
145.9157	177.9626	137.0970
69.7899	138.1206	336.2073
53.0186	15.9775	55.1307
65.7873	178.0656	365.8919
97.4124	171.6532	99.5730
53.5913	80.8548	117.3274
37.4195	35.5978	99.7516
139.8937	122.4484	200.8633
121.6924	76.7305	326.4233
129.4360	98.5358	186.2700
71.2279	80.8374	241.6677
147.1403	66.9388	446.1861
122.6403	62.7441	450.1639
22.5972	163.4049	87.4208
46.5178	65.0699	308.9687
47.6974	146.0394	125.9167
178.1578	141.4735	288.1184
43.6516	50.0981	359.8497
48.3385	89.1157	216.2569
21.7388	179.2773	277.0481
138.3734	149.2982	302.4479
110.3540	40.1583	291.8242
60.2372	72.3319	291.0449
96.7429	102.5474	100.4020
2.6936	88.3131	411.1000
9.9830	79.1398	195.0227
109.8469	2.6852	395.6888
132.8902	176.7504	246.2340
18.4716	78.6457	103.9636
166.4921	139.8297	159.1005
172.2729	28.1323	41.8887
31.1969	188.2228	296.8132
159.0261	186.7085	265.6874
152.3415	28.2974	410.5254
7.7590	99.4491	5.0087
71.3515	21.3127	446.0885
180.6131	104.0894	263.6337
96.5194	13.0461	170.9777
135.8460	145.2231	356.2610
171.4209	96.2396	110.1392
125.8765	109.5313	64.1246
93.8603	132.7446	144.3960
28.6330	1.0735	349.1634
174.5094	139.4155	148.1959
175.3631	28.7800	253.9993
119.3929	16.8396	168.9275
54.6334	188.1555	440.0431
17.4942	35.7575	148.8567
96.7914	59.7860	390.2073
31.4035	175.6413	45.5929
7.0807	59.1033	13.8475
135.9210	65.2407	149.9276
147.9494	142.2288	72.5428
38.7671	172.0356	377.0929
136.9117	69.5472	250.4256
96.0241	1.3876	18.1037
130.7384	186.0442	368.8030
171.3344	22.9875	65.6393
181.2558	169.2302	309.1777
151.3579	86.2268	354.7057
14.0640	74.6835	142.2960
113.4838	38.7524	4.6393
87.9677	178.9563	181.3522
6.9340	81.2344	162.3611
0.0508	67.9067	88.1961
117.0907	144.4137	194.6302
137.8780	123.5706	111.4958
179.1209	149.1228	0.7123
65.3684	154.5418	122.7981
156.9298	14.2300	400.3451
187.2939	125.1970	243.4167
135.9288	124.3249	40.6778
147.3951	28.2222	181.0536
130.9192	73.2853	41.7284
26.6714	80.9122	254.5206
189.9467	182.3865	26.6736
80.7773	14.7921	444.9502
135.8814	81.6807	145.4035
102.3292	97.4506	125.6064
135.9281	9.6460	244.8693
87.2593	10.2914	79.8534
69.0341	156.1171	298.6299
44.2278	105.1270	193.2912
172.1789	173.9393	446.8238
99.9759	146.4085	178.0455
151.7974	104.1576	297.0252
74.8348	185.9946	82.4597
155.7603	137.5192	376.0997
43.1811	132.4179	292.3076
133.3883	8.7925	154.5288
93.2985	78.6915	165.7302
14.6655	110.4847	374.5264
3.2884	67.6390	13.7567
145.7314	48.5039	117.7976
152.3617	46.6327	327.1229
149.3686	113.8385	427.1142
169.7143	143.2651	260.2751
38.2032	57.1054	196.9516
153.8471	157.9285	127.4268
111.2342	111.0015	69.6172
99.9412	27.5105	237.5960
175.6119	106.0132	50.1805
164.7789	179.1782	105.8388
15.6484	79.4192	23.0424
166.5534	93.6160	283.1247
160.1716	95.1469	141.2724
5.4849	122.3463	251.6026
61.1413	182.6390	45.7902
40.7617	126.4266	124.8702
75.4131	117.7272	289.2293
58.2974	125.6986	450.4926
61.1552	170.1822	99.4029
31.6288	36.4807	67.7966
17.0906	124.6177	44.5511
146.8562	82.6318	171.8889
127.0149	23.5732	299.4190
110.8137	149.9944	340.8914
132.2575	0.2244	331.1669
73.8079	152.1839	307.7242
125.3032	115.3012	387.9536
44.4648	46.7140	393.4366
62.5161	185.9807	334.9839
155.1849	144.6522	83.8030
75.5192	120.3242	93.4940
97.5115	185.4597	207.8236
19.2169	152.3827	141.1877
67.1159	189.0713	176.8845
142.2127	174.7315	150.8622
91.4475	65.7196	403.7481
119.0728	93.5435	262.0479
0.2268	134.8370	446.9748
79.3491	62.0213	345.8680
80.5626	135.9047	225.7514
91.4772	66.6637	441.2249
11.9334	21.0716	192.9136
190.7744	80.7666	242.3669
128.2566	1.2751	88.1860
99.7641	4.6985	194.4499
97.3586	176.0732	104.1719
26.4051	120.2011	3.2355
63.5839	54.4540	402.3687
121.7060	39.3803	334.9502
191.7531	98.8476	9.5838
95.4428	44.0422	76.2940
54.1566	106.1484	98.4262
121.3334	112.1128	135.5163
55.2637	49.8111	427.0561
63.7488	98.2219	278.5249
117.2734	33.0494	352.5998
29.4867	97.5387	7.2899
156.1090	145.7693	110.8558
179.8099	51.8505	93.6355
2.5874	169.8186	139.8129
45.6981	30.4904	51.5939
8.2751	109.0930	173.7708
152.0957	98.7134	45.0107
22.2475	60.2734	446.9475
13.9337	9.5327	279.2500
67.8115	178.0320	152.9412
89.5347	3.0237	99.7593
97.2554	106.9780	12.7699
103.4131	110.5346	185.5859
47.0765	169.9594	295.2617
189.6840	117.5864	225.9745
162.7662	67.4243	188.1953
175.0656	120.1752	436.2223
44.9364	60.7606	141.4505
45.8622	163.2193	180.7031
93.2032	180.4627	246.1643
78.2689	23.6299	35.4143
1.0663	13.3514	371.4823
128.9620	49.3830	136.9110
191.2361	103.8549	312.8844
12.9034	94.7369	6.1018
44.1191	36.8816	224.6602
69.3056	75.2728	254.5097
26.7725	164.8076	88.2181
91.3261	125.7196	186.2304
113.3073	48.4316	56.6888
109.5696	40.3246	140.5548
190.9905	110.8048	412.9591
70.5177	181.2635	145.6157
134.7119	79.4976	344.4571
66.1081	185.9903	239.9663
36.5386	87.9252	67.6079
103.7381	161.5957	391.6740
64.5505	54.9670	63.8983
172.3632	44.8343	186.1740
140.9311	26.5036	84.9122
155.0749	138.9286	178.1018
149.2913	140.9310	107.2796
15.0367	41.5220	39.1321
45.5202	26.7503	178.0371
137.7815	52.0505	332.7211
60.4163	84.5975	147.9884
6.6979	49.3294	109.7554
73.3030	157.5093	27.5559
180.0331	9.5461	67.4291
9.4262	8.9376	384.2549
166.7373	114.3771	380.4548
152.4157	41.9706	374.9787
168.0473	73.0429	174.7249
151.4419	137.6010	138.0276
121.0944	32.8060	399.9689
146.8401	177.9304	269.8238
30.4807	149.1849	209.9543
166.8757	158.5717	436.7849
34.1574	189.1056	85.8572
40.1340	191.2380	377.9971
170.3261	186.7512	253.4697
2.0277	125.6508	159.6711
122.5624	138.7611	26.0813
125.5285	46.1098	447.3649
181.0568	47.2564	125.1018
177.5509	28.1445	403.2396
179.7966	175.4773	260.2815
119.0461	88.3581	205.7082
18.1227	9.5737	16.8909
5.7905	189.4385	360.2733
67.5631	38.3388	158.2454
113.9674	159.8681	396.1957
47.6129	99.3741	316.2703
79.2490	163.2068	244.2736
117.1103	6.7500	12.1462
168.1379	96.5855	57.8400
141.0149	179.1130	20.6562
16.9455	6.7907	93.2854
145.7776	14.4170	249.7373
110.0072	11.7101	341.4000
190.9044	126.8069	360.9734
20.2230	63.2843	200.5531
110.1784	4.0588	192.5216
138.8032	53.1749	363.7207
5.5205	163.0872	124.1035
60.0607	114.6119	111.4502
158.3795	38.2647	399.7067
162.1426	73.6246	206.0561
143.4675	137.4789	347.1839
155.2888	123.1298	126.4984
51.1714	68.6305	95.5035
145.8871	4.4615	134.0647
180.2307	177.2035	202.7481
97.1845	138.9974	238.9448
53.7610	32.0858	205.3153
189.3145	58.1319	72.5853
84.5935	108.1279	379.3613
55.6965	80.6184	78.8928
79.6559	107.6766	9.7495
153.7581	176.0461	40.3289
118.0048	136.5081	38.8005
171.4664	134.2059	325.1003
89.3642	32.5046	77.8877
2.1116	113.0189	136.3095
190.0216	105.4178	374.9277
92.4489	187.9767	206.9012
159.2876	139.2680	41.5270
134.0716	105.7547	315.2514
171.8185	154.3008	372.1465
122.6323	26.5370	33.3658
13.3784	103.7195	273.6197
67.5888	127.3002	62.5085
148.2950	135.9467	335.4113
176.6356	32.1500	327.5742
126.4837	49.0706	50.8495
342.4333	205.7603	783.2000
175.1485	86.6357	96.8822
24.8245	127.5852	388.9400
31.1716	125.7518	99.6262
115.2156	126.0792	131.2022
144.7903	43.8804	131.4219
174.5199	191.1789	243.0053
10.8083	14.3618	436.1161
109.9227	3.3139	294.4278
173.7961	130.7635	391.9154
22.7745	44.0337	122.5661
46.1574	11.5858	67.2151
21.9440	104.3739	248.8636
5.1758	30.2061	167.2585
38.5781	80.0970	80.7763
92.6240	144.8671	390.6035
158.8823	78.5176	389.4377
91.4906	159.6371	194.4262
27.6784	47.9641	79.0101
69.8770	156.3567	420.9370
93.3409	54.3421	52.8537
104.2894	14.3056	151.3777
53.0186	15.9775	55.1307
118.7627	68.7099	411.7332
50.3592	146.6981	285.3700
175.9823	170.7868	145.1477
47.7679	90.1328	170.2084
137.0534	138.4195	121.7145
1.4635	189.2865	433.1853
104.5164	29.6956	446.2678
116.8071	107.4283	152.1537
125.8348	99.5416	83.5285
124.8392	140.8240	11.2517
112.6266	97.1628	412.6446
88.5345	82.1242	228.0863
13.3377	85.9234	160.9602
46.2972	183.0593	157.1633
168.6409	165.2557	392.4056
20.3267	176.3081	38.8555
8.0734	13.7882	285.3606
138.8766	140.6034	59.3893
190.1477	50.0024	299.0855
72.4073	129.1253	352.8190
146.2294	164.9892	394.3700
22.6477	97.2116	59.1729
18.9043	191.1809	330.0814
90.7498	150.8239	182.2422
24.4681	91.6689	377.9879
111.9686	77.9873	441.4257
121.4573	125.5664	392.2725
14.4961	180.2332	1.2262
149.5557	190.2785	251.2496
58.1450	23.5189	168.4943
73.7181	125.4253	290.2536
79.9231	149.1286	140.9185
182.9664	175.5712	275.6151
116.5973	176.2516	229.3172
13.4290	183.7059	433.1133
156.6480	53.5088	372.6181
85.5082	9.7706	425.9507
132.3057	131.4925	301.8658
98.7535	64.5471	176.3735
170.9286	89.9453	40.6201
176.9471	64.2406	304.1869
30.0550	104.1843	438.9020
93.5074	89.6679	237.0671
101.0905	111.8653	134.2574
100.2935	77.1993	205.1731
122.0497	140.2242	415.1145
23.0278	8.1522	233.0699
11.1060	149.2203	143.9954
94.9992	1.3598	56.5659
35.6993	122.3942	387.8492
159.7335	186.0789	274.5792
10.2432	22.7988	352.4070
132.3238	93.4173	441.7728
192.1195	54.3376	228.7774
183.4153	72.5035	129.3723
191.3440	155.5599	39.4320
36.9512	124.3300	61.5644
27.0808	160.8708	276.1747
13.5073	17.6301	132.6838
66.3349	58.2887	390.8647
51.2667	124.5914	84.3338
61.8641	117.7516	44.3716
191.9495	81.2245	70.1739
35.0901	11.8387	197.4057
54.1214	96.8967	6.8426
143.4224	166.9432	98.0672
63.2934	80.1104	231.3475
130.9024	88.6168	428.5015
44.0240	173.2292	353.4902
73.5250	95.2129	352.3904
139.1921	18.4470	220.4803
127.4733	130.5755	299.5179
182.7677	70.4996	387.9285
99.2526	119.3000	254.1447
128.2297	158.9425	72.8185
129.2677	30.3936	25.4938
177.5028	4.6985	170.9055
17.3104	180.3369	305.7767
11.2151	72.5650	54.1911
49.7079	160.2475	22.2368
35.0667	106.9210	66.7072
26.4404	95.6040	81.8922
19.4227	94.1101	323.9372
161.7485	128.6912	87.7718
112.7161	89.5838	174.3302
13.5574	91.8862	77.0707
89.0278	181.9622	175.1803
78.9672	134.2662	127.7815
40.8846	132.8965	223.2032
178.7913	140.3894	181.5126
142.4744	0.1658	60.5639
15.5789	155.9480	43.4915
50.6527	98.2518	386.3887
68.5128	67.0227	284.1377
21.8675	145.4909	55.8288
27.5150	71.8769	437.6157
133.0590	140.4955	267.4131
123.7214	0.4850	2.2049
191.5696	105.1735	414.5735
27.7123	33.7411	195.0487
160.4921	52.7658	243.5461
47.1134	5.6282	28.2351
149.9843	74.4116	348.7098
102.7835	146.6548	94.6885
5.2658	57.5183	164.2125
160.2482	51.8522	393.0516
162.7877	27.2329	174.8886
77.0923	35.4390	7.2962
90.3953	145.9508	78.7403
46.3787	169.6887	327.0005
46.9810	138.3405	24.1196
37.0613	78.6534	320.8300
70.3866	115.8471	381.4332
169.0128	37.0599	141.8490
133.0628	28.1935	451.3493
170.4213	154.6314	58.6790
168.7100	134.7907	195.2402
12.4245	128.1289	98.9517
62.7492	151.2678	369.3264
50.7087	92.6547	58.2290
22.8769	118.2598	345.1827
171.6631	190.6446	9.4088
49.4022	163.2311	437.7855
156.7671	159.2882	99.9175
107.9007	86.9321	185.8311
88.9804	121.8936	13.1507
34.6983	64.7304	142.7642
70.6062	144.9225	226.0527
41.5923	154.8368	99.9564
72.4873	170.4414	103.5007
140.5615	186.7487	213.6431
25.3239	167.6992	303.7036
97.5931	100.5498	283.5917
46.7961	143.4126	141.4452
106.4263	31.5930	30.5169
100.1146	99.2843	376.6658
150.5673	135.8187	226.1475
126.5774	76.5819	188.8385
76.0380	59.7642	205.5261
60.6816	186.9624	224.9570
167.1474	80.6516	248.9049
3.2313	99.2423	424.4978
42.1123	167.4882	78.0814
107.5305	82.6221	422.3780
16.8524	89.5328	186.5208
117.4686	83.1024	372.2135
19.2333	87.8156	262.3595
118.4983	101.6787	278.0594
95.0108	58.1618	35.2643
162.5495	84.6549	55.9407
103.3251	111.1001	450.4471
144.3078	113.1372	323.3519
40.2873	100.9318	9.5262
179.1445	179.2548	132.1991
59.9490	27.2478	156.1633
10.6732	127.4917	177.5022
25.3340	17.1591	163.2186
117.2593	181.7452	218.8726
5.5128	21.6752	293.5023
53.5815	18.5658	51.1837
180.6999	65.2921	264.6482
147.6150	185.9051	58.3893
61.7743	144.7602	352.0930
17.1342	109.7708	149.5204
72.6279	21.5507	242.1414
163.7720	12.1902	374.9792
59.1453	174.8623	281.8906
7.1016	114.2411	406.7964
1.2527	165.1829	274.5345
27.2353	176.0817	409.6758
81.7938	59.4412	231.4925
56.0741	183.5205	185.1896
99.9676	33.0866	119.1244
88.8619	13.4280	288.7383
48.2644	57.9960	17.5417
0.3810	26.4951	366.5752
59.6780	6.7092	413.1244
157.0135	161.6550	121.5764
89.1114	75.4137	452.9590
16.6300	77.0896	277.4296
42.6391	104.5510	267.1832
119.4248	104.2506	266.1607
79.4418	26.2530	279.8849
68.3064	192.0439	2.1724
28.4406	31.0285	283.9936
56.6556	120.3239	67.9079
22.0366	182.5432	342.9454
129.0305	22.1238	119.6266
42.6124	154.3878	451.1549
137.6657	135.2663	305.8811
66.0640	119.9599	45.9407
177.2368	148.1817	48.3090
15.6569	190.5380	413.9540
147.2872	24.0710	232.3162
98.4416	26.8951	445.5566
51.8380	172.5557	154.3900
150.5733	178.3719	46.7225
113.8456	2.1874	303.9385
77.5951	69.6552	164.7751
46.3571	58.8303	444.5995
96.6893	93.8740	90.8379
94.1396	23.4490	419.3748
189.6112	82.4742	294.4903
132.9796	177.8053	76.1621
120.1022	137.6515	318.7259
59.4561	31.9357	174.1196
56.5459	92.9948	106.1254
43.9150	143.8113	120.8074
50.8185	102.8651	383.5709
178.2099	10.0529	153.3944
130.6898	120.7176	299.8899
10.1907	6.6016	444.1246
159.7867	162.6763	127.7823
158.7491	176.6159	450.4691
8.7114	183.5657	308.8670
99.4693	177.7176	352.2930
12.6684	53.6075	341.4042
76.4449	157.6608	258.3959
73.8443	118.6711	311.5383
157.5657	87.8343	62.8113
94.4239	127.1852	297.7047
20.6480	25.9210	352.5887
37.2629	130.0612	81.5323
46.7407	81.9706	182.3263
13.5411	100.4211	410.7890
65.8848	174.4392	137.4474
24.7942	70.6653	200.8999
55.3454	16.8957	291.8404
93.0167	94.0901	234.9415
137.4922	46.8957	318.2100
91.7149	76.4520	381.7077
112.2149	65.0655	223.1085
155.4754	25.2252	108.7878
160.8408	166.8253	241.4243
37.1733	56.0549	132.3713
7.6653	24.9026	387.6771
163.6634	130.7315	257.5384
142.4647	159.8780	1.7700
119.2389	153.1300	372.9247
175.3108	66.7499	127.3162
153.8464	190.4891	87.5519
110.7506	84.6939	160.8028
154.0276	45.5688	192.0028
57.8701	67.9742	449.8820
24.9575	161.0205	76.3936
169.4578	126.0517	117.2117
112.0567	7.7503	210.7904
106.2747	165.7729	300.7346
40.7842	23.4462	92.5263
63.8838	17.4858	352.4548
157.2362	36.1954	411.0242
78.0324	15.7961	165.6743
161.2173	64.7221	78.9183
52.6610	106.9931	176.8301
108.6690	105.5885	297.6057
142.6259	72.8669	57.9742
187.9018	124.7600	372.5993
5.3854	150.3258	359.2893
163.7220	186.8010	218.2266
145.2215	158.7870	433.4564
26.3989	172.7138	394.1663
186.4367	83.9512	362.1313
125.7966	131.5051	270.2900
0.2759	22.1846	416.7133
142.7374	132.5261	79.4389
176.6961	99.8005	331.5924
138.6020	30.6333	14.4668
178.9235	30.1796	382.8618
92.8318	129.3703	19.7412
84.9979	142.4900	54.6864
58.6144	95.0933	103.3964
121.3616	43.6183	24.4034
71.7555	140.5255	338.4742
65.8789	74.1824	100.4164
133.8991	174.4191	217.0525
47.8757	48.3836	241.5357
1.7931	92.6481	293.7857
98.9380	112.6959	18.5241
45.6178	35.9897	194.3778
142.9346	39.0560	111.2438
130.8378	177.1130	407.0854
182.1412	160.6824	99.9653
97.8929	95.3327	53.8667
82.8305	124.5479	332.3144
10.0206	118.6386	177.3970
45.4044	61.4464	156.1974
167.8306	102.1976	344.1946
79.4517	122.2114	320.2732
132.2128	157.9840	125.4265
51.8487	52.9678	400.7450
178.6028	169.1725	20.6137
36.7257	62.0413	135.8346
100.7110	148.3751	114.2400
174.5485	140.5074	259.3527
94.6719	94.4503	403.6827
126.4465	36.1225	343.2895
76.6497	114.4299	61.3261
115.6484	99.4227	422.2170
101.1704	34.2889	448.9784
31.8009	182.8798	345.8819
191.8170	85.3751	86.2510
134.4828	182.9454	288.0960
146.7798	46.5977	303.0140
7.9094	89.6510	257.5376
89.3605	19.3656	139.8626
190.7339	125.8348	158.9570
11.1517	45.8085	340.9953
76.2391	63.7059	48.4206
178.9383	166.8466	92.8908
103.7660	52.3557	348.7295
75.6856	63.9896	6.0096
33.4061	124.7102	102.5645
183.4876	103.9465	58.8329
156.1408	167.1143	71.7611
1.2160	158.1759	297.3964
6.5476	96.8215	231.3072
53.0186	15.9775	55.1307
87.8455	77.5668	62.6903
27.8756	88.1904	11.3628
81.9001	21.0546	14.2750
16.4304	186.2479	352.6884
23.1687	98.9367	61.5046
30.6997	134.9005	337.8399
83.3670	166.4441	379.1438
114.4266	148.9194	317.1738
115.5625	166.7941	243.1864
100.7553	105.1191	121.9979
176.5651	17.0663	135.3515
177.5028	45.2593	442.3083
138.4341	70.6173	253.1664
47.3948	63.5112	21.7307
39.7771	170.8017	260.4746
94.2230	26.3095	349.1182
145.9442	144.7983	329.8043
120.4809	172.7708	178.1421
84.9406	68.6026	298.2094
163.7491	83.0766	293.9053
126.9979	112.9266	271.7783
61.3825	173.5423	281.8604
175.0379	98.1540	92.7394
91.3566	156.0615	364.5168
170.4187	124.5764	10.9308
110.9702	78.3728	182.6350
167.0321	62.6828	408.2081
51.4162	161.2077	245.9254
36.4606	180.6138	358.4060
85.5396	175.4415	314.6276
55.1594	144.1450	249.2914
157.1488	161.0505	125.1213
183.5988	36.7645	253.3040
60.2109	83.5409	279.2579
109.9690	166.0120	223.6799
25.8678	89.5041	128.5189
105.2036	165.5513	166.2074
75.2481	157.2438	225.4488
114.0357	18.9390	150.5699
141.3763	181.0149	20.3586
81.3053	42.5999	120.5477
56.5587	12.4481	153.2955
69.4854	182.6066	74.3048
60.1234	169.5556	438.7296
68.6178	62.2306	191.8879
37.6127	23.9552	317.0829
132.1013	138.3212	6.2440
4.3379	84.8922	409.9598
39.4433	191.7292	46.8490
171.3939	13.4241	65.1207
11.7250	47.4897	157.3598
104.5101	40.4385	113.1451
18.2284	24.4906	292.5846
162.8009	37.2104	130.5826
182.3958	180.6490	353.7806
13.1594	168.5162	17.1206
13.4363	127.4794	277.5763
155.3180	76.6216	295.8675
42.2395	160.5160	93.8410
30.1251	17.7630	15.5391
121.2693	112.8301	303.6443
52.7398	51.2039	128.1824
99.2362	25.4417	442.0007
46.0227	111.8691	174.5531
95.5804	30.2825	56.9231
151.4678	102.1531	239.1655
12.8987	105.3867	31.0113
138.1214	144.7162	12.8642
146.5578	179.4633	275.8819
6.5289	116.6838	359.2397
74.2858	63.8978	224.9548
69.4315	182.3755	49.2441
117.7784	93.5299	52.8758
76.8617	48.8165	259.5748
118.0882	150.3723	449.9594
135.3277	55.3118	189.0778
179.7184	160.7575	335.5850
156.0705	187.7496	357.6530
70.8834	167.4638	240.8841
32.7670	89.1540	267.1843
171.7738	152.3309	425.2066
133.7624	185.6144	290.6645
135.9733	86.2193	407.8851
40.2772	24.1442	305.8129
162.3360	89.4106	348.6047
155.1274	92.1759	137.6581
97.5046	83.7725	426.4808
154.9421	164.0421	368.1177
39.3497	41.0195	197.5133
91.0635	107.4657	230.7471
151.0370	59.4906	414.7428
134.1199	98.1992	451.1188
30.3191	155.8330	189.1185
109.3148	169.3214	6.9119
135.0578	30.6457	449.0704
53.1198	3.4888	396.3357
150.3160	39.8637	281.9049
28.7600	18.4382	295.8600
145.4496	42.0468	84.3397
93.2838	42.0076	168.9714
14.1789	7.8407	368.9454
12.1116	82.0041	245.1878
31.3820	35.7949	147.8399
154.8609	54.4063	257.7557
146.6507	112.5233	379.3298
41.6997	46.9800	164.0621
122.6320	142.8455	407.4958
189.9632	124.0424	312.5990
187.0092	9.8051	295.2902
75.6936	52.4825	92.5002
11.6577	132.9538	300.9989
163.7064	182.8297	109.5577
60.1798	36.9966	428.8914
126.9812	160.8227	167.2716
87.5191	38.4316	254.2144
19.8784	76.5363	35.9192
44.7287	92.6285	234.5013
132.3369	189.4131	204.4819
166.3197	55.8769	97.1122
154.4204	150.7065	6.1093
48.0500	166.0955	36.8891
146.6929	172.1686	417.9303
40.9321	91.3495	168.2340
22.1899	184.6521	218.6649
175.5743	3.2240	349.3632
109.1183	191.4289	175.9862
30.1767	113.2401	260.9151
6.0980	160.5098	392.3020
182.6362	144.0921	332.1591
93.5956	167.0796	445.7730
2.8624	94.8545	254.5315
29.5336	94.4947	43.7200
189.1531	27.6820	190.9657
183.8876	57.5605	43.2883
119.6756	134.0488	192.8079
155.3998	179.8271	169.7356
82.7777	15.2630	433.1854
17.6358	61.9325	338.7415
8.6493	58.2037	10.5662
113.8153	25.6412	114.6725
43.5048	37.5067	86.6719
12.7396	70.2143	209.5167
91.4458	137.9030	372.1535
89.4801	10.7493	160.8284
62.4046	53.5197	449.2976
40.9190	3.4933	164.0548
101.2386	67.4639	221.8439
62.2769	114.2388	398.3142
163.5540	110.2047	31.4449
94.0543	180.8977	415.4816
64.1961	11.7658	447.5349
11.4343	118.3703	75.3573
3.5481	9.4583	41.1818
68.9875	156.7594	366.8950
143.7050	66.9978	55.8257
154.7085	130.1710	451.5490
101.5740	75.6011	137.0876
11.3704	188.9360	198.5885
61.0997	108.1728	116.6691
135.4739	153.9978	54.1551
10.5513	26.6326	355.5298
40.8040	144.4561	27.1855
36.7503	52.5213	101.7309
128.5692	187.9804	13.9787
96.6512	24.2562	413.0892
69.3008	147.3579	216.4893
163.6690	77.1315	103.8434
0.6999	128.4165	243.6381
185.6084	151.0027	20.6407
120.8732	61.0865	419.9675
118.5582	31.1552	327.5978
128.5192	29.4047	131.8602
183.2815	169.8546	16.8226
78.5184	157.0898	61.2054
94.0396	6.7599	177.4556
141.8727	40.1305	326.1434
44.1027	38.3589	89.8296
133.0319	191.5685	297.6370
147.6185	22.3508	177.5349
131.5342	6.2590	371.6893
187.0079	161.0279	189.4360
105.0612	160.8662	264.5890
62.0696	18.5329	246.1912
139.9989	109.2076	29.4322
81.2373	165.1815	432.4176
141.8731	58.9684	78.3744
37.7165	32.4483	443.4353
141.8178	107.4598	238.5816
149.3623	126.8864	181.6163
23.3582	186.4346	322.1597
149.5507	63.9831	33.7768
100.6052	111.8689	384.2237
12.7648	62.3913	86.4951
187.2230	117.9688	243.7506
30.4005	29.3774	80.2052
180.0443	137.6996	112.8893
180.0907	53.1919	337.6188
15.0843	117.2350	385.0804
9.5541	66.6444	271.5167
31.1823	24.1924	336.9976
82.2958	117.9335	5.9149
19.1432	164.4662	10.5139
92.7846	121.5369	387.4194
73.7751	25.1991	49.1533
41.9395	50.3143	185.9979
97.1748	179.8341	67.9316
29.2278	51.0660	274.5191
33.3794	14.6291	397.3871
191.3151	136.9089	332.2247
80.2464	174.6741	8.2115
175.2722	86.4360	92.1807
158.1054	159.9925	155.4681
138.4306	91.1881	377.5108
168.7841	187.2952	406.9656
115.7547	115.6566	325.5389
182.0683	37.0621	60.9240
21.2879	71.5471	113.7751
128.2989	57.0366	318.1813
119.5856	57.2644	74.9253
102.0735	53.6007	365.0213
34.1299	104.2660	430.6483
105.9514	191.2400	315.7045
84.2486	42.0689	113.8190
173.1244	168.9585	131.2702
116.8561	93.1824	281.5154
23.2718	62.0945	73.8884
95.2847	116.7085	400.3969
156.8915	146.8746	409.6906
46.2976	161.3271	26.3487
46.6044	188.6834	359.6142
74.9342	13.1539	290.9368
146.8489	158.7091	109.4401
74.4709	172.2555	22.9142
24.7889	13.7863	151.8967
81.6366	38.4147	371.4015
170.4642	50.7745	358.8127
125.7742	104.1069	276.3685
6.4162	190.7423	430.9370
45.2782	3.8764	76.1937
122.2732	8.4408	40.7552
79.3837	148.4760	223.0307
-69.8384	19.5247	-979.0000
127.2127	73.7283	415.8049
78.1172	79.6266	453.8310
55.6360	37.9291	410.4195
182.5372	48.8096	187.8583
150.1790	191.9276	266.0873
13.7297	182.4756	385.4157
39.3208	53.6095	276.3699
124.7320	27.0119	266.2780
15.0102	83.9351	19.9543
103.5208	8.8759	305.0018
25.0344	139.3536	66.5088
159.3392	35.2263	195.1827
99.1328	76.6455	202.0606
134.3888	183.9905	398.7340
133.4363	73.1236	280.2336
75.1205	40.2088	108.5037
167.3792	46.8803	262.3986
23.5028	16.4946	170.5949
78.4905	15.6513	271.8668
176.9787	115.2730	103.1062
22.3636	32.3467	25.6005
19.2678	8.6489	58.3934
153.6083	92.7474	121.4928
167.7161	32.0561	250.3897
135.2709	90.9000	451.4973
159.4139	107.7103	349.7917
7.1791	28.1382	176.7334
63.1795	129.2989	385.9209
62.0618	108.4632	303.9663
98.8838	44.4617	103.4636
26.5541	180.7977	116.5217
135.2710	119.1367	23.2154
72.8148	118.9781	169.6744
115.1528	121.8793	229.7337
105.8341	138.8631	235.7352
75.5405	23.4831	44.8238
30.1899	119.1396	137.4323
42.0906	170.7345	442.3857
166.5955	190.7589	323.0706
29.5331	102.3154	158.9164
101.5037	172.4116	239.7048
156.0537	24.0713	151.2136
182.4819	174.6813	224.2804
85.7245	58.6381	308.5499
116.9842	140.9985	187.2591
5.0269	66.9494	209.1310
82.7977	162.9451	432.8049
126.9177	31.6930	122.7942
111.9628	38.1221	142.1011
77.9701	139.6091	373.2328
161.7011	142.4354	416.3753
87.6045	107.2958	443.1098
183.1815	28.5445	198.6571
171.8802	81.8948	313.0196
13.8531	155.3653	349.6566
71.0548	178.6008	311.0205
107.8066	165.1617	161.1345
60.9156	102.9838	202.4258
93.3316	0.8948	447.9061
191.7779	22.8437	453.7676
143.8157	135.6960	160.0908
56.9788	17.6711	53.0244
143.9908	3.9261	211.5497
146.1311	127.9320	60.2190
67.1220	68.2464	267.4476
177.1059	103.8302	92.4865
67.1182	58.3590	161.8842
65.1032	139.2507	255.0478
175.5578	14.5678	367.6833
44.1687	151.1155	440.1451
19.8240	81.1655	163.7533
180.7560	50.3504	330.7410
9.1692	66.5917	14.4918
82.8885	161.5394	414.1132
145.7297	141.3551	308.4090
95.9174	2.8532	260.2934
76.9497	56.1371	423.0117
16.8946	21.8822	166.7405
116.5098	58.2656	219.0906
131.9322	148.2312	398.5917
47.6102	165.2457	307.1544
31.1630	131.5811	428.9307
151.6330	64.6731	394.8283
9.3854	24.9128	295.3457
141.9944	51.2451	354.7561
146.4881	106.9648	451.7557
163.1668	183.7141	119.0612
167.5581	59.4618	426.2191
92.9379	27.7263	346.0339
62.9326	158.2905	41.6352
130.2519	165.5755	414.2381
68.5667	71.2523	85.0312
177.3519	29.5168	107.5688
186.0509	36.3169	260.8640
139.8297	153.5551	123.0570
130.2403	21.5078	314.4943
179.4629	121.6473	47.9909
116.1565	159.1262	92.8908
94.0628	175.4312	367.4845
99.9881	35.0054	6.1582
56.1523	49.1067	168.7459
9.0954	66.3236	9.4732
169.8254	38.1144	241.2458
89.7237	41.9239	151.5251
65.2740	158.0121	159.6652
34.9316	137.1945	404.7811
78.0972	63.4168	289.1170
177.6482	145.0792	409.3078
36.2370	171.1051	51.1771
48.0869	1.5010	20.9321
174.3835	123.1009	364.0065
131.7016	81.3265	256.8243
54.4295	2.5101	67.2426
121.1330	89.7724	371.9092
62.6753	185.3662	46.0693
47.5555	120.8642	282.2976
72.3217	46.4691	128.9747
92.8482	61.8751	263.0783
147.3758	27.3876	89.1888
9.9959	127.7646	328.8669
143.1620	38.6215	114.2187
59.0361	101.9084	373.6084
178.5852	50.2453	187.9077
157.5539	69.6530	449.9319
158.6785	192.0960	205.4541
118.3503	102.9943	428.9394
64.8343	34.2433	319.3546
57.8159	134.1126	26.6710
81.9330	39.2170	86.6614
125.2991	91.1025	225.1995
57.6118	64.7017	355.5395
142.3993	43.0543	97.1222
136.3229	126.7827	289.1051
163.0394	99.6018	277.6993
76.3962	181.8553	125.2872
14.2382	189.9322	102.4475
131.9782	56.8495	71.5419
69.1151	50.7534	231.0922
148.5634	93.7763	77.2113
33.0270	47.0988	41.0300
19.3156	30.8908	312.2618
87.3709	97.1787	423.8097
51.8140	133.4638	225.0208
1.0744	134.3808	410.1282
143.8327	174.9723	4.4686
132.6932	181.3749	148.9865
91.2246	135.9534	116.0392
175.1789	83.1605	268.2475
146.6421	120.3933	68.0314
43.1290	159.4623	334.1113
25.6174	144.6751	312.0939
31.3409	10.4255	310.7397
82.3938	54.4371	264.2528
98.0904	50.6635	302.2843
165.9699	4.8041	235.5616
162.0634	172.7520	155.0954
27.8814	186.1968	285.7905
113.7143	95.7075	346.7390
38.1792	88.9564	262.4568
56.0106	178.9036	136.4256
89.4552	9.7926	28.1039
15.2440	166.8547	70.5137
72.2729	52.0291	394.6697
56.7806	26.9919	34.5696
106.6559	9.4022	226.3858
10.4252	78.9509	156.5015
147.2531	159.2438	445.0489
130.3266	175.5618	28.0543
60.9105	96.0313	377.1903
147.0342	72.1286	356.9339
81.6776	133.9333	444.1656
27.5533	146.4543	361.3517
107.7174	115.8155	25.8828
165.0107	184.1289	171.6078
86.1786	63.1217	279.7584
48.5492	135.7264	205.0048
25.2531	147.1597	369.9335
178.3626	167.9391	127.0101
50.8303	17.4135	84.5607
74.8446	167.8168	314.7768
38.3458	5.9335	243.6564
188.4667	103.2659	165.5681
117.3741	168.6530	71.4239
124.4151	30.7209	344.2188
111.8142	38.6074	172.3210
130.3407	63.9095	445.3331
71.2809	21.2243	281.2255
50.6989	173.9175	48.6291
134.2783	45.8855	296.1203
60.9345	121.3616	392.1314
62.6872	3.3454	198.2944
31.5064	40.7126	328.7108
181.3972	113.1900	446.7345
42.2667	38.1440	72.8985
127.3096	128.1507	336.7911
96.2449	47.2941	324.2006
159.7023	53.1447	143.5730
26.4962	43.2727	31.8245
122.1810	48.2058	453.3163
172.6923	126.4146	117.7586
11.5831	21.2716	418.1736
47.0924	185.4355	114.5045
57.9043	46.7674	207.3081
20.4385	17.6496	361.1347
15.7074	116.0890	443.4936
114.3781	11.7322	25.0775
112.2147	24.4727	18.6222
95.2763	20.2594	268.1341
167.1297	16.8014	9.2467
134.5226	13.2466	428.4825
36.9759	37.8490	318.5511
32.1448	104.2386	14.8434
171.5134	156.9449	357.2612
118.2959	124.3699	248.9123
91.4086	6.4835	413.6191
77.6775	130.4742	411.5228
182.9265	81.2338	287.2439
93.4332	8.9251	433.6105
65.8788	185.1854	287.1419
59.4775	92.0225	311.2761
166.6524	39.2691	447.1664
21.3929	58.5211	51.0395
139.3263	163.6748	90.2946
55.2998	135.6287	248.2365
133.0794	48.7300	209.1146
131.1238	26.4470	33.8217
67.5683	50.5864	402.6748
69.5726	145.8453	79.3094
93.5551	82.5103	378.0888
19.6209	125.4487	36.5550
166.8534	173.7075	233.9460
91.8178	21.0287	1.4075
72.5019	150.1060	272.5571
176.1260	46.9680	69.4431
183.9288	154.0407	339.4932
79.2365	39.8386	206.5615
147.8226	84.5014	440.7842
117.1081	95.3644	166.6899
174.3816	47.3404	246.4036
66.8941	20.3680	141.1143
33.7762	123.9445	161.0848
112.5457	124.3910	414.6231
126.1206	63.6802	47.6730
44.1889	131.5027	112.3549
87.8732	177.1564	106.1641
139.6798	132.9648	442.0158
125.5572	4.6851	403.3444
163.8504	15.8956	62.2745
47.6436	174.1563	149.5503
104.3208	33.5669	428.8358
160.2406	60.8082	448.6439
96.6210	19.6685	1.6544
187.4554	171.3298	114.9494
80.1572	111.4316	26.7436
164.6167	48.0332	142.7179
60.9800	169.9753	133.2504
163.8553	128.5446	127.5920
34.2175	95.3352	248.9620
60.6334	165.9126	424.2384
161.4028	70.9369	216.9533
95.6885	177.7341	265.3560
44.1980	30.6253	55.0835
131.5605	188.9731	288.0951
77.7486	46.1475	92.7183
0.8876	191.5568	315.1974
175.7859	98.7230	223.3815
137.0786	117.0659	86.2476
180.7660	29.5737	117.5514
38.6087	136.9317	201.2678
185.4770	5.6519	71.6924
132.7457	182.4680	422.8955
135.5471	12.0904	213.1872
99.4524	145.4331	66.1727
167.5649	15.1311	177.1589
89.8789	90.4069	348.7462
136.0601	149.6218	322.9420
73.8761	4.0818	110.1340
41.8734	185.8205	282.5000
163.6739	54.7352	6.1262
95.5102	35.5330	412.8378
98.2842	70.9500	292.2127
132.2029	6.7047	77.7338
30.0631	157.7762	195.7363
133.1936	189.8041	122.7103
6.7439	138.2330	337.2953
56.7806	26.9919	34.5696
17.4456	150.3179	420.4333
171.6525	135.6449	208.8900
53.4164	136.0035	232.5476
79.1598	102.5367	24.6665
124.7076	187.9367	130.7585
128.4707	142.7672	293.6417
24.4241	98.6095	8.1527
52.9847	165.3204	299.2848
68.9994	121.7771	97.2596
139.0143	117.7155	343.1323
112.0382	26.3032	32.0741
64.1546	106.3460	293.0102
101.6638	70.1066	438.8396
168.5713	10.5980	332.9593
169.6866	89.1613	113.9064
119.6898	79.5034	354.0628
48.6526	17.4271	299.1797
109.4765	35.7495	410.3723
69.1124	107.3725	261.7125
127.7364	132.4941	149.8039
132.7436	42.3907	238.0326
65.9975	94.7967	331.7875
106.6747	189.4932	341.6884
160.0254	91.0198	301.6411
58.7216	97.9447	137.6129
75.9522	39.7915	112.9795
189.8846	122.9936	91.8892
169.0949	132.5929	313.3715
103.5123	99.3670	299.8795
142.0625	68.2506	206.7683
67.0010	148.5753	153.3823
152.4550	166.0261	145.7155
167.6025	155.9123	439.9742
131.4497	159.1405	136.8767
170.3202	34.7436	447.7512
177.4210	65.1926	244.2309
177.5821	15.0646	312.6380
37.9244	169.8308	308.9475
63.3522	38.1921	123.2811
85.4604	27.3618	425.7136
35.9995	122.3923	392.7268
51.4575	113.3117	67.6324
45.3749	89.4658	92.5873
7.4824	29.3291	163.2932
59.6006	146.2119	224.6957
135.2016	180.2691	285.5386
155.3823	65.5706	203.4436
140.6002	163.8348	361.1442
172.6042	24.0592	337.8622
100.8503	144.4740	229.4233
51.1596	0.1925	148.4965
74.1935	151.5769	28.7814
25.7308	175.3643	352.2333
151.9141	145.6668	395.7586
173.5084	11.3700	365.3380
154.0775	32.3491	369.0709
165.5400	81.0723	276.1591
58.7346	110.7049	182.9555
160.3907	148.4895	181.3852
32.1986	47.1717	59.4497
182.2260	164.0258	17.4306
57.7784	155.0329	222.6537
55.3864	50.4856	34.5218
191.4200	131.0717	134.4251
167.7577	164.1064	109.4829
139.6554	116.9113	148.6727
22.5599	119.6164	217.3525
14.4293	69.6875	439.6679
173.2720	29.7842	212.6846
9.4973	120.8207	276.1667
12.3526	109.2705	338.2615
56.3055	64.7985	3.3988
34.4276	137.5665	65.9690
70.5352	142.8149	303.0776
91.8561	142.9792	52.5401
146.3218	39.3843	337.2889
45.3989	146.4143	211.1449
81.8785	31.9685	330.2264
63.5773	179.9109	249.0058
182.3912	84.3738	135.9684
88.4485	1.5304	244.2586
113.8215	90.1523	239.4451
189.5419	146.0438	274.6676
171.3889	100.1117	394.9787
127.9911	14.3802	283.4777
179.2689	103.5988	247.8440
23.7925	120.3413	15.4282
169.4711	41.8384	105.5264
115.6196	106.5761	223.0150
85.9292	134.5086	60.2294
26.9309	152.4893	91.4828
3.6431	168.5410	20.4494
32.4792	131.6963	400.8352
64.0409	174.3348	67.5558
23.1005	109.2370	175.2792
148.2601	81.5174	119.1575
123.2117	168.1012	356.8183
168.8022	8.3628	150.3984
166.6328	33.1787	10.1317
165.3653	42.8121	417.2364
117.6263	112.4046	142.4674
185.9375	166.6675	103.7573
130.2479	79.4272	220.9297
175.9256	71.8928	272.9011
66.4677	140.8534	260.8984
186.9318	138.9532	99.8736
58.7937	38.4686	115.0085
111.5728	30.6761	373.7951
64.6343	13.9169	321.2280
172.4460	167.3494	387.8261
0.3032	2.5993	108.0294
177.2391	150.3398	371.6035
185.6825	118.8138	438.1330
86.4384	41.2780	403.4359
87.5626	122.7632	1.3385
138.4055	20.0047	180.9937
16.2222	55.0079	342.8928
166.3478	52.0569	14.9612
191.3173	21.9330	80.3565
18.6164	9.6201	11.0177
1.9790	143.0347	120.7147
125.3144	154.5718	88.5940
1.5330	17.8914	238.8015
180.5362	146.9357	394.3790
14.1805	166.8231	447.9239
163.3928	161.4351	43.4740
99.9187	93.1172	212.9061
71.0885	140.8826	312.2245
67.9363	14.5991	96.0971
21.8031	72.8973	145.2407
26.1769	182.4829	111.2949
191.7766	126.1213	295.4260
28.2646	150.8868	209.5001
3.9718	29.1435	439.2669
9.4055	184.5670	355.6724
4.5943	49.2031	434.6418
146.3968	46.6573	248.2895
7.5740	137.5904	235.0099
29.3317	55.1435	93.6188
44.1354	9.0924	179.4465
29.6714	22.0202	282.2478
188.0842	45.0494	188.8684
125.4002	2.0246	52.9340
14.7371	170.6244	114.4553
100.4976	134.4296	87.0958
14.1075	169.1045	113.2325
153.2258	22.0107	367.3438
14.8886	93.5408	166.3203
187.3539	45.6104	91.9152
170.8513	18.2926	231.5696
188.8378	37.4768	123.6702
159.3606	76.6503	96.3952
62.0775	147.4362	382.7465
51.1701	142.5727	212.7168
185.9015	32.8005	50.6313
45.7339	118.6878	57.4788
14.1018	56.8507	326.7107
148.0975	18.8188	85.6222
91.5427	47.4711	185.9651
15.0032	15.3658	442.7645
159.1366	165.2115	412.1619
27.6328	154.4832	342.8947
191.2363	118.8349	439.8245
127.4940	133.8023	134.9485
87.3808	13.3159	173.7595
50.6443	124.9256	95.4237
121.1095	17.6590	373.1149
78.5967	13.1270	62.7215
133.1022	119.4810	391.9567
97.0473	177.1085	417.1961
25.1745	185.6694	451.2336
15.5877	74.3044	215.7618
190.9473	46.8684	232.4340
180.5413	89.5864	157.8951
111.6341	112.5842	34.1570
103.7732	145.4102	324.7722
56.6238	86.5977	132.3067
149.6238	175.7929	11.2975
147.3158	60.5403	365.8090
49.0865	55.1819	199.4009
52.1289	162.2337	70.0063
20.0399	81.9215	43.0148
148.5642	93.3664	140.7070
90.2608	141.4857	272.7400
21.7020	163.3877	273.7829
22.8027	182.3466	401.0348
175.5212	160.9247	148.0959
119.0346	149.4657	4.7935
176.7432	70.1363	166.7831
45.4840	183.3713	231.0437
116.4928	78.3219	234.2297
27.4602	16.6228	42.4255
79.5581	153.8481	282.2096
38.1907	88.1395	182.1098
82.0361	169.6736	293.9889
168.5850	109.8307	298.2330
18.1894	132.0044	216.0397
27.3627	187.6538	72.9309
79.7719	110.1367	302.1576
51.4196	68.5289	292.2717
131.0795	32.3753	132.9449
143.6931	169.5598	350.5649
92.7706	179.3368	278.3957
31.2664	166.4912	422.4694
1.8050	9.3879	150.7916
127.5485	125.5558	385.6506
82.5489	32.2275	180.8454
47.3838	70.3258	284.7185
2.1032	102.8558	245.6579
177.8706	27.5388	160.5983
179.6495	150.1276	427.2518
84.1101	34.1686	401.8300
93.7702	63.9734	433.3736
78.6497	2.8585	424.6867
134.0697	168.2665	267.5692
73.1873	157.3888	20.9404
146.5735	37.4502	372.8274
8.6718	92.7558	296.7890
23.5139	170.2321	271.1675
32.2225	13.8356	19.4727
189.2364	46.4590	2.6240
180.0012	138.4048	24.5663
138.5279	190.1650	148.1347
29.9088	190.6328	112.2342
28.1606	129.4946	373.3149
82.7486	13.1203	51.6902
127.9329	115.4780	140.3166
116.5101	98.1247	363.0853
43.9575	17.8409	253.1942
185.4060	100.8763	205.0630
16.9983	163.2971	65.6602
8.1758	38.2201	228.6247
182.4809	-6.7586	379.1400
166.1273	181.1865	98.2868
160.4418	116.0958	262.2153
13.5938	95.3462	164.4681
26.2123	187.2884	346.9182
13.8756	136.6815	382.2765
180.2877	47.0970	225.0707
117.8283	29.1334	20.5169
166.5142	70.8467	45.2583
164.6875	89.7730	126.2980
137.6900	172.5051	183.3828
179.2455	168.2115	238.5723
19.3607	95.3502	442.3505
12.8154	97.6232	32.9270
112.4493	41.3334	97.8168
72.1400	172.6546	356.0080
2.8612	90.9741	242.2788
148.4156	58.0138	359.7625
5.3647	56.6429	64.9419
160.3368	74.0944	247.9437
183.5285	92.9110	269.3426
63.4642	42.9438	88.8498
166.6503	24.8656	372.1854
10.0031	105.4133	204.1370
66.3316	110.2875	398.7225
165.5219	176.7276	91.4604
131.8088	34.2776	29.6403
52.1433	56.4823	425.0304
103.0327	162.8039	221.1267
152.9433	63.9339	350.9751
74.3549	135.5148	110.4277
173.1550	13.9241	239.6225
87.9907	121.8752	344.3351
154.7873	39.4208	41.5704
128.2733	125.2731	331.8635
108.3890	141.7158	51.0126
81.4341	63.4105	276.4371
92.3877	88.6045	81.8573
30.8850	140.6328	390.9604
2.7386	31.9807	434.6304
78.9125	94.8428	13.2300
6.4215	32.0311	55.6851
173.5127	69.3295	11.4982
143.6743	127.0894	73.4564
63.3167	20.7075	343.3962
119.3691	44.5319	273.9910
99.7717	105.9796	284.1851
105.7455	114.0008	272.9254
5.0465	167.1945	400.3750
78.2138	92.9417	244.5434
84.9193	50.0400	177.2364
120.2873	78.3516	373.7109
161.2368	125.8203	447.2555
50.3998	55.4877	331.7674
8.9486	107.5129	435.4411
77.6861	18.6951	3.4878
13.9849	179.0471	377.0577
144.2346	144.6928	383.2274
139.6387	88.1127	216.2833
61.1503	78.3844	355.8839
150.1281	147.0410	84.9792
64.3565	171.5890	291.0353
177.2767	151.5540	58.4381
89.4827	167.4373	278.9179
175.2379	108.4004	77.4488
32.6054	120.1451	400.4490
9.9406	67.0897	410.2588
78.5927	3.5933	108.9256
9.8118	164.8417	207.6242
50.3216	183.6886	249.1632
191.0634	3.2546	230.3907
61.9588	48.2576	347.4841
112.0268	184.5033	383.6878
15.2126	95.6213	223.7924
115.4940	79.9043	258.5918
173.9152	141.0311	391.9121
2.0654	39.5173	213.8091
85.0953	103.8012	450.4569
17.3269	72.3516	30.3507
106.8922	179.5050	76.0817
8.1982	165.9337	142.0489
138.0288	155.8806	9.6463
106.5610	112.2997	235.0252
104.1522	36.7854	448.9687
44.5472	92.4212	62.2902
33.1034	167.5775	454.8213
64.5424	108.7360	82.0179
23.6402	19.9617	359.9088
97.4443	22.5057	438.7129
74.5478	156.5552	416.2564
33.5540	180.1642	91.6070
27.2477	143.8992	55.9182
170.9318	93.6554	68.0779
150.3142	59.0710	224.5191
117.4515	103.0390	213.2247
122.2838	121.2163	242.0844
185.4765	109.4642	73.1042
31.5980	175.4567	323.5347
14.0293	110.7940	132.5486
172.8049	72.9073	123.1464
150.3778	33.9258	391.3857
28.9254	178.8397	238.1280
84.3498	137.5524	141.3284
89.1506	172.4426	268.6689
39.9575	43.6700	424.9459
148.0075	67.3348	20.7264
134.5661	89.6214	195.0305
9.6454	187.0805	59.5922
83.8405	121.1428	280.1453
43.9843	124.3985	262.7067
57.3197	61.0914	192.8361
88.6541	170.8967	156.5104
111.5088	53.1647	341.4177
18.7485	180.6680	6.5017
158.6206	165.6878	119.9524
77.5332	149.0966	332.8865
123.0443	132.6318	109.7407
143.9509	85.8796	19.2355
81.7124	40.4060	243.7177
63.7898	92.2286	125.8486
111.9520	134.4832	206.3723
91.0075	85.1796	60.5584
185.9199	142.5251	12.8736
96.4529	37.7327	424.3309
126.1170	129.6540	344.7323
17.5250	99.2437	249.2913
182.5519	27.8252	75.4119
77.0557	153.9958	147.3822
145.6424	135.3537	175.9194
128.0902	37.2596	333.4836
153.8182	116.1446	288.2575
49.5963	47.9786	429.6513
184.9133	72.9228	398.3638
4.3226	140.5534	216.9501
13.0667	159.1377	269.5525
35.8578	79.1287	243.9046
147.0878	60.2957	360.0291
149.4037	175.7907	292.7936
80.6559	53.7906	163.0123
178.5170	174.5703	279.2187
47.7058	152.5380	16.7349
46.4286	141.1384	214.2923
50.2989	133.8780	29.3318
63.4449	143.4378	171.1634
185.1034	138.3116	160.5547
27.9455	76.9962	167.3671
138.0203	142.2859	304.1590
165.2656	101.8568	354.1335
65.7867	149.8190	237.3967
20.8681	124.5058	14.1696
137.1158	70.4250	235.8142
9.3021	146.1124	53.3046
69.5962	73.5037	228.0048
141.1829	1.5382	136.5752
44.7789	148.3743	103.3325
178.1890	107.8156	382.1032
8.8638	117.6965	85.2551
184.6740	16.1757	248.5158
54.6039	14.7530	445.5641
62.2952	144.3526	169.7274
19.1074	170.8208	322.8739
117.3243	36.9094	72.3294
25.1111	31.7113	69.0218
80.7765	57.4530	165.0849
123.2163	13.6208	337.5285
21.5596	42.9588	69.7665
146.1848	141.1558	89.4318
0.3097	11.6656	102.8589
29.0872	7.1427	108.6863
131.8009	13.5701	154.2002
62.8776	130.3893	362.2356
85.5089	62.8173	185.7436
141.2180	190.5812	381.2531
154.5931	40.8132	439.4814
150.2095	85.0841	130.3585
130.2347	54.5211	190.7652
66.9638	45.5208	234.9604
0.7364	108.0160	286.6874
155.2995	61.7321	24.4127
130.9212	57.8353	133.3834
77.1337	73.9010	17.9064
68.4928	187.8545	425.7654
179.3690	75.8960	294.0429
153.9979	53.6867	388.3241
120.1332	55.1340	62.7215
10.0026	48.7722	147.8381
191.9998	186.2145	44.3068
84.0572	20.6388	393.3296
138.4357	175.1286	122.4644
140.1693	158.7548	423.4068
83.1124	87.2047	261.6490
176.5411	0.3643	251.9835
12.2702	99.2102	234.4150
96.5642	24.2715	153.9527
2.8810	100.3168	415.5723
92.5236	78.1207	220.9866
179.1467	83.0747	148.5305
76.6466	140.6656	162.6672
144.0849	190.9267	284.8254
190.6116	45.7060	1.0560
125.5649	28.8527	293.0208
143.4719	150.0167	15.8669
100.8622	174.3239	376.1993
52.8561	108.4839	209.3109
24.4279	157.4558	435.7616
46.3054	20.5279	114.5491
137.6923	170.7895	448.1077
90.3455	117.0366	109.9643
59.3174	145.5267	192.6120
190.3051	186.9093	70.0417
99.4708	172.9318	210.8035
139.2104	113.3981	164.2684
70.7243	8.8961	314.8406
59.5015	157.9765	128.9080
160.7621	98.9254	85.9483
49.7528	94.9325	217.9231
45.0400	67.5442	201.1053
158.8827	35.9451	180.6068
74.2665	162.4173	426.7851
91.0191	10.3001	432.6651
165.5885	45.9277	70.7896
165.4114	31.7402	78.2087
158.2628	164.9763	110.7303
7.8954	70.0233	214.8777
71.1332	21.5515	65.9958
156.2877	22.6522	367.9317
143.8759	63.2971	340.8276
97.0251	83.6749	242.4103
115.6524	122.1667	10.2507
178.4449	123.2582	258.9033
130.1715	158.7390	140.2634
103.9492	109.6347	259.5633
54.3672	171.0206	434.8842
50.9274	104.9413	389.5695
38.9732	124.7209	120.7308
152.9670	114.8022	38.4080
113.6726	29.1279	448.1353
182.1638	80.2952	176.5299
34.6257	106.9923	5.6797
11.2911	117.8250	82.8534
125.6686	159.5018	334.1826
89.2743	27.7829	213.4000
2.1548	159.1276	428.4386
176.5137	56.0274	446.6518
41.9675	179.4926	219.8154
90.0661	136.1588	149.8994
166.2604	71.8422	243.3569
14.0620	117.1106	299.1563
140.5097	35.2856	389.8884
152.7227	123.0029	61.2034
162.7676	59.1782	391.6015
53.1226	152.2487	210.5728
82.2228	51.6671	407.4070
166.6592	20.0822	83.0043
128.3924	17.2645	280.1323
116.9875	139.5636	267.3743
159.5986	95.4385	246.8296
114.4969	49.0161	193.8210
20.6629	150.5471	71.4291
169.4491	108.8651	218.5933
69.8386	178.1314	283.0424
97.3931	31.2928	316.8891
30.8842	147.5900	127.8114
38.5114	123.2210	214.7674
186.9223	116.6093	83.9319
11.8213	62.5693	222.2296
14.1977	129.8047	277.3185
15.9942	28.3466	417.1382
140.6066	138.5295	59.1032
38.8867	78.5370	336.2137
81.0687	36.8068	323.0308
77.8836	44.3764	359.4266
95.3514	154.0813	334.9607
95.6173	86.5823	379.1310
57.7015	80.9347	315.9184
114.3674	101.2020	169.2427
72.2129	166.2313	328.1533
188.4737	63.8565	222.1399
6.3809	132.6594	232.1622
32.0757	27.1879	3.0966
0.7140	111.3967	446.5426
158.8432	159.5468	34.7993
129.0292	142.9101	410.9371
96.5676	105.9415	227.5580
19.5519	177.4803	247.0729
127.7139	141.3480	455.1539
93.8455	0.2464	323.4502
148.6377	120.7089	51.5231
42.3773	35.6234	144.5692
36.2590	6.0806	56.2094
144.8176	130.8420	222.7129
179.9049	94.3964	154.5552
64.1818	187.3840	249.2060
6.5242	180.7715	222.4061
72.9848	172.4713	109.0306
49.0448	29.6266	199.7369
138.6314	50.5886	122.2944
162.2790	42.1601	409.5801
101.0286	102.0252	263.3348
47.6086	63.5581	268.7863
179.9561	60.5231	345.3699
86.4871	185.4368	155.5773
91.2069	128.9835	389.8180
57.9989	133.9416	252.2754
122.1051	152.2596	346.2368
58.1952	33.0695	203.0794
99.8069	67.3172	234.4447
60.3041	157.4811	277.2948
26.0680	11.9124	138.2341
167.4537	76.8917	380.6382
1.6900	64.5864	271.7866
130.7369	55.0078	189.6264
87.1835	122.8425	199.1912
125.4647	23.9232	216.4768
67.8840	59.0117	7.3955
31.3149	12.0520	164.6264
33.2934	24.8013	426.3036
85.8887	161.1959	388.0130
90.2069	71.3644	203.6630
115.8312	156.5472	25.0189
60.6060	108.6588	209.8808
12.7951	56.3775	68.9805
163.0851	54.8835	324.7354
44.5859	184.2867	74.8483
94.3371	14.8226	443.0399
76.2641	188.6546	152.3307
69.7274	49.7704	105.5297
124.3035	43.5888	142.9164
68.8479	8.4222	124.1045
167.4947	138.5676	206.8872
112.5244	102.3579	226.8929
81.5131	164.0697	10.0306
107.2197	42.5910	376.1036
137.5181	6.0384	135.5331
74.8794	10.4207	51.5605
20.0120	106.8240	286.8358
88.7188	129.5611	101.8931
180.1895	59.2926	261.5757
15.4671	51.4444	37.5754
3.5038	30.7069	55.2685
126.6828	86.2042	109.7226
53.5524	135.2807	26.5320
87.3037	75.1682	309.5796
50.8156	187.6294	24.1096
81.2659	107.4276	14.0813
111.7998	188.0352	108.6424
134.2936	70.2150	34.5968
45.5090	182.1828	154.4300
10.5438	0.4056	191.3424
127.5763	70.3573	48.4105
13.2522	162.5448	18.2930
12.1660	178.9133	114.1139
81.9317	162.4174	269.7362
169.7615	44.9063	45.8834
183.1257	181.1423	237.6663
151.8143	160.8857	300.0696
21.2174	137.6535	444.7211
11.2166	81.6190	257.2759
23.7814	123.3809	19.9071
170.4110	167.5513	445.8333
20.3585	101.8149	179.5448
77.5523	11.1417	60.3140
63.2875	134.9973	143.7649
18.0691	164.1355	308.4172
150.6634	77.9668	121.9130
112.4146	41.0321	81.7720
86.0899	93.3167	169.7927
108.0771	106.9211	159.1269
98.2951	39.9015	324.2460
121.8524	68.3703	94.9113
15.2637	83.1174	254.0504
15.2585	99.1958	202.6114
174.3985	179.9306	269.3615
54.1298	161.8395	95.2354
44.3010	97.2867	194.8448
80.6244	126.2925	173.0576
89.4148	162.6399	320.1746
35.9872	172.7033	231.6842
114.5739	180.6401	442.0129
91.7369	58.7617	402.3160
66.0362	184.3965	59.7421
186.4875	47.3666	187.8199
43.7609	16.1848	311.9834
155.3584	17.0439	445.7733
107.5116	22.1396	325.3862
111.7417	148.6567	376.8993
133.4769	117.0260	322.6478
13.8397	87.9593	410.1700
178.2870	77.7671	34.5155
176.3213	127.1013	86.7697
117.6101	32.6499	21.0609
103.5413	13.5974	162.8221
166.7652	170.7955	108.9779
84.7293	169.6077	454.4062
72.8465	133.3496	108.5779
68.1921	153.3813	9.3453
186.6929	2.1365	302.9156
41.9645	129.1604	231.8240
191.3957	144.2538	105.7073
62.7565	105.1607	310.4419
106.6814	189.8415	19.7097
98.1108	35.2449	436.9358
51.1654	53.7135	162.7469
111.1053	92.7771	177.4642
162.6192	34.4743	173.2780
93.2659	17.7535	33.9589
142.3860	168.6887	280.0845
159.6114	49.4486	359.4549
86.5981	12.9551	181.8697
176.2985	129.1510	346.1273
139.9084	112.7806	392.6099
23.5510	75.9483	441.3747
23.3703	52.7629	199.7043
154.7190	24.6866	40.3474
143.1819	83.7166	344.8514
106.8959	162.1146	417.9131
13.0455	78.6228	431.3981
39.5995	170.3364	32.7075
13.4411	46.9229	48.8000
54.6562	24.5269	259.6535
133.4276	10.6211	46.7986
136.9296	131.2494	230.4179
39.5196	6.3636	359.2687
14.8482	130.5216	404.8951
149.4787	191.1157	258.3649
101.3002	168.5051	403.8473
175.9964	185.0817	38.5248
19.6379	41.8678	438.4815
88.5297	119.1969	345.6162
10.3497	121.5701	253.5927
166.7928	82.2064	319.3325
58.5319	83.8374	81.7537
134.8610	77.5405	89.1845
107.0768	32.3275	130.0778
88.3977	136.6214	103.1944
157.0173	142.8092	385.7324
44.8827	123.7125	197.6165
45.1388	93.3387	148.7919
49.8636	21.9804	96.3776
104.6950	59.6468	357.2842
95.5030	141.8930	70.7638
75.5828	149.4514	286.8103
76.1419	119.9857	334.6125
136.5038	4.5810	45.3327
162.4205	151.7756	398.0420
147.2032	10.0113	427.3963
17.9500	185.1685	194.6865
27.2767	57.7457	211.9452
41.4697	156.0828	159.4455
103.5405	62.1127	292.4426
31.5827	60.7780	195.3775
108.2528	172.1060	335.0458
44.8023	148.5445	236.6889
13.5031	92.7968	333.3086
144.2996	102.1991	91.1275
73.5784	9.1592	328.4613
95.7197	44.9761	210.9885
40.3259	154.1578	24.1088
76.7690	163.0821	415.9476
22.0850	123.7170	382.9085
46.9997	113.2275	242.8876
131.4302	174.8078	440.4725
110.6004	164.5609	6.3199
58.8046	29.1470	367.9443
117.0020	73.4022	422.9005
56.6023	17.9965	50.5769
174.8791	162.3881	64.7852
20.9929	92.9152	173.9258
167.2114	7.3977	281.2227
45.9702	165.0633	277.7855
136.7582	17.8036	135.9435
2.1350	127.7144	192.7662
48.6890	107.4024	259.4082
94.7191	161.6185	153.9319
120.5604	118.8442	350.0441
93.4809	100.4037	248.1062
110.8736	46.7741	137.0783
37.4881	181.0081	98.6188
15.2089	168.9470	66.9597
166.6647	178.3917	248.4891
21.9902	84.8332	140.6510
9.0872	86.5604	248.2454
62.6820	123.8773	87.9817
59.3543	123.3385	275.2981
146.2067	32.2481	330.6297
9.1237	83.9459	261.0116
30.8734	180.2324	108.3122
133.8175	25.1988	400.5717
109.6391	71.6721	287.4615
30.2576	137.5336	276.6676
59.1114	156.0923	351.5093
190.8873	3.0402	170.4134
68.3700	119.5017	211.6547
167.8428	159.0429	195.6293
136.3500	83.8062	90.4834
42.9201	52.4813	299.7839
113.2078	37.3611	55.0582
185.9037	150.7543	6.4321
127.5031	19.3688	308.0072
109.0534	186.4559	81.0489
84.0077	139.8383	348.7735
45.8312	163.3218	432.6445
162.6063	120.7722	11.2048
22.6077	125.9709	260.9578
163.6930	115.2470	152.0291
139.4330	35.5454	191.7511
141.1232	176.7150	405.9037
131.6066	175.1942	290.8873
19.0519	101.3482	104.2664
132.6300	160.8193	135.6825
112.0273	16.4863	28.0542
170.8858	167.8506	373.5669
78.3821	90.2610	453.1332
145.1330	63.9021	13.7350
130.3071	132.9652	27.0935
106.7565	56.3346	236.3545
185.9388	113.1469	226.4154
118.6754	188.4660	240.5427
16.5452	119.2461	401.3084
147.8559	68.7562	14.4431
2.8202	57.1531	227.3738
180.1771	163.4679	58.6307
31.6976	73.6809	317.7780
46.5146	109.1934	443.4538
154.2871	157.4638	28.3532
147.7591	74.8925	8.8452
151.7416	113.8913	342.7504
10.2513	31.4626	287.8003
97.0990	142.7605	314.4362
5.1908	64.4406	68.0042
77.1698	61.0750	394.4480
35.8167	80.3177	19.2490
152.7133	60.9954	413.5172
160.8709	77.0027	298.2064
120.1727	75.8791	392.8272
190.0511	184.2357	398.0220
112.6696	148.4231	257.6244
91.8120	9.7984	9.4569
2.5814	106.6570	226.6223
98.2451	42.4305	35.4913
136.5197	85.0000	196.3582
17.7080	117.2023	66.9100
153.1519	112.9276	243.2863
70.3143	44.6298	348.3720
91.7631	33.8006	95.9143
113.3528	109.5022	334.7688
168.2972	48.0788	183.0649
153.6729	81.6644	68.3211
110.3637	33.6050	431.5280
117.9136	50.3047	20.1008
110.3761	76.9981	247.2195
96.2432	116.5503	361.9238
75.8398	6.0126	357.3349
178.0121	81.8716	162.7310
87.6206	93.4380	23.7943
187.7183	175.3898	225.9711
90.6691	86.2714	31.6348
2.5905	47.4503	41.8350
148.9375	14.4570	200.8841
75.6874	187.8171	345.0490
174.9882	57.4615	8.8774
137.5373	37.6609	330.7050
73.8642	119.9496	439.7551
61.8028	163.3991	453.1954
150.2302	181.3400	234.6303
135.5436	6.9033	161.4422
42.9739	141.5260	66.8403
172.2038	151.2388	435.9668
151.4187	32.8454	201.7487
14.2059	98.2612	194.5855
155.7503	35.0477	450.5604
1.5962	191.4265	381.4809
131.1229	86.0606	445.2125
52.0298	83.3447	387.2476
52.4965	98.1814	391.2628
153.3171	161.1311	113.0531
177.8163	107.0986	368.2306
97.4025	81.4554	209.5125
109.4038	168.8849	263.4248
30.7059	172.3158	133.1515
43.1844	24.4890	105.5921
85.4207	59.1529	266.5054
163.9313	110.6305	387.3936
150.1011	140.4675	2.1547
71.7012	23.1541	20.7252
77.7537	42.4692	261.6745
10.4990	73.6693	327.9256
172.3953	87.5357	379.1852
163.5720	168.4520	336.7586
174.2039	19.2659	418.7464
78.7070	59.0986	12.1041
171.4873	110.7319	229.4379
2.1019	124.2251	348.2909
61.0436	4.7060	179.7043
11.0614	53.4875	291.8052
24.5552	177.9681	379.9404
47.8443	156.3565	39.0159
3.3164	139.0836	386.3617
176.0954	156.2006	165.9421
21.2231	152.1713	441.7474
165.6896	38.0309	412.4651
7.9181	87.6127	31.2314
92.1593	138.2726	105.7989
98.9031	125.0693	304.2894
82.4058	139.0376	232.2862
91.0238	167.4769	338.9817
41.3308	172.2965	22.5157
75.8127	162.0681	433.6350
131.2641	149.3795	1.6730
73.0244	69.5797	248.9560
53.2566	85.5094	263.7282
2.5969	49.0088	176.3727
191.5766	124.8580	138.0679
29.9014	129.2074	332.5147
41.3552	44.5588	335.2064
44.4758	188.3543	243.7889
162.8690	127.4785	184.8626
139.0465	41.8944	352.1567
43.9083	47.7790	372.7385
13.6960	119.0365	418.5220
30.8058	150.1356	303.5801
172.8596	150.1324	258.7150
178.1905	151.8078	82.3305
147.2905	93.5107	295.1212
111.4174	182.3490	445.2507
7.0897	6.8473	297.8674
32.6556	11.3906	427.2189
62.2512	11.4176	75.0863
184.9989	67.0759	435.8975
97.4598	141.5099	348.1751
31.4075	146.5457	455.6112
58.2129	24.5169	198.2483
1.8873	157.8392	151.4022
112.7815	41.7467	98.8531
54.7522	26.1425	133.7720
49.0205	138.0296	391.6880
30.1541	43.3423	65.1901
177.7548	183.0289	389.1511
89.3813	30.1707	395.9414
126.6817	68.4524	74.5634
92.0716	15.3580	36.6880
51.5259	160.5055	96.1606
125.7252	144.2870	403.7562
40.7836	72.3900	340.4856
155.0079	32.1746	416.5946
54.3695	122.5428	52.1856
100.9214	177.0631	419.9858
109.6641	136.7556	237.0864
12.2826	5.0654	385.2419
120.0342	82.6429	297.4358
157.6556	115.7653	332.7546
7.1958	175.7399	168.3525
172.2891	102.0771	98.8096
72.5484	53.7291	337.6711
110.2675	47.3824	438.0738
189.4798	134.8852	176.4470
47.5493	58.1878	433.2619
47.9971	78.8540	398.6575
179.7204	160.9479	135.9988
180.4464	155.6923	405.0651
0.7064	75.3254	236.0461
22.2582	184.6854	120.9824
47.1149	160.1353	398.0654
87.9004	60.8089	298.8597
88.1289	184.4944	307.2972
59.8075	160.1049	374.3038
97.7713	20.0993	300.3136
25.8989	164.1344	119.1272
98.5072	86.7177	429.0600
46.8706	17.6271	276.6423
69.9834	190.2578	298.1624
9.2176	182.0300	310.0266
73.8874	8.0917	339.5491
109.6813	42.0364	31.3260
158.7483	52.7223	405.2366
151.5370	142.8787	267.3847
19.4875	74.8691	148.5462
40.3476	143.5514	213.3808
36.5127	139.0797	269.8955
1.1144	104.6030	0.1724
95.8666	27.3753	308.8881
108.4518	105.5506	370.3084
86.8914	180.5061	45.6758
101.9695	71.9223	297.7805
6.4370	135.0568	269.7391
121.9309	50.6516	271.0889
57.5840	64.2196	98.8013
93.0816	27.8864	410.3824
74.9333	171.9056	445.6744
18.7513	116.6993	218.9698
142.4188	50.2647	30.7910
144.4916	168.9315	323.9829
142.4417	141.3106	8.7680
36.3353	149.3811	438.7482
111.9142	126.6637	32.7497
69.3590	65.8131	253.2754
70.9476	106.9852	346.2006
155.4806	146.7818	0.6150
107.6719	105.2162	307.4372
22.8485	170.8795	379.4799
41.5925	120.4554	129.6440
113.2875	66.8457	159.7323
171.5890	117.6174	260.2964
118.2415	76.0256	71.0296
147.3206	180.6397	34.7301
6.9901	146.6821	224.6680
88.2864	90.7508	191.7932
148.7895	35.5666	125.5575
182.4459	150.1049	454.1926
119.1173	19.2396	16.0442
187.5185	177.7738	81.6422
155.5547	135.9654	454.4255
84.6420	5.6255	359.2742
114.4721	0.0227	331.5490
46.6523	190.0620	363.9278
146.9235	60.8599	277.0018
117.8906	141.4590	56.5186
71.7179	74.8618	58.9286
148.3945	0.3406	286.1438
115.5715	101.2041	12.0046
25.9937	58.0703	85.9191
16.2850	74.8960	26.1415
107.5721	107.6847	0.8053
86.5297	89.9803	135.1068
170.4093	56.8789	193.3641
27.3474	55.4436	14.0389
151.4321	5.3082	244.4785
151.4706	151.4724	126.2343
185.0157	38.0364	422.1029
173.3071	50.2289	181.5621
153.7972	116.3836	382.5104
123.5072	176.9163	140.9511
59.7294	147.1716	169.9011
74.9667	190.4404	355.0567
76.5132	94.9070	160.9810
85.1080	82.7944	156.2313
103.4280	181.1548	111.7923
19.9242	18.6259	98.9005
162.5366	67.2401	191.3840
50.8444	93.9894	211.9251
178.8552	95.5404	394.3709
175.0432	74.2548	393.7220
49.7055	32.9958	390.1344
189.0360	125.7294	243.2119
75.2109	128.5931	352.5817
43.1852	165.3741	86.2294
38.5486	182.1193	222.6990
126.5082	111.1262	370.9626
179.1059	50.6718	119.0980
175.3907	133.6016	83.8413
36.9686	163.5871	236.1253
72.7331	63.7213	399.0721
83.6051	146.4375	1.6134
43.0286	114.2109	72.2705
14.9061	69.4502	196.2617
96.0344	47.9598	258.8257
51.6154	14.7108	35.5712
81.7303	41.4164	256.9808
163.1740	39.4508	338.6926
156.3502	28.4565	158.4801
32.9848	64.3738	188.1123
170.3157	152.5609	389.2479
133.5830	87.9579	7.2802
110.9496	75.6997	154.0420
36.8487	66.1140	145.5418
94.0063	150.1718	386.4031
103.2640	182.7988	368.1986
26.9704	13.3581	249.1680
75.6549	59.6953	423.7070
53.0186	15.9775	55.1307
64.1472	109.1428	203.4363
11.9440	12.3342	396.9300
108.5273	33.4867	243.4685
170.1146	160.3203	285.6832
38.3510	151.3381	37.4041
52.8084	189.2729	398.0318
159.6483	180.5050	74.7740
16.7502	190.7596	178.2352
54.0892	64.0686	356.8321
178.2308	186.5256	18.6210
131.0629	35.0347	391.2605
1.0773	71.1871	255.9171
158.0515	74.1595	130.2293
32.6938	182.0318	107.3032
191.6738	149.6713	144.5256
90.1342	116.7213	208.5483
185.2810	37.8894	269.3316
120.5042	172.5392	259.9184
152.0170	161.7896	99.7968
65.0181	76.6031	213.1675
172.1163	74.0728	357.4920
158.6426	118.8389	387.7821
33.6651	3.9444	150.7782
150.0953	49.0398	57.9967
68.9318	125.7518	328.3247
155.1604	142.5706	206.3871
162.2364	20.3197	347.6357
16.1232	123.4666	197.5362
89.4544	77.4528	243.5413
89.0804	54.4118	55.9773
89.8740	13.4301	348.5910
58.0085	191.4113	76.1073
136.9703	149.9387	265.7888
32.8119	161.0072	108.1751
105.0079	65.7263	244.7474
18.8793	180.4127	263.9242
134.4542	66.7108	375.9561
128.2402	26.0249	224.5738
33.2287	170.9370	402.4305
10.8144	191.3809	337.5695
119.8800	103.2238	259.3074
187.4975	42.3793	173.4924
79.2289	40.0952	387.6462
181.1433	143.9531	437.4523
64.2862	174.9755	202.5047
123.2877	111.8163	184.0372
124.3675	41.7638	324.7587
181.2278	118.4079	83.6558
32.2462	144.3973	118.6810
59.8353	67.3596	366.7043
106.3155	113.0962	359.2859
161.2860	58.1548	401.1849
92.0140	37.1057	79.2768
59.9745	165.1878	435.2103
92.8750	139.8127	114.0346
163.8787	162.9222	258.7240
168.3805	31.1399	12.3304
59.5995	159.8894	357.2297
24.3987	32.5363	122.8808
78.7349	117.7514	29.3014
114.4457	120.7741	270.6124
92.3542	170.4653	166.9159
54.3023	40.2947	309.4826
75.0451	115.4467	439.8780
69.0427	20.0458	127.0560
179.8507	180.6754	387.5114
27.9630	48.5920	292.5406
126.4224	133.5759	123.5766
79.5647	150.0317	240.6136
155.2705	85.4908	198.1040
126.2259	133.1219	289.9332
102.1487	177.6408	107.9391
168.3412	156.2352	352.3065
174.5111	72.4922	402.3297
60.2691	71.2980	387.4430
51.6387	105.7934	441.3130
81.0181	99.7529	6.1431
143.2031	118.8529	435.8141
120.0089	165.2755	247.2963
21.4511	95.6768	286.6122
168.2428	70.6583	54.7020
41.7234	131.5476	165.4976
168.6220	163.3572	64.9209
153.8653	53.5613	286.8510
60.3776	105.6656	105.8474
146.1605	163.2536	206.4828
153.3018	150.6247	412.2396
178.1985	177.6058	172.4548
99.2418	143.7331	198.3255
105.6853	149.4895	115.6700
152.8255	135.7192	176.8631
69.6806	75.1630	252.7923
1.3533	166.0647	183.4463
68.9165	27.6899	240.7531
190.7800	38.8562	120.1607
25.3015	53.8183	203.8984
53.0186	15.9775	55.1307
153.7528	161.6444	116.6226
21.4470	40.0357	0.9391
77.5571	106.6013	358.4688
32.0727	96.9786	64.6144
56.0548	14.0590	106.2473
140.1962	103.5948	390.1064
97.8416	1.7386	333.0020
94.6810	96.1619	199.5061
128.6530	172.9703	358.8178
101.3489	40.9286	317.2138
60.1636	168.7670	55.3806
70.1499	114.1749	311.1618
132.7343	187.5213	198.9353
158.9240	67.8125	323.8900
93.4563	25.9244	313.1604
101.3664	37.5385	71.2746
65.4834	98.1351	295.1706
88.9263	186.4479	68.7104
176.7051	119.6654	281.0284
187.6966	37.9087	259.4600
60.9869	133.4069	104.8173
99.4071	48.5707	59.7766
90.8649	104.4813	356.2549
125.2319	67.2923	216.5457
148.4992	62.7084	451.1286
68.8368	20.6898	48.1889
173.9779	52.9276	57.0517
177.0342	9.5592	81.7452
99.0899	167.7653	164.9761
131.0962	158.0378	147.2928
148.0654	110.6605	221.3046
154.4930	82.5052	304.4338
105.0521	173.7252	169.0677
64.6674	31.9463	97.1875
189.8468	188.6777	314.0378
173.4734	158.1431	393.4082
123.6381	3.5886	143.3369
172.5136	185.3953	244.2932
106.2071	61.0649	295.2422
35.3830	78.1017	68.4466
156.7945	73.2337	185.6734
41.2880	179.6590	194.2363
121.9275	109.8839	140.9244
62.3109	100.4259	442.7372
94.0693	166.6748	135.2736
85.8303	180.6298	89.2087
94.9860	86.7421	374.6670
166.3945	56.5152	133.2007
160.8224	64.8616	423.2637
190.0242	161.0708	431.7551
153.6773	104.5651	338.4598
168.0329	91.2829	201.4899
182.8179	34.6366	272.2754
97.1551	43.2357	106.8266
32.4304	161.7047	381.4730
29.6344	12.6051	24.1830
102.0908	131.4611	387.8550
39.5693	144.1469	455.0415
94.5224	17.3788	169.6323
81.2040	95.5475	414.9517
59.0129	23.2938	433.9422
156.7076	150.9075	102.4633
110.4012	147.5389	85.2807
5.6297	130.0151	446.0363
145.3696	63.1994	413.7795
14.3850	63.8546	438.1201
184.1731	122.0352	221.5331
137.6384	47.7970	44.9613
99.5805	142.2106	87.1771
32.4432	88.3425	52.3049
131.0994	36.2930	237.6193
85.4781	64.3260	170.5280
86.7708	139.0181	235.3499
181.8253	82.0059	365.7663
114.1621	73.7181	291.3354
2.8617	121.8642	216.5520
158.5386	190.8058	117.0170
80.1244	3.7373	180.9560
152.3428	110.2142	42.3103
27.3759	132.5124	360.2810
95.1130	130.7805	158.0348
124.9807	27.8561	328.6013
81.7206	94.4085	130.9383
14.3702	135.0233	129.3666
72.4830	56.4545	362.9208
35.4607	172.3035	448.6044
133.2490	129.5790	32.9303
38.3254	144.7703	125.2531
81.8903	105.6804	121.6124
115.6537	57.1921	257.9379
57.4754	15.9432	448.0331
132.5840	55.9829	135.5689
18.6309	47.8403	53.7298
153.5638	175.1996	236.3198
12.1408	187.5027	193.5531
12.5820	19.7987	87.0962
36.4289	56.8928	189.6685
28.2673	162.7885	313.8676
97.1780	142.2133	359.4697
82.0000	75.7531	242.6133
59.2906	87.0642	350.7592
174.7123	157.9094	23.9018
94.6578	53.2523	397.8462
71.1803	154.5255	32.3675
9.2054	3.9552	434.2923
70.9483	40.0994	46.7201
106.1215	70.1953	231.2465
111.3415	73.9023	200.4327
35.7156	170.9103	425.4190
180.2818	62.4975	392.5111
188.3833	102.9733	394.4956
48.1691	71.1863	75.8030
125.5408	52.9322	117.6253
186.2114	23.2355	263.0867
185.5004	134.6731	451.1227
18.5424	62.3000	98.9977
181.4180	75.1702	276.0458
180.8640	152.1072	437.2595
181.8392	125.3341	16.2647
106.8403	16.8207	8.4288
119.8997	98.1423	399.5379
51.3553	134.3633	17.4816
182.8227	189.3029	435.7686
108.2056	44.5902	224.6792
9.2717	42.0433	365.6837
78.0270	105.5087	209.4473
93.3701	169.2393	165.2885
141.5910	4.0507	376.7568
139.2526	6.5466	252.9485
24.5086	124.6304	452.6265
130.6823	144.2839	205.7379
113.0087	186.6313	21.8444
134.9936	188.8159	397.8045
83.8145	156.0537	15.3666
178.1393	99.3848	362.2873
86.8457	187.7761	209.5777
151.9791	53.5177	415.0425
48.0157	30.8543	97.7507
12.7697	49.9594	219.7514
64.8744	109.0504	48.7565
134.7490	57.2698	126.2390
37.1700	183.6478	57.4035
65.7760	131.4503	438.8393
153.9588	135.2582	225.6521
165.8735	24.5265	363.4255
85.8614	39.6443	146.3913
12.5676	86.8966	148.4602
121.0354	115.5480	324.4681
120.0702	13.8668	75.1777
146.0460	165.4122	226.0307
94.5685	107.6858	414.8465
128.5867	39.1708	339.9478
160.0109	108.2158	114.7393
41.1138	23.5187	301.0745
93.5609	28.9241	239.1201
16.0212	110.5433	236.4767
113.7343	28.1418	47.3787
141.9318	70.2384	5.6204
189.9444	188.5789	189.4755
177.9679	151.2502	260.8278
104.8145	62.7343	282.5586
40.4074	114.1096	75.0189
85.2600	102.7113	122.7519
183.2172	173.8943	134.5477
158.5892	128.1815	315.2715
8.7301	91.4311	86.9716
91.0589	106.5500	36.2079
69.6257	130.5190	390.2695
75.5641	108.0837	338.1046
138.4976	187.1154	206.6112
19.0574	126.1093	193.6329
95.6632	146.2632	357.4375
135.1680	76.4897	423.9579
99.5976	172.9206	121.2277
61.6372	38.1629	193.8236
190.5990	131.5502	404.3149
29.4366	99.6636	42.0771
23.2499	122.3987	312.1837
170.6582	60.2291	132.4271
126.0223	187.1775	402.8650
145.5860	48.6035	370.0673
97.6487	35.6449	406.5572
2.2644	167.8845	367.4546
102.9665	2.2084	272.4748
142.6198	32.6378	348.4586
173.1244	83.0161	303.6882
49.2936	63.6279	206.1713
136.9443	107.4837	311.3843
65.2436	155.1921	410.6966
130.4124	52.5814	320.4469
177.3046	29.1895	360.1521
118.1126	126.4998	25.9022
149.1032	134.7110	251.6366
77.8305	67.3139	234.7474
181.5957	81.6105	151.6042
28.8730	94.2951	271.2222
119.7326	75.2910	122.2185
51.3448	26.3781	107.1960
33.8127	168.9532	264.8078
166.5708	121.3513	245.0741
89.1065	48.9632	348.7878
180.6217	52.9492	120.5574
114.0318	13.2408	102.9463
184.1535	121.0245	245.8704
175.8384	9.0065	194.6675
166.9618	33.6863	437.8873
25.4609	172.9002	333.0136
107.8068	55.5163	358.0092
72.3456	103.5375	232.4086
100.6788	99.4379	248.5777
106.5616	46.0100	302.5383
38.0251	129.2703	88.7439
69.0873	0.4540	440.6304
7.2977	157.6242	29.1594
65.6908	120.4216	9.3344
125.3711	118.7432	439.6675
91.1829	74.9630	434.4174
154.5882	71.0098	353.2877
50.8125	155.5447	14.1678
68.8970	22.7598	228.6508
93.5746	18.0340	377.3231
31.3453	122.7148	248.0930
125.6391	113.1802	372.0301
50.0657	143.7895	453.2540
33.2775	99.4781	200.5200
80.6845	167.7485	376.3078
102.0359	168.7167	369.7109
189.8839	77.2448	31.1586
64.6427	62.1085	445.0194
129.4749	40.9222	72.8676
120.0095	65.0578	299.1059
179.1292	144.1060	244.6565
122.1333	164.1786	337.1472
57.0704	40.7011	401.1971
92.5571	186.7962	88.1348
169.5095	41.4218	423.7234
104.2813	103.0922	319.5423
81.0574	161.9676	400.3513
45.3287	40.3322	55.4573
96.7628	92.8557	89.8467
169.0130	6.9138	339.3055
16.5502	43.7434	318.1633
42.2756	5.4450	313.6447
63.9919	144.5342	103.1152
37.0123	68.2742	157.9112
148.2373	180.2637	386.2433
21.5622	72.2324	256.1445
38.2482	38.0804	52.2424
24.7204	87.3096	59.3292
158.1370	189.1965	411.4983
182.0754	135.0939	184.4209
115.9989	190.1388	154.9896
7.3156	167.7498	145.7707
168.1411	105.4926	365.1005
89.8538	173.7113	340.5248
146.7031	29.5637	123.3048
108.9891	13.2366	174.0512
134.2771	182.4225	354.4658
66.4282	31.0687	275.3450
162.0606	127.2282	49.2933
120.3083	76.4707	32.9277
15.8455	119.6867	120.1302
111.2629	44.6910	332.5150
157.1968	77.0653	408.1940
160.3864	98.1029	217.1584
128.0363	176.6385	50.4796
52.2700	101.5401	228.3937
161.7488	164.5858	400.0125
24.4650	98.4418	141.1850
85.4681	23.5787	150.5779
58.9094	125.7812	46.7022
160.3165	57.9340	87.3229
35.2114	156.4131	364.3516
156.1444	124.5145	335.4427
6.2837	93.0995	291.0749
141.4260	159.5804	39.3344
153.3322	44.1431	320.0072
104.1897	14.8346	293.8067
87.8404	100.2588	121.7831
182.7041	125.0144	289.0006
3.1916	42.3260	96.9296
102.2030	186.2996	129.2881
74.9213	117.7098	216.6057
24.0178	133.8475	50.4472
70.4989	103.9478	422.9629
125.6811	131.9848	314.5196
46.7313	53.0521	443.8708
143.8608	90.5131	84.2166
71.6266	72.9038	419.8765
128.7417	26.9242	171.2595
130.1429	144.5026	418.5934
171.6545	139.2249	420.0458
66.5342	80.8235	244.0086
156.8769	179.4160	318.3340
12.9528	134.0986	379.8807
137.6363	139.9821	180.0723
53.0985	77.7185	385.2506
76.4893	11.8263	432.7707
185.6732	141.0442	347.2896
188.2257	147.0617	321.4595
159.7279	191.1910	414.1416
75.1762	68.7129	265.8702
92.4966	53.9017	50.2012
87.6176	87.2499	75.6209
170.4329	76.1553	117.1823
135.4727	115.7529	195.6803
98.9137	151.4354	385.7655
178.7957	157.5654	422.7747
160.0038	129.7185	80.7536
46.6644	138.5969	3.8397
17.6337	118.8710	138.2359
184.5152	140.9143	110.5664
66.1609	0.3285	405.4187
31.6249	111.3691	64.5680
84.5025	132.0227	334.2522
41.2966	177.0943	36.9098
110.1526	63.1673	231.9922
80.2309	147.8100	180.0629
146.1593	3.7210	239.3523
80.4853	38.8778	99.4174
126.1010	135.9238	14.1081
82.8223	72.9853	314.1056
135.9586	140.7320	113.5636
2.0295	21.5071	363.7651
168.8803	0.9583	162.3117
189.3672	109.5908	406.2943
143.5142	170.2602	82.3694
131.6571	166.0360	452.3885
16.7636	176.4681	106.7882
96.1807	47.7559	308.2465
138.7442	164.6978	36.1986
173.0595	146.7514	182.5746
181.0075	79.9027	182.2212
146.6277	9.7630	71.7860
92.3178	70.7014	257.6080
106.0966	125.6695	107.1051
141.6171	155.5956	41.1370
120.8167	6.6040	105.3202
122.1631	15.8476	114.6474
154.6443	162.2460	129.9238
111.0813	174.6168	439.9278
183.0216	119.1182	288.5295
54.6751	107.3520	390.4793
70.0412	144.9225	329.4664
109.3270	159.8238	21.8852
38.3705	69.3059	446.8034
59.2082	101.9764	362.2817
17.8937	149.6696	0.4031
46.9064	67.0725	124.9339
107.1969	115.3090	446.2077
166.5667	39.2515	152.6216
173.6975	156.2202	238.2588
163.2180	176.6509	428.1422
5.7815	116.3461	165.4423
34.6763	23.7947	38.4402
48.1315	147.2954	452.9961
43.5769	70.4873	353.8863
32.2488	157.1109	315.6902
187.4891	65.6652	97.5222
26.1130	167.9491	103.2879
107.5456	60.2769	240.8448
99.3783	144.7705	437.6604
84.8181	122.6677	21.0752
99.7985	10.0454	177.9213
157.6426	67.7854	68.7489
158.6395	118.1680	211.2114
68.8875	57.0086	447.0793
172.6328	44.9479	407.5717
120.7507	110.3965	232.6802
40.2890	145.6736	353.2922
53.3344	160.1451	84.5808
9.3247	6.2520	258.9235
174.8876	96.6375	245.5649
169.9464	32.4801	445.1428
187.8716	33.2840	202.4540
81.5507	11.8949	11.2686
81.6105	7.1175	162.8338
152.4202	123.4010	140.6465
126.6865	21.6277	41.8204
98.3326	14.3252	179.9699
162.6322	107.8931	123.8774
167.6701	22.7460	98.7930
67.7963	14.7711	216.3995
59.1100	63.2719	24.1906
175.0314	39.0001	199.1985
62.8451	66.0944	418.2698
28.8247	136.9669	206.3393
76.2066	189.3916	81.5260
75.7806	33.9245	294.8946
92.1802	51.0612	346.8264
41.5487	61.5792	293.8579
111.4745	132.6132	183.7262
118.7620	168.6041	277.0605
59.7605	46.6920	382.0431
125.5321	77.0462	95.3993
80.5387	55.9991	407.4376
73.1391	55.9135	403.7907
122.0920	50.7955	247.6398
101.2569	170.1147	135.0717
127.8399	39.7030	60.5939
101.8546	75.9237	172.2101
96.2556	87.2767	268.0310
136.5619	86.3727	351.1535
23.1970	141.2131	104.7343
22.1655	118.7640	309.4614
87.7878	147.5858	354.2559
124.0012	154.4451	257.3009
73.6110	124.9007	174.9181
12.7655	139.2340	352.0586
5.5536	65.3533	268.3234
117.9317	68.2854	262.8389
188.3176	36.2118	122.1846
110.8880	68.7936	242.4914
92.9403	14.5263	339.4867
56.3070	94.1121	302.4162
177.2556	151.8125	293.3915
131.6474	185.7993	85.0518
34.1495	7.6868	208.7865
6.0906	32.2543	49.0641
69.4747	162.3416	5.9388
50.4051	99.8420	391.2415
77.2628	74.3743	411.7413
126.1825	44.0584	450.1301
8.9500	34.2473	27.9376
43.5001	92.8681	182.8897
34.1108	78.7710	108.6328
13.5990	64.8207	218.9261
184.3379	169.6268	455.5575
88.5675	110.4148	200.6120
131.8361	1.2929	387.4431
42.6727	146.5696	38.6958
189.6584	59.8186	308.8704
187.8104	159.9023	314.1126
189.0003	75.2250	417.9622
94.2980	52.6208	335.7093
166.3076	64.7108	326.0600
68.6734	118.4803	61.6004
176.4261	103.4702	402.2476
191.0623	183.4738	379.0311
55.5390	102.0052	208.4104
157.6300	149.4175	245.8479
30.1707	186.9594	289.6607
97.7120	122.3604	154.7109
58.5908	146.0845	274.6418
26.7364	154.4903	280.4197
166.5521	137.1524	431.8705
124.3269	169.5325	36.6550
168.7389	147.0171	317.3621
44.4623	188.4439	132.5318
189.1343	1.2328	319.7908
81.1903	181.6279	74.9356
174.3095	136.8502	303.9584
115.5523	59.4729	426.1297
42.0085	170.1041	245.8880
39.0506	183.4640	52.7501
187.5759	37.4170	256.9620
161.3544	177.9735	122.8800
184.0108	44.3093	408.4126
152.6938	188.2089	328.2628
71.3555	48.6417	89.9374
35.7141	15.5522	327.7007
72.3245	179.4650	221.9480
17.0982	104.5699	205.1693
79.0437	65.1168	405.3357
120.9262	111.2715	36.5214
183.9152	88.0963	425.6289
63.5745	126.2014	382.2875
88.3496	50.3454	448.0561
46.4411	42.0249	204.4239
0.7530	147.1439	406.3818
92.4782	63.3046	316.2801
127.1562	85.6689	191.3737
117.5945	114.9205	42.0194
167.4538	169.9962	144.8706
12.9880	164.6721	394.3091
133.2345	164.4666	445.8700
25.6941	175.6866	379.1547
24.1766	133.5774	69.8662
64.7244	13.8052	330.9709
155.7690	132.9864	316.4240
71.2427	135.2715	316.7322
146.2581	68.4923	46.9056
67.8320	83.2722	173.8258
48.9157	41.9712	237.0789
161.9119	174.5496	437.1090
141.8118	73.7237	320.9698
12.7990	162.1320	4.1397
186.7505	141.6937	22.1637
119.6009	122.0285	114.7492
99.5241	8.6330	306.8765
60.1728	69.3090	95.7150
2.2200	84.0786	390.6666
131.3969	114.3520	142.9974
1.9778	28.1074	1.9064
182.1160	36.6525	77.5721
36.3803	67.0037	7.0376
187.5264	87.3204	286.2101
103.6839	148.1193	184.5622
144.6417	28.7281	359.0176
178.1735	53.8419	335.4375
114.9834	93.4769	65.3490
64.2870	44.4148	65.7949
170.8117	60.6966	322.7720
155.3700	26.6510	7.3770
39.6711	88.8688	262.6143
51.9664	21.6969	316.7993
29.0777	37.0170	189.7694
126.1546	110.9277	392.7536
43.5122	131.7093	172.7632
63.6754	105.9232	112.0471
77.0393	144.7188	91.7483
161.7998	64.0514	415.1852
127.5405	58.2780	223.1926
68.9526	60.7661	8.4762
93.5518	115.1897	110.4731
117.0939	153.8771	384.8842
142.7418	54.5500	246.7069
21.8945	14.4070	75.8002
170.4944	87.2658	454.8832
158.9226	121.8866	323.0159
80.6360	151.6835	346.7570
44.4461	98.0323	139.4754
114.0047	82.9573	289.1256
80.7450	34.8913	65.0341
10.5212	161.3064	230.5652
118.4363	11.8596	152.1530
84.8888	48.1325	446.4668
162.0153	60.4985	95.5313
177.7644	56.3023	241.1330
122.0552	117.5240	268.7303
103.4098	74.1392	393.2173
28.9593	63.5853	200.8226
6.5676	123.1172	277.8663
142.4460	172.0634	279.9979
10.7154	120.1306	168.3096
87.6637	146.8188	274.5366
5.3591	7.3191	260.7587
188.6693	169.0833	6.9294
141.5296	67.6611	142.1770
42.4678	26.7676	384.1561
136.1370	31.3701	146.0634
161.1765	88.7833	75.5337
151.8436	85.7252	284.2571
20.7834	155.9673	409.2790
85.9420	92.1308	74.9415
188.9356	110.8406	336.1136
96.1451	123.1583	174.6128
166.3841	80.6055	301.9042
29.1522	151.1526	131.2978
67.3394	170.0522	381.1969
64.9248	172.8886	329.9597
21.3402	82.3789	172.1429
84.8797	176.4590	105.5888
96.4701	124.5804	261.5922
60.2082	153.9703	47.1276
89.4262	5.6520	380.4030
175.7378	190.2056	354.5104
17.4660	27.7267	296.0011
101.5634	164.0444	355.7986
49.0069	116.8904	212.4563
126.1120	0.7286	16.6028
78.0400	38.1173	269.1631
123.8663	66.9195	327.3269
154.3842	120.3434	130.7587
22.4554	38.5706	371.2740
9.2365	141.6109	366.7663
174.5610	64.2559	440.0476
49.8457	178.4996	236.7559
141.8994	183.3487	360.9155
101.5561	147.1928	6.5454
118.6845	162.7476	46.8186
76.5265	85.2271	336.0016
16.4898	103.1012	403.7505
99.8036	166.4439	429.5478
118.7436	160.8455	88.3028
188.7960	49.9593	386.3238
45.3087	167.7591	133.3530
84.4885	70.8920	240.3106
96.7723	117.4156	174.3925
89.8503	150.0974	275.4591
92.8979	82.9847	211.0843
169.9828	153.2206	182.0409
98.0762	98.7718	157.8546
96.9554	150.0016	328.1567
6.6928	19.1297	176.3537
71.1501	145.5829	221.4301
88.0976	177.2271	173.6354
190.9981	153.2637	89.4337
176.9316	88.1057	101.6610
101.5959	48.6578	387.6054
164.3184	95.7698	110.7603
167.4560	169.7569	265.1055
59.6176	34.2213	166.4867
153.4406	162.3387	389.1001
62.5051	156.4665	449.7609
95.7756	17.0737	188.1382
166.4648	150.6241	178.9872
25.7413	95.9703	446.0290
187.5540	155.2053	126.0884
54.6068	35.7732	371.2781
92.0003	127.0359	337.9953
89.7956	22.1356	397.9560
155.9514	189.0352	150.1316
22.0228	74.3860	144.9471
100.7501	45.4469	308.4033
170.9272	34.8538	351.7133
53.0186	15.9775	55.1307
22.3202	31.7981	357.9090
162.5104	57.8555	402.7576
80.6005	128.0641	300.5608
7.4221	6.1150	309.2326
169.0332	127.4342	227.6074
162.5996	19.3028	422.0062
51.4057	40.2918	307.6645
165.1774	141.5776	168.1818
112.7892	26.5825	196.4822
136.8000	28.7532	188.7208
17.2710	40.9594	306.0133
113.7257	93.4573	282.6181
150.2288	107.0328	9.4055
118.9258	139.5877	386.4993
121.9661	46.0095	301.8758
46.6236	175.7301	447.1307
1.8798	25.1460	265.6454
61.9269	69.6451	390.5130
11.3865	154.8135	311.3185
41.4030	174.7805	35.6738
92.6881	8.8281	222.1276
68.5817	83.3261	215.2355
150.5992	61.8750	400.9987
80.2216	102.0037	410.5789
8.9529	7.9196	397.3968
140.1797	72.3516	178.9997
71.7667	153.6434	19.7819
175.4890	57.5873	48.5857
168.2973	92.2168	208.4248
39.3271	38.8138	267.9640
183.5013	185.5049	225.1416
8.1009	152.3378	332.4876
164.2482	18.2407	102.5197
12.1084	13.3333	381.8229
123.8176	133.0301	182.3783
51.0227	53.8582	433.2400
89.7688	76.4049	208.4184
147.2270	29.0333	412.0228
103.4010	2.0196	278.3498
8.1392	108.2264	414.3916
128.9301	51.8759	73.2525
131.6819	0.1646	108.1578
186.7168	102.5536	446.3575
176.5322	56.4271	269.1509
3.5648	120.7534	223.7673
40.5102	111.5715	129.3196
90.9790	7.9944	95.7536
16.4262	81.3634	246.4947
83.9719	164.9734	234.7452
159.3693	36.1775	413.4529
40.6503	161.1591	84.8608
21.0463	180.7018	422.1408
138.9895	100.7690	102.3173
125.7744	162.5117	199.9030
75.7165	148.3892	185.2526
118.3128	51.0494	447.0089
86.1553	177.5403	312.3665
66.3773	52.9619	44.9667
106.8364	116.8405	445.6484
45.4764	64.7135	303.1046
135.4208	122.9350	453.4200
154.2151	29.4920	90.0376
38.2167	30.4880	348.2221
44.1098	64.2283	151.6968
85.2342	33.2060	4.0920
101.3314	101.0853	78.9297
72.5460	147.0455	291.3558
82.4411	60.6453	305.7601
75.9542	72.4543	305.4446
191.5524	160.6820	238.6614
128.4318	42.0527	136.7385
27.8262	91.3749	25.4318
9.2965	117.3874	61.3684
38.7938	184.9669	42.2069
180.4520	93.1514	305.6971
156.7694	4.9646	388.4932
63.6508	107.3725	354.7516
182.6835	81.8413	53.2771
42.0875	56.9196	316.8830
42.2341	121.0279	232.8692
37.0098	124.5365	407.0253
127.7334	149.1657	218.1889
135.4011	129.6038	53.2400
162.0404	169.8159	275.9611
34.3264	32.4694	194.9247
36.1958	25.1653	141.0962
38.9908	121.0591	126.3818
132.4123	109.8387	319.3735
29.8088	97.6045	327.6631
100.4688	85.0535	171.3081
144.8287	128.8882	315.7939
121.4448	20.3594	262.0760
83.5903	127.4266	80.9607
44.1740	142.5096	43.8724
172.9477	91.5478	119.7134
97.1888	51.9804	212.4876
19.3632	33.1689	31.8419
141.0981	66.6093	422.5870
111.1373	43.0357	210.4474
107.1310	169.3889	248.7328
130.9691	154.4104	13.4476
121.9998	10.7349	409.0012
142.7292	12.6968	263.1235
164.1193	188.3657	330.3596
137.0044	68.5630	433.6806
41.1876	22.5851	289.9034
17.5943	74.5511	183.4136
190.8034	20.5531	444.4270
71.9162	13.1002	4.1532
124.8004	62.4182	429.5383
72.3919	81.3588	259.7796
1.0477	107.2319	450.8425
106.0145	100.7083	401.7656
190.2222	170.3692	181.7266
106.1504	85.2502	294.4469
170.6521	173.2923	92.6139
78.9936	192.1774	13.3098
147.7917	178.8558	316.0186
129.5065	173.9062	70.5986
166.3282	123.6813	391.8088
67.6358	27.7012	175.8102
26.4235	141.0745	419.1070
125.2305	44.8180	358.0769
77.8346	150.2324	307.3148
104.9900	109.7260	181.8079
36.6565	103.1533	312.1607
20.4115	30.4615	443.8545
112.3405	142.1640	22.1375
108.6577	96.1707	370.9538
70.8516	171.7224	98.3816
149.2793	153.4479	124.6788
88.5876	169.6211	380.8291
169.0511	131.5700	335.7799
20.6584	4.2396	341.4440
67.1436	10.0241	323.7534
42.4128	17.3465	289.9285
189.9550	166.3483	417.9329
18.0842	120.1165	256.1359
167.4884	49.2947	388.8958
171.8373	5.4210	73.8979
11.4238	176.2230	199.0715
104.7442	46.9153	207.1028
146.8290	127.2542	205.7968
188.6616	66.4698	138.0095
69.7306	141.5749	443.5705
131.2235	186.1048	220.2907
10.4625	140.3572	393.0874
93.8011	92.6024	423.7599
120.4075	184.7872	428.6682
42.1972	29.6591	53.8339
183.7698	3.3048	320.2684
33.4383	23.4618	69.1438
114.1306	41.3620	96.0738
111.8080	96.9693	230.1832
166.7684	72.0192	125.6430
100.5707	76.5426	228.3936
23.6335	87.1084	306.1185
22.8040	113.5806	17.0529
187.1887	114.7581	112.8084
173.6978	74.1132	41.4530
148.7787	13.7086	417.6411
6.7407	74.2130	355.5955
24.7655	96.8126	170.5301
65.7393	142.7695	196.1045
9.7020	125.0249	328.4458
93.8529	125.8709	113.7067
121.2209	174.4780	43.4577
113.1360	114.5656	150.8308
91.4764	141.2680	8.0209
114.2537	2.7561	180.0941
13.4494	149.8789	446.3959
62.6396	147.6380	206.3205
2.3305	60.2014	312.4685
48.5867	26.3809	429.1967
177.8141	113.1841	222.3518
16.7397	191.3039	397.9610
83.0034	164.1364	394.9491
1.2769	169.6403	159.3577
50.9272	109.3211	388.2738
105.9946	8.1821	26.4616
164.8321	156.3933	4.0935
88.7178	90.8375	56.1890
128.7462	67.2528	69.5028
192.2105	19.2924	292.4404
10.1849	106.3173	87.9676
1.5804	170.2634	175.0499
29.1085	23.3191	425.9767
71.6187	85.1130	287.9554
104.5398	10.7673	77.9549
158.9193	110.4898	233.5551
67.9052	182.1364	199.8712
106.5176	32.5117	13.6225
9.9912	50.3541	155.7184
166.6959	140.7043	6.1240
171.2302	10.4333	66.6729
10.7452	116.1341	105.4256
123.9392	81.0669	3.0113
189.0891	9.2679	350.3387
120.1160	52.8131	33.6709
104.5073	77.1747	277.5587
176.0056	133.8814	61.8996
33.6547	139.0209	353.2757
102.2440	76.2720	308.7143
4.6802	117.7592	343.5335
132.6786	137.7157	29.1662
56.9014	22.8371	135.4644
140.3644	32.8978	168.5054
150.7324	54.7497	422.1552
6.0567	129.2928	219.8365
68.9526	93.5761	303.6285
141.5749	43.9572	275.4770
74.7216	3.4121	116.3070
51.8531	63.8305	133.5326
114.7011	142.9934	252.7050
131.3364	186.2522	182.4095
116.1506	46.1267	402.0209
81.6615	40.0774	205.0212
97.2928	96.9702	330.8359
129.2908	163.3383	264.8290
86.6552	71.9108	234.2813
144.8330	15.7941	259.3215
98.2507	17.2853	359.5281
34.9444	100.9809	15.1780
11.1019	103.3195	207.3200
21.2306	122.8323	450.3836
150.3737	53.6005	26.1673
20.3513	75.9805	220.1472
141.0385	81.1806	299.8019
21.7682	89.7416	213.0234
124.7003	170.8071	387.9860
189.2927	171.7176	145.9163
175.4935	160.4997	301.3333
102.1683	21.2372	18.6145
46.2943	142.5847	223.9523
100.3819	125.1450	379.3322
14.2138	66.7445	266.5680
97.3680	165.8361	76.2281
0.2985	110.3264	2.6520
86.4252	80.9497	52.1914
130.2607	172.2858	396.0038
10.5684	50.9421	178.5524
139.6736	57.5601	322.2531
56.9109	53.4529	380.6380
131.4827	95.1253	283.7707
130.8430	87.6661	421.3166
100.2172	135.5100	279.8896
96.6415	162.7330	241.8638
1.7760	170.3451	28.0018
34.1158	84.0098	276.5131
136.3270	176.4762	346.5156
6.7196	141.0552	424.5455
91.6395	13.9977	276.7111
67.5999	21.3925	322.5540
111.0540	153.4751	327.2767
137.8063	4.3527	301.0214
57.9834	156.3057	404.3829
129.2972	141.1902	299.3711
140.9870	91.1386	106.0448
1.4578	153.7456	99.8739
12.5181	27.3410	304.5722
19.5554	6.1396	417.2649
177.6782	27.7626	239.3362
167.2677	18.2674	121.7303
44.9241	177.1967	11.7440
169.0957	87.7495	29.6375
22.1638	143.4941	40.4591
153.7134	167.1093	214.5871
72.6018	84.7939	198.5845
26.0259	132.4814	36.7536
145.7611	156.7039	333.1086
75.1277	106.8213	389.6309
147.9025	5.0480	147.6669
97.4867	7.3160	379.3050
128.4244	11.0564	149.8858
127.0345	78.6100	140.0197
0.5725	3.6578	297.7241
141.9579	141.7992	452.1360
34.2885	21.6663	268.8611
63.8888	96.7936	295.3104
14.1966	79.1757	246.3402
11.1533	47.0091	274.2342
14.9944	154.4078	142.8222
28.7765	89.2432	242.5349
105.7841	140.4839	255.9600
1.7612	16.3370	66.1856
145.2896	116.1878	302.6464
1.1570	45.7288	304.0916
98.0970	55.2898	417.0243
26.2189	164.5702	166.5470
188.6406	54.3980	45.1530
163.0450	105.4266	96.5286
20.0968	28.7049	382.9017
40.2014	57.7338	74.8118
99.1971	101.3217	87.8872
122.9697	185.0155	204.1874
99.5423	105.1660	75.8639
62.7152	15.2806	127.6984
56.7806	26.9919	34.5696
39.3979	13.3108	107.9521
156.5383	8.4780	279.4330
145.9843	123.7357	274.9290
148.1349	43.0675	359.8884
180.7014	151.8679	95.1604
118.5668	127.6095	301.2918
145.3029	144.8634	264.1850
158.9963	54.0454	23.4306
156.0931	98.7345	101.8220
73.2613	0.3116	323.1601
3.6917	121.2476	14.9047
143.7018	43.3726	94.4783
90.6735	22.6997	118.8858
154.4773	108.8161	421.4335
70.5917	34.7834	135.0424
28.2064	84.2827	22.8625
44.2227	129.7222	31.4931
111.7908	131.6844	163.1177
182.8384	67.8564	29.5128
166.5611	126.4282	49.8358
65.2461	71.2859	15.4470
134.5350	46.7341	356.3709
60.9436	48.6588	206.4557
17.8124	110.5016	206.3291
7.1121	73.9858	62.8599
63.6029	160.6562	289.4222
126.4901	57.8710	316.6797
63.3095	187.6765	38.9449
187.7232	146.0631	292.0135
52.4435	101.1739	266.1340
12.1758	150.5851	412.2207
93.6904	167.8781	167.9692
38.5412	164.4011	342.8072
150.4586	160.3499	139.4617
58.3215	62.6845	141.9921
50.8779	108.5500	120.0097
35.7626	14.5674	189.3556
131.5816	50.6673	237.2262
128.9439	185.1795	199.9771
112.1706	169.7622	6.3903
190.6126	79.2309	266.3298
122.1665	63.9387	145.4509
103.6761	104.0872	83.7099
168.7137	110.7752	114.4369
152.2449	25.2946	356.6849
86.0026	76.2192	178.7362
73.5899	164.3608	265.9061
150.1819	58.2400	250.6018
27.7952	94.5544	148.7060
177.8837	54.5760	50.8765
123.2268	28.9583	57.7620
169.9265	22.1101	257.6639
125.7458	9.0652	165.2323
131.3571	162.9195	63.7034
56.6851	53.5103	11.8560
54.0351	138.4005	404.3384
189.4017	99.9526	330.1432
58.4671	7.0118	206.3115
119.2970	91.6636	157.5852
37.4682	51.7283	277.6944
149.4964	55.3257	440.4602
76.1589	99.4292	414.0681
53.3218	152.9035	207.1457
163.2534	102.6742	136.6561
68.7675	171.0615	449.9665
72.3141	174.2006	39.0264
143.5614	145.1563	312.6944
153.2335	12.6410	256.6069
126.4860	121.7486	15.7338
9.0505	99.5151	163.2433
70.0594	104.6918	214.9192
74.8101	173.4786	59.2973
89.8341	179.5099	88.2043
24.6667	21.7265	274.7704
44.7473	174.6081	166.3631
57.5423	43.7875	133.4717
187.2980	145.6830	262.1983
36.3763	138.2190	453.0288
84.7996	112.3932	11.8665
118.4650	154.7051	333.8062
102.9586	46.4139	5.6733
13.4073	26.5315	444.8954
10.8711	106.1448	154.8332
15.6406	103.9975	236.3755
59.7936	180.0045	176.4993
159.8781	121.3533	295.3168
88.3248	12.7625	50.0696
153.9401	58.6981	83.0236
15.4246	153.2453	219.4714
17.6313	101.4655	68.1781
44.4923	20.6093	79.5633
68.5942	147.5077	302.4747
88.0394	187.0935	439.9507
45.6094	169.7360	313.6223
181.3519	183.8863	6.8814
165.3826	15.4622	280.5353
141.4685	112.9090	177.1103
190.4182	165.4765	454.6626
118.4439	90.5382	121.8376
183.8337	33.7969	77.4646
89.9184	57.4762	336.2226
184.6702	97.1431	422.9810
168.6873	23.5138	1.6898
62.3547	33.7547	195.6947
2.6606	57.9280	455.6480
61.7539	128.2287	15.3795
79.6819	159.8851	36.4318
91.9570	48.0901	347.2505
93.9416	112.2281	155.8644
181.4699	16.9406	279.5612
27.4235	190.3062	348.0353
55.9288	16.0102	62.6981
117.1309	117.1434	327.9910
74.1153	139.8625	305.4699
135.6007	26.3986	238.6660
187.1178	67.2678	307.9702
173.0348	89.1578	365.0729
137.3285	19.2141	241.4090
12.4691	32.7266	212.4720
115.8873	142.7172	82.3612
103.0503	151.7003	166.7614
25.9354	7.0471	299.2585
76.1289	48.3926	49.4351
41.6571	75.1263	110.0500
104.6639	89.9428	305.9229
6.7941	134.3487	324.2245
153.8290	28.7558	71.8254
179.6969	135.6707	6.3950
133.7317	37.7082	345.8505
42.9431	151.7923	170.8035
83.5928	91.5083	107.3003
40.8553	83.5364	37.6699
30.3510	190.8911	329.6953
166.8115	119.8922	273.6998
127.4477	110.1001	220.9188
120.3151	71.7292	20.6637
0.0067	159.1671	446.1479
86.8943	28.8537	354.0880
174.7386	81.1140	59.9353
113.6798	21.0191	106.4875
11.1976	13.4705	45.7540
43.3025	75.9553	32.6017
28.2261	182.1896	380.9643
132.3021	158.3632	209.0628
73.0251	136.3680	329.7044
133.7070	126.8924	329.3342
150.1440	108.5726	141.7562
91.0143	93.0274	220.8419
40.5860	112.2707	262.4127
174.6766	3.7353	50.1861
118.2334	179.0656	29.9789
79.1016	26.7501	303.9742
181.1474	78.7410	181.6152
39.9191	54.9375	4.4093
1.0022	164.1581	169.8381
110.6507	70.1929	234.5652
77.0251	40.3212	48.8335
47.4148	84.9257	327.5767
65.3181	101.6109	254.1393
164.7529	103.8180	305.9057
174.7398	7.8009	61.5941
25.9796	115.1360	34.5973
0.3332	111.8002	350.9843
31.3312	145.1369	197.9960
107.1342	27.9363	139.1016
127.6774	132.0849	53.0373
151.6920	70.6807	294.9366
115.4363	31.4293	116.4444
89.9728	56.7909	291.3663
81.1116	126.0931	323.6729
167.6279	139.2503	242.0224
7.9043	154.2157	388.8642
21.8023	65.8550	54.7250
48.0632	90.6834	91.9881
113.3864	10.5127	158.0350
77.8290	149.3328	419.1260
140.8212	97.1689	143.3634
132.5792	140.7542	441.0739
77.0274	47.2046	164.7746
176.1756	111.6059	186.5911
182.0195	56.6225	453.6265
180.1189	132.5944	169.5948
44.7701	16.8821	107.0133
123.9543	153.4069	268.1453
142.6232	68.0035	200.0476
27.3148	170.3957	186.6544
161.1965	27.2533	377.3930
149.7101	152.2596	255.3252
102.0023	35.5036	111.8478
124.1146	169.7823	110.6284
172.2756	17.0515	311.8771
82.9306	177.8419	360.4894
21.6823	14.1469	167.9220
23.8132	161.9751	380.5516
115.7601	0.8864	64.6151
150.9069	173.4771	432.2991
48.6133	6.5024	18.7713
59.5108	99.0077	348.3211
16.4781	110.3063	257.7198
10.1515	100.2437	117.0786
37.9157	168.1048	317.1255
128.6371	135.2639	57.3389
38.1029	172.2811	357.6035
115.3681	180.9612	146.4281
48.0074	9.8414	227.7370
148.0178	103.2252	71.1492
92.5764	39.1500	63.5628
138.1520	128.5532	104.6614
127.1058	12.4391	75.2973
119.2565	186.3842	199.3869
1.4582	146.9583	53.3102
91.7731	89.6848	423.5994
141.5373	44.0829	191.4403
167.2778	112.8253	67.9673
105.1303	68.3917	112.9232
122.3065	138.3928	338.7307
77.5197	189.6799	341.8869
176.3639	148.3298	39.0317
31.0960	78.6154	361.1308
52.1193	106.1584	223.7317
121.2016	138.2689	3.7944
181.7369	80.9318	279.8433
6.1710	63.4253	54.5503
150.3259	50.3337	426.1873
62.2925	46.8742	377.8801
133.4355	147.6129	264.1346
94.6648	191.4556	68.0552
76.1447	127.8511	399.8179
46.1520	61.1147	200.5553
47.5160	82.8531	408.7879
95.0193	50.6257	38.5827
114.9700	13.9642	115.1800
100.4250	50.2316	322.4280
147.4783	87.4716	56.8991
20.7633	26.4024	439.7643
93.0476	156.7881	208.4694
50.9648	6.1812	200.7825
177.3104	158.7627	168.0645
91.9454	6.3223	47.8208
58.2727	186.4872	115.9114
159.0462	188.4201	269.2158
3.8258	66.0191	198.7132
65.9339	144.9173	217.6018
54.0050	181.3008	78.3835
176.1200	121.2789	267.6847
63.0179	121.4481	368.6544
175.0306	58.8935	186.6932
159.4430	23.5970	391.3984
65.8936	146.9235	394.5030
18.3049	180.8384	409.8263
10.6335	27.7017	177.1370
28.3120	151.4296	444.2951
146.5270	157.7100	225.2712
132.6798	156.2095	128.0013
109.9079	166.5571	109.0161
77.5841	2.4912	26.9354
132.4558	8.7947	230.8113
83.9039	106.3720	351.0686
69.5419	2.2749	258.0972
87.6297	101.1077	201.9754
144.9909	186.4416	115.1484
157.7913	147.4887	230.7612
13.5501	95.8881	66.1723
173.3131	112.7870	166.0322
0.3735	2.1822	113.0120
112.9395	101.5728	442.2219
141.3023	171.2055	366.9989
28.9706	116.8318	229.0627
97.8536	143.9516	380.3472
157.0721	189.2802	454.3890
100.5279	99.5338	116.4866
183.9345	179.4824	60.4737
178.5896	156.1884	263.2298
120.6373	120.3830	250.9692
151.4490	61.9060	418.6221
176.4867	36.0979	82.0592
188.8314	97.6567	299.0157
140.0344	178.0049	373.7443
123.7958	139.5194	306.9140
16.3594	91.7765	187.4121
78.6040	132.7179	260.4554
84.6636	51.1031	183.5650
153.4702	152.1467	386.6420
44.8656	66.6460	151.0865
43.6615	142.7957	18.9184
162.2458	95.4620	126.0108
73.7554	30.7778	402.3393
120.2660	19.6093	101.4153
66.7609	44.7826	405.8297
97.1412	148.5120	2.4509
158.8939	28.5995	434.1002
9.8286	74.8036	197.8200
176.1657	106.7988	270.9227
38.4862	98.8195	75.9602
146.7303	0.5845	265.0512
170.1166	18.5983	366.8337
100.8520	123.7862	445.8281
42.1584	71.3916	339.9898
187.8295	82.2639	27.6000
65.6366	123.1283	47.7395
137.2501	102.6831	291.8276
110.2375	14.8008	284.9023
117.8746	143.0489	294.4032
161.4589	171.3557	373.6699
94.8092	33.0163	356.0680
79.4897	191.4471	262.7237
106.0573	77.5768	206.9672
151.8653	179.5703	296.4139
65.2765	137.8581	439.8554
183.0836	95.8302	119.8153
185.7067	119.1792	42.5496
26.1516	135.0677	23.9613
10.0061	38.2296	339.6075
153.6837	191.8925	393.1828
36.8873	148.0736	254.0132
41.7175	85.0941	406.0265
26.2924	128.6304	258.4597
23.2372	37.6606	23.9954
82.6559	46.6322	230.8126
61.9060	148.3238	237.1063
82.9632	190.6237	335.7303
106.7205	46.1252	245.2796
53.4965	24.0062	76.1441
12.1505	122.5176	110.1466
106.0446	133.5296	285.7216
66.1423	162.0670	202.1834
191.7336	84.3356	84.4505
105.9574	137.1123	205.4117
23.1554	48.8542	72.1999
113.9236	97.9164	38.3904
109.1225	180.5918	312.2380
116.6148	39.1350	14.2939
83.1013	15.7956	283.8187
65.1794	129.7958	388.0185
26.8752	172.3889	388.0960
56.5037	185.8763	135.6649
19.7082	35.3468	385.0530
47.7727	56.3660	47.2641
22.8454	19.5852	359.3394
158.3140	183.4753	249.6285
68.1943	42.1089	151.4319
76.7896	55.9336	428.8084
149.1599	53.7916	234.2800
189.1800	146.1978	186.1521
33.3532	143.1637	386.8496
172.2768	53.8111	19.1313
51.8551	126.9127	40.7687
78.6933	73.1484	194.7162
127.6365	75.6269	345.2542
104.4354	148.7185	280.6678
152.7483	187.7087	404.0989
185.2732	168.4245	438.7551
178.4790	70.9050	247.4579
178.8023	56.1196	306.3558
94.9789	55.8126	363.5374
14.1853	81.6900	199.5664
140.6720	139.1292	397.6714
93.3806	81.8913	219.2717
186.1728	61.0770	412.2148
167.0043	49.1181	94.2743
164.1451	118.3095	142.7334
163.9141	82.8349	406.5088
59.0643	107.5192	116.4554
18.7589	158.9706	455.3540
42.6062	51.3622	16.9651
120.9261	41.9480	17.4207
76.6467	124.6812	105.0081
15.8697	44.8426	33.7526
0.0886	149.9679	431.0685
62.2062	172.2132	151.4959
2.9175	32.7528	259.8004
140.9036	22.0252	155.7207
162.7113	149.1265	39.6402
43.7979	169.2143	31.6237
102.4318	77.6252	212.3524
123.9215	107.9125	425.6136
54.6819	65.7296	389.3030
80.5241	142.9915	332.6237
144.0583	189.4080	199.6568
117.1188	133.2308	25.1098
87.6594	119.9950	312.2391
67.6181	146.1412	217.0400
22.8348	158.9063	240.5509
10.3300	134.4369	400.8948
13.9114	25.3287	287.1588
112.6428	128.2445	19.5392
131.1449	133.9758	431.3489
183.1689	112.3328	427.2518
150.6553	57.2411	272.6317
4.4047	131.5086	326.7318
179.6134	8.2299	251.4180
17.6964	119.6383	192.6183
107.5792	13.1811	189.8866
36.4762	137.8361	54.1799
187.1442	24.7870	416.3157
37.3464	175.6996	234.1446
177.9222	90.2684	290.8717
116.0126	22.2297	222.0182
0.7213	78.6076	23.4659
161.8266	61.0905	199.6695
165.8636	115.1515	193.0241
175.1899	185.0904	413.6627
168.3661	20.9060	357.1168
38.1204	149.6865	383.0047
133.0411	65.4421	45.8757
135.3581	47.2084	102.9487
100.9462	118.8311	142.5665
74.7182	135.0132	323.6232
106.9257	85.3391	455.5331
81.2374	185.8556	195.5516
39.9118	66.8900	243.8211
145.5892	142.1704	195.1166
88.1555	72.0582	139.7106
131.3784	166.4126	94.3288
147.0212	63.1609	391.1968
8.0615	114.4808	339.3669
162.2695	48.9230	19.6204
98.3064	167.6318	166.6928
59.0481	149.2167	204.4783
110.3401	34.2502	3.6575
44.4933	110.7257	239.9728
187.7791	183.0803	195.6934
45.5457	114.7486	266.1555
44.5530	153.5168	411.9461
161.2511	9.7534	273.5766
103.3953	47.8966	439.7948
152.2808	10.6197	241.4182
121.4389	117.2464	418.7662
34.7626	179.6334	395.1186
100.0826	182.0493	332.5164
4.7140	19.6028	138.4268
7.2580	144.5168	312.7240
85.8520	80.2258	365.8685
37.0544	163.6740	92.2267
63.3854	154.1902	42.4863
24.6604	119.3809	200.0845
156.4385	122.3942	139.9260
123.9021	163.5891	114.7369
169.4355	174.2116	271.9677
32.1994	178.2905	411.9316
175.3459	156.0246	445.3182
131.1246	110.8882	113.5325
58.9334	31.5865	87.8193
17.5962	5.0936	412.9925
59.2719	91.2012	349.5222
133.3628	131.1760	101.0016
138.6807	26.0631	48.4175
1.7998	114.0118	448.1572
50.8365	19.8632	121.2334
169.8504	137.8076	92.0701
47.9213	101.2842	168.7895
78.4865	161.6689	383.6649
18.6609	20.8310	75.7596
16.3467	174.3688	336.2133
136.7291	145.6796	33.5648
189.8626	131.5001	44.8584
113.2758	158.0812	18.1613
14.1989	139.2922	415.7740
71.4837	108.5033	213.4902
42.3131	122.2562	83.5898
109.4729	78.5138	143.1620
169.3044	66.6382	356.8442
174.3169	144.9087	305.0376
143.6096	15.4785	145.6460
185.0954	99.4052	105.4494
99.5437	41.7113	174.8457
23.5429	107.4013	89.1671
122.6021	139.1539	197.9777
41.0405	71.9148	180.7430
10.6043	163.5978	35.8211
135.3490	162.0025	110.3987
34.7390	136.9242	298.9819
54.9702	67.3019	378.5625
6.5929	68.1433	267.1018
31.8665	69.4174	327.0485
0.6882	167.8667	117.9100
72.4490	131.9833	251.9639
92.3052	43.9797	112.8327
53.6059	11.5988	348.8103
18.3341	36.1417	94.3492
82.8496	46.6519	280.2578
21.2328	18.6387	231.7345
165.4552	93.5034	261.9676
179.4236	145.8995	383.7375
82.0089	3.7952	159.0567
55.6601	144.9764	441.0377
41.8349	46.1389	46.8653
145.4701	147.6045	152.1835
128.4064	73.6096	130.1500
131.7154	153.2148	387.2324
109.8736	41.7735	90.2319
174.9198	99.1572	131.8110
16.5708	168.9881	317.2426
97.1135	59.9509	64.7824
164.5478	56.3510	440.0967
188.9477	75.1101	82.9642
124.6907	109.8657	183.6089
161.3447	186.1842	344.8767
6.8122	71.2036	453.4141
162.7496	178.1473	154.9544
80.3161	158.6201	131.7291
20.9134	141.9029	46.9065
25.0575	33.3008	179.1518
36.6413	103.3288	418.9134
17.2403	19.4455	71.2784
16.7364	29.0982	94.9039
167.8800	64.3661	251.4825
91.6896	162.6965	313.8618
70.3804	167.3163	452.4733
187.5902	59.6530	198.5983
175.0265	24.1704	343.9475
42.7554	102.6619	222.1724
31.6028	97.8640	62.5186
3.0991	95.1738	107.2913
40.7428	122.6117	141.3997
181.8971	187.3477	52.7629
183.0896	163.3817	90.4313
169.7331	40.8811	239.1663
40.6603	168.1833	147.8243
26.7055	47.2188	69.9849
23.8943	145.5541	275.5505
53.0186	15.9775	55.1307
110.9377	164.6757	441.7042
177.2833	17.5099	368.9557
181.8526	47.1417	241.6492
132.0609	121.9683	189.1650
163.9661	182.1785	426.8180
48.9842	127.9579	362.6104
68.6429	119.9519	385.3844
21.8607	124.1015	148.2270
184.1319	101.7112	194.1575
54.8123	100.0778	261.5123
35.3974	191.6722	108.2951
84.7320	182.7678	297.2604
6.3475	131.6287	243.8705
188.1306	75.1733	36.0166
97.3220	11.6684	326.7081
183.9801	115.4793	329.9656
25.1059	57.1020	28.4099
10.0748	86.8049	93.2820
113.5125	44.3677	51.6549
32.9418	37.8360	404.9304
185.8221	155.1326	50.2178
92.2452	184.4674	300.2339
112.7247	142.7282	370.4521
98.2685	79.0540	205.7810
107.4276	54.6958	369.8322
31.3336	167.1557	415.4149
181.8415	44.6547	145.6669
160.5012	46.4979	105.0747
153.1565	106.4104	349.4705
32.0415	92.2230	100.9462
98.5788	3.5018	185.3407
77.2486	51.8517	401.0328
164.3004	51.6872	122.7449
108.1368	211.0170	382.7000
93.1041	37.1351	238.7202
116.5380	56.3691	29.7996
24.2247	2.7283	191.7942
88.2950	190.4637	317.5677
23.5754	115.5031	240.5248
71.9202	66.6421	219.8173
138.2092	91.5866	237.4657
41.4690	18.0305	434.9228
177.4005	27.6025	446.8664
121.2366	123.0227	122.5909
157.0975	104.3703	273.3739
125.3775	170.3735	245.8986
19.0032	134.4391	378.8004
66.7991	138.1821	294.3805
149.3365	13.4121	394.2096
108.6081	41.0142	105.9848
103.8265	64.0154	272.0133
40.8122	81.8489	10.8835
180.8404	186.0164	45.3422
18.7471	76.6073	187.4492
158.9218	62.9297	69.1142
28.0638	105.4004	15.5895
90.9337	46.7290	175.4608
5.3115	161.3887	364.6603
96.2437	83.1802	248.6924
121.5624	157.1531	282.5059
135.4803	180.1115	304.6881
120.6670	149.1316	298.7437
35.3451	62.2202	190.3013
139.2321	164.1292	275.5138
136.9264	15.7252	304.5576
166.5888	169.8994	272.9626
58.1860	140.5289	409.3211
147.1689	8.1957	424.6409
182.7434	157.4318	221.4733
133.1526	136.7836	143.0011
108.9461	6.4288	414.5681
83.3431	93.5955	84.5357
85.1911	69.1831	434.1321
170.9654	97.7340	115.7201
81.0060	6.8617	359.6609
187.6078	5.8435	150.8804
9.0745	169.5562	242.2768
153.0365	160.7325	398.5942
175.4974	134.0450	247.8313
150.5769	184.7768	161.0145
90.2288	184.3324	332.7927
116.0505	89.6156	63.7530
162.7232	154.2733	435.5267
68.4036	7.9965	97.4718
78.6493	148.6780	41.6709
173.6012	7.4812	257.6275
114.4587	67.2146	432.5386
1.0708	24.2150	236.5325
14.9960	175.9519	404.5863
145.3301	41.7864	14.0972
171.1916	188.3949	348.6167
10.3366	66.0287	214.2249
25.8418	141.6897	240.7708
25.1150	172.8992	224.3494
145.8832	154.8832	342.0531
183.5737	57.7739	206.4498
115.1655	70.3491	276.5243
143.8191	73.3116	379.9576
58.1152	33.0131	117.5892
185.6287	119.9302	291.8262
92.1037	39.4884	16.6390
166.9397	161.9620	279.9695
139.3572	103.0719	97.6200
29.7205	156.7251	161.4584
83.8758	130.9397	234.0552
92.7663	53.4147	311.2257
168.8272	89.8778	152.4718
42.8636	139.9588	214.8563
4.9379	162.9992	358.4134
33.0729	95.8064	110.8099
10.7953	53.7738	269.1703
106.1990	30.2546	117.2879
99.4194	63.5981	244.3829
119.9168	190.1137	22.0213
142.7845	56.5023	362.1623
154.3226	81.9218	56.4313
82.6024	162.5566	263.7943
129.6418	5.6329	174.4114
96.7547	28.2234	329.6537
52.0704	67.1619	85.7981
93.8174	132.2091	124.7927
135.6225	53.0085	53.1940
72.0938	154.8983	247.0386
26.8980	17.6922	412.2708
148.0266	0.2574	176.3818
83.8610	124.2203	455.3525
131.4724	49.6156	211.9683
121.0242	43.3275	89.7753
106.7158	10.5477	146.0565
5.0816	57.5054	450.1174
132.3404	11.8518	147.1136
115.3699	162.3771	178.2086
140.9098	91.1164	62.1374
50.1377	187.9832	451.1182
83.1642	58.0789	258.5492
136.9081	181.2169	396.3773
18.3964	190.1339	39.5393
71.1797	29.7002	93.9401
44.6209	5.6802	30.7552
71.2459	169.1239	247.8180
136.2940	192.0989	211.8436
159.7060	4.3269	279.8548
124.8309	190.8176	135.1117
0.5945	29.6359	228.9765
180.4991	169.0567	28.1464
48.0882	55.0479	21.2360
66.6782	10.3497	346.2690
117.6619	41.3583	189.0714
179.7348	61.0685	402.2301
23.0494	131.8252	170.2267
15.7799	2.4881	400.3799
134.5538	90.3088	238.0528
65.3620	99.4782	119.4344
5.4508	21.7727	106.4172
6.8656	172.8269	218.8593
33.6669	24.3180	444.5044
12.3912	107.2533	168.0865
139.8020	20.7712	50.8214
2.2941	34.8665	114.6452
171.0587	34.8209	220.3550
16.6379	148.2896	367.8468
144.5512	90.6148	158.7541
3.6532	85.0580	264.6868
62.4473	157.5972	108.3423
64.3928	70.1962	300.6719
93.3144	129.1495	441.2151
177.6214	27.0772	79.6041
60.2627	35.0515	179.9591
10.9973	134.2961	235.3782
47.8713	63.0730	93.8066
190.4254	30.3234	77.7865
153.6596	27.0287	388.3431
150.6399	11.0422	39.2143
181.4115	4.5867	195.3165
95.8049	107.3852	252.6583
172.3589	33.8888	166.9564
165.2452	159.6558	53.8326
6.5906	34.7278	304.4147
135.8374	173.4828	23.2568
119.0428	83.2666	194.5007
94.7474	162.1045	43.5510
94.1166	36.9441	18.6124
143.7165	111.2462	309.8441
42.7252	19.4243	167.4251
47.0917	5.5177	66.8012
162.8955	172.3040	58.5864
2.9455	191.2142	197.8426
119.3947	128.7230	338.8331
31.0578	41.1542	32.2964
150.4950	88.2035	152.5359
123.7803	15.0318	220.3892
50.2065	181.3814	239.0162
149.9487	37.9288	277.9568
53.6594	66.2400	14.8428
184.0358	34.5787	438.8681
99.4696	91.6807	133.6789
36.7100	60.4693	36.6351
75.1237	185.9818	248.8761
36.5932	166.8293	183.6456
170.2287	169.5931	223.2431
63.4101	155.3046	31.3927
157.3467	114.2822	369.3709
185.5547	175.7962	83.0510
130.6060	141.7968	180.1395
90.8668	132.5193	297.2205
96.4775	74.7882	217.1594
7.0855	49.8586	175.8961
18.5947	148.2097	138.4362
127.7629	116.8330	16.5302
25.9643	127.1355	388.8016
149.1767	140.0490	191.3200
180.8700	70.3740	49.8199
161.3204	64.8807	438.6287
6.0991	173.0009	327.9663
135.4520	174.6258	138.7846
25.2319	112.4285	44.4474
46.5925	62.2348	150.9953
1.5498	151.7906	276.1121
122.9819	123.9524	351.7926
140.8844	37.8879	150.1863
125.5423	65.1395	412.6743
87.2826	57.3780	242.3539
140.9914	169.7904	207.8792
42.2825	46.4126	173.6513
92.8939	153.5777	393.0251
84.1311	145.0184	83.7190
178.4589	15.3954	316.6044
28.6721	139.3497	417.7501
137.9720	170.0439	98.8046
0.8185	147.4530	46.4356
145.5035	158.7630	352.1025
29.6920	17.3399	366.7310
132.4243	116.8494	401.9390
112.4827	133.7492	446.8318
90.9381	91.5078	219.9249
152.5948	62.0804	288.1143
171.5845	0.7242	350.5373
180.5442	163.2846	183.7912
146.4156	15.8160	154.8395
31.8955	179.4971	310.4941
21.1548	34.5810	427.1423
164.9505	33.0278	235.9398
54.5008	171.9270	156.2431
73.6743	121.8180	157.7734
136.5551	186.8964	268.5718
0.4761	175.4304	75.5834
90.8267	108.3411	394.4177
101.7445	12.4486	277.9019
37.5276	144.6810	32.4433
11.6077	172.8413	189.2519
91.1417	4.5979	266.0488
188.5612	29.3341	251.7554
46.0048	184.9388	23.1191
160.3016	2.4595	265.8193
128.1028	124.5837	246.4368
131.1230	162.9102	324.1968
101.2030	179.4913	420.0940
10.6609	66.7326	122.9280
14.0179	37.7259	355.8980
88.0529	15.5080	91.2308
5.2127	135.2580	110.0800
177.1261	27.7987	180.8897
154.2241	48.3500	249.3826
180.9987	6.1873	382.6794
168.2234	131.5611	107.5273
125.6177	52.3270	269.6330
9.1299	69.6221	63.7171
9.4026	174.2942	178.7966
116.2567	165.2397	360.8623
81.3978	191.6488	352.3271
17.1117	182.6588	392.5394
63.7383	44.7213	242.6570
164.3053	41.1258	257.9579
55.9028	130.6192	140.2491
56.5813	39.7990	126.8560
159.0090	25.7141	151.9383
139.6448	142.7894	279.6006
182.6621	174.4746	262.6930
174.5005	149.0615	243.7238
44.4894	39.2102	81.2036
55.3615	171.7229	175.9148
6.8967	33.4358	342.2767
117.8742	64.0586	237.2215
107.6351	96.6188	304.7015
175.4232	94.2361	205.5235
62.3977	34.8936	234.1889
89.0292	163.7576	18.2776
108.4237	97.2818	153.6363
31.1040	186.5164	267.5616
162.3211	178.2362	429.5214
159.8572	37.0013	422.6394
168.0464	19.0399	68.6584
161.6921	151.4969	400.0374
14.1710	182.1164	54.3538
59.3007	46.5619	207.2449
36.8585	116.6898	172.7806
72.5828	34.1047	411.5936
14.9264	21.5952	324.2831
13.4498	89.2317	360.1380
34.4254	105.6920	348.2089
108.0755	130.8666	212.5000
170.7118	98.0139	104.1609
14.9733	0.9055	316.8481
155.7297	127.8048	207.5930
187.9957	117.5081	287.3616
137.6033	40.8247	212.3163
43.4792	6.7271	207.1752
53.0929	150.0701	151.5239
175.5849	171.4520	106.3982
69.7023	36.4244	45.2880
46.2687	145.1073	455.0811
85.2002	179.6857	335.3318
140.8804	73.2842	250.5174
138.4065	66.5478	364.8667
47.4482	12.5984	258.3782
121.4207	141.1337	303.7202
185.1939	149.7468	2.0035
25.1150	135.4451	50.4660
40.8714	120.2048	185.1930
62.7443	98.5315	342.6616
128.8005	7.2991	20.6389
69.3625	20.7187	132.7997
32.2172	7.6806	360.5713
145.1000	73.7746	349.8776
185.0491	62.1114	45.5077
172.1028	187.8786	244.2472
86.4163	108.9831	6.6135
24.2284	33.6224	401.5043
132.8570	39.2298	29.2128
151.0269	62.8550	328.6895
147.4551	61.0045	233.3877
140.1021	167.7797	72.6652
12.3743	83.4855	139.2906
161.7057	190.3134	441.7207
79.4072	163.6900	391.9236
54.5200	160.2218	442.8267
27.3284	3.6461	259.3244
25.2585	186.4754	351.9248
15.2612	41.9456	54.6098
75.3038	28.1791	40.5299
101.7399	75.4592	187.0548
3.0345	174.9503	208.2540
57.0582	36.2000	321.1842
177.3075	140.2471	25.0351
42.5835	13.9169	244.4808
101.2827	26.9174	331.6365
187.4502	175.5088	117.7426
191.9355	70.6289	175.7177
72.9427	178.6150	51.4436
82.2821	82.9098	215.9470
144.7410	79.3387	208.8574
47.3450	45.7116	201.5155
42.0660	17.0647	183.1579
85.9029	32.9176	73.7016
120.1491	152.2305	393.1794
12.7344	8.4467	308.1989
156.4913	87.2233	69.2462
42.4381	20.0260	129.4576
13.3012	113.6734	158.9993
56.6410	183.9452	298.7622
79.4492	69.7685	403.9088
94.6120	88.4248	97.5838
144.0706	104.9513	416.8493
170.8884	31.0911	138.6387
121.3895	178.8147	394.9658
87.4943	45.7452	230.7835
143.3664	52.4305	72.9987
9.8406	64.1841	269.8933
67.0054	22.3708	31.3208
20.9510	114.0531	82.6836
51.5235	156.4533	162.9203
24.0496	89.5802	58.8153
70.2944	67.9362	24.6374
36.7202	94.2119	184.5557
124.9354	141.6470	26.6060
91.1808	28.6218	401.2874
46.6117	83.0981	207.5801
90.5179	38.3766	72.3339
186.7605	2.7912	304.4109
191.3978	26.0214	63.4661
135.0487	142.4590	31.2499
119.7654	123.9663	121.8054
55.8595	21.2260	439.0344
38.9077	122.8754	22.3399
88.6576	42.9679	112.9192
17.7020	116.6284	248.3050
5.7298	152.0827	101.3094
104.9004	45.4689	318.6683
125.0872	87.7612	275.3085
181.3743	60.2461	316.3983
185.2766	55.2997	3.8318
123.5308	13.1212	72.9313
85.1942	122.7480	193.5581
135.4080	7.4257	391.8381
156.1018	62.6362	211.3902
42.7977	80.3755	111.9548
76.3970	41.5464	118.6868
126.3594	157.8884	157.8936
138.8817	36.9148	96.0374
120.1215	121.2817	438.9398
4.5476	166.2418	5.0605
41.2856	93.8073	84.9560
83.5339	39.1414	54.7711
144.8590	13.4239	148.3081
43.4963	125.1386	409.3338
39.3868	93.4531	392.1566
138.6737	139.6745	455.1441
136.6906	122.0528	105.9137
80.0362	32.8279	52.6606
9.0232	97.4601	168.7200
14.2854	69.5504	163.3151
61.4302	7.3410	415.0392
96.6540	181.3452	11.1335
132.3714	58.5775	113.8434
67.3198	148.1523	186.9716
159.9370	145.9580	150.1931
18.5507	171.1699	246.9680
91.1536	54.8014	390.0212
46.0140	142.6272	230.8846
141.1438	8.5916	177.0439
98.5222	189.5839	67.4510
93.2050	164.0852	29.2418
7.9253	85.2670	136.8550
190.2272	80.6526	454.4943
185.9912	151.6666	401.9803
84.8060	9.9835	55.1955
13.0455	42.5716	116.3811
40.7487	168.0253	293.1694
171.6374	71.1926	339.6759
126.3986	185.4434	357.4850
46.5220	114.7481	277.1824
128.3104	176.7952	431.9182
128.6127	5.9417	93.7093
86.6347	62.4615	82.1704
36.9162	95.1878	81.4052
142.5172	188.8546	199.2214
112.6952	79.4811	243.2613
157.9739	175.9493	17.5014
68.7538	38.1810	244.8593
48.1979	49.6416	382.2606
156.0299	109.1389	264.0020
19.7642	70.2543	372.7712
8.2130	168.4436	363.9098
166.0409	130.4676	101.6249
78.2833	12.2303	293.1206
151.5407	18.4498	110.9032
158.1519	106.1897	71.2513
85.4634	51.6986	165.8187
144.1633	183.3838	351.5393
165.7355	184.6388	387.2237
34.4686	178.3168	242.0096
139.7206	163.4387	112.1260
186.7931	46.0252	424.9221
160.1986	172.6527	159.7640
3.3655	130.8889	159.6998
80.9261	97.5609	406.3514
155.2622	66.2779	219.7642
81.1027	9.8469	430.3799
187.4205	4.1834	309.8751
157.5190	154.8657	227.5962
176.1783	94.0790	385.0448
169.1638	24.4105	229.0629
188.1505	57.8181	189.3730
183.7800	69.9729	113.3362
73.0577	83.8240	269.1933
43.2028	8.4021	394.3056
63.0736	6.2705	82.9317
78.6124	170.4207	226.8696
49.0809	152.0545	23.5986
3.5581	88.5145	250.5262
164.2925	85.7497	211.7368
35.5299	156.2210	26.2131
100.3255	192.1295	293.2322
121.5957	23.3263	329.3490
22.5542	130.7153	156.4870
89.0283	144.5451	410.9230
109.5421	120.9763	316.2612
122.5415	70.9557	217.5020
39.1308	7.0004	442.9008
40.2267	8.2768	108.4284
138.9473	156.0892	50.0562
174.6051	53.6298	211.9840
56.4964	174.0389	169.1355
27.2578	8.4647	332.7167
5.4784	109.3658	217.3285
25.1593	127.5297	44.0703
136.6080	191.9380	169.7376
142.5396	69.7613	144.2353
82.7598	9.8190	271.0352
158.1350	6.1716	260.5374
38.6227	67.0874	12.2426
103.7170	187.6825	49.4100
107.9843	87.3127	394.6438
13.1922	63.7946	46.3021
144.5879	68.2027	363.1452
71.4596	5.4298	403.4339
134.5038	172.0665	387.0113
19.6784	107.6958	7.0353
3.5865	21.2950	393.0492
17.2645	63.9256	72.1853
106.5200	182.8907	327.4614
189.1921	11.8608	150.1735
186.2945	16.3107	76.0193
57.9580	9.1690	211.4189
134.4688	177.7344	163.0758
168.6248	131.3857	16.4983
136.6025	18.3980	195.0307
47.2124	158.9859	34.8414
39.1686	145.5985	97.5344
62.2924	99.8286	105.1752
189.6087	39.7798	85.5289
123.5685	18.0184	123.6550
138.9409	32.3764	177.0019
113.6422	186.2409	6.5029
130.8088	4.9514	11.2727
54.2986	191.4977	362.3756
64.5527	173.2597	78.2561
144.3474	190.3147	142.1143
122.5549	43.0145	49.0074
91.9487	181.2299	330.5208
140.2459	10.9067	364.4176
66.2007	90.1547	249.4402
142.8082	45.3527	113.5081
187.6670	25.2982	412.2709
116.0183	80.3963	170.4297
84.2191	47.2822	90.2708
58.5603	54.6070	151.3677
168.1504	91.6046	377.5877
26.9073	123.8866	373.0334
146.4408	59.3492	361.2006
45.0823	159.0037	51.0298
96.7503	122.2587	303.6727
18.4389	63.9127	214.8129
17.0551	35.5859	37.1342
123.1406	88.9525	110.9510
152.5007	187.6667	371.5083
170.0340	7.6672	314.0262
94.7848	172.8339	438.4774
183.4506	129.4151	240.1338
155.3305	184.3533	426.5478
81.4413	115.6025	452.2009
62.0534	63.7900	85.5319
25.4419	163.3170	308.9538
167.1151	136.2077	54.4764
74.2602	52.2403	403.9919
132.4708	72.2046	370.6075
55.3234	54.2054	337.7253
175.7915	91.6448	442.2733
190.9283	31.2173	28.4853
57.1750	159.6741	30.1940
33.6007	67.2311	440.1416
83.6008	86.0954	398.6174
48.6675	106.8672	259.0043
153.0465	130.3020	182.1839
33.5807	96.5544	333.5685
21.5469	140.0354	414.6743
73.6645	12.5337	154.7294
156.6083	100.5019	299.4121
16.2455	122.4037	422.9694
136.8377	62.7092	84.9187
94.6961	15.1306	120.3551
21.7264	77.8569	141.1849
122.6921	120.4246	125.7096
3.4834	158.2570	101.7745
167.5035	176.5926	93.9683
109.4664	139.1693	274.2393
165.8051	168.5465	182.6822
47.6736	144.6542	111.8582
21.8998	95.5957	25.4259
102.5519	141.9786	75.8572
149.6769	53.1026	55.7644
132.4977	23.5999	446.3752
140.0172	52.9445	449.6969
40.4465	172.4803	66.5037
123.5625	183.6065	147.5445
178.1770	43.9923	287.0947
138.2853	70.7526	251.1282
15.8816	109.5034	270.1869
43.0761	153.6472	433.7019
87.0673	142.5360	152.1896
123.1361	113.4112	340.8597
140.6766	23.8398	337.7938
33.8048	45.8823	270.6996
52.5002	36.9170	213.8208
55.6706	105.4140	381.9128
139.8093	70.3438	433.1076
116.5766	70.0079	383.9696
112.1718	96.1951	351.8111
88.3541	77.1563	415.6642
31.1110	104.9648	213.7809
146.3470	11.6904	442.2449
160.6519	70.6082	276.2371
96.5539	10.8578	309.3365
36.0957	177.5962	428.3607
106.4479	31.0796	226.6400
25.8472	132.4094	243.1545
113.6172	50.9498	3.9765
18.7969	29.0065	389.3971
67.8895	105.8246	354.2924
44.5972	146.8141	247.7619
57.8222	104.7348	292.4951
184.7857	2.0072	24.6338
37.6718	62.1292	136.8633
29.3256	66.6456	364.2132
152.7904	135.5772	219.9556
2.4122	82.1591	257.4978
158.5752	126.2230	447.7853
113.4888	16.3210	242.7296
70.1927	162.8042	115.0756
56.0413	173.6717	306.5387
88.6619	70.5491	239.4669
20.9848	111.7422	31.4418
169.9228	153.6981	364.1237
104.3051	50.5672	45.7193
35.4367	10.7370	373.3425
146.5200	54.7751	384.4978
115.2737	39.2801	30.4956
59.6192	108.4411	24.9904
41.7358	41.2130	361.5821
6.6882	111.8791	35.1902
146.0996	185.8397	276.8290
20.4937	30.2601	416.0574
23.0130	103.5975	50.7036
118.1200	115.2882	37.0474
166.2237	154.0543	131.5213
159.3002	70.8715	28.3214
80.4438	135.1659	26.4130
8.5576	171.5565	174.7304
0.1099	73.3648	275.7292
143.4701	39.9918	293.1921
39.6902	165.7609	428.8322
42.7776	157.3197	91.0470
128.0321	166.7086	1.9719
31.8472	54.2206	184.0308
144.7788	24.8215	109.4755
71.6992	107.7324	327.9163
157.4129	109.7540	257.0693
58.3524	179.0922	157.0482
23.0541	81.5731	172.2847
93.2205	190.1749	52.3538
20.3296	188.0315	108.0572
190.7265	91.8872	68.4473
53.2848	72.4912	299.2444
151.0638	114.9114	243.9369
25.0985	127.4318	135.3835
60.7680	130.7920	14.6399
182.5120	18.3664	313.3535
175.1238	134.9893	363.3815
4.1045	31.4066	335.9593
60.9972	144.4508	266.3800
44.5682	130.6375	395.8011
178.8881	90.3619	160.5925
93.6841	121.0131	189.7621
114.3924	182.5148	6.9500
167.3090	142.7278	205.0607
117.2617	191.4121	200.2448
17.0246	16.7738	53.7002
166.8576	69.6209	36.6191
157.9024	92.9673	45.3922
146.9775	77.0329	49.0610
85.6404	179.2526	69.3506
57.7692	92.9429	384.2555
108.7019	167.9262	14.0947
134.4035	112.7696	409.1657
124.1722	45.1168	149.6310
26.1992	140.6848	104.7416
20.3491	64.1169	34.7047
188.3821	99.7819	0.8629
69.2890	92.1779	368.3131
184.2338	15.7121	98.2511
13.7152	188.9383	46.6200
58.6150	133.4553	218.4214
110.5543	104.2657	187.9668
111.1984	108.8289	423.3030
125.6609	174.8647	93.8325
170.4504	111.1971	323.0521
34.9084	146.8789	409.7866
135.8441	159.6528	426.8401
152.3817	164.2716	357.2184
173.2793	153.1799	248.4814
26.8595	184.4634	312.7030
1.5039	27.5259	165.1428
75.2915	184.5487	294.3646
145.5016	108.6985	24.8783
113.1263	135.6071	175.3468
93.7650	85.5442	435.6583
35.2560	185.2708	22.1780
66.4611	28.9879	142.1397
152.2481	12.2589	433.6730
97.1017	127.9657	162.7601
141.9034	97.1609	61.9944
61.3961	138.7467	9.1921
111.1613	175.6771	198.2571
121.9414	191.6462	33.2475
23.4234	116.1931	49.7205
135.0218	72.9756	417.7688
128.1777	153.5949	32.7794
169.3548	94.2732	70.8591
73.5924	106.2118	380.1058
183.4171	20.3911	157.4798
135.9403	15.4555	314.8854
179.3506	124.5466	291.2083
54.9830	35.2551	47.4303
18.9640	189.6716	406.0793
92.1928	164.6550	421.7557
81.6511	126.4786	97.3900
109.8420	163.4256	414.2092
182.8199	145.6846	395.9722
133.0828	174.5259	25.6500
135.7844	32.0956	451.5024
33.2154	153.3906	32.3894
56.7410	133.4681	15.1108
189.7011	30.1142	390.4369
150.7638	156.3241	422.6819
11.7039	14.4935	14.2854
186.1205	54.7245	446.7422
135.0067	127.8100	258.0504
75.3997	138.3216	313.8761
164.8666	5.7310	419.8194
93.2563	191.6447	310.9374
170.2300	119.1510	107.0094
33.3931	75.6844	351.2923
102.1626	50.0933	71.2005
95.4250	95.5585	150.5081
82.5467	56.7149	157.8374
23.6626	168.0770	411.9627
60.8450	46.2054	116.9555
53.1015	162.5829	348.5605
43.9946	123.0011	87.6015
133.8519	42.6588	155.5814
66.0308	45.8592	54.4389
28.7366	19.8581	331.4012
57.8192	49.8858	208.2349
67.2073	16.2968	230.8786
77.0388	142.7998	125.2080
77.9995	17.6043	117.7650
161.0364	98.1456	61.5242
141.6249	34.9319	137.9879
34.4765	141.7053	430.1089
190.0706	105.7928	198.4614
158.7378	106.3936	412.0628
182.4696	150.0254	425.3253
66.5334	82.9784	294.6320
177.9594	110.5840	41.6982
149.1945	35.8159	305.1295
4.4091	151.6595	104.2332
97.7512	135.7625	344.1974
129.3631	63.6358	8.3176
69.7757	30.0325	105.2451
141.5188	111.7220	29.1789
35.4373	161.0224	89.0781
27.0080	162.6548	97.3474
26.1029	131.8987	34.8644
161.3837	56.7323	217.6904
68.0389	71.3098	401.5873
135.3769	119.4137	82.6988
12.1926	64.9865	33.1731
30.1343	96.2426	155.4828
56.9032	139.2704	408.4611
128.9549	38.6601	14.7700
169.0571	105.7094	407.4208
80.4653	52.5761	148.9310
111.0484	109.1510	170.6555
148.0519	184.4156	155.1650
102.8845	111.0836	122.3327
131.2700	51.8238	208.1315
95.5922	58.3958	430.0987
169.2974	21.4371	377.4884
192.0589	46.2809	305.2549
186.1658	84.3801	182.9891
180.4763	129.9452	256.7059
94.4807	60.9989	259.0417
47.1139	98.7883	218.3554
146.2742	143.5735	112.7611
157.4607	44.7776	65.5680
117.8466	146.7679	249.5262
123.8308	125.0941	23.6510
191.1256	140.2557	55.3577
47.5695	90.7962	86.5621
19.1731	182.9455	304.0266
186.3989	103.6611	319.6529
172.9152	127.9749	414.6261
93.4892	46.5809	178.7770
29.0450	129.2896	53.2294
80.4168	94.4266	16.4292
129.8437	90.3741	126.2864
39.2550	157.2033	83.5579
6.2840	60.8049	267.5313
144.1994	187.2899	337.8774
186.6686	125.4172	357.0643
121.4272	87.8454	245.1274
68.0097	61.1348	93.9060
149.7619	173.8606	420.4131
186.6098	188.4461	275.4134
151.8312	44.2821	272.7069
43.8261	75.5242	339.9084
141.4099	140.2205	135.5343
54.6930	67.8742	283.3416
174.8325	98.2232	12.6365
144.8672	96.1184	33.6793
83.5471	187.0733	211.3181
89.1183	107.8864	337.8557
121.6670	140.4300	363.1996
39.7862	54.0205	325.0448
14.4832	117.1629	22.8608
11.5953	22.9539	202.2479
79.4023	14.9367	146.5707
67.1216	58.5521	219.1305
154.6400	185.4959	368.6207
23.3558	85.9937	62.6157
11.5540	103.5244	144.6207
34.9115	58.8314	104.4829
182.8362	95.2480	138.6208
172.7898	120.2503	252.2978
78.6738	149.5628	366.9231
52.9224	103.8453	412.7901
185.1686	78.0533	139.0772
76.1468	164.3636	158.8266
127.5208	8.3725	234.2344
108.7514	133.8517	153.0280
5.8426	26.1270	426.1168
151.9613	124.0798	46.4337
190.0913	154.2908	331.8509
102.7753	121.7048	417.6448
89.1886	93.1570	303.1994
36.6475	182.6503	60.9369
22.7489	147.8901	139.6271
16.3495	114.1416	342.3417
11.2116	66.0510	175.5598
35.2249	171.8230	226.6287
163.6237	138.1826	110.4666
92.4851	164.0938	122.8237
169.4610	118.0229	14.1505
101.9970	142.0768	24.8393
122.5156	57.5666	231.1829
13.3195	144.8815	331.3472
147.6995	31.1288	212.7257
80.5458	66.0308	232.7879
27.4562	118.2182	147.6846
76.4110	92.9558	134.4029
190.9370	40.4512	104.5971
172.0194	86.7196	180.8762
153.1425	67.9821	293.1802
36.2646	37.0544	129.3718
111.5877	147.6118	307.1374
186.8138	49.5093	299.9062
39.4057	59.2445	20.5854
20.1968	60.8569	271.7729
58.0016	108.0532	282.8196
28.4086	69.2979	138.0948
5.5086	166.7297	12.9081
32.1371	112.0483	359.8643
1.9205	52.6790	251.6749
99.2283	58.4148	53.5067
91.5038	99.2574	279.9438
68.4413	186.4045	331.4712
45.3296	189.3551	186.5102
149.4194	188.4689	101.3446
28.0354	125.5876	396.1240
35.6453	33.3905	64.8645
145.5455	184.8115	309.5576
184.5792	109.4871	14.5934
118.3955	181.7474	170.6821
40.7469	52.8846	189.7018
92.5403	38.8521	120.6160
81.2585	120.5618	365.8813
11.0664	87.6269	206.7182
57.7948	127.9490	131.9591
144.4863	122.0517	291.5247
24.2284	20.0615	401.8446
1.1289	90.9976	234.6577
2.6106	14.8838	297.2240
76.1265	170.5856	388.1836
151.5815	157.4038	382.6888
6.5424	168.6183	157.2581
41.8654	52.2488	69.8601
51.6964	0.1548	363.1575
187.0902	32.3544	86.0619
38.3841	92.1804	66.3625
180.9560	174.9331	23.8450
28.5057	176.0624	415.8720
186.9849	188.6112	10.4203
101.0543	127.8726	304.9171
171.1260	6.4292	244.6977
20.7886	40.6027	440.6840
114.5174	189.5119	444.7675
39.7585	7.2494	369.0451
173.4143	114.7249	80.1124
165.8785	107.1793	110.1291
180.0502	143.2297	293.9139
6.0123	81.4926	121.1090
163.8873	92.1347	216.8988
144.6485	138.4836	86.5464
103.2828	71.6860	240.7376
131.4003	184.2696	380.4924
131.1740	47.6735	330.2403
7.0048	168.0518	3.3640
50.1103	144.7798	265.2393
53.6051	178.0595	7.7769
183.6444	34.8408	172.9192
123.5191	47.7752	120.6254
118.6244	43.6434	260.2668
170.6140	173.2235	349.9348
48.1161	39.8107	88.4668
86.6678	50.5612	433.4101
17.8728	174.2951	75.2218
173.5770	100.2026	223.9522
156.0287	0.3924	392.9072
78.2993	1.6435	450.5549
5.3599	51.8550	280.9225
111.5512	125.7160	347.3708
119.6487	119.0565	244.4840
115.8595	130.4196	175.8027
94.2813	142.0337	93.4882
50.6485	177.2435	245.6454
18.4969	29.3165	288.8021
83.2471	123.3418	261.5497
58.3274	80.5667	211.8722
46.8290	33.2238	167.8899
44.2852	28.9047	192.0922
162.8417	92.4376	120.9650
90.2028	117.8053	248.0183
185.4219	170.8981	272.8740
188.9422	187.6437	192.9499
44.2730	138.5593	30.8415
95.4539	131.5434	73.4374
19.7240	73.1936	369.7804
21.1443	129.7148	164.9605
150.0534	63.0185	149.6706
59.4332	71.1427	440.6963
68.2552	17.6716	313.5739
89.6181	88.6736	416.3852
126.4264	29.6935	19.6183
130.1255	113.2591	374.6602
56.5907	112.3919	2.0151
91.6610	166.0587	14.9438
112.0878	119.1156	453.4268
73.7252	158.1251	311.5812
162.8591	7.5256	237.6589
187.6865	80.4722	312.6047
139.2248	124.1513	35.8892
43.2055	79.1069	92.0816
33.5454	10.3185	235.4494
115.0669	152.0048	342.2503
170.7021	31.2085	158.7132
68.6721	83.3072	375.7594
18.3122	86.6368	351.3616
170.7613	165.2409	165.9543
88.2467	1.0077	233.0229
52.6333	103.1310	158.8530
100.3732	93.6089	270.2526
187.7928	10.5485	287.6473
44.2516	28.6153	49.7480
103.7588	137.7309	440.8085
117.3429	166.2982	384.6764
30.1277	189.8144	344.7895
38.4710	14.7919	18.4514
2.2131	28.9137	404.6848
97.1194	32.2055	448.4322
1.5527	189.7880	181.2113
162.2009	138.7763	323.7507
185.5728	4.9640	391.1459
37.0443	155.0859	156.4729
46.5723	160.6868	146.7582
35.2177	107.0931	454.5388
105.2983	50.9919	33.9742
94.6249	111.0442	154.9409
115.0444	40.4852	184.9804
68.6335	100.8731	216.3593
40.6515	114.7055	263.9737
115.9990	46.1768	11.4495
137.7428	163.0205	84.5406
148.1480	111.0237	296.0846
158.3533	71.1857	92.3228
0.6802	17.0504	250.4476
115.0380	173.8497	383.9374
137.2141	100.0190	327.7976
116.3392	102.1300	220.2460
160.4447	64.2147	441.1653
4.9451	10.8319	49.5159
4.1732	60.6351	277.7789
80.8320	46.3178	285.8950
29.8750	80.6294	235.2225
145.8902	51.1973	35.2946
141.6947	191.2710	223.5450
62.5072	184.9938	15.6537
36.2596	102.9261	254.8888
179.8200	107.9555	439.5416
182.8997	18.8038	194.4611
40.1642	47.9886	455.2792
160.6467	110.3496	69.0242
41.8305	159.6120	85.3170
125.6470	2.8236	223.8477
70.3862	110.2196	118.0884
161.6051	134.9454	107.5589
175.8238	68.9356	132.8024
136.6873	92.7533	225.9845
62.7958	123.2857	37.1838
0.7722	32.5158	165.6079
53.1606	146.9484	89.9803
111.0158	14.3291	171.6585
110.4489	35.1831	200.5774
42.6873	142.4512	231.1672
124.2027	12.8586	375.7591
37.2179	119.7253	152.2251
173.9651	99.5783	85.6682
190.2545	100.1687	154.9312
40.3789	127.5107	88.4850
191.9422	48.0412	180.2865
105.2585	179.3885	127.1072
2.9481	55.1984	90.5751
171.4788	170.8318	231.7762
8.3418	46.6903	118.4756
34.8370	67.9229	328.4279
47.8127	110.7438	74.0710
39.4704	17.7989	202.7888
26.2898	115.2432	257.9864
89.2180	151.0966	84.3993
86.2616	52.2868	148.0834
113.4911	124.0984	419.1170
103.9159	187.7776	341.3110
32.7011	19.4376	131.9824
59.7207	63.2677	393.9936
58.8275	133.2318	254.9986
129.2728	172.0663	373.4188
66.2790	136.0495	138.5412
62.6438	180.8096	111.3377
100.3330	145.8802	215.0112
189.4855	60.1757	25.5386
68.1852	177.7680	260.8565
127.0573	97.2566	436.0062
164.4384	56.4089	437.1639
23.2047	32.0979	191.3493
85.7036	33.4646	323.4306
5.9286	8.3832	364.4821
64.4076	18.7062	184.1890
168.0453	152.4827	266.3984
148.8792	75.1624	333.9544
67.1754	25.9925	45.6542
0.1731	46.4920	108.7573
130.9408	81.5853	144.1705
147.6163	81.4358	323.9731
189.3416	155.3533	166.9752
28.6697	11.9023	226.0771
106.2059	26.4630	142.6314
127.5350	121.1985	286.8994
143.8628	106.3855	99.0819
94.5155	154.6217	195.6423
36.7015	159.1733	83.5331
131.7195	140.0836	343.7230
102.2377	167.7353	105.6145
66.9619	112.8494	408.8222
102.0076	104.7354	228.9339
155.3619	91.4084	33.2441
34.8423	188.9990	347.5419
52.7263	166.8983	324.8030
55.2391	51.3576	40.6044
159.2769	4.4789	418.4451
65.8518	11.3959	222.0000
122.1560	173.7821	380.2169
85.5561	79.5104	167.4782
154.9009	43.4840	128.0443
139.7266	161.0072	324.8324
116.4954	112.6245	218.2542
137.2283	11.5707	369.9788
191.7322	129.6706	236.0872
54.8056	37.4284	350.6159
7.8867	55.7126	75.5822
103.6561	65.0288	81.0602
174.6035	65.5307	36.4110
152.7347	170.3005	206.7452
99.4922	162.6752	428.2130
47.4774	24.0545	244.2206
93.6786	174.0466	112.6551
186.1016	28.5483	78.0160
131.5111	147.6677	19.5807
172.6505	11.7556	311.9336
93.7671	45.2537	39.3765
39.1867	178.7569	58.5946
103.8656	165.7317	249.2368
126.7042	64.4646	144.0835
80.5205	3.1596	264.7488
189.1671	93.3656	197.4829
66.2165	96.1949	379.0914
170.5164	68.3718	255.0266
189.1098	46.2097	435.0298
45.7463	57.7319	16.6092
185.7410	118.1984	288.5976
185.2962	0.0636	290.4109
127.5750	114.0228	74.6342
29.2533	95.2177	232.2531
191.7862	75.7638	30.5200
103.5912	130.0716	387.8609
3.0855	8.5222	38.3794
135.8424	51.4308	43.3207
3.5142	111.4925	240.8077
135.9008	52.6389	160.5295
159.2423	76.5065	35.4476
130.1665	17.9691	421.3372
24.5319	143.7390	246.2800
70.8813	110.3777	360.3144
138.0800	86.5600	206.3152
7.2195	42.4998	188.6077
77.2450	165.3289	434.2839
144.1983	43.5490	127.6371
142.5815	3.4847	325.5924
20.3410	140.3636	234.0703
174.6306	183.9609	168.2773
51.3806	51.8984	226.1923
14.8442	130.4593	190.8519
31.3523	15.1032	387.4273
64.9531	176.0233	292.4808
131.4498	84.9931	78.6929
177.4441	25.3911	308.5481
70.7819	17.5244	5.2941
59.7345	102.3213	315.8655
16.8868	125.1733	407.5383
184.6084	46.7229	366.9791
156.4268	110.7904	257.1981
32.3687	176.0669	116.5074
114.9577	170.9517	18.1664
19.3982	64.9143	110.8662
167.2322	169.5841	58.1596
63.4208	9.7274	454.8972
119.7451	44.5376	455.5414
83.9278	139.5141	33.1514
142.7668	134.2987	444.7328
90.8556	95.0195	81.4218
16.6009	160.6172	422.6415
31.7682	183.9383	400.2845
123.1025	180.0762	249.3449
158.5933	26.1505	438.1432
150.6534	33.9990	414.1961
103.0572	53.8351	54.5621
0.4807	2.7053	229.3427
59.1646	32.9276	70.1624
152.6150	115.8914	87.9927
78.6572	58.2836	230.9291
124.9805	88.2789	131.4679
134.2362	47.4562	315.9705
115.7059	115.2847	316.2815
126.8696	31.7319	65.1481
72.9434	22.2169	140.0128
69.7237	76.8722	224.7985
33.8205	137.4673	390.7526
166.8260	79.8534	325.7680
161.9952	174.0404	129.1220
52.0984	55.2037	293.1734
112.2933	178.4289	365.4368
188.9480	173.7679	125.0738
32.1027	179.9247	240.9166
189.5449	154.1888	221.8036
172.5732	79.8617	305.4722
6.5828	27.7135	358.1952
143.9376	134.6007	447.2166
190.9282	75.9106	187.6553
173.0505	74.2389	72.3637
95.7757	40.1429	175.3706
64.5090	115.7766	184.3001
6.8185	59.1079	167.3226
34.7845	138.0913	179.4796
64.8477	145.7072	110.7673
144.3387	163.1002	71.1968
135.4611	108.3948	332.9019
190.6686	50.9110	429.2595
128.2442	84.9077	190.7495
103.9231	31.4203	129.0937
26.6494	12.3701	181.4144
175.0591	106.4167	408.8208
35.4225	3.6249	233.8772
16.1762	164.9016	413.9652
9.9246	75.3047	350.2852
143.0794	167.4504	344.4157
167.1313	45.0904	127.0244
16.8646	155.9932	455.1436
164.3507	166.5942	281.0381
90.2220	47.7089	179.3543
150.0397	178.9348	89.9914
159.2883	117.8702	283.9806
47.9318	181.8576	254.2157
75.0694	93.0384	326.1382
84.8816	46.6370	242.1017
40.9186	18.4247	298.5821
9.6101	170.8113	8.0587
1.6251	99.2937	11.0282
43.2967	179.1120	200.7687
54.5971	189.4298	354.0346
90.6009	92.6242	157.6985
5.7764	103.5840	250.6104
1.0236	110.9914	254.2091
143.3287	39.4216	346.3507
148.0561	49.9650	296.9261
187.6241	43.8750	9.6678
151.7641	17.7373	431.1428
136.9245	46.9973	313.0694
116.3352	72.2408	403.3200
150.0768	110.7857	113.3432
81.3012	42.8161	91.4655
26.1257	189.8892	174.7746
10.0413	71.1027	72.0710
142.8827	36.5789	38.4310
16.7117	143.5221	227.9933
2.8632	100.2005	19.5407
33.6530	145.7797	12.6500
47.0282	91.2792	242.7719
166.6026	149.3383	162.5135
121.9217	172.5637	397.8672
93.7017	105.1150	212.1623
79.1448	145.6151	299.8108
173.4248	105.0868	225.8232
88.1847	55.7845	300.3051
123.7159	5.6047	396.8965
134.7203	100.9081	404.0786
23.1023	125.6942	271.4364
13.8848	147.9459	47.4700
14.3805	62.5232	13.3254
135.8142	107.9480	138.3701
179.0806	167.3978	180.6059
145.9144	113.3557	322.4314
91.0561	115.1648	386.7479
174.2190	157.0970	343.1753
131.3204	122.6330	199.5049
54.4275	92.1349	119.4262
188.0809	93.1530	444.0241
33.8334	28.4255	341.0269
164.2055	154.9840	355.2719
188.8550	155.0329	252.7636
141.9992	75.0909	301.8972
178.0965	150.5214	391.3110
46.1236	169.8008	95.7366
158.4936	68.7944	35.1846
72.1010	178.1076	66.6059
21.2632	5.5322	84.8347
57.3565	38.2826	425.9975
79.8682	170.4261	97.1285
24.6504	134.4880	8.4998
96.8611	108.5825	358.5336
69.7899	117.3104	47.2708
45.2017	157.9859	419.3563
83.7594	101.2828	334.1822
94.4981	95.9875	249.0070
77.2199	72.7827	392.7991
100.7713	87.9339	348.4243
159.6543	84.6130	181.8609
16.6397	2.8835	40.9976
131.5972	27.4077	43.4971
118.9712	92.6822	235.2030
153.7596	113.9438	257.2426
147.9077	152.4480	44.0414
124.6920	174.3823	444.4704
151.1791	39.0197	171.3811
112.0926	111.3489	285.6793
121.7733	16.5370	454.9485
107.4092	54.5558	97.1267
93.2780	89.0324	357.7363
57.4511	168.6279	97.8760
169.6245	5.7975	274.1853
77.1081	165.5069	298.5291
176.1586	128.9544	425.9501
133.8223	33.6214	98.9567
11.8847	66.6981	269.0368
87.8576	39.5212	131.3850
55.6918	52.0045	63.7258
134.3713	169.4204	342.7147
141.0070	95.3924	241.2354
190.4033	184.9299	20.0616
165.0374	123.8088	419.1873
122.0283	88.6537	162.5722
64.7959	135.2588	279.7471
186.6164	32.4636	282.4797
84.9111	68.4479	193.2387
133.7626	94.9609	204.0894
61.7534	22.0348	59.3411
161.9777	27.3483	357.7333
110.2221	40.9686	420.7150
192.2313	140.6187	399.7417
26.6740	100.1344	293.4289
0.7670	164.0813	282.7980
175.7979	159.7259	155.6041
122.1290	124.0327	261.1679
55.2833	36.5200	180.8381
97.4150	129.4889	12.8025
114.5119	134.5951	127.1475
184.3077	95.6998	412.0140
99.8549	171.5168	227.1101
156.6463	98.1714	231.0440
191.5538	168.9748	338.2833
145.3577	11.3940	92.5530
80.9853	178.0014	118.2473
1.4616	117.0186	330.3286
120.9408	114.8483	354.7810
28.3251	68.3339	121.3532
141.1519	60.7570	114.0165
84.7112	78.5181	309.6829
20.3367	6.4994	49.7305
45.0829	180.4033	86.3164
102.1931	38.1281	16.8103
75.4124	92.5405	205.0048
162.3106	138.8500	118.7868
48.0160	171.2591	307.3728
19.6036	131.7988	105.9029
168.1385	57.9778	406.5684
100.7886	145.1240	447.4515
98.2942	176.8309	297.4653
81.2904	155.1883	19.7481
44.6454	62.0516	136.4373
91.9168	114.2884	72.9202
128.0381	54.7658	120.7173
152.1617	102.9256	119.9643
35.3533	33.8982	155.4129
131.0075	21.5837	130.5519
163.3662	128.1603	327.9236
187.7551	46.1133	166.4136
177.5697	83.3647	46.4350
179.5278	187.3275	36.6327
7.5130	15.6855	60.6767
149.1408	58.8962	277.7297
38.7022	13.8937	92.8044
14.7273	168.5049	118.9787
131.6998	57.7607	455.1153
188.1959	70.6201	320.7215
4.8706	154.8641	357.8953
142.0725	96.8399	44.2747
111.2772	14.0028	166.2781
39.4009	31.2986	122.6345
65.3965	142.4410	139.8016
168.7590	103.2115	162.9781
143.0389	33.0529	428.5180
63.1656	69.5868	444.4756
53.0186	15.9775	55.1307
35.8322	37.5468	63.9435
182.5027	11.5315	171.0414
109.5102	13.0570	87.2404
1.8981	109.1234	75.4689
70.8617	65.8313	366.7296
63.7872	38.1593	56.6663
87.7690	47.0179	255.3101
120.8888	164.0030	339.4665
124.4339	22.7911	20.6750
30.5108	150.0612	434.8103
65.0181	32.9373	138.6289
83.0151	55.3665	344.7994
71.9447	63.7467	138.3771
85.9965	118.1929	57.4151
143.5836	64.3950	412.3025
6.8368	127.0047	164.4337
0.9442	140.1212	282.7496
2.8343	143.9454	141.2447
156.0936	149.1313	311.2994
69.5402	0.8391	452.8272
106.6791	51.4712	287.9513
90.1390	163.5129	420.3730
157.2039	163.6957	280.6903
126.9831	156.1999	282.8882
134.0890	130.6457	183.1543
59.3277	148.6536	338.7181
182.0750	23.4114	162.3226
0.2349	87.4061	210.2459
10.8999	60.1383	13.5777
10.7196	76.7561	330.2381
156.7830	60.7454	21.8815
41.1777	63.8388	199.1602
152.3305	53.9594	428.6832
37.7167	90.1527	94.0282
162.8913	85.8644	127.7747
161.5183	35.8192	290.2076
91.4054	171.4773	306.9363
68.2353	161.8959	333.9052
97.5173	162.8864	251.3888
182.9966	110.8329	228.7280
79.8275	99.2812	445.5903
4.4348	103.1470	38.1222
76.2477	147.2262	131.4122
173.4378	67.0637	32.3013
20.0391	74.6901	312.6033
15.0688	28.0608	97.7523
156.6865	156.1049	374.4680
148.7287	175.0627	135.5931
114.4917	96.4898	79.9388
187.9296	157.6467	297.5362
128.8687	88.9474	119.5280
130.2860	58.7256	118.4070
125.3102	186.2680	421.2076
68.3776	9.1660	178.8877
159.2179	169.8655	248.5106
16.5483	111.3286	322.6013
54.0556	82.4507	411.7082
159.6936	15.1690	14.4069
172.1501	185.3421	24.1613
94.1959	55.3518	283.2709
125.1321	165.8642	87.7402
80.6614	129.1471	296.5110
112.8777	93.2991	400.8298
63.0804	84.3932	363.1511
102.6559	38.8340	310.3710
0.7354	34.5709	127.6700
42.9384	100.9119	229.6383
128.8644	22.2866	275.3277
173.3095	127.2117	15.4697
48.6388	113.5621	110.2307
79.3159	40.2918	287.5707
185.7153	185.7832	337.6673
130.9359	35.3798	438.8962
50.3273	103.4142	203.5659
164.5570	55.9568	84.9240
46.4131	77.7558	81.8829
94.7581	124.5982	135.5619
36.2165	174.2921	333.7820
15.9566	74.9175	40.2975
48.3583	28.8242	299.7000
119.4400	129.0278	350.0028
116.7358	91.1387	378.1540
154.8873	162.9801	277.2703
164.1967	50.2034	409.3272
33.8324	133.3394	380.0756
105.5420	11.6868	292.2196
48.8756	6.7511	150.8007
157.2491	102.3086	101.4019
181.5474	122.4080	405.5629
137.2941	186.3562	202.1707
183.1089	14.7667	47.3261
16.0571	101.9426	66.3606
88.9636	137.5105	340.4262
41.5034	36.7059	420.0232
145.2237	187.2316	235.0166
158.9871	144.6976	149.4915
78.7336	65.8585	243.3327
53.3427	176.9837	211.2235
72.5594	176.9101	130.6991
30.0689	25.2995	334.5630
25.5994	14.2176	348.9385
85.1808	176.5285	7.3814
153.2802	54.2395	366.7735
87.1538	121.8056	315.2955
148.6592	68.5449	2.7707
125.8298	102.8776	174.7515
12.4586	94.0181	158.4134
115.1214	16.7936	221.5707
98.5476	77.5304	131.2217
45.6335	4.2589	177.1105
138.2800	70.6153	186.6961
145.9984	28.9542	176.4630
28.4293	129.9906	392.7090
69.5899	140.6373	282.8136
109.6334	26.0111	148.9979
57.1343	50.5458	230.0073
91.8238	24.9190	61.5641
96.8371	190.7163	47.7780
99.9565	158.8848	440.7183
6.3434	79.0458	272.5382
29.3377	176.9644	266.9914
134.1499	36.5099	62.8389
162.1489	146.8140	415.5441
150.0259	116.2593	323.5406
184.9168	65.7492	189.2507
76.3354	65.6649	235.1029
188.3068	20.3583	41.1804
6.0677	73.0356	124.8072
2.4607	44.8935	111.6304
8.0043	187.9870	103.5220
36.6961	67.2863	266.0890
19.2610	84.8164	268.2653
160.0471	161.1076	34.5275
34.1284	41.0634	408.9414
113.6273	4.9540	75.7255
179.9856	146.4792	123.6858
150.3814	157.9925	356.7101
190.2235	40.7474	122.0049
44.1004	191.5814	218.8798
83.2979	46.5727	118.0554
177.7831	77.3555	119.0340
79.8676	8.8902	423.4252
9.8159	191.2835	393.1097
90.8668	158.1944	318.8793
104.2012	124.9886	351.1374
56.2419	158.3478	325.7884
87.7331	14.2519	336.7465
53.3276	102.3810	388.8029
187.4536	54.7034	52.7733
121.0513	166.1782	349.3158
155.1021	111.4604	94.6124
113.9030	9.5981	80.7688
58.4858	149.6461	400.7829
173.6058	36.0024	375.3894
79.9353	163.3332	89.3636
106.2962	134.0754	19.4710
128.0896	175.9751	303.1623
141.6541	171.5084	246.1239
23.6404	170.7421	175.7234
44.0655	106.4997	373.1445
160.7803	15.3762	192.5900
54.1366	17.3087	261.2237
115.8769	144.3586	359.8727
185.6626	98.3808	345.4228
60.9779	153.4181	88.7737
166.6051	182.6182	204.2585
87.0405	127.6103	79.7542
156.8983	29.7127	92.1145
19.3183	32.1140	442.3662
157.8399	67.9049	415.9495
1.9800	164.6271	136.6414
36.3579	37.3675	157.6978
44.0356	96.2834	388.0515
19.0223	130.9899	401.2546
65.5742	173.9974	199.4429
34.3802	135.8779	50.0892
105.3047	38.3706	124.1924
61.0467	16.0379	431.5723
19.7509	75.2339	143.8204
157.9865	175.8250	15.8632
38.9972	186.2022	326.0034
87.8568	39.5175	131.3905
108.8334	191.4841	349.0978
51.3831	28.2543	169.5158
18.1367	138.7300	46.6131
80.1959	164.7115	257.7727
77.3346	91.7622	115.6212
148.1505	53.7512	368.2634
15.5532	134.0396	62.0141
22.8673	140.3888	144.6525
75.5530	137.3252	390.3173
137.2786	73.5018	172.8567
88.5062	36.0767	433.2952
17.2112	93.2125	159.5960
82.4517	106.2262	408.5214
189.9399	148.5621	19.3907
18.2678	128.2470	159.4610
59.7779	135.3706	170.5746
150.4428	180.6549	244.5580
157.8142	24.8424	281.8612
68.9609	136.5389	239.3587
133.0963	128.2594	119.3798
61.3656	111.7584	297.5017
35.4830	103.3662	422.8774
49.7557	139.7906	248.7734
68.3937	116.2776	60.0927
128.5486	137.9174	362.6138
72.8296	112.1134	354.6784
167.0145	133.5195	384.3945
137.1710	11.4814	309.8485
45.9144	30.7154	309.6198
161.1518	102.6116	254.4103
100.7688	114.9233	2.0177
78.7057	160.9943	429.0664
13.5225	163.5252	435.1822
168.9827	86.4793	115.3470
20.3937	97.5780	114.2854
183.5240	4.0641	16.9409
167.8930	160.1037	142.3263
64.7449	76.9461	260.3829
149.6853	112.6729	134.5867
133.2299	132.6956	317.9184
60.5436	77.2042	345.5898
130.3858	76.1531	268.2497
141.6388	9.3959	315.2875
119.2811	180.4698	272.3427
166.7228	78.7558	386.1737
53.3662	101.0354	300.4304
73.3537	58.7170	361.9468
177.9542	178.3684	118.4354
42.6209	72.8403	375.2240
131.1488	149.9844	326.6501
80.3347	157.7038	219.8149
180.0695	31.4435	436.9566
164.6704	176.8638	420.8311
191.8900	18.7582	236.8679
166.4347	96.4334	364.4315
122.2886	10.4750	362.7450
6.3248	90.1986	143.9925
161.4329	84.7314	134.9284
114.3042	186.7469	136.9225
105.2829	88.8350	431.1015
161.9356	34.8812	292.8450
190.5691	77.1531	344.4438
47.4738	94.4178	121.9421
21.7423	46.4841	299.1430
59.7114	62.6545	173.1703
76.3257	80.1436	353.8274
132.4757	30.5795	438.9592
58.1551	24.8463	267.3974
19.3730	64.6611	217.2952
68.9659	151.5605	29.2899
43.0290	42.2371	183.3558
175.6217	85.2707	22.2503
78.9839	54.8537	419.0812
86.8835	128.4826	404.6589
132.2424	59.3327	148.3179
52.9325	56.5005	369.4871
65.9958	62.1800	47.4496
132.2684	39.8212	333.6209
68.4723	30.2375	91.2738
82.7241	164.2151	236.4797
105.4155	21.8965	243.2560
1.1997	16.7385	405.5357
69.8970	27.7965	368.6561
171.3810	43.1496	139.4897
91.3521	189.5386	37.8679
185.5254	174.5804	80.1317
107.9691	85.3990	187.2697
114.5017	13.6062	109.0576
13.0320	79.8010	261.2917
61.8115	133.8690	44.0684
17.0931	66.5515	30.1593
184.4431	172.1921	126.8362
107.4579	155.7223	206.4797
50.2129	40.2890	215.9842
43.0628	57.6325	66.0467
90.0842	92.5271	416.4257
57.4586	142.1453	432.5131
99.9435	133.2946	418.4093
109.5038	48.9647	19.9043
36.1724	164.0522	276.2218
23.5324	144.0297	415.9307
43.6983	174.9814	337.1672
142.2569	19.4521	259.0496
111.5313	114.4809	309.7542
20.0711	59.7439	188.2355
63.7059	148.5189	127.8614
7.7394	148.3084	62.0754
4.2309	178.8519	217.8049
43.3640	63.0655	111.7962
164.6244	30.1185	190.8401
55.2302	107.3225	267.3949
113.7070	47.2182	62.7476
121.2381	66.6729	254.8167
177.4761	122.3820	243.0297
128.3347	3.1715	94.2665
108.9145	9.6085	54.0244
155.1548	3.4229	272.0434
46.9275	31.1773	376.2214
67.1920	147.0994	40.5529
167.8215	144.1298	221.5422
188.6557	188.7967	161.9969
101.0847	54.0476	330.0714
27.3235	42.0862	318.0279
36.7599	91.8904	58.3382
57.7671	79.3886	162.3608
70.0362	173.6157	243.1904
66.3825	13.8743	4.9417
154.7180	148.8419	378.9836
73.3253	190.2634	291.3190
27.6696	183.5238	257.3916
105.7522	4.2729	168.2194
173.1005	173.0368	297.9630
102.8052	128.8354	210.8763
137.3909	39.4646	131.8785
144.9756	102.2288	60.1245
164.8948	112.2025	30.6753
142.9337	53.2129	36.7260
46.8410	137.3603	252.7651
112.4718	89.7870	7.4865
157.2720	21.0582	93.6359
43.7054	63.4803	70.9069
98.1673	161.0019	310.3925
17.2292	71.7986	173.3729
107.0236	72.1650	210.2951
17.4923	111.8033	133.0014
19.0730	97.5716	60.5135
49.2139	161.0580	136.3643
30.2092	112.8064	4.5061
60.2925	74.5189	53.1042
179.2052	140.6619	186.8262
125.0072	113.6546	0.6422
63.5134	143.8703	190.6276
33.9924	133.1912	174.1889
159.4619	60.4011	145.6292
2.9476	95.1406	127.3384
29.9077	128.7923	333.5419
29.4621	181.8253	253.2061
144.2140	170.3882	131.2964
103.5844	67.2617	250.3728
106.4972	5.0260	141.8377
121.5228	99.2156	397.1673
23.8004	162.9320	412.3760
16.4916	142.8127	71.2421
18.4663	24.1095	166.9635
21.9951	73.1487	230.7637
129.2493	13.1032	164.7796
185.7626	1.7528	39.1458
172.7939	170.3128	208.9423
119.0357	68.7100	150.1905
190.7460	94.7789	412.0133
179.8551	98.7621	98.9443
104.0998	106.5049	292.6765
120.9867	21.1129	48.7228
114.9540	1.9636	23.5632
120.6557	180.5871	204.8763
149.5814	189.7539	66.0049
91.8691	45.1000	140.9855
69.6446	76.4965	64.6284
46.8019	174.3799	316.4872
136.1147	132.6425	47.1139
85.2841	19.4346	71.4309
133.5927	188.6425	296.4673
179.8948	115.2607	196.0546
35.6851	103.8245	66.9754
37.7310	48.8152	236.9884
146.9237	143.2516	306.1117
76.3146	163.3522	386.3710
32.8635	25.1045	28.0768
12.0552	159.9883	412.2258
112.8931	45.3584	442.9107
157.4054	176.3679	167.3232
99.0301	45.8867	57.5937
162.8896	12.4926	183.5777
21.2074	177.8660	100.1952
99.3691	20.3941	387.2739
37.8270	120.0960	140.2515
12.6585	168.9477	249.8372
148.7783	162.3799	387.0101
106.0300	161.9858	57.6641
33.5917	165.5196	314.2274
178.5394	86.8827	101.7183
103.5504	44.8967	212.4729
6.0610	28.6539	246.3767
154.0453	109.6926	286.5040
87.0566	149.7487	45.1154
24.6730	24.0348	84.5194
172.8338	74.0791	405.7209
23.3255	159.0384	210.8370
40.7937	29.6608	203.4583
87.1416	105.0232	119.5134
158.9401	68.4928	53.1234
54.7045	179.4918	107.3098
59.7530	43.7683	356.1958
7.1387	61.2190	98.2423
29.6424	21.9088	20.4265
142.7219	14.6055	415.1110
15.7901	15.5470	382.7512
132.1911	129.7161	357.5468
123.7947	113.0927	294.6718
66.9683	58.1852	65.3916
102.2243	67.8478	270.6298
34.7461	4.2950	155.7226
181.5643	60.0198	85.5582
181.3604	135.9131	90.1390
181.1042	90.3526	342.7821
112.1716	41.3698	22.0659
53.3138	2.8508	414.8930
131.3120	40.9643	235.1130
90.5138	127.1225	369.5741
174.8742	130.6300	313.3589
73.5686	6.4352	142.0896
120.5423	83.2992	388.8830
84.7475	9.3647	15.6620
23.5644	184.0456	383.1332
66.1657	158.5956	1.3708
48.8721	131.7013	26.8517
32.3957	150.2966	353.3574
105.7148	73.5635	261.8232
192.1742	11.8693	423.0020
108.1551	186.7821	124.4207
149.3992	46.1449	279.3509
165.5895	25.7456	99.3016
109.7819	146.8551	393.9175
57.8809	190.0792	72.6886
101.7319	68.0560	249.2436
156.9454	186.3251	97.8422
167.2126	157.7958	443.5080
132.2395	29.5526	68.8188
154.8133	28.1573	221.8108
177.9579	64.3116	31.0847
149.5942	95.7157	130.7634
95.6255	86.8103	410.6382
18.2121	145.8138	327.7685
49.8802	107.6505	225.4138
157.6563	58.1474	367.6899
98.2067	159.4497	133.6280
189.8851	29.4553	454.7736
186.3091	111.5297	411.9515
27.9200	70.0169	99.1887
61.0716	180.7700	49.5622
66.7583	160.2064	316.1651
162.8794	61.9476	241.5633
145.8418	33.4582	275.7392
177.0724	130.1945	287.5195
180.3653	179.9480	183.2175
118.9109	10.9230	298.0705
55.9230	52.2641	191.3556
39.4349	12.6664	439.2136
54.4870	14.2638	25.1871
173.2190	174.4450	374.9175
33.6772	54.2827	67.8330
159.5240	168.0573	293.7055
100.9553	103.0565	306.8311
90.4359	190.9402	54.3711
84.2046	190.1145	21.9938
114.2248	45.2629	380.5796
159.2743	92.8688	181.8651
167.9876	19.6442	346.4587
171.8790	61.8271	304.7393
188.6099	52.4249	63.6578
70.7888	14.7397	124.4329
162.1059	116.2441	391.9784
121.7204	80.5321	189.8156
147.4243	103.3470	261.2787
96.3692	100.2798	334.7567
37.1257	39.7550	125.4391
56.3543	168.3965	195.1073
88.9137	169.7551	281.4129
80.6014	11.6267	267.1461
80.0880	142.8722	336.8443
5.2471	11.1482	377.8631
15.4531	38.6502	29.5623
22.3689	88.8121	160.5995
52.2103	161.3016	323.7727
75.0748	59.2534	313.6255
17.1497	189.7942	433.0827
95.5563	165.0332	81.4192
99.4671	153.2971	421.9392
90.9829	7.0273	151.2843
154.4645	159.5747	44.4582
63.2053	47.0465	65.0280
109.9600	95.2334	163.3679
147.8692	146.1921	192.3027
85.1001	58.0663	236.0533
72.0494	42.2011	351.9292
153.1848	11.8052	438.7898
84.5378	128.4788	326.5025
145.1427	149.6158	170.6270
168.0847	59.5379	158.1044
69.2692	154.6069	289.8406
133.2008	129.9600	293.4672
85.7242	17.0962	107.3758
176.0201	30.3551	179.0336
49.2464	62.6725	105.0886
142.5423	181.4870	316.1261
72.6874	106.4019	91.2405
103.5232	50.7292	316.4916
112.3071	86.3082	250.1534
53.4695	138.5968	268.0464
32.3314	149.2986	420.0532
126.9514	81.4960	325.6059
97.7251	102.5899	431.1821
122.6356	188.6920	126.0526
141.2976	109.5053	402.2653
109.6010	190.4680	123.0940
98.8452	157.5151	4.5536
117.2780	13.1895	105.9050
86.9947	98.8532	108.8451
93.5919	63.2423	60.4235
7.1960	90.6209	159.3721
179.5160	49.0626	154.0842
4.0395	136.8553	209.6780
111.6136	173.1313	12.1826
188.6426	25.1263	7.5056
146.3695	186.1380	160.6219
120.6137	74.8699	218.3920
71.3365	149.3312	427.1972
171.1019	95.5231	405.2959
120.8640	134.2845	316.0768
33.4367	9.2024	425.6954
75.9600	42.8896	339.1521
148.5468	146.7317	344.3983
187.5770	155.7260	386.1755
44.8344	145.5672	264.1148
115.9591	14.9039	88.7964
160.1712	164.7391	9.7471
184.6510	147.3216	254.2424
22.7409	77.1032	165.5453
54.1940	76.7981	76.8980
24.5760	149.0606	170.2194
146.9900	92.7134	152.1928
65.7585	17.5546	80.4808
2.5500	98.9467	326.4782
107.5331	80.5124	295.8233
84.4974	77.0302	443.0306
13.1989	7.3067	11.6089
8.8628	15.2061	400.1155
149.1900	125.8922	282.6641
138.7665	5.1650	32.6871
166.0835	114.2706	61.0852
165.0595	86.7469	134.9871
83.7865	124.5733	131.3813
144.3279	117.6832	147.7679
175.7751	22.5144	325.3446
93.6166	43.3639	27.2454
110.8845	175.8642	324.9881
94.1751	11.1762	351.3099
187.3180	165.7321	56.8147
40.3944	66.6437	104.3238
155.1892	94.8315	362.0759
55.6426	110.5861	402.8568
186.2315	38.0684	227.5633
145.0124	61.5190	5.7811
14.6325	96.1923	440.8134
17.4219	9.5968	141.0950
114.5107	93.6794	238.4553
105.5518	187.4716	285.5176
9.5653	83.7103	145.0855
144.7728	189.9571	181.7710
53.2764	188.1246	49.5174
148.1139	42.8370	287.9318
160.4866	23.9700	110.2017
175.9356	3.6837	220.5685
119.5657	176.8995	296.7242
113.0917	49.8380	100.0895
9.5393	131.2410	416.9862
160.0344	107.0855	135.7660
182.5425	112.3628	283.8204
66.1201	41.9827	77.2906
35.7852	142.5680	19.0083
41.0605	163.3709	23.8550
111.4647	90.8480	325.0475
109.4474	94.6273	414.2033
139.5528	176.2148	166.0510
88.9552	39.4551	81.3514
179.9358	116.3176	436.7135
149.4239	42.1558	336.7769
72.0732	25.9624	46.5349
93.8913	53.6509	56.1677
17.9640	14.1273	125.9172
152.2450	105.5335	104.1065
76.7144	25.9768	364.6583
86.1605	166.3030	95.2285
76.0887	24.3279	426.0274
119.4568	139.9604	186.0339
137.0172	139.6665	351.1840
84.9446	10.2395	101.0720
149.2271	17.3678	105.8249
1.9834	162.3779	127.8863
185.2470	135.0424	114.5087
188.8450	89.0188	223.6559
112.8977	87.2592	330.6965
35.8719	137.2928	382.3843
180.9009	121.3856	403.8336
59.2918	162.1672	349.5759
106.5982	186.1956	334.5694
161.2758	114.6112	59.6559
85.5590	55.9987	280.6048
162.1006	173.8865	147.9202
20.3009	124.4581	172.8728
176.8957	14.1274	322.5204
121.8353	187.3666	9.5805
130.9546	155.1951	352.8339
76.4858	192.0936	128.0175
22.2073	88.0771	41.7680
169.7250	173.2631	274.4589
164.5996	117.8793	353.0900
86.1289	109.0676	252.6447
153.6337	2.5115	228.8610
51.6205	180.3181	241.3483
48.0688	167.7374	132.8214
77.7845	12.2229	132.6569
170.0798	103.8871	415.6805
46.9077	34.9805	115.6810
182.9725	112.6059	44.4205
113.0522	173.0964	181.8817
117.3373	92.1832	4.0973
64.6457	188.2533	255.9982
14.5195	80.7234	259.8221
171.1363	31.5458	419.6834
15.8349	55.4459	210.8205
126.1965	146.8586	2.3638
132.4528	166.8075	72.3640
154.6555	53.8078	56.7248
22.8251	125.5599	240.6223
113.0898	132.0572	379.2725
1.9166	25.8240	242.7564
12.3381	11.6424	401.4723
36.6374	99.0218	248.5175
147.7898	38.0889	395.0983
13.9328	4.3861	9.5541
182.8694	64.0578	436.7152
164.8659	104.1083	82.8801
23.9759	104.5564	58.4055
117.7229	82.4963	290.3999
59.8381	149.9752	245.5186
79.3506	104.7103	304.3493
112.6611	31.1627	384.7333
28.1216	0.5835	189.4013
36.7122	99.3284	336.5646
32.5546	27.5336	49.2564
172.8996	16.9650	438.7139
57.2811	162.0287	161.9215
19.1033	32.3883	306.1949
24.3600	71.2180	198.6196
165.0222	151.1065	325.9418
118.7342	119.9141	124.0172
65.6503	62.2022	382.2975
26.0738	49.2102	64.2787
42.7186	47.9558	320.2064
162.7871	167.0070	68.2050
147.9396	141.5475	441.0299
165.5137	177.7483	214.9105
7.2992	76.9747	421.4811
1.9351	92.4975	62.1071
142.8710	38.2189	356.4702
145.4317	10.3332	177.5721
121.9374	54.5418	213.7300
182.3928	35.7001	313.8043
96.9415	36.5859	421.4955
58.5580	57.6509	44.1524
81.8379	55.8825	294.1147
107.1424	79.9703	405.5204
178.7751	50.3857	244.8729
104.5462	35.1370	303.6799
10.9706	44.8514	253.3828
190.8449	189.6750	24.3971
50.9562	45.8886	422.8142
159.7635	167.1281	32.3310
141.5740	170.2099	29.6418
142.9620	57.3260	282.9756
182.0898	131.8031	240.8854
80.7845	52.5966	299.1027
58.2293	10.0453	420.1298
131.3235	136.8603	177.8343
35.1497	1.7577	200.0745
70.3784	178.8813	125.2216
75.8871	60.0681	270.5794
126.1580	69.7091	394.6048
131.2403	182.9930	412.2427
110.3527	161.2331	209.9971
12.4460	76.4011	136.1734
92.4745	9.1225	443.5337
54.0998	186.7459	241.6291
20.2760	100.9365	234.6817
82.5012	98.8138	316.7045
52.2878	46.3550	38.5407
145.9653	60.3691	385.6284
10.1679	118.6468	148.6535
94.6901	17.5927	284.3236
4.7238	47.0976	174.2237
69.9307	186.2030	56.7387
92.3143	124.8978	161.4893
4.6288	62.1858	142.4478
168.8589	98.2697	360.7225
66.3678	2.0022	206.7074
59.7775	36.4996	158.8649
19.0181	74.7949	230.4990
2.3842	181.9603	220.5654
81.8907	147.8445	339.0164
0.9729	94.1111	307.4918
7.7499	34.4606	317.7662
91.6955	175.9672	74.9090
116.6090	3.0679	324.1900
167.3646	138.7474	17.0469
52.9607	31.1271	168.7672
36.6472	127.0459	394.0463
60.3412	176.3694	278.5368
62.6295	99.3971	369.6717
147.9668	98.0809	351.7518
131.7626	23.3502	67.0829
157.2811	124.7629	195.1419
1.0947	30.9244	185.0298
11.6932	75.1289	322.0660
51.8843	143.5553	140.8540
160.0201	185.2921	123.9885
144.7801	76.6148	220.7540
101.1354	114.7565	172.3612
16.9040	184.3822	353.7105
79.8702	92.4490	138.9389
88.0236	119.6295	218.4775
1.1116	59.6085	267.6639
74.3479	119.3431	391.9520
89.5073	52.3580	305.8447
57.1733	37.1738	68.2552
66.4641	152.6164	295.9268
149.5616	143.0048	322.3846
30.7148	56.6258	347.9237
173.3390	170.6301	339.6105
35.6414	38.4497	386.1343
107.3573	113.4046	317.0655
150.0027	158.1687	99.9378
31.9767	47.3186	430.5907
24.0711	186.1199	216.5372
80.7944	116.9657	382.2686
185.8446	143.3446	454.4581
144.8377	2.0566	203.5123
92.1023	64.9169	269.3456
45.6179	101.3824	373.4793
186.8986	67.4286	309.7671
141.4247	34.1947	214.2804
76.5058	32.7846	46.8970
12.5861	71.6818	222.0926
113.5402	28.7909	118.4615
108.1907	1.4552	181.3055
8.1289	124.2613	211.8823
132.9938	53.5779	21.8829
155.8825	173.9378	248.4538
114.0692	20.7265	51.1422
154.2546	23.4061	100.7552
67.4324	49.7943	345.4072
142.1402	28.9593	82.3808
71.4332	135.8077	409.5133
100.6365	63.6287	270.7041
162.7234	87.6176	359.8333
27.8351	126.1900	367.2677
178.6782	42.9225	124.5091
56.1220	67.1855	441.5763
23.3647	152.9857	322.1201
63.8138	126.8671	65.7779
175.0583	134.1399	16.6602
113.7444	43.2301	251.9238
44.7642	158.2178	97.1484
94.2716	121.0006	9.7171
27.7953	89.0117	51.6693
111.5844	69.2525	342.8429
60.8634	140.1896	279.4362
62.8025	51.0522	398.4206
143.5624	156.4123	36.5245
134.6758	19.8980	201.9789
65.7261	168.7317	0.1483
103.2782	155.5900	300.9895
108.9985	42.1422	426.2167
59.6337	47.4922	353.2573
186.9058	117.9423	259.1189
109.6501	5.4198	225.0306
44.8353	112.7426	235.7870
1.6165	20.9826	432.2239
4.5901	20.7238	240.2035
164.2218	168.2938	298.9885
21.0824	66.8945	121.7813
82.6336	87.8166	201.1313
127.1485	124.1606	39.2110
18.9933	37.0176	41.8672
54.1336	123.4447	291.2653
5.4835	181.9656	398.9670
152.8518	61.4076	8.3062
2.9462	136.7180	228.9120
64.7622	85.0789	114.3585
147.4851	42.8137	324.6984
150.3933	0.3286	70.9126
39.5857	143.0472	80.8493
48.7079	15.7469	57.0503
163.6239	34.1372	167.3283
35.0089	94.5048	254.7986
95.8623	128.9493	297.3359
55.3575	113.9943	186.1782
8.7457	57.7526	88.9962
67.2520	82.6454	229.6399
2.4442	11.0186	298.4449
55.3100	157.0027	177.8494
167.5901	56.0141	420.7208
130.3811	25.3473	64.3048
72.9643	120.8732	298.3327
146.6688	191.2636	137.3469
157.2858	111.8595	136.1352
121.4832	10.3401	178.2350
188.8139	75.9004	205.5259
122.8113	109.0965	259.2553
125.8853	128.4566	322.1036
90.3756	118.0453	336.6162
149.0897	51.0885	27.7421
54.7588	45.8813	230.4463
143.4547	190.6293	57.6116
191.9671	154.8101	319.4068
37.1056	30.6846	343.3632
89.9191	154.7332	107.5278
180.7843	146.6976	369.4351
47.7550	104.2646	384.6839
143.9654	67.2655	359.6893
185.6664	3.1816	302.9464
179.2519	157.6107	361.1118
58.7590	102.7011	254.6934
166.0405	37.5961	249.1141
33.9647	59.9793	315.0621
41.3718	19.3981	165.4610
125.7515	165.9024	63.1894
123.6546	54.0876	60.4627
40.0693	24.2412	423.2991
167.5626	190.7998	377.6875
58.5127	38.2809	164.9867
189.0866	26.3516	261.2565
153.4367	103.3416	253.8804
128.5100	77.1677	154.7848
17.6898	22.1806	264.2231
78.9826	58.4112	247.0140
168.4543	77.9323	367.4120
176.2040	34.8316	69.9949
185.6601	14.8525	425.8628
44.3467	132.0761	21.3746
89.9727	39.4698	115.8389
134.5530	7.8096	70.9380
69.0983	138.9531	18.2959
179.9779	85.5034	411.6685
38.9954	26.5215	46.4645
110.0766	183.6095	132.2043
106.0179	13.8688	346.6724
61.0062	118.1913	268.9895
53.4561	114.8689	80.3334
180.9086	118.5083	68.0462
37.8511	163.3352	379.6285
180.4297	8.7412	430.3489
37.4205	103.5121	285.2230
17.3721	114.4810	410.0095
24.1091	135.4972	228.0572
23.8467	189.7557	224.6536
164.0091	1.6060	81.8181
147.5523	21.7025	95.5298
1.5771	158.0193	178.0742
108.2964	127.0193	273.6984
2.2683	44.4824	184.1643
132.8933	13.5542	34.3778
185.3921	27.2798	353.5711
11.7272	166.5847	82.3513
20.8137	122.7356	245.4809
163.2741	188.8303	409.3541
1.2422	63.8647	279.1965
72.9131	90.3510	346.0821
116.1736	166.2438	324.3189
157.5590	183.1788	335.8003
62.3357	89.0484	335.0545
14.1990	112.8432	23.5153
163.8772	39.7022	431.6134
156.6652	116.2596	122.3436
176.5345	166.9995	232.0609
141.4153	53.7034	191.9016
22.8073	159.2871	61.6417
120.2464	38.4157	2.3316
2.0430	64.5247	84.1287
41.7268	100.3293	317.1054
120.3042	43.5859	142.3964
61.9047	38.3971	209.3457
70.8903	167.8623	365.6659
97.5112	26.0408	398.3408
105.7757	182.1452	409.0203
97.8791	2.9904	75.1883
49.4848	30.2637	302.8559
9.6074	126.1855	278.4202
35.4703	48.5524	91.9440
174.2665	43.1445	65.8770
69.8206	59.9539	8.8915
50.1396	52.2799	415.0731
87.6646	29.9788	243.4283
105.6786	174.9527	265.6465
38.9661	82.5015	190.6489
32.2809	127.0461	224.6024
174.6298	63.5455	274.9271
111.4039	134.2343	386.5997
107.4980	149.8146	15.2178
170.0286	51.6751	410.6211
169.0922	133.7371	129.6847
98.5491	165.1917	441.9699
154.0269	46.1119	324.2845
84.0451	173.7619	325.0408
85.9148	44.0253	143.7525
41.7729	140.7641	162.2905
180.8957	127.4741	310.6721
130.2688	188.8077	294.6156
100.8440	187.2852	358.1532
151.3858	179.9304	247.3423
144.6060	35.7009	127.9543
107.8918	180.0080	410.9830
89.5245	37.3282	63.8284
34.4048	159.1071	21.8144
132.5338	23.3361	306.5055
77.0727	59.5659	103.0590
127.3311	141.0698	317.0054
30.5947	129.5958	123.2335
83.2529	163.3477	281.2076
105.4802	82.5458	108.6397
128.4394	182.1836	184.3850
169.2543	136.9424	196.4424
135.5620	172.9731	33.2038
16.9425	21.3838	356.1524
132.0457	100.4448	147.4310
31.6993	141.4957	193.3292
86.1165	93.2484	385.8289
149.5839	20.9780	123.2644
76.8250	85.1586	351.8514
65.2321	188.2986	71.1019
66.6592	10.8710	119.9790
52.9046	147.5484	102.2858
133.8113	0.9432	165.7836
190.5976	38.5433	136.7827
178.6027	158.9470	97.6672
129.2296	135.8301	452.2750
52.8325	91.3381	268.6312
127.0189	41.8759	351.6888
10.5778	69.7697	406.1960
38.2139	138.5952	98.9303
148.5537	59.1511	396.6790
112.8297	35.3330	357.4174
125.8982	43.1439	331.4694
2.4191	70.6842	320.7961
9.5307	124.1970	70.4040
173.0937	146.1937	220.9882
120.7585	144.3716	63.8962
125.3438	71.7264	2.2862
101.3553	0.7920	356.8321
7.1707	22.2429	453.2207
59.1324	95.9324	94.0337
123.0127	162.0490	96.8933
183.3798	179.6237	221.4634
173.6568	69.7832	123.2313
158.0384	132.6662	46.3120
53.8646	144.9896	94.5908
11.7153	80.6029	15.9394
4.5448	17.9538	431.8130
33.4590	160.9741	31.5050
4.3183	115.4689	43.1225
15.3847	129.9082	239.7171
67.7348	129.7488	368.5187
112.4180	25.9915	38.7990
16.3701	155.9594	414.3084
12.1959	26.3097	179.9564
146.8404	86.4820	105.3727
104.9012	186.0195	25.7380
82.1716	160.7721	409.6328
84.5558	139.0897	122.2841
19.6257	38.3176	32.6898
18.4025	30.1283	92.0666
153.7116	30.9832	383.7603
28.5245	128.2814	149.0285
130.9369	7.4072	111.7531
162.0196	9.2730	361.7255
66.6926	2.9869	438.3786
114.0030	152.6243	82.3475
0.6967	72.2328	140.4912
116.1421	97.9289	244.4521
187.7037	117.7418	363.8451
127.3460	32.8730	248.4752
11.5793	63.0645	234.4437
76.2467	166.3375	387.4795
46.4310	45.2629	18.7937
44.0029	142.1393	18.3357
65.6124	18.9455	337.1580
119.1366	146.7361	368.1709
125.0253	101.8968	269.9582
115.0576	76.3203	274.1631
113.0210	89.8913	118.6005
116.9557	2.4276	183.3535
115.6658	126.1504	246.6145
189.6711	13.9900	20.5529
84.3980	87.6971	43.8825
7.8157	49.2219	46.3499
116.3097	98.9003	436.5915
136.9605	62.5321	169.9350
45.5272	9.7239	312.7649
36.9240	176.2987	67.3258
48.6205	20.0421	409.3741
126.9244	181.3904	166.1074
103.0428	64.5885	246.8666
95.8295	32.3484	369.2488
137.3859	74.0137	263.9054
56.2801	137.7626	269.2068
141.4270	58.1278	379.8216
135.5543	35.9369	191.2462
40.7911	32.0124	65.6851
135.8026	104.1805	179.0434
187.7232	145.5606	68.8298
81.9418	192.1638	352.1567
28.0809	65.3274	73.8650
64.7784	6.4227	318.7062
65.0505	131.4629	438.8989
2.8811	30.3447	163.3432
149.1177	21.0681	84.8904
58.3169	124.8858	405.0471
62.4494	171.1516	111.1872
44.7373	141.9545	377.8292
178.9335	83.2556	273.0018
26.6891	155.5513	225.4072
47.6389	187.4020	46.3566
48.1987	17.8649	50.1867
124.1366	33.5819	98.2865
153.7535	34.8680	212.3209
3.2080	131.7856	239.9062
27.9085	169.7676	101.8034
39.4187	126.8013	51.9481
19.1677	177.0964	6.3316
87.7683	74.0742	111.0348
6.2910	106.3432	27.1376
97.7853	85.2001	77.7813
124.8166	178.8768	144.4293
54.9065	162.0001	454.9987
91.3294	44.3140	267.5889
22.4376	23.6930	104.9904
97.0509	22.6233	214.0626
87.0847	104.7247	8.5762
140.8151	166.4433	30.2810
171.0479	145.4791	269.2654
174.3807	25.4455	357.9679
181.5458	84.4041	135.4707
128.3117	86.5870	116.7781
109.9466	28.8972	255.0708
151.3533	13.2198	143.3037
132.0809	111.2202	168.8821
73.8209	50.3639	110.6877
160.7130	15.0298	271.7263
77.4403	48.3139	216.2520
57.0116	10.9555	233.3050
61.1007	142.4767	221.3405
170.9581	109.0486	108.7930
163.3737	185.4510	220.0360
185.7386	135.5217	183.8558
119.8125	114.2400	320.7571
150.5791	156.4125	160.3912
112.8506	78.3496	439.5958
83.6850	28.5878	302.7608
127.0794	63.1412	339.6965
28.4697	85.8364	40.9612
176.1206	151.5640	67.3773
54.8664	7.6410	100.5823
191.9279	131.5301	421.6634
114.2331	131.7612	387.7739
148.1637	183.4533	114.2205
140.5804	38.4046	319.7891
79.0790	20.2684	76.4468
136.8795	67.4485	2.6735
12.1575	49.4486	349.2522
57.9994	70.4935	174.3715
64.1653	185.3096	241.1315
56.8046	92.0181	124.2698
127.6988	21.9814	15.8921
73.5479	178.5714	224.3866
182.7493	158.3858	386.1484
106.4204	136.4668	144.7529
132.7360	110.2364	328.6363
32.4977	190.6384	361.3272
20.6663	110.0810	310.6924
60.7875	70.7646	132.0331
42.7121	35.4058	161.7337
186.6520	169.5917	142.7246
96.5216	48.4035	441.5269
164.5598	174.4570	425.6218
36.5490	2.8235	434.8704
112.1733	149.2457	323.5525
176.5397	151.9480	433.1529
84.5541	69.5137	2.5692
19.2841	109.1319	300.3312
152.7218	158.1801	140.3534
24.3738	177.1181	374.7037
135.4399	130.0973	39.3031
184.6882	91.1188	392.0081
75.0655	32.8679	36.2471
109.4230	126.8447	148.3153
187.3041	141.1642	262.7418
45.5127	160.0568	125.6118
82.2445	182.0931	1.8129
145.8929	27.2426	410.3560
174.2770	157.4920	14.9774
190.7048	168.8801	82.0752
22.9846	183.7816	413.2199
180.9499	41.5406	424.4029
121.8750	89.3125	198.2781
164.3793	181.5292	416.6133
90.2005	143.9389	285.4026
177.0320	49.1981	222.6945
67.0899	172.9464	235.1114
102.2825	25.4230	375.0243
21.6973	165.9210	306.0549
85.6862	21.6285	442.9567
78.0531	159.0867	436.5371
138.3348	175.8954	158.5770
3.1078	182.8963	165.0872
179.1735	188.1700	320.5604
152.9415	167.2330	395.6354
70.0337	80.5393	86.0450
180.3330	2.0781	242.5222
86.3061	84.1129	140.4884
50.7062	122.6700	279.3745
38.5409	48.9486	260.5917
127.2968	136.7791	31.6291
11.6407	187.8328	47.1173
69.7664	150.0393	442.3886
184.7375	77.9518	411.2391
82.8583	56.3357	402.7995
30.4778	65.8228	191.3487
188.7053	162.0607	179.3001
173.2480	149.0525	436.2996
26.9171	181.5084	414.2275
63.1948	66.1398	38.3403
183.7504	115.0114	16.8597
17.0402	62.1021	328.9149
118.0074	30.1003	72.8921
36.7829	187.1298	287.8617
92.7140	186.2740	109.4763
87.4091	113.3980	63.8031
81.2977	94.0349	17.1200
166.9456	53.1867	179.8020
52.2756	118.7014	60.9135
136.6424	187.6981	142.3781
142.7967	124.2524	190.8937
17.6304	103.0265	426.2112
179.0953	110.0496	190.8431
185.0959	26.9140	264.4931
163.9757	185.7898	369.8474
74.0367	89.7193	200.9767
9.5150	163.6407	422.3035
94.5528	56.7340	58.1661
118.6156	71.7132	317.9740
159.3246	145.2804	111.2145
19.8870	185.7678	99.2636
118.2097	109.0017	360.3125
130.8073	182.1575	302.0031
77.5424	104.1598	444.1203
9.5780	108.9571	442.4445
117.2120	113.9866	421.9257
114.6817	35.0504	56.9106
135.1460	23.7219	157.4791
173.2134	92.4858	235.2385
111.5433	68.6219	206.8080
126.4908	92.5592	225.6329
130.9135	171.5471	353.4116
76.2352	3.8412	109.5243
88.0280	17.7809	156.5920
13.6146	106.4868	119.7692
33.8855	23.5694	378.4578
132.3808	71.5251	203.4115
8.9633	28.5062	66.0886
137.1236	56.6026	119.2949
148.5202	120.9649	231.4530
99.5306	44.8553	47.5110
165.8275	167.3645	220.4613
185.1728	162.1360	181.8142
132.9120	119.2072	184.6460
103.7180	191.6955	189.2067
173.4724	40.8804	96.7149
101.7831	71.9803	301.0446
100.5337	184.6472	330.3060
42.7090	167.1754	319.0480
20.1005	112.0070	323.2072
174.7360	126.8335	406.5013
169.0770	89.3563	114.4932
66.8748	13.8680	115.0451
139.9244	89.0239	128.1337
95.7835	139.6367	199.6542
69.0794	181.1974	162.4709
130.6900	87.6790	179.5564
161.6797	30.2410	302.0881
145.6948	69.6206	416.1053
103.0263	29.4076	95.2672
8.7391	132.8767	327.4453
187.4441	124.8775	141.2925
105.6438	186.9012	89.9865
23.0905	27.3803	79.0481
56.4813	145.7409	288.9345
85.3565	150.9770	243.3061
157.9951	20.6759	10.2216
36.3348	156.1397	41.9887
24.2093	29.2015	18.8187
159.2673	119.7890	322.3164
131.6763	88.2707	174.3626
170.3129	29.4433	147.6047
92.5964	40.5227	8.5333
135.8024	133.6040	340.3098
174.5758	180.7846	320.8634
92.3006	28.8676	336.4418
129.6431	177.3263	252.1606
61.8211	130.0104	53.8593
24.0096	129.6520	217.2160
115.2360	4.8639	296.1834
119.9975	132.0594	360.8796
88.8571	173.2252	141.3316
138.9688	0.8325	149.4738
32.0517	75.2213	362.3736
148.4395	12.0364	199.9385
26.6525	78.5774	138.3758
178.5368	66.5024	320.8196
93.8614	15.7581	345.4865
67.9012	184.8961	243.2622
18.8976	4.2938	244.7576
70.5974	179.0153	51.6619
9.7593	137.0638	372.7303
78.5022	111.7493	80.5012
29.7905	92.9242	74.4497
82.3441	90.7317	136.0188
35.2711	174.9537	164.7321
75.0994	152.3553	314.3742
156.4596	154.9214	100.5485
14.0830	15.7187	236.6946
118.1870	45.9527	105.0158
73.7377	107.7765	169.9354
61.9758	183.0358	139.7988
16.0646	94.3070	191.3306
60.3278	88.2219	91.3730
44.3474	118.4875	173.2473
170.5647	95.4597	297.6569
136.5220	133.3520	46.5598
142.8593	62.0870	411.9127
170.4619	183.3674	138.8632
175.0215	129.8294	163.0052
180.4367	159.4735	222.5148
116.0611	57.2962	407.5909
104.0496	5.7649	382.9784
133.9626	20.4188	185.2045
102.6985	189.2742	199.7170
133.4202	191.8963	91.7760
6.4435	186.5903	340.3143
13.5357	41.4237	253.0175
177.4929	187.4709	363.1668
3.9361	184.5755	344.9963
89.0696	63.6557	24.5248
29.1085	44.2878	39.1073
86.5821	34.2295	339.4979
10.6316	56.0936	285.7743
148.8756	87.7643	145.2505
188.8124	176.3243	63.4227
189.6595	27.6444	247.6085
111.6463	96.6053	170.6407
67.8797	175.4368	263.1380
173.3573	30.0240	386.2348
113.6446	8.7834	72.7662
132.5265	128.2087	122.0800
171.2430	147.0943	362.3598
50.4894	179.1130	231.3657
19.7506	25.2161	95.3610
167.0862	164.0476	454.7614
42.4213	134.0412	259.2688
107.9707	164.1113	453.8660
3.5984	191.5271	446.6833
138.2623	30.9240	219.1047
97.2461	141.7831	297.9236
42.2343	87.9643	186.4304
32.6092	120.0341	229.1845
107.1390	130.4958	18.9487
2.5814	176.6886	192.1715
128.3104	41.0373	333.0682
155.6583	40.2013	17.8323
44.6217	178.4918	178.6719
184.2946	139.1068	2.6148
34.7440	44.3555	143.7361
118.9888	120.8609	277.3037
77.2416	158.1492	387.8987
127.2360	4.0617	367.1299
139.4345	6.0149	76.3853
95.0904	4.2688	175.0542
17.8935	186.5641	3.7323
148.9896	80.9434	316.5339
55.4813	24.1258	41.2564
123.7563	186.8499	95.4566
172.8033	118.1102	15.5482
128.4031	142.5225	432.3594
78.1106	17.7954	174.0512
168.9235	19.5595	447.6203
20.4592	80.2740	44.7414
186.6596	131.0988	352.2585
53.4518	55.2510	401.0802
31.4165	84.5219	147.5385
46.9507	67.3634	350.9089
126.2777	160.8822	141.0637
55.8519	10.7002	127.8416
101.8990	101.6366	364.0934
155.4863	62.7264	401.3551
4.8065	43.2208	315.1474
9.9903	126.8282	292.6410
123.6759	20.9618	386.5636
173.4770	46.2555	151.8918
69.5300	77.9254	353.4317
10.4207	64.0013	26.5364
82.4410	22.0622	400.0220
71.2977	182.8965	440.0634
53.7448	65.0558	168.4597
131.9851	113.6961	233.7432
143.2977	93.4964	58.6842
65.3861	89.9254	255.5407
39.4916	133.2167	185.4117
35.2209	98.0319	259.3269
15.2776	164.7552	74.0787
79.0999	64.9302	453.6523
38.7721	154.1052	184.4708
191.1196	68.5956	208.7875
28.4559	97.2911	8.8960
41.8904	65.4869	137.7614
65.5988	106.1807	184.2278
103.3377	24.0419	30.1567
141.0866	39.2067	358.6938
31.5661	28.1701	279.1338
178.0518	79.5361	188.8733
137.4171	147.1950	33.3446
48.9184	51.0115	22.2875
164.7159	139.6239	276.4410
178.6165	182.4689	348.9678
120.1650	167.6797	434.8466
117.2216	53.4216	379.8308
164.6010	145.7545	221.6185
169.5174	137.4234	42.1665
88.8933	140.2463	267.7447
15.0326	5.5982	306.2772
119.3854	87.6596	174.5386
53.7308	97.0264	174.0028
98.9281	138.9435	14.7609
152.5330	115.0509	53.0857
98.9357	2.0340	238.5579
134.3691	93.1347	165.8418
17.8022	31.9042	15.1016
170.1542	28.6126	359.6939
38.8461	141.5621	218.9866
118.5358	85.5327	279.3780
49.8279	119.2971	57.6800
173.6867	87.9361	277.6236
182.4582	42.8871	163.1151
7.1771	178.4030	410.6476
185.9465	184.9600	448.0383
191.3536	93.1057	382.1092
25.1407	102.5201	137.3693
11.0283	46.0279	146.9726
43.3234	83.5228	184.2066
122.6808	165.3339	225.4421
77.5715	154.2713	359.1624
139.2848	0.2293	168.6952
124.1063	86.0389	119.8536
116.2682	89.6524	239.7631
190.0402	159.3498	234.6523
123.6823	73.0248	393.8987
124.4509	22.3969	54.7104
132.0723	17.2070	427.5615
60.6381	22.4099	325.1881
146.3940	187.4965	229.8512
122.8920	0.3873	16.0530
41.1921	3.2228	331.4680
123.9129	111.1867	415.1126
31.8207	33.8199	299.4233
27.4814	23.3665	440.0796
55.6958	26.7177	321.7935
187.6569	39.1992	241.4204
59.6006	144.8254	309.1688
182.6805	150.6492	401.5655
191.0203	32.6584	106.6374
16.9572	47.4069	331.0438
0.6368	31.6811	41.6653
81.5207	72.3260	394.2402
134.9940	137.5334	14.0247
167.1903	169.4452	367.7087
124.7805	84.1807	406.1150
101.4382	185.8109	62.5889
87.2846	50.9816	279.8900
85.5029	32.1481	406.9442
184.8069	160.1540	147.5196
69.8694	9.6559	133.2591
114.6296	48.7573	249.8022
129.2864	144.0701	379.0711
82.6198	37.4590	254.1386
21.1686	180.0543	5.5569
67.1183	20.6347	417.6517
173.1131	98.3788	115.9641
42.4444	58.3908	260.5000
77.6433	156.4909	4.8527
100.4767	158.9491	299.1362
148.2139	58.2655	242.8238
36.7679	5.3129	283.9997
85.5326	92.6630	137.8644
114.4426	112.2753	106.1765
134.1979	66.7749	434.2646
65.5581	43.3886	111.5762
176.1075	127.3634	142.4954
8.5190	131.4488	190.9379
105.7249	83.6811	411.4863
165.6133	46.7124	300.8966
180.4125	144.6482	398.4792
9.9582	28.9907	176.6562
174.1970	53.3804	339.0046
96.2699	12.3988	353.0293
108.7258	130.0417	423.2531
134.3158	36.8728	195.2321
183.3568	24.9665	325.8372
129.6272	185.4674	374.4412
77.7604	155.5231	195.7580
178.9256	165.6410	189.9830
109.9201	145.9930	18.6721
19.7899	153.8618	430.1718
110.6742	45.2799	149.4353
64.8154	170.8481	299.8995
82.4833	137.8868	314.9394
65.3372	54.3574	204.6358
48.6607	63.8528	450.6919
99.4812	98.6647	274.9138
161.1727	183.3594	439.5306
191.9150	173.8954	146.5688
50.6385	120.0713	144.2602
96.0851	100.2780	218.7745
58.4465	55.8144	363.0908
99.7643	71.3819	403.6558
136.8851	135.0816	348.9653
83.1190	166.2761	207.3217
104.6621	182.4282	14.1763
0.3884	60.9686	20.4458
12.6005	120.9475	266.3101
29.8915	20.7307	297.3612
112.5655	62.5312	149.6869
80.2786	120.6388	317.8060
62.0620	185.4682	157.4335
78.5263	109.0147	79.2243
98.5766	132.9563	149.4425
2.8365	107.9587	449.1125
109.0887	3.6973	168.2502
19.4089	103.2779	389.4289
0.4348	85.0097	177.9729
58.5868	0.7203	68.2433
46.4548	95.1734	17.2916
24.1979	9.9136	60.1739
54.2265	138.8998	148.4179
20.0769	32.6182	49.0640
191.9754	56.2010	442.7689
100.6421	112.6256	276.8818
53.6744	110.9967	369.0602
80.7865	68.6943	237.6124
157.5503	45.5223	416.9955
137.5227	178.1443	394.7030
71.9981	61.8379	295.3749
71.7245	64.1488	295.4815
158.7621	150.4112	149.0458
73.7815	66.9351	406.9973
176.4646	131.6299	147.1762
56.7806	26.9919	34.5696
13.4379	76.8909	139.9643
163.7899	187.0259	276.4161
104.6907	1.9828	186.2492
156.2420	76.2762	286.0801
13.7023	171.8209	115.3249
44.5304	152.8337	450.7246
105.1371	108.8004	414.4147
162.8638	37.6350	204.2632
144.3091	176.3500	19.8767
33.2156	140.8391	163.8462
5.4170	49.6709	6.1048
26.7017	103.9597	17.6716
72.8671	137.6863	301.0280
79.5133	41.7556	63.8195
184.0558	159.3284	401.0029
35.0939	177.4539	89.0611
40.2849	117.5199	262.1327
120.4301	187.7152	196.8888
151.3879	14.3495	99.5219
146.1450	92.6063	235.5019
157.1296	3.3867	96.6416
123.8292	22.8823	355.2913
7.7054	15.8205	93.4770
96.7599	143.6270	270.4410
132.4869	55.2350	52.4529
105.6922	36.8582	437.8077
66.5676	26.4366	256.4632
166.0239	96.9600	425.5579
54.0020	181.6838	302.6236
186.8435	113.4642	440.3083
66.3529	136.5759	297.9320
111.0169	186.4876	111.4111
149.3265	160.6947	120.3024
17.8426	66.8473	445.7738
98.3099	18.4888	370.7089
67.7086	102.6434	386.3610
190.1105	81.8743	80.1511
39.1023	134.2692	57.6570
75.2900	153.5987	234.6915
123.1205	44.9055	346.0827
183.9783	78.3295	207.3583
51.3765	40.7317	145.5123
136.9926	63.4325	380.9367
158.9539	102.8264	57.6750
132.0321	112.2988	232.7878
81.8153	40.9012	183.1843
155.6727	135.9950	439.5828
63.5922	181.2961	407.0829
83.0931	32.9168	311.7661
140.9502	21.0434	184.9721
21.7500	16.1434	121.6014
4.5923	16.3334	124.7194
121.6619	161.1961	81.1098
19.7234	98.5237	102.4624
125.4132	138.0940	317.5539
36.9648	24.8478	4.9378
29.5265	138.4767	216.4802
101.1677	52.7148	294.2113
189.8774	161.5549	331.4282
24.9084	119.7017	19.1292
134.5894	57.1697	56.5540
43.5556	134.6969	178.9285
64.8459	23.2269	56.3793
69.6225	59.6612	10.7825
123.7388	116.0786	356.9612
25.2271	125.7319	29.8128
128.8068	152.0739	229.7751
163.3765	152.8975	299.2192
17.5946	18.2655	353.1103
139.4470	43.6506	49.7989
63.9808	77.7086	397.7450
137.5004	157.4188	50.6960
13.0155	175.7899	353.4359
30.8499	5.9867	431.7180
97.6500	5.9723	6.6988
132.2852	93.4452	376.9207
181.8569	74.9039	389.4284
158.6664	176.6000	359.5721
116.4521	46.4508	6.6677
60.9340	71.9328	120.3305
83.8326	175.7948	158.7794
92.4306	105.5338	106.5679
121.5376	12.3925	112.4424
91.9026	23.2771	155.7001
174.8727	144.9480	93.3564
169.0709	165.7648	227.5957
139.0105	30.3007	41.2503
15.6519	17.4352	333.6720
77.0311	53.3298	417.0596
102.1580	184.3880	68.2635
172.4036	23.5831	230.1673
87.4791	38.5815	424.1216
41.5211	138.4116	0.5887
81.4868	91.2665	255.4133
44.3097	166.3061	210.6078
115.1208	63.2080	445.8582
31.2180	141.1792	420.8632
76.8098	46.7866	171.8328
90.0871	165.9813	375.8786
20.5127	171.4604	383.4100
138.5681	149.7439	391.4335
131.8419	40.3853	168.7828
118.5912	123.4940	348.4865
42.4333	26.5125	95.4627
81.0617	115.1186	374.1305
168.6770	190.6827	6.1218
186.9315	56.7261	301.8466
158.4104	143.4923	338.1871
34.2966	70.9821	423.9757
32.7124	81.0893	165.1565
141.9195	44.1075	91.1672
54.8996	11.3830	146.4626
116.1953	173.0200	365.1946
65.6280	107.9628	97.4542
118.2103	129.0982	19.0000
61.0909	46.9125	417.2445
142.9451	2.3815	296.0510
168.5480	118.8364	33.3364
0.8687	133.8072	87.5912
43.3298	174.6478	441.5790
106.8268	145.5933	258.3775
126.9355	179.2762	258.2694
172.3218	169.4421	351.8302
68.6037	128.3471	432.5542
145.5456	37.6132	337.8840
120.3142	91.3231	348.2640
2.1590	36.1975	41.9512
101.5653	19.3124	186.0495
102.7895	85.3776	76.0730
13.8488	116.2266	287.3196
174.4395	122.2731	280.5411
29.3415	105.9461	93.2226
162.9592	107.8304	317.5466
34.3611	159.3635	394.1200
37.3002	9.7599	319.2309
5.2288	137.7611	320.0988
95.9254	32.3130	385.2478
115.5902	63.3401	193.4179
142.1796	82.4709	11.4435
85.8285	140.0649	427.7758
104.8844	96.1800	136.1652
151.1407	95.9501	260.5731
161.3032	171.6892	342.6063
57.2772	103.5548	226.7236
162.4438	150.8383	440.2675
1.0025	11.5907	389.4006
15.4369	174.9171	310.2228
170.7956	115.2308	191.0249
191.1973	120.2033	226.7037
153.1960	6.0502	132.0929
171.2195	64.7959	263.7085
184.0659	151.5861	430.4480
127.6600	13.3493	155.2395
95.4542	77.5001	229.5577
18.0197	66.3567	320.0942
138.8509	29.8573	430.8806
135.8603	169.5242	396.1079
144.8975	115.0209	336.8707
35.3982	147.3553	159.4980
67.0938	17.6900	355.9929
87.9433	15.0916	43.0775
53.0347	171.4592	152.3187
159.0485	80.0803	199.6412
84.8668	124.0980	411.5939
156.7678	4.9573	388.5042
26.0619	161.6673	370.8637
66.4393	60.4025	38.9642
71.9031	140.4433	344.4038
187.7242	53.7369	137.5068
6.9403	74.6857	81.5420
0.6901	101.2474	308.5669
108.2027	40.4705	178.6941
49.5197	51.3114	402.8198
66.4675	41.5689	119.0932
95.1904	147.0486	154.7492
54.4973	102.0228	139.1115
130.6086	187.4295	372.5466
137.8755	117.5198	411.5198
97.5496	17.7578	171.7855
168.5691	64.5370	323.1189
71.6264	55.1138	388.0718
129.6699	184.9834	301.9199
9.0110	75.6442	256.4358
125.6675	89.2238	444.5479
105.7340	68.0927	273.4363
143.4193	45.6503	316.1294
157.9979	32.1922	417.5751
40.6186	89.5719	22.6585
69.7289	135.5992	352.7559
179.3608	112.2783	451.1163
7.0603	80.7858	83.8505
160.9922	85.8847	137.2234
162.8453	48.9327	237.8186
38.6136	111.6609	419.6928
142.1662	82.2397	314.1503
94.8570	130.8160	159.1156
118.8944	1.3921	124.2701
31.5762	137.7988	144.1251
86.4428	72.5571	216.5401
145.9533	58.8937	32.9758
145.0419	10.8039	134.5700
160.0796	63.5136	240.2213
169.1890	120.0073	114.8090
130.2747	81.0505	355.3851
129.4249	41.4396	39.2941
162.6994	46.8253	434.9580
70.7818	188.7980	1.4553
128.3713	77.5351	172.1847
131.2604	33.9926	22.3176
61.7175	76.3088	161.2034
63.7793	12.5224	342.7500
12.4255	11.2221	375.7731
47.4847	4.9477	306.5902
86.3780	155.3395	151.4542
155.7172	112.6851	149.4915
15.1998	17.9819	352.8057
108.1310	182.9306	434.1868
190.5220	176.4379	126.6733
187.3655	42.6615	270.8735
64.9701	116.0344	393.0522
179.1513	173.0162	24.8392
109.8250	44.6442	18.9165
101.1746	143.0507	453.8281
27.1267	187.0380	423.9380
178.2316	109.2773	282.9051
84.2952	106.0499	207.7401
158.2895	33.6476	409.4906
117.4550	146.8629	300.1827
60.5429	17.7862	232.0660
164.9745	111.1407	144.2875
134.8851	66.8556	186.9839
45.8668	90.0313	116.9053
13.9645	15.2510	410.2512
120.3869	188.2432	232.4365
131.4146	143.8950	317.7538
91.9282	0.4715	244.5209
146.0136	53.5304	267.0045
64.3530	86.9103	107.8295
53.5101	186.2266	48.8393
53.4297	47.9706	331.5090
136.2359	60.7761	367.2223
148.1256	126.9276	213.1855
190.6252	121.3835	330.6644
184.4772	123.9561	129.3311
124.6386	0.3165	40.8376
168.3131	54.2639	432.4045
117.2293	121.1420	322.8727
76.5919	5.3277	113.6158
81.1703	51.7235	134.4669
78.7175	51.6247	432.6910
139.4333	82.2198	125.9772
187.1559	25.9595	256.9640
92.3952	142.9456	262.4099
129.8769	123.1648	305.3129
102.3230	40.7255	310.6598
72.6119	116.3814	95.6220
118.0390	61.2270	272.7954
134.4813	94.9696	282.5544
117.1421	33.8516	76.5636
123.4409	48.7714	86.3853
62.1513	87.5027	293.8762
15.3477	103.1687	381.3010
148.4376	138.8825	375.8732
166.4457	172.5389	149.7048
60.5221	183.8608	332.1743
71.8528	61.1207	134.8756
155.3400	30.0302	222.9317
119.5973	127.3174	279.8425
52.7579	38.0671	47.7505
97.5325	176.8514	13.9175
43.4715	52.2694	328.5270
147.5057	121.3559	49.6726
21.0959	155.8846	425.6364
38.5789	126.1322	144.6951
116.5553	12.8699	120.4578
158.3967	58.9525	148.7487
10.3287	147.8788	378.4427
118.8116	163.4055	367.8118
179.8354	90.9854	113.7150
145.2783	9.4381	275.2812
42.1753	97.1564	295.7663
79.9649	126.7071	365.3183
85.8478	72.6176	114.3098
121.4600	128.8899	257.9629
134.9493	127.1110	242.3631
58.0397	67.9147	368.9553
184.9686	183.2445	38.5579
38.8634	160.7483	40.4135
107.8774	151.2030	242.8227
126.2475	28.7632	8.7995
14.9964	32.0590	52.5005
36.3521	153.8330	430.8134
16.4272	94.1234	11.8053
44.7108	161.9150	420.0435
114.9441	147.1500	378.0676
81.5761	60.3790	253.8448
181.5669	165.4438	83.4161
164.3904	122.7946	335.0084
9.6361	44.2911	45.3029
179.1908	183.2382	216.0272
191.7241	143.3455	189.9102
21.7954	83.1529	238.9402
4.0544	105.8426	433.0898
81.8342	130.6957	288.8013
133.7058	26.0124	128.5447
51.3651	4.9819	277.3247
143.8061	120.2924	172.8630
90.8274	89.0251	71.8390
32.3459	68.3257	131.4454
68.9987	43.2040	52.3975
146.6752	117.7823	240.5548
171.9070	131.0839	19.2033
92.7380	183.9463	429.1901
17.3872	66.6975	46.0402
68.8350	140.4629	155.3005
80.7234	33.7594	217.4940
92.7395	127.7096	243.6137
19.3416	176.2342	89.1533
172.0106	106.4484	209.3554
52.2933	188.3215	252.7831
189.8494	185.3581	94.1149
160.7552	175.1933	64.6569
188.5773	84.7532	231.8275
49.8815	23.2603	111.3319
21.7777	18.5225	346.3334
138.7508	46.7030	45.6366
40.6326	102.3178	184.6730
10.7568	53.3875	258.3660
159.9091	127.5943	15.8393
145.0724	61.0650	325.5469
139.3455	31.8523	449.4411
29.4989	116.0019	146.2583
41.7703	130.3254	53.7289
71.7408	8.5415	325.0078
48.8073	98.3150	381.5255
155.4805	109.2546	154.4689
1.4898	94.3969	231.8741
15.5737	191.9880	430.8625
185.8670	138.5004	308.4155
97.8743	114.4989	112.9614
177.5232	145.0268	233.1259
158.5156	166.8384	201.4369
189.7085	183.3760	72.6866
145.7350	65.0097	329.2731
70.5120	81.4743	396.2366
86.6485	167.3691	252.2644
3.8790	26.7389	437.0958
56.2585	13.8431	108.0957
176.6732	96.4351	193.2289
9.5593	38.2410	38.7633
115.4071	124.3968	281.6317
14.3010	108.9044	164.1848
38.2636	120.0400	50.5763
51.1090	41.0970	187.5676
149.6200	41.0648	262.9035
57.5621	97.3040	391.4556
15.1059	13.6423	425.7780
63.0643	122.9727	3.6070
66.4654	5.9900	116.2929
149.7983	43.7834	164.8056
60.4924	68.4836	254.9824
25.7717	150.3881	73.9905
99.8777	106.0333	333.1912
108.7053	31.6696	200.1266
129.6412	99.8118	154.6858
44.4986	107.6292	229.3844
26.5297	149.6343	122.0074
31.2287	109.4163	346.0078
15.0805	148.3952	291.4349
51.2173	54.8889	257.2241
55.5913	166.3655	351.2621
178.1744	139.0172	157.2864
40.7575	75.0773	185.2566
33.5317	140.9447	199.1130
129.2237	78.5959	239.8236
32.4771	168.0193	443.0683
141.2815	157.5537	3.8225
35.8692	0.9155	427.2375
175.4453	114.5781	16.6000
14.4700	87.6942	191.7694
20.4781	59.5697	206.0167
68.3031	119.3326	91.7815
71.6271	157.1360	14.7371
192.2390	104.7794	233.9888
82.5531	37.1700	73.2808
81.8373	151.8522	373.0772
137.7484	120.4159	4.8410
36.1891	123.0410	57.7476
72.1410	181.7414	225.5399
33.6158	156.4756	411.9551
180.2089	67.8398	435.1912
42.6519	98.4166	192.0602
134.3784	173.0850	389.7781
173.3330	119.3903	82.5061
120.9833	150.9751	281.8478
92.8447	28.2183	230.4878
173.4189	176.8468	171.3584
181.2839	78.5265	248.6647
43.5990	51.0002	258.9473
75.9184	61.2164	164.6511
128.3337	107.2344	56.0250
167.5949	90.5642	369.3672
84.8106	93.3332	102.0209
132.3709	119.5383	7.0312
21.3564	116.1359	176.4912
50.6688	17.1001	99.7662
20.6503	140.6620	39.9797
158.9163	132.3496	36.7033
151.9937	149.7754	243.8704
73.3727	112.0515	81.9204
113.9656	171.2497	441.4295
127.5648	48.1020	435.9052
178.8888	19.5470	272.8200
140.5074	46.0360	96.1801
61.3585	9.6688	146.4203
8.7108	10.2105	407.4475
30.0923	145.1378	180.8801
37.6999	90.9870	333.3605
108.2798	51.3236	234.7264
145.3101	125.8032	147.4243
144.2122	122.5058	186.9934
121.0704	78.4058	391.7071
130.5882	130.8911	27.1586
174.5387	68.7588	259.1169
93.6573	190.3062	301.4440
72.9176	73.2322	391.3690
191.4644	147.1358	25.5607
20.4922	182.8347	399.6742
105.4110	142.7777	348.9924
123.7766	184.5013	393.0737
48.8695	117.4540	110.0023
111.1996	49.0974	449.0877
125.8805	46.8949	74.9743
3.9153	57.0277	111.6859
180.5619	48.6638	48.8136
66.3560	156.7413	370.3450
121.4445	68.6445	251.1910
190.6071	105.7037	238.1642
179.6731	80.9258	182.8626
74.1540	126.3973	298.0212
4.2052	36.5124	344.8804
70.5463	92.2397	131.4547
55.1515	54.3211	422.7851
111.1306	14.3614	267.0534
80.9022	2.5651	35.5282
67.2456	71.7448	448.0281
136.0068	127.0965	293.6454
70.1857	54.6903	328.3520
7.3681	59.2098	9.0492
104.6971	16.9832	171.5392
1.5074	32.4596	167.8575
58.4547	181.9389	291.4616
71.4865	54.5467	378.8330
88.0626	46.5349	47.1244
190.4619	89.7734	393.6899
190.2290	20.0464	417.3654
140.5653	125.9409	339.7907
191.3965	144.2574	105.7018
6.8746	177.1730	201.7190
135.9691	186.5312	202.5667
160.2500	54.8592	105.5616
29.3679	15.0762	383.8799
135.2372	145.3532	111.1208
60.4851	45.7345	41.8618
153.3646	172.5257	20.1049
1.6260	103.8479	229.8244
169.3766	181.4196	279.8681
162.9773	111.2017	224.4557
105.4642	109.7415	380.4792
101.9961	112.1643	319.9543
157.3932	108.5624	312.9057
50.0415	56.3247	400.9318
20.1073	171.6991	131.9695
114.3001	68.5815	115.4981
145.6307	23.7108	13.8372
11.8042	168.2345	64.6871
12.6625	97.4867	8.0778
140.8551	29.2028	97.1367
32.4453	24.9480	346.7004
164.7239	117.9251	21.1164
172.6156	56.7587	219.9408
189.1680	160.8557	169.7807
128.0829	14.2715	84.7222
124.2574	132.4376	402.2775
9.8254	150.7993	410.2274
136.3504	141.4965	262.2584
118.0847	147.0892	369.6991
28.2957	23.3465	433.0227
7.7632	97.9474	236.3102
61.1418	162.2624	409.7582
128.1979	77.7574	258.7286
37.8174	49.2342	28.9920
141.9523	179.1787	363.9997
34.4548	157.5212	379.4553
161.3040	155.1886	334.5326
13.1900	71.2368	247.9500
167.9995	178.1704	78.0474
43.5365	37.2526	67.7263
86.3972	139.4313	325.5420
13.5829	80.4102	143.0152
96.5753	28.1524	278.9237
56.7780	124.5301	227.9664
45.9084	150.8902	265.9833
175.7159	161.9280	149.2375
71.8272	21.2593	444.1608
2.2695	47.9989	151.0564
32.2565	53.1828	129.5731
95.2090	67.7535	241.0778
180.8865	147.9189	244.9723
128.9636	130.1432	9.3537
66.9046	37.2523	331.1067
48.9025	55.0708	114.3664
60.1715	134.7616	270.1348
149.8384	55.9704	367.4148
39.2237	50.3466	80.2845
179.6833	25.5057	138.9456
91.2535	97.0553	261.8893
11.2545	32.8065	91.5026
26.9745	172.8373	27.4806
119.0031	78.4951	161.3218
47.7694	10.1037	60.1292
123.9808	106.9628	121.4730
47.2877	181.8929	243.1848
66.9622	52.5220	123.3963
34.2012	105.1486	134.8732
135.4234	118.7170	424.5480
13.5696	86.6235	139.1665
100.7702	39.0699	318.5929
154.9142	114.4012	310.0892
23.2370	132.6833	406.3017
102.7351	51.6556	223.6015
149.0804	121.5727	50.6789
1.2799	188.0455	23.1273
93.8319	136.4818	442.5021
120.8480	144.8458	201.2552
97.7199	162.3361	222.8079
0.0649	113.2153	275.8466
190.9472	69.7211	220.4582
91.9325	184.1261	428.7493
158.8239	121.6077	294.9736
131.1013	55.8044	17.6761
41.4385	32.2674	107.7574
94.5953	120.5095	236.6601
28.5606	87.5894	225.5188
36.4358	109.2286	93.2631
99.8767	169.8172	426.6803
87.7318	167.0214	376.6986
122.7169	67.0380	355.9071
148.2112	99.6414	453.1684
54.0400	43.4897	212.0931
151.6300	29.7275	352.7281
180.8358	3.7778	146.4873
166.7723	175.9153	152.6350
31.4485	164.8238	274.6162
123.5770	69.8786	256.4834
190.7247	145.6739	68.9048
9.3677	152.4265	227.8423
26.3380	64.1231	430.0896
186.3784	5.1199	227.3565
3.6438	156.0455	18.7996
21.2360	136.7430	366.8836
108.7121	85.6111	152.1562
170.0410	152.5987	293.4970
89.8311	113.1486	255.8551
94.1312	29.6443	107.9207
2.9490	13.4996	76.2334
75.0674	156.2254	427.2308
128.7279	128.0072	325.8583
134.1106	2.5031	75.2944
70.0629	72.2967	51.6967
76.9415	182.9701	70.3645
179.5178	31.1933	74.5623
66.4865	35.0561	238.2474
172.3499	54.9676	448.4847
106.2717	157.1442	218.3266
174.5470	129.9464	237.9794
113.4654	11.6842	372.6120
143.2420	39.0418	97.6832
88.8411	146.7726	242.5610
31.9335	48.4267	189.0395
148.6650	50.4171	405.9420
152.4859	146.6745	9.5937
135.3078	40.3427	360.9374
3.3893	39.1659	115.0221
62.1940	122.1168	241.5347
177.8123	1.4900	46.1588
161.2560	101.4475	172.3883
83.0260	10.3254	13.8362
64.1184	108.0137	106.0535
79.4705	102.1706	166.5397
39.3058	120.9685	36.3954
110.3982	34.1483	166.3222
6.1588	61.0226	255.6535
126.9355	60.7208	288.3745
139.9153	167.8718	107.9686
53.1379	161.2758	277.5346
136.1599	69.1286	433.1813
128.7977	95.8872	404.3117
173.1272	45.8762	139.5440
93.4939	18.5411	172.5419
93.5255	55.3215	54.1782
152.8496	109.2411	64.6576
81.1854	105.2193	442.0284
54.3473	154.7165	393.9956
8.9638	3.4628	289.3750
168.6227	44.9044	243.5678
55.8361	160.4885	4.2316
121.1248	73.7453	217.3452
132.9046	183.4466	377.8806
78.7960	175.7336	293.8302
11.8511	49.2474	31.2941
47.4363	142.0882	258.1665
95.9914	56.0662	199.7102
50.4090	130.4681	135.6623
181.9440	142.2638	115.2250
57.7401	53.9350	162.0383
106.2195	152.1987	410.7136
132.3477	111.7338	318.0525
45.0639	94.0102	397.0178
64.1963	56.2291	323.9405
190.8964	124.7168	75.5626
16.5599	143.4573	231.2659
85.5300	162.7246	420.1879
84.3373	113.0908	158.5833
138.2189	180.5686	202.9107
39.4604	159.2231	83.8349
185.1252	7.3363	72.5712
70.1978	177.7604	255.2669
131.6304	99.2842	98.3944
98.9233	151.5253	137.0297
74.1299	65.5994	174.0793
134.7726	159.2079	356.4875
16.6073	115.4513	293.4900
118.6029	147.2506	374.7053
67.9318	9.5000	170.7238
120.0705	176.9286	161.3541
125.9146	59.8646	253.9600
68.3160	93.6509	350.7499
69.9469	69.2067	217.0567
117.6696	13.6672	86.3729
100.3418	164.0144	436.2791
11.4831	109.3865	22.5341
96.7602	19.7852	123.6624
165.4607	54.8093	204.0831
33.2867	183.2359	136.3609
159.1941	65.6875	344.3355
79.2438	140.2702	97.0678
79.6069	163.4883	401.2844
34.5747	92.3754	25.6854
5.4483	158.6032	268.8557
89.0192	171.4440	185.6357
116.1757	116.6540	190.9382
3.7913	30.3581	173.6710
161.9376	46.5679	192.6555
81.9892	181.2832	157.6150
81.9246	167.3951	389.7825
140.7707	88.9428	358.0654
44.3386	190.8300	323.7120
177.4926	8.9767	281.9144
93.4365	110.9478	190.2160
25.9779	121.5759	378.8102
40.2293	124.6809	25.4187
134.6006	188.0097	140.2596
116.3868	24.3093	95.3444
14.4437	66.1321	212.3103
64.1199	55.5836	371.2179
117.3102	83.4338	267.6503
89.7233	136.3890	432.2126
38.4534	178.8822	67.0395
144.4628	175.9645	283.7300
20.8542	76.6143	133.8904
57.1504	44.7272	48.6890
94.4995	132.8304	383.7413
67.7068	57.8542	321.5020
89.0357	158.1803	128.4365
33.1025	132.6006	70.0698
22.1094	70.0808	160.8609
8.1639	30.0310	79.0913
122.4314	119.0817	108.7055
12.0728	100.4472	211.4037
73.1312	61.0521	159.0100
188.7039	58.4612	154.1549
94.7308	134.2765	343.0797
174.2536	25.4997	349.4425
57.4841	132.5924	249.8939
144.2237	171.1674	399.5400
156.2367	20.8356	116.8304
6.3637	155.2309	102.4047
89.9620	5.2426	226.1898
46.0070	29.1050	388.5974
163.7916	22.5085	452.4104
189.9657	152.9094	263.0347
101.2236	152.7287	369.2960
28.7364	141.8118	67.6188
101.7419	18.6666	209.2793
70.9742	56.4012	59.5990
123.6880	157.3887	118.8565
127.9461	171.3368	438.8809
173.7897	128.8508	123.0160
12.5914	128.9302	195.1050
109.3976	105.8127	454.3456
51.7679	167.5097	326.6167
64.3775	153.9091	354.1070
138.3723	54.5112	190.4842
27.7654	88.5570	54.4231
166.0483	14.3045	44.6980
146.0545	25.4749	339.6536
164.4489	144.6999	227.3192
80.5199	9.7402	206.5596
162.6347	121.8799	313.1773
115.0322	126.5176	416.3114
2.9906	2.8250	155.5260
145.0886	6.6995	86.8658
86.5583	161.9126	326.3151
40.0089	160.7988	357.8328
120.7788	72.4042	28.7022
37.9891	126.9030	58.8474
38.7824	177.6575	205.5026
25.6004	101.2025	89.8199
8.2320	110.5211	130.7521
136.9162	152.9949	37.2955
30.2662	16.7539	341.2677
9.0668	22.6423	198.3897
57.0148	156.9120	292.1810
112.5868	75.8094	308.5704
1.8086	112.5300	20.3390
181.7708	153.9925	366.6390
112.2222	182.7978	35.7475
101.2333	104.8922	125.9594
7.2864	70.0884	103.1051
158.5405	125.4401	442.9462
132.0495	53.5414	341.9758
31.4165	59.1139	70.7870
57.2298	68.6653	13.4133
176.2584	77.5076	307.1883
48.2646	182.3914	251.8908
172.7610	89.2686	260.4146
52.1125	92.1651	93.0736
86.3714	168.5880	378.8545
165.4084	38.0849	431.7840
131.8261	181.3860	395.0577
124.7645	44.1462	341.4029
88.8082	134.5386	340.3901
153.3566	33.8369	231.7811
52.3389	92.3893	101.4786
56.3025	129.8328	235.4876
133.4252	146.1649	427.2342
44.8940	68.1408	219.3450
69.8487	133.9455	185.3013
164.1657	35.8534	354.2620
16.6494	25.9988	348.0066
59.6916	9.9729	92.5472
123.6161	189.1165	290.9453
185.6887	24.1188	356.0666
14.1273	147.6301	351.8521
18.7028	170.4949	111.7276
72.9177	157.6996	397.9714
155.0494	164.7545	391.5011
0.0700	169.6821	366.5577
184.4871	187.8062	250.0250
102.9091	112.0187	193.2978
33.9939	115.3497	168.0613
122.0452	180.7714	450.9875
43.7227	150.4432	116.0889
59.4290	141.4937	262.3631
107.2644	147.5629	209.9676
37.1795	158.6789	49.0295
7.0509	30.4348	375.0088
180.6729	107.8062	364.9637
58.3830	42.8467	349.0445
1.3411	152.7727	253.2044
28.9589	27.0639	5.1339
57.0494	156.7379	81.9940
98.5762	166.1076	164.4215
83.2787	32.4072	33.0235
180.7132	187.3413	44.6923
177.2091	80.0387	369.4344
136.8071	9.5706	7.4206
52.2204	5.3119	189.4562
122.1736	69.6731	40.5759
61.2602	58.8778	58.0941
140.0003	189.3618	375.4193
168.1896	94.9835	206.7111
37.4477	22.5698	310.0273
167.2878	64.1994	421.5645
26.9297	57.6011	5.5801
1.2418	84.2287	161.7342
135.8681	184.5103	277.8360
27.5888	152.9223	41.4416
161.1519	44.4450	257.6008
2.0099	87.5899	414.3422
86.4369	81.6862	151.3692
42.3740	29.8668	59.2516
118.8725	10.1165	255.0333
115.9751	49.5764	440.3448
107.8675	139.3115	175.2299
126.8423	83.9572	360.9623
132.3356	175.1747	341.2159
61.8832	150.5538	444.5560
127.7431	23.4438	316.0722
173.2080	86.2467	38.6914
51.6476	136.6212	67.5732
154.6657	153.3401	98.9371
174.2914	59.1947	71.9621
116.9673	61.4617	48.8076
43.7257	146.3405	132.8649
130.7205	175.2171	377.2369
152.2738	118.4868	289.3218
29.8935	129.6153	331.4986
155.2976	159.4482	426.7325
51.5005	171.9110	239.4866
26.1576	177.0321	268.9806
133.7686	86.9229	342.8065
122.0863	26.6462	90.3853
169.3210	10.5019	62.7935
49.5482	104.0394	301.0890
163.6478	131.5910	48.4683
7.1622	92.3533	37.1386
150.8204	14.0749	395.4569
104.6728	106.3570	5.2550
141.4214	72.7110	72.8887
150.4639	171.4783	86.3198
134.0167	182.0510	211.1026
4.5293	166.6053	42.8314
167.7868	101.0320	311.3176
132.3456	81.0164	421.0126
36.5097	184.6362	25.7061
10.3053	155.2131	393.6601
151.6800	82.9499	365.0204
99.6063	191.7752	125.6515
97.5675	92.7076	217.8139
48.5420	170.1755	276.9122
22.8352	156.8779	289.2011
88.7535	147.1826	338.1942
16.8969	87.7065	207.8077
164.4680	135.9141	200.6200
27.7679	89.1678	42.3122
105.0781	36.2265	34.3433
136.1719	179.7793	247.3236
99.8037	36.8043	329.1171
107.0184	40.3403	424.9763
133.0275	65.8642	386.8418
99.3578	176.4494	58.1623
30.8495	19.1041	175.2475
37.0885	167.9287	287.1765
109.1064	129.6729	137.3211
75.0266	148.8654	330.8988
189.3379	104.1725	383.6065
171.2985	130.4311	348.0599
68.6353	159.7994	121.3256
86.2462	59.2214	398.4926
143.7976	98.6192	142.4806
33.1775	132.1123	214.8944
45.5123	156.5052	43.7266
160.3751	46.4130	278.4046
159.0364	181.1780	131.4846
154.0981	15.4371	272.5675
12.8114	159.7224	310.0153
45.8762	128.8516	100.7707
118.4279	28.6802	73.3048
83.5236	124.3144	58.6159
15.6353	94.3665	443.3003
61.9886	21.4018	216.9122
162.1249	149.8046	120.7928
146.4455	60.4781	27.9911
69.1358	37.7095	232.1193
79.6661	163.5502	198.1053
72.7234	115.5680	306.0424
138.0009	187.3773	207.2447
13.9122	100.0280	314.0185
20.6156	125.0153	246.6436
51.7775	11.5593	57.8006
142.0223	48.2894	298.4867
99.0355	191.9815	225.0920
48.4146	172.3413	4.2063
133.4913	164.6257	115.4391
19.2371	149.3693	348.5376
63.3079	107.4693	445.7695
7.5124	109.4735	88.4375
66.2383	131.7475	435.7019
42.3717	30.5035	137.4297
2.0139	188.6867	318.3624
161.8994	79.4067	191.9156
183.1634	165.5918	379.0294
10.3098	59.6502	48.1191
49.4534	122.2219	196.3814
107.8118	33.0011	428.4850
14.7538	92.0442	199.5446
73.9917	72.2445	185.1141
55.2849	178.3172	51.1761
140.5414	60.7705	450.2005
47.4639	150.3865	111.3491
125.1925	81.5705	369.7075
100.6384	145.0830	136.5086
51.7870	130.1751	39.8460
46.3691	173.3159	209.8920
106.8332	25.7115	201.6848
146.4271	54.2762	372.8080
110.0885	186.1690	270.2461
90.4869	70.6497	226.3418
181.1297	135.9391	334.0871
66.8047	58.1511	8.9986
66.6487	184.0893	286.0776
116.8337	69.2700	307.6659
135.5971	18.5308	32.8245
19.5232	142.5870	243.9552
166.5582	180.2059	420.8178
135.4185	12.7782	196.1696
74.3205	150.3755	420.8377
63.2364	83.0632	312.9197
93.4402	161.2854	413.2145
179.1217	183.1166	230.5218
4.9846	130.0773	335.6515
98.7082	156.9285	57.2786
168.4909	51.1314	137.1237
92.2401	160.0415	222.2914
181.6287	14.9033	429.1944
126.5083	42.8577	41.5689
7.2379	66.0142	203.1497
70.4613	185.6830	348.2402
155.7611	164.5413	51.4132
148.8285	153.0768	385.6210
4.5634	11.6096	138.7976
61.6022	180.6759	125.5565
124.3329	110.8587	70.5105
52.7584	147.0968	358.0768
152.7224	119.9869	140.2908
159.9994	172.9663	339.2665
45.1285	104.1886	2.7911
106.2927	58.4342	228.8816
59.4078	15.1307	11.1243
113.4789	172.8978	437.2574
163.1716	144.5529	125.4156
121.3162	145.8010	19.5541
53.0885	82.9945	84.9970
55.8183	156.3602	151.5619
162.2430	190.8812	343.4540
164.8905	118.7431	26.6745
96.9705	41.2083	446.1913
161.1534	168.4949	232.7560
153.3717	29.5355	409.6804
25.6953	137.1801	55.5604
128.8524	78.9853	133.6148
59.4386	60.7817	188.2530
38.3680	76.6999	355.6596
86.7463	156.5120	222.6287
134.9801	39.3099	256.3957
11.1881	140.5455	71.4791
53.0190	26.4849	253.7669
90.7100	128.7600	179.7128
62.0950	58.6513	63.0304
164.7691	107.5457	125.3546
5.6135	167.1346	273.6325
58.5487	85.9781	340.7842
77.0269	172.8078	129.5979
80.0352	132.1970	105.6213
91.5910	125.5472	68.5873
179.0733	3.8350	207.8375
134.9517	184.9960	454.1113
66.8016	183.0871	101.3117
20.4597	15.4886	364.2668
24.5135	121.6357	17.8340
90.2477	7.5472	237.1059
5.6130	110.1078	389.7825
170.7000	37.9659	253.1878
187.6006	171.7844	151.1460
36.7701	179.9604	439.3803
59.9350	81.3412	30.8784
183.0750	31.3283	197.9100
191.7199	120.0647	55.6147
131.4563	121.0487	7.5275
56.8217	183.6443	197.1614
29.9925	133.7405	152.4756
35.0224	177.4451	212.6762
30.6893	174.0560	266.5593
141.9725	41.3040	185.5227
97.4219	9.7217	385.8976
39.9273	173.8541	245.6077
113.5656	1.9809	91.7325
2.3452	32.5064	52.8809
33.2572	53.1455	76.3296
177.3759	152.7377	416.7868
107.5670	102.5253	228.6375
180.8986	17.2186	260.3437
86.4134	119.9237	211.7579
117.0872	126.7638	370.3437
109.6234	87.5500	299.9818
49.6863	24.2740	145.5057
171.3558	26.8883	369.9198
165.9596	133.4985	218.2910
34.0963	55.2756	325.7703
0.6273	157.3543	100.5232
180.3301	143.7219	20.8177
129.6246	61.2633	70.8069
139.0320	182.0095	297.4438
63.4997	66.0725	398.6997
77.4572	80.8962	342.2048
52.0600	29.8679	227.9285
60.6388	36.7737	78.8615
16.3979	119.1801	297.0815
117.6606	179.9822	172.0844
135.3067	92.1161	455.4467
148.9226	95.1254	95.2800
183.4098	148.0876	4.2352
189.7389	46.1397	275.2352
191.9101	83.3000	127.9957
125.7674	184.9949	301.2245
97.7359	65.1692	192.7184
95.8185	49.1372	0.9708
30.6103	131.1518	323.0714
79.7032	163.4137	96.8820
21.5624	130.3048	403.8569
53.0186	15.9775	55.1307
10.9669	58.1845	95.1683
43.7620	2.9026	449.1146
182.8873	80.2247	421.6140
66.2469	41.4548	243.7526
98.9793	150.9074	358.2468
72.9431	140.3690	209.7846
13.3812	147.5412	226.7032
124.4341	136.0756	335.6796
49.9984	88.1476	433.4744
42.7366	14.1436	290.6603
164.0062	103.1282	218.5435
59.7115	87.2050	264.2234
109.4430	33.4934	118.0491
106.8031	9.4824	389.2392
168.5966	51.7448	58.2586
65.9306	4.2090	263.4556
70.5653	43.4304	395.5419
12.6692	53.6111	341.3987
190.4280	135.7088	322.3279
151.4260	184.2471	272.8193
94.5050	38.9732	425.3481
121.1358	97.2256	448.8740
184.7224	50.3979	452.5498
146.1565	178.4170	303.7505
53.2295	48.8591	362.4192
147.3919	39.6783	372.9870
82.6484	85.4559	234.5293
121.9685	84.1931	235.8948
173.9332	166.0455	215.4159
79.3984	48.9847	142.3946
90.0249	122.1353	335.7973
43.1228	99.2851	169.8765
142.9187	141.0255	310.3478
165.0718	22.4191	93.1138
62.4972	120.7048	400.9252
143.0837	85.3922	349.4562
145.1777	70.5218	283.6488
52.9407	20.2966	388.4937
24.7114	93.8131	151.9677
72.1154	158.7087	331.7733
160.5662	4.4821	390.6943
18.1731	8.9442	4.5837
151.9375	7.1536	402.6552
63.9422	144.5179	308.7918
14.6576	130.1888	261.9276
30.0045	139.1402	161.5904
158.9735	174.8504	8.8813
103.3151	93.0814	144.4315
177.5954	75.5600	407.9109
65.8375	105.8832	205.2567
109.4479	7.0212	195.9751
118.8521	100.4008	437.0927
5.1533	106.4610	20.3624
145.7334	3.7472	237.3060
183.3369	46.8516	326.0555
25.8561	175.8616	193.3335
57.7929	4.1197	395.9873
81.8236	70.0375	383.0018
170.8037	168.1883	328.6353
57.9873	78.9012	124.8216
32.2189	22.4696	59.0780
96.2511	175.3613	393.9935
66.3242	70.9022	259.2946
52.6661	66.1782	207.4657
128.2768	117.1128	412.6876
160.1724	165.2120	329.5071
167.9096	39.9919	175.3959
89.2538	27.0279	340.7233
115.1147	162.8491	229.9834
98.1617	27.1500	63.7438
70.2511	153.1816	450.8149
164.5636	136.2749	433.5968
175.5037	80.1155	384.6350
60.9249	185.0624	391.8829
55.2551	191.9110	145.1871
15.5383	29.8567	122.3945
100.2884	41.7767	214.7546
34.2905	140.4677	331.9837
74.6262	127.5881	93.4390
55.3102	5.3960	452.8482
66.3747	143.3502	127.6566
115.6350	45.1285	433.4001
165.2399	15.6046	447.1268
164.2467	70.0856	83.9083
185.9452	33.6873	43.9681
72.0746	188.7287	348.0545
164.8551	27.4295	387.3660
54.3957	62.7629	389.3581
143.9960	93.7897	40.7817
32.0015	179.4347	300.6110
152.1175	139.3001	438.3606
152.2107	170.8647	240.3528
185.1205	42.4063	216.8541
134.1145	95.1453	105.5637
168.6463	5.3845	381.1207
64.4604	6.1118	212.3880
37.8787	64.6588	137.5664
35.2248	9.2491	233.4726
15.3442	79.6229	228.5833
62.5244	131.8473	117.8893
120.2523	78.0837	228.0880
102.4842	129.9732	60.5792
71.8579	14.2918	265.7847
186.7575	8.6504	380.6669
105.3019	152.1927	365.3001
175.5542	87.8834	170.9082
113.7175	100.9130	71.3892
156.4483	132.3408	196.6448
44.9912	49.8523	204.4552
177.2385	172.7327	185.5034
140.6803	52.2440	104.8715
6.8892	189.4838	389.7057
118.8254	11.9950	231.9484
86.7003	171.1874	115.1943
128.3551	42.8963	29.3457
21.1026	35.0312	141.1348
0.6738	20.2840	164.7643
179.9461	162.2423	203.3028
88.2975	93.8078	254.8721
37.9409	81.4140	104.0530
30.8480	143.6301	199.4615
177.7375	130.7104	338.9411
20.6244	81.1088	289.5785
117.1830	100.9991	236.8720
45.6060	102.7201	401.2240
124.6259	62.8442	214.0938
184.9428	153.8501	240.0603
97.8509	44.3805	436.0130
71.4567	42.7072	113.3045
134.4004	143.7240	426.7002
182.2156	63.3751	121.4714
133.5112	167.6930	248.9529
183.3838	139.0386	310.6183
27.0535	172.2196	267.7092
133.5301	177.9184	144.2785
29.3885	92.6875	166.5961
106.1229	93.7672	58.5648
184.8107	22.8228	122.5624
21.8468	30.3617	132.3583
184.7782	49.9041	433.9606
184.2376	151.9914	300.1924
167.6705	57.0173	173.5192
127.9483	167.2168	205.2418
172.5045	186.4715	85.5674
189.1962	134.6161	179.7022
128.7010	16.8766	292.1342
0.2718	38.6379	183.2174
62.1733	136.9864	453.8379
132.7258	117.5809	89.6082
180.5311	70.3952	277.6391
174.7052	47.0698	68.3478
148.2693	84.0744	194.0775
155.1053	146.7967	98.2143
179.2554	140.9923	240.8083
118.0899	45.7468	393.2825
66.0568	92.1667	116.4841
86.0447	5.7707	444.8334
172.5030	23.3162	383.9517
24.4697	32.7095	82.0593
115.4738	127.2231	343.0964
26.9846	133.1289	47.9307
32.5668	5.1845	133.0775
129.0862	115.6514	414.6989
87.1719	131.9189	142.3547
44.4119	168.6959	363.2553
174.5865	24.6424	70.4029
166.7593	99.3654	41.2463
173.2807	131.2526	78.7516
28.3472	137.1658	164.3509
145.0506	84.2854	147.9918
52.3927	189.8366	346.9612
5.5137	41.6631	119.1875
166.0266	170.7056	143.5102
175.1037	95.2798	381.2705
125.5367	30.2996	63.5826
69.0305	143.0213	327.0038
138.0534	5.6821	269.7209
22.6645	92.9741	154.1816
73.7339	66.2195	274.2387
111.2658	90.9609	351.3878
84.2880	148.1013	197.8877
138.6455	56.5484	455.2736
82.4279	58.9722	12.8033
29.8542	143.6104	340.8513
101.8740	134.5499	42.4355
163.6978	121.7563	46.3593
62.7317	12.5898	212.0102
178.5594	146.5216	351.7568
30.6947	26.8092	354.6510
25.0977	47.0356	189.2843
151.1017	111.5318	16.6560
95.7925	44.0476	252.1712
103.8000	188.1809	320.1305
108.8628	86.1844	6.8445
144.5440	180.9615	74.6721
180.7529	170.5717	379.2366
175.0435	183.5796	273.6314
173.5545	100.4541	226.7616
91.9303	120.1892	407.6014
22.8412	111.6030	70.1524
32.5099	180.0011	122.7548
45.7989	70.5590	376.0033
120.3131	158.5284	34.2683
132.2800	61.8875	28.0998
71.3381	187.9830	212.9685
35.1383	176.7327	337.0906
140.4039	109.3065	338.1477
21.4425	130.6289	266.9953
123.7436	75.7963	352.8511
146.6179	92.4317	140.1952
151.0991	161.0268	244.1933
47.4703	189.6751	183.7948
24.9959	113.8699	7.7693
187.4358	96.0235	416.6427
90.0919	17.0496	121.6330
153.7935	161.8083	170.5936
58.9338	32.6057	64.9740
100.4740	60.1485	72.8819
170.6513	56.8091	339.3728
124.8221	5.3806	15.4429
56.9387	129.7929	239.4046
93.5730	22.1197	177.8663
128.0552	0.3941	94.8347
5.5059	163.7488	409.4358
151.6393	139.5306	321.9102
32.0691	14.8702	195.8697
115.1451	172.5246	324.8618
121.5424	97.4492	196.2764
99.0396	45.6012	62.9544
114.6885	158.5820	377.2560
103.0661	168.7592	414.6647
91.0596	184.6796	413.7783
179.9495	128.7486	159.8745
120.0432	30.2459	259.0312
89.5292	72.5786	196.7612
188.7995	18.5147	245.1661
146.4139	138.8752	296.9482
71.2202	142.2274	95.5024
68.4987	177.8325	244.4315
100.7655	158.4054	441.6300
24.0290	181.6859	413.5199
43.6434	102.8596	72.3623
75.6944	42.4458	136.3657
133.9285	158.1462	9.9017
58.3565	11.0828	351.8586
135.6025	104.5089	265.7756
37.5633	137.7210	102.4057
9.6881	101.6717	252.8945
115.9129	117.6487	286.7686
86.6248	160.7649	407.7561
33.9147	161.3156	323.7356
5.4046	104.2985	446.3342
95.4702	136.5345	53.1075
95.4981	127.4215	416.5679
119.6982	68.3338	130.9832
189.3378	29.4095	311.5922
113.7450	184.9209	440.1103
115.7525	123.6336	383.1889
190.2857	180.0143	111.0074
66.6875	127.0457	135.9853
17.1951	42.4212	49.0295
88.7477	185.4345	201.4403
37.2504	150.8598	144.1599
107.5978	0.5906	297.1299
179.4345	173.0352	198.9426
147.0262	190.0827	124.1371
144.4160	169.5592	441.2397
186.8613	5.3766	363.1024
15.3498	151.3454	417.8887
184.6435	156.6742	185.7610
188.2019	125.6956	402.2408
164.2209	188.5315	337.2391
154.1382	114.9979	128.9216
135.8971	79.4189	339.2656
125.4672	161.8792	278.9982
171.1864	87.2408	173.0574
140.0225	187.0754	381.8868
58.1744	63.2529	377.9166
31.1919	189.3702	385.4921
61.3793	172.3534	188.3925
64.1695	160.5019	213.6298
128.8257	60.8084	31.5933
62.7479	36.8048	35.0326
23.4633	22.2908	324.2721
14.2585	18.4709	433.9705
163.0582	29.9862	402.5576
46.3226	42.8506	240.2838
126.1744	163.1679	284.6781
86.7376	10.1683	454.6665
105.6585	37.9622	22.5601
153.8551	151.9819	25.5910
9.7940	70.6346	65.1402
41.3083	125.0615	126.7066
79.5874	30.0160	443.4180
100.9545	104.7849	71.3058
180.8713	187.2935	171.9640
32.3514	57.1119	147.1160
178.8738	191.1149	197.4966
166.5705	163.1515	238.3375
182.9857	124.8467	138.8363
191.8081	56.6937	287.6219
82.9607	40.4115	388.6943
161.3849	109.8397	86.0122
115.6124	69.2769	450.3503
20.9287	149.8472	450.4786
29.5485	160.5673	118.1864
189.5361	112.4067	241.3492
105.2032	106.9884	386.4054
41.0424	13.0956	181.4922
79.7204	96.2017	208.7320
78.3787	122.9845	299.5531
171.6857	0.3862	350.6199
181.2108	9.2348	297.4229
64.2486	64.1797	144.2151
67.4413	21.1625	112.2358
118.4590	96.4941	166.2316
98.3744	6.9501	356.5613
50.0647	157.9314	81.2767
83.7116	147.7277	441.1539
53.7275	102.5619	216.9475
55.5116	62.3331	165.1383
58.0698	138.6035	453.2928
51.3279	3.8278	128.0456
161.9220	151.4117	388.4317
5.8922	5.8489	55.0890
144.8277	44.0914	286.0376
73.2951	144.1719	388.2673
71.2158	90.3723	104.3803
92.9507	47.4897	320.1163
93.5844	9.8756	454.6605
159.7206	105.0270	312.6233
101.8891	172.3968	86.1780
51.6611	136.7433	366.2002
132.7518	6.8402	418.2502
45.0872	141.7550	158.8418
53.5075	79.2004	419.1447
143.1911	160.5424	405.4323
176.0108	40.2521	186.8962
25.4755	184.7212	426.7766
75.2627	120.0272	296.9292
23.6059	180.9231	318.1129
154.8177	102.0846	40.4156
58.8044	136.1063	73.0964
131.8994	167.8098	344.8446
147.0065	185.7670	143.1474
32.5361	40.5918	410.5921
42.8864	41.7726	409.8996
77.8932	77.9037	329.9640
180.8544	79.1126	293.4860
111.7369	6.4461	182.5481
158.9041	121.6617	109.6490
159.1958	112.9634	86.0614
91.5995	138.1050	96.2116
187.9213	30.5148	344.1676
190.0376	121.2188	420.6947
118.2597	143.9983	193.0477
143.1981	165.5762	302.7942
69.0738	159.5736	292.2708
190.9073	181.9166	406.3668
5.8789	118.4277	299.0975
109.0517	137.0313	202.5336
74.7002	122.6799	324.2463
163.1263	104.0520	78.9628
109.2287	28.5659	21.4265
182.3475	160.5047	386.0285
79.4848	71.8621	204.4377
74.5541	5.5728	307.6993
135.6656	19.4622	67.0609
130.3574	60.0343	137.8647
30.9052	21.7000	58.3149
139.0826	141.8693	277.7355
82.2891	42.2829	109.7075
75.3859	168.5479	384.8544
172.3761	36.7565	207.6672
91.5413	79.7056	141.9218
159.2080	9.6297	121.3213
86.7366	50.6040	174.7628
20.5477	18.7581	428.3482
168.5055	132.0063	26.8545
88.6810	173.5419	282.3125
2.0864	84.6195	135.4969
129.1088	163.4328	138.5731
88.9022	146.3097	296.2609
173.1030	56.1197	321.4748
78.4130	77.7513	451.3998
6.1435	45.0089	119.9631
21.2304	187.8915	55.9855
135.6891	127.4030	298.1968
138.7039	151.2026	349.0405
146.3578	120.5272	141.9203
177.7637	16.4705	48.1571
151.2585	142.4580	331.1871
160.9021	70.7156	31.1416
113.3970	98.1115	264.9910
113.7671	75.8209	106.1072
156.2576	54.2092	264.6983
27.2883	128.5591	31.5225
136.2824	54.7295	159.2042
34.4041	69.6200	421.5950
37.8400	31.6929	128.9115
5.8467	43.1616	100.0722
87.4814	69.7043	392.0292
81.8846	43.9925	290.3213
39.7383	15.8722	319.8365
157.3387	132.7894	148.0511
65.2404	80.9877	306.6226
4.5336	102.3020	254.1316
40.6966	179.3652	72.7271
164.2467	28.2288	348.9296
153.8095	139.4516	180.6699
112.5465	94.7935	298.9689
15.7154	10.6847	175.4074
53.2422	2.8488	189.2681
49.1890	139.3583	115.9678
105.5321	10.6187	105.4140
135.1630	146.9224	371.1299
105.3853	106.2382	306.7736
165.7655	181.8390	91.1113
95.4160	92.6325	317.5164
70.6231	13.2028	115.9677
64.1441	18.1118	350.8763
86.6667	187.6419	110.6401
94.2375	16.9328	336.7285
105.7684	29.0155	399.4230
168.6921	126.1016	64.3437
22.2575	186.8678	246.2189
14.3769	49.7438	154.9883
22.9942	80.9610	14.3326
139.8577	4.3852	265.3609
171.3294	132.5288	61.9644
129.7257	90.3246	115.6895
172.0097	32.0993	22.8967
32.8295	42.4716	88.8141
20.3374	173.8082	258.6271
189.5038	14.7704	163.5232
183.2640	27.6440	107.1259
147.5076	138.1965	204.6143
144.5323	61.3201	24.9851
62.0811	86.6036	310.0680
30.4298	122.4643	350.7926
31.6264	116.9314	292.4901
33.4832	47.3955	126.1758
88.9398	151.1090	331.6780
52.3851	117.1193	287.3429
1.6465	183.1043	398.4890
69.1080	38.9029	154.9153
78.2754	160.9174	10.4078
150.8593	7.1476	310.8459
185.1173	111.2346	66.5049
186.2786	153.2855	216.2115
146.4180	123.9787	77.2243
121.6491	111.0661	337.9047
166.9154	88.9123	61.6256
136.3756	21.6388	43.6056
164.2721	59.8920	295.0631
146.3118	23.5714	106.8417
128.5647	102.7917	432.6993
103.2805	100.3194	295.9564
43.4137	123.1072	134.8241
65.2492	10.2603	335.4311
153.9275	113.8011	46.1660
91.4104	125.4118	46.1434
117.5096	98.5909	76.4547
170.2341	27.9687	138.4475
75.5027	37.4190	211.5504
76.2296	178.5874	220.1106
117.9405	78.6727	410.2264
124.0401	18.1218	262.0318
185.1866	9.9398	308.8680
170.3430	111.6720	78.2536
27.0125	38.2695	408.0876
88.8234	172.9309	219.6714
116.6097	118.5675	128.1442
106.3779	111.0115	429.7289
171.5163	33.5201	67.1345
29.7555	132.5201	49.7085
138.8886	170.7927	355.6706
34.6029	120.9856	32.5217
157.1627	63.4985	259.2983
3.8250	177.5696	371.2894
159.4857	125.5208	147.6678
152.9625	62.3748	241.3082
90.6767	106.4758	64.4626
73.5929	6.8628	415.6687
79.8888	66.1272	378.3308
61.3293	176.6864	196.1139
61.4206	168.4269	344.7330
119.4492	28.5082	254.1420
71.8958	46.6355	218.8516
132.2167	160.6841	334.6456
30.9902	64.2593	345.2849
23.4139	135.0451	142.8910
78.1035	69.3952	17.2866
149.9756	8.5091	268.0550
29.9313	150.8370	137.7497
170.7469	190.8947	152.2844
74.4398	85.3049	408.3514
158.3543	7.8120	391.5013
87.7031	90.0386	72.9502
77.0857	52.0112	91.4497
142.7569	168.6133	334.7198
162.0598	32.3874	127.0339
68.5776	47.0511	344.8258
129.3411	26.8379	114.2385
28.7969	106.6731	67.2070
91.2491	67.2930	405.0288
116.5905	91.8791	445.5797
81.3160	100.4853	291.7126
172.3853	177.1873	140.9067
184.3535	132.7190	328.9168
184.9253	104.3719	298.0492
29.2416	130.2001	391.2118
161.1049	67.3708	150.0614
96.3646	98.1150	220.9069
1.7020	173.4342	191.8292
142.8313	84.5157	333.7342
96.8398	152.9284	8.2567
58.8007	152.6255	49.9076
4.4524	88.6199	434.0862
107.0720	69.4440	240.6766
54.5648	104.6730	208.5003
78.3556	11.0027	450.1358
177.3882	73.4533	103.3186
86.4675	8.3967	17.4989
37.7863	88.2736	99.9720
61.5102	146.9532	296.3589
46.0130	49.8529	1.3672
178.9241	160.0800	73.0344
189.5413	146.7827	424.4767
55.2275	106.3815	223.7065
120.6910	109.1566	428.4685
179.4568	166.1652	172.5397
163.7987	145.1782	10.7094
37.8742	132.2023	47.2301
17.6943	90.6185	151.7190
25.2406	17.7050	428.2903
126.1150	44.8443	105.5143
90.1158	51.7573	210.5299
36.2331	180.0887	74.9128
130.0765	26.6828	433.9331
106.0034	29.7573	204.9813
189.4354	186.3059	75.9216
91.9385	28.2117	7.7747
101.5606	169.7151	378.1189
124.1259	44.3989	5.4350
14.5481	136.9704	113.9833
170.6927	120.1209	267.8092
192.1280	192.0678	235.6538
105.5561	13.8969	107.3334
56.2574	100.5953	413.8759
138.3466	153.2201	316.8142
91.1574	131.1226	397.5117
24.4351	114.4230	327.7904
26.3637	29.3956	129.5272
189.6571	2.2091	125.2034
82.5142	48.1775	330.8472
158.4520	56.5360	333.3074
53.5951	184.5603	332.2521
102.0966	180.1741	269.6174
150.2264	180.9494	123.1041
47.2222	33.5875	47.0428
40.0173	9.1191	179.8375
165.9352	55.7108	57.0389
22.6260	100.0362	446.2376
25.5306	133.8568	46.7232
144.7904	93.3022	306.3739
149.9452	63.7912	332.2767
12.6598	155.1781	427.6431
168.0480	181.5215	426.0419
85.4736	128.5238	413.9074
160.4468	127.7755	51.1837
122.5953	1.9286	348.5468
92.1503	167.7331	127.1900
60.0929	151.4364	317.2846
60.5696	139.8970	67.5990
122.7399	122.3294	361.9481
192.0993	7.8950	163.0715
173.1827	144.6203	395.4753
123.1111	36.4913	256.1933
116.3044	73.4138	145.7398
171.2591	68.8997	13.5127
3.2606	83.6322	391.8293
33.1986	23.6735	195.3917
42.8394	32.4498	166.2689
188.3648	30.7710	408.7916
174.6686	168.3775	27.9894
69.3311	142.3068	109.9050
28.0996	51.2853	129.5328
5.3993	154.3036	162.3110
13.6547	117.1492	262.5945
156.7515	10.9782	407.0093
64.9309	188.1438	269.3854
158.7537	62.2506	304.2992
147.0164	152.2217	138.9131
178.5554	31.7957	172.3373
191.2012	184.6659	384.6630
129.3079	40.4607	281.9160
66.9135	187.6983	178.3837
52.4728	95.3175	74.8639
15.9674	91.2099	18.6203
168.9349	144.6988	250.0459
89.1179	189.7539	293.4922
53.9279	29.5324	171.0919
61.8932	37.1089	185.5090
10.3066	123.1132	169.1787
82.2659	68.6533	397.7999
121.0873	85.3789	181.5532
7.5447	114.9796	73.8093
116.6460	139.1422	236.6231
1.5734	64.0652	26.8374
108.4142	47.2803	227.9600
73.6799	93.1012	174.2162
167.0454	104.1851	322.2435
9.4953	74.4950	377.3813
125.2556	81.1197	122.3862
35.0928	15.7244	171.6651
98.6509	143.6306	140.5740
188.3774	140.2269	311.8745
157.9141	136.9916	245.8232
120.6855	18.9042	94.6965
65.4049	165.9795	134.6887
158.1268	104.5993	291.2934
127.4709	82.3428	443.3762
149.0727	27.0113	411.6466
55.2847	92.4313	104.0231
75.9347	173.7444	347.9514
170.2715	122.8749	48.3772
117.4137	48.6997	354.8435
89.4431	187.7527	349.4340
171.6795	14.5112	360.1462
185.0191	183.6420	306.0877
160.4608	187.3986	279.4023
136.5475	35.8081	220.3112
153.4671	35.4586	89.2073
64.3556	126.8061	392.3203
59.6748	134.1532	406.3480
63.9278	175.7434	221.1505
11.4526	75.9041	132.3935
45.7482	68.3669	27.5445
181.9641	2.7943	453.3559
141.8706	58.7781	93.9588
50.0675	122.7232	130.1496
51.8974	17.7284	113.6347
141.9016	154.1220	134.0932
191.4287	30.6091	369.1789
168.8964	18.0512	133.1943
97.9746	136.3788	57.4583
6.0414	165.8724	315.4856
73.7842	64.9738	416.8982
101.1755	162.1427	14.4693
56.5329	179.7623	422.1281
1.7122	88.3342	231.1568
94.8419	56.6592	303.4464
178.0421	180.4317	230.1364
58.7674	43.2272	47.4216
118.9028	19.6763	97.5783
0.9985	171.4610	219.2428
166.6685	151.5021	187.0794
6.0819	89.9500	142.0525
148.9477	76.0794	338.0373
60.4858	10.6330	199.5768
112.7534	78.7937	95.6499
72.1447	171.2218	210.1653
138.0534	174.8785	225.8985
80.3454	146.6962	266.3104
157.3725	176.5686	257.3409
41.2810	117.4871	63.8709
93.3283	40.9563	145.3932
24.2069	100.5115	95.0688
166.7218	63.3467	125.7991
161.0980	73.6199	73.8372
148.5244	19.1233	127.2551
125.0906	114.0392	385.8717
139.7685	128.0766	43.4247
62.3725	11.4458	326.2035
102.1426	18.3428	392.8297
26.2165	188.9361	216.0210
66.5022	60.7536	77.8689
182.1085	78.8660	23.0546
56.7806	26.9919	34.5696
4.1615	131.8002	325.8943
71.1114	6.5191	263.1696
125.2971	17.4256	170.4083
177.2912	85.6159	60.4864
96.6919	40.0087	455.4342
13.7573	30.0640	11.2793
184.3282	17.7316	228.2695
118.7228	29.4133	247.3007
12.6977	38.3163	161.3690
119.5040	150.6059	204.2896
64.1506	187.8625	267.0753
181.3650	33.1592	68.1578
90.8718	60.9887	55.2901
102.7872	151.8371	306.5831
123.9065	8.2878	283.0381
119.7737	97.5587	445.4051
163.9498	27.2484	359.1969
141.5515	159.3902	113.5036
36.7880	64.0813	140.6827
73.8718	99.5123	32.8366
86.8677	89.6126	312.6827
51.3091	50.0024	327.3935
66.9246	77.0790	256.5493
126.1132	112.0429	320.0598
77.9025	155.0452	132.8087
82.6697	63.6200	450.7243
185.5432	12.1419	47.3156
7.8906	180.3515	405.6186
119.8470	102.4077	164.1627
85.2677	18.1748	150.8012
83.8860	119.9268	313.5816
69.4136	34.6655	281.0215
76.6664	113.3781	70.8479
75.6581	96.1462	345.3040
121.7663	100.4107	435.8986
78.6487	165.3046	301.5695
123.1775	86.0230	164.7881
67.2070	25.6292	271.4939
190.3672	123.4492	17.0708
96.1993	98.5237	417.4269
109.1328	104.8165	192.6638
141.9451	146.0165	344.8953
98.8682	166.5368	139.4467
147.9204	166.6120	242.1927
77.5086	39.5920	89.7741
116.5870	0.7051	83.0259
94.0366	51.5169	37.8179
89.4540	75.9301	297.3891
168.6715	161.9033	152.9775
141.1097	39.1276	246.6154
40.0038	9.2950	122.4554
114.9655	29.1421	326.4169
103.6512	122.4259	272.2438
125.6400	30.6547	241.2183
4.5045	164.8624	287.7944
56.9533	77.5302	100.2485
10.5400	149.7071	234.7437
159.0008	152.5517	101.8049
152.2598	63.9046	227.9907
59.3801	102.1999	106.0693
111.3396	164.9487	173.9296
9.0566	108.2819	27.2690
170.1699	15.3729	343.5509
151.5306	123.2985	171.5257
96.5851	176.0506	388.7910
164.4983	189.0993	423.2999
7.8031	112.8859	306.7796
23.3548	33.1798	36.4902
186.6503	57.9324	261.8765
45.4839	120.6597	213.2600
69.5631	107.9546	304.0721
72.8583	180.3554	451.3993
122.6813	9.7417	20.5720
85.4129	97.9577	276.3068
158.5573	175.0167	59.0242
98.1722	174.9982	284.5588
58.6888	27.0153	299.4381
142.1825	38.2026	375.9540
45.3778	124.1417	294.8472
68.4553	5.2392	440.1000
173.7172	60.4370	167.3620
154.3753	49.0644	205.1203
66.7772	122.0502	135.8585
62.6609	79.4027	318.9724
160.0283	192.1925	422.1526
12.5348	165.0956	150.7084
26.5552	190.1471	252.7905
50.8311	87.7537	226.5501
120.7843	17.0053	163.5488
92.9426	22.6523	347.0554
157.7907	28.4916	355.9570
77.6928	164.1787	430.3063
7.0562	9.3898	371.6094
70.9563	147.0481	323.1753
128.9653	190.3733	287.1979
166.0640	153.4169	95.1739
103.3673	168.1531	342.3494
152.0797	132.9457	69.2404
16.3489	154.5486	279.8677
102.2496	65.5855	68.9342
27.6343	33.0859	96.8967
38.0518	172.1617	380.9589
4.3791	1.6230	347.7558
17.7978	67.2934	71.2357
140.2636	95.3638	383.6459
78.4126	28.2909	345.0918
187.1492	36.8864	157.5819
20.3581	13.5709	88.0492
60.9975	181.5684	441.6620
115.9660	121.4565	202.1343
46.7865	40.1058	183.3684
57.2306	115.4595	412.8167
110.0031	73.4892	441.2372
182.0343	29.3260	410.1661
72.3790	94.9224	385.7072
120.3737	1.4279	167.2941
83.0436	177.4959	131.4274
98.5323	168.4853	204.5550
190.5952	142.4722	94.4850
47.1743	76.4740	87.9798
125.9756	92.4858	382.5171
125.9750	188.7360	39.8150
94.2308	64.8087	402.8844
108.3384	82.3415	309.4860
16.9146	51.6684	188.4467
78.5872	81.6414	330.5932
123.1469	93.8754	225.4891
51.5675	128.4372	270.1925
46.1936	41.7625	324.0677
10.4789	126.4170	119.3066
121.5706	77.3031	286.6183
79.6882	129.8410	391.1114
125.6780	191.4089	120.7364
183.3720	4.7227	314.4760
13.5921	87.5231	92.3710
99.6657	131.6055	23.1713
64.8649	31.8636	131.9077
124.6433	4.2350	196.2768
133.5127	77.3528	264.7642
39.2695	175.7321	101.6866
65.1428	23.0440	86.1641
93.0859	92.6203	202.1699
0.7657	111.9800	229.5549
43.1283	128.1848	94.6223
160.1131	182.7668	234.1192
159.4890	4.9798	70.3461
4.6518	106.0451	92.9536
128.2426	43.3530	346.2387
54.6754	124.1049	413.1275
154.7210	58.6386	36.8430
151.5782	125.4707	452.1099
57.4706	101.3046	213.9483
136.8962	46.9982	309.4526
72.6817	128.1428	355.7893
102.8165	16.1993	381.9444
109.2061	156.9163	13.9479
69.5760	136.1827	281.9511
141.3348	31.2568	80.7181
70.6690	43.8882	72.1943
78.2689	125.1796	321.4164
16.8431	49.6027	301.1218
178.4401	6.1586	286.6832
0.5844	63.9716	37.3835
102.4459	108.4098	312.6729
16.4307	24.7581	170.2270
26.8585	91.6117	219.2448
27.1465	186.7366	359.6696
104.4646	153.1742	252.0046
112.3408	46.3597	292.8962
10.8515	122.4737	182.1689
92.8121	63.5200	79.8930
17.7431	80.6185	144.0124
94.6479	75.9240	447.4394
163.4129	77.5946	45.4890
175.9961	1.3753	4.3953
61.0956	63.8372	417.5675
122.2635	109.8776	102.0326
74.5008	1.8285	1.6546
11.6784	45.2012	225.9629
133.4863	29.4048	333.7531
19.8384	16.9905	90.9014
44.6006	153.3455	111.3426
134.0280	65.5048	276.9795
54.5913	41.6165	390.3583
171.8154	85.7855	295.4097
74.3158	59.5883	229.4390
145.4175	21.9039	263.7430
181.4395	24.6761	303.0439
37.4353	8.4761	231.7909
123.8079	178.3464	416.8412
81.2847	79.0919	127.8072
6.9402	45.5504	270.5564
60.8129	148.1020	157.2882
30.5028	154.0408	385.4559
127.4908	60.6971	453.2402
135.0946	114.2463	33.3789
47.4094	90.6206	92.8096
174.0722	182.4921	41.6214
188.7674	166.6628	399.7092
39.6707	37.6471	129.3361
23.2213	183.2863	107.8871
156.9839	119.0097	339.1048
10.1401	25.1628	129.6341
53.0186	15.9775	55.1307
54.1439	178.3687	48.5354
89.4016	25.9320	340.1448
144.7550	36.9736	175.6188
38.1516	157.9227	236.4965
29.5796	162.7518	379.5438
146.3499	140.5067	157.0925
164.5650	29.7395	416.8549
187.8776	172.8254	303.7592
98.0466	85.6985	425.7442
161.0768	60.9902	444.3512
116.5082	122.3549	22.5673
181.2913	89.6464	183.8584
80.8246	70.7690	411.1793
154.6453	108.5165	270.9458
158.3734	125.3444	349.9812
188.5093	12.6119	293.3427
140.4054	128.0697	116.6477
85.0526	112.1343	367.3680
103.0920	91.9968	398.6445
85.0499	173.1070	334.7372
163.8693	84.1221	65.6358
172.4716	126.9154	7.8507
158.1083	104.3036	320.6777
56.0882	174.6666	160.3252
20.7830	106.6331	50.4897
83.2291	25.5700	249.2512
49.3132	3.1956	298.4410
50.9785	18.6394	91.2109
120.7689	188.2393	121.6753
5.1249	37.8247	128.6502
106.0573	1.2292	278.0321
66.8723	96.5365	203.2308
179.9173	188.3042	41.5254
131.3221	51.5856	60.5954
51.5559	175.8866	444.4350
130.5800	157.6466	211.8011
65.2233	127.2868	75.1261
157.2908	136.7591	451.5076
117.6212	0.0720	67.4720
154.3515	52.5698	58.2111
81.1708	180.4348	70.4770
147.0000	168.4874	359.6704
12.3618	136.9584	260.5256
112.9496	7.9096	111.7360
12.2833	71.2626	15.2759
181.2550	169.2266	309.1832
38.4203	59.3994	329.8732
35.4716	183.0306	202.0799
171.2696	151.2437	132.1172
74.2323	140.1426	3.8267
90.9744	69.1211	202.3947
90.7783	15.4384	135.0370
45.6857	49.8793	412.5165
107.3132	174.5507	112.5293
27.1914	168.4867	126.9617
128.2926	12.4029	294.9427
108.1156	181.6331	400.5949
169.6624	31.8089	42.6715
81.7366	63.9006	234.1535
121.7954	45.2813	31.3971
112.9537	166.7524	152.7665
87.7979	44.0927	138.8631
105.7453	21.2828	344.8415
109.8641	123.6689	430.8195
37.3699	57.0319	169.7091
97.1547	161.1150	234.7825
79.4196	48.5999	112.0838
49.8086	4.4965	136.1096
116.0336	134.3373	406.4312
113.4643	166.5815	164.8056
181.7861	102.7335	347.6957
189.2668	150.4368	292.2458
117.9990	2.3742	15.1886
23.7825	185.3346	414.8194
101.0086	104.7266	145.5307
150.8551	181.8050	134.9907
83.2536	77.0285	395.5294
117.6260	165.3660	339.3298
122.4776	56.6658	274.2265
9.1857	122.4320	141.6724
148.8023	113.5726	350.8205
84.2520	8.1326	17.1674
139.0529	46.8648	305.1839
3.3660	32.0041	54.5040
57.6580	51.8505	59.7872
33.4558	114.4812	353.3722
162.0288	166.6848	181.7894
130.6477	154.9702	123.0646
80.1925	128.0602	212.7360
28.3048	126.4028	375.4359
54.5051	21.2571	45.4657
175.8057	131.5977	401.1429
191.9056	85.2933	204.8155
62.0124	83.4333	127.2331
97.8539	72.1290	307.8444
29.1513	129.2949	336.8886
109.0690	112.4063	449.6881
104.7168	25.1812	75.2411
28.0447	13.0221	256.5246
140.4758	175.7771	354.6458
167.8834	155.0549	205.3241
124.0307	109.5619	60.2199
111.2121	26.3004	172.7345
136.1450	25.9204	57.5638
34.0967	79.0859	211.2118
61.5955	156.1400	91.5590
163.4970	63.6943	448.7111
70.1130	124.9115	401.4506
63.8871	192.0168	342.7284
144.0982	76.2938	234.7968
189.3175	18.6375	236.7315
75.1772	41.9167	371.4693
19.0094	51.9505	5.6896
5.2934	67.6918	452.1033
46.9487	138.9832	11.9342
132.2517	20.9364	223.0928
99.9223	24.4289	385.2024
165.7707	184.1971	266.9697
6.3429	68.8907	54.9754
98.9443	119.5665	73.2020
126.0972	162.0923	349.6449
154.1799	60.7387	98.9178
16.5979	107.0834	235.2105
88.3125	34.0050	335.1062
154.0434	2.3801	399.4375
166.9629	90.2835	43.4525
5.9409	164.4699	0.7832
133.5135	11.2333	137.1055
54.8157	130.5637	122.6259
148.2869	124.0412	224.2616
119.4381	15.8409	184.3226
99.1112	147.7843	92.7567
162.6163	69.7488	44.7007
143.2466	76.7397	224.8962
143.9766	148.9563	38.0152
157.7715	67.5730	218.7340
108.0360	26.2911	299.0687
136.3062	115.0082	157.0650
85.2354	50.5447	410.4310
44.2494	151.4125	17.7109
1.0169	95.9202	202.6325
10.9385	79.8355	332.5616
164.1251	6.2798	144.4384
24.4368	150.0810	349.4629
108.4950	68.4030	248.9990
8.2749	5.5157	69.2740
102.3931	115.4130	375.8979
102.8803	145.6493	10.9759
164.8374	34.1698	402.6569
131.8029	154.5703	25.6501
143.1596	40.6159	122.6935
180.0724	86.8316	442.4882
156.4191	169.8528	175.2214
132.8012	5.3899	450.6546
176.6223	97.3359	371.7734
157.1249	106.3572	48.4709
186.8985	151.0459	325.3045
23.7778	102.5905	431.9840
98.6811	53.2282	50.0148
135.5017	120.5278	100.3427
11.4549	39.3530	44.2670
132.8425	73.0014	309.7930
123.1569	118.2485	108.2785
111.7507	118.5865	431.2539
147.6010	97.0083	25.2954
139.6115	175.7009	10.2376
51.1456	71.7563	223.1218
144.2713	179.5212	189.0070
73.6062	89.1533	24.6304
186.9764	146.0957	398.3620
79.0726	65.0271	429.4885
90.0765	168.6659	359.1197
85.3932	61.8507	259.2021
92.1839	109.0765	183.3604
178.5580	140.8799	232.4513
63.1120	69.9642	293.0365
189.5181	147.9037	444.9448
75.5541	19.4641	447.8038
68.7594	31.6640	444.3727
119.7095	27.5589	316.6486
27.5624	131.4460	394.9825
177.9744	161.3477	169.4638
71.2608	107.7113	241.4845
47.6614	24.9611	108.0873
68.5728	191.2596	186.5303
36.6423	166.5200	322.5768
147.1242	101.7601	267.0523
45.8029	190.7642	38.0951
53.0079	28.8898	183.7544
4.2805	37.7014	332.5463
32.1666	110.5297	292.7324
22.9318	151.0564	235.2352
141.3911	94.1146	33.4700
185.0862	132.0578	169.6604
124.1885	29.0126	264.2020
36.4775	153.3304	377.4486
18.5109	190.1857	335.3345
124.5046	74.6398	116.3203
114.6690	53.6450	100.0926
145.5229	167.5836	372.4518
12.7425	33.6473	104.2080
123.8075	177.2707	215.7600
49.3968	98.3737	174.8128
12.2188	112.4491	228.9582
148.0209	15.4386	113.0293
127.6201	18.0360	200.3883
71.1531	120.3720	171.6610
75.1304	158.8659	106.5067
89.7941	34.9880	119.0616
168.2747	39.4772	214.8266
75.4323	125.9960	142.3248
59.8128	9.9676	256.6074
128.7798	42.0185	138.8899
52.4614	101.4721	306.5039
109.1135	76.3650	133.2359
141.3916	148.9502	316.9908
42.4756	155.4765	103.8876
42.9450	4.8293	217.5043
76.6870	77.1003	215.3059
96.6988	127.9449	174.1268
118.1935	87.9276	105.8677
41.8271	64.9094	197.6450
151.2196	0.6497	234.3222
30.7434	162.7237	226.0079
137.2238	32.9840	163.2032
166.9781	83.8423	126.4642
0.7045	90.7025	231.8349
146.2077	1.0863	285.1202
72.9368	187.6311	197.1253
88.1665	3.1548	79.7760
117.5917	34.5856	367.7001
159.2909	9.8186	118.9001
155.6080	33.9114	178.2426
104.5908	44.3626	401.9813
34.2425	20.0654	39.3171
146.4658	173.5659	234.5608
141.2587	147.3592	36.1057
169.6628	55.8825	430.8917
175.2809	168.7683	126.5606
84.2698	87.1674	357.1954
178.1601	16.1466	149.7709
60.4433	67.1122	149.6636
151.4159	151.0172	10.8141
94.6500	30.0805	192.6482
28.1365	5.2152	401.5422
102.5769	32.0992	447.4786
49.4725	11.2588	382.1779
148.8529	20.0279	301.2503
75.3088	116.4642	381.1195
103.4703	117.4716	247.9508
31.2030	139.9337	84.0093
5.8798	147.8316	433.6296
157.3982	167.6483	73.1822
16.2745	134.8511	384.5101
69.3662	143.3296	319.6245
76.4089	152.1342	408.3214
190.1184	29.9941	364.3286
68.7073	138.6904	255.2039
152.0454	151.7380	46.6751
0.8754	36.7349	130.3928
182.8774	86.3839	22.1543
35.3086	73.1230	67.5109
158.7243	141.6894	417.0396
43.4908	24.1576	283.1363
29.0784	156.3739	288.6472
50.2672	62.5010	304.4143
167.3889	55.8592	67.7607
159.6246	123.9647	59.8585
183.6134	24.5777	447.7634
130.1322	146.6376	297.7127
95.1080	17.2734	164.7652
86.1125	170.0691	448.3187
98.2225	49.7159	391.1222
178.0715	117.9550	224.6616
81.2713	10.0387	329.6419
84.7739	66.8329	111.2841
57.8268	190.2489	432.9181
68.2947	23.2382	125.7057
48.0695	90.1758	178.5640
148.7904	69.4910	56.9119
72.3924	5.4084	423.4471
176.7798	153.2613	416.1196
133.2112	124.1721	210.0439
73.5065	85.4943	270.7323
170.2902	183.8025	392.3992
33.5932	146.8988	35.6665
188.6216	14.8127	247.6107
112.8328	189.5836	283.5230
49.1188	185.4058	206.0658
147.3501	72.6506	340.6434
63.6957	58.2472	384.2666
58.9872	36.3647	133.6886
108.6848	28.5964	46.6490
56.2600	118.6926	59.2471
144.4786	172.6345	8.1919
187.8356	36.3689	177.4254
76.5411	1.6772	353.8522
96.9898	54.9266	334.4015
4.5968	88.0376	216.3103
62.4453	79.6137	232.4721
177.5035	86.4846	64.2129
62.2219	164.3493	435.8824
18.5378	66.8842	271.4299
58.7024	53.3163	368.5628
128.4726	101.2116	129.6684
130.4591	182.3423	386.5089
40.7483	87.3108	92.6870
184.8951	1.5866	446.3549
129.2137	12.4503	405.4638
10.9272	5.9093	117.7533
132.2672	142.9949	438.3053
149.4060	44.7073	287.7205
23.3930	96.0965	325.6852
140.6384	146.4896	352.1762
155.6745	54.6043	394.0744
34.9696	21.8024	71.6044
118.3416	12.6561	355.0647
62.0725	90.8959	299.1717
7.7277	34.6563	106.8059
91.2686	30.1609	342.1067
190.5641	41.3515	222.2765
114.8388	126.2439	203.0096
145.4078	1.8164	127.9736
80.2641	71.5833	374.3880
77.6341	39.5118	7.1106
100.8917	172.5533	435.8836
177.0383	23.4791	224.6173
126.3819	32.0770	341.7002
19.5508	187.3022	411.1789
146.1326	56.1322	215.7911
123.5589	118.2485	442.0675
100.2126	96.4754	339.8876
97.4290	164.3934	305.9222
102.8546	159.5824	233.2158
128.8586	15.0935	30.4733
36.5082	6.0559	257.1054
47.2708	41.5854	229.9969
72.6354	17.2870	422.4916
143.2500	58.0166	221.9667
131.7794	109.0442	360.4543
28.4718	141.0785	139.2373
139.2860	64.1240	396.8960
72.6920	173.6677	451.3268
83.9295	20.3413	98.7204
42.4171	82.2725	206.6336
0.6479	44.3677	259.5392
103.0951	141.5047	429.8926
76.9889	131.7136	286.7251
154.9987	0.2325	373.9341
119.1847	168.2765	330.3584
85.5512	1.6769	276.3827
162.4917	81.4356	206.3552
15.6539	50.1415	271.0619
99.7441	162.3769	305.8268
70.8769	110.2527	89.0720
129.5622	124.4175	320.3249
78.2378	14.7113	44.0276
176.6525	156.5025	368.3060
39.5528	55.4477	193.4168
105.2525	14.9801	420.6012
0.4960	100.7075	454.7678
108.9350	180.9064	17.6555
74.2384	188.7825	200.2584
60.5879	152.9756	357.4104
95.3468	146.8626	194.8533
179.3830	52.2184	76.3992
46.6545	6.3227	311.9850
145.2763	126.4490	453.3678
48.5067	0.1227	210.6572
106.9059	172.3206	211.5519
81.9964	104.2211	417.2296
124.8480	89.3748	115.5203
66.1372	111.8979	282.0468
48.3251	108.1851	411.3232
182.7954	52.3950	21.5298
144.1111	50.8377	231.1771
17.5183	21.3813	264.2292
172.4913	68.6472	384.5425
29.4896	175.5354	105.4062
98.1967	24.3772	200.9582
189.3830	51.4608	51.3129
17.7092	148.7664	354.9498
51.5072	41.0844	233.8850
94.9640	187.5162	429.6000
155.1750	2.0735	385.5514
170.3572	13.5226	73.9711
111.8725	10.8925	440.5864
35.4413	6.1701	116.3959
104.0985	89.1084	278.0342
77.8656	133.4177	253.0541
90.2593	19.1331	454.1094
22.6689	19.0640	295.6352
10.3143	140.1322	192.6822
15.8021	52.4376	193.7114
143.1342	46.6593	322.3505
67.1811	161.6573	421.6527
167.7086	56.1209	99.3305
149.4495	46.6633	322.3028
184.7811	70.7695	421.8482
145.1894	63.7959	406.8125
147.5990	8.6052	247.3724
151.2124	49.3522	270.7111
100.5807	56.2387	273.4910
111.0176	40.3888	1.1984
75.5699	112.7017	87.4176
22.1494	113.8582	305.1259
171.4583	135.3355	28.2979
99.9585	39.3417	441.5181
25.0394	77.4281	64.0773
83.7536	177.7303	105.7397
2.2072	168.3201	383.0228
130.6784	142.5338	377.2152
1.6529	9.0232	162.0175
25.0053	8.0925	170.9465
19.6495	146.0205	452.0560
174.3825	164.2783	442.6293
185.0685	22.7448	413.0805
131.5170	108.7687	359.0439
67.6648	190.8114	430.6512
187.0518	12.0355	294.9283
111.2090	15.2857	190.2946
81.4884	95.6396	6.4191
8.6836	136.2100	109.3959
141.9473	176.3805	217.2339
69.3087	15.1546	326.6124
148.7883	80.5722	197.2951
77.2585	153.7468	11.2445
80.1281	108.7829	71.3773
24.3353	102.3884	173.5769
108.7190	33.5535	53.2062
53.6056	58.8777	70.0037
48.9862	180.5291	52.5628
30.2247	143.9478	65.7573
22.6944	151.3760	225.1379
5.5093	59.2630	443.7121
3.1167	34.9684	106.1887
176.2236	162.5544	238.7518
62.9819	38.0306	68.1727
69.5206	70.4917	253.0283
175.6248	68.8652	299.3856
35.5465	168.0460	295.5870
20.7459	101.6539	322.5777
14.7443	6.6037	366.9308
114.6917	188.8016	7.8397
183.5944	167.0330	253.2391
45.4103	156.1118	132.6098
57.7076	117.0859	52.5371
0.1965	17.6438	219.6026
28.6750	191.7127	222.9676
147.2069	53.7454	226.2204
123.7454	138.3634	381.1709
20.4191	2.9068	429.8135
35.0003	24.1431	140.0969
36.5932	166.8293	183.6456
77.0494	43.3544	78.6046
123.6806	105.9587	88.2639
145.5984	66.8434	238.6802
100.2653	163.7774	376.3399
180.7959	80.6358	298.7954
11.1336	35.4379	394.5796
24.5572	117.1476	77.0865
35.5032	79.7994	39.4046
104.8129	179.1976	335.9479
76.0891	121.6737	131.0817
95.2883	167.4723	205.7911
43.7123	48.8985	425.2160
117.4250	4.0681	200.5184
39.6492	61.9453	295.3307
129.6276	173.3700	240.1118
189.4993	88.6991	217.4900
105.0344	142.4629	331.1514
44.8939	137.5436	26.9533
97.9092	142.2926	323.7445
158.1493	37.0143	307.9617
178.6029	56.0947	1.5973
58.7284	109.1399	218.9972
100.6636	161.8129	235.4327
147.3360	33.0023	305.2770
160.5356	7.1012	432.9885
176.6751	61.4708	304.6791
191.5505	81.2085	407.7293
180.5893	129.9510	440.1773
172.5079	27.1773	74.1819
143.3562	89.0824	124.9620
96.6053	180.1996	408.0751
147.6260	19.3754	100.1695
6.8458	130.5060	133.4373
177.3187	84.7366	47.7564
42.8106	74.2717	94.7004
115.7700	135.1296	364.5355
51.1790	56.5508	40.1634
121.6860	33.4591	149.3184
152.6750	90.9550	142.8225
107.6970	32.0962	30.0921
57.2346	35.9517	257.1589
24.7390	112.6822	18.4770
47.8580	73.5343	310.4716
104.9420	161.2141	392.3677
35.4115	108.2137	203.9768
16.4430	62.2645	319.0992
43.3718	143.6667	113.0969
97.0386	78.7899	207.1037
103.9157	58.5972	265.9992
142.1520	0.0095	268.0106
33.5001	105.7221	58.2753
143.7462	64.9395	420.2809
21.7295	177.1660	364.5449
41.0039	149.5720	152.7629
148.4334	70.2895	240.5833
49.2210	181.4272	154.4195
149.9440	149.3629	116.1318
116.7338	68.3769	83.8845
119.1547	122.1591	327.4241
178.1609	130.0877	154.7797
181.5933	84.7163	228.0439
74.7223	140.6251	229.1849
6.4799	132.8517	278.0579
55.7177	17.3546	328.8752
105.8528	38.0468	301.9528
128.4327	13.0670	415.4990
111.2197	32.3929	175.1999
90.8165	170.0296	247.6382
101.0233	172.7482	93.1023
112.5499	26.1481	132.7097
46.0775	24.6841	311.3331
44.1756	35.6762	418.4438
164.4235	17.7748	442.6060
31.2540	135.5673	272.0566
135.8430	34.2589	78.9013
61.6885	182.1961	268.5278
117.0909	174.1936	7.7608
113.5081	33.4151	358.3901
16.3440	143.8697	410.5923
103.8589	5.5230	75.7448
75.2339	39.2971	244.2830
6.4836	177.3610	102.8873
10.1392	62.7835	86.4626
61.0789	73.0937	108.6390
84.9291	43.7107	261.9428
71.1030	88.8720	201.2886
65.8373	146.5853	336.1393
177.6036	156.0370	334.4044
108.1256	167.2807	20.9667
43.2687	63.7729	137.0939
131.2924	65.7111	201.3683
159.0171	133.3407	195.7198
13.3912	96.2839	29.6348
186.0259	81.5781	360.5671
122.4979	186.2129	305.0126
42.0557	182.1120	249.5940
44.5662	3.2038	218.7342
80.5393	31.4891	261.2728
152.5337	62.3132	403.2772
115.8416	27.9166	256.4668
84.8470	47.3444	421.0679
70.8741	130.4124	293.1659
92.1002	25.1990	125.1869
139.0180	157.7566	326.2371
60.5778	116.0428	188.5679
23.3143	93.2577	25.0795
181.1033	190.2981	377.6807
77.5105	25.7805	92.2846
49.0652	103.3385	403.1609
181.6950	40.2465	449.1418
23.8002	167.5328	167.6966
53.5674	7.5671	203.3543
70.8739	58.0312	437.9145
120.6307	178.4735	21.9339
182.5726	50.1359	391.6210
4.3952	166.9117	315.1406
85.1886	120.2626	388.4671
8.1908	11.3152	55.6433
141.2924	181.2094	182.3793
113.6509	69.5196	220.5356
114.5972	52.2544	24.6018
97.6713	127.3968	207.0796
39.6305	87.3214	40.2124
76.4785	9.3969	89.2580
158.1805	135.1042	296.9280
54.1821	39.2735	411.8138
156.9258	76.6299	222.2415
171.5859	29.2079	365.8902
157.5100	130.9195	314.6426
166.6169	7.0307	380.1583
84.6434	152.3429	234.5807
63.9533	140.5016	450.3639
180.0444	14.4905	306.9765
123.8846	35.1634	373.4178
134.8170	15.4155	22.0545
81.1758	110.6022	332.1447
174.0649	61.9025	396.9847
97.3418	83.4932	86.6334
117.6149	29.1740	274.2944
62.9765	6.3993	453.8840
121.9123	0.2178	2.4404
68.8122	184.3449	318.7864
6.4747	28.6226	208.5761
150.0077	189.1243	259.4341
77.0269	63.7716	399.4823
12.2761	41.2709	324.3327
58.7631	3.2907	78.9604
73.6780	67.6517	370.1123
89.5722	104.4785	404.5207
44.9825	20.5113	426.1182
40.0996	60.8556	445.3656
144.6221	149.9666	9.1202
152.0513	107.6249	37.7589
19.9344	19.0354	233.4408
149.0387	29.9102	69.8268
102.9004	165.1485	307.8785
141.5570	186.7484	30.3977
143.4455	186.6892	140.5442
169.8431	160.8488	137.2915
46.2976	129.4825	149.5809
143.8041	57.6835	292.9310
75.5450	110.5305	81.6711
159.0639	2.3363	404.1097
26.0835	88.6182	56.0537
120.5179	171.9416	233.0492
64.1291	102.3132	37.9556
187.2415	146.8334	277.8253
41.9910	54.6455	110.1393
12.6213	103.3768	442.9155
116.3107	140.8414	243.2641
89.0812	61.4471	249.6841
154.7643	107.8781	125.6180
189.1651	113.7950	328.4003
60.7825	141.6502	434.6226
179.9272	46.2332	4.8464
44.8221	53.4255	198.5367
108.6850	61.1750	88.7698
6.6497	4.8435	303.6844
191.6738	185.2658	39.9297
61.9360	58.5242	379.8605
132.2088	86.2542	324.7995
151.8846	57.6434	272.7508
135.3995	149.6133	161.1585
63.5093	123.9856	418.9193
119.6635	179.2627	388.2908
25.7217	89.5914	15.5372
151.9648	142.2993	94.8807
23.6331	21.6875	171.7664
19.1283	119.4671	127.4224
149.9888	146.5382	121.7873
85.9890	2.7899	286.7615
124.4017	172.4381	265.9172
31.6122	56.7638	135.8030
148.3274	21.1079	169.3070
146.5445	66.0137	18.6363
159.0245	52.0298	60.6689
154.1694	26.0172	450.5131
3.3133	102.8540	437.6161
29.7580	133.7538	47.7947
178.6236	50.1697	318.0684
143.9402	124.0661	206.0580
91.5924	107.7802	129.4290
166.5447	88.0961	35.7473
156.4156	166.0025	63.5371
0.7762	4.1347	226.2037
184.1955	104.9223	191.2227
124.8931	140.9500	8.4278
165.3970	176.7425	384.6387
51.0535	93.9230	139.7939
106.7076	183.0890	125.7585
62.0133	187.3695	67.2870
42.5976	87.8935	449.1193
6.4776	108.9091	319.4777
165.4024	133.0464	322.4536
97.5602	83.5135	229.5538
28.0093	159.9172	305.6512
155.9966	75.7061	285.1037
4.6205	161.4455	15.0863
31.2939	117.9183	314.4853
1.3857	85.5728	275.9207
79.1323	147.4398	169.1069
98.4289	87.9833	253.1707
99.6531	159.5914	358.7720
6.3701	12.8499	11.0614
172.6456	143.1478	77.4987
177.5430	33.1871	27.2337
63.2024	80.5673	243.0622
124.9418	55.2432	96.4283
78.1191	127.4251	451.8424
165.0791	177.0732	365.2356
72.8616	3.1599	186.1316
147.9366	162.8741	420.7652
128.4374	0.9550	79.0085
179.6257	190.0452	348.5426
89.9543	112.2622	235.4202
114.7633	128.3962	381.6824
93.5431	71.9842	310.9555
1.9833	52.3401	272.4384
100.6616	31.7280	118.7941
6.1294	179.7332	326.9521
64.8364	78.2279	314.4018
106.0989	137.7275	419.1026
173.4295	179.8239	72.1052
12.2950	72.6305	158.4050
68.1974	55.8003	216.3324
1.7184	125.4800	315.1090
132.0893	39.2495	21.5457
22.4308	39.1206	202.7084
34.8889	72.0727	106.2650
147.6553	140.9275	347.6683
161.7041	157.9550	46.7697
191.6872	101.4159	24.3964
9.7016	66.7777	245.0897
168.2022	143.8204	46.9988
83.2865	62.8999	218.6561
83.0777	75.4747	123.9075
80.9928	54.0742	261.6991
60.5676	95.6751	206.6377
74.2022	125.0103	339.1119
56.4729	174.6072	266.8561
102.0176	11.4325	125.2896
172.1148	53.7245	345.9713
111.0069	117.6838	238.1976
184.6444	83.7663	201.6967
164.4355	105.7204	349.4177
146.4417	32.7877	267.7891
59.2055	17.7796	160.9064
143.5940	180.1521	244.3780
41.7406	119.8645	98.8039
183.4555	83.2676	200.2811
34.3419	41.9502	263.6353
92.9769	61.0658	73.0053
94.5895	77.2210	299.2112
106.9091	59.9945	160.5080
56.6525	62.9843	447.8501
140.1147	90.8206	173.2523
117.5631	55.1371	87.6471
161.8097	75.2226	123.5657
170.6371	98.3134	289.6814
26.9924	105.5270	306.4562
131.4204	171.5968	278.8006
112.1482	14.6433	14.9039
128.7947	28.7923	136.4103
86.3517	4.3547	336.6562
182.0750	146.0432	436.5647
151.5492	60.7235	378.9721
188.8178	114.2947	21.3009
74.6109	47.3017	347.7659
83.7679	152.0410	4.0494
188.6805	104.0240	291.6920
12.1633	59.3795	73.6567
66.7337	71.8246	270.5237
83.1203	177.7408	299.2856
183.4466	148.5847	42.6367
179.5838	77.4223	46.5854
174.3912	32.9978	219.1917
47.1801	30.3877	203.0607
71.2820	20.2677	153.3746
80.7509	116.4496	137.8703
177.8714	75.9998	69.8888
118.7224	25.9035	4.2399
25.2897	64.8625	157.5495
24.5841	23.8605	16.6153
187.5546	98.8375	46.3429
145.7090	174.2235	177.4089
37.9982	84.0925	116.4108
139.5375	178.1552	322.7056
86.5955	85.0749	258.8423
57.0142	170.0045	204.8528
10.6974	131.5585	287.7321
15.9086	82.3467	143.8593
38.5137	16.7115	119.0685
26.3939	184.7467	425.5824
79.3688	38.0205	272.4497
104.7685	165.0347	8.5989
70.6955	81.3298	259.1761
173.7832	83.1195	388.4726
37.5742	138.0559	16.5099
31.6289	113.2111	7.8626
53.2654	47.4108	128.7792
34.3866	36.9973	69.4577
173.6604	11.2424	341.6116
16.4930	92.6644	234.0522
32.4754	188.8136	74.5230
67.0438	21.5945	43.6669
122.4849	101.1876	366.0667
102.3414	96.1548	134.4278
162.5869	162.8451	251.7380
64.1690	150.5004	264.9441
77.3228	3.4847	355.9682
139.7138	6.3976	60.4880
2.4356	55.2714	139.5377
0.0786	122.2425	353.0272
147.5217	58.0970	350.8662
39.7530	43.4234	317.9229
110.6874	189.3252	13.7692
170.6650	117.1405	87.4552
20.9930	124.4460	329.6492
173.9174	175.4861	120.8511
59.6580	3.3753	422.2321
93.6178	88.5633	244.0876
166.4840	128.6203	115.5220
159.3590	162.8505	76.5364
157.6953	83.7035	116.4006
28.3300	169.5335	140.7071
177.5544	6.5771	226.7847
83.2205	187.1040	220.8110
117.7434	161.1011	218.5104
164.4889	180.2932	115.4178
142.2623	164.2982	132.8390
33.0622	53.6049	123.7417
191.8485	35.2860	347.8927
4.5309	18.1794	115.9477
21.0365	185.5586	213.4587
185.8776	57.8548	217.4274
27.9070	64.0579	80.2431
188.7717	5.9172	46.2074
129.0729	180.9808	238.6177
93.7371	83.8420	427.8344
72.8385	186.9894	453.4751
7.6072	58.9158	198.3385
77.2498	17.8075	334.1639
185.6831	103.0356	388.1039
142.3206	30.0900	193.7376
17.9605	29.7992	180.6256
165.4616	109.1541	333.4340
105.1735	91.1935	360.7873
158.3995	175.2866	411.1288
143.1035	6.3859	280.8893
37.1498	26.6897	86.8815
23.5102	19.3786	173.0007
191.9866	102.5229	74.1048
15.7305	3.3207	21.3619
24.0097	25.8097	141.7989
65.6794	74.5927	385.9674
127.8553	187.2833	151.5327
61.3145	136.3428	106.4823
106.8286	88.2588	311.5117
107.9872	186.0186	210.9056
47.0394	154.1672	102.7962
134.3622	45.9702	314.6126
142.3505	102.4826	243.0285
191.0709	148.9621	154.5886
96.2187	172.3213	131.0040
164.0003	166.3590	249.3167
76.9563	123.3873	129.9650
12.5545	151.8209	347.4336
62.3480	94.8018	377.3005
166.2433	26.0137	443.1675
99.6783	23.1496	188.8293
108.9315	94.4720	317.7126
41.5258	143.1095	278.7690
183.4127	77.5438	188.8344
44.5193	41.1792	224.0467
112.6979	163.5083	416.3175
88.2316	13.8141	13.2712
157.3901	63.3900	414.6010
64.6357	26.7215	139.1270
104.8792	142.2574	380.3867
44.8990	4.7580	205.2818
154.5619	3.3733	71.1874
19.1010	131.8962	197.9867
127.3912	189.2880	111.2456
156.1189	2.1753	68.4912
63.4468	31.3480	95.3454
189.6954	31.1221	299.6028
72.4766	148.8222	110.9592
6.5108	13.7681	438.3258
175.7077	81.0141	72.8628
5.6086	0.9080	14.9970
9.9674	124.9615	265.6566
93.9526	109.1971	430.6310
24.4998	106.2978	128.0053
85.8447	110.7080	373.6058
78.7920	3.2072	301.5285
65.2720	95.6415	370.4297
138.7359	176.5927	160.0148
101.7485	56.4288	53.8179
98.2635	67.9591	317.6593
57.1475	36.5072	206.1535
70.5665	115.2950	218.4790
17.3755	137.7345	223.6472
88.0196	190.7754	166.5162
70.6248	52.3414	20.2266
186.4782	85.9870	208.8800
57.1060	188.5191	163.7219
136.3259	90.2184	178.2652
95.6087	61.2466	449.1924
105.0595	94.6451	250.0475
1.6026	0.5936	248.7079
188.6607	189.3806	429.7130
0.5457	106.0695	77.1936
57.4714	145.5124	183.5534
4.3872	149.6482	243.7024
145.6671	32.7690	7.6872
15.6684	50.9193	297.3143
47.2612	99.5181	230.0750
61.0159	100.2067	359.1180
60.7409	55.5731	98.7086
21.7892	75.5607	161.4019
149.1763	127.7579	43.7965
14.0492	80.0787	314.9918
40.6596	166.6111	224.4380
31.6942	30.9986	289.2730
18.5934	100.5472	14.6289
138.4851	159.2363	256.7705
178.7229	96.9291	110.9232
43.6256	186.4107	17.8873
48.6316	93.8574	330.8254
168.1379	85.3646	20.3412
124.6985	142.7131	96.0868
5.4429	160.6753	264.9567
95.2933	93.9866	155.1735
39.8671	184.3277	343.5908
123.2666	24.2705	107.2483
139.5536	172.5946	14.1757
60.9756	98.0936	168.3758
9.8121	174.9690	417.8960
154.8144	11.4644	221.8936
161.9517	152.8824	114.4259
189.5130	181.5614	399.3664
161.7925	181.1655	249.5320
66.4354	161.3298	393.7227
84.4931	16.6362	81.4022
178.5398	191.7997	131.2541
17.8057	93.9294	377.7183
107.3812	177.4349	113.1578
10.9961	66.0725	247.6846
84.4671	121.3058	407.6145
166.4519	149.5810	245.6147
174.5356	111.3722	64.3665
177.8409	57.8644	299.1322
28.4349	125.1778	355.4712
169.4313	47.3392	237.9491
50.4144	52.2667	383.0862
147.0856	110.7425	355.0802
61.0638	167.4908	384.4393
23.8047	120.5670	376.0823
158.6308	97.8513	42.7365
138.1595	26.4953	44.7943
190.0063	24.7872	297.2726
6.1739	104.9159	318.5891
79.1516	24.5039	51.0629
119.2628	148.7041	63.6841
49.1382	11.4965	16.6216
110.2841	72.7309	152.4930
78.7629	124.8576	108.3557
184.2316	86.9559	107.7293
188.2998	21.1006	188.2636
10.1382	11.4647	75.8010
22.4367	191.7968	183.8128
153.9815	185.1152	309.9842
141.5565	115.8204	414.2065
54.7948	155.3150	162.1608
13.6201	120.7033	68.6515
71.1806	123.2100	73.8991
123.1036	40.7988	104.4066
59.9362	138.9348	248.6183
131.3581	139.9305	143.1898
184.5965	18.1768	232.2521
16.8049	181.3760	250.5230
32.8809	145.8524	444.4109
60.2117	83.5446	279.2524
163.0338	68.8015	69.3343
111.1994	24.4231	235.0578
91.4479	112.5607	99.0137
14.7741	89.9542	9.8320
171.7682	11.7802	73.1147
18.2232	88.4495	178.6152
171.7677	156.9157	400.5745
29.3247	17.3888	74.8588
8.9978	166.9732	354.8615
151.3226	114.6959	103.7871
106.8525	191.0228	36.6256
82.9007	72.9403	154.8362
42.6340	157.7731	92.8520
180.0795	131.0029	202.2077
92.3403	191.2921	179.3643
23.9406	109.6990	58.5275
33.3055	184.8634	91.6934
6.8303	29.1932	315.1165
127.7633	100.9682	391.4569
31.8270	177.1143	263.9197
118.2812	82.0187	229.7058
119.3906	35.3338	86.1259
188.9694	137.0018	339.9033
11.8578	177.8883	352.7836
42.3371	144.9432	11.2406
102.4950	102.1510	274.5060
142.3581	183.6973	386.9831
173.8805	132.2370	59.0823
57.9531	57.1981	150.3421
121.3423	37.5390	323.8016
37.6992	42.6555	446.5378
180.9137	105.1207	233.8670
182.2973	70.2815	173.3782
177.8832	54.2927	52.3108
64.6110	106.7617	101.6812
189.0969	31.9350	57.7105
104.9246	102.9773	377.3089
62.0642	142.6578	244.9880
188.9981	165.7581	82.6216
23.7402	2.5690	46.4864
188.5491	130.5666	339.6906
115.1334	106.4131	383.4156
93.5761	44.1390	123.1289
46.0384	85.7850	185.4880
99.1570	139.0089	372.4792
59.0924	7.9604	255.7127
102.3514	152.1157	204.9007
29.6475	16.2211	344.3969
79.4526	153.2148	329.9379
177.0743	24.8087	275.3660
112.6375	83.1137	174.9504
36.8854	80.1613	384.1945
123.6781	179.3412	165.8257
175.5731	98.4083	351.6353
62.4414	98.6709	347.1749
87.4546	108.9784	387.4923
1.9069	165.3013	186.3981
62.7480	81.2984	290.1925
12.8568	158.8734	137.7743
91.6442	24.8470	287.9996
33.7220	185.6027	71.0909
126.6310	157.2429	454.3600
175.9008	130.7438	72.7838
61.5730	180.5970	195.7723
47.0026	190.7236	70.5643
148.2853	97.4558	364.0564
108.2722	104.5316	286.4399
33.2762	174.3289	67.5589
126.2927	67.6364	396.1012
85.9337	15.5686	166.3299
64.0502	10.8050	273.6890
101.6365	103.5591	109.4208
121.2116	124.7813	251.4732
29.6402	77.1791	213.6924
162.2185	92.2429	359.0881
147.5114	1.1207	32.6394
68.5128	58.6436	229.9613
71.7500	145.1197	310.9140
10.6088	114.0641	244.5508
159.0382	4.3988	133.6447
113.5105	38.4335	372.4442
64.7972	26.2993	289.1160
104.4860	167.4279	354.7083
94.2517	133.3216	449.0301
16.2923	181.2591	327.6859
105.0148	144.1157	164.2347
119.3823	93.9134	266.9125
62.4566	183.1748	149.9498
130.4107	25.3270	64.7305
137.8570	176.0619	181.9728
147.8634	120.1399	119.0884
181.8654	177.2300	139.8749
116.8737	4.7869	70.3926
4.6680	99.9464	148.8541
105.1549	129.3251	23.2737
134.2270	58.3507	348.4713
180.9890	155.3578	360.3964
121.5752	35.0635	308.1632
146.0512	2.7462	130.3581
135.0241	102.1354	57.7978
21.3341	96.2769	123.2977
182.4157	53.4521	445.0988
23.2259	141.1381	425.6318
87.8351	108.7649	391.3394
3.7411	24.4703	373.9004
161.4967	185.3024	239.7946
141.1373	37.9101	341.5280
136.3301	151.8932	0.9932
11.2741	24.9282	365.6332
108.3510	161.1152	357.4301
153.8173	58.1813	341.8903
36.1400	17.3806	47.7331
182.2802	168.0980	92.3167
107.3139	129.7221	115.7139
36.0002	8.7425	201.1642
168.7268	34.7864	411.0471
27.4535	27.7247	439.8304
130.5225	77.0086	133.5592
91.9253	178.6100	225.2478
144.7986	110.0112	226.8912
138.2314	100.5082	335.1676
160.2661	75.6463	52.4646
169.4836	77.4240	117.6446
133.0995	4.4572	27.2103
94.9885	110.0180	163.1321
158.5985	129.0294	429.4204
54.1472	8.4263	96.4272
127.9024	45.7221	3.4762
46.0720	166.0274	113.5923
183.2968	45.7677	86.5203
166.3269	106.2033	296.1139
61.7855	12.3217	213.1768
117.1270	167.7463	129.2433
47.2923	176.6645	327.4561
118.1881	176.5870	233.9253
73.8359	103.2898	395.3306
30.5431	104.6147	311.1430
104.5222	144.1000	361.9092
137.9735	134.2244	89.8743
188.3876	27.6342	181.4711
112.0904	45.6403	246.4333
181.8613	148.0929	105.1190
155.3240	112.1525	430.4322
10.1379	160.1180	272.8463
78.3262	58.5573	156.4004
2.9678	18.8919	187.5598
160.3728	121.2006	344.2608
69.8818	24.9618	145.9209
179.3668	148.9516	454.8247
6.8915	78.5900	98.3780
126.8638	138.3477	353.5765
151.4378	146.3333	137.3939
50.4778	150.0152	202.2562
72.8153	24.9954	351.0433
26.4061	4.0605	394.6498
136.9036	4.0733	147.8809
147.7018	68.2563	240.5660
69.3600	24.1682	304.7540
49.5846	3.5365	417.9952
178.5444	147.2447	448.3180
151.1901	173.4210	7.6987
45.7874	83.6925	284.8377
172.7307	34.5239	371.0865
47.2738	35.7800	150.8490
84.8665	92.4017	157.3661
30.4847	99.6665	231.7961
109.3717	38.8592	339.1345
97.7804	155.7588	260.7514
189.1527	16.6602	50.6569
90.1550	30.2190	266.3383
172.0819	176.5597	295.0189
111.3811	127.9647	285.5951
147.2600	61.2092	385.0628
128.0384	53.9455	39.7217
90.1481	75.9770	234.7938
89.9933	161.2231	29.7449
20.6487	115.7852	262.3006
126.0165	164.1983	281.0338
14.2903	50.0737	310.7377
88.9881	95.6090	252.7390
9.8114	25.1210	427.1101
82.4666	153.1476	256.7291
125.6079	109.2835	177.9165
126.6227	10.9742	206.7668
76.5040	65.8015	110.4251
37.6646	95.3839	188.8899
98.3303	101.5410	159.4415
135.5591	4.1513	320.4414
153.5727	173.2037	244.8035
7.0280	59.9093	99.0687
12.4268	52.1218	29.8155
189.6956	136.5176	191.4196
48.8836	161.2564	347.5146
100.4841	159.2125	455.3700
18.0003	56.0794	56.9712
14.8549	180.0165	357.7353
29.8071	130.6339	344.3545
91.0437	78.6171	248.3772
114.2551	71.2010	239.7366
126.6042	106.4656	376.1892
59.8887	73.3785	288.4161
20.9037	138.1660	408.3160
75.9737	135.7950	417.1452
71.2939	10.4439	435.8021
181.4813	128.9342	10.5799
10.5513	140.9137	256.1204
171.7375	57.9337	341.7403
55.3286	189.6285	290.1953
46.3510	183.3941	36.6579
42.0366	14.9284	77.2597
9.9972	154.0714	413.0465
59.3158	33.0437	46.9428
93.4698	139.4083	323.3750
143.0824	4.6923	88.1066
61.8382	102.3378	88.0202
16.2587	59.2798	272.5170
186.0781	150.5548	330.4708
56.5617	146.8284	189.4627
2.9746	136.6155	89.0124
132.3118	4.1466	390.9199
121.3753	56.8998	89.0849
22.6860	187.3282	324.0132
55.2208	14.7688	180.7436
75.9450	14.1912	126.3107
91.2607	68.9438	186.2861
126.0465	92.2803	376.6814
161.8986	113.3081	318.2455
152.4435	119.9361	93.0963
157.7633	91.2268	190.7073
141.3292	20.5323	142.3856
168.4304	174.7532	54.9077
17.4466	0.2985	372.7853
16.6242	188.6429	339.8960
66.4992	170.1973	272.7121
89.4892	158.8913	454.1794
182.4813	37.2260	271.6083
51.0109	94.1464	308.8805
55.7738	24.3172	142.0035
20.3392	28.3397	67.2620
86.6520	66.5012	387.3919
17.8493	120.8646	186.5744
41.5619	172.0087	14.9257
30.7171	136.2263	147.1989
65.9533	48.8960	385.6042
7.9594	43.8159	131.3057
73.1579	188.5693	446.7925
130.5227	181.4189	303.8689
127.5843	121.3151	106.3041
72.6079	151.2465	119.6917
161.2095	33.0515	145.8507
23.8524	2.1893	8.0355
5.1265	168.7561	137.7139
186.7670	7.5671	283.9192
7.8182	24.5014	269.5853
80.8529	44.7803	389.9955
55.0747	163.2778	155.3779
0.9732	43.7275	93.7615
90.3502	27.5056	338.3232
74.8236	4.2967	135.8227
124.8004	162.6428	271.2293
108.8383	179.9928	13.4367
12.7707	162.7626	292.6989
57.2078	12.0457	419.0565
43.8516	129.8062	248.0426
64.6333	9.9135	250.5228
151.9808	58.1569	27.3848
118.6174	127.3652	256.8949
118.5255	17.5516	390.4517
136.7109	123.7984	314.0394
47.5660	92.1045	123.8811
173.7394	89.7973	58.2990
92.3424	146.8251	131.7157
11.1012	58.4476	85.5696
102.6772	23.7527	166.9234
142.2505	35.3154	169.7264
21.9197	87.2093	267.0950
85.0063	119.9757	362.3010
43.2471	39.0382	122.7768
149.0075	61.4938	401.0044
116.8364	12.5593	203.5286
170.7119	55.6541	315.7616
127.5904	3.3550	183.5415
66.8083	66.4221	398.9348
48.0700	81.7247	390.5349
64.3962	134.5137	445.0272
108.8982	26.6001	411.1874
111.3795	25.8229	122.2693
43.3086	157.4422	179.7035
4.8295	164.0329	133.2729
92.8333	111.9692	206.6267
62.1748	166.4221	139.9827
75.9638	67.9274	187.0364
62.3846	6.3366	343.2153
131.5642	175.7164	82.9249
3.2118	10.4038	232.3770
180.7629	74.5426	32.2567
22.4512	17.1517	367.5796
113.1490	10.7288	222.3701
71.1680	60.4907	316.3102
30.9314	182.9266	429.2060
157.7056	87.3006	179.9750
130.0933	162.0377	129.7388
132.1461	4.8497	21.0837
9.5489	66.5041	437.3056
40.6607	175.7578	68.7412
12.9035	73.4586	46.9193
180.1064	29.7862	405.8760
56.4186	104.3600	349.1999
34.3313	21.2134	363.0308
44.0548	188.6193	10.1810
184.8208	175.6663	437.0327
137.7300	172.0404	233.0879
4.9511	22.0602	65.2102
60.4867	118.8870	415.0513
20.6769	23.2093	454.7862
128.6244	70.9876	447.3030
151.7800	76.4577	124.8229
172.6155	70.4197	416.3471
183.0847	11.3321	325.1296
103.3398	151.1534	327.8121
113.1941	56.9676	19.4835
12.2130	52.7325	313.1500
40.7049	122.5519	87.8248
74.7996	39.7612	261.5104
23.3871	17.5354	289.3033
29.6230	32.7643	125.2922
14.5062	70.9848	171.0532
67.1248	55.2942	92.0712
143.7300	43.0260	122.3583
68.0618	3.9346	305.4897
75.8565	74.1632	422.8546
107.6714	176.5388	116.0013
102.3439	2.5128	178.7825
34.1601	62.7611	107.0978
99.0821	48.7073	183.6248
68.2498	73.9139	182.1927
82.4984	61.2401	307.7188
0.4498	158.1954	322.3210
68.9833	146.4435	92.7306
48.4274	173.2221	418.1115
389.7431	-77.3479	357.7800
24.5097	70.8460	374.7045
152.3255	59.4170	276.8232
184.3282	167.7510	88.7602
19.6305	33.2227	118.9500
92.0827	79.2706	229.1471
62.8946	57.2379	66.5576
185.8039	26.4500	3.3874
150.0828	137.8528	306.7562
137.7821	102.3360	154.4548
91.8357	127.0848	392.0882
30.6274	190.4984	96.8501
36.3859	177.2788	179.5532
61.5168	37.8101	205.2450
173.1494	58.8823	210.8044
1.5624	93.9155	402.9216
47.4022	180.9025	160.6508
81.9689	11.7646	3.7524
66.1520	73.5540	177.2735
115.7419	85.7230	261.4263
67.0014	18.8625	247.1189
7.2784	112.8245	95.6560
58.7638	46.3620	205.6103
60.5104	186.5623	354.5443
39.7791	100.6187	5.6239
80.4836	57.2943	38.9210
23.0222	161.9240	381.8483
9.2635	31.5328	387.6602
31.0105	3.3358	262.0382
84.7335	172.9688	132.6412
66.4350	96.3269	316.7541
79.0476	123.7887	62.5295
141.5445	29.7003	385.1884
13.6269	14.9743	416.2956
54.7828	184.8617	305.7102
130.8304	190.4754	194.0873
94.0794	17.0529	121.6506
29.1899	74.3432	96.6665
64.0814	3.5505	108.4923
24.4716	80.3697	82.9626
159.4679	99.4619	406.1102
64.4899	14.6101	439.5440
14.9223	75.7181	203.3680
77.6601	29.2247	101.6895
83.6384	0.0380	209.1463
98.0232	26.4506	217.5583
31.9682	103.0988	424.5861
1.1700	110.2821	14.8253
127.7027	186.3282	90.2486
40.2342	50.1516	134.6980
18.2364	106.2406	41.3371
119.0152	34.6352	321.4028
180.5278	156.3300	430.3926
144.5154	39.9406	311.7062
154.8820	148.8398	333.8571
27.8377	164.8187	371.6075
6.7870	53.9477	34.8086
7.9359	0.0604	237.6439
157.6304	119.0175	16.2620
92.4768	38.6513	15.4943
61.2256	66.1117	425.7010
79.9849	121.3090	443.6076
62.6533	184.5000	92.8713
127.3592	135.3434	311.3505
165.0694	120.8138	320.9824
86.9234	68.7118	242.4986
183.1606	150.3058	360.1812
56.5929	32.8654	102.4055
11.8572	25.2078	236.7714
52.6122	188.0563	116.3778
93.1401	58.6044	66.1287
112.3816	121.9200	350.5852
100.3422	148.6966	154.1599
11.0387	91.1595	438.3369
189.7927	20.1269	41.7276
85.3869	177.8410	144.2217
130.6506	21.2793	52.4583
133.6574	37.7737	335.6013
133.6571	67.5198	233.6282
62.8933	22.7692	255.4758
183.1084	149.4596	162.6672
34.8696	43.2805	421.5870
179.3412	28.5446	193.8743
68.1636	66.4066	410.2075
122.3061	92.9180	393.4428
164.6660	23.1931	215.2265
17.0398	81.0501	250.0332
59.9352	8.8615	429.1684
179.5101	38.0794	24.4332
111.2129	20.1743	59.4816
95.6504	134.8621	170.2062
116.1621	76.9087	158.0792
164.2513	164.7092	79.9718
174.7131	157.9131	23.8963
86.9545	183.4341	94.0878
4.9481	9.7463	246.1330
45.3025	20.3396	263.8430
161.9877	175.5445	443.6045
169.5817	39.5993	421.6497
75.1989	107.8612	324.6611
156.9817	4.7511	123.4716
48.2668	13.3396	398.6877
93.5663	28.8857	409.4797
60.6152	145.9077	173.8633
71.9268	153.5716	29.3085
163.7673	28.3856	85.5465
77.9030	39.0935	204.0616
170.0470	142.6578	405.2442
68.1351	65.1925	44.2037
60.7876	88.3461	103.4131
4.7937	80.4286	261.7973
56.4502	75.7950	312.8193
21.3526	22.9979	431.9834
19.3673	14.9646	95.3595
29.2322	77.8346	358.9061
153.1197	4.2507	150.1690
89.7827	18.5965	122.4909
167.8350	64.4307	240.5156
1.0389	158.3565	425.4502
1.9332	37.5660	117.4897
49.0749	6.4752	178.3599
98.8873	76.0331	71.4883
22.8931	27.8934	438.9317
6.9431	35.7541	118.7386
146.2583	65.8943	68.6137
142.3520	155.8138	199.4643
155.1394	187.7432	412.2177
126.3459	98.7040	136.1816
36.4625	11.1339	362.1434
108.2423	139.8423	233.4658
27.6702	52.5644	45.7367
55.0870	179.3971	63.4232
121.7533	166.5330	97.3809
175.9627	4.6464	131.6139
26.0402	129.3079	241.1726
172.4297	117.2143	24.5746
37.8695	2.5357	336.5575
26.9617	132.6373	56.7060
134.3393	110.2861	186.3118
58.5589	154.8328	262.5225
135.1700	72.6472	277.3596
66.7692	170.2833	140.7957
44.2226	182.7060	338.4151
149.7417	184.9447	264.5180
122.9837	82.4751	329.1348
122.2531	109.1720	267.7279
163.4128	7.2121	6.8867
128.5194	177.4210	142.6092
120.2363	72.6898	12.6013
175.8327	113.3228	62.2002
88.1550	6.8744	293.6055
60.1292	17.2134	323.4259
47.1578	89.1678	219.3914
5.1848	62.5586	125.6642
139.0440	144.6945	56.3556
127.1230	152.7447	284.5075
187.0412	124.1169	440.7287
167.9065	149.4149	237.3438
42.1519	115.4857	198.3183
189.2012	113.8571	68.8580
161.9115	184.1511	295.2090
79.3450	132.4460	283.1105
132.4520	144.6848	369.8842
148.2814	32.6084	402.4674
156.5792	54.7487	276.9268
120.2538	182.1585	411.8598
32.8377	22.9919	101.3097
166.9066	48.4170	71.8094
98.1399	10.0993	7.0985
183.0603	15.6009	37.4170
81.4376	106.0664	359.4863
144.2509	181.1029	241.9832
181.2863	185.6562	411.8587
61.8789	64.9935	138.5989
74.4445	88.6498	320.6660
54.1868	20.6735	147.3222
96.0279	12.2945	354.7786
124.9276	107.4905	65.7534
126.6986	178.7239	388.2432
141.1783	19.1590	322.3490
87.5256	7.2690	322.8561
133.1930	181.2045	181.0304
24.0001	45.3698	439.9940
161.7876	4.4698	275.4380
17.1905	156.4079	14.2701
53.3212	55.5318	119.4143
72.9053	138.0099	377.0287
104.9088	50.8848	50.6890
34.6970	192.2334	248.4122
36.0637	33.3781	100.5243
148.3801	107.5801	172.7444
139.9774	117.6020	12.6405
92.2874	180.5769	234.9474
112.2509	79.7717	230.2087
184.5132	105.0550	408.0324
52.9548	112.9884	404.7500
2.0651	108.9447	150.0567
115.5129	36.3579	150.6174
178.7801	117.3572	283.2625
182.0811	156.7749	116.1217
120.2543	70.8929	19.0573
129.5525	178.3984	312.5179
103.0266	46.0396	156.2615
90.6119	141.1820	118.8897
27.8408	84.9295	369.7431
131.7836	108.7846	377.5009
1.6453	33.8237	447.0665
68.5627	144.9007	86.7564
138.3177	161.0265	176.9368
52.9476	162.8746	6.1944
65.5622	9.2367	376.4794
73.7853	163.6309	437.4877
123.0081	101.6355	358.3665
162.1108	179.8591	253.9615
103.2864	108.0890	91.7646
29.7218	9.5077	70.1693
176.9518	2.3517	438.1625
15.0164	134.5019	153.0914
160.8472	147.2569	192.9914
184.5600	82.9736	424.1255
120.8157	80.6772	135.8909
116.2201	11.1184	9.1148
140.8729	135.7243	352.3922
174.0875	63.4721	136.1750
90.1441	105.2596	384.1728
97.8498	103.3808	252.6462
156.9560	184.7507	337.6393
74.4053	27.7826	53.8767
42.6242	137.9847	246.5804
78.4572	2.1879	318.7706
100.3239	151.2292	454.2153
50.0982	26.7763	415.8581
83.2747	52.7021	132.8779
74.9376	83.7631	289.9512
60.8935	153.1287	335.5016
0.9357	94.2593	358.3031
110.1149	137.4818	136.8828
105.9940	8.9321	379.8877
46.4196	59.6069	450.2504
42.9956	10.9225	377.2893
156.3987	77.0848	389.8909
20.4184	41.2468	303.7832
63.2032	3.4011	248.1289
52.4788	100.7283	27.6969
131.9078	63.9227	61.0388
31.8226	117.4481	50.7053
151.2807	179.0662	330.2830
110.6399	154.5678	344.2435
63.6073	69.0794	414.5312
100.8563	125.3721	297.4625
90.4455	122.5876	353.0896
10.6333	90.9288	440.0237
62.8212	101.3461	297.8594
138.4182	172.5737	12.3384
132.1328	56.3281	93.2158
20.7880	90.3210	40.7257
34.8987	70.5389	71.9632
146.4226	17.9101	244.7757
114.7357	25.0799	262.5718
182.4835	137.7461	191.6200
154.2683	168.9107	329.8861
61.3908	44.8899	381.3747
12.2981	188.7371	422.9886
158.5988	163.4709	338.6001
53.7971	94.4599	150.9748
123.5022	15.4291	325.0602
42.4519	66.6535	344.3348
78.8254	178.0577	36.3748
104.3113	32.0754	412.4366
166.4610	146.6358	259.1550
189.3398	58.5708	300.0765
66.7005	173.1605	295.5418
38.8229	153.8946	398.6312
158.8704	116.0835	374.4081
79.4431	129.1411	436.1264
113.3399	165.7877	255.1710
126.2092	177.9801	225.2916
144.4776	179.7252	379.8517
31.4714	159.0589	372.0031
94.2712	140.1463	94.0228
158.7270	158.2309	163.3901
32.3709	181.4121	414.7687
102.8367	93.4610	385.0603
75.6966	35.6614	370.0290
120.6240	45.3324	107.7241
16.0584	123.2547	99.6673
93.4438	165.3261	226.7394
101.3574	182.9722	2.5843
177.2374	108.9945	366.3387
145.2396	27.2794	324.4986
109.4728	40.1193	211.2014
174.7065	160.5330	407.4918
146.3494	134.0861	4.6561
181.1659	67.9032	265.3107
188.7519	24.3401	248.5428
112.8433	51.5539	49.0405
96.5632	26.5808	27.7653
94.4740	131.9353	384.1163
96.1486	190.5116	212.3732
16.1053	101.7852	320.1733
149.9293	54.1360	241.1869
124.3859	20.3911	207.8713
30.9842	187.8330	251.6046
119.8377	90.1141	283.5888
179.9527	153.6065	111.1814
168.8203	14.6158	333.3388
18.6531	1.2405	22.5060
98.8910	12.0679	169.8749
83.4692	157.4196	407.9461
91.8283	10.3396	158.0287
143.7140	67.2706	154.5825
144.5288	93.2030	361.0554
148.7932	108.8599	417.7395
164.4588	150.8808	284.8649
163.0001	111.1767	175.1415
161.2972	90.5085	284.7411
97.3914	34.1490	404.3109
46.6938	7.2206	157.8288
120.6279	97.3468	259.7969
70.6440	107.5043	28.0925
33.7399	75.5625	68.3012
11.5848	96.8826	165.9167
3.6722	41.0623	386.6756
165.2658	23.7966	433.2443
182.8181	21.7150	452.4218
68.6464	168.8069	103.6297
147.9466	175.4174	371.9054
25.5599	95.3586	164.5054
131.8870	32.9582	426.5801
190.7089	150.3985	239.3077
143.0294	139.4897	275.0483
32.9405	173.9981	34.0272
90.1925	86.2029	415.3644
8.6681	28.5518	27.3907
86.6335	170.9252	139.9552
14.8451	178.7162	274.8413
86.1591	165.0550	384.4299
4.6897	166.8975	162.6424
69.5039	141.7241	312.0938
84.9280	159.0368	98.4402
116.5853	81.5586	263.7168
153.6853	104.8797	285.8878
151.6955	115.3622	34.0656
91.7507	97.0709	417.1229
79.0718	64.8822	16.6779
25.2514	188.3853	256.8382
129.7585	173.5803	422.7066
22.1242	14.8778	116.0878
40.7206	141.3392	93.7405
65.9953	22.5802	53.0150
37.9281	153.7230	141.6779
181.6278	175.7906	288.1294
98.8507	141.2448	166.3657
32.4355	128.9500	393.7247
187.7480	79.1981	428.3538
52.7208	130.7883	167.7772
141.0845	160.5241	411.3797
9.2250	91.4392	153.0720
13.0232	38.2404	319.0702
47.9690	40.2073	106.2017
57.6823	111.2336	115.4683
171.2645	3.1576	356.5660
45.0272	60.9781	264.6376
45.4417	149.5014	163.7764
157.0279	160.1639	167.9084
9.2953	167.7381	444.8872
179.9320	10.5173	281.2427
189.3084	182.2385	203.1375
97.1216	80.8460	232.7438
25.4526	20.4340	19.0586
134.1172	121.4889	104.6158
91.7011	67.5000	203.0348
99.2247	134.0948	93.7717
29.2497	102.3107	78.1920
15.4464	182.7146	436.3865
160.3834	65.8666	54.6160
99.5134	119.9515	218.5359
43.7145	37.5004	98.4667
84.3797	122.3126	417.8439
187.7326	0.5075	3.7680
106.4024	148.4353	85.1506
39.9245	16.5203	204.2030
82.0944	31.5132	367.5261
47.1871	132.8735	102.7117
45.7815	54.6955	127.0690
154.7496	158.6477	440.7215
170.6388	95.3304	219.3695
105.9966	144.0900	215.7370
121.2369	115.8593	435.0253
70.0138	186.1419	58.9752
188.1159	168.9366	146.3156
100.9448	117.8041	23.7951
8.7382	134.6291	75.1524
144.0663	54.7803	58.6347
60.7346	64.1593	418.0731
143.5632	123.0986	74.6521
25.9199	119.7959	196.6050
162.2325	120.1833	4.9452
167.6777	50.9199	235.8646
178.5844	165.1951	199.5294
9.6203	67.2700	119.7389
43.5311	129.4773	209.8806
179.8833	31.5443	221.0619
28.5367	137.3222	240.1063
138.6223	29.9726	317.0345
95.0371	48.2813	391.4538
36.9139	179.3326	454.1786
118.4287	81.9940	187.3545
12.4360	62.0171	442.6495
69.5484	58.0418	204.5900
80.8293	74.4888	345.3813
97.8657	91.0928	83.1766
129.4536	30.1879	237.2170
26.9745	186.5043	231.4313
127.0363	115.5660	280.5952
146.2960	79.6879	141.0015
99.3189	23.4945	310.5937
149.8771	93.2071	404.8106
162.0507	175.8413	424.2972
28.8339	121.7968	174.9892
79.8404	163.5043	123.6723
170.9728	144.3231	130.9575
108.2074	146.9262	23.8229
69.8360	116.1702	353.4081
182.8140	5.8286	327.7887
150.1488	54.1759	316.1572
177.0554	139.6312	119.7235
91.9326	94.0918	438.3891
46.7824	34.9882	55.0975
57.0465	75.7730	327.6850
120.4139	0.2603	46.8832
53.7532	143.7294	269.6895
7.6457	23.5490	241.6165
15.9851	65.5439	45.3839
92.0289	42.4617	89.3170
22.6152	111.4987	48.5409
129.0269	83.1028	56.8514
187.7166	86.1680	274.7905
26.4422	14.2614	13.5739
54.4512	187.1653	52.1719
43.6455	37.2829	413.5869
108.8620	86.1807	6.8501
120.7537	51.2505	2.1186
23.1312	154.7482	284.5647
39.5709	73.3702	78.9228
92.7864	143.8115	118.9899
153.3356	0.2557	48.4361
81.8543	62.8358	212.1706
142.7594	27.6733	131.8114
128.0647	142.7628	321.0248
54.6068	21.8985	144.8715
5.5951	50.4720	38.7361
190.1902	27.0994	29.7036
2.9103	130.1296	69.1778
63.0508	114.7679	103.5610
51.7153	119.7965	402.4573
69.5800	86.8550	335.8609
11.5572	40.9252	298.4253
5.3971	74.3080	375.8474
60.7041	85.1475	164.8238
138.1292	105.1347	170.9453
39.3634	51.5973	94.3497
147.0140	145.9009	359.9364
154.6255	175.9319	254.7819
7.3234	183.7496	397.6147
4.2156	46.3395	273.1424
50.3338	91.8092	103.4703
56.4783	128.8598	48.6370
78.9656	46.8061	271.2348
141.4073	150.4247	52.6518
184.3221	0.8227	10.5442
174.2577	27.7483	119.8001
35.7478	158.8472	35.2411
43.0394	170.7071	447.3842
3.9574	34.6372	58.6880
-207.2622	163.7071	754.7200
70.1245	122.1940	128.5599
67.4170	182.9860	285.0243
44.9526	146.1944	19.0164
61.6975	100.1896	296.2548
2.5500	25.2184	408.9011
175.4093	8.4783	344.2270
83.8290	18.9025	134.6262
160.5065	100.9223	238.3801
120.7752	47.5015	134.9591
114.2271	98.5104	284.6331
15.2652	171.2184	85.1819
172.2625	9.5623	14.6430
112.1060	30.7975	102.3450
107.2954	149.6083	310.9486
47.0086	65.4500	208.0300
49.3412	15.0949	404.6591
115.1294	36.3451	3.7525
81.0204	180.0890	229.6127
121.9779	7.3344	83.8209
112.0210	73.9578	242.3299
43.9004	22.1998	414.1143
180.9441	71.9997	107.0709
102.1809	137.1975	38.5654
37.1533	186.4929	79.4214
35.4962	42.2290	424.0666
158.8867	140.5086	208.2891
66.6735	0.3213	229.8952
82.8967	75.3387	197.3897
12.5062	170.7609	357.9050
95.4122	27.7803	345.8093
78.9259	97.6352	116.0859
162.2903	134.4321	91.8159
170.3506	36.0523	347.3545
106.4575	66.4245	229.3166
82.8110	66.4044	199.9808
109.6513	27.7647	379.1649
77.7039	179.0035	98.2421
128.9131	7.5750	212.9308
169.3678	116.1334	3.9940
38.3384	24.1893	90.6517
5.9073	23.2776	304.4148
85.4198	158.1566	214.1919
14.6020	146.3423	291.8057
76.9347	168.2557	445.7095
176.0502	170.9006	439.7661
141.9285	75.4046	426.8808
183.8698	156.6798	328.4559
137.1575	65.5828	432.1880
70.1244	84.8138	377.6832
179.3515	111.9370	195.0677
108.3898	183.8305	365.6901
139.0880	128.3007	123.3340
116.5914	157.5186	350.6424
115.1943	98.5907	19.9481
189.3135	125.0164	86.3486
180.9816	11.9832	64.5799
158.8566	76.0583	309.6104
126.6935	17.5386	70.3622
177.1021	11.2529	273.7188
189.7616	4.6988	50.4731
7.4181	146.7548	35.9371
53.3246	132.7205	53.2400
101.7066	38.3142	344.9039
131.7288	65.0068	262.5655
36.0205	129.6165	318.2667
81.0551	82.1620	64.5270
42.8251	6.7305	309.8094
114.2081	69.2345	390.4324
148.2087	39.7109	65.1848
152.8528	155.2739	1.2057
12.2494	69.1382	155.1838
38.6354	190.2307	399.1260
20.7499	157.8269	371.5136
161.7834	162.5647	163.9761
123.7585	21.8712	202.0975
164.8678	57.4637	440.5916
134.0459	169.1378	265.8562
2.2068	19.9822	233.4254
144.6541	13.7174	71.6664
142.2639	123.1942	185.3269
39.4491	179.4904	36.9041
132.3722	68.4557	421.5318
148.4683	166.5268	321.6390
25.4294	144.3263	436.5829
115.6455	136.3585	407.7214
168.8964	103.8486	313.4406
55.9014	136.4266	41.5540
120.0166	90.5144	241.0725
146.6791	23.3373	104.7869
118.8775	37.2991	334.1930
76.7368	8.5218	285.9388
73.3174	109.2806	358.3101
59.5745	162.3991	152.4136
39.8720	53.6299	303.5258
187.2223	187.5644	225.9215
106.6217	24.2767	409.3299
169.3033	191.4883	210.4309
39.2884	4.4400	265.2765
27.0884	86.5936	15.4690
128.3582	21.4766	73.5212
178.6657	158.3281	370.7435
43.1478	7.6836	267.1606
16.5273	43.2989	364.7418
18.7816	116.2490	337.9959
173.2226	41.4825	250.2931
191.1700	67.8693	282.0104
63.2365	32.9749	84.3658
132.8806	93.6943	205.2055
17.3335	20.4670	36.7471
97.0501	135.5804	60.2368
119.9833	147.4438	282.8367
41.1552	127.1476	4.8943
47.3914	180.5603	215.6883
181.3347	162.8656	141.1687
37.6156	32.9487	55.0802
157.5410	143.1969	324.0208
52.1271	33.5100	63.2101
139.6233	117.2887	196.4798
115.6680	158.7252	396.6698
161.9450	147.7589	235.3125
44.0925	118.5260	281.0956
146.4066	118.4086	451.2211
139.2733	129.0980	94.9036
69.2860	145.6120	320.9834
122.5070	34.9549	181.0733
70.1966	71.8820	360.0751
180.0227	20.8796	427.5093
148.1809	95.1045	16.0106
109.1951	66.0198	24.1826
39.9573	36.5651	287.9439
159.1288	101.3570	75.8511
42.9440	76.0831	427.7901
27.5249	113.7847	57.1387
14.2826	30.0862	48.8689
27.8368	154.7504	257.0299
104.8074	29.9137	152.9245
136.3111	155.1209	308.4424
79.8005	164.0814	307.2996
122.1006	119.0446	429.5788
164.0785	118.0679	418.0714
36.3600	136.0239	43.5808
99.7903	13.7453	389.8383
162.8426	94.4331	30.8801
156.8467	11.0737	33.4820
103.2413	107.4777	252.3550
93.0076	63.4807	342.4730
185.0329	3.4005	446.3803
113.0662	101.4337	377.8182
69.5472	119.2106	98.5074
41.9383	17.4473	302.9671
86.6893	31.1090	217.6793
131.9848	117.1592	449.9156
74.3269	146.4856	333.0195
192.0583	121.3275	242.6275
25.6865	186.2318	212.8090
99.5382	179.3826	411.0768
89.0740	131.8880	388.1745
49.3169	30.8825	233.5896
37.5502	143.9288	183.2357
9.5704	110.5934	122.7289
118.7725	173.1459	351.9669
118.8503	161.4222	165.9061
99.0513	64.5958	352.7854
151.6158	22.6648	274.8871
182.8323	27.5595	136.6069
36.5647	129.6793	164.3731
185.8741	145.9417	341.1648
159.7468	10.2398	239.7672
119.6664	78.9131	262.0989
151.8053	21.8867	409.8194
113.2813	32.4636	115.6034
128.2374	47.1751	228.7771
144.6483	42.3082	287.0786
41.0291	74.1707	186.0129
145.9511	184.2461	148.8437
55.1569	33.9393	449.1724
25.1511	22.6269	198.5617
140.1006	69.9230	236.4962
107.7022	0.7748	356.2654
185.7241	161.1754	440.4885
4.2369	39.2960	120.7388
98.3207	140.1587	415.2406
41.4724	13.8261	284.5771
55.0795	7.5834	326.2395
186.2627	50.7297	35.1293
121.7838	30.3971	343.0825
135.4493	169.4266	18.9052
37.7440	148.6233	133.8079
12.4912	30.9783	451.5709
96.4888	173.4975	127.4008
108.9527	4.8469	301.7915
180.2977	189.3121	265.3009
43.5721	119.3703	403.6649
60.6678	115.0464	291.0482
161.5912	166.8116	443.8198
134.1644	16.3374	297.2694
27.1542	14.4477	95.0971
182.4070	41.1729	338.3409
151.8697	172.2593	152.1654
8.4751	100.8634	148.9826
164.7917	114.3372	104.5936
152.6326	140.4793	171.6755
145.3048	41.3862	81.1480
12.9184	131.5168	392.5490
189.6406	13.8661	144.9326
127.2703	106.7137	201.7239
131.6670	49.4797	347.7538
180.7674	110.6988	414.2032
4.2642	154.6044	303.3831
8.8202	122.1894	80.1785
124.9731	116.1398	255.2668
174.2660	6.8255	264.6592
45.0376	95.5378	120.5742
189.6852	140.7049	192.3009
88.6094	52.3190	191.2286
10.6688	114.5295	288.3298
74.0620	173.7105	136.5621
124.1504	89.2750	98.5991
134.7304	85.7851	175.8256
171.1825	65.6287	264.2232
99.6775	166.7696	13.5515
182.9181	58.5428	210.2064
103.7774	152.6724	126.5467
191.6587	41.8580	356.6527
155.5523	93.1741	245.0560
133.6533	169.3452	405.8868
191.9511	5.8873	255.9028
77.8690	173.3618	124.7897
65.4756	113.0339	47.7411
162.8141	15.2613	433.2472
95.2993	165.5727	340.6798
143.1233	127.1154	53.4538
189.8888	49.0502	445.3804
51.4837	20.0885	338.9311
23.6487	122.0314	159.8645
62.1106	143.7276	299.5812
94.5864	71.9371	198.0225
145.9833	146.2886	260.5695
24.6234	129.4663	381.5534
178.1258	72.8346	290.7689
1.0393	146.4952	411.0960
32.2609	152.9949	105.4720
64.1614	42.7914	209.3898
102.6733	77.3579	198.7549
173.9696	68.7194	437.3850
4.3781	171.7647	154.0325
177.6839	17.8123	82.9293
176.0599	32.0559	142.1242
173.9734	9.7799	295.6835
105.8094	156.6808	25.9987
119.1697	19.0703	18.9470
124.2061	41.4893	225.9892
153.2301	117.5448	69.7191
145.2437	146.5502	159.7670
63.8366	150.0826	43.3485
114.6568	188.5826	300.4480
160.2926	78.0777	103.0424
73.7920	138.8494	269.2798
56.4336	44.3374	119.3555
160.1140	63.5569	323.8496
97.4750	130.8383	214.5917
18.9251	5.0664	424.8678
152.5574	173.8243	433.2144
96.6275	126.3018	110.1497
132.6020	9.4979	51.5316
106.0646	62.1201	298.3782
17.5777	149.6861	78.8640
124.4145	132.7208	130.0459
148.4920	157.6598	157.1085
181.8001	94.0065	320.4770
191.6151	55.2281	136.6136
135.8727	171.0206	427.2626
179.4345	14.6171	375.2315
40.5780	28.3124	325.2649
167.0255	21.9669	357.2739
126.8649	85.4592	426.1025
64.4826	15.0880	90.7152
59.7037	40.8404	397.4846
83.9530	18.0134	266.9088
21.5672	92.0315	327.0997
6.5385	41.1983	291.7028
40.1117	28.6717	275.3473
57.4048	113.4462	160.5197
92.0932	6.5052	315.8417
69.9817	7.3658	137.7342
74.6298	93.7306	59.5514
58.1579	18.8812	241.6517
78.1057	42.7012	59.1537
112.9107	167.5730	153.7149
18.7886	182.3045	99.1321
35.2598	1.6019	308.3017
43.8886	162.2476	19.4904
168.4666	190.9226	447.5407
70.3447	130.9905	442.0495
120.4858	49.6860	15.4849
28.5423	90.2566	184.6200
101.4603	33.1200	203.3185
111.5884	34.6178	100.2017
123.1159	43.8948	176.3223
40.7777	166.3841	302.9020
156.5547	173.8739	389.3341
82.1790	62.4335	224.8669
124.9725	45.1904	107.6750
65.9103	26.7192	159.3625
52.0488	92.2445	114.5937
69.4847	146.8692	128.7431
130.5386	119.8741	321.9499
53.6385	54.2810	239.8653
107.6907	55.5657	96.5569
94.2829	181.5101	208.3975
166.0301	41.6907	422.4469
111.8498	74.7515	301.0021
165.3258	55.1301	163.4005
142.0238	74.3909	320.5891
100.6287	185.4245	379.3686
119.3256	103.2633	356.5653
139.5088	172.9971	55.0568
149.8206	31.7338	166.2825
36.4244	15.8285	60.9926
61.8054	24.3576	434.6338
41.1735	140.7997	400.2121
10.9240	136.3368	123.0698
170.5456	57.8203	208.7767
72.7237	47.5733	202.3990
137.3234	29.9682	52.7514
165.5183	69.4385	13.5149
166.7356	76.8594	20.7643
27.1745	166.6801	444.9549
44.3510	89.8164	90.6323
8.7612	36.1426	58.0486
54.0445	177.2417	313.7342
16.9518	121.4713	266.0267
156.7901	80.0425	301.7260
163.3707	147.7471	447.9038
1.9095	154.7437	350.9782
64.0982	146.5051	59.0259
105.2475	82.5527	6.2468
155.1248	19.5253	440.9798
122.5815	67.6975	85.7275
180.5582	113.1819	375.3570
125.5273	33.1256	14.5743
145.8705	158.0811	15.2458
156.6456	124.4736	299.3836
20.5698	105.7151	167.0723
15.8287	123.7217	331.8506
72.3453	144.5098	333.5717
29.7798	118.2177	55.9049
129.8601	75.6598	234.0678
76.6880	25.1523	138.9317
176.4982	42.5731	451.0464
80.0114	118.2336	55.8306
150.9245	144.5806	190.5881
115.2179	102.2781	264.1519
179.3082	21.8590	86.6629
10.7996	117.2413	260.6281
108.3509	39.4259	421.9764
45.5033	4.0315	298.5123
91.3263	4.2621	66.0124
15.6468	99.5874	88.1449
81.8860	134.4372	370.5449
8.6383	94.4533	144.5364
19.1789	174.7302	264.1065
183.7055	79.2678	110.2733
131.8472	131.2888	126.6502
77.3807	156.3120	416.2139
92.7571	119.8257	224.5521
166.1498	162.7289	249.8291
115.1334	114.0333	55.4193
151.7372	59.9135	396.6675
171.2925	110.1583	68.2878
14.2774	55.2942	49.8503
155.4133	30.0132	388.9870
125.5069	55.4980	263.0667
126.0830	192.1204	183.3514
124.3259	145.7840	370.5561
156.3486	131.7716	83.5902
82.2816	68.0099	389.3789
121.6129	58.9525	53.6478
34.0549	73.2665	451.3623
120.5747	124.8556	408.9438
167.9524	55.1426	426.5571
110.9153	133.9679	258.9218
33.3798	10.3730	199.6762
44.5219	63.5862	253.9122
170.0066	187.2414	403.2356
36.8288	32.4269	445.6188
134.0968	1.1825	200.9682
86.8558	176.1489	90.7057
16.5412	66.7837	264.1102
162.5696	86.8532	226.6588
187.3675	90.5231	188.3483
45.3649	2.5260	166.5790
76.0860	96.0385	203.0649
100.1721	30.9746	330.9713
1.6328	32.4007	32.9380
22.9166	102.2817	129.9640
181.7668	167.6827	394.1066
55.3666	19.3684	290.1163
42.6576	167.1058	43.0336
39.2636	28.6480	46.4885
76.8711	3.4169	157.4794
184.1313	159.0421	130.7188
94.8120	107.6028	437.2295
68.7105	188.5089	208.9331
157.4439	100.9682	240.7444
143.1710	31.5933	168.2715
30.5322	174.1717	237.9374
182.1520	41.6360	291.2499
49.9748	72.1798	333.8934
6.8461	53.3298	178.8787
103.6183	85.7328	398.1110
30.7709	154.8133	370.3805
167.7138	178.4934	146.8912
81.4770	120.7514	304.3862
186.7177	165.3329	412.9992
43.2211	116.7893	50.1617
100.9776	149.5961	337.9899
53.9876	123.9368	111.2099
188.8115	41.1998	227.0029
117.8503	16.5730	105.5978
164.5252	28.2736	444.4200
12.8354	112.0740	263.3191
98.1612	60.7253	53.8756
53.6491	58.8050	31.2734
158.9606	80.2115	60.3069
25.4883	11.4868	118.1462
28.2220	17.1035	185.6471
88.7472	91.7827	416.3850
148.4186	89.0755	220.5502
76.2804	188.2290	268.3787
108.6863	19.5554	209.9433
76.4621	62.5519	29.2543
190.5102	40.8458	243.1556
127.5240	184.8417	225.9649
70.5980	26.3556	93.5274
10.5217	126.3167	67.7090
153.3040	94.8764	183.8569
67.3328	115.3836	252.7438
167.5198	10.6491	414.0214
0.4963	159.5696	17.3306
72.0664	6.4504	127.3678
183.0814	26.0283	236.6303
116.5283	152.3337	78.9445
99.3617	57.6359	386.4788
85.4509	162.6923	401.1896
51.0635	9.9806	221.0428
79.2124	106.6567	22.1292
95.3253	150.0958	81.6905
13.1314	136.7334	61.6457
118.1532	20.3788	11.4156
93.5782	183.3109	333.2678
91.2453	103.0853	422.1502
159.9618	37.8000	191.4934
91.9887	142.4838	243.4059
88.8052	180.0322	435.6032
42.1447	20.3434	304.7018
70.3493	137.2380	427.4466
17.5822	133.5197	5.7071
189.6532	42.3244	5.0144
38.1829	89.6799	158.0105
125.8139	183.3166	373.5214
126.3514	29.0918	40.5347
54.9782	10.4135	4.0985
6.8100	171.3872	351.8677
32.1861	22.2560	378.7765
52.8395	71.4987	279.7534
9.3082	89.7186	255.6627
48.8609	7.7247	30.6884
6.7446	131.7376	221.1189
121.5843	168.8703	322.1733
1.9939	55.6161	155.1294
36.1571	173.8461	216.0140
146.4549	178.8128	62.1258
131.2508	13.3772	141.4686
124.3646	178.7202	273.0777
143.1428	56.7798	135.4560
144.9958	171.9215	26.1746
88.6137	172.5753	85.1731
165.1319	189.2158	45.6093
145.6515	7.7686	50.2820
142.0465	139.4680	259.6936
103.6718	112.2344	229.6804
95.4610	69.6406	178.8241
39.4663	42.9682	421.1206
51.4157	31.4858	189.9435
190.0716	34.8160	253.8883
37.1678	54.7728	24.0004
150.7806	164.0909	410.8915
91.5641	56.8247	292.7684
98.0731	166.3937	221.5052
145.8604	15.8682	6.9786
91.1041	162.0055	200.7898
23.4509	49.5584	91.2759
189.4341	45.9529	271.9337
150.8743	41.5622	127.8212
23.4329	101.2412	54.4991
69.9216	10.7032	273.6913
172.9937	146.1077	255.6652
147.4625	115.6437	330.2001
18.2657	58.5971	438.6284
105.0644	145.2027	34.9288
157.8328	69.7917	396.9335
2.0005	145.5413	165.6323
102.0609	168.4139	378.8095
28.4198	36.7094	172.1223
137.2866	48.4898	49.5982
5.0785	40.6356	194.1057
134.0062	100.4770	155.8690
15.9545	42.6086	335.4468
97.0781	108.2472	251.9729
32.0622	181.9029	238.8977
138.9275	42.8022	56.2636
142.7742	6.3628	395.3411
149.9831	165.0641	225.5801
157.7109	37.4090	197.0805
22.8354	21.0655	45.6180
145.3214	178.9675	410.3870
38.5096	43.0316	106.9723
43.3772	187.0743	251.3541
35.7698	60.6165	172.6598
44.9177	131.1129	111.7937
149.1493	108.8611	32.4353
110.3901	109.5618	220.6145
83.9399	164.9400	161.6800
68.1590	129.5271	147.3164
142.6963	80.0767	208.7012
150.0273	45.7228	125.2097
63.2684	132.2789	295.1091
4.2884	116.5746	71.1904
80.4749	128.7423	137.2140
106.9286	167.7837	197.0934
48.4345	13.5157	316.5087
50.1805	116.2632	162.1432
10.2041	74.8760	279.6275
158.8170	45.0264	222.6154
187.4489	112.3988	199.9913
190.1955	161.5163	132.8084
123.9167	187.7397	45.2196
117.1164	122.6046	31.6979
131.3794	145.4042	5.0802
1.8083	162.5617	343.3845
68.9781	7.3262	399.9577
89.0835	38.9291	111.3438
100.6830	163.4807	245.3473
74.7269	64.1421	170.9310
139.4393	136.4914	348.9862
53.0186	15.9775	55.1307
12.5339	54.7686	293.1107
59.4291	165.5161	125.5124
142.6552	142.7717	356.3023
82.8514	141.7654	79.4988
74.3193	48.8637	183.7877
83.6848	189.2529	280.1825
23.9401	78.9203	121.4518
66.0941	122.8968	3.0935
146.1080	188.6932	228.4557
111.5895	170.6499	423.1949
26.7619	155.9293	445.6108
120.8538	100.7264	156.4435
180.9800	84.1902	425.2514
85.9499	68.9890	325.1390
132.0011	167.2734	439.9375
31.5742	145.8417	150.7924
10.4788	101.0674	215.8081
127.5326	22.0176	304.4754
24.8919	124.2262	273.4832
5.4911	131.9609	424.9034
98.4934	26.7917	138.9379
63.1668	151.7734	429.3013
65.7678	58.1021	374.3339
102.2938	155.5442	359.0671
28.5705	65.5223	196.3489
123.2916	105.0046	78.0222
179.1132	47.1658	203.8730
183.7696	19.1617	138.7990
141.2896	186.9175	211.8706
94.7500	152.1542	194.7200
98.3567	156.8951	454.9984
142.9621	122.9947	336.5725
101.4809	179.0156	0.7366
21.5371	23.9406	173.6152
16.4007	109.3499	173.6813
189.5878	58.2653	229.3194
180.1446	58.0264	283.1931
115.0692	122.5831	426.4849
90.2687	52.6256	296.0852
99.2039	173.6813	210.1832
191.4089	105.8827	258.8857
115.1228	123.7257	28.3935
163.6114	150.6249	204.6264
166.6341	112.1407	26.5729
60.1703	186.3728	230.8853
77.1153	55.2180	4.1184
22.3481	13.4874	445.6162
119.0365	59.3874	87.1401
145.2374	126.2266	131.3342
30.5844	40.6010	17.2742
7.6265	19.3232	293.5340
34.2874	3.5602	204.4099
174.6867	45.2208	256.1252
123.6134	110.4559	206.0186
110.8126	48.3243	446.4741
159.5962	101.6634	346.0130
80.2636	32.6181	55.7969
64.0131	157.4060	133.8899
56.6825	16.2659	425.4187
142.0763	11.7323	245.3205
144.4568	52.8884	193.3301
129.8743	43.0807	38.9878
74.0077	160.9163	18.3659
38.7206	126.9889	65.6840
2.5360	105.0183	218.8436
143.6449	129.3579	221.1228
9.8369	8.1964	104.1831
132.9962	142.4665	241.9779
113.7677	185.2552	101.6778
177.1362	34.1014	188.0828
32.1046	49.1594	77.2250
64.7258	83.4258	118.5192
83.4141	119.6486	38.7095
127.6587	27.9111	452.5312
165.6383	113.8601	286.3252
88.9522	174.6374	451.1957
50.5521	54.3257	418.0769
109.1714	2.8647	366.8164
54.8850	117.8541	231.1900
131.4663	17.5650	11.1148
17.6606	123.4481	127.5593
137.2319	16.6556	246.5548
147.2128	184.4383	333.4190
111.9598	153.8648	196.0943
182.5602	162.1928	192.5530
65.8974	42.0181	47.9266
176.7859	148.1065	400.3119
25.3736	21.8735	231.6796
169.0419	165.6739	69.9729
152.3090	1.9773	240.6543
120.0054	64.4840	217.5609
82.8321	170.5573	117.3120
88.9628	138.0323	129.9341
139.5991	92.7689	235.1881
68.2509	154.7189	71.4488
29.9726	22.0334	67.3288
156.4812	71.0995	235.1488
70.1976	55.1378	240.3470
26.8034	27.7023	281.9437
78.3180	105.9910	14.9940
184.5496	173.2835	225.4029
150.7965	72.2519	357.7608
122.8794	158.1609	288.4557
85.5401	51.6668	250.1404
182.5028	186.2696	30.3373
117.4039	98.8949	187.3550
155.5153	180.9343	440.9221
163.8474	61.0455	209.6410
177.0177	172.0281	454.6668
60.3134	55.7687	375.2901
64.5201	127.5311	8.5807
183.4344	112.3594	393.6487
153.9327	183.0178	162.3729
24.6250	2.0525	349.8225
151.0664	38.9724	59.1928
86.6630	43.0550	126.4122
159.3028	63.9644	411.3272
182.3589	75.0983	81.0959
78.7193	128.1197	444.5128
107.6462	183.6547	375.9377
122.3156	73.4200	388.1886
12.1625	133.2861	428.4904
188.7486	108.2212	82.0535
42.2238	27.8091	83.9448
163.8708	82.9568	59.4803
110.2157	131.8906	270.5979
138.5113	119.4361	421.3015
116.6354	53.9568	266.8574
175.7879	181.5543	45.9134
134.5535	156.0922	316.2860
39.6965	62.5617	315.9298
30.4375	148.8601	251.0101
49.4567	109.6413	166.3429
154.5795	191.2576	88.2316
122.1493	164.1885	119.6599
161.4033	38.5600	220.8340
101.9669	11.0426	21.1826
97.6912	145.6358	383.3894
31.2488	115.0401	169.9052
170.9754	108.8437	103.0437
152.1972	184.9636	16.7140
19.8007	190.0915	434.5844
56.7806	26.9919	34.5696
19.8190	130.1208	349.8480
46.0801	122.1133	56.1306
181.3914	181.0425	222.2097
131.8503	185.9713	294.3226
88.0988	59.3924	290.3817
101.8786	13.3031	130.0690
184.5856	30.2282	392.7035
191.2222	144.2178	131.7731
34.6582	49.7599	276.9367
50.5866	89.4995	379.6839
24.3153	179.7873	378.3346
139.7283	44.4456	366.2023
80.7345	179.8578	117.6759
144.1361	0.9281	84.9902
79.6255	24.4009	288.7774
108.3717	68.8065	319.8895
175.3745	50.1970	1.9668
30.0086	113.0919	155.3989
174.3955	137.2859	445.7680
103.6138	186.3527	115.3154
142.7572	185.1850	233.7472
89.2253	96.9951	101.9315
157.8179	130.2921	304.7749
180.9154	188.0758	38.0384
95.0855	87.5832	251.1981
179.5189	31.1992	103.2954
133.1209	19.3871	144.5252
75.6400	189.5808	306.2562
18.8098	164.7581	244.2082
89.3264	38.6191	180.2080
91.9853	127.6466	83.8659
53.4573	126.7754	47.6001
141.7648	92.6824	126.9436
33.2359	28.4970	40.2170
79.1478	50.7758	304.5828
168.0040	48.2280	256.5179
176.7407	191.9891	230.3696
60.6968	186.7937	191.4942
83.6060	147.3855	131.7553
27.5551	99.2643	142.7806
191.1819	14.2141	38.1430
134.5303	176.1810	141.4802
26.3966	174.5151	289.3255
116.8339	17.4524	13.2361
58.3637	21.5335	252.9168
191.0359	167.1999	114.8762
101.7219	17.5003	249.1715
100.2376	179.0101	211.9906
97.9482	159.9572	131.4034
100.9396	47.9253	386.9694
94.6514	22.7341	227.8362
76.0873	172.0587	103.2076
61.5272	125.6358	133.8512
49.4378	173.8955	435.5225
100.6181	157.4111	351.3176
91.0907	170.8245	198.6605
97.9784	113.9542	299.4794
8.5700	60.4992	39.2200
27.2571	158.1923	135.0829
97.9952	161.3919	164.7765
93.0976	150.5309	179.8244
15.8871	189.4581	352.2409
167.3595	119.2054	19.5305
77.1837	18.3813	87.9345
89.0143	40.2622	32.0064
89.9137	52.6178	433.9159
29.0950	180.3384	264.1175
159.3645	151.0449	433.3036
107.3961	115.5859	151.4753
146.8361	160.8389	80.6869
64.7629	22.5639	305.7598
23.9033	119.2376	325.9079
144.5949	185.9172	173.9894
5.2947	34.9576	1.6453
30.0260	44.2630	50.0428
167.1362	96.2364	240.3740
135.0551	132.4621	228.2046
178.6870	155.2715	443.9917
120.3559	15.0712	199.3242
123.2001	140.7930	306.3036
29.6269	172.3518	67.8030
110.2954	149.4377	258.6347
58.7215	169.1905	120.7994
99.4942	62.3510	234.1416
153.0427	14.2844	218.3808
1.0560	53.8817	228.9842
133.9507	17.6769	124.0580
139.9213	69.3693	428.6280
50.8900	135.9652	233.7717
42.1033	106.4048	250.6247
153.5412	11.0871	106.4609
53.4985	182.8857	244.9644
19.6255	161.2863	378.9882
40.3353	26.9960	122.0048
161.7935	36.6411	176.3895
135.9411	31.9745	120.3285
71.3503	38.3065	275.5097
9.0329	0.7591	5.7272
57.8020	22.3239	298.2110
17.4600	109.0412	132.2776
114.6928	165.3153	62.1103
45.8166	72.9634	230.6344
185.7191	17.7392	114.4655
158.7346	181.7737	310.6080
13.0956	142.4712	247.8966
104.3152	93.0579	384.1709
20.5255	150.1484	252.4647
7.7520	101.8504	429.2384
166.1605	143.8037	403.3043
121.0461	8.5037	117.6790
81.1620	25.9829	274.5872
105.8120	43.1853	145.2013
34.1013	175.6160	18.9957
125.0517	187.9985	64.4737
138.1157	181.2023	182.2345
70.7791	52.2352	236.9953
129.4117	75.1284	84.3343
168.9360	78.7441	28.8255
64.9033	126.9993	421.5048
109.9214	43.0948	438.3106
0.7488	75.9188	273.3351
95.1709	82.4934	230.5026
149.6306	37.0124	273.7505
47.8699	186.8560	265.6166
88.2735	184.6594	65.7334
58.1063	172.1798	260.8456
143.7327	8.3383	327.6745
107.2185	87.2747	361.9536
61.0664	110.3822	245.8209
61.9688	3.7819	235.8265
127.7837	107.2918	68.9193
51.6763	173.1861	110.3256
141.3579	84.1486	39.4404
35.8526	48.8266	433.4967
71.4125	44.7977	369.7992
56.6943	189.5224	61.2296
69.7031	15.9214	104.3064
26.9013	172.6630	209.6335
125.1815	79.2299	122.6735
51.8048	89.9713	335.0006
125.5639	56.4385	344.0396
147.2728	75.4031	340.3947
3.6714	64.3682	316.6030
87.3428	124.7056	172.2273
2.8567	139.2337	413.6489
96.2772	78.6290	409.8098
93.4157	112.7073	234.8142
9.8577	168.7343	140.0493
132.3382	96.6567	125.6557
32.5969	99.5646	285.4962
36.2981	122.3831	397.6154
11.4243	48.8969	171.0100
55.4906	84.2745	73.5767
103.3130	0.7258	77.9426
158.3476	55.0462	61.8798
32.0965	3.3930	200.3232
129.6874	101.0697	88.9192
4.1899	46.2408	177.9162
49.4401	92.9672	152.4367
21.5525	140.2780	423.1456
109.3291	139.2433	20.5584
60.7170	70.1583	412.5354
31.0691	20.2124	40.4273
66.9577	64.4307	397.6543
167.9255	73.0496	227.1169
164.7229	145.2255	175.6002
151.0589	35.6368	351.0591
147.6513	18.1790	84.7400
100.8838	58.3942	187.4253
135.5985	46.8593	312.3665
94.7783	66.6905	258.5884
170.6054	8.4639	284.2395
183.4063	56.8262	198.5916
5.8631	40.5577	63.8068
102.8287	154.1821	356.1262
128.6853	188.9393	296.8988
42.8676	178.9161	229.2799
165.5296	148.6265	383.2331
160.7184	48.4530	449.3327
116.0892	160.7392	398.3903
7.5464	54.7836	178.3337
64.4895	181.5350	55.5751
13.1019	182.7457	21.1867
26.0627	8.8510	369.3708
77.6082	68.0276	136.5673
136.1122	173.7281	113.7040
58.1376	31.4956	59.5102
1.4763	146.2275	155.6463
153.0541	186.0760	49.9756
14.6182	4.3595	385.4576
67.5987	36.3073	288.3032
42.4677	55.7090	111.6291
92.5458	54.8296	186.8103
19.0345	144.3125	239.6099
42.7832	178.8736	339.5016
103.7872	92.3556	322.3438
96.5498	87.7877	83.1000
48.4818	102.1435	185.8320
190.6315	48.4961	76.8470
56.1270	40.8741	397.1043
65.6922	85.8570	138.2932
5.1908	164.1696	311.3685
119.0388	139.8450	341.4262
63.9144	170.9656	375.3519
85.2109	38.2853	45.1831
26.2099	146.5681	39.5481
161.6564	82.5636	342.8249
59.5888	101.7352	371.0722
130.7885	42.7585	101.9300
174.2125	167.9782	147.9815
153.9680	107.0936	22.7463
126.2267	94.8480	388.1790
63.0999	147.1133	231.4474
28.6350	118.3990	291.2654
103.5326	2.4700	44.6778
66.9099	84.9755	304.7695
176.7335	46.3518	438.3542
167.3030	179.9350	276.0677
49.8425	157.2591	87.4175
13.8855	120.7161	53.2063
22.1347	148.4686	89.0557
160.8844	107.3605	71.5501
74.9398	6.6162	60.1934
123.7313	0.7892	174.1964
143.8290	52.7608	251.8836
77.9939	127.0911	452.9102
149.4570	64.7470	12.1129
25.2528	7.0444	341.9098
94.0905	50.2942	418.5808
81.9676	118.6576	397.2230
174.5879	102.3136	371.5715
119.1102	177.2390	357.7897
92.6171	4.0657	384.6310
161.1932	158.0714	444.0461
112.3404	50.2286	440.5371
7.5469	115.0229	83.0648
177.9414	173.2152	151.9274
183.3380	111.0277	445.4795
112.0623	33.6942	123.6705
161.2922	118.5463	28.2295
20.2296	143.2518	238.9921
183.7757	67.9947	38.8040
183.6962	77.9403	198.0908
83.2188	43.7133	70.0814
68.8754	65.6718	401.8255
165.3690	56.0118	193.6624
15.6907	101.8049	297.8682
107.0204	49.8327	439.4978
91.1833	121.3717	376.8406
2.7282	152.8952	130.3492
134.2721	78.1125	422.0280
105.0325	25.7327	346.8309
2.5904	73.0523	12.2692
150.3106	59.5386	235.7905
154.5904	176.7517	136.8569
182.4862	29.1313	8.2379
91.2907	2.9650	83.6309
131.6528	33.9451	148.8774
16.9443	165.1056	128.8741
184.8503	104.9941	332.9490
24.5200	0.7447	270.9737
119.9612	121.7817	262.9904
70.5409	168.6783	24.6721
148.0336	7.7854	210.6643
55.4563	30.6270	244.4291
13.6423	107.8185	379.1466
191.3015	101.1748	349.5066
191.6200	93.7213	33.8640
106.5945	170.3011	416.7797
24.6249	128.8789	202.1986
175.7301	128.5494	153.6447
184.7229	163.4408	426.4633
127.3258	77.5541	116.2195
67.9163	46.0876	109.9975
27.9488	177.2634	246.0218
76.0211	125.3808	304.0582
129.5043	109.1960	386.0065
95.6315	82.1649	434.7724
39.8013	44.4512	300.5515
94.3987	181.4771	223.0732
16.6794	183.8920	334.1730
143.3349	166.0458	437.3083
26.7141	20.0860	285.3097
163.6012	148.6944	83.2950
34.3146	159.0082	21.4637
20.5915	174.6439	374.3062
116.3230	75.6011	127.7972
125.2485	176.2562	259.3506
4.8870	15.9341	21.2571
49.7387	54.8423	288.1722
78.8678	175.9805	302.7927
72.5175	185.4021	4.4888
90.5684	144.1716	263.0749
49.8000	190.7635	278.8777
44.9295	17.8896	308.6433
41.2718	43.6283	166.9131
22.9342	28.2314	151.6063
103.8977	23.5256	88.8158
106.5471	169.8603	141.8359
188.7065	33.1276	146.7290
17.3857	144.0779	136.8114
113.7045	174.4544	16.5359
46.9260	176.5725	191.2348
96.3926	78.3195	200.1269
0.6512	175.8908	110.6857
42.7723	167.3273	302.7083
54.3978	5.1108	60.8393
150.6401	46.6129	234.4372
15.5028	114.3503	153.7694
179.0914	177.5090	125.5354
107.1928	28.1860	33.6782
138.1163	182.4284	197.5290
7.3377	70.0746	440.9341
33.8722	39.4471	57.3538
92.2059	117.5563	9.1825
36.2325	136.4067	275.0452
63.2683	45.3041	234.8207
169.9320	118.8384	171.6262
89.2658	133.3937	350.8766
174.3319	85.5330	207.2541
129.2105	117.3865	93.8181
176.3207	188.7852	438.7768
188.7422	108.4120	220.8955
32.6397	182.5828	198.0850
172.2206	72.9235	111.2899
145.7789	106.9907	92.6255
95.9700	158.5827	2.4989
51.0283	37.8842	54.1149
56.7806	26.9919	34.5696
164.9464	153.9079	48.3575
124.1259	91.8831	226.3187
42.8915	92.3691	234.5893
149.3437	165.0165	353.6243
105.8931	106.7704	20.5690
191.0605	27.7115	390.2785
66.3640	177.2400	35.3793
122.9045	140.7814	171.0431
40.3544	19.3352	304.3859
94.2536	136.5916	437.4292
101.0742	173.4726	320.8936
114.4711	113.6670	259.3432
124.9786	2.9245	3.1404
163.3887	151.7304	271.6786
49.3166	136.4780	399.2891
84.5970	111.6156	355.5590
63.5454	0.3346	160.4994
177.7991	81.2006	372.8553
45.4340	2.9017	182.8986
184.9629	160.3847	386.9684
68.1520	142.1308	152.7043
159.4346	62.9074	314.0689
121.9322	147.8604	52.5783
117.9997	180.2744	18.6243
13.1288	48.8276	170.2592
2.7466	43.6335	85.6383
186.5195	149.8679	154.4939
6.2293	101.9891	192.6701
62.5128	71.9356	86.4116
166.0361	25.3800	219.3579
73.9831	17.9689	452.6584
127.8793	91.2170	59.4469
90.7781	39.8036	175.4309
126.9193	26.6726	163.8931
128.8212	12.4095	386.6234
120.2811	176.0836	174.1452
99.5353	30.8908	401.1298
178.9100	135.4179	164.9058
23.3417	183.7384	223.8822
182.3626	102.5875	332.0358
65.8511	121.5477	46.8346
94.7334	77.2670	213.6146
158.2874	123.7053	289.9531
34.7288	68.7943	123.2819
0.8564	46.3158	404.7859
1.3919	8.3789	262.6049
24.8392	122.7944	205.3620
141.1958	3.8856	145.7915
39.4925	178.9970	222.1442
64.4835	177.4246	196.7313
48.4179	41.4447	132.5505
164.8748	50.4180	256.7709
89.5210	119.8750	181.9166
153.3337	55.9935	26.0863
42.7289	80.4278	9.7582
116.7468	98.0501	454.6340
111.3782	24.4642	79.9850
179.2215	46.4967	35.8719
157.2950	189.4929	322.8287
53.9153	147.2057	150.9606
47.7552	44.3945	356.2866
5.5422	132.1111	229.9539
115.5396	176.2134	181.5866
145.0723	191.3454	50.8295
62.1760	131.0876	16.1140
163.4928	171.3371	384.0731
159.6363	174.2585	242.5634
47.1637	46.3902	303.7187
41.6739	90.5237	90.4926
87.8231	125.6519	281.9726
28.4363	93.8759	130.5402
64.5194	127.5275	8.5863
166.4457	173.3875	132.1419
162.4683	52.9931	398.7582
99.7181	153.7155	295.3080
161.5978	176.7698	20.6094
13.5018	1.7360	336.9557
121.1900	34.1304	326.0894
24.2488	172.5733	222.0547
39.7946	47.9678	323.0427
93.7284	135.6345	237.7100
104.1939	72.2330	339.1689
18.8831	152.7987	166.5549
178.8441	119.6143	399.4948
23.8879	8.1342	273.1554
123.9498	167.5513	275.1192
184.1134	67.6822	148.6666
47.6124	72.6643	224.4458
136.6598	108.8176	159.6375
68.6310	85.6564	95.8623
91.5875	126.0172	221.4632
129.5321	58.7712	4.5813
183.7708	119.0059	54.6288
78.8136	61.5206	228.8643
179.0205	98.6757	68.0521
115.7228	76.9524	381.1431
59.3020	15.0708	393.8792
129.3004	15.5217	418.4126
61.1559	120.4929	56.1731
117.2118	31.1218	117.5298
163.3359	163.2371	174.6656
115.3410	112.4470	377.6385
30.4202	39.4685	355.0944
99.4926	35.7428	140.9380
51.4612	96.0001	423.1268
84.1543	105.2004	148.8755
98.5837	97.5594	237.3606
114.5956	116.9122	308.7935
45.7063	178.5251	449.8156
112.9208	37.4723	239.6572
81.3559	86.2308	331.4111
104.7359	1.8662	178.7076
105.7445	161.7838	382.5876
172.5514	61.7301	142.8096
2.4340	109.5437	226.8345
155.1551	6.5161	427.6347
175.8091	31.2409	9.9146
66.9931	0.2663	78.8962
61.7522	6.6050	442.0433
100.6011	146.7818	86.4981
171.0644	185.4545	446.6375
14.3200	80.6371	400.5811
6.4296	172.0034	406.6777
45.0094	50.3654	189.4457
168.6410	11.7837	370.1531
88.9667	81.1984	223.1384
137.2207	136.2395	163.5354
56.6318	90.9185	335.5777
86.8359	145.1060	78.9018
69.5382	145.1418	160.4368
50.3400	135.2119	266.3595
41.7043	178.5196	211.4702
4.0001	111.9540	309.2314
117.7502	72.6131	28.1762
37.1484	177.2941	246.3752
110.9242	77.1067	388.2379
184.9173	3.0517	291.6077
3.2505	181.9798	257.7204
101.4567	37.9839	16.8055
17.1800	37.6863	247.5678
158.9528	26.9944	254.9952
97.2207	0.9318	324.5691
121.1601	13.0487	90.2823
103.8569	80.4579	247.7135
7.3087	131.1283	264.3255
117.5712	91.8494	247.2355
103.7358	128.9133	271.6019
151.8528	122.8460	45.7300
33.4481	132.7808	358.0152
162.9923	102.8018	146.4339
122.5345	111.0388	228.4393
77.7870	90.2073	27.2177
190.6507	25.2814	353.9200
124.3358	35.0286	267.7228
117.7635	173.4158	448.6661
177.7783	9.1154	187.0118
153.4074	166.9686	122.4337
158.7977	109.7818	347.1635
139.2189	81.1905	342.7934
126.2903	92.4718	382.9596
43.4889	99.1532	229.7790
58.7109	135.7673	249.2506
69.9390	38.5411	353.9604
83.6903	50.7484	172.5623
36.4228	97.2679	249.7547
181.1154	186.7024	130.9053
62.5528	89.6580	331.8094
137.6556	174.2733	311.2743
177.0772	184.8611	137.0362
153.9327	111.0837	280.8522
7.2083	108.7421	335.1591
160.0791	73.2186	361.9345
40.7830	41.5996	109.9338
59.9199	50.7827	130.4799
1.8122	158.2694	150.9789
159.9355	167.9005	291.6287
36.8739	134.7672	229.0288
62.7296	22.2536	43.4887
15.3761	13.1545	146.4491
157.2396	119.1346	187.3160
55.4642	144.2155	263.0060
87.0597	169.1256	327.5695
9.2786	60.3621	188.6080
9.3263	102.7918	245.0486
148.6366	148.3704	134.6387
90.5166	93.7629	192.4372
125.9834	147.5835	377.8857
74.8063	144.8326	365.7657
94.8713	99.6316	327.3742
131.8297	86.3602	81.6088
170.0438	97.1576	357.7174
41.5546	60.9090	90.6695
87.9871	0.6349	160.5252
192.1601	189.9515	1.2234
59.1965	133.4742	256.6483
188.5134	146.0604	248.7921
1.4227	92.1106	329.2937
83.9741	43.5125	338.4678
86.1566	181.8976	195.3153
17.0970	175.8322	265.5799
180.5653	56.7556	438.9251
118.8288	42.8974	294.6759
102.2253	165.6664	75.9772
170.9255	42.3095	412.1565
106.9036	91.0480	167.4718
0.0250	117.2180	9.3575
78.7597	0.4508	22.2187
18.8254	122.6845	261.5965
25.8496	176.3605	360.4790
10.3308	134.4406	400.8892
150.0420	162.5660	122.9964
154.1620	21.5738	353.2806
162.2882	80.7020	297.1465
93.6769	9.6093	4.3721
46.4165	187.1277	91.8373
91.9163	36.7534	178.6069
95.8453	172.6377	419.9824
173.9330	57.0072	296.6118
85.1072	128.0424	326.5876
106.3181	94.1685	385.6967
120.4987	9.0736	102.3945
138.1713	181.8627	199.1243
184.8890	106.3963	262.4390
128.7725	11.3505	26.1781
72.2574	84.2686	177.6943
69.4628	16.2166	89.0033
56.7806	26.9919	34.5696
47.5158	27.2441	103.5074
30.7279	119.5948	260.9488
160.0374	191.8640	15.5936
70.9436	2.0062	318.3443
18.5437	29.1514	184.2807
153.1336	140.2259	227.3050
183.9598	169.4254	1.5872
113.3371	70.1962	252.8127
37.0100	9.8885	206.9664
160.4413	94.5190	57.5513
111.0071	166.4185	439.4492
174.7501	67.2405	330.7287
77.6393	81.5206	318.8150
18.9323	19.9192	75.6719
151.2533	119.2558	39.0547
103.5979	97.5917	225.1783
35.4811	5.7932	159.7292
11.0190	177.1372	367.1548
15.3696	129.0092	406.2103
97.7691	5.3426	315.2078
110.9486	116.2456	169.7376
189.7329	57.3964	2.7158
102.8721	41.4898	43.7483
70.4876	15.6083	315.5401
102.7157	52.5938	392.0959
116.0641	136.9525	259.2062
45.3235	178.2035	228.6689
28.0959	119.5300	343.5659
142.9344	60.8896	374.2762
14.3185	115.7228	282.9959
100.6197	32.9420	430.6208
79.3818	72.8774	424.5697
122.0869	117.4455	289.7064
114.2323	166.2512	358.4957
167.7390	186.6684	232.1361
180.2625	19.5915	137.4679
121.4219	55.4940	17.7590
59.5820	41.6310	141.1209
179.5356	76.6100	250.6959
69.7805	3.0641	105.4691
6.4419	97.4745	152.0913
103.0390	10.2210	356.2441
117.4415	100.1188	265.9350
101.1020	161.2028	65.9186
119.8127	51.8180	65.3616
59.0065	68.1062	436.3318
144.9200	42.1498	376.0447
88.4051	191.5603	329.5847
69.9077	132.5395	395.1378
46.7687	116.2323	104.2951
154.7341	140.6226	208.7003
108.0279	178.5197	119.4844
94.4226	172.8401	379.6462
116.5508	124.6522	407.0150
145.3749	96.6467	111.9379
71.7330	105.5462	350.7303
41.2297	27.4563	103.4906
115.2614	146.5442	277.5634
7.6135	92.4048	379.0737
135.7028	118.6498	420.2399
171.2087	180.0092	351.8724
81.4918	121.7657	437.5625
68.8907	65.8040	59.7797
161.7424	29.7813	248.0723
139.6080	163.0038	449.4056
41.7854	30.5023	38.1626
79.1630	1.9145	59.8902
1.3196	42.1219	384.1305
134.7707	36.5405	325.9238
23.5607	179.8931	402.5059
66.9043	141.1593	248.8279
182.9967	178.5511	11.8318
4.0010	158.1415	432.4394
2.1781	86.1208	420.4351
89.1417	34.6410	100.5621
85.3637	118.7907	439.4833
4.7860	23.8916	63.1192
83.1949	35.9013	86.5540
87.7281	176.3860	150.6476
128.0081	175.0811	432.0582
31.1666	134.1879	219.3158
124.6904	188.1825	162.0723
175.0576	160.1623	147.8126
99.4216	36.0802	312.6973
88.2907	129.1286	158.3752
72.0492	140.3538	350.3444
144.8924	71.3511	52.4361
125.0927	168.9856	61.2550
12.5613	152.7356	257.7338
73.8908	1.7656	184.1675
188.4368	170.8963	449.3185
116.1663	139.6070	254.3740
178.7957	160.7975	378.0524
27.1998	37.5210	396.6116
36.0786	120.8605	226.2903
92.1255	24.1620	342.1354
120.8504	81.8855	117.1276
26.0580	180.8420	403.1310
118.9612	22.1192	257.1349
50.5639	20.5333	311.4803
129.1826	177.0989	387.7426
102.8332	124.3097	376.7907
21.9444	1.4709	445.6014
6.9960	34.4916	280.3687
185.4888	17.6687	133.8721
91.9334	144.1932	386.4838
64.0053	88.7578	261.3790
119.9950	98.2026	362.4760
50.9098	172.2257	161.1986
139.6159	30.6692	11.8738
102.0459	135.4352	185.9396
57.8706	6.7137	219.5337
53.9674	11.3349	130.9802
47.1631	138.0854	227.2877
192.2374	25.7683	246.4671
191.1728	41.2488	134.1250
38.0605	180.3156	56.5466
112.8275	37.6790	42.7981
96.9914	97.3375	358.7202
74.0179	49.9461	327.6638
12.5254	186.8410	40.5048
68.2651	10.2671	126.6135
146.2211	84.5213	129.5269
189.3996	181.1087	390.5153
144.0358	190.5335	333.1359
36.3190	111.4278	298.4596
170.4293	168.7931	378.8230
114.0414	117.2890	243.3246
132.6290	119.5278	327.1556
22.9052	171.4474	149.3603
31.1406	126.6246	249.9351
147.8056	82.4649	204.5067
2.4838	7.9643	93.2781
102.1610	93.1001	313.9500
120.1635	42.2584	97.5476
157.5872	55.1778	346.7370
133.9147	58.1489	241.7411
68.9348	34.7857	291.7842
75.4643	48.5042	111.1252
109.3809	32.6315	350.6756
138.8762	45.1561	188.0619
13.0721	80.1791	20.1899
40.0483	90.3082	27.1935
35.4705	60.8258	188.5849
98.4887	57.2373	57.7488
147.6264	10.4158	112.8292
68.5649	188.9742	116.2647
108.4249	161.8505	104.7495
91.9971	60.1578	337.0067
121.9313	52.2744	352.7752
143.0879	3.4054	84.9475
121.1999	107.2539	377.9491
156.8258	36.6594	443.3366
125.2857	64.6086	347.9389
54.2622	125.7723	60.6470
164.0484	16.0264	367.3641
80.0405	68.2233	419.0976
113.9654	99.4045	262.6909
188.2342	15.8203	2.3081
26.4183	39.3681	142.9142
6.8217	34.4500	105.5117
84.1365	76.7059	436.8855
30.0099	21.3932	8.7436
18.6545	154.1698	368.1124
97.0799	163.0900	270.7605
71.0955	55.9218	230.3713
117.9226	121.0880	9.5751
53.3362	158.4601	159.3467
180.6128	23.8829	392.9079
68.4150	172.4908	388.5772
171.1061	20.2863	232.2858
57.4124	143.2690	157.7985
25.3104	30.7130	143.6935
35.8125	149.4519	235.4922
81.0711	160.4655	415.5626
138.8173	44.0786	44.8206
108.4563	160.7407	174.7876
109.1224	181.0247	38.2852
14.5837	13.0415	398.5322
150.8827	142.2349	181.0882
98.9579	148.4746	291.4908
71.4889	187.5127	302.4714
96.5558	107.6967	260.2839
40.1642	158.0721	121.9409
99.8152	112.3624	383.3132
12.4100	162.5933	107.4999
182.8759	80.5675	129.9805
20.4793	13.3204	367.4100
92.0672	160.7135	223.1250
147.8801	87.2524	126.6996
82.2082	86.3394	351.3855
159.2195	176.8231	182.1965
84.8552	184.2218	295.0350
187.2169	125.5534	246.4850
11.0812	90.8933	264.4612
128.2305	116.1211	87.7993
0.5409	77.5170	145.3738
66.4540	109.6715	310.7963
6.1761	84.4975	38.1745
83.4644	182.2001	337.4781
40.1533	26.6843	345.1010
48.1787	26.0927	52.4108
60.5368	122.1194	384.8527
124.5736	94.2713	442.2864
134.0517	102.6271	195.1951
154.1894	113.6357	135.5018
31.7663	110.7455	155.9623
103.5712	155.7626	78.8740
58.2929	73.9643	430.8556
119.0716	88.6114	199.6161
33.3282	148.6021	354.4648
63.3853	38.0986	62.4139
179.7180	73.7590	84.1657
125.6479	139.9845	359.1133
82.4904	42.7465	7.2360
31.8654	134.0875	32.4400
159.7495	56.8486	138.8844
185.0061	125.7903	237.6047
75.2694	144.6757	263.7957
93.9143	166.5279	129.1571
0.1835	1.2686	232.4927
89.2175	14.7061	342.2621
155.4821	147.2402	208.4998
36.3816	56.3101	198.0179
100.0606	33.8143	328.8377
159.6823	1.6965	148.6248
34.1679	187.3917	119.6809
144.6836	111.6700	70.4903
138.2055	180.6555	174.1340
146.6087	120.7119	79.1240
113.7153	3.3754	110.7185
136.6852	172.8572	258.9052
128.7022	95.5388	222.7551
114.1402	174.2708	150.0660
5.3365	113.7286	134.2380
71.7459	65.2373	201.9892
42.9543	187.9450	304.5941
84.5947	127.6686	292.8336
98.2745	108.3934	429.2656
150.3478	143.4699	82.7772
190.1394	148.0926	435.9309
35.8272	85.2233	180.9730
58.3995	96.6511	280.5569
153.1738	152.7009	84.9477
71.9379	124.8570	103.4793
65.0172	52.4676	180.2464
8.4111	11.2944	389.4605
9.7945	132.5567	86.0926
160.3019	5.3884	298.6375
175.3681	39.7915	19.8201
18.9237	189.1639	322.6121
106.1498	139.5722	198.7059
89.5002	2.1894	252.4907
176.8718	16.2930	326.2433
143.2417	16.2624	110.0152
40.1584	159.8594	61.4666
14.2860	30.9688	253.1616
80.9365	67.8990	131.3465
17.5194	169.2546	91.1645
123.9514	21.4871	296.2143
74.0681	147.3119	113.1067
83.1031	69.5427	202.6827
31.7065	177.1518	396.2491
63.2773	150.2435	455.1979
140.3974	164.9623	346.8614
169.9598	93.6953	57.6264
2.3761	166.2930	409.3590
148.9054	48.2726	406.5525
111.3034	176.7111	157.0414
117.5846	104.5499	31.8867
135.5946	82.5029	111.2296
82.0475	19.5877	371.4299
174.6930	132.8052	330.1460
34.6008	64.8449	123.1106
28.3067	117.5428	226.5748
80.2785	74.9137	365.1245
165.8060	20.3709	445.0949
60.8712	157.3974	133.0318
144.4216	192.2061	265.9633
50.8502	55.1236	443.2958
19.5726	150.9309	438.5383
97.1529	120.7803	222.8423
85.6879	138.5619	177.6443
110.6898	40.4140	22.0389
115.6160	97.4456	136.1679
101.5815	63.7700	356.5703
155.1392	107.7041	185.2035
46.4587	6.0296	236.0412
179.8389	46.1820	237.5921
162.8739	184.2430	361.7065
100.0233	111.1438	119.6083
175.2909	22.2615	132.4312
87.7434	71.0455	321.6833
134.9121	179.2726	14.8401
146.3916	164.3980	133.6629
149.3448	44.3977	314.0599
95.0613	37.7719	6.2229
102.3410	33.7533	319.0872
67.4814	68.3710	100.2248
141.3099	169.4786	267.0663
88.6830	79.8892	396.8296
154.2989	185.9608	228.2672
61.9473	36.0708	210.0879
154.9894	76.5063	141.2271
124.7831	1.0452	20.2208
185.2492	35.7832	266.9542
187.4646	25.6874	267.3011
27.1230	150.4216	266.2427
85.8491	158.5110	154.9446
71.1378	86.0730	197.7373
42.2408	38.9302	110.9375
170.4317	68.6082	269.7675
134.3064	148.8611	348.1624
105.9280	160.4467	89.4778
86.7469	8.4402	150.3302
10.7796	103.1967	73.0414
128.0293	138.7862	157.0166
179.8313	145.5491	413.4436
98.0535	190.3676	188.1408
133.9213	177.5245	119.5797
95.5985	20.5868	349.4477
164.6845	38.4839	415.1279
191.6334	157.3093	133.7746
143.9030	190.4301	303.8352
133.3857	49.1737	271.3078
26.6511	16.0928	391.8285
141.8406	135.1237	339.1988
2.1795	16.9275	436.4739
41.8893	124.6208	155.0361
108.4938	37.1013	175.0144
77.7398	127.1013	146.6044
171.9677	9.9531	233.5859
136.7120	161.2852	372.8446
17.2576	41.7497	448.3370
92.7588	21.3980	413.2920
179.8318	185.4253	204.2764
91.7398	104.8979	170.2984
124.8460	182.7045	118.7747
70.7819	1.7307	88.1252
38.7948	95.3218	60.9401
115.0412	174.5570	198.2727
160.8418	37.7795	107.3509
90.7677	165.6873	369.1368
27.6373	134.5385	55.8197
4.1539	111.0439	447.0359
4.9490	64.8166	439.2521
121.1331	29.1470	268.0322
87.4939	83.0614	311.7398
152.3587	16.5036	5.0583
121.2025	3.4764	113.4629
9.2085	136.4558	140.8630
132.2539	72.6472	208.1060
93.2626	174.8198	89.1897
156.4561	32.4483	117.5010
137.2636	99.3372	16.5076
121.3482	191.7220	155.4320
130.9440	115.9100	97.1046
15.0010	109.9621	144.9846
185.6318	144.3757	204.0246
112.5654	140.4625	271.3065
89.6767	6.4859	79.0329
72.5477	59.6089	112.4681
44.0379	97.3871	229.9308
14.4298	189.7466	346.7168
189.7812	116.1157	333.3835
100.2016	46.0045	436.2738
46.0019	90.1705	22.3751
30.9167	157.8760	144.1691
37.2154	112.5051	109.0223
163.5691	143.4315	49.5911
144.3943	57.5170	384.5081
182.2284	154.3649	385.5001
143.4178	8.8527	441.0810
116.0525	184.4183	386.3934
103.8728	15.8456	65.2355
144.0509	137.1679	203.3880
79.0779	50.8157	305.6697
152.2037	64.6319	417.7776
131.1935	97.7600	215.3915
67.5221	145.2697	14.3488
135.4599	66.4622	83.1305
128.8567	150.0944	187.7500
78.3729	36.9402	156.4126
62.1108	76.2199	304.4391
6.5168	98.8541	7.5091
51.5233	59.8388	421.1967
177.6198	34.0589	367.3108
56.7806	26.9919	34.5696
39.6498	20.0825	105.7919
180.7019	181.7753	18.2603
53.6365	97.0511	307.7650
98.3154	54.3674	267.1461
78.8861	135.4870	353.1391
183.5884	62.7904	45.2197
77.7532	125.5298	361.4903
67.5874	121.9460	394.3826
104.2469	179.7392	443.9916
180.2533	120.2367	95.6983
128.3044	77.1448	140.0433
91.5810	108.9399	196.7144
108.7691	94.7834	424.0621
189.6810	5.0846	44.4465
90.3337	97.8859	88.6322
52.6789	183.3005	233.2670
116.3976	104.1528	395.8650
136.7849	25.4038	140.7074
60.3753	144.3921	446.1245
46.6468	21.8358	392.9420
68.6753	65.3033	407.3506
110.2841	29.8703	223.7921
108.2791	80.6029	91.0846
121.9520	131.6091	123.7456
14.6384	96.8815	244.5290
155.5556	8.9739	28.2128
144.6209	65.3305	143.2400
160.9142	1.3227	48.8618
94.4263	88.6571	276.6126
171.5261	73.1459	33.6946
81.7425	166.0402	292.2473
149.2935	36.1450	357.0040
107.6492	18.1713	401.1100
182.9042	97.0737	439.7178
39.6627	181.5818	78.1228
174.9187	167.7438	145.4881
169.5673	65.5117	18.9542
117.5751	30.2747	284.3287
135.4859	52.3714	192.9034
152.5263	22.7773	158.6357
47.1801	109.1075	284.7824
169.3529	94.5787	61.6502
129.4984	184.7210	86.5198
114.6026	178.4401	225.5517
177.0349	38.0546	119.5860
111.4282	30.5646	332.2025
144.7653	92.8408	288.8841
114.2467	4.6052	231.7516
128.5081	68.6918	138.8539
6.6850	133.1303	282.8659
87.4220	43.3541	145.3112
105.2954	100.1337	98.3779
104.9841	168.5021	400.4554
75.8806	132.7311	418.2868
169.0462	28.1184	127.7507
64.2649	40.5107	257.1884
65.1182	151.7807	366.9081
111.8840	93.5781	168.7571
153.6830	57.5617	385.7924
104.4932	146.5598	354.0470
131.3213	60.8357	81.6578
76.8230	133.2347	132.5613
60.1105	165.4480	86.8980
168.1340	19.4983	411.1535
140.0251	64.5162	389.0138
43.1030	61.8111	258.3963
48.2619	100.0838	22.5546
106.1136	179.2612	237.1268
35.7588	120.7525	429.7903
163.7212	5.0191	267.7212
136.9650	149.0047	124.3249
144.8950	21.2981	330.2334
59.1549	158.2185	353.9362
41.8104	36.4693	426.3344
12.4971	19.8441	312.4465
84.5266	123.9956	403.3707
90.4254	183.9121	356.0768
142.3508	21.3739	414.8824
157.8919	28.0709	184.5317
179.5100	50.8682	344.2447
78.2256	174.4777	155.5090
29.0086	142.3558	66.6424
62.9517	13.9317	213.3442
89.5530	69.0109	277.1780
163.5666	102.2307	163.5416
137.6298	180.8129	198.3814
54.4302	87.9967	240.7709
151.3700	140.0497	136.4806
125.9308	19.1127	99.9117
78.6755	47.7022	177.1703
66.2267	16.9750	274.1538
91.9681	168.7810	318.7842
180.3256	167.7753	291.4542
4.4953	141.5094	103.8121
139.7092	183.3347	190.9339
1.2173	152.4283	160.2248
107.0611	158.9823	242.1967
41.6712	162.0646	298.6267
128.6610	141.3219	2.5548
165.8138	75.6729	338.3642
4.6154	55.3155	260.6447
112.9804	78.5922	337.9848
81.4184	98.7389	153.5596
50.7225	53.0935	454.5872
22.6299	139.6106	419.2479
45.9363	141.3895	251.0076
76.0974	155.8246	19.0836
178.8785	181.7281	267.2923
76.4701	143.1463	94.9822
58.0265	129.8316	60.4005
146.3825	50.7142	380.4002
171.2960	41.0308	136.9190
40.4712	37.1024	107.0896
189.1874	11.8390	150.2067
142.2116	83.0096	55.8406
61.1627	150.2779	83.3289
121.5132	6.8930	236.5609
187.6090	7.7045	240.8713
12.8298	156.1804	46.4126
186.6776	171.6760	193.9528
6.9416	149.1428	377.6334
69.9494	91.4964	332.6014
44.4603	2.5329	102.4245
9.8518	64.1835	87.7869
90.0247	188.9746	55.7362
47.4255	149.3027	179.7088
50.2904	181.2507	244.5558
89.9932	72.4155	321.4606
147.4115	91.9069	154.3622
189.2613	20.7563	247.4153
117.9375	69.8934	238.1845
66.7962	147.2108	90.9708
93.8091	146.1637	150.2729
109.3577	22.4909	437.0799
70.0938	22.4857	137.4334
179.7326	127.9166	78.7586
133.9108	10.3043	218.8565
108.9812	166.2745	2.5642
68.4720	152.5175	243.3571
158.1610	125.6126	175.5020
53.0186	15.9775	55.1307
11.5169	80.4137	90.4262
145.8106	124.0600	101.1935
71.9982	190.0339	304.1016
56.1184	1.6449	101.0303
131.3881	66.5349	403.8957
76.2521	21.5137	139.0043
53.5626	151.3985	57.7591
168.3237	85.1253	104.8794
10.4006	149.0590	313.9370
22.1019	186.5189	436.2514
118.1622	127.8026	22.4456
37.5846	121.0626	19.2722
132.5215	140.2452	171.3054
178.4529	30.5251	207.7817
98.8223	114.1896	427.3602
186.7912	162.2333	133.7493
130.9767	191.0140	129.1197
97.1328	124.3826	95.9032
122.7544	17.9529	154.6459
36.2484	9.7872	118.2697
11.3139	148.4906	47.8560
103.6016	159.3044	249.9062
185.7817	134.1244	208.9936
157.5609	155.1255	15.9292
144.7651	191.7146	37.6333
35.3540	68.2110	100.1134
142.3839	63.4929	452.4895
85.0369	6.9176	289.1731
168.7683	4.2919	70.5390
89.9732	62.6795	438.7574
148.0909	170.6606	43.4804
171.3514	99.3717	74.5666
153.5704	40.2264	290.9127
64.4055	54.3628	65.2133
95.3201	104.4196	235.9096
170.7232	43.0589	246.6003
57.8281	63.2166	174.8269
126.7319	104.7244	392.9330
131.5057	4.3824	206.9440
134.8966	112.7942	15.1844
174.5383	148.8544	202.8234
57.5297	185.2998	12.2470
74.8406	74.9422	259.5384
55.4310	66.2782	202.5659
126.2988	59.1739	302.9532
140.6859	52.4563	232.1483
86.2826	175.4957	245.2026
36.5636	49.7495	273.5292
27.1756	173.0907	384.5467
107.8283	102.1135	436.8647
90.6461	179.5274	171.1625
7.5914	58.9269	180.4160
11.9775	12.6830	48.8661
148.3284	21.7484	273.4225
180.6406	87.7048	304.3679
162.6938	52.9359	137.1735
56.7806	26.9919	34.5696
47.3806	138.7006	436.0767
109.5531	149.2707	234.0440
59.6340	14.9299	318.1249
56.7261	9.1787	53.2258
26.8996	182.4014	392.1354
112.8920	170.6140	211.6444
190.4279	165.2262	295.8614
51.3355	57.3774	46.4348
174.0948	15.9425	272.6177
72.7459	105.3497	412.3199
128.4781	154.7333	329.0253
188.4118	100.0926	77.5007
2.6384	107.9959	236.5396
95.8096	73.6401	370.9848
38.1304	181.2876	151.4317
165.9322	15.6804	117.4823
104.9670	176.1269	427.1799
60.4322	145.9068	418.9086
94.9801	156.0335	24.7696
168.5653	172.1634	377.3907
63.2613	32.9217	21.4096
103.0761	37.3948	86.2952
6.7343	94.2213	78.2215
3.0493	133.8529	434.9048
81.1010	155.3872	29.5723
143.4332	133.5321	328.7521
155.9277	50.2804	82.0860
64.5366	41.5656	159.4753
84.5887	63.7546	414.0388
46.2268	41.6203	223.6958
88.3116	53.1746	362.6285
56.3852	12.9667	216.4216
138.1953	165.2339	151.6630
177.3549	78.7879	227.7462
186.6313	32.9448	187.5519
158.0561	103.7349	155.6946
132.0296	134.7899	37.1879
103.6571	7.5899	251.4619
2.7820	33.3909	399.0952
180.9216	169.0726	360.1131
127.0147	177.6975	52.1568
13.6674	115.4948	391.4020
128.6007	170.5250	94.3816
73.8396	4.0889	352.2293
81.9508	125.1266	138.9951
88.8211	112.1050	17.9130
132.5523	46.4781	270.1720
122.4469	89.9581	55.7971
24.2003	186.8274	449.8832
52.2430	61.9410	67.4784
188.4108	6.8478	142.2140
87.7522	11.1718	165.7937
127.7553	71.9528	337.6730
98.5180	32.0197	451.2020
48.2468	18.0554	76.7824
21.0358	7.9581	425.0536
7.7734	128.4727	432.2629
122.1186	75.8470	164.1802
121.3936	152.5801	117.9489
8.0052	30.6823	265.7235
99.5241	115.3202	216.6184
127.2134	184.4316	367.0196
120.5130	130.8786	395.6919
181.8261	82.0095	365.7607
62.8525	164.0523	5.2960
92.7359	41.9677	132.8224
20.0103	140.8542	248.3114
24.2126	3.2997	111.5198
21.7323	101.6354	445.1714
39.6346	171.0495	262.3546
127.4722	184.2651	185.0986
23.7289	60.2070	24.4226
135.3367	190.8779	148.7533
7.2201	4.2503	38.7112
143.2540	22.0292	251.9626
129.1002	110.6607	266.2541
89.0437	109.9405	64.1273
78.0509	11.8879	333.1319
84.7976	148.7056	190.9276
64.0774	140.9488	179.3373
172.4669	169.9871	379.6816
75.5841	156.9191	23.6689
128.4826	55.0445	266.5256
61.2615	149.8550	273.1896
130.6321	24.9410	51.8682
138.5772	78.0754	148.0719
19.2634	134.1709	397.1049
180.5651	44.7342	54.3980
1.7830	165.5993	333.4553
2.4830	191.8781	167.4496
97.6472	8.1046	94.7149
166.1658	19.3195	366.0370
154.0848	15.5303	275.6237
102.4342	88.4474	419.6235
69.6837	103.2661	98.8867
71.3093	7.1670	66.5469
140.8090	36.3245	332.6084
125.8399	7.1274	136.8044
87.5097	113.6097	192.5555
32.9199	59.6605	138.2625
20.9809	0.9322	371.9759
21.2997	165.8554	425.2017
19.0198	186.8986	451.7030
182.2169	155.5083	254.2714
87.7498	156.5144	328.9911
75.9109	26.3603	271.2437
22.8132	174.7549	189.8003
67.4278	22.4152	219.3487
154.2474	176.6949	174.3863
17.7512	155.0408	251.8908
81.6999	142.2949	93.0551
81.7256	114.4062	87.6592
47.6452	36.4872	18.5557
97.6514	128.2708	426.2202
138.6964	109.9481	294.5730
144.1886	141.6674	126.1174
123.7431	184.1867	36.4692
141.2384	155.4214	278.9043
110.1804	167.1300	3.7400
60.7785	84.6948	417.7885
65.2849	132.1405	450.4125
165.5398	179.5228	54.6777
148.0519	127.1102	217.0811
4.8796	149.7992	349.0124
149.1936	176.8519	264.0840
172.5316	170.5766	12.0608
101.6879	59.0083	350.0989
41.3793	178.3667	308.3838
101.9212	168.5333	388.5665
16.4144	17.1045	79.2680
123.5713	52.8512	431.1493
30.4761	68.5499	322.9408
88.8913	153.2014	19.5723
76.6517	168.3093	203.6023
112.6521	58.4179	20.3139
189.8078	155.9179	251.8003
171.7167	109.5009	278.2227
124.2104	48.6354	252.3663
150.4498	79.4587	143.9968
11.8844	141.8708	74.9379
181.4494	101.1261	355.4144
1.7459	73.4119	358.6981
61.8355	125.7269	173.9345
127.7852	100.8874	128.2392
145.8678	161.0902	124.5631
17.2915	50.5755	67.1584
181.3697	146.0390	39.5381
160.2073	165.3513	384.7829
159.1036	181.7983	152.9901
174.1882	120.7675	146.7032
104.5532	107.8236	416.9162
83.0972	178.5956	118.2303
31.9720	21.0905	70.4040
165.8037	23.9083	349.3775
145.6585	69.9617	350.1609
97.0623	35.0798	387.8358
99.0812	166.1105	134.1292
101.5508	153.3244	378.3183
50.1363	69.7766	165.3255
13.8217	46.3295	109.4953
93.6024	169.1983	108.1205
104.7746	52.8719	259.8540
29.5306	132.8196	82.7361
102.2745	141.4311	444.1245
183.7932	36.3626	355.0074
63.4460	143.0503	140.1215
69.3102	191.6474	207.3979
92.1046	5.1681	79.1457
64.7936	37.9995	277.3491
112.5192	10.5399	212.1868
46.1033	138.2874	450.3979
80.2174	124.6309	118.1892
80.3791	23.2014	433.4473
146.7141	47.7415	290.5048
76.4450	41.5493	284.5626
0.5884	169.5766	7.8514
103.5569	35.1644	182.7425
50.5456	176.4780	66.9782
23.8947	2.5673	75.1997
33.5728	144.5296	116.9399
55.3307	147.6365	52.4619
64.9778	148.1562	338.5120
75.6568	100.0121	173.3003
75.7004	110.4312	245.0165
190.6947	37.2737	123.8127
116.4195	103.6541	283.0339
89.9620	104.8000	203.7712
24.1193	132.7850	216.1783
179.8364	82.9570	319.1820
46.1492	24.2501	95.9146
60.3521	100.7131	302.3259
178.8507	161.3177	422.6443
25.3217	18.8351	173.2788
147.0045	94.9765	52.1740
129.7224	183.5981	385.2212
68.8238	151.6906	73.9069
66.8339	18.7419	16.9985
126.4306	6.3064	208.1612
51.7484	18.3922	398.8658
155.8222	174.4900	20.3086
85.6180	12.8919	323.0526
26.6139	73.0757	162.0593
67.2685	68.3574	183.5187
50.0050	189.9171	145.8380
58.1549	5.8679	341.7956
78.5057	127.2829	349.3443
174.2219	76.1513	378.6108
108.2846	33.1548	434.9988
98.6845	6.7120	227.3058
55.8909	150.5113	59.1503
48.8744	144.9144	66.2060
105.8166	84.8140	286.9232
118.8343	4.6375	17.8300
129.2990	108.3626	280.4454
141.4603	188.3615	202.8045
85.4696	122.1080	35.1841
81.4437	93.7407	342.7581
27.3374	112.2746	150.1248
36.6761	178.4821	349.7449
7.6480	159.9166	94.8097
145.3167	154.5998	371.4499
4.4037	173.4962	94.4756
121.4805	52.9582	273.5136
113.9164	92.6399	364.7873
99.4512	43.0677	317.2802
76.1047	96.8043	252.8353
133.1225	143.2640	253.8704
143.3609	119.1869	312.7650
187.1902	155.3127	233.6189
34.1583	172.1880	142.4372
174.0284	166.2808	368.5500
141.5047	159.5386	347.1842
46.5787	151.6397	444.5148
187.3553	61.1432	116.0510
127.1742	99.7211	288.8370
94.7268	129.8081	284.0097
108.8252	61.4255	423.1034
41.3253	29.6054	123.6946
11.4600	170.2845	373.0133
35.8794	144.4959	267.0923
5.2789	110.2728	402.9074
119.1825	27.2614	122.8385
168.8124	189.2523	231.9107
178.8767	44.7756	122.1137
192.1621	7.5225	91.2525
44.2909	19.7829	20.2490
46.6666	185.2526	332.3410
24.1479	26.2574	177.2533
2.9108	100.7801	123.2862
101.3034	53.9922	73.6948
177.6749	172.7330	58.6203
8.8584	176.7109	275.3584
69.9048	174.1718	245.9377
90.6672	33.3740	153.3034
148.9191	172.5526	93.7017
5.5175	145.1667	188.2874
184.3219	68.7388	32.6248
22.8620	165.2969	443.7620
157.5371	119.0112	285.3477
7.5136	24.9593	184.5786
75.1813	33.3772	223.4101
18.2239	29.6984	372.3656
165.1098	169.0202	273.7613
105.5207	29.8676	198.0012
12.3533	27.6020	188.1869
164.2753	27.7341	447.3019
44.1015	129.9148	162.3622
61.9802	26.4405	451.4729
138.6380	65.4351	149.7440
11.2944	103.1207	94.1041
10.5568	28.1357	455.0276
59.7782	178.2165	259.3120
42.3654	105.4682	159.8164
120.4686	21.5515	221.3517
115.5193	100.7116	134.9578
28.7022	174.8953	133.6528
129.4420	180.9981	393.8566
41.9534	13.1063	363.1961
177.3785	85.3245	43.0037
131.9529	189.5844	359.6180
96.0452	62.9247	345.5410
180.6342	50.4462	54.8322
89.0493	147.1361	174.0748
98.8550	45.6153	63.2821
51.8509	7.2585	212.2976
185.5557	37.5508	128.5450
84.4653	11.7058	200.1939
151.6258	175.7216	234.5544
106.2922	33.9268	433.5532
65.6496	30.7648	55.9517
181.7549	40.5015	269.6053
163.1311	126.8656	315.6647
146.8911	53.9533	326.1198
184.4066	50.1253	16.6671
28.9353	144.5708	17.9032
140.0996	170.9362	64.7525
174.1042	117.3868	421.0411
109.4532	108.3710	400.9425
33.1730	105.6598	236.9062
46.2436	125.6187	173.2945
58.3045	147.9448	173.3843
67.7375	183.8410	203.3572
131.9630	124.6993	25.5188
135.0732	20.7505	61.0830
54.9417	149.5607	144.0870
13.1795	188.7615	408.6780
58.5224	110.4151	121.3021
124.8621	18.8985	17.6007
167.0121	61.1302	42.5983
95.5282	161.1903	301.3051
43.6416	68.5580	188.0724
33.4805	104.3976	261.2627
95.6408	50.5315	273.3491
167.6678	136.9715	16.1211
69.7390	11.1860	433.7538
160.1050	38.7272	441.4203
71.5327	64.1946	234.5337
119.2062	164.9515	335.0601
93.6128	4.8184	61.2012
131.7189	71.8450	70.8076
6.9825	136.2592	377.9040
142.8593	154.0948	444.0747
190.6558	88.6129	224.0253
34.8858	96.6168	178.1071
20.4217	28.7985	443.1032
104.1532	92.7686	152.3800
18.9009	136.8923	433.6838
70.3021	17.8870	359.5420
17.6407	64.7371	174.8026
6.2071	4.6293	7.5221
35.9815	79.4871	249.3514
69.0770	69.8974	428.3760
102.3854	17.9243	120.5297
127.3647	26.4172	78.1790
7.6234	153.4155	202.9558
190.9254	160.0311	130.5756
122.7698	100.4765	28.3334
65.8928	146.9199	394.5085
116.7155	0.3336	36.9719
103.4896	143.5319	198.4763
134.1915	33.2626	150.4964
74.4756	125.2403	270.6269
177.1963	30.0594	215.2236
22.6692	138.0951	271.2674
187.3208	0.2788	67.0455
128.0541	168.8968	8.1063
147.9635	117.6954	135.8851
18.5048	95.3628	325.5296
91.9101	3.6880	110.2333
31.7200	131.5058	385.2585
112.5606	67.6146	67.0428
156.9399	55.7297	379.6352
72.5506	180.2331	80.5510
39.2644	89.2216	230.0276
144.6890	101.1087	83.6292
115.8454	18.2733	218.4168
147.3093	55.1885	293.2950
64.9599	103.1134	192.0211
129.4903	14.7050	281.9263
137.8429	190.0557	260.9581
186.6301	155.9923	125.8369
91.7211	111.2029	181.4423
137.5516	85.1867	98.3957
22.0712	33.2858	84.1829
148.8438	48.1181	240.8161
71.0327	190.0296	188.3846
149.5954	5.6219	143.5598
185.3239	154.2057	352.4979
131.5445	119.9582	9.6268
184.0300	99.7609	423.5715
150.7408	38.7102	433.4616
20.5381	20.2804	218.2521
14.4214	88.6426	349.9952
128.3823	188.8018	290.2790
144.8367	99.5037	312.9248
136.8323	102.0147	315.0494
108.7805	47.2378	438.5300
150.6945	178.5548	364.1633
168.5274	7.7681	340.1861
149.4244	56.8314	272.5237
149.2327	161.2229	112.3319
58.3043	134.4480	400.1684
19.6346	125.0184	426.7331
99.3554	144.9711	384.0376
181.5093	116.7512	161.1804
96.6229	120.5636	335.6724
55.1761	98.2684	262.0531
28.6781	103.0447	150.3452
162.7531	184.1330	51.0789
73.8706	113.8534	50.8913
51.0033	64.6627	43.5976
8.0170	2.1410	443.9296
174.5600	67.8144	364.9706
179.9960	54.6679	208.6079
71.8192	159.3408	410.1897
152.5403	173.5956	13.3256
61.1146	188.7181	106.9821
55.0691	113.2349	411.0655
68.1136	150.4810	178.6228
87.1816	135.2508	420.1432
32.6696	187.5430	327.8869
20.8441	120.2473	138.0301
100.3812	46.6632	437.7839
142.7095	87.7818	200.6291
38.7134	30.4018	351.3860
94.1930	10.9908	212.5795
78.3431	111.7300	36.4084
4.6803	96.6964	446.2939
177.0609	15.9577	289.2196
67.0811	184.7200	100.1339
123.7730	23.2009	93.3691
136.2894	112.7712	408.6274
12.4855	27.5851	171.6759
50.3651	41.7867	381.3518
8.4911	146.2144	52.6470
181.5111	144.5650	25.5390
188.2811	175.2777	88.2639
70.0732	39.2137	306.7681
12.0072	119.1109	445.1332
146.3003	32.5740	208.2606
57.5024	191.6900	50.7239
56.6473	153.7220	38.3013
120.5486	110.9361	452.1030
27.6699	115.4022	141.4046
116.0750	73.9572	400.3238
164.7998	5.7437	395.8245
63.4600	43.0582	96.9739
40.1824	159.5906	86.6587
76.7868	67.9811	161.7963
27.9842	35.5916	72.8474
62.6891	58.9301	152.0827
136.6899	46.5257	285.3077
56.8999	53.8242	33.3555
143.7551	16.5369	62.8839
114.2415	97.8211	27.2631
22.0830	38.9372	375.4317
22.2555	33.4091	435.9455
67.8452	170.5368	348.1149
41.8200	84.8087	271.3278
83.1587	125.0212	314.0232
71.9129	5.5507	149.3502
35.1867	132.4541	149.8411
122.6937	69.2015	109.8708
44.1234	189.7990	349.6616
165.1799	100.4516	101.3362
12.9040	190.5527	61.7513
27.5241	69.8206	205.0935
9.5603	147.6956	328.6449
180.4603	94.5708	229.0178
191.3419	33.0841	62.8528
34.2862	131.7635	394.6667
96.5394	22.6557	437.4875
184.5468	8.5305	437.8453
124.3372	60.4141	225.6870
125.2061	135.9565	238.3131
94.7935	163.9796	453.1872
18.6166	188.7333	66.6393
178.5599	116.1603	435.7796
26.2541	94.1874	150.3313
166.9014	19.1050	238.2216
63.5638	69.0012	197.5797
59.8095	31.1956	97.3549
106.3220	139.7685	226.0865
154.2114	25.6502	405.8777
178.9807	30.4780	250.9273
82.9952	9.7504	279.7878
39.4750	112.0073	415.1699
186.8077	153.7871	319.7552
163.9870	172.5462	237.1192
33.9795	40.4344	314.7557
138.1767	31.8940	109.4126
13.0119	133.5085	70.8175
141.8117	157.4486	451.8443
124.9308	3.4202	158.7057
73.8181	84.2540	315.2049
120.5781	113.7771	325.9662
89.7005	74.9174	221.4578
80.8969	153.9791	373.6589
93.8062	139.1257	59.2774
55.9887	187.0743	109.4990
14.2764	91.4130	250.1502
35.7834	143.1828	177.9359
48.0574	141.9562	289.5266
101.3518	56.2266	264.3044
58.0395	18.8259	420.4124
181.9407	75.6773	34.9000
32.4048	97.9037	143.7749
64.2733	32.0433	160.3910
74.7926	54.5201	41.5621
61.7798	8.8337	274.8961
21.1540	88.6858	172.0767
119.1266	127.1586	416.1092
44.6507	55.6888	196.3010
0.2191	103.8928	308.7565
32.2697	141.0477	199.5169
14.5900	78.7029	169.9778
2.4546	155.7789	433.4249
100.5644	91.7535	188.7552
88.9497	163.6587	389.7270
105.1346	50.8801	337.6586
86.6083	173.3366	319.9625
67.7827	79.5139	408.6507
70.0326	25.9565	89.7125
177.3546	140.1871	214.5947
126.2405	165.7265	69.4741
34.6269	63.7434	335.4095
192.1654	12.1753	361.1673
144.8060	192.1321	192.6361
66.4445	35.9118	266.6421
153.5173	108.7688	122.3956
120.3161	4.5204	17.4006
171.4567	135.3866	147.6509
52.3975	48.9579	195.6275
58.7343	47.6963	234.9827
11.5036	81.3244	8.6531
57.6300	30.2917	169.3956
170.6215	177.6634	157.5100
180.5931	65.8309	383.7209
102.3606	47.4916	71.7408
53.0186	15.9775	55.1307
145.4883	164.1743	286.6719
144.2144	152.4974	392.6575
66.7969	82.5730	167.2947
76.9973	100.1653	422.0327
141.6220	69.2626	123.1725
191.5540	15.0615	139.9551
44.3166	164.0941	62.3754
141.4668	153.3762	374.7344
96.1906	25.1890	220.7237
167.7044	46.7912	137.5193
149.6514	79.3261	329.1125
179.8912	46.0375	187.4483
172.0571	52.7949	344.3497
149.3685	160.7845	150.5342
49.0928	164.3939	94.9935
170.4558	69.6836	401.5265
60.0201	81.1766	309.2974
94.7648	154.7182	351.1967
141.1227	172.4274	429.7084
79.0510	106.4972	91.5125
120.4887	183.5888	24.5432
40.7416	179.1620	8.4921
60.0394	13.5323	431.1584
28.2536	135.7406	115.4822
136.2588	37.4400	327.5994
122.1219	189.1134	297.7808
166.5269	28.4423	346.8839
80.6514	162.2763	452.7110
50.3853	63.2769	334.4042
174.2678	142.8089	379.4858
10.2169	30.9848	148.7033
121.8292	24.3655	101.7542
80.4601	53.4356	139.9448
88.4405	79.9096	385.3733
71.4788	124.0376	97.1166
1.4324	39.5332	124.1844
138.6448	3.1339	320.4796
144.4917	158.1572	263.8478
186.0396	129.1006	345.5313
162.1689	65.3890	72.0867
161.3428	122.1082	89.5084
168.1696	120.5880	335.7128
129.5466	191.9375	284.1279
180.7011	181.7717	18.2659
72.2565	114.1315	386.2598
181.4421	100.6114	307.0938
35.2286	54.8488	322.8625
169.9240	34.1629	410.8820
81.9378	102.7603	83.5103
79.8247	37.8757	47.2073
79.4099	111.5548	349.5305
143.9631	66.9169	94.0556
146.9140	129.4613	297.0989
22.1088	110.6919	37.9617
112.6219	184.0530	378.2362
105.0610	64.4648	93.1972
176.3003	167.7724	356.7994
184.8833	64.7889	76.6143
129.1414	131.8936	329.8669
27.7739	43.7977	65.9777
53.7612	50.5609	356.3697
6.5064	108.0686	445.9256
32.6284	178.0005	162.4736
46.9463	136.7542	2.7405
62.1548	117.5344	173.5575
46.5988	8.0460	44.7860
10.2458	182.4198	243.8377
20.8745	29.5284	422.8046
188.7353	142.1417	427.4418
173.9038	63.6111	329.7723
159.1798	113.5501	54.6742
81.6780	57.4999	224.8561
127.1206	3.0359	120.1892
6.1200	87.4563	218.5735
130.9781	173.7111	144.6755
1.7451	6.6866	22.8216
62.2034	4.8442	361.2651
52.4175	181.5539	339.5419
3.7548	133.1499	202.4170
29.4117	22.8711	59.0332
149.3886	104.1171	76.3109
191.3328	42.3546	12.4227
92.4791	142.8910	448.8708
36.9237	155.7164	50.5341
78.7505	109.9711	416.8459
59.6467	139.7175	438.7717
9.2873	143.9762	93.7274
39.6897	180.8180	255.8535
177.1849	69.9537	317.3688
49.0871	3.5238	267.9561
182.7133	44.7166	230.5279
112.2295	110.8495	332.3075
80.4874	46.3293	129.7298
165.1162	119.2257	280.4704
185.7979	168.2208	373.3121
8.7464	22.9378	417.0391
144.9252	112.2561	213.7799
140.3505	125.3630	117.7378
172.9886	55.9676	69.5533
95.3805	172.6076	76.9127
13.5729	115.1067	149.1309
2.8232	131.4142	161.2479
172.5388	116.4842	112.2571
157.8016	44.3356	454.6727
120.6412	165.7703	305.6482
158.4749	158.7251	138.0957
121.1985	2.9408	304.8454
176.0934	99.6715	42.2267
127.5983	114.7000	36.5012
161.5512	134.9844	212.6021
95.4155	94.2783	307.9598
88.6276	116.6343	393.9601
10.0363	191.6031	344.9273
31.0966	161.8587	281.1129
10.1022	67.9046	11.2155
60.4821	26.1396	40.8863
130.3604	69.4319	257.0880
90.0681	110.8212	371.5492
184.0451	153.7567	155.9669
69.3829	87.7307	135.2599
139.3444	71.6624	236.9025
64.7023	151.4564	359.0065
45.2395	97.7699	128.7413
161.3296	170.6485	157.1910
165.5450	26.6095	10.5393
14.7549	55.4688	280.4244
5.8828	84.2961	142.0695
23.5020	169.6745	98.1986
178.4338	143.6876	278.5792
185.6558	180.9206	398.4169
81.1953	171.0827	126.8102
91.6454	11.8836	300.8617
16.0909	115.8547	366.3444
93.2606	170.6207	109.3024
114.6363	158.1467	29.6629
72.7273	74.5492	0.0311
182.2854	52.9596	119.5685
94.1297	31.2924	3.7578
78.4401	134.8122	304.4279
89.8733	40.6772	400.5813
119.5455	92.0326	251.5547
105.6722	110.2405	26.3056
160.9955	40.4171	128.6412
94.0412	132.7396	445.6304
99.9712	48.7026	105.0062
32.1333	170.0423	11.8724
20.4107	47.1793	175.5676
140.5636	136.8030	75.7944
121.4968	102.7357	435.7128
142.3436	33.8469	148.5867
128.4392	85.5532	144.2944
128.7984	20.7996	35.6677
27.3261	80.0011	173.2639
88.8449	95.4472	321.1113
38.8677	107.9746	110.8411
3.4912	174.6437	321.6554
35.6027	127.4567	308.7442
116.0617	96.7030	269.1884
27.7582	159.0198	445.8978
100.5273	43.2398	54.2261
104.8967	18.2607	396.9643
31.5607	130.5317	337.4091
131.9716	52.5471	125.7619
9.5828	117.0847	357.8435
149.5117	135.9725	304.5043
63.6763	87.7854	115.8414
107.0908	158.2030	425.9001
5.3155	80.9372	45.4414
30.3892	126.4394	342.2349
99.4134	16.8882	24.9852
39.5807	28.6758	288.0090
183.6602	0.5401	163.9312
18.3682	163.1748	150.9825
101.0910	76.7999	209.5900
145.9222	186.6148	66.9126
31.9252	61.2943	113.1825
38.3024	150.4228	78.7451
59.8113	65.0372	366.7408
98.2008	140.7836	230.2722
68.2246	84.1286	292.7127
25.1894	170.4289	313.8049
71.9588	188.1080	185.1902
100.5670	187.0812	97.3014
192.1574	101.9110	93.7496
29.7074	20.4771	366.9424
64.8416	39.5258	236.6846
57.8018	74.1358	32.6963
126.1624	59.4397	227.9011
187.0655	139.6517	447.9244
7.2136	107.6634	131.4437
13.1241	184.0453	12.7965
114.7103	19.7736	92.1826
23.7134	111.0073	43.1235
24.1348	34.5747	89.0409
119.0917	119.9288	167.0801
180.0252	190.5911	344.6027
81.1930	93.1556	101.3140
96.2200	104.3701	252.3409
43.4408	13.3601	232.8433
35.1879	173.2274	251.5186
122.5071	124.9676	350.4678
152.6368	101.8054	219.0309
146.0693	146.9199	256.4781
87.5184	160.1229	142.8250
56.8109	108.7027	235.1850
173.9429	81.3419	90.2682
73.1422	123.6329	429.3363
50.4635	179.5599	72.0321
159.7926	132.0256	27.1057
31.7300	144.4623	283.3709
114.6738	144.9182	316.7747
180.8963	52.3541	321.6719
143.1809	145.7953	6.9234
186.4905	110.9447	59.3911
150.9064	13.9187	237.7451
105.5379	5.0285	26.6055
123.8574	141.9518	27.5399
137.0048	170.2914	75.4963
177.6538	130.9006	29.2155
55.4524	8.4942	277.5172
158.9084	170.1066	123.7840
160.4078	37.4510	119.4567
157.2481	29.3893	57.3341
116.3657	93.6588	88.2756
184.5462	150.2708	365.0658
71.9926	5.9973	68.6761
151.6096	113.7290	135.5106
190.4846	59.0309	227.8183
162.1288	75.2822	128.8244
156.7143	171.3530	43.5765
108.7319	7.9093	197.8591
96.4731	158.8893	353.8345
139.4465	170.0787	394.5969
29.1362	124.6037	383.3754
29.0906	131.6124	134.2418
179.4041	169.0757	85.1397
159.8247	124.9900	221.9350
0.3357	86.2115	194.1039
9.0140	15.9906	0.8253
100.6157	30.5087	421.3059
20.9175	174.7197	299.7687
119.2049	140.3523	285.5417
107.8796	6.3163	69.2478
96.9079	147.5911	107.3347
52.0402	11.7209	272.3427
34.6938	63.6820	154.7493
41.4760	88.7820	339.2946
88.5793	75.7067	389.1720
124.9460	36.6765	13.9344
69.5500	47.3214	174.3431
165.0454	19.1061	430.1329
83.9758	124.6408	12.0854
17.4093	182.6824	116.9540
40.0411	73.7512	342.9135
128.2915	20.1996	76.1795
153.0413	132.1980	231.3691
67.5007	27.1981	147.7498
36.2320	16.1309	87.1012
17.2362	19.3625	273.8225
139.3011	0.2083	265.8463
93.9938	144.7330	248.3562
157.4950	92.6667	353.0162
65.4924	47.2482	334.9303
65.8756	15.4439	81.4795
66.0636	150.9247	25.2700
153.0990	52.6428	145.6742
118.8404	53.9787	60.6535
169.7263	170.0106	375.4733
148.1083	66.6110	92.2849
181.4324	3.0530	376.7502
148.5606	157.0952	211.8645
153.5489	41.2075	432.4594
111.8826	110.3273	270.5194
91.3347	137.4470	455.4730
83.3134	40.8094	116.5953
135.3373	12.3314	142.0773
184.1214	40.7776	356.7497
106.6526	39.6229	224.8510
94.7057	176.6923	216.7273
35.4114	17.6737	365.4239
79.5858	151.1318	125.2446
14.6651	171.8207	265.2772
133.1178	59.3077	364.7277
149.4244	134.2153	214.1230
26.6530	69.2945	159.3467
89.5364	184.0729	193.9890
51.5931	100.5489	304.4214
177.2495	134.3574	13.6208
143.0911	155.5836	64.0666
182.0113	7.4422	245.2771
36.0498	21.4974	40.8282
31.5498	160.7103	67.8806
69.2767	93.5339	187.1990
58.2819	137.6760	72.8566
169.7052	19.8378	356.9708
178.6035	95.2633	234.5280
74.4118	132.8840	220.7926
96.2361	125.1986	145.1000
171.3945	32.2766	39.2097
18.0116	121.5895	446.0581
53.0186	15.9775	55.1307
31.5979	29.6953	42.2204
41.0945	181.7168	152.4845
51.9644	121.1609	216.6991
140.2847	86.9451	403.5221
65.9882	61.2088	58.9073
114.5409	147.3128	6.6573
76.1244	125.1842	96.3930
52.7468	5.6625	10.6931
22.9109	23.6241	449.3082
115.0569	83.6744	240.7838
54.5252	140.9826	260.1681
43.5897	64.3128	82.2750
89.3512	69.3717	294.6685
117.0333	108.5166	250.4963
85.6975	171.0086	208.7026
171.9918	126.5218	195.7099
44.9640	68.5995	191.1601
10.5659	188.5689	258.7734
95.4099	75.2955	222.2794
97.6251	182.2302	107.5479
81.6654	56.9547	274.1204
123.4073	11.0577	362.1535
145.4688	184.3936	118.2411
143.0793	71.1942	185.1537
2.1121	166.5036	262.5324
10.1843	98.6332	431.0047
71.3062	126.2051	358.7739
10.7661	16.3691	366.4770
44.9847	36.6526	234.2155
105.8836	139.2246	244.1670
183.5547	103.5957	199.2141
27.4284	98.4029	27.1446
79.1995	63.1424	239.2411
4.1327	118.8839	76.4830
50.0576	165.2534	8.1681
137.5753	155.1125	202.0753
191.6411	124.7395	236.6736
63.5147	179.5667	221.5352
145.0768	100.0110	76.1420
41.8504	4.0215	166.8629
79.6215	120.9394	356.1565
160.2937	168.3633	440.6578
114.0344	31.6221	248.3312
80.3221	48.1925	189.5770
73.9726	130.6670	30.2968
90.4889	87.9737	80.9297
12.8344	117.8451	66.6065
169.1976	25.5371	231.0224
118.9403	57.8664	16.7879
28.4484	71.5271	174.4655
167.4707	177.6285	349.5005
143.4661	186.4254	208.2381
8.4435	53.7836	257.0056
150.1744	26.0755	232.2498
110.4499	179.2216	422.2054
110.0265	57.5588	38.4611
29.3728	63.1242	78.2871
79.5344	94.8111	15.7495
3.5409	33.3786	308.6645
35.9603	82.1458	347.5606
126.8380	69.7954	432.3554
181.4953	25.4852	322.9250
165.8272	168.1086	227.8352
183.2764	107.2179	213.9655
34.1211	137.7215	215.1600
133.1897	117.4461	45.3297
72.2855	27.4874	133.6681
85.8169	185.4915	299.0427
146.7784	176.3580	16.9854
177.8140	102.9088	42.7696
32.3996	172.4872	31.4241
177.1277	45.7823	113.9702
32.1106	29.3970	124.5693
5.6760	187.4887	191.1495
6.9459	173.7655	425.1852
53.0116	36.5615	56.6368
155.2646	187.7966	92.1623
144.5000	108.5873	370.4579
125.4454	186.1825	171.2070
146.1589	190.8406	173.1210
148.1938	61.5738	346.7331
85.6826	123.2761	364.6857
98.0776	130.6206	421.6599
134.9962	13.5988	174.7742
43.0188	29.7869	111.3618
125.9489	132.5762	243.0430
176.1606	182.0344	383.2043
167.0332	137.0306	28.8994
157.1643	38.1640	184.3518
1.5627	60.4515	437.4817
43.9787	114.7271	94.8462
140.4112	27.5149	65.3936
3.5102	149.5041	115.4105
43.7344	110.5029	410.9556
83.1132	139.4471	240.2324
71.7959	115.7204	304.1590
37.4244	162.8771	270.8456
29.8927	120.0880	105.0756
121.9781	51.6127	29.1638
26.7145	188.0049	1.0030
159.6207	187.8641	136.7485
27.8810	36.1973	431.7769
98.7619	71.3552	292.9679
42.6693	112.2503	228.6976
165.8350	56.4120	256.3082
69.7147	19.4877	234.1806
16.2669	74.8337	148.2971
182.7284	102.4109	65.9115
117.3841	19.9821	204.6946
67.7103	72.4895	43.5505
145.3949	5.8022	237.0250
76.5472	83.1539	152.1246
96.5394	164.1214	444.4419
1.4420	45.9578	438.7874
164.4147	136.2715	247.8177
134.6173	153.4784	235.1337
41.1743	23.1361	326.3690
142.5107	162.8064	125.5069
12.0704	51.4521	346.9047
39.1423	89.4957	260.1289
149.1159	22.9389	65.9302
49.8194	50.4009	51.2912
6.4769	52.6059	100.2483
64.8502	92.7098	123.3442
153.9363	153.3510	343.3225
143.8275	118.1298	70.9535
81.3290	121.7331	213.2511
162.7877	70.1523	216.6902
65.0095	14.5289	218.0757
53.3160	179.9253	303.2935
107.9215	167.5783	388.2286
22.6901	107.2161	50.0940
31.6217	73.6811	164.3560
6.6049	154.9856	357.1280
177.1710	188.2994	182.2644
51.3182	7.4150	173.1541
2.0074	107.9287	444.3795
16.2438	172.8572	106.3217
186.2301	4.1564	10.0155
30.0040	178.6625	286.8606
164.5181	27.4046	412.4042
141.6024	55.2969	342.7093
165.9300	143.9790	40.6073
51.0530	37.8573	53.3658
191.3540	61.5442	448.0995
15.1116	178.1015	111.2865
12.1011	150.6445	58.8396
132.3399	15.3399	320.0229
36.0351	180.8532	134.1656
54.3539	19.4281	132.1500
27.0655	175.1266	259.9475
170.2610	31.6959	424.8285
75.4531	155.8898	420.3741
45.0570	-103.6311	637.2400
102.7608	69.6745	226.6520
184.6355	143.5049	225.5962
136.0782	137.3817	158.9220
192.2056	3.4542	134.3343
187.5253	46.4160	41.9973
38.8954	102.9150	289.9410
152.6494	49.8443	436.5305
40.2802	78.4170	184.2996
126.9570	54.2051	42.6305
5.5571	125.0305	47.3057
13.6769	178.6431	1.8797
145.7276	128.4040	252.1266
46.1948	91.9852	298.7698
127.1258	114.7175	216.7446
176.0561	12.6944	162.0848
104.2177	190.3700	35.2023
107.0025	189.7643	25.1436
63.4727	65.6907	408.4888
173.3423	78.6344	249.7949
133.9954	12.9336	419.0999
160.6145	87.4003	241.4619
8.9657	166.7189	68.6770
99.9711	89.9377	397.3990
8.7515	167.0151	120.3490
97.5231	57.8596	62.5488
115.3623	113.5967	157.1972
172.5369	138.8594	245.1083
137.3132	44.8580	189.2387
112.5410	154.6743	27.2717
115.7904	121.4584	426.1598
125.2886	14.9986	14.5375
109.6991	167.8495	281.4949
11.9382	3.0564	397.0124
175.6932	127.2144	143.2834
52.7045	21.3921	254.0570
161.6060	163.1083	267.6300
8.9383	84.0581	455.2959
185.8629	88.1282	112.9787
148.3120	24.2425	107.4675
120.3401	88.4913	374.5369
182.9565	3.6802	332.5765
79.7805	30.3377	46.5707
114.5438	61.7471	232.7900
150.4987	111.0808	418.5046
127.6781	91.7974	370.9099
127.2730	188.1175	401.3855
156.4804	102.2163	307.7109
13.9434	9.4904	202.9773
116.9886	166.3169	249.3494
179.9340	186.5693	234.0124
78.1289	9.2284	453.2012
133.0676	119.9730	224.1079
141.4422	29.3927	301.2936
56.1831	144.5048	216.9982
177.6419	170.3956	203.1915
123.2567	88.0419	231.8440
0.7815	83.7677	418.2881
15.7042	15.2800	67.1623
70.0231	116.7204	116.0553
76.3297	144.2852	437.4241
35.3890	56.3262	284.1830
10.5280	15.3471	419.2101
59.0611	133.4747	258.6567
178.0809	181.7965	180.0079
119.7736	144.6651	230.9317
88.1148	134.0921	327.6349
156.8593	118.3510	277.5043
49.8458	78.5533	325.5547
188.3128	18.8236	21.9455
55.8974	140.8657	427.4847
102.4590	8.1784	364.6071
145.2366	143.2427	153.4112
171.7335	82.0938	24.6622
26.2979	103.0592	308.8410
168.8165	24.0637	35.4939
108.4884	76.4101	417.5697
116.0924	178.2859	429.4238
118.6224	86.7250	268.9366
167.3091	46.5798	155.2455
163.1180	107.0248	209.3022
169.2987	183.0736	424.4273
134.6374	181.5881	197.7780
146.5527	169.0690	297.7819
109.7190	134.6788	15.1496
42.1778	156.9547	77.0312
9.1974	111.6149	107.7871
152.4471	163.8631	181.1015
42.6618	26.8112	312.8370
48.4455	118.5964	231.5491
15.2267	188.4704	11.9287
28.1181	157.6881	302.7009
95.5506	15.4179	174.7504
3.5944	180.9688	379.4228
177.4252	16.3073	317.0767
143.2011	141.8616	366.4065
15.2418	177.1233	324.1944
56.7478	113.9122	430.1202
72.7614	111.0809	225.3144
78.1205	81.4794	321.3985
168.1371	188.0998	262.6573
182.8941	110.8013	62.0397
89.2498	139.1736	139.4123
147.5272	162.9735	124.4365
73.5754	155.7033	430.4106
63.1296	6.2782	234.5880
151.1262	42.4756	264.4150
95.0267	44.4293	44.4275
55.3454	14.4542	190.7095
136.3644	51.0936	145.8448
81.9352	174.3035	151.2235
5.5492	39.5868	356.0595
8.2642	127.3868	284.1476
100.1626	150.2900	304.7344
77.7389	85.4333	254.4521
2.2222	116.8573	245.5865
83.9968	12.9027	108.9314
103.5264	121.6849	280.5770
12.7625	45.5578	46.6299
37.4455	148.5334	68.8419
71.4560	159.7758	47.4644
173.1964	162.2799	339.4161
159.8646	135.4098	116.8441
138.0408	103.5450	128.4500
124.0609	25.3716	301.3201
159.7044	137.5401	216.2878
160.7149	19.6114	100.7174
187.5858	83.3228	241.5513
38.5018	33.8176	13.0017
7.4504	80.4946	433.1358
177.4243	143.3972	18.2140
71.2491	165.9064	20.3139
178.6085	148.9271	413.4765
121.3050	179.2117	41.3675
35.6582	183.1427	4.8151
10.0790	98.2785	129.7117
75.5621	41.3133	338.4791
84.1236	159.9114	47.6061
157.3217	83.6327	68.2641
153.9056	44.2204	113.1342
133.5248	8.8796	329.1199
26.9269	77.2033	9.5662
94.9863	165.8208	350.4050
7.6967	114.2943	317.4903
45.6323	108.4884	415.0700
137.3806	127.0506	347.0142
149.6934	185.1000	411.8179
114.7828	136.1532	337.9132
52.3637	100.9519	166.1964
35.7287	137.8728	413.9658
163.8210	37.8133	60.3463
125.9678	25.8366	156.8276
165.8096	187.3014	336.6103
185.6618	32.6849	236.6789
153.8299	27.6576	372.8304
152.8284	180.5755	23.4537
91.3983	67.7179	275.7331
96.9102	133.7938	415.8987
159.0212	105.7319	132.0057
140.2134	44.9090	41.6861
131.0531	175.6354	215.3298
153.4800	35.3616	429.5666
2.5312	44.8033	375.5743
39.9388	25.6675	68.0977
106.0684	78.9942	263.8430
0.8969	68.9724	74.2541
67.4450	44.8116	47.4208
80.2748	70.5685	214.1702
19.2987	130.9281	356.1240
161.7948	78.4445	420.9776
84.0231	98.9918	401.6276
91.3113	129.0709	104.5151
119.2384	25.1581	362.4947
93.7400	84.2630	224.4759
45.0256	27.8715	403.6205
184.1987	113.8984	436.1400
146.3765	152.9592	49.0052
81.5590	152.3462	253.5277
129.1982	23.5485	66.6998
38.8514	155.1817	64.8455
15.4298	168.2915	244.4952
83.4527	33.1865	226.3308
54.8746	62.8836	200.4013
188.2262	9.1452	354.9226
67.5003	22.1191	320.5182
3.9096	106.6292	205.5059
41.1031	62.0204	139.5842
80.3910	189.6868	37.8103
131.4673	177.9843	354.1919
118.9176	16.1215	256.0786
181.1072	45.7084	112.5593
168.4621	75.5494	358.8260
85.1192	89.2258	76.6703
147.7500	41.6746	94.8505
121.5265	189.9678	296.3235
16.7431	148.3939	334.1720
66.0555	67.2699	199.1104
10.8548	77.2395	181.3510
105.2956	85.3694	404.4691
184.5575	94.3412	99.0728
179.0285	179.2219	381.7704
70.7210	102.3349	250.2684
177.1563	70.6314	394.1828
83.0154	48.5532	419.3549
101.0161	156.2326	11.2271
145.2105	21.2015	78.4855
164.4389	117.5975	295.7857
104.0056	44.6480	422.6457
129.7839	73.2989	103.5708
81.5841	106.8145	182.9224
31.4228	39.2623	115.3761
158.3744	173.9197	165.5877
94.1236	30.7567	135.7134
157.1853	88.9077	245.2502
45.4484	32.1187	244.3953
62.0963	120.4770	100.9630
40.9288	108.7256	188.4128
25.1138	185.5302	147.6454
116.7167	1.7680	74.5600
128.4433	115.9347	363.0602
111.9541	43.4935	393.3953
62.1577	6.0073	207.9605
25.8719	41.3609	43.2652
83.5695	96.3608	122.9487
157.3292	9.6828	8.4242
10.2206	67.2038	212.0655
139.5482	129.7585	317.8058
85.1974	52.7496	319.6053
135.8604	44.9250	142.3911
73.7261	64.3109	92.4794
58.4146	132.6591	254.5170
117.1997	190.8598	346.4473
159.8533	15.6214	261.0261
81.0543	190.3465	104.6258
79.2826	84.1944	159.0858
160.4284	105.7069	82.4053
145.8746	173.4935	105.9502
124.8060	20.4951	71.1881
139.0931	190.8999	75.8175
142.2401	78.1436	193.6024
189.1216	114.3041	322.7844
48.5175	84.9376	86.4747
45.3613	174.7762	238.6713
25.9441	44.9794	146.6392
38.8301	14.7037	429.2831
163.9623	45.7318	228.9890
111.4106	173.5023	416.8502
181.7621	191.0428	27.8296
188.1894	120.4057	296.4266
31.9831	24.1605	6.8563
142.9864	92.4814	125.4358
174.6277	58.8750	218.3721
31.8886	148.1914	381.9058
3.0871	71.8958	79.9341
11.3467	115.1644	333.2868
102.8266	65.4636	410.7418
126.5078	166.9595	304.4158
63.8418	135.8448	208.1198
161.7821	159.5076	130.8315
148.9290	174.0717	314.0238
154.7912	70.2602	349.1103
155.7433	60.0945	143.6688
76.9262	156.3926	16.2255
2.8268	47.4319	87.7179
135.0206	74.5308	154.5648
13.5125	58.3636	206.3074
18.0233	6.8378	27.7695
87.9523	53.9112	302.6715
90.8612	87.9172	78.4664
147.3073	67.7517	38.9776
165.8759	77.5898	137.1210
122.7242	85.7622	114.8485
44.6141	66.5139	313.8903
48.6982	162.6324	167.0153
69.9491	59.0128	429.0965
61.7749	78.2134	225.5227
130.2940	78.3813	157.4640
43.1517	63.5350	71.9353
84.0210	186.6380	200.9425
7.1621	111.6123	133.7147
89.9844	85.6762	240.4583
114.8291	65.9211	285.3211
122.9491	162.9741	22.7859
140.2767	47.7868	447.8378
18.1965	23.6396	371.2482
136.0312	188.9029	274.6311
177.9823	135.0611	223.7682
79.4127	51.5903	165.7043
134.9620	77.0963	353.3445
36.9270	130.9539	73.7676
77.3200	82.6905	182.9945
151.9060	41.5273	433.9477
118.6084	4.6691	207.8875
189.7506	49.7994	182.6707
96.1917	180.9377	96.5427
36.8202	137.6941	152.8314
71.4050	91.6187	147.0736
20.9300	38.4421	46.6113
5.8555	70.0163	257.8510
70.7766	110.5719	422.7483
41.3216	8.0388	264.4143
157.6296	104.6460	269.3383
187.4316	22.0772	417.9137
113.1910	117.2475	420.4116
107.5824	38.0658	202.2289
0.5536	108.1174	162.0684
39.4260	74.3561	192.9012
174.5386	91.4371	259.5359
155.3297	184.3497	426.5533
62.7725	100.1725	311.1617
169.7469	178.9060	403.9060
129.0349	15.8979	22.2588
172.9168	105.6120	103.7692
138.5754	189.4571	32.0514
132.5165	89.3041	78.5625
144.0500	45.8048	125.0332
93.1077	118.0486	233.5479
77.5966	57.4892	347.5797
5.9021	4.2208	286.8652
15.3104	178.7388	293.0292
180.1753	145.1598	424.1866
77.0637	159.9971	125.8159
180.9303	66.4727	415.4970
173.7886	38.0649	322.1082
8.3372	61.0299	446.3265
88.9620	117.8610	244.4653
142.7715	171.6697	452.6561
76.2693	9.7631	119.9577
138.0516	179.5816	51.9843
70.5900	131.2913	440.5584
145.1769	56.9208	130.5133
98.4338	27.0785	305.0383
62.4623	25.2448	75.3161
12.6227	35.7516	113.2284
42.6269	166.6290	402.3967
83.0115	189.8321	275.1655
11.6325	118.5212	358.0981
181.6257	23.8697	93.9569
130.0899	36.9190	344.5645
88.2048	115.8490	394.0102
28.5826	134.1673	103.8305
62.2949	18.1782	218.5883
177.8856	61.6608	31.1918
73.4918	134.4009	154.8442
100.0578	14.5459	203.2706
159.2619	38.3915	411.4450
91.5821	150.9948	117.0879
17.8599	38.7227	34.9752
174.5515	102.0978	80.3364
7.4933	1.9254	372.8174
7.1232	85.5381	415.7247
106.5281	109.3176	390.2566
190.3705	19.3758	203.9276
4.1202	91.3463	101.1083
48.3022	68.9777	193.5735
8.3107	141.7796	393.1413
189.3242	101.6069	303.9102
186.1488	47.9025	121.6940
158.5483	11.4102	333.4295
48.8691	21.3313	281.8617
63.7983	106.3670	199.2951
92.8403	11.0826	135.8142
171.7293	46.4413	23.1047
113.6540	184.0116	204.9502
121.5708	137.0996	406.5574
173.0731	139.4961	208.1961
102.7850	99.7937	218.9803
64.1966	73.0627	93.4085
135.1581	147.7872	296.9264
34.4449	98.5101	298.3770
162.5799	129.2407	22.7405
64.6855	92.9314	111.0264
29.8554	150.7847	427.2282
121.0970	17.7498	11.0366
107.1259	6.0475	64.6508
170.5015	139.6262	153.6427
48.6465	166.8731	113.3523
178.7647	122.2609	54.2423
74.1532	172.5379	11.4382
93.4235	79.1092	191.9383
5.7183	21.6443	322.3025
93.8404	113.7644	403.8902
101.6251	169.2109	84.5342
61.9167	59.5832	431.6590
87.2896	90.5676	419.0847
102.2558	2.7079	150.6483
108.4590	95.9552	185.5043
76.1150	23.9002	141.0397
139.8749	1.2221	70.3093
15.7644	83.5205	253.8097
172.3026	122.5183	224.2284
98.6153	156.4973	358.8459
21.7737	78.2169	177.5741
22.1131	89.7348	97.1685
136.8418	5.8943	40.4158
122.9909	138.4601	219.5851
158.7110	141.9867	7.5894
0.6356	143.8331	156.5176
79.6292	55.7233	241.3236
158.7648	38.5520	173.6651
12.1890	68.0764	347.1630
109.2135	38.4332	64.7447
120.5513	124.1102	407.5526
186.5066	83.1979	202.2754
66.0688	105.4260	96.5807
123.4412	85.7336	281.0343
17.8090	86.0587	321.0403
90.4648	48.1058	388.3866
98.4038	174.0963	131.0411
14.5976	170.7790	422.9008
115.2165	113.2248	296.6881
173.5461	10.3415	335.3246
171.0131	159.7871	121.6165
125.3697	59.7220	35.0978
117.5003	1.2558	450.6946
162.3107	180.1689	137.1611
54.9949	191.8317	218.2957
187.1322	11.5152	236.5730
27.6933	95.4510	100.2680
55.4355	9.9668	173.7988
117.7523	177.4530	98.7068
167.9086	140.8156	221.3950
146.3887	136.7755	261.7934
98.5021	45.8890	101.7375
47.3844	34.5865	254.8845
163.3115	143.8145	23.2445
124.9697	1.2022	108.1621
180.2274	32.2136	398.8831
46.2700	44.7399	390.5728
49.9000	57.1952	38.1233
171.4768	57.8962	0.5238
42.4058	44.3801	80.6208
64.4103	39.4294	48.5988
16.8110	28.7492	179.7355
112.0361	19.6359	401.8776
52.4787	34.7925	404.0805
95.4189	73.0798	195.4877
20.3761	44.0808	35.8445
26.3957	128.2810	127.5088
188.1889	84.3687	273.1701
96.7462	135.7263	54.2231
67.1518	175.0880	201.8246
154.3165	167.1012	300.6036
166.5426	69.6779	353.7728
129.9367	186.3208	297.9918
17.3914	90.9266	448.1422
127.9466	20.5472	68.5255
1.8878	186.6780	49.6372
125.7781	105.9145	90.1098
158.2778	132.9899	59.3534
90.5570	41.2884	99.5551
138.0973	70.6746	421.7197
9.9579	82.6389	267.6957
64.3899	142.7530	137.5461
92.1200	176.4058	271.4465
25.6526	99.7548	295.1728
144.0359	188.6725	275.3297
191.4213	126.2531	319.5534
25.8781	133.4452	247.9400
135.6940	121.7206	448.4900
169.8252	9.9262	336.6038
108.8550	121.4910	25.6983
61.7333	190.4210	210.9237
184.3265	185.2567	368.3965
155.8481	97.2369	256.4526
137.4310	160.6877	442.0006
2.9779	33.5423	216.6041
68.5785	147.1645	298.3311
169.5879	117.3174	307.6019
116.0309	172.5207	17.7950
65.8656	3.2027	406.8434
86.4921	17.8563	275.4378
22.4245	152.7408	220.6195
9.6863	82.4170	438.6995
51.9575	64.3325	67.6993
192.0150	91.1633	213.4207
153.4457	185.9382	95.5792
50.9228	38.0275	442.1324
75.7008	120.7330	303.5181
156.8478	20.3001	407.7643
101.2553	44.4002	174.3496
174.9374	142.0657	118.1232
53.4400	164.3953	431.0202
3.4816	41.4700	129.3399
71.1764	100.2574	259.0382
45.4294	78.8791	274.5980
19.9903	2.5321	217.9425
31.1766	63.6508	18.3271
55.0731	100.4051	201.4532
133.2135	34.7249	35.8502
32.2385	128.7390	97.9512
45.4834	49.3651	371.9203
131.5772	168.1878	250.1283
121.9094	75.8971	335.9230
22.0242	9.7641	95.2315
183.9368	74.5274	240.0082
19.6821	76.1257	366.8007
171.2924	26.2727	222.5860
137.0553	88.4412	179.6890
71.7120	1.6350	307.7987
53.9209	188.6573	353.8833
51.4718	135.8824	452.2758
133.6383	141.8203	333.1586
95.8355	40.7383	53.7891
50.6379	134.1830	423.2865
35.7310	23.5887	452.8447
145.5745	177.5141	84.7551
144.5434	154.6011	352.8698
20.1369	144.2651	40.9250
108.2995	143.3684	211.4289
142.8285	174.4271	118.2098
154.0668	116.7763	353.2252
147.9965	58.8422	428.6188
11.7288	190.6194	375.8724
154.7577	30.3467	390.8494
105.7906	181.2556	432.4235
190.2860	129.7366	231.1786
163.1086	164.9798	384.4224
80.3443	180.3701	108.9779
170.9311	96.1514	371.6547
78.2058	173.9331	200.9252
23.2495	141.9491	69.7285
59.2447	149.3890	163.1481
178.0716	72.5231	396.8510
105.2079	124.3368	235.0748
136.8516	134.0159	129.8261
90.4055	114.5935	130.5144
164.2748	70.5270	35.0483
18.4290	115.2124	414.3538
118.7364	190.7057	124.5460
55.3070	171.1459	140.1721
115.3749	131.4579	396.2863
180.2216	24.4730	455.6756
12.6613	111.5961	53.7766
169.6100	55.8252	407.4053
144.1020	94.2942	279.3328
54.4319	146.3749	0.1939
42.1356	15.7525	417.1042
146.6835	44.5335	125.1117
14.4383	145.1542	267.1661
114.6750	64.1654	252.2465
92.1330	105.3060	212.6912
120.1508	63.3461	16.1865
84.5592	129.4906	63.5678
8.4961	37.4221	284.4594
115.8677	36.2403	97.8979
135.3322	123.7575	185.5675
189.2262	156.0990	269.3309
83.0473	56.0738	248.8707
48.8118	223.0322	339.9800
140.5350	29.2428	158.2199
101.4582	8.4579	295.4175
45.5326	73.2633	185.8124
122.2454	2.4322	36.2080
67.9449	94.0095	272.7912
148.1172	137.5834	180.3615
79.0129	24.5603	130.2488
147.6576	5.5541	219.6896
127.4052	126.7113	123.3976
4.1477	96.3558	238.7509
164.4317	43.1588	230.1344
169.0508	104.8867	26.5828
105.0516	167.6595	62.0582
66.4592	126.9430	260.0939
34.9003	186.6471	207.3877
15.0131	28.5170	234.0137
189.9625	152.1398	23.9357
133.1028	108.4124	241.0364
147.4725	173.7202	181.0836
47.1549	81.8769	253.9051
1.6022	100.1313	351.5581
66.4750	189.1916	158.6594
172.8885	91.0290	273.8022
100.8382	61.0309	326.5427
88.7096	78.5164	357.8759
75.0576	135.2032	341.2278
169.9342	42.3311	207.0051
167.8668	174.1774	450.3943
71.6237	69.0886	61.7107
183.4400	137.6423	64.7310
53.5451	163.3240	205.3436
85.7317	78.2516	234.5875
21.1278	105.3122	314.1275
10.2134	15.4398	235.4923
46.5403	126.7678	93.0140
112.4342	35.3906	97.8775
97.9591	84.4157	18.9353
145.4441	161.6580	365.0250
139.7281	179.9410	185.6543
171.0006	24.5271	197.5173
29.6619	174.3881	261.5361
150.5660	139.8915	80.5862
63.8682	150.7968	343.2200
166.4197	90.8303	49.5695
55.3050	24.9088	203.4002
179.0351	36.1719	137.0901
138.9631	179.9715	438.3341
79.3073	115.5912	17.6110
66.6867	114.8821	87.1142
1.1487	51.2282	47.0288
23.1723	64.1597	190.2137
54.4789	15.2226	408.9556
5.0573	63.0367	453.8232
48.1809	184.2136	75.2721
5.9205	71.5097	57.4433
70.4611	169.9517	32.1322
144.8573	173.1160	130.7943
84.3905	45.3623	395.4080
57.2835	155.9408	1.7166
127.7888	83.0622	412.3593
185.4032	122.2882	132.7376
178.3145	173.4078	164.9127
29.4437	129.8927	327.9414
185.8256	156.2077	402.3356
42.9928	57.0724	338.6489
110.4420	162.1164	382.2891
178.2035	59.3432	61.5324
143.7492	8.7133	282.1163
126.3837	12.0247	84.6253
160.5198	138.0952	96.5499
44.1499	173.1685	405.1812
34.7766	148.7568	342.6034
106.2117	61.9898	42.4926
31.3410	35.3978	13.3882
25.5600	121.1161	412.8940
41.5059	138.4983	152.1676
102.7232	163.6568	429.9359
166.2972	47.5265	82.5264
145.0305	167.6832	321.9024
155.0897	76.7942	183.2640
122.0325	187.7682	197.5851
176.4626	125.0184	6.6227
96.8558	143.3233	320.4951
92.9672	176.5325	282.3995
163.1270	168.7475	138.3081
104.1537	77.2516	201.0326
36.1364	26.0707	127.1318
72.1209	136.9483	98.9059
9.9484	63.6384	200.0004
67.4214	169.3216	284.2595
53.0186	15.9775	55.1307
19.7288	28.7964	114.5814
160.7112	185.9722	416.5631
41.5965	21.1137	318.1814
57.3179	163.9021	349.6174
31.7516	54.8195	135.7654
107.1249	163.3230	359.3313
79.5588	157.7258	403.2067
73.2017	12.1956	402.6673
57.6214	170.4772	315.5032
2.1733	137.5861	328.7434
50.2041	168.9453	16.9730
161.9246	162.2967	163.6484
142.1545	27.2650	345.7604
110.7133	53.3766	32.0686
101.2597	145.2729	429.8407
124.5969	4.7460	117.0987
182.7483	148.4755	90.2836
116.6417	100.6951	431.0236
182.9345	14.6052	166.8302
53.1931	130.6055	116.7840
46.9604	98.3709	376.6735
133.6850	31.4982	163.2384
88.3968	42.8644	29.3665
26.6935	54.8165	78.3840
49.1778	190.3897	371.8399
113.0143	60.4560	44.3450
11.0096	49.7472	355.8389
75.1381	184.2281	300.9334
94.2462	153.9615	314.4910
80.1880	133.9423	317.3890
27.0233	143.2840	417.6085
59.7153	49.9643	80.5269
45.0241	89.2315	2.4884
187.6749	145.3084	220.2859
17.1956	88.5247	299.1113
182.0434	38.4626	95.4970
34.0247	128.7109	238.7414
32.1431	189.3545	140.7002
145.2125	128.0572	179.6027
29.7283	187.4765	215.9773
169.9311	142.5447	335.8580
151.4326	144.6254	204.4962
113.7302	39.5729	362.4659
146.7459	23.4729	186.2401
135.6814	181.9581	282.6246
98.7022	138.1606	84.6966
104.0219	155.6326	19.6866
133.8366	160.0624	352.4386
137.6403	118.9480	33.0270
50.6865	188.9628	191.7999
145.5576	184.0575	372.8705
93.8920	14.9100	286.2530
156.0230	108.6608	190.8841
108.1661	46.5254	414.6005
135.5816	95.2790	222.7329
110.4549	116.0518	224.8489
168.3843	133.6770	261.5820
112.1851	44.5376	267.0103
38.5607	44.6901	302.5716
7.1055	45.2108	308.8685
87.5973	12.9613	271.1013
184.0748	124.1324	384.3160
91.8311	22.4272	189.5281
89.8903	24.6088	349.1918
149.4228	122.4512	453.3029
16.0925	44.1271	183.6548
24.8948	66.0454	18.0198
134.4190	57.8265	385.0330
99.5896	163.5708	450.9215
11.8963	49.4844	231.4694
128.5989	77.5299	122.7345
184.7067	130.1078	98.0346
7.0549	184.6263	164.3015
6.8886	133.4017	287.6850
67.2498	9.9251	128.1542
45.2831	71.1358	311.4373
96.8174	25.1796	453.7820
91.0222	140.9098	91.9803
68.2547	140.7905	242.1548
118.8330	42.7945	123.6808
16.7965	25.4476	294.6290
132.2234	35.8795	107.8945
20.6760	112.6203	269.5790
81.7471	141.6088	47.4015
97.8564	169.1666	422.6245
112.8967	56.0114	244.2156
7.7834	40.1946	122.0910
99.3540	159.0575	75.5546
148.3787	101.8810	69.3804
48.4626	12.1958	15.8079
115.4078	37.0280	249.1999
1.1530	69.4276	432.6199
66.8430	63.0016	383.8594
42.5632	157.7379	294.3626
186.9263	64.6178	146.0640
170.4673	178.2119	83.0312
87.8974	118.1956	102.0316
96.5433	111.0873	333.0109
73.7927	17.8731	257.8891
175.4602	35.7030	377.7550
27.8995	64.4786	87.3816
155.0346	47.3571	277.7667
9.6251	11.0767	320.8180
9.3335	22.2250	434.5905
73.0490	122.7155	308.6978
125.0011	9.1740	209.9933
15.6257	183.0297	362.6290
153.0485	133.6298	62.3245
7.5889	24.1796	430.3481
153.8673	117.7954	26.5974
80.1427	65.8829	228.5906
87.9013	36.3387	111.5970
68.7980	53.2987	333.8313
21.0616	39.9952	180.9919
149.6746	160.0199	83.1109
4.3110	110.6847	109.5856
52.5043	170.6279	444.9014
124.8247	14.9335	208.9552
80.3411	3.9310	348.3117
187.3869	89.5453	392.1378
168.7188	63.2297	50.7668
105.8958	100.2654	254.5697
152.8528	159.1453	356.2484
114.1453	37.8065	126.7471
121.7770	54.9390	209.7379
111.5856	38.3104	80.1626
152.4194	117.6593	439.1327
114.8306	167.8777	15.4925
52.0029	160.8345	150.7308
23.4087	73.6355	155.7268
190.9617	104.2981	308.3043
115.0875	2.5259	204.7230
129.0797	71.1942	76.9130
53.0186	15.9775	55.1307
150.6960	175.9055	140.3227
80.3882	50.0396	432.7809
74.6913	16.4853	90.4486
180.0787	141.7656	306.1803
60.7452	146.8653	427.3725
144.8219	178.4970	291.8593
28.6955	100.5315	79.0113
7.5600	143.7961	395.1094
28.2127	66.1744	103.9913
185.4121	18.5621	95.6057
22.2149	73.7436	153.0901
58.4818	176.9736	104.6084
129.2804	187.9283	291.6667
81.3035	89.5421	441.7618
165.7622	132.3428	230.9975
135.2363	152.0071	39.0544
109.3681	108.4920	236.5367
99.0459	8.1111	367.9630
137.6927	135.5813	242.5568
13.1914	183.7324	341.9493
24.7929	106.1561	106.2358
120.2297	78.3969	201.1256
56.3779	0.9941	259.2175
172.6270	103.2789	309.0565
97.9701	59.7348	79.7520
166.8875	152.1277	95.3352
106.0943	151.7845	345.9905
22.9294	37.8571	107.9782
128.0238	81.2738	118.0234
172.4466	162.4898	152.2030
62.9024	173.6554	122.1537
154.7078	14.8689	22.5311
183.6336	114.8069	441.9490
150.2693	140.8550	424.3743
138.1236	185.7893	218.3718
107.6889	144.7121	195.4589
112.1035	190.4581	322.3605
145.3506	10.4432	50.5842
113.5226	15.7197	388.4734
113.5410	159.7821	368.4141
32.3042	137.3167	391.8197
92.9978	133.3328	224.8979
182.6866	83.3434	277.7671
152.9323	82.0165	357.1429
87.6610	122.7547	363.3188
84.9129	144.9741	64.3915
53.9452	161.9141	10.6567
122.2979	39.4746	290.4567
107.3810	190.8625	365.5481
43.2614	78.9892	232.2168
37.3880	38.1644	189.5287
55.1666	76.2893	182.8410
112.6957	164.4767	126.0807
32.0402	73.2116	101.4602
115.8280	84.6102	73.7975
177.8675	131.0353	120.1585
100.3704	61.8057	351.4366
115.0997	107.4669	370.4453
9.4637	185.1786	231.5652
26.3336	95.9719	35.6790
61.6195	51.9345	135.6786
61.6480	37.0011	216.3644
57.7813	75.4589	267.1512
42.9073	1.1735	195.8086
36.0378	110.7492	40.5104
178.7949	7.2769	278.1353
111.0946	181.3087	446.3180
150.6050	130.7364	187.4506
117.2051	20.4035	13.7013
22.4072	118.4936	351.0236
132.4221	9.0293	131.3795
152.1780	150.0863	107.0255
44.7155	173.7280	2.2532
53.7571	10.5430	342.1254
13.1681	55.9994	339.2138
127.0745	153.7031	40.2190
92.2403	39.7008	357.7007
116.7295	27.8996	260.1529
167.4831	75.9091	255.4745
77.2313	152.9893	16.3493
68.2781	125.6156	365.5688
1.4063	184.8027	160.0737
98.6981	113.2702	163.1063
14.6650	68.8250	53.9144
173.8292	29.7147	217.6646
5.0335	0.6276	203.6901
155.8514	57.8492	244.0369
120.4950	114.5276	359.5626
73.4952	183.4042	197.8103
24.2299	97.0606	112.3942
173.3712	52.6894	79.3835
144.6302	88.9004	138.9920
28.0218	141.8463	14.7871
64.8285	133.9453	163.0601
48.6655	169.8873	2.2679
157.9188	56.6656	102.9978
21.2935	145.7996	410.4539
51.3157	22.2879	57.9733
26.3153	139.8397	365.1017
48.9529	173.7216	306.3996
33.1231	5.4472	87.0649
92.5901	177.0294	355.6651
149.9591	68.3519	349.1860
50.2215	110.8308	264.2634
94.3404	20.2625	374.2660
76.0120	58.3452	168.2741
136.8341	131.7017	232.8950
27.1842	27.5711	190.4107
26.3749	15.7871	82.0953
30.2133	153.2876	127.7064
68.8118	74.3607	179.9275
164.6660	5.0658	277.0145
32.5570	125.2573	382.2709
46.3762	17.9517	182.9117
9.9152	69.7360	76.9253
107.3722	123.5027	216.9885
4.1369	164.9713	142.4533
115.0130	184.6656	7.2281
98.3015	130.2443	84.9058
135.8331	52.9424	42.7726
174.9650	134.1710	243.4174
164.7360	99.3203	128.6045
58.6420	80.7733	156.5520
166.8681	147.8616	248.9055
86.1185	3.1438	182.3126
44.5530	9.8552	282.7495
40.6976	117.6700	132.5348
166.0557	18.3865	156.6437
29.1763	35.1567	271.7862
185.9732	163.3491	193.2937
87.2713	164.7699	420.0369
174.2352	78.9814	27.2538
149.6816	11.4738	88.8163
118.5241	118.5374	440.9769
162.6534	56.3141	384.1512
122.2912	123.0021	241.6064
5.3576	176.6407	347.4152
134.9383	119.6808	207.1262
29.9993	136.4440	157.0275
89.9534	107.5059	330.0594
26.8437	186.4407	45.5412
135.1057	191.2900	128.1407
126.7074	132.6333	114.1391
16.4763	149.8582	345.5795
89.5049	168.6683	228.6752
182.3019	113.4425	40.7047
122.6496	28.3036	156.6204
96.6306	29.3377	312.8831
3.3115	141.9437	204.5643
92.4499	36.7217	440.3153
34.9490	134.4603	356.5774
169.9169	178.1259	271.4418
108.9832	135.6423	136.2459
31.8243	1.7270	198.7170
101.2187	165.8304	386.2548
159.3067	173.9265	77.2908
57.2613	75.8562	427.7478
41.9358	125.0083	133.0526
1.8229	6.8106	105.9045
2.5259	171.6983	5.3977
96.3729	124.3838	16.2616
32.3868	157.3938	442.7360
96.6789	38.2990	366.1132
19.4952	35.7469	32.2603
92.8384	59.6652	351.0797
101.7852	165.5530	122.7911
148.0145	187.2157	166.0257
182.9339	153.7006	431.9523
71.8463	128.4484	138.1304
187.9411	20.6843	262.4034
68.4463	170.2904	298.6139
132.8154	51.2722	120.4747
186.5504	14.6312	232.1170
126.7020	34.3944	258.4233
3.2941	153.2801	288.7043
54.9221	59.2249	30.1147
33.9751	24.0614	342.8284
101.5063	142.3030	299.9715
166.9381	36.4603	431.9656
45.5703	170.4463	212.7804
173.9560	101.1113	292.8464
91.2177	139.8960	186.6943
96.8087	66.0919	276.5777
11.0492	146.9559	409.0356
165.7910	23.9022	57.3156
53.9360	13.6669	13.4606
87.6902	130.5973	134.9967
170.8202	135.1865	70.1395
18.8669	58.4668	283.8070
114.8921	159.3842	312.3036
115.2837	133.2524	322.4231
77.0338	152.3358	204.7946
86.8458	23.7060	395.3476
170.5883	52.8234	170.3817
156.2198	57.1698	253.5120
164.4476	172.0430	430.4236
179.1719	137.1894	121.3349
68.2378	166.5868	293.0221
178.1032	28.6292	239.1563
19.7536	117.0774	294.7420
7.5571	119.0944	154.6800
96.7238	29.9934	452.9785
182.0390	98.6013	383.2140
60.1427	175.8510	447.2670
48.5786	176.9260	176.6126
127.5258	110.2621	142.9735
152.6709	23.7790	13.2284
95.4639	147.3655	90.6483
80.8334	55.9494	362.2821
115.5218	90.9340	366.2665
100.9983	141.6681	243.1518
21.2175	100.9816	198.6985
172.4904	6.5613	447.4615
61.4873	113.7040	397.5686
11.0425	162.2677	432.7546
4.3492	109.9214	373.8590
87.0094	126.0246	421.1346
168.5460	112.6709	301.3700
14.7646	99.1881	179.1914
84.3178	143.4472	144.8374
133.0637	29.8739	160.4584
139.4738	21.5003	168.1188
154.7257	158.1012	202.1575
121.5975	141.4342	383.3611
6.7795	127.4747	187.4735
4.0036	89.7233	54.8962
54.1326	40.6525	415.5558
109.7019	176.3236	39.3102
111.2770	159.7656	435.8552
159.7088	56.9475	404.7395
6.9646	29.8139	243.5762
111.4069	158.6215	122.4511
5.6355	113.9633	286.1612
36.7375	115.6521	166.2285
48.8355	100.0486	324.6886
42.2187	46.1612	356.1132
39.9548	80.1078	196.0559
8.2736	67.9831	166.1846
81.9690	116.5529	387.5342
33.0480	144.2975	417.8655
15.2651	31.2579	49.3838
150.5745	132.5026	175.6354
173.5462	100.2669	181.4403
154.0653	142.9447	242.1241
185.3364	30.8161	111.3315
170.0029	41.7701	95.1993
5.4946	70.3175	382.4086
183.4069	163.0070	248.1056
135.5070	183.2319	181.3986
62.1470	119.8921	144.2202
0.2324	88.7283	391.5553
189.2851	43.5145	313.4903
13.2433	26.8886	320.3540
3.3845	161.2942	267.5399
69.2623	7.1734	45.7895
173.1356	183.1115	32.5708
48.4482	70.0507	355.5231
31.9534	51.1132	129.2287
187.0603	116.2384	412.3542
134.2269	73.5746	262.0043
167.8117	158.8669	291.4825
60.7756	21.8088	75.2045
31.6281	57.1439	326.3059
180.0578	10.6460	75.9435
12.0458	119.2461	255.1875
106.3876	30.6506	401.4313
78.4756	180.8385	315.2920
52.2584	161.4196	141.3886
110.6315	153.8566	194.7839
24.3598	175.9963	180.5949
52.9983	25.7369	157.2698
1.5225	108.6877	416.6049
146.9316	110.9717	35.7391
114.0450	116.1982	0.0879
30.3758	20.8703	452.7518
154.6060	139.7494	150.9394
190.0054	39.7063	196.6669
181.4147	115.1993	43.5928
163.9981	111.8542	343.7419
153.1775	141.2041	314.9759
64.9755	5.3740	436.2164
98.0093	30.6651	111.3355
173.1954	113.5230	198.6682
110.1016	103.6268	419.5611
45.6274	56.5201	43.7454
180.5089	25.0353	195.8036
64.7815	15.0943	64.3944
170.2514	116.0038	405.6669
68.3902	86.2614	212.1263
23.1732	6.4966	354.7047
134.7532	53.7087	35.1079
113.9346	160.5778	108.1792
87.8412	61.8635	421.7615
137.3429	29.4451	24.0981
131.2991	176.4747	415.6606
85.4305	184.9548	99.9607
112.8595	190.3786	395.4286
91.6615	67.1448	413.6294
51.3432	189.1768	145.4961
101.0502	155.1381	261.1977
175.8973	163.6992	412.9735
3.1084	148.4014	163.4685
117.1320	69.4820	232.9245
5.9014	181.6191	343.8592
162.3842	67.8353	220.2076
61.8837	79.9109	376.2090
69.7264	157.7192	395.6924
143.0664	148.7522	361.9536
71.8074	173.3842	444.1158
9.8689	189.8054	60.3588
174.1220	173.7344	264.4035
26.1424	76.6171	229.9833
98.0654	17.0489	121.6792
84.7452	124.6400	63.3018
42.1761	59.3945	310.0627
125.5805	110.9200	41.5411
83.9225	46.5897	214.2227
5.2466	54.9031	265.1982
106.0552	167.9129	309.9412
44.6468	41.4739	180.1474
95.0532	191.7060	229.3810
0.2909	159.6205	78.8724
147.9346	34.0199	427.0670
18.6834	174.9892	175.3385
166.3043	115.0452	439.1044
100.6356	173.5659	237.0694
2.3559	16.3944	88.7677
155.2932	105.4262	277.6653
12.3989	88.7564	136.8283
84.4022	186.2949	276.2319
120.3104	30.5905	296.2511
22.3895	169.2608	376.1878
122.8590	117.2702	296.2436
1.7477	161.7516	120.2468
64.2678	8.4295	66.6055
146.0901	144.9463	232.4649
12.1955	185.2159	205.8458
62.5530	27.8818	440.9531
176.8362	184.1203	0.7137
6.5700	46.5685	240.9017
161.5945	18.9512	111.5070
85.2854	186.8531	67.6722
66.2437	23.7178	448.8365
64.4503	56.0018	1.4356
35.8460	178.4895	69.1808
116.3293	149.1974	309.8398
126.8854	180.0732	142.7268
40.7322	13.3823	374.2971
20.6008	92.0354	450.1485
132.6366	108.5834	355.0472
87.3631	39.0592	53.6412
80.4134	61.2761	118.3105
169.5891	74.2496	210.8879
46.2496	35.8873	42.0575
133.8786	132.5941	333.5468
91.4198	179.7123	82.0939
189.8610	154.1838	101.0015
30.1124	6.1548	116.5856
49.7062	32.9994	390.1288
29.1581	190.9163	242.3007
142.6705	32.4083	179.8660
63.7529	11.3781	341.1269
126.5983	123.0695	318.9864
57.7021	132.0227	146.6986
41.6136	21.5260	310.5293
90.4123	18.9152	125.4657
164.4503	19.3034	355.2600
149.6916	93.3111	132.3424
118.5534	184.4058	415.8052
50.3422	176.4691	413.6491
144.9630	1.7286	175.7087
127.8288	112.7447	243.1939
170.9544	24.4511	366.8862
32.4487	160.2761	123.3475
186.3384	114.7542	243.2633
3.2240	104.8711	338.4451
183.9870	156.9873	167.4886
190.7393	115.1619	117.8191
105.5897	125.6499	226.4011
141.4024	133.2830	371.2172
61.2360	142.3090	440.4664
184.3510	72.5788	47.8807
58.5452	164.9203	72.7442
25.9761	170.3674	68.0581
19.5090	9.3703	22.6862
62.9754	117.8386	41.9401
60.0329	123.0413	4.1317
64.3492	147.2632	321.5109
61.3460	147.1306	77.8952
173.8404	123.2888	19.2917
172.6964	96.3291	374.2879
28.1283	132.9346	181.7290
140.2611	59.0899	320.4031
5.9830	50.5582	299.5866
130.1057	64.0336	134.4835
27.4417	181.9849	252.9579
138.2974	93.5053	1.5948
137.3087	14.0019	263.9777
112.0387	48.5591	225.9773
158.0349	108.0048	319.2178
28.4526	79.2608	255.6035
133.2994	169.5079	400.7652
30.3191	49.0405	125.4226
71.3233	150.9921	222.4179
48.1889	136.1196	109.3342
9.7048	77.3987	375.1964
4.2996	83.1785	393.0031
12.3685	169.7012	156.8406
173.3380	157.2986	70.3387
141.3494	42.9327	14.8286
89.8388	104.6930	170.9462
103.0862	107.0344	420.7792
3.5017	59.7299	320.6428
8.5631	158.3013	301.4396
8.6265	43.2985	242.7224
184.3428	112.2639	98.1439
142.1214	7.0914	229.1269
190.6492	85.4443	30.1589
137.3217	43.9451	88.9475
41.3506	153.6101	404.6018
140.0958	10.8606	237.5161
123.6423	28.5909	297.0136
77.4396	26.4803	227.8683
137.8418	69.3846	82.4260
141.4825	181.5928	286.0372
59.9524	12.3142	223.5309
105.7835	169.4291	160.8432
107.2400	74.2608	455.0507
123.9023	15.6975	237.8420
14.5801	165.0376	208.4507
26.8703	178.9282	15.4867
179.7914	189.3951	383.6378
95.5114	117.5724	396.6344
141.9572	49.1043	261.0386
170.5403	57.5735	346.4841
110.0461	121.6936	374.1165
174.3882	47.2436	176.9930
161.5784	18.7004	104.9036
178.4728	37.5817	35.2652
81.0329	174.7857	119.7677
0.5725	52.9877	288.6975
39.3232	22.9366	261.3469
55.3925	16.1247	427.4568
21.8779	25.8067	64.7933
25.6758	29.4248	147.0049
185.3461	75.0858	308.5522
174.0819	90.3276	319.4445
80.7025	77.3608	330.0129
47.8777	153.6440	118.7553
32.6918	61.9711	74.9278
181.7815	88.1696	201.3427
143.5152	2.0341	42.8527
126.1735	52.0852	85.7110
106.7642	78.1878	197.4419
145.7524	189.7192	152.3044
95.8838	67.6033	55.1966
130.4456	177.3448	378.9890
51.4233	48.7594	397.6217
109.0849	75.3130	246.0330
91.5857	18.9708	194.8977
10.2251	87.7060	152.1348
156.7029	50.6122	408.6426
174.4104	154.9943	354.3629
166.4103	131.6793	329.3253
47.7008	175.0693	147.2577
66.8752	87.1808	386.8934
137.7951	30.4899	12.9440
41.6633	75.1860	396.5727
61.3762	29.8709	128.3526
30.0661	185.2718	198.1991
97.6994	140.0035	8.8387
41.0116	42.2733	387.2860
128.2324	98.7907	357.5804
93.0812	56.1506	48.9002
114.5213	29.4960	131.4815
77.2132	32.4094	87.0255
30.8373	66.2712	93.0110
140.6322	145.3987	397.4554
49.8200	170.4396	80.9803
118.6449	154.4108	395.9196
156.5097	91.0623	78.7070
32.6322	14.9861	223.7946
167.1890	165.2693	74.9031
5.8642	110.3699	361.5977
149.9731	72.7978	309.4796
25.4017	33.8879	70.6435
136.9814	0.3538	445.2916
176.2331	27.8946	311.8570
68.1550	87.3613	384.9308
145.2721	1.9064	272.5646
189.3331	104.7551	253.2315
92.3795	73.5461	390.5465
68.2867	124.6645	381.9673
131.9610	11.7586	291.0578
125.6837	136.6554	235.7289
137.3289	6.7284	375.6497
180.4094	139.2564	150.6352
44.8520	131.3026	38.5950
105.0203	40.9371	115.1827
140.2934	64.1975	335.6959
55.0632	94.1183	103.5313
139.1865	5.6825	70.2551
90.9746	106.1829	206.5461
0.2947	163.9647	218.5823
84.9969	44.1779	101.8354
49.6930	80.1085	17.3939
93.7727	107.4980	92.0405
151.9852	17.6940	123.4701
45.6198	100.3423	243.6420
48.0547	139.0428	207.7798
128.2798	84.7952	69.3956
61.8505	127.0304	104.9731
22.2716	81.6578	245.8737
93.6888	90.7617	148.6375
66.9951	106.4902	410.8796
79.4800	69.9074	41.5124
113.2343	146.3725	251.0470
6.3778	86.9150	303.0474
29.4622	16.5305	430.1694
64.8898	167.3296	375.7410
77.5751	95.0184	271.7038
77.2372	165.3664	212.5461
30.1260	185.2765	197.7720
180.0098	175.0123	35.9711
126.1051	35.8974	14.2273
2.4477	187.1539	232.7283
91.8605	130.3244	426.2635
112.0824	156.3506	217.7015
180.8893	150.2669	402.8228
188.4228	122.3907	342.8893
153.5394	175.3059	330.6164
138.6290	37.0240	125.2101
163.5799	134.9654	40.2852
14.3738	163.1784	141.4140
161.4170	64.5137	268.0412
46.0036	113.3981	117.1569
141.8556	43.4510	340.1655
109.2803	164.9371	76.3969
93.1650	69.6617	54.3345
89.0990	147.1449	395.6486
36.5254	9.1600	203.2554
167.6471	180.3248	43.0479
119.8296	49.4960	223.1192
42.1991	41.4040	78.8137
147.7844	164.2466	157.9760
135.4003	118.4703	84.5713
8.0856	163.5837	391.9442
99.4687	136.0988	73.9195
97.4285	35.4318	418.6711
157.0578	186.2118	428.4422
97.4310	35.8169	18.4856
111.9117	43.7378	405.9789
66.8331	94.0686	357.9330
22.8721	98.7521	209.5296
22.9823	120.3364	266.8372
171.6738	146.5942	108.9446
163.2447	59.1005	105.3546
153.5628	125.1690	82.4166
113.0931	152.2578	361.3690
45.4396	143.0037	32.5430
38.3489	96.3604	252.9058
80.5445	124.4885	99.7510
136.6026	0.5835	75.5504
157.4030	169.9006	383.2135
11.1945	34.9687	244.3942
33.8007	167.5981	276.3917
125.4711	27.3910	231.3866
152.7627	191.0468	66.0592
162.0908	66.5607	244.3744
179.1014	173.8208	388.1220
43.6190	0.0696	325.2859
50.4624	51.7897	382.3764
179.1432	131.6052	395.2785
138.2128	189.5846	142.2995
175.2975	95.2084	114.1730
165.2659	158.4431	286.2460
58.9309	161.5350	206.3632
161.5436	77.9918	173.0256
177.1377	120.1546	429.0342
156.0378	125.2030	138.2782
101.5415	22.4375	229.7484
22.8366	85.1964	39.8380
18.1242	113.2926	439.9668
68.7965	15.1365	363.7258
169.5934	189.1771	398.5402
153.9505	34.4865	188.4301
27.2263	54.9085	333.3961
23.2870	20.9761	79.6218
115.2926	97.7755	245.0187
130.4466	99.7802	183.4424
53.8423	45.4248	65.3472
98.1858	82.0812	366.1148
154.2450	141.5822	11.3915
44.1771	96.0055	353.5680
79.5060	66.3031	7.9824
34.4137	132.8172	308.4785
54.3580	143.0081	205.9066
126.6061	26.9013	183.6855
183.0562	113.5509	33.2780
173.7229	172.3470	112.3449
58.5749	186.2097	108.3447
125.0748	11.8296	188.5288
173.8726	138.6397	105.8043
127.0333	28.2637	305.0007
49.1231	161.5410	80.3580
182.0355	177.7929	416.3236
130.8687	57.1392	454.3150
90.7905	130.3663	61.1098
90.3875	124.8843	382.8103
4.6222	108.6775	87.5398
115.4781	40.9701	93.3056
171.5691	101.7582	375.3744
59.7844	36.6880	21.0401
14.7300	22.1650	50.4023
186.6864	149.6177	49.6312
44.3204	105.9350	85.9307
143.9820	159.5853	140.5126
117.4051	44.2833	231.7446
101.9042	171.4334	434.0137
120.7030	92.6077	94.5881
58.3902	9.3200	205.1425
59.1342	100.3621	195.4999
25.4294	97.8913	203.0072
110.8988	90.8149	293.0794
7.1298	46.8589	55.8992
189.4529	178.5358	77.3140
27.9071	185.7578	205.2850
38.2448	64.3324	115.5573
132.7194	147.4037	4.9468
122.2294	188.0345	183.7581
184.2180	189.6656	416.9786
68.6897	35.3323	48.0914
9.9373	139.5144	390.6473
74.5217	17.7584	351.8708
80.8444	35.0479	361.1315
112.7630	93.9195	142.3005
79.0202	137.0117	373.2704
115.4093	103.0340	384.2003
1.8948	111.6715	383.4637
58.6482	97.9690	386.9098
165.4840	55.2927	408.2723
84.0795	12.0653	118.1575
168.3516	139.2400	293.9766
33.6855	14.6194	227.1798
42.3882	113.5273	133.3938
28.0781	155.4359	27.3856
183.2726	68.7707	83.3806
10.6148	117.5028	420.4183
132.7318	58.3070	106.7760
96.9532	7.5722	244.2784
9.3775	64.5845	347.3948
73.6229	17.3791	274.7727
16.1725	152.7563	353.0692
98.7875	66.9303	251.9471
190.3106	147.1092	29.5184
101.7034	0.6674	280.6681
13.3358	154.9952	121.3849
31.6510	159.3019	154.2595
161.4346	137.1204	40.9006
89.5763	6.2562	299.4182
161.2807	111.0758	433.0609
133.9581	29.6375	170.9050
54.2961	39.9910	314.6586
175.8374	86.6338	259.2570
157.4180	107.4434	57.3572
6.4691	96.7539	248.8633
5.8663	148.9710	211.3386
43.4750	2.1468	329.7300
168.6061	131.6157	264.5058
172.6882	184.9244	132.1522
168.2818	111.6121	79.9331
170.3120	53.8097	57.1499
33.2138	181.1405	124.7605
130.2413	110.2464	331.2673
68.3657	44.0648	46.4804
149.6893	14.7335	417.2513
24.5276	177.7845	309.5709
101.7659	82.1814	308.5247
24.3160	166.1233	104.7834
95.4310	97.3172	82.7175
97.2979	114.9679	155.6679
151.4012	181.7822	308.9193
31.0144	27.7477	151.3446
7.6302	122.6488	420.6323
150.2082	5.6606	70.1643
6.7678	123.5178	206.4114
80.2539	41.2336	372.1371
54.2455	66.9376	144.3224
159.2951	31.2809	64.5423
169.3785	174.1077	340.4682
152.5245	165.4650	117.5888
167.3516	103.9464	74.0121
87.2069	92.6641	110.6890
56.3253	16.3947	346.7265
142.8532	150.0866	273.8297
141.7566	137.8006	57.7844
83.9184	148.0728	203.5398
123.1858	140.4610	329.2103
14.8853	95.9093	365.6426
144.2493	112.4633	143.9133
127.4063	170.8154	78.2700
124.8289	106.3586	93.1363
54.2428	90.1699	102.4293
147.0756	112.3691	271.4854
140.7300	42.0766	184.6050
67.4258	147.5860	443.3098
133.0583	116.5783	1.5065
135.1207	42.5795	143.7104
71.5194	6.1228	59.1044
82.4714	46.1686	316.9665
177.4441	21.4368	137.2516
49.2813	44.8314	320.7995
85.1392	34.3502	73.9952
58.3775	34.3968	376.2333
106.3065	153.1535	19.7627
64.4452	188.7981	25.6894
24.6646	111.4499	144.8616
120.9734	95.9189	80.0426
20.1449	184.6428	185.8967
144.6273	138.2625	368.0748
77.7221	146.7916	301.1407
136.1304	133.7032	434.6683
89.5114	188.3758	361.0809
74.1319	107.7143	68.2299
67.4975	35.7407	332.3928
156.9914	153.4614	106.4118
80.9148	20.3572	70.1866
126.9432	188.9657	292.7749
148.5423	1.1352	57.5823
80.2166	70.0440	196.7740
115.2364	103.3017	133.5041
79.3885	177.9722	336.2860
165.6342	182.6707	41.8722
188.6237	180.9621	439.2032
103.6848	129.1072	53.0881
138.9990	126.4631	300.9824
172.3673	38.1656	136.9687
48.7646	164.9156	72.0767
8.6556	186.3186	116.2201
112.1240	16.8638	405.3969
67.7966	154.3077	183.5525
168.1146	131.8048	93.4325
191.7887	135.2221	122.0141
45.5042	16.9139	233.8620
103.4362	0.6183	15.9365
75.8338	131.7981	320.5349
130.9737	87.4659	334.4705
59.9547	130.3594	401.9304
108.6855	49.2225	32.5287
172.3553	51.3372	249.8182
19.6183	131.4406	47.3076
37.0780	16.7042	340.3562
133.6640	101.8006	223.4140
148.5972	176.3119	12.0918
89.2570	184.8369	455.4782
111.4715	190.7978	180.1183
33.7423	171.5149	380.6418
162.4980	106.6246	291.4768
13.4667	95.5063	246.6738
9.7845	5.1320	87.7708
137.5356	87.3192	319.9430
54.3468	56.8426	11.7238
143.8184	3.5482	69.5833
180.7211	5.0164	318.4464
4.8849	47.2718	123.3682
174.9617	162.1903	285.1313
185.1424	61.5898	426.1541
27.7554	96.1369	386.5190
100.7271	27.6028	57.4218
101.7872	57.3563	400.5016
191.1494	172.3736	72.5398
60.7639	186.9309	264.3840
27.1250	74.0074	243.6528
155.0608	105.6876	88.5105
13.3897	44.6828	35.1702
111.9773	117.3481	311.0583
15.3894	22.6491	66.6295
56.6364	70.0374	155.1232
29.0212	39.0625	428.5305
86.4752	55.2884	214.1880
119.4454	71.2009	6.2150
107.9114	182.4784	231.9086
21.1374	107.6367	7.6823
132.9092	104.8842	306.6747
46.0680	34.8790	224.7990
15.2502	108.9448	180.3294
162.7537	162.6476	245.3353
135.4054	118.0939	26.1309
64.3216	46.6648	66.3212
91.1017	35.7765	184.3492
60.6896	49.2290	232.7433
54.7828	48.6904	117.0216
16.0987	94.8249	184.0930
98.0829	46.0578	57.6046
140.3192	89.5601	265.9027
32.1498	32.0271	101.9332
56.7806	26.9919	34.5696
166.8845	84.4752	305.3909
154.7969	183.2746	293.6011
31.0392	9.5539	250.7354
93.6419	155.1007	215.5814
168.4928	191.6197	313.2639
56.3676	27.1372	169.0179
77.6011	182.6306	112.9889
77.6044	27.1577	112.4438
144.6000	53.8438	232.8064
104.1651	83.5472	293.7263
16.9426	148.2546	376.3751
87.5500	68.8965	121.5541
77.4093	63.2142	349.8648
171.3975	24.1752	370.7568
83.0171	191.3091	42.7938
134.2580	81.6468	144.4914
172.2476	91.2547	224.2031
113.6418	167.6087	90.2145
155.7142	3.9493	391.1075
86.2208	104.4778	195.3911
59.3222	83.0626	314.2886
28.2601	128.8629	410.1905
135.9762	163.5716	451.0596
68.7737	71.4496	362.6822
168.8834	145.9336	99.8522
76.7464	177.3339	316.3483
74.5452	66.0779	247.4897
121.8249	31.1142	245.2306
78.1722	130.8558	318.9823
22.7115	156.9104	277.7442
187.8905	161.9267	226.9718
2.9278	18.3058	370.1049
71.9749	171.3494	260.1496
53.0736	161.0655	412.4696
42.6828	18.5470	118.3696
13.0877	92.8167	102.7245
156.9176	179.9615	278.0634
107.3684	140.3963	155.9483
1.0317	48.3945	79.7743
128.1001	117.5116	355.0740
117.4445	139.6178	371.1336
142.5346	184.3592	212.5953
149.1790	158.9578	354.1699
137.3570	161.5194	150.4262
3.2276	91.2238	353.8348
36.0843	139.5925	230.2405
7.3409	154.7553	96.8034
51.8050	189.6724	355.7031
26.0156	83.4642	212.0085
137.3552	7.2356	56.0164
58.6601	83.6495	303.1839
184.4507	28.1112	388.1022
84.8699	72.3952	400.7391
89.9329	161.0146	35.5090
161.0259	146.2821	275.0868
24.8834	176.9893	242.5561
125.3470	188.9055	173.9966
73.5330	153.7044	320.4859
76.5624	58.9941	306.4112
145.0410	147.3302	360.9394
140.5199	136.9083	144.8869
25.5321	129.8955	118.8762
62.2627	68.2951	18.9397
173.6348	56.7586	118.1956
53.0179	15.9738	55.1362
