23.6473	55.6736	135.1555
62.8243	144.5273	52.5071
171.3469	120.7705	227.1964
106.5457	99.6271	507.1144
135.9533	124.6569	396.9290
21.3515	123.6115	142.5798
50.4590	78.5982	489.5608
7.1155	5.1811	65.1248
15.9830	57.8888	101.4543
164.0357	124.8762	262.5518
120.6662	160.0324	468.8319
153.1584	168.9091	104.7995
142.0199	39.2770	327.8344
158.0753	160.8275	37.4814
33.5061	167.3274	508.3343
42.0361	79.2427	186.0341
152.9829	147.6086	294.2105
14.6904	98.4407	393.2636
144.8247	80.0887	225.6553
161.3887	31.7243	158.3507
125.6856	76.3546	248.9223
96.3682	104.8517	220.7062
51.5121	119.8520	175.2298
170.4027	29.9715	12.9665
9.4800	20.1493	223.7329
4.9411	99.3242	343.1189
162.1746	128.8813	309.4904
57.6700	102.4435	308.5791
93.4795	127.7730	195.9948
54.0073	1.8025	85.2477
12.7800	153.5461	249.2364
116.9677	156.7063	380.9664
14.4702	69.8950	230.8771
144.9271	129.5017	430.9676
160.2890	157.5095	42.8222
148.6046	77.2892	287.0787
77.9139	12.1963	391.6654
6.8088	35.8098	232.6670
43.6827	142.2334	554.8120
100.7218	166.7189	100.7250
67.0774	164.3272	226.6321
66.4985	34.6420	118.8199
14.7683	55.0724	15.8675
104.4345	96.6420	451.0759
101.4611	137.5328	262.4216
137.4894	12.6433	129.9571
172.7687	18.1556	103.4916
10.7585	122.0313	211.3772
135.0511	72.9606	198.6452
133.7586	114.5862	247.1097
110.0920	164.0319	256.0996
73.2881	88.3691	308.6397
99.0371	124.8031	38.4951
16.3798	149.0874	288.3892
135.3728	100.8566	23.4912
48.0125	37.3247	76.3417
77.7148	16.3218	51.0836
88.2513	100.9879	408.7778
165.2509	40.3212	13.4364
117.2998	131.8907	267.7944
172.2424	26.8354	68.1465
0.9072	111.8365	302.2224
113.3539	42.7492	456.8885
151.8724	37.9693	44.3266
97.7861	65.8600	246.5878
151.8738	116.4787	517.4620
16.6160	147.5117	529.3171
169.9208	27.2560	92.3250
56.3722	106.5593	86.9847
73.9113	98.5920	74.2152
47.7528	28.2333	522.4244
10.5429	120.1693	377.0521
119.5568	72.6073	170.3418
133.4116	135.3150	383.6898
74.3720	89.5580	17.9177
74.3745	49.5342	195.1822
100.4872	160.2367	461.0881
3.8699	89.5720	399.1739
55.1843	114.0029	334.1487
104.2058	85.1543	324.8203
94.0469	79.2894	385.3747
151.2751	40.3467	69.7154
116.9873	101.0185	458.3376
67.5022	52.2806	463.9719
21.8139	53.8006	536.5097
20.0266	132.1412	353.3666
54.7905	87.9176	479.2965
42.7573	60.3175	493.5155
68.7508	163.5365	489.0389
144.0114	141.1586	187.0720
15.4573	66.7257	268.4362
169.2688	163.3931	123.3596
39.7661	54.6119	363.5795
146.1149	104.6562	416.6604
114.0934	26.9146	196.8462
172.3889	136.9469	157.3454
6.2240	35.8051	468.3450
81.9924	162.2247	326.7501
66.9378	82.3013	506.7873
103.9126	85.2361	524.9826
61.3573	125.7808	129.9042
61.0093	127.1955	328.4549
127.5469	166.3505	370.7533
118.6966	13.7424	364.8670
87.4702	44.9356	416.9176
155.8678	159.8104	478.2610
163.8851	60.9033	209.2787
79.9683	94.6391	107.6187
90.3297	24.2458	136.5939
109.5662	23.7916	538.9220
26.4520	100.2769	221.9592
85.4707	102.4833	217.4417
85.8354	7.7194	558.9245
146.2819	102.7794	367.3795
26.8059	134.7043	528.1386
50.1433	144.0700	333.5514
165.3177	155.1219	112.6088
75.1232	169.9230	217.4031
133.5070	68.7330	438.6988
100.9796	1.5066	294.6779
152.5756	53.6529	518.3769
66.7755	157.0519	162.1627
117.6480	40.6378	19.0107
28.4620	18.6983	496.6022
159.7770	156.5506	265.0011
36.6894	8.0718	228.5503
106.4264	61.6929	369.7807
84.7239	127.9053	484.8613
22.2312	32.1768	80.1861
38.0306	62.2053	107.9016
122.5881	71.1652	250.7926
63.3449	100.9533	85.4598
160.7431	18.5524	299.9305
16.6353	7.7494	33.0144
45.4485	1.7887	156.4290
2.6305	64.2677	152.6810
65.4886	39.6818	557.5500
160.3228	101.4288	200.3107
31.1292	1.2178	352.3307
147.3103	37.3099	339.5959
162.4871	152.8749	180.9262
60.2195	140.0154	315.4042
8.7952	45.2535	216.1784
32.2165	132.1441	32.2410
5.3749	92.7164	224.2621
88.1919	14.7595	231.1566
45.2569	295.1829	-1188.0000
77.3865	132.6683	189.8035
11.0060	19.4626	222.2186
44.1165	158.5856	268.9175
57.0085	36.9757	248.5371
84.8746	19.8120	471.2291
59.0354	19.9477	186.6831
142.3645	86.5967	326.3483
7.4185	30.3300	147.4692
158.7586	131.1072	90.2449
127.3361	19.2199	340.0941
154.3500	72.8111	365.4807
155.2121	152.4722	262.5581
22.8041	53.8971	367.7504
3.3447	114.7008	371.4401
20.6148	103.2665	253.8367
20.3565	30.5973	202.1957
96.4165	169.7652	64.2299
71.9693	108.3710	170.1193
135.5353	2.7309	429.2053
35.1901	99.7888	93.8258
65.7631	20.1162	148.2293
125.3371	163.9158	266.6961
95.5675	32.5886	324.6679
99.2328	84.9307	452.7367
55.4647	52.2895	99.3608
16.8074	72.5107	29.4062
37.9971	5.1439	99.9083
106.1332	27.1969	3.3307
31.3151	26.3488	437.6508
129.4533	36.5933	333.3541
102.1043	120.3528	512.0634
132.4633	151.1296	235.3367
94.4930	158.1919	121.1153
144.2348	33.4887	316.0651
167.0566	15.8180	62.4831
92.8351	147.0495	204.6669
92.2310	163.3652	50.7660
24.0813	150.9226	253.7735
136.9074	47.9279	292.6634
133.7841	6.0543	109.7423
143.0260	81.2784	247.8957
36.7923	168.5288	439.2077
125.1054	85.8955	355.8912
61.7754	126.8927	399.0080
29.8495	129.6271	159.2362
88.1757	157.7321	443.2799
152.4856	76.8633	269.9544
120.2644	107.0131	310.0443
161.5715	130.8591	209.8346
44.6003	26.4306	512.0062
58.1308	57.1261	280.3508
108.2880	2.0064	267.4080
58.3333	125.1607	161.5199
13.8404	117.0579	515.0214
61.7028	160.8126	453.8060
116.2617	163.5724	177.4152
153.7307	168.5566	529.3239
165.2856	29.7132	274.9005
131.5688	164.9568	378.2650
108.6408	144.8096	428.4177
5.9823	89.8352	37.6111
161.8909	124.5234	320.6928
61.1720	170.7980	556.6690
26.2034	129.1037	226.3676
108.8965	56.2058	89.4842
76.6199	25.7015	112.1680
55.0525	107.7069	334.9374
45.2177	8.6056	102.2120
156.0901	140.9775	437.2554
92.6182	52.1512	324.4966
100.6505	123.6351	246.3545
33.2715	156.9268	3.5982
87.2378	46.9503	37.0513
83.6238	115.4790	22.7250
136.8604	83.0821	245.0015
118.0601	54.6134	33.3309
126.7742	78.3429	288.9602
120.8719	3.4355	187.8699
154.6910	7.6769	406.2093
118.8915	97.2589	475.8696
130.8982	129.4482	324.7842
166.1256	158.7320	481.6157
42.2080	165.8854	47.4066
147.3154	161.1709	463.8895
74.4438	94.8230	483.4754
80.0109	170.9312	216.2772
101.4420	101.1924	263.5329
103.3834	1.5517	421.5382
149.2439	133.6260	395.1427
130.4261	30.4583	160.9745
139.0349	132.7207	11.2657
136.4303	55.0402	507.4265
43.5747	171.9634	31.5204
126.1985	14.4223	452.4356
131.4513	127.6281	532.0217
112.2484	25.3036	98.0211
79.1824	163.0287	211.8521
52.8431	32.7223	262.1884
133.1999	24.5269	506.4573
122.9683	90.5607	518.0098
112.8851	162.9359	44.6744
9.1618	54.4334	150.3457
50.1043	44.3976	50.9716
138.0988	160.0318	76.4237
136.8047	32.1215	2.0621
74.8280	92.3177	536.7579
4.5979	58.4902	6.7436
157.4320	49.2115	332.9636
140.3532	82.8125	101.4711
32.8999	3.5583	6.5614
34.7505	123.4416	390.6691
8.7254	128.0928	445.9058
139.5625	117.9483	131.8106
165.9618	154.6506	167.4253
45.9061	34.5668	81.4297
52.8428	80.1786	340.2283
0.0312	129.1447	403.9638
74.2380	124.8088	348.7831
36.4707	169.7751	523.5778
49.7157	143.6858	498.7661
107.9783	65.3924	456.8939
137.2890	170.9452	511.5064
1.5238	76.8405	312.9707
171.2445	144.8087	217.8042
57.9989	172.4193	297.4034
99.4764	110.7478	302.6024
122.8050	86.9332	530.6994
162.6358	4.7859	203.0604
88.2503	23.6615	238.6551
143.5420	99.9534	2.9106
73.9604	127.3553	7.5013
23.2445	128.5910	559.4891
149.4948	55.3901	483.7304
111.9294	94.2038	464.7335
126.0204	32.4814	154.7896
69.6306	144.1461	154.6932
66.2697	98.5843	123.3682
118.6010	4.7613	204.2941
82.8720	133.9739	247.2062
28.7209	152.8666	342.1456
67.9870	67.4899	316.6180
42.4032	3.0372	230.6895
33.8827	57.3915	91.6223
54.9015	122.3554	73.8816
77.7088	121.8294	356.4427
42.9350	158.8494	278.2697
128.5548	120.9617	451.9862
147.7292	11.8562	474.9360
149.8550	104.0400	29.2965
76.2998	74.6179	174.2000
78.7828	1.1378	139.0807
81.6997	62.6088	494.9025
141.4313	116.5881	396.5440
104.5346	22.3888	156.9845
72.0617	116.6299	481.3403
74.3725	38.7551	263.6739
55.0425	83.3296	457.9138
140.1998	150.8938	319.2873
41.6929	32.0319	462.7151
7.0237	1.2254	480.9259
130.1458	169.0162	61.5705
56.3682	31.4099	64.0682
6.9443	95.6306	233.5988
31.9805	26.1396	165.2219
133.0024	98.1279	305.6556
156.2760	78.6641	137.8815
131.5029	120.8889	242.2614
159.6584	20.8647	252.4282
122.7650	158.6592	167.7478
163.3965	67.0153	331.7937
69.1663	109.0717	101.1435
30.6684	82.1653	333.8731
141.5535	95.0180	337.8751
93.8181	80.8420	329.4577
77.8418	163.8151	419.3771
19.9256	17.1455	16.9746
127.6263	114.2076	156.2017
129.1139	165.3190	272.8606
84.3859	37.8840	531.6298
67.0261	23.9029	223.5125
81.7478	119.9473	0.8124
31.2196	2.7783	115.5944
73.9238	61.0947	88.8853
108.0108	131.1347	385.2224
126.4891	148.9040	137.2024
144.8377	100.6178	86.3634
102.0452	136.8027	118.2006
131.3794	139.4374	320.5126
159.0243	135.5847	520.9830
160.6035	101.4558	312.2940
68.9821	79.8696	561.5035
144.1279	21.3713	125.2912
115.7964	145.2699	439.1941
97.6423	51.4789	316.7536
130.2221	9.8771	15.8388
65.3443	167.8835	204.7564
7.4048	58.4801	12.1222
13.6036	8.3216	395.8406
109.4943	94.3368	185.5341
7.9406	6.2619	501.8345
58.3270	135.6240	509.8152
149.6727	34.8235	437.4363
150.7639	132.8519	246.8368
107.6220	119.9076	104.8064
54.1339	108.9380	497.0341
7.9783	151.3638	276.3019
92.7261	0.4591	446.6742
102.3212	155.7950	56.3516
107.4647	158.9509	86.0429
15.0316	0.6544	281.0133
101.2338	88.7049	227.8209
126.5824	82.2679	201.7119
115.5475	3.9113	174.9711
80.0750	127.1974	406.6913
123.1407	33.5789	126.1764
7.0113	123.1331	181.8413
30.9952	155.4407	295.0724
164.2623	104.0636	98.0029
107.6401	45.5637	32.5524
61.2127	69.2580	296.1297
65.2098	106.2733	199.0319
170.6068	140.5189	500.1885
94.8652	67.7358	474.1863
73.7895	133.9199	230.8360
119.3402	79.1590	27.8149
58.9564	138.5666	491.0200
53.7834	25.6111	239.1847
32.0937	171.9934	32.4861
105.6261	141.2910	137.9494
170.1619	81.1342	469.5910
44.2973	3.3528	382.9204
144.4572	98.3981	117.3138
95.5338	10.8101	130.8720
134.2957	66.0885	315.9619
124.2794	160.6338	273.8473
87.8718	131.6893	183.6391
95.6548	103.9658	364.5472
143.3970	49.0987	458.1501
135.7862	154.0994	232.4470
170.9386	41.9601	528.2400
15.9867	130.7022	559.0404
53.8205	146.4474	478.4160
20.5481	18.8936	253.3829
9.8165	109.7449	224.7147
6.1370	51.2959	335.8602
28.6361	33.0791	195.2822
165.1586	21.2140	290.4426
172.8053	70.2671	30.3758
21.7771	84.6676	403.8667
56.4641	7.2818	387.3398
71.5859	68.9554	433.8588
57.4277	12.6127	288.6869
159.1313	141.3439	551.3967
151.0815	67.5114	12.7960
89.4391	10.5179	389.7379
157.4100	23.1059	417.0632
74.0626	15.6121	210.5237
41.0048	6.5121	412.6267
78.3357	142.4445	301.2096
69.9840	114.5933	97.6811
69.2616	32.0267	352.3513
36.3328	75.2849	330.3431
110.9294	80.9909	141.4904
110.8462	89.8699	104.6629
163.9197	149.3350	16.7444
137.4222	125.6432	11.6284
133.7968	99.6840	101.9068
23.3498	123.1029	536.5610
96.5903	90.4194	537.7406
140.9720	105.1877	379.6988
2.6584	114.8396	97.8901
122.5647	50.3367	79.6623
64.7542	60.5526	301.3117
87.3382	115.1544	14.0282
130.3109	110.6609	540.1831
11.4956	150.6021	339.6304
104.5850	129.6665	429.5816
164.6265	93.8337	308.0559
121.7636	81.5277	200.2812
80.0033	135.4557	251.8841
114.2957	133.6700	195.0954
30.0156	59.6539	96.6310
165.9859	22.5795	227.1865
77.6579	23.5386	369.3057
55.8590	38.1259	128.1878
12.8631	116.7160	173.4805
59.5883	125.8128	320.9889
121.0133	172.9191	37.0223
58.1962	54.1029	188.3802
39.9383	138.4208	526.1966
95.5598	25.1514	252.8090
54.8233	110.2866	505.1856
47.6958	159.6448	329.3894
77.3028	7.1861	44.5472
170.8149	129.2802	186.7496
17.7067	128.9984	2.4248
49.6794	135.9194	51.3287
49.4484	120.8050	203.7530
111.6553	46.5884	396.5280
156.6625	97.4144	118.7966
70.1140	67.2535	279.3031
166.2091	16.9082	549.4831
37.5162	124.1383	49.4022
93.2054	136.7474	407.8144
105.4571	94.5956	299.4404
157.0893	9.0455	362.0264
142.3917	40.1952	170.2916
63.5539	55.3325	125.8458
63.3210	32.9434	139.1856
104.4099	128.6417	375.2140
138.6957	16.9411	381.8396
52.1188	11.2815	47.6292
72.5333	117.1666	470.9724
4.3407	19.4599	90.4310
44.8623	67.1935	429.9593
90.8072	48.6441	95.5529
102.8872	42.5277	150.6306
110.6855	19.8063	392.5267
170.6131	162.8221	531.4212
117.0510	65.4073	525.0752
84.7403	13.4619	117.6771
145.9778	33.7695	561.4938
122.4297	56.9577	278.6430
74.5744	107.9572	76.0151
22.8485	18.9583	20.9653
52.4454	90.3948	116.4029
154.3004	68.2668	226.5478
143.1128	42.4812	464.0898
95.8113	123.2102	179.2680
42.7672	61.7770	416.7301
139.6427	169.6497	170.7498
112.9403	82.0835	259.8093
165.5359	1.6981	425.2557
57.9106	66.1267	432.3168
5.8110	109.4119	173.0216
154.1338	40.5463	310.9587
1.9629	50.9699	314.3041
14.9998	81.7887	172.3273
14.6994	19.5415	558.3036
89.5900	110.9703	363.6201
43.3557	154.7270	228.1715
52.9182	4.8626	133.1105
51.0739	24.2790	42.7265
15.5584	163.3191	9.8269
8.2798	154.5795	56.1395
95.0021	93.7471	402.6022
102.2778	67.3355	220.4480
95.5567	110.8162	494.1449
138.5542	100.6366	487.2810
30.1025	172.6326	473.6342
109.7432	88.7628	117.2748
7.6508	101.6492	247.2188
133.8559	117.1905	449.4703
69.2638	140.5238	481.0436
163.8490	120.0542	138.4980
21.8190	16.0154	208.8946
161.9642	157.0639	63.2455
123.6463	172.2205	477.4488
78.7898	35.3965	447.3959
60.3414	69.4204	320.5742
140.3365	138.6380	68.4018
116.7430	166.9470	187.4892
58.2961	69.4462	415.3914
158.1284	87.3967	81.2344
53.7004	172.7243	460.5601
31.3422	145.9442	233.5060
9.2736	148.4386	494.2874
1.3570	170.7765	130.8386
31.6794	20.2319	443.4009
133.3433	111.3079	2.5122
121.7327	134.2502	181.3741
129.6027	165.3812	216.9283
61.4630	89.9889	290.7649
102.8441	9.2415	411.1890
117.4082	35.3721	435.3274
38.4507	32.6674	527.7097
123.8146	111.9723	78.4680
153.6527	22.4885	119.5860
95.4533	125.6645	168.9430
141.7647	123.0261	264.3227
172.8913	90.8090	188.8471
97.1212	104.2876	534.6089
85.1351	104.4991	534.0137
1.6068	34.6998	454.8237
29.0948	17.7232	161.9547
56.6492	113.0148	110.8405
69.9663	48.2863	37.7327
71.9415	57.6977	198.5203
73.6241	172.5174	464.2619
96.1650	109.0669	40.2323
19.9799	136.7940	269.5582
8.2395	46.7673	71.9848
84.1663	24.3616	194.7393
88.6168	93.1087	399.2816
64.4924	79.6464	307.8889
154.0050	117.9920	75.6817
104.0455	113.1556	524.7905
106.8348	82.0072	513.8320
79.2437	140.4537	451.5940
166.3021	86.8699	116.0300
4.8143	22.0204	231.0160
72.2211	156.6673	398.8630
55.5096	15.2525	149.9086
59.3531	83.2235	250.3016
54.5771	87.9899	439.2730
100.6989	79.6190	203.1206
77.3520	110.2361	20.6590
156.3082	27.5040	165.4920
112.0890	136.0715	405.4025
4.5554	115.0260	160.4011
36.2576	141.0889	84.2077
42.0186	139.8465	519.4459
3.3823	13.6225	259.0645
141.8331	53.1170	554.3423
4.1746	14.2481	144.5310
129.1911	50.3637	301.5649
3.9287	169.3349	176.8725
148.9652	48.6161	93.5228
151.5521	154.8172	198.5331
117.9707	133.1323	418.3489
33.0184	108.8628	183.8212
148.8705	57.8026	29.1795
85.4488	63.5785	262.8556
49.0171	56.3106	514.9915
158.0927	166.9403	469.4178
36.8361	86.7754	464.6807
69.6915	55.7613	26.0191
111.7907	67.2245	119.8622
95.8174	158.4554	31.0347
159.6529	145.6361	314.3609
59.2227	78.3252	438.5967
165.9731	74.6663	225.8133
15.2109	17.9592	538.4788
159.7205	100.6929	139.5050
60.5190	115.6650	313.8314
40.2772	159.7502	98.8908
81.8390	33.1216	147.8422
48.0257	116.7678	32.2007
129.7613	79.9094	359.1398
67.3601	29.5632	42.2645
49.9348	37.3147	443.9335
129.9099	56.1561	270.2989
80.7675	71.6656	539.8635
14.1650	82.8381	410.4491
66.0974	146.2550	159.6013
38.2192	148.5107	92.3355
79.7059	6.6037	134.5780
167.7232	90.2124	397.9510
66.2969	149.5828	1.3576
83.8080	54.9723	93.3871
43.6405	84.6133	33.6876
71.5194	42.1823	34.3277
126.9353	163.3822	323.1246
17.9902	17.1601	55.6195
124.2598	119.5838	316.9745
87.8864	31.8609	429.9922
155.5848	74.4284	338.0948
117.7162	59.7614	215.7727
17.6133	24.7583	58.7799
18.6798	161.5162	409.6041
112.5553	101.0303	497.2780
107.7314	23.3729	126.2591
20.8510	21.3626	58.8326
63.0099	12.8876	127.5636
76.1015	167.0609	469.0539
0.6389	161.9348	137.9523
115.0113	32.2743	333.0892
125.7282	169.5603	172.1116
72.5315	9.7675	105.9630
118.5657	45.5852	363.7254
67.9587	125.3688	470.8697
24.9564	158.8830	259.1567
118.6165	164.5341	182.8407
125.0061	131.3885	401.2780
43.1251	124.8298	241.6381
125.3424	50.3115	161.0327
26.3761	25.1610	450.8722
42.5123	66.3990	451.3164
140.7769	41.1777	341.8749
20.3885	116.9255	60.6605
14.3535	85.5071	249.5098
168.7249	51.1011	559.3655
121.4655	109.4629	380.8692
29.9951	102.1152	89.5516
17.5730	34.0166	14.8093
156.0948	130.6566	562.2297
148.6229	117.5122	411.4807
11.7716	164.0029	125.5921
11.0449	57.8857	328.9613
84.2115	61.5815	315.4787
15.2370	95.0607	150.5957
110.5156	97.7552	502.7891
107.0046	110.4439	391.1531
159.5611	59.7073	62.9967
43.7885	67.2758	475.5051
68.4861	168.7028	322.5549
143.8763	-70.9250	957.0000
149.0939	26.0996	429.8221
172.6214	54.2658	225.0757
107.5166	99.1434	323.5822
33.7862	43.1654	392.0929
143.3811	80.4420	511.7567
43.1390	8.6852	94.5288
144.0555	21.6409	240.9977
152.7007	72.9086	80.7619
52.2391	98.7501	514.7341
1.0893	95.8036	463.3131
113.2755	83.9381	111.4395
103.2542	171.0902	129.0031
33.3239	158.0158	232.2880
9.5466	107.6286	537.5825
139.3282	0.4061	486.1892
100.4391	100.1205	382.0082
30.3277	5.4224	159.4581
45.5543	124.5201	299.8039
63.8963	118.7630	188.7123
114.1599	15.3902	201.8874
105.4124	32.6487	20.6392
25.4351	130.6678	521.3572
85.0127	31.2120	29.1601
79.7803	114.7920	276.5296
89.4269	129.5584	181.1779
147.3507	20.7204	195.7821
20.3965	10.2951	15.2194
64.4238	101.5705	298.1436
55.5922	31.2794	55.4336
28.0301	77.8983	122.3821
17.8949	84.6537	65.7657
121.7037	89.7374	214.2192
84.2028	164.0665	551.5507
24.6267	113.5705	196.2362
55.0367	45.2260	480.7675
4.3540	38.6287	97.2271
145.6038	172.9194	515.0694
157.6658	8.2739	445.9457
140.3582	130.3570	502.1590
84.8005	63.2462	466.8512
159.4246	81.4630	364.5386
33.4007	95.5800	218.9433
56.0982	10.5587	156.4098
51.7954	135.6376	97.8727
109.3332	81.3545	443.8320
7.1798	145.0180	112.4271
144.2568	117.1221	258.0572
157.0710	132.9641	11.0489
76.5074	112.8549	474.1724
48.7940	37.4919	301.8445
153.7357	118.0395	285.9631
151.3097	25.5716	417.1569
118.7105	90.4633	413.7633
100.3288	76.0449	200.4611
129.6452	154.5358	450.8721
3.1871	126.8366	94.8357
49.5020	44.9990	58.3368
16.9155	32.3675	212.5726
52.5216	142.7287	520.9849
162.1353	43.8979	388.9593
138.4434	20.9210	487.7692
145.5886	168.1169	391.7084
51.2663	9.4201	145.7798
147.0317	158.2784	563.1743
38.6440	29.6033	97.3733
53.9399	62.1398	319.5740
56.0747	111.9601	138.7958
85.8096	51.9887	436.5871
39.2794	54.5043	178.1415
43.1714	168.6948	371.4796
95.7378	150.2765	159.1642
124.8070	0.2566	385.6018
14.3856	144.0949	122.8685
67.8506	172.0596	431.3897
151.3565	165.8460	22.6165
158.7629	22.2460	481.9292
126.5558	149.5830	505.1855
125.2672	45.2127	113.9599
86.2334	159.6147	252.5069
120.7969	172.5499	453.7120
149.7391	120.1604	89.8989
16.6040	133.7091	301.2350
58.0588	122.6735	214.8205
3.9467	31.4055	106.5736
101.1674	100.6418	150.6833
135.9956	98.4735	488.8522
164.8306	0.6161	473.5471
56.2808	83.1204	150.6137
88.7253	110.9419	221.4465
35.4210	10.9634	362.7410
34.6378	128.8885	225.3268
63.4947	49.9852	283.8000
148.4968	46.7288	227.9417
101.8736	123.4777	298.7188
50.2320	45.5102	74.7273
55.6828	73.5391	338.1184
93.6766	12.5990	203.6351
158.2260	86.9247	355.6219
158.6078	129.2195	344.5473
138.3876	49.9728	413.3399
18.2452	75.2262	72.9948
61.9855	149.6696	220.0556
59.4330	68.0347	319.5805
56.7071	101.6236	520.3793
155.9514	69.8841	109.0358
152.6414	77.8022	124.7771
111.3955	21.2229	81.9546
136.4592	54.1550	334.9591
26.7929	31.8866	2.3431
127.4660	6.8279	77.3359
148.2490	102.8560	369.1528
124.0655	11.3210	316.8188
82.7857	69.6412	107.3781
142.5563	77.4419	413.0783
166.5200	16.3765	22.6618
147.5073	162.8473	505.5331
161.7915	15.3500	159.6356
134.7629	140.9322	200.3947
45.4012	157.8835	209.5488
171.6341	38.1665	374.8579
69.3724	6.6287	222.5454
34.5699	114.9420	70.2199
133.5163	149.9934	145.3644
132.5655	88.1534	340.2727
116.4686	170.3847	378.0783
99.6042	85.0857	360.0287
15.8578	12.8837	34.1999
17.8531	166.6141	215.8730
138.3106	22.7648	11.1756
7.7874	123.3458	113.8723
42.3231	94.2752	503.3993
144.8106	152.0021	446.3949
81.0243	74.3633	113.4511
122.2005	87.4858	92.2750
104.5082	164.2963	264.1886
14.4190	58.5964	292.4153
91.0026	54.8025	360.8312
61.5348	119.8955	379.7108
46.3401	163.7317	198.4702
107.6882	62.3156	500.7485
110.2906	65.3945	155.7647
12.2324	147.1525	277.7937
16.8149	168.5454	530.6241
37.3887	75.3381	120.5609
58.7019	6.4260	224.5448
52.2181	7.3966	550.2826
87.1103	99.1919	283.2433
75.2668	145.2869	347.1039
36.8708	53.4037	217.1816
154.2487	2.7740	503.0765
70.5723	88.5460	100.0296
123.5697	122.1188	126.1828
150.7342	54.6347	38.9612
13.1366	9.0747	493.6067
172.2091	132.0878	455.9649
13.2936	165.5283	0.9958
72.5867	82.9197	402.5057
31.4655	167.6412	16.8121
0.4018	102.6604	229.0594
61.6346	54.0903	82.3336
32.7366	76.9147	171.5106
55.4122	167.7168	312.3526
129.2147	19.9282	506.8312
26.4354	153.2067	330.4702
98.4588	77.7387	20.7221
127.5146	16.3050	86.4533
8.0375	112.2466	514.5593
44.0063	105.6295	360.0138
42.4767	18.6441	333.0079
146.1612	114.5008	420.7572
92.7254	27.5634	229.5604
61.4018	162.8854	439.9134
45.7837	49.0913	534.1884
133.6098	97.6393	80.1987
4.3636	113.0334	430.7656
102.0791	125.4989	91.0065
45.1627	56.2088	456.3837
158.5341	98.4913	291.4785
33.7800	148.2476	182.2106
26.7333	101.9113	270.5664
41.0105	119.9216	449.5579
55.3340	24.2048	149.0589
106.0140	163.1583	168.9563
166.6510	39.4234	251.0630
127.2859	70.1335	102.0103
107.4844	97.1113	141.0926
44.4551	118.4821	315.8376
89.6021	9.6354	211.8633
157.2897	66.6609	73.0955
37.2944	157.7491	192.2286
76.7630	87.7557	215.9471
105.5730	75.8071	245.7956
45.1445	26.3407	357.9345
129.5444	161.5483	238.5482
163.8220	72.8852	270.5650
75.6644	52.3187	522.2477
146.1135	38.5523	507.4699
52.0430	170.7246	123.2757
64.6332	17.4195	94.6143
168.2259	118.6466	2.8712
139.3149	46.7642	57.9958
86.7974	147.3621	251.1978
57.4284	108.2202	381.3289
32.3426	34.7139	473.5862
133.2936	138.2660	477.0174
108.2040	12.8936	9.1722
7.1843	2.3929	408.8194
102.6337	127.1707	280.6802
49.5073	112.2353	487.8899
117.8630	24.4442	192.3888
76.3067	32.1897	68.1432
155.0130	126.1487	479.0391
68.9797	50.0376	141.0902
127.9873	0.8994	275.1164
0.6365	53.9818	352.7443
83.8163	123.0614	414.7777
145.8584	57.8554	75.8080
161.5039	51.9478	406.0590
106.0244	160.3868	69.7107
97.6771	159.9389	116.3882
88.8883	106.7471	190.7858
148.4187	8.4359	522.8980
78.6362	159.5807	59.9051
14.6675	3.4112	29.4272
21.8346	11.3174	31.9142
116.6604	161.1210	475.0301
139.2610	68.0987	255.5357
14.1392	102.5715	122.5770
43.6748	61.4703	399.9757
159.7568	118.5668	488.9817
4.9825	61.8796	488.8988
21.4227	41.5582	262.2241
16.7424	69.4211	288.9331
137.6890	36.0443	84.0927
146.3846	55.0362	406.9263
74.7245	30.1537	81.4933
123.3923	121.4905	193.2307
163.6113	0.8415	553.7863
163.9766	115.7448	139.1962
88.5275	99.6195	198.6114
165.6286	27.6274	137.3686
10.4559	38.7205	521.7847
167.2336	88.1169	348.5441
17.4099	78.4375	417.3792
116.5289	147.4841	549.5909
88.0462	7.1217	351.1800
68.6242	61.4302	424.2203
170.5827	49.1259	545.6655
135.5526	29.9592	405.4921
164.9015	26.7913	505.8831
154.9731	81.8580	453.4574
142.4874	16.5813	27.8637
2.8099	169.4939	315.4917
127.4781	51.5009	442.1824
71.3717	96.1274	362.3286
5.8863	135.2357	453.5220
152.9799	111.0981	485.0334
129.6792	72.8799	130.9207
58.4493	79.8841	469.1174
107.5441	96.7244	41.0186
9.8732	58.5558	257.1752
44.8551	0.1185	424.7832
0.8274	72.0292	332.8067
130.9211	59.5004	65.6285
155.9116	126.8716	494.1092
100.5004	75.9141	332.6749
170.9387	160.7535	138.0318
60.0652	169.9196	224.1875
51.4935	26.8597	364.0202
160.3503	11.4741	47.6482
114.5742	130.2709	41.6678
46.4343	164.2115	178.9350
145.5920	124.3079	72.7331
88.3810	77.9979	314.6075
131.4931	57.5602	387.6680
31.9279	81.8517	425.6301
14.9673	18.0469	210.9518
45.6178	124.1841	221.8630
123.9730	9.6809	312.6896
99.2024	55.1383	177.1100
10.0461	3.3532	47.9798
84.4765	130.2617	351.6657
171.1443	93.3923	372.5337
43.1057	105.8601	277.5564
103.7975	167.5852	266.7861
71.2113	43.7642	234.6699
52.4678	42.5530	400.3688
111.7579	165.8628	365.6627
153.7546	68.2669	126.7978
144.3773	30.3034	514.6850
12.5164	99.0843	510.8131
57.3753	83.3926	131.1075
130.4153	26.3732	226.4860
15.1949	99.8525	29.7663
79.5345	13.0402	520.8429
37.3344	40.1590	229.3096
52.2521	70.6909	143.7210
68.9440	69.5946	448.8562
13.5886	138.3969	333.7892
28.9894	171.3375	193.9013
107.4532	136.2505	34.3512
43.2096	19.7802	145.6869
98.0296	73.3929	343.7749
19.0485	28.1100	527.9496
62.2544	47.5019	192.2089
172.0420	86.9545	249.0385
16.5649	159.6920	422.0780
2.1145	25.1946	47.4521
158.2294	137.3081	186.7111
165.7331	36.6464	421.0220
7.4090	80.8800	134.1878
72.2841	32.8616	125.7649
4.7179	128.8462	328.4226
124.6472	100.5173	499.0248
89.4179	101.0260	390.2892
168.1211	101.5159	400.6800
122.5724	59.6757	104.0495
62.7792	92.0683	385.1290
12.2897	99.4759	69.5036
70.9611	49.6471	493.7749
87.2355	153.7632	528.3337
149.2182	48.3919	462.7578
15.4510	108.7874	485.0117
96.4454	17.7810	293.7314
26.5524	134.2538	171.5844
84.4920	167.8082	447.0414
72.4391	53.6677	1.3260
103.0827	101.6201	348.6149
172.2704	100.6660	94.4647
157.9917	154.8740	224.3885
28.3507	126.5886	59.3532
2.7829	67.8463	520.1766
70.2288	66.6686	541.5397
134.8004	52.5143	422.2354
0.6085	115.3676	458.6942
7.6127	80.0853	60.1147
57.0677	97.9699	179.3430
132.7673	53.3591	507.0417
139.4664	114.1925	97.5542
135.0215	7.4526	311.0073
88.7853	92.3659	479.5981
114.3656	128.0916	425.3207
117.4820	34.0443	47.3925
148.1141	34.4164	152.7340
64.1713	153.7394	285.6249
93.5526	124.4305	317.4314
80.9841	163.4359	262.3023
6.1553	141.3952	520.2660
76.8218	136.2927	511.6854
1.7227	100.2107	334.7014
94.7862	148.6880	348.3919
25.2847	11.0566	11.1886
75.1680	6.7507	254.1110
133.9270	139.5742	468.0019
83.0167	83.3000	203.3615
15.2080	172.1990	41.5217
100.2797	26.3330	307.4906
81.9765	44.1112	401.2825
114.1945	90.4906	371.2676
108.6134	14.5183	380.1983
97.9576	157.9055	408.1382
116.4472	158.8732	209.0754
151.6162	3.1571	523.0724
164.9933	47.6998	364.8805
157.4175	63.4315	49.7917
136.0004	130.5413	75.2839
122.3894	149.2591	322.3869
163.4095	130.9046	281.5969
67.1529	44.9143	315.4481
99.9646	137.5401	217.0413
25.3162	122.6366	426.2362
68.9893	145.8386	262.7339
35.2093	42.4190	316.0641
127.0683	167.8281	541.2333
95.5016	114.0472	290.9541
152.2093	113.8409	455.9826
48.2555	10.7494	82.7356
11.1434	41.8508	279.1141
155.3678	160.1266	286.4249
138.8807	62.1425	343.0512
56.0947	131.2611	127.9618
40.7103	156.7231	321.0364
153.7798	45.1084	432.6796
164.8251	57.2694	137.9915
163.9162	34.9407	421.8109
166.6368	165.9039	475.4504
8.5425	93.4057	177.7402
114.0691	118.3664	32.2637
147.5051	163.0621	491.0285
6.1577	162.2030	416.4985
135.1529	47.0452	39.4447
6.9217	72.2437	321.7206
149.3549	48.7808	29.2692
5.5535	55.7454	38.5354
68.6425	120.9547	289.9165
107.4707	65.2092	51.6346
105.5604	26.9688	427.4396
78.4297	27.9595	42.0184
170.9909	12.6773	448.1741
47.4979	155.2175	11.8147
93.2755	146.1412	436.8496
70.5398	172.7185	17.8815
64.8365	167.1137	411.7638
60.1859	145.1468	65.2204
163.4064	172.0119	363.5197
14.0100	154.8427	308.3470
111.4840	27.2436	175.9501
75.6827	114.4859	207.3411
51.7160	113.3262	180.5118
67.5626	131.5611	172.9843
170.1206	129.1161	302.6357
51.7359	40.1174	33.1153
62.1786	117.2743	245.7399
161.0141	128.9231	434.4568
111.4119	87.8895	146.7030
53.8034	168.5405	325.9702
26.6496	137.1991	538.3869
72.4478	159.1796	77.8446
26.0089	117.3344	518.7972
30.0567	56.8115	109.0277
74.3172	5.7793	525.9333
171.3716	169.0510	353.5520
65.2653	89.0683	284.2815
22.1231	80.3579	202.3492
171.2681	31.3764	212.7490
155.3960	110.9781	336.8125
0.3031	46.7217	260.4233
5.3079	19.5181	246.0261
136.6605	130.3442	164.5445
161.8387	150.4160	148.1573
26.7244	136.9737	446.5317
16.3270	27.5515	436.8454
152.0452	106.1716	335.9427
14.7886	168.0224	264.0026
54.8919	9.6676	308.2326
20.2820	168.8268	448.4672
152.0507	143.8316	377.4253
47.5850	52.2952	266.0110
87.7798	159.9748	259.1071
160.6658	123.1050	349.4229
106.7002	109.8516	521.1559
119.0028	30.0871	43.7726
51.0739	24.2790	42.7265
58.5829	126.1171	25.4304
141.2500	150.6761	16.8946
33.2768	121.2301	181.3727
92.6672	63.4230	333.5682
18.2383	77.4392	223.1443
2.6573	93.3602	277.6600
127.7769	46.4654	461.9797
24.7864	149.6342	476.0861
77.2888	56.7279	414.8452
127.1027	152.9618	204.9287
128.7129	147.2909	141.1731
114.0151	66.7126	174.9691
158.9581	50.5894	538.9047
96.6241	50.1313	197.8798
4.2703	13.0288	343.9681
81.1483	5.6833	205.7714
96.0656	14.0815	449.6549
164.4234	139.2898	60.4058
44.4521	122.7889	548.5864
49.0436	151.2183	280.4625
59.2925	1.2981	534.8941
36.4403	26.1784	441.1166
81.7339	73.9450	111.0454
58.0807	101.2107	508.6600
130.9837	82.8318	222.5369
84.1836	37.3875	147.0786
38.6995	122.7520	7.3846
39.6523	21.2356	285.4008
23.7388	123.6996	58.6080
62.8144	37.8867	515.8264
158.9839	127.4713	506.4622
53.7109	141.6002	521.6061
141.1332	9.2610	550.5886
54.9627	117.8365	239.9045
128.6859	153.8956	518.7658
16.4937	67.0246	452.0738
120.9968	66.4139	258.6439
52.1649	15.3298	118.8389
35.7438	26.6533	176.4597
67.5198	153.8016	184.8295
109.1198	156.4452	33.4635
43.7632	58.6171	440.5956
106.9613	140.6462	345.6371
51.0100	153.8642	216.3478
82.0902	89.0136	108.2474
2.0374	91.1707	251.7370
156.8806	63.8183	418.5823
66.7580	156.5045	148.6083
58.8842	96.1893	358.5060
88.2341	17.1379	414.5117
13.8691	131.0153	198.0316
32.3953	86.3180	392.1545
20.6879	52.3253	420.3531
153.4718	154.4629	163.5317
61.8344	2.6356	4.9151
51.7141	87.6551	363.1315
140.2536	143.3162	117.0912
90.3668	146.4525	219.3322
14.3819	82.6954	48.1490
30.4563	123.5477	527.8859
119.7116	151.2116	526.7155
171.4182	105.6454	470.8086
83.6027	12.1424	184.6801
0.5045	37.3042	466.8836
118.4414	1.1626	39.6089
166.5342	112.6480	11.6847
74.7422	111.1806	359.2726
80.4986	136.7167	323.3168
133.5222	141.2138	477.9995
55.0971	169.6578	370.0800
141.7245	160.5399	492.7121
127.7071	135.9100	410.6647
125.0273	157.4925	416.6329
133.9981	34.9929	2.4343
163.0103	35.8744	528.8005
55.0553	143.7399	329.6596
74.0842	155.2523	307.9380
58.3795	139.0171	373.7267
135.5967	130.1790	16.7801
142.2602	104.3210	336.2373
40.5912	61.7328	420.4334
6.8307	81.4387	185.8090
153.9479	155.7023	132.8894
74.1759	169.8418	105.8343
79.5758	22.4000	84.5702
117.9358	62.1463	539.7163
41.6012	2.0197	241.2728
123.6372	141.1310	542.6415
65.3951	68.9165	456.3476
79.4898	70.6026	166.1926
138.3973	100.3320	10.0007
83.8368	26.2474	500.2644
34.0013	106.9638	32.9718
100.0241	12.4613	18.4774
107.7244	129.2160	436.6548
114.4509	70.5688	485.0300
75.8848	159.8515	175.2520
12.0844	123.9381	481.7330
13.2621	82.1459	71.5014
159.3096	46.4476	175.2117
114.9350	87.4651	285.4100
9.2241	34.8432	186.8962
36.3034	49.3748	403.0752
168.5721	6.5706	191.9848
1.3439	47.4474	175.0849
37.4989	153.7548	91.0308
110.4760	166.3671	368.2340
105.6335	51.7525	97.3030
46.8235	43.6468	472.4515
42.7737	106.8300	118.3038
7.4748	140.7990	122.3373
91.7778	29.6346	543.7807
18.0495	125.8612	423.1468
24.4983	54.3574	226.8326
149.1422	13.2881	351.9034
45.8752	113.6780	273.8726
89.2520	32.6863	212.0895
26.7278	84.8294	244.1984
35.5254	164.7917	455.1735
108.0620	84.9621	190.4411
149.4076	98.0211	40.9806
22.9212	115.9495	46.2862
118.1016	140.5405	164.1173
146.4049	30.6003	298.7873
117.3894	54.8419	142.2511
104.7550	19.2349	120.5653
86.2878	40.6346	445.0880
164.0477	16.2015	246.9300
158.9642	159.9092	161.7919
21.5446	51.8948	399.3882
51.1474	67.5896	196.2243
81.3299	115.7917	373.8954
86.6081	122.6914	389.2522
81.9186	62.7767	246.6960
34.0515	42.3210	414.9308
12.5671	140.5991	539.7805
30.1809	36.7083	258.9208
1.4591	69.1266	287.2648
85.7092	64.9720	256.5357
1.1671	57.0016	525.2090
23.3226	116.0042	304.0791
22.0551	88.4941	369.0407
165.2963	65.9029	542.2730
44.2637	44.9621	326.7418
14.0554	93.2498	322.9475
126.8198	61.8938	416.8461
169.7831	151.1416	538.1558
26.5464	162.8686	254.0547
155.9007	148.8227	264.6143
68.4342	103.2638	301.2462
5.9073	95.4136	233.6222
116.3991	154.3510	474.0733
116.7059	4.9011	279.1291
143.5857	34.2834	98.8931
87.9192	106.0224	184.1444
49.3217	145.5736	3.1589
32.0908	157.6697	251.8443
25.9616	98.0660	559.7495
109.3868	62.8699	51.4499
39.8897	161.6005	101.2025
17.7010	146.6777	536.6678
144.3931	158.9734	464.4948
10.5195	125.7108	518.1517
134.9128	21.8618	531.3736
29.6334	11.7348	538.1858
63.6009	156.5306	95.9308
162.3650	15.4921	250.1997
80.9379	36.2682	108.9024
99.9328	84.0916	284.5534
102.8910	16.4856	12.2025
110.8846	56.9041	353.8662
31.9044	31.0960	460.7403
25.2725	135.4778	176.6244
92.3339	42.5309	539.8660
103.4639	71.6120	385.3021
54.1017	113.1216	321.0562
15.5276	21.2841	31.6029
89.1252	160.6458	458.1194
97.3097	169.1651	106.1390
144.2823	165.9973	389.8464
168.6585	1.9895	339.6813
164.7584	47.6749	0.4810
148.8108	18.4120	520.2388
95.9031	105.1549	363.4287
156.2804	10.5072	307.5099
46.8274	167.1603	167.8253
125.1761	68.2325	64.1878
105.8788	116.8051	250.9727
46.0187	10.3226	74.1795
113.1099	151.4837	85.2514
4.0934	151.7208	515.7940
112.8911	3.8656	187.9528
63.0628	164.7171	436.0017
97.4899	129.8507	139.9831
114.8453	7.1389	42.6791
6.4200	21.5052	226.7857
53.8853	108.8950	310.0681
33.4445	135.3685	101.6931
123.3552	127.8267	257.7816
66.0382	164.9431	66.1488
28.5717	112.4191	305.1215
8.5468	7.4770	353.6773
115.0175	94.1065	278.0559
139.1065	26.3736	506.7818
172.3599	94.1121	18.4755
113.7422	4.0782	358.1775
146.3698	64.8227	362.7047
1.7958	39.0446	172.1831
66.1698	57.8382	194.9414
116.4306	5.7946	558.2153
3.2744	93.1905	440.2416
31.7690	72.5584	335.1717
166.1677	170.7532	24.3642
92.4733	166.0448	278.0031
91.8256	51.2917	434.3350
156.3215	91.7560	132.9139
30.9492	122.8504	104.0965
100.9099	35.9952	484.1405
77.9189	107.4979	310.0302
121.6105	165.5889	322.5285
70.3714	18.7433	88.7476
157.5819	52.0010	64.9309
7.9363	101.9469	423.7140
128.0613	78.6862	259.7520
79.1635	134.4463	493.0314
53.7077	15.8981	501.9089
39.9195	87.3216	290.5774
161.5187	79.2467	529.8023
49.2148	76.7983	406.8251
93.0986	8.4727	553.9483
84.2317	42.1323	31.0097
10.1004	121.9293	337.2226
77.8571	72.6797	274.0295
164.9235	23.8770	515.8815
14.5889	64.5309	406.4986
146.0185	88.1278	101.5481
40.4129	86.0765	115.7667
24.6431	162.9795	126.8579
91.5312	18.3150	142.4657
6.8462	129.0316	178.4489
94.7950	165.8386	91.2826
7.3031	37.3889	380.2420
101.7156	47.2465	320.5797
88.0370	97.1979	49.4597
72.1714	66.6445	45.3692
131.5716	61.4494	139.4317
139.9288	23.0996	543.1100
111.0736	33.8256	422.0101
103.1997	122.6791	256.2876
168.9586	56.8282	23.2781
147.0302	13.9305	41.9050
25.5847	142.5997	387.8965
102.0622	162.7030	263.9987
109.7867	153.4782	473.5073
77.4499	27.3937	499.8855
125.3240	9.3058	448.4779
34.9642	133.4980	559.4544
6.7833	120.6354	513.7666
26.0259	39.0914	415.5427
131.0170	47.8795	395.2121
57.5785	61.9029	508.8714
11.9885	138.8531	441.1425
40.2645	53.9036	340.4029
23.5972	24.7657	204.7191
115.0649	30.9514	27.6901
117.2672	149.5080	109.9238
162.7046	33.4782	410.9494
43.2377	76.1792	278.5526
86.9302	98.4275	236.4075
84.0211	49.0716	132.6559
0.1128	60.0562	334.0245
104.1327	87.7275	101.6218
24.2654	2.1069	194.1928
47.7637	145.1747	244.3863
43.1114	43.5226	291.0000
121.8866	37.3090	437.5378
81.2999	40.9449	23.3077
79.7843	156.9176	454.6984
137.0158	54.5035	457.4948
88.5698	122.2283	237.2745
142.7728	45.9816	175.8638
162.5957	70.4534	61.8955
108.7530	40.3721	360.7114
127.4671	133.8827	298.0502
17.6220	123.7677	135.6069
30.9388	107.0476	35.3000
55.7092	162.8985	436.5652
43.6373	51.7168	375.6187
92.8096	35.0792	62.5580
148.2377	42.8318	110.6250
26.0679	152.9924	333.2645
63.1275	91.8882	473.0442
80.4628	113.5734	135.3273
145.3972	117.2305	259.8314
99.7588	105.0658	385.7038
146.5083	131.8366	94.8276
88.0033	152.6013	469.8052
19.7258	19.2714	359.6478
5.5551	23.2933	25.9977
86.3615	61.7650	482.1955
68.6597	11.2672	482.4346
100.8747	29.4768	302.1624
171.1914	34.6223	540.4262
103.5036	12.6716	421.1083
97.9320	91.2169	299.8608
134.6222	167.7134	490.1061
93.4730	29.4940	505.0143
71.4374	101.8641	539.2408
37.5444	144.4671	147.1816
112.4120	97.6376	67.5091
82.5791	1.0862	408.1516
165.4518	89.3942	107.0355
12.6005	132.1929	370.4231
144.1200	103.4090	432.0688
73.1856	125.6303	49.4420
166.9812	25.7246	327.1262
113.8993	97.4461	62.0002
67.1706	65.1057	51.9734
59.3018	122.9350	323.2051
97.4194	95.0588	291.6918
157.1106	67.1564	157.0979
152.1881	70.9612	248.6875
161.9426	74.4476	143.9438
130.0430	101.6091	405.7984
95.3670	32.1569	1.9287
106.6792	70.8444	31.4961
75.3592	33.9300	135.3507
54.4339	42.5952	468.3984
150.6436	131.2733	469.5556
171.5633	151.1058	337.8864
128.5152	147.8330	2.1201
28.3042	119.5257	405.5174
55.7546	44.6961	451.5427
142.1368	17.5599	540.8857
40.2060	17.2980	68.2270
16.0660	86.4922	9.4942
23.9505	125.0761	254.9233
43.8774	151.3669	336.7682
102.1666	134.3766	294.5131
115.0936	121.1410	157.5842
157.4512	90.1317	300.8966
19.4137	128.3212	355.4273
42.2176	84.0668	257.7367
35.1772	114.0804	486.3618
79.6863	77.1279	513.7037
38.5571	149.8517	6.0431
20.9751	70.9868	219.5874
96.1418	83.6862	269.8620
155.9473	28.8697	547.7427
30.4503	127.5596	99.6980
44.0884	15.2356	417.2092
171.2197	137.6573	528.4144
147.8174	116.2516	8.2364
42.4301	159.7765	312.5836
85.8230	127.5221	487.3156
15.8277	7.2195	7.6065
112.9524	170.3097	238.2290
146.5403	164.2096	290.6898
156.3662	163.7606	467.8511
98.8287	80.6718	86.6937
19.2544	117.9625	410.8687
135.5206	11.2493	505.8283
158.6216	160.6825	342.2617
138.8467	68.8057	421.9499
20.6301	39.1542	398.4603
154.8242	3.8965	256.4892
118.8978	112.2417	46.7326
11.4491	129.7566	113.1287
90.4431	2.7976	149.5797
54.0618	153.5139	273.6848
20.4858	130.5195	544.5116
70.9494	33.8178	68.4293
85.9675	75.0784	450.1033
69.9264	10.7663	361.7459
155.2108	1.1855	495.3706
145.9099	156.3257	167.7486
112.2817	39.2424	167.6651
85.9198	79.6779	180.6629
22.5619	113.4794	297.1508
137.9310	41.6194	36.6048
77.3867	54.1327	532.4886
110.1133	100.4243	327.0138
39.5837	150.5101	543.9621
167.8326	66.2290	45.9474
115.8533	123.8967	188.5622
36.0691	1.0250	294.2243
76.1795	53.0387	277.3004
31.4912	127.7659	267.7620
66.1835	23.8947	64.0291
53.3309	77.2105	439.9900
68.2555	93.4440	428.6942
107.2462	101.1347	317.3065
123.5232	52.3584	54.4546
12.6904	132.5016	333.6963
51.7714	7.6850	427.2079
64.8987	80.7578	396.5364
98.3864	21.1031	52.3475
122.6671	75.0116	432.8667
131.6010	169.2163	254.3164
172.0649	102.1261	110.3478
41.5107	48.6382	158.2345
98.4011	4.1230	308.6475
168.8727	14.1991	519.5810
17.8078	99.6115	166.1387
129.9027	46.5424	434.0529
155.4070	146.1279	157.7572
58.6367	41.4089	465.4540
60.3936	13.3083	7.0642
136.8716	98.4844	335.0151
150.4578	6.0410	373.5120
25.5086	129.0230	437.5536
82.2602	166.1696	281.0138
146.1274	93.2745	78.6277
104.5380	95.3118	293.2098
55.0389	41.5334	203.8771
140.6918	96.5059	432.2684
170.4336	21.9601	249.9013
64.1916	141.4235	319.7664
160.5540	111.2937	122.6787
31.0076	54.2835	106.0075
74.3426	129.3644	299.7003
73.6821	9.3681	547.5903
48.0325	80.3435	142.5331
161.3575	59.3004	197.0899
114.6815	20.0832	59.9624
63.7373	148.7056	95.7904
75.8567	172.4538	503.8658
53.0974	118.3548	173.8351
144.9254	108.9915	46.2346
21.3611	27.4405	552.8411
4.4997	146.3123	333.9247
112.1951	144.0279	124.5945
58.9578	54.0334	41.5086
78.5508	90.9161	34.1786
172.7455	37.6319	543.0738
158.9110	20.8627	373.0594
142.3945	143.2209	539.6760
161.7761	63.5718	248.2488
154.7766	63.9931	404.2639
94.7152	132.4840	443.3411
34.1999	162.1029	428.9118
148.8501	90.1788	149.7860
27.0145	32.4954	98.7260
101.2834	99.7581	440.4216
163.5140	77.6606	163.2238
35.6932	106.6423	209.6644
8.4450	106.7593	19.4296
113.0859	96.4610	466.8426
61.4051	94.5109	102.6653
79.1520	100.0865	103.9807
19.8892	55.5798	204.6453
134.7826	93.8782	116.2261
130.9892	125.2682	269.1012
171.8447	168.9718	269.2816
67.6334	2.8384	500.4378
24.1991	46.0395	135.9993
104.6480	114.3996	167.5956
42.6002	133.5011	93.5864
49.7085	143.7528	473.3541
114.9958	79.6686	434.1252
98.5582	74.8334	342.7467
94.6499	52.8863	431.8175
170.3297	156.8692	317.9091
75.3828	75.8103	368.9525
126.2143	53.7380	462.7216
51.5834	151.7779	321.9308
63.4558	17.3746	335.6106
133.1909	34.2889	13.4508
83.4994	156.0805	477.2673
104.6530	131.1419	562.6758
78.1734	18.1531	45.0210
53.6660	158.2180	107.6000
2.0434	23.9035	198.3556
114.1746	45.6337	282.7972
131.2604	30.2004	494.3824
135.2685	45.3520	521.1261
129.6886	155.9583	176.0096
61.1978	120.1336	422.0157
46.0187	10.3226	74.1795
57.5398	156.0968	458.4394
86.0610	150.2852	129.6278
46.6166	68.6338	151.4286
32.0001	27.9636	129.3883
124.2857	106.0175	254.8806
107.8737	64.9197	409.8756
114.8758	84.5111	236.8260
62.4822	68.6164	305.1173
130.7082	56.1414	557.6475
108.7076	52.3501	562.7257
18.7367	142.8791	114.4861
40.1271	54.5204	387.6676
41.3384	127.2479	162.1686
158.6688	123.1484	362.5676
37.2554	41.2964	448.9864
41.8976	76.0584	273.7359
17.9091	157.1842	348.6118
122.8987	130.1781	380.3494
97.6708	32.0263	367.0918
52.5359	61.0063	365.8503
85.4640	88.1241	130.6702
0.7362	75.4048	514.0482
7.3811	67.0920	247.4240
97.2038	171.2461	495.4174
117.9693	154.8698	310.8841
15.0000	66.6616	134.7896
148.2026	121.6555	203.2285
153.2469	21.2655	57.6650
26.3576	165.2589	372.7836
141.4425	163.8442	334.7715
135.2945	21.4246	513.1809
5.3366	85.3915	12.3546
62.4214	15.1967	556.9105
160.8736	89.5262	332.2812
85.2462	7.6264	217.8251
120.6247	126.5135	446.8557
152.6159	82.4604	142.6145
111.6690	94.4047	85.8356
82.8807	115.2791	185.0942
23.9550	169.8991	437.0331
155.4123	121.2840	189.7424
156.0908	21.8138	320.1135
105.8251	11.0349	215.3147
47.4269	165.2128	549.7335
14.1179	28.0804	190.2772
85.4358	49.7093	488.5028
26.6026	153.9146	62.5411
4.5997	49.1904	22.6453
120.6931	54.5713	191.8352
131.5174	123.8168	96.2191
33.1939	150.6878	472.1170
121.5727	58.4509	315.9947
84.7631	170.0850	28.7008
115.9923	163.2515	462.1874
152.4521	16.6136	87.2357
161.4150	148.1333	388.4242
134.5234	73.4796	444.6778
11.0442	63.0905	182.2137
100.4507	30.7818	11.9813
77.5650	156.8547	230.7008
4.6492	68.9706	207.1034
171.3324	57.0120	115.2137
103.7796	125.7722	247.2000
122.4743	107.0260	144.4337
159.5177	130.0372	7.2710
57.2371	134.8938	158.3310
139.4575	8.7516	500.7608
166.8989	108.5025	307.3698
120.7074	107.7125	56.8426
131.0018	21.2784	230.2548
116.1690	61.8225	57.9882
22.3659	68.7033	320.8337
169.1509	160.0053	38.9108
70.9798	9.2640	555.9341
120.6614	69.3573	186.2607
90.4923	83.5370	161.8395
120.6837	4.5705	309.1137
76.8986	5.1606	105.1110
60.5106	136.3242	375.5421
38.2130	90.4519	245.4144
153.2288	152.3786	558.4576
88.3811	127.5694	226.6826
134.9595	89.5848	373.5757
65.7265	163.2011	108.3537
138.5207	119.5928	471.2995
37.2619	115.0041	367.7537
118.4161	3.7941	197.5319
82.3555	66.6722	211.3642
11.5665	95.3045	469.1525
1.1826	56.8730	22.5021
129.5002	39.5258	152.0464
135.3788	37.8868	410.3827
132.7704	98.2957	534.3382
151.0866	124.7530	328.2121
32.7593	47.2773	249.7767
136.8251	137.9365	164.0674
98.4980	95.7277	92.6213
88.3130	20.6447	300.1074
156.3701	91.2614	68.4345
146.6333	157.0627	137.2773
12.3799	67.4166	34.3654
148.2093	80.1160	356.2885
142.5080	81.4709	181.1454
3.3544	105.9435	317.4479
53.3754	160.2016	62.8770
35.0984	109.6083	160.8654
66.2654	101.7855	363.9941
50.8480	108.9697	0.0030
53.4311	148.9712	129.3416
26.7470	28.7866	89.6784
13.7735	108.0013	61.4392
130.5273	70.2154	218.9700
112.6430	17.1120	376.4251
98.1096	130.8059	427.8615
117.3594	169.0293	415.6730
64.8131	132.7819	386.8200
111.1390	99.6028	486.0079
37.4434	38.8149	487.2745
54.5660	163.2379	420.0837
138.0262	125.9961	110.1396
66.3702	104.1156	122.1187
86.1478	162.7053	263.4103
15.7138	132.9558	181.0172
58.7929	165.9627	225.1034
126.3618	153.0498	193.0408
80.6282	55.0487	505.2305
105.5450	80.0264	330.4398
171.5245	117.1905	558.8202
69.7182	51.7431	433.5514
70.9133	118.1250	285.6175
80.6559	55.8979	551.5531
9.1098	14.8725	244.7054
169.9840	68.5638	305.8616
113.7942	169.9576	115.5076
88.1717	0.1132	246.8695
86.0118	154.2614	135.3083
22.1479	104.0320	10.3536
55.4096	45.0368	502.7161
107.8540	31.3406	420.2700
170.8480	84.8433	18.0583
84.2550	35.5243	100.6837
47.1387	91.3756	128.1356
107.5931	96.7204	174.1219
47.9004	40.8736	533.1160
55.7526	84.2545	350.6624
103.8679	25.6466	442.0858
24.8837	83.6747	15.1788
138.8601	126.9994	143.5876
160.0998	42.5676	121.9327
0.7446	148.6438	179.2726
39.3975	23.4024	69.6268
5.8713	94.0192	221.2813
135.2258	84.6898	62.0855
18.1859	50.2925	557.6282
10.8347	4.5262	351.0977
59.4250	156.0290	195.5410
78.9587	171.5361	129.7794
85.9126	92.1174	22.3010
91.4735	95.3018	236.0019
40.7314	148.7895	371.2538
169.0464	101.6583	285.8007
144.8228	56.5444	239.0548
155.8746	104.0011	545.5496
38.8100	50.5713	181.1450
39.6835	142.7027	229.8654
82.2662	158.2143	310.7681
68.7408	17.2063	49.8384
171.8780	8.0810	463.8438
114.4306	40.3092	175.7334
170.4003	89.3333	393.0163
9.9438	81.1645	13.6126
38.0442	29.1083	283.8511
60.7403	63.6193	320.9282
22.4814	144.1468	115.4216
80.6002	108.9609	236.7943
100.3252	39.4697	76.4640
96.9888	32.1612	180.2415
170.1749	95.5894	516.6769
61.8596	158.9354	186.4889
119.5722	67.4145	432.1108
57.8654	163.2036	302.9724
31.2407	75.0179	89.7976
91.7367	141.2466	490.5864
56.4199	45.3870	85.1187
153.4391	36.2327	236.4861
125.1736	19.7404	111.3648
137.9379	120.8425	226.7351
132.7313	122.6458	139.1834
11.7173	33.3840	53.7580
39.3266	19.9808	226.3341
122.3059	42.7391	417.4864
52.7707	71.9900	189.3987
4.3837	40.3046	141.8345
64.3572	137.5728	40.5374
160.2758	4.5189	89.4579
6.4927	4.1078	479.6886
148.3786	98.7887	476.6007
135.3974	33.7125	469.3860
149.5734	61.5986	222.4057
134.6687	119.6490	177.1993
107.2968	25.4313	500.5972
130.5008	155.9390	339.9690
25.8446	130.0799	266.0053
148.4910	138.5412	546.1872
29.0980	166.0186	112.3809
34.3702	167.9968	472.9720
151.6059	163.8831	319.6667
0.2596	108.9075	203.8928
108.6848	120.6974	38.8042
111.2987	37.3907	559.2376
161.2413	38.4222	160.9200
157.5674	21.4223	502.5900
160.1326	153.7383	328.1213
105.5272	75.3587	260.8348
14.4235	4.6384	26.0846
3.4412	166.3768	450.9590
59.1817	30.3901	201.9963
100.9402	139.6904	496.1880
41.1990	85.3176	397.1198
69.7179	142.6906	308.4475
103.7420	1.9772	21.3998
149.6424	82.7837	77.8797
125.2446	157.0115	31.9344
13.6000	2.0352	121.4917
129.5293	8.8689	315.0693
97.3393	6.4477	428.2775
170.1153	109.9691	452.5188
16.5797	52.8373	254.2027
97.5414	172.4578	244.4972
123.1951	43.7676	455.6633
3.3854	142.5879	159.8666
52.4611	98.9805	144.2905
140.7249	30.4032	499.7700
144.2621	62.1211	261.1320
127.4742	119.5511	435.6088
138.1265	106.6343	162.9365
44.4118	57.6573	124.3170
129.6532	172.8227	172.2160
160.5308	155.2875	257.0458
85.8679	120.9047	301.9401
46.7470	24.7765	260.0827
168.6191	48.2377	95.7690
74.5083	93.1619	475.3181
48.4938	68.4328	103.8431
70.0711	92.7539	18.5127
136.7033	154.2535	56.2362
104.5872	118.6701	54.5325
152.6441	116.6150	408.2473
78.7821	25.1496	102.6282
0.3298	97.5492	174.9920
169.2721	90.7662	469.5148
81.5924	164.9705	262.2620
141.7043	121.1600	57.8321
119.0237	91.0168	396.1410
152.9434	134.6968	466.3240
108.6944	19.7842	47.5579
10.4217	89.2093	344.5035
59.2300	110.3942	83.7912
131.8145	118.1743	421.0488
157.1125	24.9103	410.4966
112.1719	40.0464	69.2255
308.0170	185.0804	968.0000
155.9485	73.8342	126.1335
20.7186	110.6756	487.0399
26.4649	109.0056	129.6312
102.0903	109.2826	168.7917
128.6561	35.3655	168.8968
155.3685	167.8710	306.6896
7.6881	9.0049	543.5926
97.2857	171.8030	370.3290
154.7361	113.5214	490.8091
18.8586	35.5321	157.7354
39.8601	6.3619	89.1839
18.1504	89.7843	314.0162
3.0411	23.0833	213.0418
33.0786	67.9749	106.0878
81.7424	126.1988	489.2725
141.2514	66.5681	487.4201
80.7438	139.4712	246.9063
23.1883	39.1203	103.5093
61.2617	136.5439	526.6750
82.3593	44.7933	71.6853
92.2379	8.7576	193.6129
46.0187	10.3226	74.1795
105.2168	57.7191	515.2109
43.7118	127.8514	359.1522
156.7225	149.5090	185.9125
41.3919	76.9687	216.8575
121.7296	120.3836	157.0518
172.4332	166.2535	540.9245
92.3833	22.6398	557.7975
103.5211	92.5074	194.6814
111.6324	85.4186	109.8216
110.7309	122.5538	20.4674
99.7264	83.2958	516.4705
78.0697	69.7604	288.4303
10.4077	73.1896	205.3633
40.0615	160.5566	200.7088
150.0643	144.5597	491.2753
16.6047	154.5294	54.0689
5.5353	8.3654	358.5338
123.3590	122.3537	79.9730
169.2594	40.9762	375.2424
63.5541	112.0419	442.5548
129.9370	144.3056	493.8387
18.7569	83.3631	79.4274
15.2207	167.9543	413.5653
80.0803	131.5423	231.8600
20.3099	78.4266	473.0768
99.1242	66.0538	551.9945
107.6841	108.8334	491.3670
11.2936	158.0872	7.2850
132.9417	167.0472	317.0031
50.6990	17.0654	214.6137
64.7407	108.7096	365.2611
70.3355	130.0212	180.7562
162.9602	153.8345	346.9691
103.3187	154.4195	289.9942
10.2846	161.2305	540.8758
139.1848	44.0958	466.3969
75.2679	4.7292	532.6001
117.4488	114.1592	379.6618
87.2630	53.9485	224.5238
152.1201	76.8321	56.4393
157.4504	53.7565	381.8175
25.3875	89.6573	548.5960
82.5472	76.5433	299.5505
89.3846	96.4986	172.5631
88.6529	65.3266	260.1396
108.2182	122.0164	519.6072
19.0768	3.2566	294.2852
8.4204	130.1098	184.4989
83.8600	170.0490	76.3256
30.5001	106.0087	485.6840
142.0774	163.2786	345.7550
7.0112	16.6584	439.4458
117.4371	79.9286	552.4461
171.1737	44.8013	288.9759
163.3846	61.1217	166.2921
170.5144	135.8261	55.1366
31.6541	107.7330	82.5420
22.7539	140.6077	347.7073
10.5280	11.7752	170.2763
57.9179	48.4592	488.6752
44.5465	107.9590	110.7566
54.0686	101.8135	61.3153
171.0294	68.9886	92.9673
29.9480	6.5633	250.2954
47.0697	83.0784	14.7607
127.4453	146.0466	127.7679
55.3427	67.9642	292.3497
116.1528	75.6140	536.0164
37.9244	151.7624	442.9486
64.5142	81.5729	441.7899
123.6203	12.4868	278.9723
113.1039	113.3334	376.7682
162.6633	59.4122	485.1771
87.7252	103.1896	320.7098
113.7832	138.8489	96.5761
114.6623	23.2521	37.8298
158.0717	0.1239	217.6628
13.8723	158.1586	383.8987
8.4164	61.2292	72.9995
43.1029	140.0514	33.8277
29.9468	92.0838	88.8334
22.1819	81.9077	107.5747
15.8019	80.5989	406.4304
143.9309	111.6400	115.0450
99.8343	76.4609	222.0567
10.5861	78.5674	101.5817
78.5188	159.5582	223.0740
69.4792	116.6510	164.5344
35.2090	115.4267	282.4044
159.2613	122.1613	230.9094
126.5623	168.9692	81.2790
12.3969	136.1849	60.0733
43.9235	84.3168	483.7294
59.9877	56.2258	357.3511
18.0779	126.7679	75.4257
22.9864	60.6848	546.4088
118.1304	122.2545	337.0998
109.6900	169.2611	9.1246
170.6836	90.5329	518.6112
23.3108	26.2660	247.3753
142.7563	43.3702	307.3720
40.6611	1.0378	40.7314
133.2741	62.8583	437.2077
90.9041	127.7922	123.6459
3.1256	47.6509	209.2861
142.2542	42.6609	490.9905
144.8358	20.3945	222.5836
67.6412	27.8624	14.8664
79.7540	127.1636	103.9010
40.0763	148.5601	410.3594
40.6738	120.3347	36.2578
31.5934	66.7436	402.2316
61.7175	100.1131	477.8214
150.4328	29.2358	181.7354
118.0523	21.2850	0.8639
151.7093	134.9832	78.9908
150.1977	117.1230	247.8955
9.6009	111.1432	128.7957
54.8481	131.9667	462.8797
44.0048	79.2615	78.2903
18.9607	102.2919	432.9269
152.6842	167.4415	17.4874
42.8069	142.7467	547.3310
139.4433	139.1635	130.0314
95.5006	74.0774	236.2598
78.4721	105.5313	22.7877
29.6034	54.1396	182.7834
61.9526	126.2391	285.9674
35.8349	135.1668	130.0309
63.6301	149.2012	134.4327
124.8677	163.8642	270.5947
21.1410	146.7654	381.5905
86.2199	86.3328	357.0423
40.5318	124.8828	181.3800
94.1270	24.3300	44.0720
88.4668	85.2089	471.9733
133.8817	118.0459	286.1106
112.2953	64.7692	239.9571
66.8121	49.6588	260.4645
52.9867	164.0765	284.4329
148.7536	68.4478	314.0434
1.2585	85.2088	530.7984
36.2797	146.5591	102.8904
95.1320	70.2239	528.4482
13.5625	76.4399	236.9251
104.0701	70.6549	466.4468
15.6651	74.9153	330.4850
105.0270	87.3448	350.2231
83.8573	48.2322	49.9243
144.6023	72.0604	75.4693
91.3696	95.8264	0.0389
128.2293	97.6581	406.1450
34.6067	86.7234	17.9762
159.5560	157.1318	169.8592
52.3245	20.4179	199.3863
8.0336	110.5647	225.9198
21.1782	11.3454	208.0691
103.9147	159.3608	277.0874
3.2204	15.4699	368.5331
48.1963	16.6998	63.2608
160.8992	54.6580	333.2937
131.1835	163.1195	78.5817
53.9768	126.1104	441.6044
13.8380	94.6309	191.2969
63.7166	15.3012	305.5917
145.6014	6.9203	469.3678
51.5953	153.1964	354.7608
4.7738	98.6765	509.0891
172.4407	144.4859	345.6738
22.7859	154.3459	512.2303
71.9882	49.3693	292.5513
48.8559	160.9720	235.3473
88.3412	25.6583	153.7012
78.3251	7.9911	363.2125
41.6830	48.1775	27.3748
171.2424	19.9244	457.6621
51.9384	2.0347	516.2946
139.6714	141.2893	156.8288
78.5482	63.7537	2.9583
13.2869	65.2929	348.9287
36.7608	89.9478	336.6324
105.8633	89.6563	335.5310
69.8328	19.5411	352.1738
59.7701	168.6980	8.7126
23.8478	23.8867	356.7824
49.3901	104.1234	90.4355
18.0803	160.1687	429.6360
114.4858	15.7924	154.3437
36.7128	134.7839	0.7183
122.2657	117.5557	384.6057
57.8534	103.7956	63.2876
157.8398	129.1824	66.1723
12.2108	167.4110	516.8636
130.8940	17.5495	293.5665
86.9147	20.1244	556.8952
45.0547	151.1035	197.3236
133.8421	156.3446	64.1518
100.8137	170.7898	382.0816
68.2221	58.5498	210.1429
39.8065	49.0657	554.3268
85.4102	80.3263	118.8219
83.0233	17.0412	524.4239
168.9051	70.1193	370.1307
118.0454	155.8215	100.6618
106.4715	119.6996	400.4976
51.8821	24.6346	221.5827
49.2851	79.5467	137.6356
37.9362	125.2435	155.8546
44.0812	88.4589	480.2936
158.7031	4.9431	195.9977
115.9924	104.4694	377.2046
7.3022	1.9640	554.1696
142.1633	142.2091	164.4880
141.1692	154.7768	563.0504
6.1464	161.0605	387.7514
87.8802	155.7583	441.8342
9.5524	44.2661	427.2173
67.1948	137.7025	325.8978
64.8467	102.6398	391.5295
140.1381	74.9085	84.0497
83.3708	110.2886	374.4973
16.3482	19.5119	439.4757
31.9396	112.8839	107.2490
40.4605	69.6316	231.7991
10.5334	86.2673	513.8642
57.6908	152.7975	176.3874
20.6933	59.4763	254.6368
48.0961	11.1595	366.6648
82.1079	80.5196	296.9338
122.0434	38.1023	399.5449
80.8779	64.6961	478.0349
99.3697	54.4152	282.2797
138.2470	18.5962	140.8302
143.1033	145.9452	304.9086
31.8187	46.3423	169.8877
3.5964	18.8817	478.8275
145.6463	113.4790	324.8372
126.5632	139.7025	8.6564
105.6839	133.6279	467.4363
156.0930	55.9468	163.7448
136.7916	167.2413	114.6385
98.0653	72.0633	205.3321
136.9596	36.8864	243.7497
50.3585	57.1294	561.8999
20.8431	140.7433	100.7815
150.8652	109.2660	151.4301
99.2262	2.8593	267.0547
94.0237	145.0006	378.2149
35.0386	17.0247	120.5180
55.7272	11.7275	441.3285
139.7063	28.5315	513.8168
68.6053	10.1079	211.2124
143.4001	54.1318	103.8542
45.8046	92.1270	225.0967
96.1847	90.8630	374.3749
126.6996	61.4455	78.0703
167.4141	108.1283	466.8859
3.2326	131.1249	450.4075
145.6859	163.9182	276.1963
129.0388	138.7229	542.1836
22.0489	151.3099	493.1252
166.0181	71.4744	453.5622
111.5992	114.1678	340.6594
169.5472	16.5160	513.5227
126.8351	115.0867	104.7673
157.3192	85.6882	416.1260
123.0179	23.4893	24.0187
158.9620	23.2084	478.0073
81.9406	112.2534	30.9545
74.8918	124.0550	74.1372
51.1457	81.4342	134.2630
107.5523	35.1492	36.4821
62.9677	122.2954	424.8273
57.6678	62.6336	130.5187
118.8837	152.7693	274.8470
41.4207	39.4565	304.6946
172.9111	79.2572	369.3750
87.4291	97.2581	29.4293
39.4086	28.2965	246.4996
126.9784	31.0308	143.9183
116.0950	155.2107	509.5629
162.2479	140.4275	130.0046
86.4855	81.6427	73.0930
72.9350	107.9222	417.2339
7.4438	102.6038	225.7747
39.2404	51.1813	199.4192
149.3524	87.8388	431.7407
69.8922	105.8229	402.3341
117.3743	137.9820	161.6350
44.7019	43.8388	499.8603
159.0226	148.0842	31.7462
31.4229	51.7235	174.1983
89.0415	129.3388	147.8180
155.4324	122.2741	327.0598
83.5620	80.8682	505.3169
112.1110	28.4129	430.5484
67.3804	98.8186	82.3270
102.4486	85.3253	528.3234
89.3776	26.7697	561.1648
26.8717	160.4695	433.2960
170.9280	72.7103	112.9243
119.3870	160.4498	362.5574
130.3880	37.8383	380.7235
5.4971	76.5569	324.6048
78.7972	13.3171	179.3216
169.9997	109.0730	203.0101
7.9284	37.4727	425.3054
66.9567	53.2316	66.1032
159.3633	145.9737	121.2458
91.7252	43.0128	437.3227
66.4362	53.5042	13.5680
28.4757	108.0683	133.2665
163.4487	89.4064	79.1004
138.8653	146.2106	95.1662
172.4038	138.1851	373.9123
4.2986	82.9912	292.3082
46.0187	10.3226	74.1795
77.4329	65.6726	83.9246
23.3835	75.3068	19.9443
71.9138	14.9780	23.1820
13.0243	163.5082	441.6179
19.2281	84.9130	82.3223
26.0076	117.2513	423.9078
73.3952	145.6190	475.0140
101.3654	129.8352	398.5763
102.3904	145.9112	307.1473
89.0799	90.4327	157.3951
157.2173	11.2555	173.6677
157.7872	36.7918	551.7328
122.9408	59.4142	319.3762
40.8927	53.1500	32.4948
34.1712	149.5433	328.2859
83.1297	19.5920	437.7466
129.7033	126.1337	414.1357
106.8189	151.2847	226.7757
74.7974	57.6259	374.9009
145.6787	70.6403	369.5759
112.6780	97.4581	342.4888
53.6095	152.0091	354.7290
155.8588	84.1888	121.0597
80.5976	136.2703	457.0103
151.7036	107.9538	19.9522
98.2593	66.3798	232.2989
148.4798	52.3690	510.1884
44.6623	140.9026	310.4000
30.9929	158.4499	448.5130
75.3532	153.7096	395.2933
48.0471	125.5459	314.6386
139.7938	140.7451	161.2137
163.4841	29.0049	319.1846
52.5220	71.0799	351.3365
97.3611	145.2069	283.0464
21.6754	76.4143	165.2470
93.0793	144.7901	212.0339
66.1253	137.3233	285.2099
101.0073	12.9234	192.6285
125.5687	158.7228	31.5625
71.5416	34.2251	155.3941
49.2796	7.1017	195.8670
60.9078	160.1570	98.2442
52.4489	148.4379	548.4862
60.1345	51.8793	243.5931
31.9399	17.6350	396.8922
117.2572	120.3056	14.2522
2.1993	72.3390	512.5591
33.8142	168.4009	63.9897
152.5235	7.9984	86.6850
8.9341	38.6304	200.8114
92.4279	32.2706	146.3151
14.5910	18.0456	367.0752
144.8380	29.3757	167.7758
162.3859	158.4311	443.3131
10.1731	147.5118	27.2765
10.4915	110.5695	349.4797
138.1006	64.8305	372.0282
36.4136	140.2770	122.4573
25.2336	12.0172	24.4198
107.5190	97.3752	381.8445
45.8356	41.9709	164.7771
87.6299	18.8166	552.5029
39.8320	96.5136	222.2762
84.3686	23.1532	76.6955
134.6786	87.7724	302.1370
9.9869	90.7153	44.6222
122.6687	126.0592	22.4199
130.2423	157.3202	347.4360
4.2596	100.8719	450.3193
65.2297	53.3814	284.4460
60.8499	159.9550	67.2252
104.3758	80.0178	71.8874
67.5239	39.8310	327.1234
104.6543	131.1448	562.6718
120.1570	45.6412	240.2133
160.0452	140.5066	421.1175
138.7349	164.8042	448.2234
62.1853	146.5242	304.2225
27.8435	76.1196	336.4614
152.9044	132.9246	531.9082
118.7361	162.8522	365.7186
120.7052	73.4619	510.4965
34.3617	17.7969	383.0609
144.3869	76.3494	437.0867
137.9706	78.7988	176.6768
86.1072	71.2643	533.4836
137.7616	143.4590	461.3401
33.7783	32.8151	250.4142
80.3559	92.5471	291.7754
134.1487	49.4755	518.4963
119.0574	84.2273	0.8188
25.6990	136.0601	240.2519
96.7514	148.1957	15.0334
119.8362	23.4964	561.1992
46.0535	172.0454	495.6274
133.5872	31.7711	354.7168
24.0447	12.6119	371.0362
129.2276	33.7276	110.6086
82.3351	33.6792	215.3372
10.7753	3.1401	460.7351
9.2618	69.6878	309.2693
26.6100	28.1152	189.0173
137.6904	44.8462	324.9314
130.3273	97.1114	475.2874
35.9037	38.1701	209.1229
108.7408	124.3747	510.1860
169.2774	107.4782	392.7682
166.4956	4.7750	370.8532
66.4800	43.1253	120.6563
8.8894	115.4939	378.4218
145.6694	160.3473	141.8755
52.1985	29.4309	534.7760
112.6685	140.5357	213.3530
77.1292	30.4761	320.5942
16.1562	64.8490	50.1228
38.6472	79.2194	296.2711
117.4751	166.2583	259.2946
147.9878	46.1757	126.3350
137.3171	131.4527	14.0189
41.6038	145.3158	51.9018
130.3413	150.7691	522.9043
35.2404	78.0643	214.4056
18.3549	161.9987	276.6294
156.1981	171.7826	437.6342
96.5894	168.0734	224.0679
25.5566	97.7589	328.9155
3.8378	140.3021	491.0554
162.6778	125.5137	416.9139
82.6017	146.1869	557.3930
0.9591	81.2360	320.8987
24.9210	80.9428	60.1728
168.5222	20.8152	242.3195
163.6933	47.7495	59.3533
106.1039	116.4497	244.9431
138.2157	157.6372	216.3331
72.7909	9.6839	541.4392
13.9903	51.7874	423.7420
5.9122	48.4521	18.0939
100.8008	18.9572	148.2209
37.4641	29.6885	113.1707
9.8332	59.0779	265.2156
80.6857	119.9331	466.4828
78.9157	5.5599	205.2867
54.4025	44.1524	561.0035
35.2111	171.9670	209.1681
89.4926	56.5756	280.6958
54.4195	98.6682	498.6706
145.5317	95.0263	45.3159
82.9996	158.6256	519.8837
56.0029	6.5842	558.8226
8.6986	102.3735	99.5768
1.4205	4.4899	56.5529
60.4608	136.9063	459.8786
127.6611	56.1707	75.3753
137.5809	112.9805	1.3779
89.7992	63.8922	175.9633
8.6276	165.8497	251.8367
53.3952	93.1893	150.7373
120.2913	134.4055	73.4727
7.4244	20.1068	443.7115
35.1098	125.8390	40.0140
31.4050	43.1868	131.8531
114.0539	164.9876	23.6942
85.2893	17.7614	516.6920
60.7794	128.4289	274.1530
145.6273	65.2817	134.7610
171.9798	111.3986	307.6413
165.3565	131.7264	31.9166
107.1079	50.8657	525.3553
105.0315	23.9377	411.2224
114.0268	22.3415	169.4666
163.2268	148.7004	27.0399
69.0546	137.1919	82.1552
83.0206	1.9688	225.8557
125.9694	32.0241	409.2876
38.0144	30.4488	117.1286
118.0702	168.2130	374.2955
131.2042	15.9962	225.9127
116.6894	1.5463	465.6681
166.6382	140.7324	240.6410
92.9395	140.5825	333.5751
54.2059	12.5950	310.5335
124.3580	94.1211	42.8936
71.4788	144.4827	540.8577
126.0221	48.9437	103.2833
23.7642	34.1262	503.1697
126.0029	92.5432	301.4360
132.8007	110.0102	231.0841
19.2698	163.6644	403.9610
132.8948	53.4744	48.0070
88.9221	96.5186	481.3853
9.8344	52.0599	113.0487
166.8314	102.0031	307.7648
25.6618	22.3805	105.1214
160.3822	119.7456	146.0647
160.1679	43.8728	422.6540
11.9545	101.3686	482.2526
6.9067	55.9021	341.5616
26.0657	17.8792	421.1491
72.4549	101.9728	13.8211
15.5848	143.8561	19.2344
81.8882	105.2145	485.3382
64.7189	18.6046	66.9174
36.1142	41.1732	236.2078
85.8341	157.6516	90.4592
24.6015	41.8924	345.2594
28.1013	9.2538	496.0311
170.4898	119.0509	417.0156
70.5455	153.0480	16.3566
156.0598	73.6547	120.3224
140.6565	139.7924	198.7306
122.9161	77.9307	472.9585
150.1299	164.4132	508.9992
102.5584	99.9183	408.9025
162.0621	29.3135	81.1597
17.5240	60.2827	146.8714
113.7981	47.2136	399.6108
105.9823	47.4082	99.0512
90.1972	44.1369	457.4297
29.0650	89.7221	538.4556
93.7058	167.9247	396.5888
74.1915	33.7457	147.0900
154.1517	147.8645	168.7598
103.5467	79.7046	354.4791
19.2438	51.8251	97.2517
84.1365	100.8718	501.3750
139.5315	128.0104	512.7896
40.0276	141.0269	38.8734
40.2114	165.6869	450.3486
65.7713	7.7607	365.8067
130.5312	138.6382	141.8411
65.3873	150.8492	34.7047
20.6850	8.3130	194.0636
71.7393	30.5291	464.9437
151.5508	41.6670	449.0626
111.5712	89.5286	348.1334
3.8920	167.5922	537.8408
39.0890	172.3364	100.3761
108.3942	3.4921	56.8009
69.8511	129.4334	282.2481
-62.8192	17.5624	-1210.0000
112.8133	62.2339	520.2284
68.6469	67.5526	3.9735
48.0456	30.3117	511.6297
162.5823	39.8135	238.5287
133.4940	168.5347	335.3051
10.5951	160.1086	482.0861
33.6768	44.1880	347.5150
110.6131	20.1925	335.5706
11.8267	71.4626	30.6566
91.5176	3.8911	383.3495
20.9313	121.2456	88.6453
141.7299	27.5868	247.6481
87.6093	64.8279	256.2953
119.2748	161.4039	499.1784
118.4390	61.6725	352.8004
65.9700	32.0797	140.4677
148.9253	38.0894	330.5580
19.5309	10.7476	217.1858
68.9833	9.9994	342.2981
157.6194	99.5776	133.9442
18.1680	25.2120	36.3854
15.6172	3.7427	78.0497
136.6023	79.3140	156.6881
149.2327	24.7508	315.7408
120.0860	77.6652	1.2566
141.7955	92.7894	438.7229
4.8470	21.2209	224.7705
55.2425	112.2054	483.4125
54.2357	93.4668	382.1073
87.3630	35.8928	134.3273
22.2826	158.5314	150.3921
120.1129	103.0476	35.2462
63.9451	102.8999	216.3106
102.0322	105.5060	290.5638
93.6508	120.7820	297.9861
66.3099	17.0572	61.5863
25.5877	103.0544	176.3854
36.2091	149.5070	552.9225
148.2016	167.5110	405.4799
24.9892	87.9263	202.9008
89.7392	150.9681	302.8169
138.7838	17.5479	193.3457
162.5531	153.0202	283.6470
75.4862	48.6737	387.6021
103.6850	122.6997	238.0950
2.9107	56.1326	264.8080
72.8869	142.4690	541.3559
112.5822	24.4025	158.2420
99.1386	30.1817	182.1395
68.5566	121.4724	467.7804
143.8547	124.0197	521.0358
77.2226	92.4101	554.1354
163.1548	21.5880	251.8467
152.9688	69.5925	393.0862
10.8341	135.6656	438.4350
62.2954	156.5692	390.6986
95.4210	144.4393	205.7658
53.2291	88.5214	256.7283
82.3349	169.6469	559.8836
170.6045	16.5934	2.7292
127.8134	117.9330	204.4889
49.5815	11.8471	71.5752
127.9465	172.3412	267.9808
129.8827	110.9576	80.9884
58.7506	57.3163	336.7932
157.7250	89.2907	120.7761
58.7839	48.3978	206.5019
56.9968	121.1407	321.7769
156.1269	9.0870	460.0448
38.1202	131.8372	550.3428
16.2448	68.9087	208.8270
160.7543	41.3519	414.0177
6.4749	55.9280	23.4266
72.9709	141.2029	518.2651
129.5157	123.0338	387.7161
84.6884	171.3890	328.1406
67.5400	46.4656	528.7942
13.5827	15.5957	212.4039
103.2319	48.2987	277.3108
117.1038	129.2195	499.1724
41.2039	144.5530	385.9202
26.4253	114.2672	536.4897
134.7160	54.1250	494.0103
6.6672	18.4017	370.6465
126.0633	42.0307	444.5795
130.1804	92.1122	1.5987
145.1861	161.1418	153.6302
148.9048	49.5023	532.2188
81.9669	20.8705	433.9023
55.0214	138.2795	57.9044
115.5717	144.8307	518.4202
60.0753	60.0053	111.4519
157.8989	22.4717	139.2033
165.6707	28.6126	328.4423
124.2236	133.9992	158.6979
115.5436	15.2542	395.0555
159.8429	105.3176	65.7733
102.9288	139.0119	121.4069
83.0171	153.7021	460.6088
88.3158	27.4134	13.8662
48.9119	40.0794	214.9470
6.5172	55.6054	17.7797
151.1328	30.1997	304.4491
79.1291	33.6066	193.7560
57.1526	138.0152	203.8986
29.8162	119.3146	506.6503
68.6272	52.9706	363.5928
158.1931	126.4003	512.2762
30.9659	149.8265	69.5119
41.5495	170.2379	31.7698
155.2505	106.6378	456.2481
116.8916	69.0438	323.9268
47.3290	171.1045	89.3466
107.3706	76.6510	466.0941
54.7518	162.6564	63.2067
41.1871	104.6183	355.3341
63.4607	37.7051	165.8102
81.9276	51.5616	331.5689
130.9688	20.5363	116.6429
7.3898	110.8301	412.8396
127.1876	30.6372	147.6169
51.4866	87.5905	468.0439
159.0318	41.1027	238.6087
140.0848	58.5791	562.3161
141.1525	168.6797	260.4235
104.8759	88.5400	536.6169
56.5990	26.7944	400.4866
50.4273	116.5286	39.4426
72.0946	31.1895	113.4568
111.1490	77.8284	284.9141
50.0529	54.2407	444.9221
126.4970	34.6272	126.4650
121.0624	109.9228	363.8906
145.0660	85.4896	349.6652
67.1467	159.4684	161.3606
11.1784	166.7605	132.8830
117.1272	47.0350	94.8637
60.5627	41.5679	291.9561
132.0571	80.2439	101.9239
27.9152	38.4115	56.1184
15.5168	23.8413	391.1296
77.0017	83.3173	530.2277
45.0452	115.9344	284.6738
172.2831	116.7823	513.2619
127.7789	153.2866	11.9278
117.8006	159.0252	190.7278
80.5060	118.1678	150.0277
155.9533	70.7182	337.8378
130.3423	104.1770	90.6431
37.1714	139.3514	419.2312
21.4415	126.0387	392.1166
26.4186	5.3667	389.6909
72.5078	44.8825	332.9405
86.6270	41.4865	379.9512
147.6944	0.2202	297.5607
144.2100	151.2727	198.2409
23.4122	163.4214	359.3133
100.7078	81.9846	435.0296
32.7186	75.9390	330.6472
48.8012	156.8176	175.0884
78.8442	4.7327	41.0035
12.0921	145.9967	93.4573
63.2872	42.8024	493.5365
51.0739	24.2790	42.7265
94.3654	4.3473	286.3157
7.7837	66.9202	199.8335
130.8632	139.1348	556.4996
115.6466	153.8098	41.1470
53.1528	82.3198	472.3671
130.6225	60.8040	447.3809
71.8956	116.3648	555.4684
23.1641	127.6488	452.9137
95.3299	100.0613	38.5436
146.8515	161.5114	218.6059
75.9097	52.6967	352.0904
42.1084	117.9695	259.9347
21.0932	128.2842	463.5120
158.8562	146.9513	163.4620
44.0729	11.6002	110.6610
65.7313	146.8518	395.4707
32.8399	1.2725	307.2906
167.9522	88.7778	211.1411
104.0146	147.5864	94.8318
110.2928	23.5497	431.7372
99.0069	30.6170	219.4992
115.6231	53.4043	556.7057
62.4700	15.0309	353.7273
43.9819	152.3539	66.3918
119.1724	37.1840	372.3297
53.2150	105.0724	491.0452
54.7947	171.8334	251.4977
26.3068	32.8812	410.3514
161.5616	97.7243	558.4994
36.3314	30.2742	96.0551
112.9514	111.1556	422.8109
84.9591	38.4617	406.9981
142.0647	43.7014	183.8934
21.8925	35.1002	43.9277
108.2874	39.2770	3.3898
153.7740	109.5929	152.1029
8.3482	15.2610	521.1905
40.7620	162.7023	147.9168
50.4735	37.9846	262.5384
16.3183	12.0010	450.7130
12.5155	100.3390	554.4470
101.2817	6.4610	37.3676
99.3248	17.9285	29.3357
84.1065	14.1289	337.8015
148.5507	11.0910	17.0623
119.3588	7.8407	535.7810
31.3627	30.1743	398.5738
27.2854	89.6948	24.5649
152.6566	137.0813	447.8719
104.8590	107.7464	314.2664
80.5950	1.7588	517.4569
68.2938	113.2561	515.1050
162.9079	68.9944	361.2475
82.4174	3.9544	542.1706
57.6356	162.4929	361.1709
51.8782	78.7014	390.9784
148.1099	31.3382	558.1697
17.4938	48.6551	68.7066
123.7615	143.1066	118.1636
48.1782	117.8831	313.3560
118.1301	39.7236	264.9567
116.3183	19.7094	48.0620
59.0312	41.5225	503.3076
61.0143	127.0740	104.5602
82.5495	70.1336	473.6448
16.0503	108.7478	51.5618
148.5043	152.1394	295.6339
80.9490	14.8518	7.9120
63.6448	130.9091	343.3853
156.7484	38.1967	91.8596
163.8339	134.4644	425.9532
69.6844	31.7380	261.7240
131.3447	71.9270	551.0724
103.7881	81.6584	212.6293
155.2257	38.5024	310.7965
58.5792	14.2249	180.8226
28.8175	107.3735	205.6387
99.6689	107.7765	518.9928
111.8481	53.1858	65.3129
38.1844	114.1719	145.4135
77.4763	155.2380	137.7537
124.0706	115.4892	552.8312
111.3188	0.1284	504.8158
145.7445	10.2204	83.1893
41.2784	152.5451	191.3264
92.2028	26.1228	536.2365
142.4433	50.6542	560.4624
85.2774	13.6226	8.2575
167.0199	150.0089	148.4883
70.5286	96.1266	39.5503
146.4782	39.1072	182.8052
53.2789	148.7822	171.2000
145.8309	111.5052	164.2839
29.1746	81.6644	314.0614
52.9175	145.1551	530.6225
143.5957	59.7042	274.5956
84.5007	155.7606	334.4833
38.0521	23.5198	73.9626
116.7516	165.8762	362.5229
68.3325	37.4228	120.9500
172.0190	168.2536	395.5261
156.5428	84.6925	282.5840
121.7498	101.1786	113.2018
160.9761	22.5182	151.5729
33.1646	119.0545	255.3066
165.1854	1.0109	94.7798
117.8002	160.0328	529.0556
120.3511	6.7640	270.0010
87.8997	126.6982	88.3639
149.1327	9.5085	225.3904
79.2451	77.2352	437.3894
120.8183	130.4694	405.6801
64.8653	172.4929	142.5623
36.0163	163.0748	355.3244
145.5278	45.1953	13.5090
84.2409	27.9211	516.2692
86.8147	59.7259	367.5663
117.3351	1.9242	102.5501
25.4653	137.8100	248.4153
118.2414	166.6126	158.2088
4.4658	120.2439	423.2675
51.0739	24.2790	42.7265
14.0686	131.1252	525.9216
152.8408	117.8932	264.7500
46.4858	118.2192	293.9734
69.6258	88.1300	36.9539
110.6143	164.9300	168.1819
113.9998	124.2996	369.5018
20.3287	84.6376	16.2423
46.0335	144.6248	376.1665
60.5046	105.4232	126.7678
123.4632	101.7791	430.5710
99.1799	19.5673	46.0246
56.1176	91.5623	368.5650
89.8345	58.9810	548.6917
149.9233	5.4842	417.4594
151.0518	76.0960	147.2514
106.0693	67.4162	444.0212
42.0383	11.6522	375.5814
96.8189	28.1004	513.3116
60.5943	92.4744	329.9654
113.3529	115.0521	191.7851
117.8183	34.0265	300.6541
57.7471	81.1949	416.3475
94.3558	166.3534	428.7018
142.3392	77.7799	379.1815
51.2512	83.9923	176.5997
66.7196	31.7032	146.0076
169.2230	106.5254	120.0561
150.5173	115.1610	393.7788
91.5419	85.2701	377.1632
126.2105	57.2823	262.0570
58.7102	129.5245	196.1521
135.5735	145.2198	186.6748
149.1579	136.1427	550.1862
116.6882	139.0221	175.7887
151.4036	27.2515	558.9220
157.9473	54.5654	308.0606
158.0209	9.5082	392.3029
32.4713	148.6864	388.0499
55.3827	30.2655	158.7277
75.1791	20.5888	532.0668
30.7700	106.0074	491.7106
44.7046	97.8227	90.0467
39.2232	76.3814	120.8366
5.1175	22.2937	208.1476
52.0490	127.4011	284.2716
120.0352	158.0415	359.4042
138.1809	54.8772	257.9003
124.8788	143.2649	452.7952
153.4872	17.6371	423.2020
89.1662	125.8300	290.1768
44.4295	168.9946	189.9690
65.1600	132.2354	42.0610
21.4544	153.6859	441.3406
135.0589	126.9218	495.5901
154.3192	6.1992	457.2852
136.8822	25.0533	462.0683
147.2910	68.8357	347.6515
51.2713	95.4637	232.6840
142.7142	129.4447	230.7716
27.2421	38.4176	79.2687
162.2840	143.4541	27.8208
50.4037	135.3389	281.7198
48.1172	41.3964	48.5176
170.6166	113.7834	172.6893
149.3216	143.5014	141.8196
124.0691	101.0385	190.3640
18.7194	103.4852	275.1422
11.1912	58.7306	548.8285
154.2486	22.6985	269.2186
6.9581	104.5746	347.7821
9.4905	94.2091	424.3535
48.9498	54.2727	10.0634
29.3820	119.6379	87.9830
61.8694	124.3547	381.0767
81.0626	124.4937	71.4939
129.9537	31.3602	422.9897
39.2716	127.5842	267.5116
71.9793	24.7180	414.1563
55.5946	157.7313	314.1726
162.4720	71.7944	174.4834
77.9756	170.1964	308.3463
100.8245	76.9747	302.5169
168.9075	127.2596	345.9385
152.5299	85.9786	494.3925
113.5422	8.8306	356.8205
159.6700	89.0816	312.7920
19.7911	104.1623	25.3913
150.8119	33.5538	136.6871
102.4486	91.7433	282.2429
75.7330	116.8743	81.0029
22.6399	133.0593	119.5252
1.6287	147.5256	31.4611
27.6081	114.3714	501.7604
56.0120	152.7151	89.9115
19.2060	94.1497	223.1405
131.7881	69.2147	153.7854
109.2480	147.0989	447.4889
150.2471	3.4194	192.3230
148.1592	25.8123	18.3501
146.9685	34.5143	521.2576
104.2584	96.9831	182.7123
165.6554	145.8147	134.6593
115.5950	67.3293	279.6123
156.6149	60.5900	343.5394
58.2235	122.5829	329.0046
166.5688	120.8781	129.9384
51.2740	30.5193	148.4636
98.7253	23.5224	468.2074
56.4442	8.4876	402.9435
153.4724	146.4501	485.5512
171.5662	171.1767	139.7853
157.8158	131.1361	465.6364
165.4135	102.7841	547.8568
76.0550	33.1104	504.5098
77.1945	106.3150	8.1774
122.9230	13.8830	230.2130
12.6262	45.6204	428.4212
147.9253	42.7910	24.3919
170.4176	15.6703	105.3837
14.9124	4.6702	18.9875
0.2096	124.5470	155.7182
111.1661	134.9150	116.0963
172.6602	12.0176	301.3560
160.7871	128.0719	493.8087
11.0996	145.9854	559.7636
145.3736	141.1092	60.1404
88.3206	79.6414	269.7211
62.3697	122.6153	392.3937
59.4996	9.0462	125.1027
18.0032	61.4858	185.8406
21.9405	160.0491	143.9181
170.9106	109.3453	371.5573
23.8517	131.6104	265.4464
1.6287	22.2931	547.7776
6.7244	161.9869	445.3892
1.2539	41.3548	536.3717
130.0865	37.8704	313.2764
5.2384	119.6516	296.9655
24.7144	45.5556	121.7456
38.1026	4.0832	228.1818
24.9714	15.7771	354.6928
167.5644	36.4355	239.7430
111.2111	170.6394	71.8747
11.6621	149.3752	147.8797
88.8472	116.7967	114.2569
11.0971	148.0070	146.3752
136.1344	15.7451	460.0132
11.8077	80.0383	212.0121
166.8666	36.9670	119.7146
152.0678	12.3624	292.5479
168.2307	29.6316	159.1048
141.7511	64.8495	125.5510
54.2464	128.5197	479.4749
44.4660	124.1274	269.4677
165.4906	25.4750	68.3956
39.5561	102.6579	77.4983
10.7860	47.2220	408.7803
131.6171	12.8285	112.2327
80.7680	38.5945	236.3356
11.4294	9.9200	551.6802
141.5305	144.5127	515.7592
23.2287	134.8736	430.0726
170.4058	102.8052	549.9315
113.1358	116.2283	173.4288
77.0245	7.8704	221.2551
43.9885	108.2583	124.4728
107.3216	11.7992	467.4615
69.0854	7.7252	83.8335
118.1519	103.3631	490.9470
85.7001	155.2118	522.0428
20.8768	162.9908	0.1691
12.4091	62.7500	272.9956
170.0779	38.1000	293.3230
160.8170	76.4770	201.6276
98.8562	97.1526	48.7859
91.7814	126.6804	407.9586
49.3549	73.7922	169.9949
132.9822	154.0269	20.3444
130.8461	50.3956	458.2181
42.5527	45.5455	252.8201
45.3012	141.8269	92.9616
16.3434	69.6585	59.1159
132.0706	79.8673	180.4622
79.6332	123.1472	343.6764
17.9103	142.8742	344.7280
18.7796	159.9919	501.4622
156.3137	140.6352	189.5820
105.5061	130.3288	12.4698
157.3873	58.9886	212.5537
39.3098	160.8479	291.9311
103.2207	66.3372	296.0399
22.9435	10.9404	58.1149
69.9936	134.2741	355.3232
32.7706	75.1794	231.5367
72.2072	148.5179	369.8110
150.0477	94.6941	375.0140
14.7910	114.6256	273.5352
22.9712	164.7194	96.3407
70.1790	94.9635	379.9357
44.5762	57.6036	367.2303
116.3294	25.0134	170.8063
127.6563	148.4165	439.7006
81.8680	157.2074	350.5609
26.4672	145.6905	528.2895
0.0174	4.3512	192.7319
113.1580	108.8262	483.1607
72.6704	24.8871	229.9730
40.9351	59.2289	357.8367
0.3027	88.4181	310.0534
158.3901	20.6768	204.8633
159.9766	130.9489	534.3826
73.9694	26.7055	502.5794
82.7223	53.4740	541.8720
69.0973	171.4344	531.0317
119.0299	147.2386	337.2523
64.2498	137.4664	32.3450
130.1666	29.6284	466.8506
6.1531	79.3689	372.9744
19.5378	149.0316	341.4857
27.1885	8.4525	29.5767
168.3628	37.8477	8.4322
160.3195	120.3927	36.7938
123.0417	166.9357	189.6427
25.2873	167.3856	145.0330
23.7306	112.3865	467.7802
72.8207	7.7193	70.2010
113.5293	99.7471	180.0558
103.2209	84.1595	455.2257
37.8730	11.9934	319.0064
165.1962	86.6296	259.9429
13.6738	142.7954	87.4731
5.6938	30.3188	288.6743
164.1406	-6.0793	468.6000
147.8422	158.8715	127.9245
142.7482	100.3149	330.6151
10.6458	81.6604	209.7366
21.8097	164.4525	434.4226
10.8788	118.8502	478.8511
160.5411	38.2824	284.4417
104.3674	22.1236	31.6487
148.1398	59.6580	62.1289
146.5607	76.6427	162.5936
122.2954	151.0466	233.2416
159.6451	147.1988	301.3251
15.7477	81.7239	552.7611
9.8970	83.7425	46.9156
99.5677	33.0759	127.3642
63.2792	151.2142	446.3421
0.9683	77.7396	305.8027
131.8298	48.1245	450.7241
3.1193	46.9276	86.1255
142.6251	62.5509	312.8449
163.4812	79.4799	339.2683
55.4543	34.5602	116.0262
148.1224	18.3536	465.6216
7.4196	90.7128	258.7842
58.0624	95.1181	499.1508
147.2979	154.8603	119.4891
116.9464	26.7466	42.9477
45.0534	46.9218	530.3572
91.1245	142.3201	279.9015
135.9104	53.4482	439.8907
65.3277	117.7756	143.0735
154.1359	8.4347	302.4844
77.5738	105.5204	432.0763
137.5858	31.3866	57.5653
113.8155	108.5687	416.7082
95.9367	123.3551	69.6207
71.6419	52.9559	347.9865
81.5353	75.5905	107.6941
26.1632	122.4133	489.5128
171.7078	25.3688	535.3871
69.3924	81.2176	22.7627
4.0475	24.7884	74.6207
154.3527	58.3496	19.9973
127.6768	110.1974	97.3673
55.2333	14.6136	430.2145
105.7810	35.9585	345.0591
88.1826	91.2148	357.7905
93.5625	98.4250	343.9076
2.8610	146.3294	500.8997
68.7804	79.4945	308.7422
74.8073	40.9074	225.5321
106.5982	66.3853	468.2650
143.4468	109.0712	559.2410
43.4501	45.9800	415.1182
6.4177	92.6376	544.4033
68.2071	12.7693	10.3450
10.8743	157.0047	471.9610
128.1589	126.0420	480.1355
124.0407	75.1421	273.8652
53.3114	66.4914	445.7347
133.4803	128.1433	111.6055
56.2855	150.2520	366.0718
157.8735	132.2166	78.6822
78.9178	146.4990	351.2416
156.0456	93.4012	102.1934
27.7228	103.9825	501.2826
7.1404	56.4005	512.4221
69.1123	172.0509	141.0894
7.2377	144.1695	263.0615
43.6462	161.1434	314.2527
170.2431	171.7601	291.0682
53.9445	39.4572	434.8882
99.1682	161.8652	480.6057
12.0898	81.9143	283.0042
102.3195	67.7622	326.1372
154.8377	122.7584	490.7849
0.2301	31.4653	270.5179
74.9643	89.2677	0.0093
13.8927	61.0551	43.4192
94.5825	157.3506	100.5694
5.7917	145.1496	182.0356
122.5799	136.1039	18.4196
94.3002	96.8922	297.0842
92.0601	29.0147	561.1560
38.4582	79.0537	83.2903
28.1108	146.6715	5.0374
56.4856	93.7000	107.8795
19.2039	14.0944	449.1755
86.0198	16.1745	548.4482
65.4628	136.7231	520.8875
28.5683	157.9682	119.5479
22.9104	125.3403	75.5033
152.1487	80.1530	90.4988
133.6152	49.0340	283.9188
104.0969	88.5614	270.1445
108.4430	104.9114	305.8136
165.2481	94.3625	96.7900
26.7555	153.7585	405.9705
11.0447	95.5515	170.3183
153.8441	61.4829	158.6137
133.5489	26.4853	489.5926
24.4089	156.7737	300.6621
74.3223	119.6058	181.2855
78.6166	151.0028	338.5627
32.9052	36.5824	523.3344
131.5063	56.4884	31.8783
119.4845	76.4958	247.6271
7.0010	164.2160	79.7196
73.8479	104.8561	352.7781
37.9849	107.7911	331.1686
49.9676	50.8561	244.7478
78.1872	149.6019	200.0205
98.6859	43.7409	428.2727
15.1453	158.4702	13.9078
141.1121	144.9190	154.8012
68.1638	130.0053	417.9176
109.1309	115.1770	142.2613
127.8849	73.1540	30.1615
71.8996	32.2564	307.5888
55.8079	78.8526	162.0473
99.1568	116.8406	261.7088
80.2838	72.5159	81.3219
165.6368	124.1019	22.3140
85.1269	29.8739	530.6614
111.8788	112.5077	432.6266
14.1702	85.1727	314.5208
162.5328	20.9738	99.2614
67.7576	134.3983	188.7518
129.4549	117.6260	224.0451
113.5906	29.4346	418.4356
136.7873	100.3605	362.7882
42.5815	39.4183	535.1143
164.6055	61.5789	498.1477
2.3174	122.3144	274.6621
10.1484	139.0480	339.5252
30.6308	67.0986	307.7194
130.6514	50.1701	451.1208
132.8027	154.0163	368.3411
70.9688	44.2837	207.9333
158.9656	152.9302	351.4570
41.3115	133.1118	27.0698
40.1981	122.8388	271.4019
43.6630	116.3187	42.7199
55.5142	124.9018	218.1414
164.9380	120.2932	205.0011
23.5390	65.1656	213.2403
122.5835	123.8698	382.4735
147.0318	87.5408	443.9605
57.6120	130.6463	299.9639
17.1707	107.9005	23.8878
121.7584	59.2394	297.9449
6.7714	127.3279	72.2912
61.0124	62.0211	288.2206
125.4263	170.1907	175.3392
38.7068	129.3516	134.2266
158.6518	92.9047	478.5044
6.3814	101.7697	111.7883
164.4730	10.4729	313.3669
47.2283	9.3272	555.7904
54.4766	125.7266	216.3508
15.5033	149.5933	405.0894
103.9413	29.1027	95.8120
20.8765	24.4950	91.1736
71.0809	47.5756	210.5128
109.2251	8.1612	423.5198
17.6667	34.6278	92.0037
129.9351	122.8490	117.1158
171.5666	6.4138	133.3673
24.5374	2.3445	140.5948
116.9882	8.0919	197.1248
54.9739	113.1838	454.1546
75.3426	52.3973	236.0704
125.3923	167.3444	477.4625
137.3436	32.6734	549.0660
133.5442	72.4213	167.6419
115.5740	44.9315	242.2887
58.6242	36.8628	296.7224
171.9902	93.0629	360.7400
138.0406	51.4628	36.3206
116.1930	47.9120	171.3740
67.7605	62.4035	28.3821
59.9441	164.9232	532.2920
159.6976	64.1990	369.6030
136.7638	44.2672	485.6656
106.4679	45.4961	83.9355
7.3805	39.7864	189.0237
170.9986	163.4504	60.7023
73.9344	14.5242	492.1432
122.9621	153.4084	157.9315
124.4996	138.6913	529.7860
73.1780	74.3407	329.8394
157.1755	169.1615	317.7379
9.4441	85.1415	296.1387
85.2834	17.7262	196.7661
0.9459	86.1743	519.7771
81.6597	66.1581	279.6643
159.5561	70.6237	190.0232
67.3922	122.4067	207.6541
128.0101	167.6357	358.4541
169.5106	37.2395	6.0316
111.3475	21.8570	368.5544
127.4785	130.8278	26.1200
89.1379	152.7031	471.4031
45.9788	93.4688	265.2353
20.3282	137.5561	544.7746
40.0244	14.3881	147.8285
122.2611	149.5223	560.2671
79.7140	101.1537	142.5117
51.7961	126.7839	244.6257
169.5364	164.0469	92.7755
87.9175	151.4321	267.1274
123.6694	97.8781	209.6420
61.9577	3.9471	395.2241
51.9564	137.9849	165.8675
143.0283	84.8764	112.7153
43.1755	81.2871	275.8221
38.9134	56.6652	254.9285
141.3250	28.2305	229.6582
65.2049	141.9982	533.8795
80.2374	5.1973	540.9598
147.3034	37.2412	93.6801
147.1309	24.4829	102.8008
140.7864	144.2810	143.3858
5.4902	58.8984	271.9063
62.3470	15.3184	87.7618
138.8747	16.3280	460.6815
127.7709	52.8647	427.4288
85.7083	71.1543	306.1408
102.4664	105.7740	19.2208
158.9363	106.7602	326.4971
115.5399	138.6603	179.9807
91.9465	94.4981	327.3907
47.2573	149.7626	543.6723
44.1877	90.3212	487.7480
33.4881	108.0747	155.7428
136.0202	99.1544	53.9769
100.6250	22.1228	560.1411
162.2639	68.1266	224.6025
29.5260	92.1646	13.2868
8.5699	101.8822	108.8443
111.4680	139.3585	419.5571
78.7199	20.8890	270.2092
0.2962	139.0557	535.7433
157.0041	46.4036	557.6303
36.1564	157.3535	278.0982
79.4671	118.3504	191.8929
147.9491	60.5274	307.1563
11.0467	101.2487	376.1123
124.7093	27.6869	487.9129
135.8089	106.5257	82.1913
144.6906	49.2043	489.8376
46.2126	132.8359	266.7751
72.2905	42.4367	509.5529
148.2788	13.9829	108.8432
113.8983	11.4282	352.6623
103.6775	121.4152	337.0648
141.9822	81.7383	311.5633
101.4224	39.9780	246.0837
16.9937	131.3161	94.7047
150.8496	93.8112	276.6972
61.2209	156.1343	356.2126
85.9969	24.0632	397.9917
26.2124	128.6433	164.5007
33.0737	106.7247	271.9732
166.5572	100.7840	110.2139
8.9956	52.2069	280.8773
11.1855	112.6553	349.2046
12.2125	21.6886	519.4209
124.9150	120.4884	79.6184
33.2433	66.6399	421.2661
71.2572	29.0615	405.3058
68.3621	35.8972	450.1232
84.1984	134.4844	420.5160
84.4043	73.7964	474.9322
50.2512	68.7479	396.5714
101.3249	86.9081	215.7940
63.3567	145.4299	411.9691
167.9100	53.3556	280.8419
4.1679	115.2149	293.4575
26.7817	20.5980	8.1318
171.9459	96.1209	558.1932
141.2849	139.4088	49.4351
114.4946	124.4326	514.4383
85.3084	91.1751	287.8411
15.9714	155.5526	311.6948
113.3115	123.0277	5.8878
82.8122	169.0527	406.1380
132.1350	104.4621	70.2290
36.5022	27.9609	184.9805
30.9403	1.4163	75.5152
128.7123	113.5684	281.8756
160.2483	80.8014	197.5172
56.1316	164.4577	314.3875
4.2589	158.5091	281.2363
64.0764	151.0279	141.2615
42.4960	22.5691	253.1484
123.1213	41.3971	157.6375
144.1575	33.9208	511.7104
89.3155	87.6562	332.0323
41.1586	53.1205	338.2685
160.1023	50.4459	432.4600
76.2307	162.6855	198.8318
80.4698	111.9115	488.3086
50.6028	116.3676	318.3325
108.2641	132.8436	434.4618
50.7411	25.6587	257.3431
88.2032	56.4450	296.2613
52.6599	137.5496	349.1827
21.8316	6.6297	177.1588
148.9276	65.1235	476.3926
172.7535	54.0478	341.9004
116.0274	45.3683	240.8889
76.8725	106.3741	252.8057
111.2826	17.4086	274.0654
59.3902	49.0470	15.1377
26.5519	6.7550	209.7813
28.0037	18.4406	531.6046
75.6708	140.8936	486.0114
79.5731	60.0826	258.2399
102.6244	136.6988	37.4659
52.9520	93.6251	265.9493
9.8147	46.6789	91.1806
144.9962	45.3249	407.3005
38.4803	161.6836	98.7809
83.2133	9.2707	553.7410
67.0296	165.5832	194.7929
61.1121	40.6857	136.7563
110.2404	35.0974	183.1557
60.3377	3.4783	159.8065
149.1028	120.5209	262.2839
99.6638	87.9498	287.0314
71.7316	143.4805	18.8266
94.8187	34.2368	471.0958
122.1282	1.3180	174.0432
65.7317	5.2960	69.9945
16.3901	92.0011	360.8443
78.2505	112.4192	132.5356
160.4329	49.2653	329.4637
12.2712	42.2061	52.6246
1.4058	23.6034	74.0371
112.3925	73.4233	142.1838
46.5894	117.5805	39.2587
76.9255	63.5296	388.9673
44.0367	164.7183	35.8501
71.5203	92.5291	23.8718
98.9994	165.0219	140.8248
119.1943	59.0664	49.1283
39.3516	159.7685	197.3272
7.8816	169.1911	242.8684
113.1683	59.1859	66.2739
10.2796	142.1298	28.8245
9.3318	156.8395	147.3810
72.1278	141.9825	339.9030
151.0190	36.3419	62.7286
163.1171	158.8390	300.1257
134.9775	140.6061	377.3621
17.4711	119.7317	555.9748
8.4460	69.3449	324.1676
19.7886	106.8906	30.9658
151.6561	146.6247	557.3082
16.7333	87.4775	228.3824
68.1476	5.9383	80.8661
55.3719	117.3104	184.2735
14.6103	143.5610	387.3979
133.9419	66.0254	157.1545
99.5308	32.8086	107.5064
75.8792	79.8227	216.4224
95.6669	92.0525	203.2915
86.8043	31.8104	407.0622
108.0314	57.3918	123.8011
12.0951	70.6892	320.2175
12.1376	85.1257	256.8555
155.2604	157.7518	339.2720
47.1139	141.4654	124.2014
38.2751	83.4022	247.3157
70.9721	109.4776	220.5037
78.8516	142.1871	402.2082
30.7767	151.2461	292.7675
101.4733	158.3819	552.7584
80.8788	48.7968	503.4123
57.7959	161.7727	80.2013
166.1302	38.5184	238.4568
37.5760	10.5750	391.1060
138.0287	11.2846	556.8571
95.0949	15.8302	408.4829
98.9430	129.6037	472.3586
118.4932	101.1527	405.3031
10.7395	75.1042	512.7815
158.7163	65.8914	48.7882
157.0291	110.2156	113.7605
104.1825	25.2811	32.3709
91.5645	8.1207	207.7562
148.4252	149.5198	141.1801
74.6187	148.4653	4.8276
63.9679	115.8301	140.7721
59.7533	133.8632	18.0001
166.2334	170.7895	380.3716
36.1784	112.0676	293.0490
170.5827	125.6459	137.1445
54.8558	90.4997	390.0869
94.3634	166.6665	30.7559
86.6228	27.6321	546.2657
44.4201	44.2271	207.5031
98.3878	79.3320	225.9409
144.6837	26.9087	220.5897
82.2706	11.8934	48.2363
126.5024	147.6221	352.6861
141.8428	40.4481	450.0926
76.3175	7.5476	231.2649
156.9846	112.0727	434.2050
124.2698	97.3390	491.7338
19.4209	64.3499	551.0467
19.4059	43.3761	253.1314
137.5220	18.1323	56.0491
127.1869	71.2115	432.5803
94.5783	141.7123	523.0229
9.9804	66.7435	538.7781
33.9904	149.1366	46.6794
10.3039	38.2328	65.7985
47.5036	18.0068	327.0129
118.4203	5.4559	64.2410
121.6175	113.9348	291.4001
33.6911	1.7788	449.2320
11.7530	113.3114	506.7992
132.8679	167.8026	325.7773
89.5354	147.4665	505.5927
156.6489	162.4080	53.7577
15.2699	34.1118	544.4002
78.0579	103.1120	433.6556
7.7315	105.2447	319.9128
148.3999	69.8678	400.9238
51.0478	71.3266	107.3944
119.7340	65.6387	116.7318
94.7414	24.9713	167.2673
77.9614	118.7694	134.1445
139.6484	124.3518	483.1945
38.8094	107.1642	250.7969
39.0273	79.8527	190.3875
43.2188	15.6989	125.3386
92.5617	49.5704	447.9004
84.3491	123.5132	94.0456
66.4153	130.3208	360.9976
66.9105	103.8242	420.0341
121.1902	0.0205	62.4447
144.5034	132.4188	498.3881
130.7440	4.9399	534.3495
14.5431	162.4628	246.9998
22.9135	47.8625	268.2297
35.7334	136.2830	203.5961
91.5462	51.7735	367.8704
26.8023	50.5813	247.8242
95.7932	150.7025	420.5774
38.7265	129.5052	299.0437
10.4797	79.4181	418.0184
128.2339	87.8127	119.1806
64.5246	4.1841	412.0567
84.5211	36.3525	267.2443
34.6649	134.5728	36.1468
67.4571	142.5962	520.4885
18.2562	107.1958	479.5916
40.7028	97.7404	306.6968
116.6330	153.1345	550.8509
97.9118	143.9116	14.3199
51.0205	22.3333	459.7290
103.6379	61.9375	529.0340
49.2369	12.1418	68.5265
155.7064	141.9663	86.4832
17.2978	79.4761	221.4086
148.7671	2.5749	353.8025
39.7507	144.3774	349.7199
121.4400	11.9039	174.5273
0.3545	110.7642	244.7906
42.2138	92.5058	327.0757
83.6504	141.2518	196.8696
106.8784	102.7867	439.1782
82.5249	86.1990	313.2023
98.1586	37.9647	175.9287
32.1146	158.7237	128.2472
12.0494	147.8838	89.0170
148.3252	156.3574	313.5669
18.1873	72.2123	180.2430
6.5544	73.7779	313.1109
54.8178	107.3150	115.2803
51.8150	106.8356	346.7515
129.8542	24.9387	414.7783
6.5441	71.4455	328.7057
26.1660	158.0247	140.2353
118.7120	18.6003	501.2224
97.0364	60.3684	361.7377
25.6307	119.6078	348.3977
51.5661	136.3120	440.8131
170.1077	171.5566	217.0376
59.9400	103.3752	268.1633
149.4082	138.9419	248.3367
121.0766	71.2729	118.3522
36.8742	43.2008	376.2552
100.2363	29.5114	74.4520
165.6166	131.5058	14.3307
113.0854	13.3285	387.0542
96.5197	163.6069	106.6769
73.9922	121.6757	437.5720
39.5890	142.8302	540.9542
144.6819	104.5292	20.3153
18.7551	109.2048	329.0039
145.6824	99.5461	194.4742
123.8413	27.8653	243.4814
125.3275	154.8609	508.0217
116.8069	153.4741	366.0384
15.5511	87.0636	135.3048
117.7483	140.5331	174.3053
99.1693	10.7362	41.0562
152.0748	146.8984	467.9519
68.9020	77.1057	3.1970
128.9195	53.4017	23.2308
115.6504	115.4842	40.0527
94.4540	46.5656	298.6225
165.6794	97.6643	286.3528
105.1812	165.4106	303.8360
13.2670	103.1787	502.3018
131.3659	57.7693	24.0933
0.8967	47.3349	287.2286
160.4637	142.9414	78.8411
26.8113	62.2506	398.6440
40.2270	94.1399	554.3896
137.1994	137.5291	41.5228
131.2843	63.2854	17.2012
134.9087	98.3406	430.0869
7.4766	24.2793	361.4512
85.7748	124.2996	395.1670
2.9948	53.9199	90.0674
67.7236	50.9165	493.4217
30.4971	68.2522	29.5271
135.6512	50.8293	516.9649
143.0789	65.1818	374.8452
106.4858	64.1672	491.8475
169.2273	161.6759	497.8073
99.7933	129.3842	325.0139
80.9406	4.7527	17.8444
0.7411	91.8322	286.5651
86.7649	34.0816	50.2013
121.2383	72.3408	249.2523
14.3398	101.3248	89.1245
136.1976	97.4615	307.2496
61.5161	36.1555	436.2619
80.9493	26.3089	124.9548
100.3917	94.3869	420.2788
149.7867	39.1487	232.6651
136.6301	69.3630	90.8285
97.6394	26.1553	539.5722
104.4496	41.1649	31.1570
97.7171	65.1480	312.0853
85.0001	100.7286	453.8307
66.5472	1.3648	447.6772
158.5357	69.5411	207.5756
77.2352	79.9465	35.8706
167.2591	153.6596	285.7179
79.9738	73.5026	45.5439
0.5697	38.6872	57.3240
132.3886	8.8961	254.7642
66.4465	164.8688	432.6815
155.6420	47.7052	16.5574
122.0816	29.7974	414.9763
64.8622	103.7917	549.9873
53.9832	142.8865	3.2748
133.5537	159.0041	296.4866
120.3565	2.0938	206.0848
37.0753	123.1967	89.0858
153.2939	131.9409	545.2194
134.6118	25.4418	255.7918
11.1979	84.2812	246.9682
138.3968	27.4816	562.8124
172.5414	168.1870	476.9622
116.3486	73.3160	556.6594
45.1035	70.9545	484.4831
45.5835	84.2534	489.7586
136.3467	140.8179	146.2954
158.3253	92.2541	461.4009
86.0547	69.1534	265.5141
96.8436	147.7967	332.1259
26.0382	150.8909	171.0404
37.2029	17.9596	136.6915
75.2390	49.1179	335.7683
145.8529	95.4199	485.1683
133.4388	122.2403	9.1587
62.8288	16.7787	31.6694
68.3173	34.1270	329.6766
7.7321	62.2428	411.1450
153.3954	74.6932	474.6778
145.5190	147.4283	422.5585
154.9025	13.3271	523.0963
69.1575	49.1015	21.1204
152.6824	95.4906	290.0986
0.2839	107.6503	436.8201
53.3232	0.1317	228.5528
8.1482	44.1389	366.0932
20.3702	156.0418	475.4663
41.4366	136.5461	54.6105
1.3829	121.0091	483.9118
156.8315	136.3852	211.6453
17.4600	132.7960	552.2352
147.2433	30.2300	515.2633
5.4528	74.7647	44.6277
81.3463	120.2539	137.3697
87.4019	108.3844	382.6447
72.5715	120.9427	293.6959
80.2936	146.5413	425.4279
35.5232	150.9102	33.9798
66.5954	141.6857	542.3402
116.5009	130.2533	8.5904
64.0835	58.4999	314.0537
46.2945	72.8318	332.2789
0.7284	39.9933	224.3356
170.7569	108.1951	177.1872
25.2977	112.1268	417.3606
35.2651	36.2456	418.9476
38.3910	165.3378	307.6263
144.9451	110.5454	235.0744
123.4189	33.6175	441.3950
37.4098	39.2764	464.5002
10.7049	102.9902	523.5790
26.1026	130.9532	381.5688
153.9126	130.9312	326.2713
158.6987	132.4429	108.2274
130.9023	80.0095	371.2084
98.6271	159.9231	556.7279
4.6344	2.1286	373.9252
27.4559	6.3190	532.9807
54.3621	6.1983	99.0242
164.6461	56.3473	544.3508
86.0991	123.1747	436.8661
26.6467	127.7236	6.2822
50.7594	17.9633	251.3857
0.1250	137.8635	193.6406
99.8671	33.4472	128.6485
47.6365	19.4319	171.6482
42.4940	120.0631	490.4905
25.3808	34.9826	86.2700
158.1959	160.5767	486.9691
78.7323	23.0954	495.4053
112.3699	57.4687	98.6271
81.1910	9.7443	51.5773
44.7693	140.2667	125.3343
111.5190	125.6732	505.5464
34.9181	61.1377	426.3753
137.7171	24.9017	520.7842
47.3288	106.1217	70.9818
89.1865	155.1700	525.4988
97.0949	118.8870	299.6514
9.1272	0.5991	481.1760
106.3898	70.2330	374.0850
140.2223	100.0294	417.7060
4.8844	153.9732	214.5204
153.3938	87.7128	128.5981
63.5689	44.3068	423.2604
97.5612	38.5452	547.6954
168.8719	117.2129	224.6300
40.8542	48.5160	540.1597
41.4081	66.9683	498.2312
160.0859	140.6587	174.6083
160.6854	135.9581	506.9262
171.9313	63.6753	298.0048
18.4133	162.0310	155.8824
40.7481	139.9615	498.2362
77.4524	50.6204	375.6690
77.6774	161.8568	386.2067
52.1797	139.9268	468.9326
86.3465	13.9878	377.5531
21.7126	143.5325	153.6998
87.0090	73.9145	536.6688
40.4644	11.8214	347.8428
61.3197	167.0617	374.7504
6.6015	159.6786	389.1857
64.7834	3.2392	425.6599
97.0505	33.7257	45.0537
141.0661	43.4060	506.6380
134.7445	124.4010	337.0367
15.9280	63.2542	189.9642
34.7264	125.0098	270.2680
31.2646	120.9945	340.0611
172.2957	90.0175	6.4475
84.6253	20.5385	388.1098
95.9774	90.8370	464.1740
76.5623	158.2706	62.8451
90.1331	60.5978	374.4659
4.2091	117.3762	339.8595
108.0899	41.4597	341.4960
50.1899	53.6826	128.4426
82.0676	21.0354	513.2898
65.7940	150.5407	557.1719
15.2906	100.8630	277.1275
126.4803	41.1325	44.3247
128.3819	147.8476	406.8792
126.5552	122.9954	17.3598
31.0736	130.2772	548.6143
99.1099	109.8152	47.0570
60.7812	55.1149	319.3681
62.2223	92.1420	434.2755
138.2712	127.9224	7.2295
95.2847	90.5301	386.5113
18.8670	149.6512	475.0334
35.8470	104.2366	166.7714
100.3391	56.0136	203.9711
152.7696	101.6864	328.2189
104.7838	64.2776	94.2856
130.9110	158.3868	49.3069
4.7131	127.8288	284.1852
77.8548	77.5146	243.6135
132.2497	27.8888	161.6334
162.5072	130.9210	4.5473
105.5366	13.2176	26.1684
167.0540	155.8163	107.2233
138.3406	118.1927	4.9285
74.4937	0.9973	450.2159
101.3692	168.8469	416.1709
40.2467	166.9312	455.6448
130.5473	50.6528	348.7042
104.4861	123.1223	76.4392
62.9046	63.2558	79.1640
131.8771	169.1310	360.0422
102.3872	86.9229	21.3559
21.7007	48.1971	112.1701
12.9304	63.3648	38.0822
95.1927	92.7519	7.5178
76.2726	76.8233	173.5406
151.6842	47.0661	245.3821
22.7960	45.9252	22.7062
134.6257	0.6697	308.6166
134.6914	132.1272	162.6111
163.7735	30.4906	523.9017
154.2909	41.0840	230.7971
136.7547	100.5841	479.2152
109.5405	155.0137	180.8073
52.1685	128.2623	216.5649
65.7842	167.2393	444.9779
67.2612	81.2557	205.5128
74.9910	70.3615	199.6358
91.4722	158.8315	144.7316
16.2661	12.6898	128.3665
144.6175	56.3780	243.0015
44.1526	80.4418	268.3864
159.2207	81.8845	493.5161
155.7373	62.7740	492.4494
42.7032	25.8528	486.5954
168.4634	108.9826	307.1052
66.0768	111.5630	442.2644
37.2525	144.6535	112.9954
33.0740	159.7197	281.6308
112.2219	95.8485	465.0014
159.4877	41.4938	153.5046
156.1912	116.0626	110.1386
31.6670	143.0420	298.2904
63.7283	53.3033	499.1050
73.6282	127.6118	8.4916
37.1232	98.6308	95.7821
11.8011	58.3813	248.9164
84.7904	39.0456	326.3016
44.7137	9.2099	49.8012
71.9053	33.1725	323.9299
145.0119	31.4690	424.2860
139.0502	21.4927	202.3251
28.0678	53.8134	238.8640
151.5931	133.1310	487.4669
118.5689	75.0185	15.4287
98.2409	63.9751	196.9600
31.5403	55.3827	186.2285
82.9858	130.9698	484.0827
91.2896	160.3313	461.4740
22.6017	7.9514	314.0835
66.3784	49.6640	529.6691
46.0187	10.3226	74.1795
56.1383	94.0598	257.9890
8.5792	7.2324	494.6257
96.0428	26.0156	307.3987
151.4292	140.1019	359.5407
32.8992	132.0307	52.6276
45.7862	166.2240	497.7949
142.0084	158.2613	98.8381
13.4684	167.4902	226.6857
46.8813	53.6652	446.5275
158.6362	163.7169	29.0614
116.2174	27.4618	489.6234
172.2419	59.9653	322.4606
140.5858	62.6019	167.4250
27.8015	159.6445	138.9787
170.8393	130.5155	185.1511
79.5251	100.8692	264.3632
164.9668	30.0339	338.8540
106.8270	151.0835	327.7890
135.1720	141.4130	129.8877
56.8983	64.8064	269.9013
153.1270	62.5932	447.7859
141.1101	102.7940	485.7178
28.6757	172.3786	192.7105
133.3907	40.0273	77.9757
60.4277	109.0079	412.2790
138.0126	124.1192	261.6859
144.2112	14.2388	435.5289
12.9358	106.9446	250.6799
78.8893	65.5641	307.4928
78.5204	44.8608	75.5125
79.2049	8.0148	437.0345
50.5630	168.0894	100.3724
121.6469	130.7492	335.0855
27.9324	140.7190	140.1695
92.8806	55.0141	308.9923
15.3417	158.2026	332.4132
119.3206	55.9240	470.9512
113.7759	19.3007	284.0590
28.1923	149.7088	503.3479
7.9375	168.1365	422.7949
106.2761	88.7307	327.0769
167.0297	34.0375	220.7073
69.5626	32.0529	484.9539
161.3293	125.3911	547.0280
56.2520	153.2804	256.7911
109.3497	96.4542	234.0862
110.2526	33.4814	407.6966
161.4397	102.3987	109.8953
27.4381	125.7714	153.2182
52.0638	56.6272	458.7654
94.0637	97.6188	450.5895
143.3532	48.2908	501.6483
81.1682	29.2863	104.3588
52.3273	144.5016	544.1950
81.9920	121.6380	147.5578
145.8323	142.4362	326.2743
149.6980	23.9898	20.9358
51.9989	139.7313	447.8536
20.3105	25.1940	158.0870
69.2541	101.8073	42.7368
101.3899	104.5159	341.0581
81.5169	149.2131	212.8879
47.1371	32.2280	388.3473
65.9200	99.7448	550.1162
60.5117	13.9354	163.4457
160.0903	158.4563	484.9794
23.3913	39.7209	367.1631
112.1700	116.0258	159.3652
70.0105	130.8347	303.9636
138.0925	72.7885	251.3562
111.9828	115.6231	364.9269
90.3207	155.6712	139.9658
149.8201	136.4343	441.8228
155.2402	61.2015	502.9958
52.4940	60.1361	484.6130
44.8347	91.0841	551.7323
71.2914	85.6305	14.0293
127.2361	102.7990	545.1457
106.3901	144.5451	312.2278
17.6645	81.9862	360.4739
149.6958	59.4865	73.8100
35.9690	114.2106	211.1068
150.0828	142.8355	86.6718
136.7741	44.0972	360.7983
52.7404	90.9376	137.3365
129.9136	142.7250	261.7890
136.3025	131.3833	515.9405
158.7088	155.6463	219.6310
87.7213	125.1625	251.7503
93.5164	130.3407	149.5886
135.9159	117.9550	225.2103
61.0794	63.5195	318.8137
172.5600	145.2651	233.2181
60.3799	20.8238	303.8802
169.9735	30.8754	154.7462
21.1432	44.3254	258.3159
46.0187	10.3226	74.1795
136.7366	141.2804	150.6990
17.1414	32.2837	4.8591
68.1614	91.8016	449.4065
27.2358	83.1533	86.1572
48.8080	8.5622	137.6300
124.5216	89.0807	488.6059
86.3982	170.3996	417.9048
83.6087	82.3803	253.1565
114.1350	151.4819	449.9286
89.5555	32.7305	398.3947
52.5192	147.7095	74.8404
61.5190	98.5989	391.0406
117.8336	164.5561	252.4440
141.2945	56.9330	406.4398
82.4520	19.2369	393.3646
89.5816	29.6745	94.4743
57.3039	84.1833	371.1895
78.4052	163.6067	91.3763
157.3651	103.5323	353.8129
167.1309	30.0523	326.6245
53.2977	115.8829	136.1129
87.8185	39.5994	80.2570
80.1505	89.8816	446.7634
111.0796	56.4163	274.1769
131.9335	52.3365	0.5641
60.2599	14.5553	65.6551
154.8077	43.5605	76.5099
157.6067	4.5179	107.2726
87.5809	146.7812	210.5155
116.3716	138.0295	188.6682
131.6256	95.4204	280.0961
137.3551	70.1244	382.6008
92.9395	152.1444	215.5530
56.5505	24.6579	126.4017
169.0673	165.6619	394.1052
154.4074	138.1651	492.4945
109.6499	172.0332	183.7164
153.5752	162.6628	308.3322
93.9442	50.8312	371.3279
30.1877	66.1919	90.7647
139.4572	61.7669	235.9640
35.5515	157.4998	246.5121
108.1268	94.7160	180.8026
54.4437	86.2486	553.5419
83.0604	145.8032	173.7829
75.6304	158.3674	116.7582
83.8376	73.9395	469.4202
148.0803	46.7355	171.0549
142.9612	54.3061	529.0610
169.2872	140.8016	539.8580
136.6365	89.9599	424.7212
149.5713	77.9990	255.5369
162.7490	27.1076	342.4872
85.8072	34.7907	138.4794
27.5190	141.3819	477.6430
24.8682	7.3389	35.4405
90.2616	114.1383	485.8926
33.9948	125.5631	5.6056
83.4507	11.5234	216.1656
71.4445	81.8575	519.2284
51.1531	17.1181	540.9945
139.3974	131.6216	133.2106
97.7552	128.5877	112.0151
3.4620	112.8549	557.6535
129.1028	52.7860	517.5333
11.0967	53.5262	546.6324
164.0923	105.6581	280.3253
122.1950	38.9046	61.9058
88.0221	123.7955	114.3573
27.5466	75.4012	70.8306
116.3425	28.5397	300.1585
75.3153	53.7544	217.2658
76.4979	120.9249	297.4833
161.8594	69.7345	457.9946
101.1089	62.2057	366.5471
1.0045	105.5043	274.1712
141.0227	167.5211	151.1017
70.4985	172.1750	230.1559
135.4586	95.0278	58.7989
23.0137	115.1062	451.6228
84.0049	113.5141	201.9381
110.8121	20.9661	412.4849
71.9468	80.8068	168.3875
11.3589	117.3394	166.4259
63.5072	46.7601	454.4542
30.2143	150.9319	560.4769
118.2963	112.4387	47.2648
32.9084	126.1059	161.3499
72.1027	90.9432	156.8784
102.4540	47.3378	325.2872
49.8868	10.3760	559.1295
117.6892	46.2454	174.0776
14.9486	39.0918	71.7250
136.5564	153.4786	298.5936
9.3210	164.5602	245.6151
9.6444	13.7543	113.6981
31.1626	47.0867	240.7712
23.7849	142.3503	394.1354
85.8442	123.8081	450.8194
72.1794	64.0380	306.3239
51.6680	74.2720	439.5652
155.5518	137.9397	35.9338
83.5084	43.8380	497.9034
62.4483	134.8886	46.4866
6.3085	172.5383	541.6032
62.1681	32.0151	63.8638
93.8896	59.0294	292.3407
98.5904	62.3601	254.2832
30.4406	149.6798	531.8088
160.3632	52.2612	490.5162
167.8223	88.5491	493.8234
41.6957	59.9678	99.8887
111.3495	43.5044	151.8780
165.8254	16.8390	331.2402
165.2585	117.0412	0.7614
15.0214	51.9854	128.4506
161.5529	63.5396	347.4145
161.0714	132.7282	546.7624
161.9702	108.6402	26.5128
94.4905	11.0469	16.7332
106.2667	84.1771	500.2652
44.6091	116.7581	28.0532
162.6985	166.2442	544.3511
95.7591	36.0000	284.2017
5.8443	34.4990	453.4697
68.6273	90.7885	265.4379
82.4334	148.1088	210.8890
125.7209	172.4873	471.8727
123.6742	1.7819	319.1018
20.4298	108.0224	2.5264
115.9990	125.6584	260.9017
100.0631	163.7730	33.4363
119.8102	165.7494	497.9896
73.8142	136.2623	25.4810
158.6015	85.3251	453.9853
76.5488	164.7924	265.5529
134.9937	44.0979	518.8742
41.5484	23.6876	126.9922
9.8522	40.8623	277.8310
56.7658	93.9966	66.6755
119.6349	47.4039	162.5385
31.7775	161.1257	77.0763
57.5849	114.1363	548.8499
136.9313	117.5423	285.4936
147.4359	18.0434	454.8458
75.6493	31.5597	187.3836
9.7149	74.0655	189.9126
107.3072	99.8208	407.5750
106.4175	8.3705	99.3665
129.8083	144.6679	285.9391
83.4884	92.7591	519.2132
114.0385	31.1531	426.4303
142.3664	93.2243	148.3657
35.2004	17.1732	377.6354
82.5640	21.9230	301.9423
12.8290	95.3294	298.7373
100.7100	21.2182	64.9620
126.0480	59.0968	13.2377
169.2623	165.5237	240.6120
158.5031	131.9390	328.8628
92.6958	52.3301	355.6722
34.7647	98.5402	99.1754
75.1341	88.2726	158.2877
163.2198	152.3097	172.7644
141.0714	111.1913	396.1438
6.2490	78.1541	113.8449
80.3400	91.7316	51.2753
61.0469	113.2989	488.8166
66.3815	93.1255	424.3026
123.0152	164.1919	261.9214
15.5728	109.3229	245.8447
84.4800	127.4520	448.2999
119.9647	64.7188	530.2889
88.0302	151.4228	156.4096
53.8387	30.2401	245.9081
169.8375	114.2366	506.0747
24.8456	85.5827	58.2047
19.3131	106.0037	392.2238
151.9120	50.0784	170.0822
111.7529	164.2705	504.2958
129.2886	39.6574	463.4793
86.1948	28.0004	508.6582
0.3630	146.9469	460.2339
91.0338	170.8059	343.2189
126.6323	25.2889	436.8283
154.0832	70.6034	381.5319
42.7301	53.1496	261.1416
121.6088	92.5713	391.3667
57.0931	135.4965	514.0154
115.6889	43.2110	402.3666
157.6167	22.2875	450.3563
104.6836	109.6685	38.5870
132.5600	117.0523	317.5919
68.4220	56.4516	296.5680
161.7560	69.3085	193.8079
24.3525	80.7368	341.5074
106.1368	63.6099	157.6077
44.5573	19.6517	138.7365
28.8066	147.8798	333.6448
148.2634	105.0406	309.4402
78.5070	39.9859	437.2287
160.8553	43.5410	155.3245
100.9968	7.8018	133.7357
164.0719	104.7507	310.3919
156.5722	4.0005	247.0197
148.3947	26.2964	546.7782
21.2300	151.4602	417.6671
95.3583	45.8556	448.7872
63.5102	89.0200	293.7839
89.0028	85.3276	313.8027
94.2520	37.2958	380.2944
32.6281	112.1710	116.1750
60.4602	169.2929	550.5698
4.9351	137.6977	42.3069
57.5063	104.2183	17.9890
111.1997	102.6995	549.9208
80.4040	63.3534	543.2052
137.3881	59.8118	442.7468
44.1023	135.8180	23.8811
60.3687	16.3846	288.9540
82.5234	12.1619	472.4987
26.6177	106.2749	313.1166
111.4424	97.6944	466.3324
43.4421	125.2394	3.4201
28.3562	85.3748	254.3160
70.9779	146.7943	471.4903
90.1996	147.6555	463.4124
169.1113	65.4444	44.4657
56.4521	51.8506	555.9025
114.8730	32.7095	96.4912
106.3565	54.4221	376.0965
159.5527	125.5105	308.8973
108.2834	143.5681	423.1991
49.4084	32.7623	500.5697
81.6801	163.9149	115.4256
150.6648	33.2882	529.1116
92.2325	88.6216	401.4599
71.3217	141.5895	501.2456
39.0694	32.2584	74.4048
85.4768	79.4100	117.5990
150.3174	2.1703	425.2934
12.9650	35.4250	398.1668
36.2933	0.8735	393.4356
55.9982	125.8926	133.9998
31.6945	57.3209	201.5514
131.7083	158.0614	483.6440
17.7437	60.9105	322.7201
32.6700	30.2516	70.2871
20.5979	74.4732	79.5028
140.5552	166.1220	514.6125
162.2148	117.3986	234.5006
102.7799	166.9119	198.1246
5.0008	146.7816	186.6494
149.6283	90.8060	457.5595
79.2345	152.1535	427.3026
130.3718	22.4897	158.8442
96.4696	7.7930	221.6582
119.1815	159.9901	444.4963
58.0874	23.9008	346.3643
144.2017	110.3295	67.4421
106.6338	64.6836	47.1504
12.6784	103.5501	154.9711
98.4691	36.1153	417.2923
139.7369	65.2619	510.6065
142.6968	84.1315	274.9186
113.5945	154.7745	68.8986
45.4426	87.2287	288.7775
143.8780	143.9512	500.7329
20.4241	84.4465	180.9540
75.2915	17.1103	192.5416
51.4141	109.0333	64.2135
142.5875	48.0269	114.2320
30.0374	136.6139	456.5557
138.8663	107.8970	421.0448
4.0188	79.6692	365.9780
125.6402	139.4287	55.1349
136.2334	35.6538	401.5154
92.1224	9.2493	369.5268
77.4549	86.0663	157.0901
162.7536	108.3479	363.6320
1.2120	34.0139	125.9040
90.3683	163.4606	166.3460
65.8348	101.7624	274.2913
20.0113	116.2979	68.7628
61.8151	89.4130	529.1311
111.4899	114.6023	395.3002
40.1926	43.8253	553.6965
127.8309	77.3063	110.6001
62.7609	61.5420	524.9607
114.2328	20.1066	218.1910
115.4958	125.8651	523.8994
152.7891	121.1415	525.4896
58.2573	68.6060	307.9960
139.4903	157.2933	399.7588
10.0506	116.5264	475.8971
122.2561	121.7880	229.1892
46.0542	65.9006	481.9640
67.1075	6.6100	540.7963
165.4083	122.7735	435.6070
167.7101	128.1819	403.7117
141.9899	167.9141	517.8960
66.0119	57.7251	334.9239
81.5972	44.3992	68.3931
77.2388	74.3760	99.9569
151.7035	64.4090	151.2085
120.3089	99.9954	248.4726
87.3998	132.1065	483.2942
159.2040	137.6404	528.8319
142.3606	112.5645	106.3668
40.3836	120.5683	11.1682
14.2924	102.8130	177.3750
164.4010	122.6386	143.1817
57.8200	169.1849	507.0123
26.8535	96.0824	86.2040
74.4402	114.6444	419.6366
35.4826	155.2363	51.7111
97.5093	52.7112	293.2336
70.6163	128.8328	229.1554
129.8860	172.1621	302.2952
70.7963	30.8822	129.2406
111.8642	118.1472	23.9899
72.8855	61.5734	394.5137
120.7441	122.4641	146.9741
172.7381	15.4328	454.2418
150.3246	169.6766	207.0812
168.7145	94.4976	508.4389
127.5206	149.0341	108.3333
116.8456	145.2399	2.4162
13.4753	154.6370	138.3593
84.9006	38.8775	387.2761
123.2271	144.0326	51.2548
154.1056	127.8835	232.2229
161.2296	67.7700	231.6637
130.2948	4.6825	95.1321
81.4585	59.4950	324.8485
93.8852	108.9162	138.9953
125.8147	135.8431	57.3743
107.1045	1.8282	136.6945
108.3136	10.1446	148.2114
137.5414	141.8201	167.1514
98.3312	152.9642	550.1789
163.0404	103.0441	363.0537
47.5641	92.4857	488.9000
61.4232	126.2514	413.6838
96.7720	139.6476	33.5827
32.6559	58.4648	557.2174
51.6456	87.6488	454.0652
14.4876	130.5340	6.8536
40.5891	56.2452	160.7628
94.8561	99.6092	558.0196
148.2335	31.2067	195.0541
154.6679	136.4063	300.9954
145.1719	154.8161	535.3824
3.6329	100.5403	211.0094
29.4136	17.4057	53.0867
41.6930	128.3973	3.0612
37.4246	59.4368	442.8893
27.3888	137.2331	396.4845
167.0181	54.9899	126.7800
21.8948	146.9696	134.0750
95.1659	50.1104	304.1823
87.8246	126.1076	547.4651
74.7262	106.2291	32.5718
88.2009	4.9238	226.4324
140.1883	56.8852	91.3021
141.1362	102.1733	267.6193
60.2807	47.2539	558.5062
153.0152	36.5787	507.4421
107.0646	95.1790	294.1924
34.6330	126.9403	443.0092
46.3947	139.9433	111.0160
6.7067	1.5670	326.0516
155.7235	82.8229	309.9502
151.0151	25.2292	555.5031
167.3676	25.8553	256.5098
71.6911	6.6527	19.9849
71.8349	2.2942	207.7555
135.5491	106.8765	180.4363
112.3506	15.3612	58.0559
86.8803	8.7751	228.9538
144.7240	92.9343	159.6585
149.1986	16.3744	128.4012
59.3838	9.1946	273.8393
51.4847	52.8888	35.8281
155.8343	30.9873	252.5622
54.8015	55.4654	522.6563
24.3594	119.0884	261.5548
66.9565	166.2594	107.1801
66.5217	26.4543	370.6352
81.2826	41.8649	434.8600
35.6761	51.3614	369.1018
98.7268	115.1590	233.7164
105.2595	147.5442	348.9738
51.8995	38.1099	477.2261
111.3470	65.1921	124.4315
70.7684	46.3404	509.5489
64.0952	46.2755	504.9556
108.2413	41.5855	312.5437
89.5250	148.8974	173.5315
113.3974	31.6155	81.2995
90.0577	64.1783	219.4033
85.0113	74.3975	337.7827
121.2405	73.5962	440.4070
19.2933	122.9101	135.9572
18.3377	102.7345	388.8587
77.3913	128.6443	444.3455
109.9833	134.8019	324.6032
64.6623	108.2264	222.7968
9.8802	121.1456	441.5047
3.3110	54.7391	337.6277
104.5043	57.3155	331.3504
167.7630	28.4938	157.2690
98.1756	57.7691	306.2330
81.9783	8.9901	425.8580
49.0324	80.5751	380.0627
157.8543	132.4488	369.0746
116.8429	163.0145	111.6295
29.0999	2.8294	264.3538
3.6982	25.0159	66.2075
60.8969	141.9288	13.7426
43.7022	85.7448	489.7382
67.8544	62.8458	515.0310
111.8867	35.5454	562.6547
6.1627	26.8669	39.6092
37.5520	79.4293	232.5271
29.0775	66.7691	140.6057
10.6015	54.2291	276.8234
164.1737	148.4968	6.0833
78.1147	95.1975	254.5477
116.9628	169.9999	485.1484
36.7922	127.7393	54.2473
168.8496	49.7955	387.4560
167.3210	139.7387	394.5656
168.2669	63.6641	522.2855
83.2000	43.2589	421.1821
147.9054	54.1650	408.9682
60.2017	102.4643	82.6473
157.0739	88.9911	503.4394
170.1540	160.9836	474.4067
48.3898	87.6429	264.1110
140.2257	130.2822	310.4210
25.4619	164.1110	364.0579
86.3443	105.9394	197.8375
51.1271	127.2942	345.9402
22.4480	134.8667	352.9703
148.2159	119.2692	540.1763
110.2618	148.3808	51.8293
150.1929	128.1363	398.6964
38.3980	165.4071	170.2066
168.4010	169.9895	401.1071
71.4470	159.2710	99.0719
155.2065	118.9906	382.1403
102.3259	49.4127	532.9880
36.1926	148.9084	310.3211
33.4655	160.9618	71.3101
167.0416	29.6030	323.6145
143.5629	155.9742	158.3826
163.4538	36.1035	508.8065
135.7195	165.2071	411.9933
62.5688	39.6760	117.4462
30.2880	10.0249	410.3290
63.4796	157.3207	280.8083
13.8006	89.9550	260.0549
69.4356	54.5340	507.0084
107.2141	95.9716	51.7084
163.7628	75.1940	532.1061
55.6027	109.4160	478.9457
77.8266	41.2292	559.9208
40.1581	33.7194	258.9589
171.9825	128.2659	508.5878
81.5721	52.8633	397.2112
112.8205	72.9403	243.1115
104.2197	99.2523	58.5151
149.0561	148.7951	185.5924
10.0113	144.0565	493.4344
118.2604	143.8302	557.5420
21.4050	153.9859	474.5366
20.1594	116.0510	92.7908
56.5215	8.3886	414.9698
138.5371	115.5115	397.5805
62.5103	117.5677	397.9715
129.9518	57.5189	64.3220
59.4447	70.7951	221.3511
42.3497	33.6942	299.1510
144.0094	152.9201	546.5182
125.9516	62.2239	403.0527
9.8812	141.7544	11.3710
166.3847	123.3536	33.7996
106.0350	105.6391	148.4569
87.9243	3.6721	385.6729
52.5231	58.2580	124.6492
0.3008	71.6004	488.7525
116.6442	98.7348	183.3650
172.7030	21.3912	6.9735
162.1402	28.9183	101.9173
30.8640	56.3938	13.6822
167.0526	74.4656	360.0014
91.7187	129.1068	234.7478
128.4407	21.7762	449.8365
158.4395	44.4805	419.8807
101.8639	79.9688	87.3143
56.1711	35.9014	87.4105
151.9431	50.5584	404.8510
138.0658	19.9188	15.1195
34.0607	75.8629	330.8347
44.9966	15.5183	397.2192
24.5419	29.2114	240.8624
111.9012	95.6711	491.9231
37.5782	114.3559	220.0879
55.7121	91.1659	145.0243
67.7394	126.0558	119.9745
143.8376	53.5818	519.0554
113.1486	48.3120	282.3583
60.3577	50.6206	16.5050
82.5984	99.4924	143.1414
103.7516	134.3018	482.2038
126.8012	44.9689	311.3296
18.0125	8.9076	99.7024
151.7058	74.4322	5.1497
141.3685	105.5314	405.7003
70.9538	132.3327	435.0568
38.4049	84.0741	178.8760
100.9721	70.5133	363.8387
71.0120	27.3074	86.6594
7.8775	140.9892	291.4218
104.9677	6.5537	194.5960
74.7104	39.2413	557.9399
144.1241	50.3286	124.4174
158.2767	46.5602	304.3167
108.2354	101.5915	338.7367
91.4065	62.6071	492.3123
24.4394	53.1079	254.5404
4.3208	106.6411	349.8742
126.5561	150.6579	352.5777
8.0724	103.9437	214.5601
77.2931	127.9462	345.8797
3.1443	2.5231	328.3440
168.0710	148.0078	14.8033
125.7333	56.7511	182.2340
35.9832	20.4054	478.1399
120.8782	24.1091	187.0200
143.3877	75.7615	99.7812
134.9894	73.0112	357.7423
17.0601	136.2115	512.0894
75.7346	78.7640	99.1329
168.3287	95.6178	421.7168
84.9370	106.6558	222.4454
148.0408	68.4223	379.4244
24.6525	131.8486	168.8016
58.9532	148.8781	477.4374
56.7789	151.4315	414.0974
17.6027	70.0033	219.1696
74.7829	154.6110	137.0395
85.2205	107.9403	329.9063
52.5754	134.3907	64.7143
78.8077	1.0135	476.3833
156.3654	167.0408	444.0818
13.9090	20.9577	371.3056
89.7785	143.4506	446.2358
42.5177	101.0291	269.1303
111.8390	169.4803	26.9152
68.5644	30.2190	338.8823
109.8195	56.0994	410.9505
137.3123	104.1283	168.1996
16.3719	31.3625	456.4481
6.7038	123.2841	459.6751
155.1956	53.8171	549.2780
43.2327	156.4675	298.9853
126.0232	160.8298	452.4056
89.7836	128.2857	14.6290
105.1923	142.2749	64.4165
67.2142	72.5894	421.5382
13.1952	88.6726	505.2086
88.1934	145.6101	537.3766
105.2548	140.5587	115.7321
167.4872	41.5009	479.7997
39.1802	146.7892	171.3179
74.4157	59.6672	303.4663
85.4998	101.4914	222.1659
79.2603	130.8949	347.0220
82.0007	70.5305	267.4460
151.3363	133.7033	231.5555
86.6669	84.7255	201.6969
85.6435	130.8135	412.1172
4.4108	13.1168	224.3077
62.4435	126.8321	280.2624
77.6845	155.2976	221.1757
170.2127	133.7561	116.9777
157.5580	75.1531	132.0663
89.7559	39.6988	485.2849
146.2308	82.0357	143.3990
149.0434	148.5870	334.1333
52.0292	26.6894	212.1576
136.4152	141.9252	487.2905
54.6250	136.6455	562.2751
84.5778	11.2489	239.0372
148.1757	131.3658	227.7982
21.5018	82.2718	557.3800
167.1326	135.4935	162.3600
47.2992	28.2295	464.1951
81.1860	110.1583	424.2691
79.1050	15.8647	497.9045
138.7055	165.9236	192.0738
18.2056	62.8218	185.5008
89.0156	36.7964	387.4962
151.9583	27.3478	440.2576
46.0187	10.3226	74.1795
18.0799	24.7320	446.9190
144.4292	48.0289	503.4957
70.9309	111.0834	377.9982
4.9322	1.4707	387.9663
150.4819	110.5096	287.8703
144.4877	13.3469	527.2328
44.5041	32.2430	385.9681
147.0216	123.2268	214.4601
99.8822	19.8011	249.3548
121.4774	21.7532	239.7564
13.6740	32.9331	383.2959
100.7312	79.9520	355.8424
133.5431	92.1745	18.0646
105.4074	121.4447	484.2350
108.1100	37.2908	379.4938
40.2738	154.0080	558.7282
172.9130	18.5747	334.2670
53.9811	58.6531	488.3843
8.6287	135.1623	391.1100
35.6085	153.1369	50.3252
81.7958	3.8349	281.0244
60.1108	70.8492	272.4910
133.7858	51.6063	501.6412
70.5663	87.6608	513.8517
6.0818	3.1904	495.9806
124.5251	60.9665	227.7737
62.9723	134.0974	30.9143
156.1655	47.7559	66.0308
149.8096	78.8387	264.1104
33.6792	30.8803	337.1132
163.4613	162.7606	284.6716
5.6772	132.9335	417.2912
146.1222	12.3193	133.0197
8.9005	8.0762	476.6274
109.8281	115.5342	232.0461
44.0271	44.5754	540.4092
79.1823	64.6145	264.1326
130.7433	22.0646	515.2409
91.4235	170.6368	350.4749
5.6957	93.2744	518.4194
114.3865	42.5607	96.9821
116.8794	168.9561	140.2113
166.3196	88.1753	557.9006
157.1374	46.6892	338.8053
1.6325	104.5074	283.0694
34.8682	96.2495	166.3436
80.2524	3.0890	124.8019
13.1461	69.1092	310.9015
73.9687	144.2783	296.6821
141.6053	28.5260	516.7295
34.9759	140.8601	111.3204
17.1799	158.5166	527.4777
123.4633	86.5232	133.0374
111.5804	142.0564	253.6720
66.5527	129.3554	235.5564
104.8050	41.8377	558.7769
75.9041	155.6000	392.4828
58.0523	43.5904	61.6680
94.5342	100.9853	557.3397
39.1892	54.1936	380.4341
120.2386	106.4696	3.7172
137.1099	22.4351	117.6430
32.3096	23.6573	434.4446
38.0647	53.6920	193.7991
75.0074	25.8202	11.1288
89.5892	86.8099	104.1225
63.6786	128.1596	366.5919
72.5284	50.4826	384.1310
66.6941	61.1034	383.7468
170.7146	140.4268	301.4320
113.9513	33.7169	175.5095
23.3746	78.1428	37.5197
6.7691	101.4932	82.2564
33.2061	162.3322	58.1419
160.6959	79.7078	384.1141
139.3282	0.4061	486.1892
55.6494	92.4962	444.7995
162.6895	69.5449	72.0639
35.9394	47.2948	396.5449
36.4191	104.7540	294.3310
31.6787	107.9363	509.3829
113.3448	130.0506	276.2826
120.2352	112.4593	72.3804
144.1708	148.6409	347.5436
29.2587	25.1233	247.2144
30.9350	18.5563	180.6605
33.5054	104.7807	162.7320
117.5335	94.6888	401.2466
25.1634	83.7348	411.1132
88.8127	72.3897	218.2951
128.7011	111.8232	396.8214
107.6568	14.2086	330.3786
73.6339	110.5015	106.6472
38.1466	124.0857	60.6616
153.9875	78.2412	154.4397
85.8472	42.6498	269.1198
15.4740	25.9363	44.1575
125.2610	55.8511	528.4261
98.3944	34.6024	266.6048
94.8029	148.2476	313.9855
116.2369	134.7779	23.1491
108.1084	5.5783	511.7528
126.7915	7.3192	331.6328
145.9753	165.3574	414.4946
121.6077	57.5936	542.2658
35.2652	16.3332	363.8243
14.2255	62.9660	233.0662
169.6957	14.5417	554.2636
62.9775	7.7688	10.9582
110.6406	52.0630	537.1867
63.5259	69.0878	327.4861
172.2396	92.3794	0.2751
93.7818	86.4837	503.0370
169.5245	149.1372	231.0913
93.9076	72.5769	370.4133
151.9082	151.7727	120.8953
69.4197	168.7903	22.6663
131.3366	156.7810	396.9758
114.9224	152.3139	93.7897
148.0174	107.1525	490.6692
59.2449	20.8226	223.6962
22.1601	122.8049	524.3467
111.0158	36.2366	448.8149
68.4397	131.0240	386.3351
92.8909	94.5749	231.3283
31.3476	88.7117	392.0671
16.0339	23.6671	551.7713
99.4896	123.7591	33.9255
96.1562	82.4044	464.9394
62.1568	150.3546	128.0965
132.7196	133.9045	160.6858
78.0931	148.4753	477.1071
150.4698	114.2456	421.4373
16.7541	172.7511	427.3977
58.7185	4.9728	406.1536
36.4678	11.5603	364.3282
169.2009	145.5593	522.6725
14.6865	103.9390	323.0445
148.8722	40.3343	486.2435
152.9339	0.7937	97.5845
8.6891	154.4070	252.4949
92.6446	38.0925	262.4724
130.5192	110.3425	260.9575
168.0976	55.6981	176.9388
61.1424	123.2418	554.7026
116.4704	163.2843	278.8191
7.8063	122.1570	492.2046
82.7846	79.2013	530.1619
106.7152	162.1148	536.2413
36.2436	22.6560	72.3769
163.5813	171.8510	401.7209
28.3753	17.0669	91.3720
101.0818	33.1004	125.2192
99.0168	83.1046	291.0853
148.4151	60.6833	161.7034
88.8981	64.7384	288.8196
19.5537	74.3177	384.2522
18.8973	98.0855	27.3724
166.8049	99.1142	145.9415
154.5853	62.6080	57.3440
132.1334	8.2778	522.1749
4.3093	62.7591	445.1404
20.6969	82.9788	217.2372
57.5741	124.3029	248.9492
7.1271	108.3653	412.3257
82.8704	109.0988	147.1452
107.4650	152.8312	60.2225
100.2210	98.9260	193.0560
80.7183	122.9564	16.4563
101.2106	171.2837	229.1544
10.4754	130.7296	558.0161
54.7822	128.6842	261.5589
0.3090	50.1599	391.7257
41.8171	19.8204	535.4680
158.3737	97.6961	281.3421
13.1718	168.1041	497.0462
73.0724	143.5403	494.5699
172.4925	148.4810	203.4502
44.1930	94.2563	486.1758
93.7322	3.2744	39.0339
146.6724	136.5722	11.4858
78.2287	77.6029	75.9413
114.2238	56.3908	92.3597
171.1747	13.3155	367.3135
7.5703	91.5365	115.1358
172.7622	149.0435	222.8298
21.1997	18.0244	519.5256
62.8122	72.4780	362.2181
92.4502	5.5829	102.8045
141.3822	95.2705	295.2078
59.5019	159.7250	253.5102
94.1924	25.1661	23.1135
7.3758	41.2065	198.7876
148.3540	122.4597	14.0112
152.3812	5.3060	88.6245
8.0841	100.3585	136.7655
109.8926	68.8219	10.1422
168.2577	4.3437	438.4186
106.4337	43.4188	47.9450
92.4267	65.3150	349.5257
156.7399	116.3167	82.9998
28.6652	120.9573	442.9850
90.3779	64.5117	387.9693
2.6006	101.8363	430.9267
117.7830	119.7572	42.6129
49.5713	16.4575	173.7481
124.6827	25.4819	214.7668
133.8751	45.2051	527.6763
3.8776	112.1862	278.2287
60.4216	80.0851	381.6270
125.7398	35.4473	346.8344
65.6298	171.8883	150.2099
45.0434	53.3257	171.4141
101.6234	124.4987	318.9463
116.5768	163.4142	232.0218
102.8584	37.4104	503.1669
71.8678	31.9516	259.8298
85.9327	83.1251	415.3485
114.7354	142.8043	333.8817
76.3692	60.5802	296.0378
128.6807	10.1075	326.9181
86.7529	11.4724	450.6205
29.8021	86.7656	24.9711
8.4059	88.8306	262.7090
17.4916	106.3987	563.0033
133.6158	44.1445	38.5182
16.6937	64.2588	278.4121
125.2722	68.9224	376.9631
17.9836	76.6279	269.6786
110.5819	149.5354	485.9886
168.6852	150.3520	186.8163
156.2563	140.2692	378.8332
90.2792	15.0253	29.2792
40.0771	124.1396	283.3411
88.7250	108.4573	475.3594
11.1061	55.9885	335.4799
86.0194	145.0538	100.7667
171.5755	95.1567	9.5785
76.1528	68.7183	70.9326
115.5817	150.8658	495.8920
7.8958	41.7345	227.0146
124.0075	47.6952	404.5470
49.3377	44.1978	475.4753
116.6982	81.4542	357.2461
116.0949	74.7610	527.1170
88.5890	117.7720	352.5136
85.3694	142.2601	305.5025
172.8715	149.1481	40.7975
29.0286	71.5100	347.8574
121.0358	154.6357	434.7176
4.4332	122.7881	531.0568
80.8303	8.4993	348.3798
59.1175	15.2106	404.6031
98.3281	133.9355	411.0452
122.3572	172.7388	378.4456
50.5418	136.5096	506.1172
114.7436	122.8810	376.5845
125.2537	77.8646	137.6139
172.6514	134.1861	129.9131
9.4025	20.6307	381.6758
15.3714	1.6656	519.5820
158.1862	20.8928	302.0460
148.8532	12.3361	156.8285
38.7415	155.3269	20.6000
150.4807	74.8503	42.9119
18.3431	124.9724	56.4237
136.7010	146.1964	271.7770
63.7361	72.1630	251.9572
21.8128	115.0718	51.8164
129.5267	136.8477	418.1701
65.9758	91.9999	487.9192
131.4656	0.4287	189.0258
86.0688	2.5026	475.0802
113.9501	5.8315	191.7879
112.7063	66.5939	179.6176
171.7401	172.1597	373.9474
126.1162	123.4370	2.1252
29.1452	15.4507	338.2318
55.8678	82.9783	371.3524
11.1373	67.1429	310.6964
8.2890	38.2844	344.6269
11.9136	134.7782	183.0292
24.2791	76.1854	306.1118
93.6011	122.2428	322.9609
172.8149	10.6443	87.7886
129.1148	100.4004	380.5658
171.9443	37.2040	380.5072
86.6076	45.6668	521.6352
22.0048	143.9225	212.3272
167.9607	44.9119	61.6144
145.0888	90.7196	125.8260
15.5930	22.0840	475.9744
34.4915	47.8912	98.4842
87.6711	87.0218	115.2005
109.0510	162.3022	258.9368
87.9811	90.4797	100.3388
54.8142	9.6521	164.2137
51.0739	24.2790	42.7265
33.8111	7.8953	139.6777
139.1881	3.5361	351.6845
129.7496	107.1835	346.3557
131.5729	34.6818	450.8626
160.9627	132.4944	124.1083
105.0928	110.6660	378.9599
129.1420	126.1837	333.1040
141.3491	44.5575	35.0315
138.8361	84.6999	132.3707
64.2632	169.1315	405.6213
1.7223	104.9685	24.8049
127.6695	34.9127	123.2021
79.9798	16.3160	153.4001
137.3612	93.7807	527.2966
61.9008	27.1957	173.2928
23.6827	71.7899	34.1678
38.1954	112.5823	45.3801
99.0139	114.3221	208.2569
162.7454	57.0151	42.3021
148.2462	109.6122	68.0953
57.0272	60.0820	25.1341
119.3732	37.9639	446.6600
53.2119	39.6829	261.5070
14.4467	95.2882	261.5058
4.7405	62.4971	83.7863
55.6222	140.4091	364.1469
112.1704	47.9645	397.7516
55.3198	164.7380	54.3844
167.2686	127.2785	367.3640
45.5836	86.9093	335.3491
9.3241	131.3674	515.7528
82.7206	146.8848	214.1983
33.0348	143.7988	429.9353
133.7796	140.1131	178.9537
50.8659	52.2922	181.8898
44.1955	93.5314	154.8424
30.5497	9.0205	240.3285
116.7722	41.4721	299.6529
114.4243	162.4496	253.7321
99.3210	148.5917	14.3926
169.8128	67.1963	335.3626
108.3236	53.3994	186.3118
91.7000	89.5089	110.0392
150.1915	95.5282	147.9779
135.2578	18.6965	446.8633
75.7907	64.4502	227.4276
64.6162	143.7350	335.1325
133.4906	48.2891	316.1318
23.4210	80.9490	190.2563
158.3218	45.0480	68.8669
109.2466	21.9522	77.7913
151.2146	15.8071	324.7050
111.5435	4.0389	210.7676
116.5919	142.4285	85.2902
49.2639	44.1328	20.3952
47.0122	120.3931	506.1586
168.7259	85.8368	414.2355
50.9912	2.2147	261.3694
105.7553	78.3306	201.3681
32.0040	42.5002	349.1206
132.7933	45.7134	550.4172
66.9041	85.3508	518.1245
46.3975	133.4219	262.5648
145.2806	88.2412	175.4424
60.2384	149.7863	562.4347
63.4497	152.5975	54.6294
127.5652	126.4528	393.0123
136.2225	7.2773	323.5031
112.2105	105.3977	25.9963
6.5623	85.4083	208.2376
61.4553	90.0571	272.1759
65.7015	151.9442	79.7141
79.2335	157.3591	115.5249
20.4217	15.5382	345.2360
38.6711	152.9522	212.0982
50.1578	35.2979	171.3277
166.8906	126.9344	330.5337
31.1215	120.2327	3.1095
74.7041	96.9916	21.1616
104.9915	135.0427	419.1046
90.9892	37.6746	13.2731
9.9126	20.0236	553.9005
8.2041	91.3692	197.8624
12.4797	89.4453	298.5802
52.2069	157.8061	224.6315
142.2340	105.0476	371.4950
77.8401	7.3954	68.2151
136.8620	48.7084	108.9650
12.2981	133.7336	277.7536
14.2563	87.1800	90.6193
38.3629	14.4789	104.4461
60.1215	128.5762	380.3249
77.5655	164.2170	550.0033
39.3997	148.5950	393.8921
161.4199	161.3516	14.4560
147.1133	9.8326	352.9159
125.6985	97.4393	225.5045
169.6437	144.7639	4.9789
104.9843	77.3206	157.1684
163.6905	26.3400	101.8273
79.2524	47.6328	421.7735
164.4707	83.3130	528.9721
149.9955	17.1202	7.8772
54.4850	26.2740	248.2266
0.5427	48.2004	5.0573
53.9698	111.2368	25.4856
70.0940	139.7105	51.5025
81.0779	39.1948	435.3657
82.9525	96.8261	199.2601
161.5551	11.1792	351.5785
22.8837	167.1788	435.7239
48.6525	10.3423	83.6083
103.7970	101.2550	411.9373
65.0938	121.6963	384.0534
120.3902	19.6396	301.4491
166.6107	56.4718	386.5506
153.9728	76.1540	457.2373
121.9311	13.1837	304.7813
9.5688	25.3704	268.7695
102.6899	124.2506	108.4068
91.1451	132.3300	212.7296
21.5355	2.3306	375.4304
66.8413	39.4671	67.2809
35.8658	63.4911	142.3576
92.5680	76.7997	384.5843
4.5108	116.7507	407.1099
136.7515	21.7786	95.0842
160.0382	117.9381	14.2985
118.6549	29.8425	433.6772
37.0624	132.4219	217.6499
73.6263	78.2009	139.1504
35.0985	71.0901	52.6643
25.5570	167.6842	413.2344
148.4730	103.7322	344.7879
113.0870	94.9130	279.6498
106.6343	60.4219	31.9666
171.2990	139.0851	557.6881
76.4956	21.9119	443.6745
155.5516	68.8853	80.3341
100.6808	14.7984	138.1142
8.3208	8.0981	62.2644
37.2823	64.2828	46.3142
23.6579	159.8477	476.6645
117.4529	138.3241	264.9977
64.1109	118.5555	413.9922
118.7034	110.0248	413.5841
133.4995	93.5403	181.7962
80.3075	79.5631	279.5111
34.9227	96.8858	330.7785
155.4720	172.2070	68.2086
104.7714	156.9617	43.5331
69.5060	20.0020	381.8459
161.3539	66.7259	230.9079
34.1144	45.4743	10.8225
172.2483	143.5482	216.4167
97.9631	59.0273	296.4407
67.6442	32.2086	66.5231
40.9848	72.3463	410.9160
57.1739	87.2964	320.5705
146.6019	89.2859	384.4999
155.5300	2.9415	82.3137
21.7674	99.4749	49.1250
171.6073	96.4798	440.1105
26.6116	126.4385	251.2324
94.7943	21.0203	178.4272
113.2893	114.6903	72.1365
134.8347	59.4886	370.8593
102.2567	24.1652	150.4001
79.3186	47.0043	366.4195
71.3904	109.3105	406.5627
149.2150	121.1392	305.6748
5.4822	134.6315	486.8907
17.9115	55.2118	73.5237
41.6417	77.4763	120.0983
100.4252	5.3424	201.8650
68.4240	130.2213	524.4783
125.1127	83.2838	183.7767
117.6875	122.4934	551.6854
67.7010	38.3618	210.0932
156.9040	96.2745	237.1622
161.9450	46.9494	2.9862
160.4568	115.1495	216.1838
38.6424	11.1087	138.5116
109.9400	133.8684	338.0021
126.7159	57.0593	253.7558
22.9903	149.1623	237.1785
143.2423	20.4873	472.1742
133.1037	132.8375	322.1433
90.1709	27.8326	144.7058
110.0853	148.5976	143.3226
153.2777	11.2804	391.4944
72.9866	155.8822	451.8791
17.8936	8.6356	213.8837
19.7650	141.6249	476.4966
102.5468	169.6127	86.3410
134.1242	151.9495	540.6311
41.9988	1.8270	28.9924
51.9125	84.9811	436.7874
13.2304	95.1217	324.9483
7.5445	86.0699	151.1380
32.4609	147.1360	398.1439
114.1516	117.5502	77.4496
32.5747	150.9150	447.9460
102.2183	158.6531	187.5704
41.5523	4.7777	287.7088
131.5735	88.7385	94.4660
81.6702	31.1281	84.9169
122.7148	111.5111	135.9597
112.7485	7.0839	99.5286
105.7118	163.5332	253.0067
172.6413	128.0866	72.3148
80.9564	76.5800	529.9434
125.7365	35.5437	243.1071
148.8911	97.3775	90.5026
92.9916	57.4113	146.0668
108.4522	120.3674	425.2138
68.0995	166.5410	428.7972
157.0509	129.3174	54.6893
26.1555	66.7360	451.7507
45.3111	91.3800	283.0356
107.4568	120.2570	11.2398
161.8474	68.7179	352.1430
3.8522	53.0236	73.3185
133.5246	41.2259	532.7247
54.2138	38.2363	472.2975
118.4691	128.6564	333.0487
83.5659	168.1125	90.5596
66.9155	110.8966	500.6396
39.9071	50.8866	254.2156
41.0066	70.5438	510.9070
83.8566	41.4584	53.9868
101.8462	8.4493	148.8813
88.7206	41.1027	404.8153
131.0722	74.5778	76.7783
16.5576	19.9090	547.6384
82.1447	136.9082	264.2651
44.2440	1.4657	254.5440
157.9222	138.6910	214.2581
81.1024	1.5985	65.4634
50.8253	163.6454	149.6841
141.4560	165.3865	339.1111
1.8336	55.2942	251.9462
57.7508	126.2337	275.5274
46.9729	158.9870	103.2414
156.8425	104.9815	337.3378
55.0961	105.1446	462.0659
155.8381	48.8799	237.1240
141.6926	17.1905	489.5889
57.6845	128.0556	494.0303
14.7048	158.6421	512.2222
7.9513	20.8302	225.2553
23.8418	132.1265	555.4067
130.2401	137.7403	284.9962
117.7946	136.3859	164.8181
97.3073	145.6965	141.3326
68.1497	171.0955	39.4857
117.5663	3.8017	291.7650
73.8868	91.5837	440.3420
60.9381	170.8845	325.3048
77.2669	86.8285	256.2124
128.8450	163.5911	148.8296
140.3727	128.5461	291.7833
10.5769	82.1691	88.0985
154.3308	97.3362	211.7586
171.6300	170.8010	145.9466
100.0167	87.2568	553.0698
125.5066	149.8972	460.0136
24.4842	100.9819	289.6069
86.4485	125.3738	476.6070
139.6263	166.1845	4.5462
88.8716	85.4112	150.5653
163.8095	157.3624	80.9719
159.0558	136.3839	331.8033
106.9632	104.1614	316.7998
134.5532	51.6325	523.4369
157.0938	28.4071	107.5495
168.2375	83.7573	375.8778
124.3525	156.0199	468.2906
109.7971	121.3776	385.9145
13.1274	78.4527	238.0670
69.1421	115.2639	328.4666
74.5749	41.8653	233.3422
136.4580	132.7502	484.3216
38.7595	55.8565	193.1185
37.6819	124.3449	29.8036
144.3707	81.7562	162.2682
64.6087	23.6858	502.9833
106.6042	13.5302	131.8425
58.2932	36.3094	507.1506
85.8105	129.4736	9.5589
141.1855	21.6951	542.3134
7.2355	63.1953	250.8510
156.8757	91.9618	341.3017
33.0235	84.7965	100.2725
130.3928	169.3442	334.0279
151.2439	12.7159	459.0191
89.1508	107.2329	557.5606
36.1739	60.2258	425.8593
167.2809	69.9502	40.1449
57.4701	106.6446	65.5172
121.8848	88.2528	367.1995
97.5666	9.2152	358.5441
104.4726	124.5516	370.4591
143.6071	150.0456	468.1304
83.6539	25.6270	446.3208
69.9031	168.1119	331.1027
93.8388	65.6647	262.3655
135.0077	157.4202	372.7763
57.1376	119.8976	550.1189
163.1024	82.0948	154.5545
165.4548	103.1009	59.0252
21.9204	117.4004	35.9830
7.0563	30.4959	424.5173
136.5738	168.5368	492.0771
31.5998	129.0846	320.4257
35.7700	72.5524	507.4520
22.0715	111.5957	325.9261
18.8347	30.0494	33.8825
72.7534	37.8538	291.6628
54.1195	129.3025	299.5965
73.0064	167.3841	421.2361
94.4091	37.3900	309.5943
46.4703	17.5330	100.2485
9.3505	106.0982	142.6138
93.8323	115.9895	359.7296
57.9288	141.6651	256.4280
170.8510	71.7763	110.6905
93.7636	119.2062	260.5160
19.1028	39.9349	95.0013
100.9084	83.9639	53.9829
96.5714	158.3387	392.3663
103.2833	31.1166	23.9889
73.1311	10.1298	357.0691
57.0425	112.6518	486.0097
22.4862	151.0088	485.6744
49.2393	163.0927	174.1230
15.4735	28.0125	479.4498
41.2832	46.6760	64.3380
18.4806	13.7977	448.3275
140.8152	160.9295	314.9811
59.7485	33.7824	193.5691
67.3985	46.2797	535.9742
132.5746	44.2864	295.9724
168.5995	127.3894	236.6144
28.3860	124.6882	484.4444
153.2311	44.3925	29.3974
45.0645	110.0534	56.8604
69.2145	61.6888	247.1712
113.2120	63.9311	433.1130
92.3823	129.6530	353.4723
135.7466	164.7666	505.6310
164.9958	147.4234	548.4360
158.9140	59.6967	312.1131
159.1278	46.4428	384.5493
83.8069	46.1343	455.5473
11.1638	69.3841	253.0531
124.9562	121.0372	497.9944
82.4328	69.5484	277.5549
165.5812	51.0659	514.3928
148.5934	40.1026	122.7791
146.0884	102.3011	182.9820
145.8115	70.4336	508.6715
51.5613	92.6030	150.4596
15.2379	138.9134	5.8315
36.5520	42.2406	26.4526
107.1528	33.6514	27.8157
67.3899	108.0312	136.3762
12.4630	36.3808	47.0701
171.3786	130.8085	539.0735
54.3844	150.7936	193.7625
0.9333	25.4125	327.0814
125.1672	15.7019	198.9645
144.7709	130.0335	55.4445
37.7564	148.1345	45.2882
90.5768	65.7090	269.0166
109.8950	92.9582	532.5458
47.3328	55.2505	486.1567
70.8589	124.5113	417.6140
128.0142	166.2554	253.3136
103.7872	115.7241	37.5966
77.2829	103.8237	392.4439
59.2664	127.3342	274.8362
18.9508	138.8324	303.7496
7.6887	116.8320	501.8580
10.7198	18.7819	360.4554
99.7611	111.2396	30.7101
116.3967	116.3973	539.6607
163.1492	96.9571	534.3909
133.9064	47.3965	343.3131
2.3625	114.1959	410.2125
159.9294	3.3217	316.9904
14.3491	103.5024	244.5919
95.1985	7.7448	241.2163
31.2245	119.8807	73.4112
165.6944	18.5759	516.7592
31.9951	153.9437	295.7888
158.4261	77.1104	365.8193
102.7724	15.8903	280.8759
171.9127	66.6512	35.1027
143.9705	50.8505	253.2059
147.6342	99.4603	245.1399
155.8837	162.4331	517.2433
149.6880	14.7812	447.0945
32.6663	130.5579	479.6620
118.0707	54.7721	63.0802
120.1731	38.3589	133.7090
89.2561	102.7633	182.8401
65.6330	117.3377	406.4716
94.5899	72.6677	6.2327
71.5033	163.0652	248.2142
34.2668	56.0970	307.5650
129.4080	123.7569	247.7768
77.7246	60.7090	179.1808
116.6156	145.5680	123.1627
130.5848	52.7517	489.6103
5.6371	98.8908	425.7527
144.2740	39.9591	30.2387
86.8766	146.6609	212.6390
51.5513	130.1041	259.2813
97.6312	26.7289	10.8014
38.4462	95.4914	303.0839
167.3124	160.5783	248.2886
39.3841	99.1153	335.4032
38.4616	133.9992	515.4716
143.4230	4.6862	344.4251
91.3743	39.0132	549.7908
135.3867	5.4489	304.8225
107.6659	101.3513	524.1026
29.5543	157.5430	494.2242
88.4321	159.6548	417.3917
2.6190	13.5486	177.3791
4.9239	125.8976	392.8818
75.6010	68.0937	458.4400
31.7423	143.1212	120.4297
55.4335	134.5887	58.9780
20.6161	103.2695	253.8327
139.1623	105.9717	179.5402
109.8974	143.0251	148.4153
150.8146	152.5987	342.5735
27.2147	156.3511	514.8569
156.1083	136.2512	556.7259
116.3955	95.6213	146.9299
51.3720	24.3471	114.7245
13.9038	0.6318	515.4450
51.6648	77.9806	438.1129
118.4089	113.8691	131.4452
123.1346	19.3523	66.1916
0.0048	98.4704	560.2085
44.1081	13.7860	156.1258
151.2136	119.8423	120.3368
41.5364	86.9950	215.1354
69.0072	141.3217	480.6137
15.1019	14.6880	99.6406
13.0023	152.7938	421.4976
121.4226	126.9222	48.0340
169.1903	114.1828	61.8732
100.3235	138.0802	28.9788
11.1645	121.2009	520.2308
62.7388	93.4838	270.4214
36.4874	105.8617	109.8121
96.9133	66.5062	183.5155
150.5638	55.9250	446.8299
155.2084	126.2410	383.4547
127.6027	9.8121	186.5202
164.9096	85.3122	136.7868
87.9672	33.4114	222.6054
19.5752	92.5200	116.5630
108.7352	121.0421	251.3288
35.3238	60.5915	229.7996
7.9082	143.0719	50.5340
120.1899	141.5994	143.0376
29.6587	119.0616	375.9628
47.6892	56.5684	473.4460
4.2320	57.2536	336.0625
26.8050	58.4906	409.4164
171.9587	146.8878	152.2038
63.6069	114.6027	317.9764
81.4433	35.4610	145.8957
46.4117	6.4727	436.4982
14.8248	28.4562	122.6771
72.9047	37.8877	352.6602
17.4393	12.7012	292.5321
147.2358	80.0056	330.2078
159.7898	127.1381	480.6714
72.1970	172.2252	203.1050
48.4755	126.3066	551.5267
35.9142	37.4933	63.7144
129.2989	128.6458	194.7045
113.9381	62.0973	167.4089
116.9019	133.7055	485.1028
97.2460	33.4752	117.9659
155.7644	85.0837	169.4068
13.2228	147.9431	398.1377
85.7628	49.8313	86.4786
146.2753	46.6652	549.7149
168.3331	63.4847	108.7983
110.6114	94.6998	233.5559
143.4788	163.3961	432.4320
4.3547	60.0802	2.7032
144.8238	156.1276	198.0512
70.6893	138.5583	169.4005
17.2126	123.5447	64.3654
20.9170	25.8726	227.7024
31.3116	88.8894	523.8855
13.8065	13.4513	94.0222
13.3974	22.1128	123.4143
149.3934	53.8103	317.1399
80.8994	142.2374	394.4128
61.7005	146.4104	2.3867
167.1304	49.5661	251.8143
155.6302	17.7365	430.6184
36.8826	88.2384	281.0815
26.8099	83.9518	83.5513
1.1948	81.5128	139.0140
35.0838	106.1753	181.3069
161.9689	164.4421	71.4043
163.1013	142.8555	118.2219
151.0478	32.6897	301.8691
34.9970	147.1718	189.1954
22.2966	38.4666	92.2577
19.9028	126.8231	347.0020
46.0187	10.3226	74.1795
98.2109	144.0173	552.4150
157.6392	11.7475	461.4586
161.9386	38.3272	304.8890
117.2424	105.5846	240.4319
145.8304	159.7949	533.6834
42.4637	111.0034	454.5592
60.1536	103.8014	482.7298
18.0981	107.5153	189.7411
164.0525	87.3792	246.4750
47.7177	85.9208	329.6547
30.2288	168.3194	140.1810
74.6220	160.3030	373.8041
4.1362	114.2888	307.9207
167.5476	63.5740	50.5303
85.9302	6.4115	410.1182
163.8790	99.7852	414.1561
20.8815	47.3414	40.9862
7.4517	73.9976	121.6106
100.5071	35.8161	70.2294
27.5345	30.2401	504.5192
165.5455	135.4430	68.4577
81.3855	161.8289	377.5039
99.8284	124.2703	464.3960
86.8333	66.9936	260.9007
95.0178	45.1176	463.4019
26.4984	146.3033	519.4403
161.9566	36.0767	186.3809
142.7592	37.7361	136.2010
136.1654	91.6210	438.3186
27.2262	78.8627	131.1536
87.1063	171.9581	235.6144
67.7902	42.6225	501.5407
146.1855	42.3984	158.0828
97.2685	189.8087	473.0000
82.1595	29.3048	301.4779
103.2240	46.6131	43.1985
20.1829	171.2840	243.4030
77.8194	167.2316	398.8628
19.6255	99.7898	303.7474
63.1046	55.8480	278.1099
122.7520	78.2683	300.0332
35.1261	12.3824	541.4763
157.7132	20.8570	557.5699
107.5073	106.5328	158.1536
139.7328	89.7723	344.3725
111.2161	149.1322	310.4871
15.4908	116.8341	474.5519
58.5122	120.1859	370.3425
132.6469	8.0060	493.2641
96.1138	32.7883	137.4652
91.8117	53.4797	342.6599
34.9815	69.6365	19.1412
160.9910	163.2556	62.1193
15.2600	64.8168	238.0430
141.3329	52.5208	91.7259
23.6140	90.7397	25.4862
80.2215	37.9262	223.3588
3.1260	141.0942	456.8740
85.0019	70.7118	313.8875
107.7858	137.2398	355.7379
120.2806	157.9027	383.0479
106.9805	130.0247	375.8070
30.1878	51.8785	241.5539
123.6719	143.5177	347.0648
121.5521	10.0549	382.7516
148.2610	148.7163	343.8338
50.7400	122.3115	512.2884
130.7051	3.3083	530.9156
162.8010	137.4980	280.2331
118.2250	118.9101	183.3793
96.3902	1.6941	518.7344
73.3988	80.0803	111.0002
74.9997	58.1657	542.7764
152.2071	83.8041	149.5170
71.2130	2.1154	450.6458
167.1466	1.1615	192.8475
6.5619	148.4168	305.8343
136.0549	140.4791	499.0380
156.2874	116.4605	312.8260
133.8781	162.0893	205.5561
79.5608	161.7140	417.6936
102.8199	76.4978	85.3239
144.7752	134.6654	544.7165
59.9278	3.1015	126.8415
69.1744	129.6248	58.0193
154.5249	2.6445	324.6859
101.3423	56.3774	540.9067
172.2412	17.7075	298.5363
11.7698	154.2264	505.9269
129.0601	33.5281	23.5142
152.3033	165.3992	436.9152
7.6823	55.3073	271.0823
21.6650	123.3419	304.0616
20.9951	151.4224	283.6953
129.6425	135.2074	429.2501
163.5140	47.8778	261.5025
102.0115	59.1751	348.2419
127.7211	61.8752	475.7886
50.6636	25.6114	151.6549
165.3798	103.7774	367.1032
81.2217	31.4489	26.8048
148.5773	141.5767	352.4962
123.7935	88.5949	127.2293
25.1592	136.8635	206.0587
73.8927	113.6596	295.8767
81.8281	43.9692	390.9502
150.2867	76.7353	194.9550
36.9917	121.7774	272.1007
2.7923	142.5418	449.1631
28.1601	82.0815	143.3758
8.0105	44.3302	338.6090
93.9484	23.1089	151.4436
87.8484	53.1037	308.5145
106.2674	166.9090	33.6163
126.7787	46.7591	453.7484
137.2151	69.5940	76.1365
72.7314	142.1076	332.5608
115.0489	0.9506	222.1184
85.4167	21.3065	413.7384
45.2136	56.3417	112.2859
82.8413	114.7979	160.8617
120.3896	43.5886	72.1151
63.2833	135.2164	311.8712
22.1288	12.0469	513.8939
131.5806	169.0390	224.5325
73.8642	107.6261	6.1147
116.6806	40.5224	268.4654
107.2776	34.8707	117.4132
94.4235	5.3753	187.0513
2.6963	47.8363	561.3044
117.4709	6.5477	188.3544
102.2237	141.9347	226.8667
125.1733	77.8509	83.2962
43.3950	165.0529	0.2714
73.2089	48.1522	325.9326
121.5382	158.9101	496.2547
14.8168	166.9935	54.6804
62.4127	22.6340	122.4113
38.4130	1.0882	43.8180
62.5083	148.0191	312.7785
121.0290	168.6772	268.3687
142.0337	172.7256	352.1901
110.7211	167.5237	173.5434
171.8200	22.5801	289.2289
160.7293	147.9796	41.0604
41.5219	45.5273	31.9286
58.2834	5.2754	433.9050
104.2688	33.0898	240.2124
159.8441	50.9848	502.4225
19.1675	114.4621	216.9339
12.2982	171.1964	499.9785
119.4662	77.1180	300.7679
57.2265	85.3705	154.1413
3.2638	15.5108	137.7332
4.5864	151.3531	276.9415
27.8275	18.1491	552.1652
9.5717	92.3659	214.2453
124.1460	14.5900	69.1774
0.4241	27.2899	147.8981
152.2542	27.2310	278.6827
13.3462	129.2986	460.9455
128.4636	77.3909	202.7794
1.6464	72.4378	333.3395
54.6046	137.6448	140.4414
56.2617	59.0950	377.6848
82.3689	112.0582	551.8504
158.1129	20.2873	104.5265
52.6037	27.4397	228.7810
8.3183	116.6884	297.4228
41.4374	52.6611	122.1941
169.6022	23.2278	102.1385
136.5115	20.2692	485.8986
133.8723	5.8493	54.7351
161.5815	0.0264	247.8072
84.6184	92.4765	318.8443
153.4375	26.3862	212.7437
147.0443	139.5064	72.9628
4.0344	27.2759	381.3705
120.6018	151.9406	35.2105
105.5211	70.7808	246.9681
83.6555	141.7007	60.3496
83.0348	29.1586	29.2562
127.6990	95.9562	389.4575
36.8137	13.3897	213.2258
40.7144	0.8953	88.7374
144.9254	150.8860	78.8150
1.0497	167.8984	250.9167
105.8329	111.6703	425.3375
26.2693	32.9669	45.9756
133.8054	75.2247	195.0724
109.7669	9.4109	278.8990
43.5577	159.0592	301.7817
133.2616	30.0290	349.8564
46.5674	55.5719	24.1937
163.6319	27.1546	547.4722
87.9171	78.3491	171.8017
31.3038	50.3815	51.0740
65.9846	163.1907	314.0283
31.3448	145.9500	233.4980
151.5409	148.4384	282.4070
55.4487	135.5943	45.2370
139.9429	98.6965	462.9540
165.2913	154.0354	108.9813
115.9330	123.4199	229.2750
80.1716	115.0859	373.9022
85.2115	63.1637	274.9111
4.7614	40.7605	223.7252
15.1545	129.2021	177.6181
113.3603	100.9754	26.9863
21.7485	110.2685	486.8902
132.6339	121.8493	243.0793
161.0251	59.2504	67.6345
143.3973	54.3259	548.0086
3.8201	151.5461	411.4599
120.2813	152.9547	178.1153
21.0843	97.0476	61.2448
40.3096	51.8907	192.9903
172.7219	132.4331	347.6836
109.0584	107.3799	441.3495
125.1473	29.9726	192.1095
111.3092	54.5095	516.3511
76.9217	47.5154	305.9587
125.2640	148.6049	263.5142
36.4251	37.6618	220.9608
81.9805	134.0361	492.2455
74.1189	126.3250	110.0527
158.7989	9.8104	397.1600
24.1841	121.2533	522.6741
122.5409	148.8367	128.6710
172.0630	128.5329	63.8063
129.2973	138.6989	441.6553
24.7463	11.6964	458.0152
117.5423	100.9962	503.2845
99.6148	116.1919	558.8155
80.2377	78.1971	278.3717
135.6454	51.7534	362.4211
152.6533	169.5154	439.2697
160.8279	142.7598	233.6826
130.1267	10.1154	197.8837
27.0121	157.3978	389.8062
16.8407	27.3812	531.5032
146.7551	25.6204	297.9242
47.4500	150.5381	199.6141
64.7180	105.4546	201.6001
121.2522	164.0033	338.4310
171.7136	153.7175	99.6539
80.1151	93.3540	493.9266
89.9294	7.0993	349.8990
32.1621	126.0415	46.5102
8.8546	151.3650	240.3592
80.3916	0.0379	335.2468
167.9382	22.3252	317.2312
39.7069	162.2971	34.6214
142.5834	171.0387	334.9046
113.6774	107.9399	311.1950
116.3711	142.4253	407.2034
89.4336	157.3573	525.6051
7.9698	55.9469	158.2126
10.3025	30.4258	442.4790
77.6094	9.8554	119.1569
3.1187	117.5519	142.5755
157.7231	20.9089	229.9554
137.1152	39.3994	314.5728
160.9340	1.5807	478.2292
149.7560	114.2207	139.4671
111.4048	42.9672	339.6909
6.5247	58.5945	84.6896
6.8708	152.6720	227.4358
102.9947	144.5242	452.4976
71.5834	168.3177	441.6719
13.6337	160.2768	490.8704
55.7070	36.1532	306.1599
146.1562	32.9157	325.0501
48.7263	113.3746	179.9126
49.2873	31.7138	163.1229
141.4427	19.0253	194.2441
124.0508	124.3195	352.1480
162.6951	152.8436	331.0364
155.3910	129.9668	307.7531
38.3505	31.2220	106.4109
48.2235	150.3551	223.9239
4.1541	26.2233	427.3900
104.4556	53.5115	299.7034
95.2487	82.7990	383.1152
156.2168	80.6565	260.5133
54.4969	27.3160	295.6736
78.5033	143.1928	29.0720
95.9771	83.3831	196.4974
26.3268	163.7016	336.8513
144.3653	156.2418	537.0882
142.0511	29.2605	528.1228
149.5144	13.0495	91.0642
143.8416	132.1718	500.8244
11.0648	159.7543	73.2143
51.7348	37.7964	262.4854
31.5881	100.8498	220.0834
63.5006	26.7285	514.1192
11.4550	15.4996	405.5922
10.4158	76.2229	451.0979
29.3330	91.0009	436.5821
95.6691	113.5883	269.2775
151.9740	84.0590	135.2063
11.6653	169.7274	397.1429
138.5225	110.8393	263.1645
167.5161	101.5951	361.6169
122.1924	32.6160	268.8839
37.5021	1.9610	262.4075
46.1945	130.8719	193.8311
156.3501	150.1147	137.9542
61.0435	28.7113	62.0769
40.0242	126.4256	5.6682
75.0335	157.5360	420.8149
125.1380	61.8143	316.0891
122.8645	55.7830	457.1957
41.0216	7.2735	325.4518
107.6604	122.8300	381.9654
164.9784	130.5994	8.8583
21.0020	117.7320	68.8058
35.2001	104.0099	235.4361
54.8258	84.5508	429.8125
114.2493	2.4726	31.8682
60.7928	14.5445	170.5139
27.0922	2.9733	450.7231
128.8904	62.2806	438.6938
164.7580	51.8341	62.1815
153.2040	164.8973	308.2678
76.1571	93.9255	14.6619
19.6745	26.4510	500.2153
117.8778	31.2086	42.3638
134.2000	52.4679	412.4150
131.0494	50.7701	294.9066
124.4535	146.8019	96.3483
9.5330	71.0027	178.5396
143.7844	167.1188	552.0454
69.8346	143.1407	490.8157
47.4245	140.0322	553.6260
22.9138	172.1404	326.5978
20.9389	163.7248	440.5620
11.9589	33.7396	73.0782
66.0959	21.2833	56.2702
89.9537	63.7611	237.7464
1.1397	153.2634	263.8310
49.5996	28.5551	402.7316
157.8981	122.0487	37.3810
36.6593	8.4502	308.3420
89.4746	20.1409	416.1181
167.0176	153.7673	151.9493
171.0466	59.4359	223.5664
64.0163	156.5680	69.9808
72.4456	70.4671	273.4260
128.6259	67.2522	264.6681
40.9767	37.0324	255.3900
36.2301	11.2611	232.7165
75.6652	25.5236	97.4372
106.4970	132.8216	492.4455
9.6309	3.5980	386.3661
139.1706	74.3601	91.9967
36.5565	13.9300	166.3056
10.3931	98.1391	203.0269
49.3012	161.3908	375.4201
69.8076	58.7135	505.2798
83.5398	75.4260	127.1505
128.0058	90.3015	521.6544
152.1173	23.8681	177.7562
107.5983	156.7419	494.5882
77.1103	37.0528	291.6503
127.3548	43.0689	96.5912
7.1450	53.7017	339.4616
58.5873	16.0892	44.6694
17.2590	98.4913	108.6288
44.7801	136.6148	207.9050
19.9972	76.5136	78.8814
61.5910	57.0509	36.6129
31.4501	80.6400	234.5706
110.8186	123.2933	39.4503
80.3561	21.6974	502.0420
40.3408	70.6476	262.9955
79.8130	30.4366	95.7293
166.3034	171.3751	382.2566
170.4294	19.3755	84.2483
119.9130	124.0244	45.1811
106.1832	107.3820	157.1789
48.4061	15.1610	547.8318
33.4050	106.4313	34.0166
78.1609	34.5520	145.9950
14.3418	100.8021	313.3619
3.5723	132.6905	131.6869
92.7506	36.8140	400.1951
110.9461	74.8301	346.7891
161.4186	50.1739	396.8388
164.7739	45.8698	9.6450
109.5317	7.6984	96.5984
75.0821	106.2897	245.8388
120.1658	2.5993	490.5374
138.8256	52.2388	267.7112
36.8993	68.2078	144.7483
67.1244	33.2788	153.0836
112.1110	137.8954	201.7705
123.3360	29.1028	125.1390
106.4849	104.9783	549.0558
2.4322	145.4618	12.3987
35.5417	80.2882	111.3904
73.5105	31.1391	73.9195
128.7245	7.9649	189.8016
37.5298	108.4673	512.3148
33.7373	80.0303	490.6163
123.1677	121.5231	5.8677
121.4066	105.6607	137.5357
70.3645	25.4579	71.3179
6.5369	83.5603	215.0027
11.2443	58.4716	208.1996
53.5237	2.5978	518.7038
85.3475	159.0220	20.1735
117.4934	48.5819	147.2044
58.9990	129.1428	237.6768
142.3065	127.1675	192.2210
15.0763	149.8732	311.5903
80.3526	45.2353	488.2100
39.8244	124.1781	291.9064
125.3882	3.6152	225.3428
87.0377	166.4269	89.8248
82.2632	143.4853	42.6412
5.5322	72.6038	175.5365
169.4064	68.5224	4.4122
165.6772	132.3352	503.1315
74.6706	4.8979	74.5309
10.1018	34.2192	150.0680
35.0275	147.0560	368.6140
152.7106	59.9896	425.8458
112.0973	162.7076	448.2341
40.2581	99.1178	349.0113
113.8227	154.9244	540.2594
114.1116	1.2349	122.3211
76.3386	52.0884	107.9771
31.6044	81.5343	106.9688
126.6290	165.7571	252.7804
99.8036	67.3807	307.1969
140.4833	154.1719	27.9707
60.2267	30.2651	308.9211
41.2349	41.0151	475.9889
138.7793	94.0575	332.8209
16.0026	59.2240	466.2318
5.7173	147.4491	455.8653
147.7927	113.2373	132.1707
68.7831	6.9313	368.4996
134.7180	12.4951	143.4942
140.6840	91.4080	94.5686
75.2959	42.4000	211.4159
128.0557	160.8628	440.8015
147.4126	162.0120	484.7073
29.3987	156.3017	305.4752
124.1198	142.8923	145.1629
165.8682	37.7415	528.6791
142.5303	151.1847	204.0007
1.4635	113.6185	203.9319
71.1947	83.6684	508.5998
138.0705	55.5147	278.0610
71.2900	4.8079	538.0006
166.8760	172.6365	388.9209
140.1246	135.1831	287.8581
156.8189	80.5676	482.0139
150.5498	17.8660	289.4481
167.6351	47.9154	240.4150
163.7058	58.8497	146.4396
64.1234	71.3066	339.1131
37.0058	3.6341	492.4791
55.1146	1.5602	108.7822
69.1443	149.1801	286.9322
42.5521	132.6750	35.5694
1.5895	75.5298	315.9717
146.2017	73.0247	268.1781
30.3405	136.4323	38.7061
88.6541	168.7204	368.8526
107.7701	16.8907	413.4197
18.7213	113.4642	199.9488
78.5073	125.9095	514.3832
96.9703	104.7032	397.4363
108.6617	59.7106	275.3680
33.3857	2.3297	552.7921
34.5618	3.3635	140.2927
123.4167	136.2856	68.4131
155.4495	44.1482	268.3562
49.2447	152.4379	215.5474
22.7058	3.6215	416.6811
3.3501	94.2672	275.0922
21.0323	110.6196	60.8511
121.3149	168.5306	216.3431
126.6430	58.6398	184.7829
72.8381	4.7437	341.3412
140.6393	1.4539	328.3961
32.9272	56.4308	20.3621
91.7100	164.7163	67.5270
95.5389	74.4441	494.1634
10.1152	53.4011	62.8382
128.4198	57.2739	455.0473
62.5897	0.8499	504.5747
119.3995	150.6675	484.7842
16.0764	92.7983	14.9459
0.6089	15.4321	488.0814
13.8386	53.4700	95.1481
94.2247	160.4102	411.1541
168.5734	6.5735	191.9808
165.9098	10.6057	100.0745
50.5309	4.1566	267.6704
119.3984	155.7502	208.1448
150.0907	114.0775	26.8395
121.2996	12.4383	247.5562
40.8580	138.9159	49.4077
33.6585	126.8558	127.0520
54.4621	85.6880	136.5017
168.8917	31.7222	111.8125
109.5759	12.0979	159.3368
123.4024	25.0128	225.2687
100.6281	163.4246	14.4528
116.0410	0.3674	20.2297
47.1320	168.2251	453.7414
56.4738	151.7474	103.1426
128.2712	167.0729	182.1793
108.6423	34.5964	66.9691
81.1165	158.9180	414.9268
124.5114	5.7333	456.6206
57.9634	76.9945	314.7414
126.8692	36.6920	146.7382
166.4371	18.9417	512.8403
102.8020	68.1983	217.2239
74.1591	38.4391	117.9564
51.0747	45.0295	193.4510
149.6228	78.3220	472.9285
22.5987	107.3457	467.4084
130.0678	49.3194	452.5622
38.9521	138.9270	69.4596
85.4631	105.8579	381.8710
14.9616	53.4092	271.7680
13.4903	28.0647	51.1043
109.2066	75.8955	143.7026
135.5202	164.7304	465.3345
151.2659	2.8347	394.1772
83.6642	151.3676	548.3411
163.4396	112.2974	303.3036
138.0755	161.7448	533.4056
71.6828	99.8786	2.1931
54.2009	53.3037	111.9935
21.2503	142.8223	388.0926
148.7457	118.4072	73.8385
65.0976	42.9756	505.1742
117.5364	60.8665	464.3379
47.9631	44.7997	422.8096
156.4815	78.3684	552.8046
169.9176	24.0946	40.6174
49.8297	139.5304	43.7070
28.4645	56.5027	549.5517
73.5826	73.3684	498.9501
42.1947	92.0249	326.5758
136.1140	113.0826	231.7834
28.5469	82.7962	418.3677
17.7738	121.8699	518.8694
64.6714	7.1760	197.6626
139.2802	86.3004	376.4949
13.0018	106.0159	529.0952
121.4994	52.3052	111.4014
83.5951	9.5081	155.2061
17.9292	65.9499	180.8045
108.8162	104.1960	162.0067
1.5476	138.2460	132.2448
149.0780	154.7398	122.5794
96.9118	121.0612	345.5462
147.5720	147.4918	232.3205
41.3162	126.0023	144.7897
18.0441	81.9393	37.5138
90.6928	123.5880	100.3568
133.0085	43.6844	75.1917
117.5473	17.1502	557.9339
124.2886	43.5578	561.9377
34.7644	151.0585	88.5049
109.5871	161.0334	188.9418
158.5798	35.5223	360.8210
122.8073	59.5355	316.8597
12.6860	94.4043	340.3201
37.1319	134.1172	542.3548
76.7686	124.0872	194.7190
109.1923	97.9015	427.8130
124.8967	17.3679	423.7047
28.7153	37.2305	340.5267
45.6037	29.1282	270.5502
48.4628	90.7409	478.3260
124.1270	59.1973	541.5417
103.2550	58.8842	480.9166
99.3175	82.4250	441.2848
77.8522	65.3320	519.9889
26.4028	90.3123	270.6857
129.9690	6.4521	552.6819
142.8906	59.4255	347.7311
85.2475	5.6770	388.6875
30.7496	155.7120	535.2941
94.1697	23.8521	286.5867
21.6740	114.9928	307.0247
100.5868	41.7458	11.2315
9.7120	23.7119	466.0898
59.4695	91.0993	444.2671
38.5415	127.9487	312.7278
50.4165	90.1163	367.9034
164.4862	170.6862	36.2963
32.2744	51.8026	175.4712
24.5859	55.9964	455.5510
135.8811	117.8288	278.4565
0.5418	69.8232	324.5094
141.0547	109.4321	559.9052
100.5058	10.5738	306.4900
61.5723	142.3281	148.7671
48.7784	152.1392	385.1116
78.1739	59.3556	302.4455
17.2598	96.4328	45.1509
151.2432	134.1521	456.4300
92.2185	41.3968	62.8611
29.9652	5.7353	466.4029
130.1105	45.2187	481.2323
102.0863	31.2422	44.0555
52.0338	93.4515	37.2784
35.2757	33.5471	449.6710
4.4102	96.5476	49.8371
129.8292	163.0563	348.6020
16.2375	23.4388	517.9361
19.0897	89.1039	68.9819
104.6909	99.5839	52.3629
147.9563	134.4526	169.1212
141.6495	59.6799	41.1930
70.7897	117.4711	39.1638
6.1165	150.2067	222.4349
171.3560	61.9317	346.8794
127.4359	31.8844	368.6922
34.0446	145.0340	536.1530
36.8994	137.4011	119.0116
113.5888	145.8433	8.9377
27.0378	44.6845	233.7882
128.6398	18.2246	141.7474
62.9066	92.8080	411.7189
140.0237	94.6106	324.2545
50.9117	156.9849	200.5958
19.1425	69.2799	219.3353
82.2591	166.9652	71.1172
16.6640	165.0479	139.8436
169.9445	78.5695	90.9072
46.2619	61.1613	375.8903
134.3203	99.2453	308.0583
21.0089	110.5120	173.8594
53.0808	113.5430	24.5638
162.4289	12.4924	393.0674
155.9312	117.3212	455.5487
1.5319	24.3922	419.2689
53.2891	125.8260	335.7180
38.4889	113.4158	495.5678
159.3326	77.1729	204.9743
82.7209	104.7278	241.1570
101.3087	160.0694	15.0327
148.9344	124.2636	260.0208
103.9158	168.0570	254.0585
13.5779	11.0670	72.1396
148.4263	58.5683	51.3478
140.4404	79.5262	62.5173
130.6093	65.1956	67.0326
75.4512	157.1341	92.1740
50.3180	79.5488	481.0519
96.2029	146.9393	23.9234
119.3189	97.3289	512.1983
110.1230	36.4715	191.4578
21.9958	122.4338	135.9754
16.4785	53.7609	48.0835
167.8179	85.6820	7.2910
60.6994	78.8458	461.4479
164.0831	10.0535	127.6715
10.6317	165.9030	63.5515
51.1628	115.9269	276.5173
97.8948	89.6640	238.9349
98.4503	93.7836	529.6859
111.4685	153.1736	122.5282
151.7161	95.9295	405.6431
29.7858	128.0289	512.7998
120.6154	139.4963	534.0559
135.4681	143.6610	447.9100
154.2915	133.6716	313.6293
22.4590	161.8755	392.4367
172.6573	20.6735	210.4157
66.1148	161.9133	370.1552
129.2950	93.6712	37.2045
100.2152	117.8503	223.3726
82.7440	72.8588	544.8261
30.0103	162.6102	33.3331
58.1889	21.9795	182.0842
135.2560	6.9734	541.9963
85.7971	110.9801	207.7947
126.0710	83.2856	83.1379
53.6454	120.6979	17.8301
98.4340	153.9003	251.6273
108.0941	168.2844	47.5168
19.4751	100.4212	67.8505
119.8304	61.5597	522.6262
113.7306	134.0422	47.0621
150.7342	80.7060	93.9559
64.5915	91.4541	476.1297
163.3784	14.2477	201.0062
120.6660	9.8114	395.5214
159.7403	107.9251	366.3756
47.7728	27.6766	64.5841
15.2100	166.6237	507.2264
81.3435	144.0032	527.7276
71.8905	109.6481	126.9577
97.2276	142.8918	518.4426
162.8382	126.9484	495.7635
118.1255	152.8781	38.1747
120.4889	24.8012	1.0010
28.2737	133.8795	46.4047
49.4594	115.9492	25.1507
167.4263	23.5219	482.6414
134.0149	136.5116	528.8279
8.5821	9.0932	22.5787
165.4169	45.3100	556.8374
119.8833	110.8438	325.5312
66.2516	120.3097	394.4525
146.5498	1.1195	524.6545
82.2786	168.2950	390.6552
151.5541	103.0626	138.7929
28.2739	64.0864	439.7839
90.3051	40.9633	94.4167
84.2801	81.8365	192.6070
72.6730	46.9119	201.5537
19.6153	147.1209	515.2555
53.1239	37.4768	150.8889
46.1451	142.1575	437.1025
38.0020	106.5304	114.7806
118.8259	34.2620	198.7963
57.7316	37.2080	73.3303
23.9411	13.9269	414.6097
50.4053	40.7842	263.7239
58.8484	10.5703	291.7084
67.7428	124.3276	161.3464
68.5530	11.7477	151.8927
143.2687	84.1788	82.4985
125.8108	27.3150	177.0216
29.4087	123.3699	537.9660
169.3958	91.0499	251.8010
141.1814	91.6086	515.6588
162.5232	130.8523	532.0444
58.2333	70.5609	370.4474
158.4820	95.3724	57.9529
132.5511	28.1433	383.3025
2.3879	132.3080	135.3167
86.3612	118.0052	431.9492
114.7494	53.1541	16.6024
61.1517	22.9318	136.3925
125.7267	96.3818	42.5882
30.2909	140.7343	116.5530
22.7029	142.2053	126.7484
21.8825	114.5476	49.4828
143.5632	46.9350	275.4388
59.5079	60.1291	502.2197
120.2171	103.2915	108.8065
9.2129	54.4699	46.6110
25.5280	82.4653	198.6474
49.5915	121.1761	511.2511
114.3652	30.6973	24.5016
150.4508	91.0014	509.8601
70.7983	43.1905	190.5342
98.3411	94.0570	217.5482
131.6090	161.7633	198.3359
90.9941	95.7979	157.8053
116.5035	42.5060	263.7458
84.3604	48.4564	537.8236
150.4721	15.2746	472.0683
170.9736	37.6480	382.7978
165.8707	71.7968	232.6181
160.7643	112.7742	323.7858
83.4022	50.7686	326.6129
40.8034	84.7542	276.3645
130.0184	125.0220	145.9631
140.0061	36.1980	87.2914
104.4511	127.8945	315.0109
109.8251	108.4051	35.7955
170.3281	122.0566	74.8601
41.1937	77.5806	113.3724
15.5030	160.5220	381.5539
166.0540	89.1565	401.4031
153.9417	111.0147	518.8682
82.5206	37.7926	227.4596
24.5364	112.1970	72.2139
70.7473	80.8420	26.7258
115.2384	77.1725	162.6686
33.7260	137.2989	109.7341
3.9519	50.6539	336.5837
128.0933	164.3740	423.9382
166.3060	108.7185	447.6910
107.6608	74.9021	309.5179
59.5640	50.9119	122.3698
133.0930	152.2951	525.9352
166.2077	165.4296	346.5905
134.9548	35.7443	343.3656
37.6973	63.9286	425.8693
125.6480	122.0035	174.1316
47.5177	57.0117	356.1932
155.6451	84.2695	21.9170
128.7256	82.3542	48.0895
73.5785	164.1621	267.6890
78.5796	92.9441	424.0239
107.8734	122.2019	455.4399
33.8816	44.7197	406.5756
11.4194	101.3016	34.5882
8.8063	16.5649	256.2459
69.8423	9.3319	187.6234
58.7796	48.5763	277.2200
137.4574	162.7724	461.8198
19.3687	73.2906	83.5567
8.8136	89.0152	185.2179
29.7644	48.8538	135.3198
162.8831	81.5688	177.8134
153.8535	104.0525	318.3507
69.1857	130.4274	459.9655
45.9742	89.3432	516.4017
164.9656	66.1117	178.3043
66.9318	143.7287	202.8584
113.1301	3.4208	296.0074
96.2794	116.2719	195.7839
3.1105	19.6548	530.7116
135.1220	107.4952	63.9279
169.3706	134.6927	416.4789
90.8757	105.3644	522.7017
78.6444	79.6943	381.1976
31.3288	160.2161	81.5420
18.8928	128.9140	179.0963
13.0908	98.5868	429.4224
8.4791	55.3222	223.3377
30.0923	150.4532	286.5259
145.6201	120.1754	143.1080
81.6328	143.4832	158.3829
150.8427	102.0598	23.9309
90.1874	123.6800	37.2716
108.6256	47.6744	292.2182
10.3765	126.2257	415.8998
131.2691	23.8961	269.3714
70.8649	55.2973	294.1480
23.1292	102.2253	189.0588
67.1685	79.5015	172.6587
170.0922	32.3238	135.4040
153.1538	73.8965	230.0431
136.1327	57.0650	368.6576
30.9954	29.2529	166.1586
98.8105	128.6602	386.1643
166.2947	40.5251	376.3797
33.6700	49.3354	30.9041
16.4728	50.7031	341.8381
50.5850	93.0962	355.9806
23.9463	58.2479	177.0139
3.3051	145.8972	22.1327
27.2825	96.7130	451.0261
0.0529	43.3323	317.0985
87.6595	48.4527	72.5170
80.7400	85.1723	352.5201
59.9134	163.6094	415.8226
39.1754	166.2289	236.9072
132.8196	165.4192	131.7300
23.6106	108.8776	495.9334
30.3574	26.0094	86.0404
129.3188	162.1373	389.0009
164.4206	94.3962	24.3752
104.9404	159.3608	217.5428
35.0449	43.4829	240.8029
81.6579	30.8465	155.5313
71.5092	104.3452	458.6621
8.3603	74.7232	261.9013
50.4260	110.9743	169.6557
128.3996	105.6704	366.8549
19.6062	14.2117	500.5504
172.3389	77.7569	296.4151
0.5529	9.3767	372.9185
66.8657	149.3537	486.1098
134.7563	137.4801	479.4234
4.3057	147.5628	200.8482
35.9807	42.9627	92.3268
44.7865	169.0351	454.6931
166.6197	25.0452	112.4457
32.9089	78.8400	88.2983
161.1284	153.2714	35.6914
23.9131	154.3321	519.8321
166.4359	165.6269	18.6068
89.3380	110.9050	383.4265
152.3198	1.6881	308.7977
16.4301	32.9176	547.6559
101.4132	166.3680	556.1184
33.9201	2.5635	461.3919
154.4106	99.0863	105.5119
147.6401	92.2947	142.6474
160.3700	124.7285	369.7263
3.7993	69.2164	156.0170
145.8415	78.7656	274.5781
128.5550	120.4447	113.5567
91.3311	60.3737	304.0463
116.5745	161.6611	476.5787
116.3661	38.8009	414.4343
4.6221	147.0988	10.2156
43.4990	126.1200	334.3216
46.5710	156.0950	15.7819
163.5728	27.2514	220.0405
109.5309	38.8658	155.5854
105.1165	35.1560	328.1222
151.8263	151.7330	438.7271
41.6245	31.7547	115.4445
76.3036	41.4313	541.7663
14.4473	152.6945	99.2335
154.5580	86.0222	283.2990
138.6558	169.2172	491.6210
68.7746	170.3457	562.9691
3.0872	42.6323	352.9527
98.7757	108.9674	435.8784
106.0740	102.9681	308.7848
102.6726	113.1848	223.9308
83.2549	123.6370	122.1540
43.9578	155.3353	309.9880
14.8754	22.3561	362.6153
73.3202	106.8301	329.8239
50.8809	68.3708	268.3054
40.5123	25.7994	213.8303
38.2125	21.9203	243.6917
144.9031	79.0382	156.0141
79.5801	101.8482	313.1149
165.1748	149.6280	343.6072
168.3574	164.6841	244.8914
38.2377	120.5314	44.5652
84.3073	114.2028	97.3603
15.9690	61.8574	462.5735
17.4536	112.5640	210.4241
133.3960	52.5772	191.4766
51.7645	59.9804	550.5443
59.7116	11.8591	393.5310
79.0092	75.6773	520.9810
112.0990	22.6269	30.5328
115.4762	97.7662	469.5754
49.3052	97.0064	8.8651
80.8683	145.2640	24.9408
99.2580	103.0311	3.7563
64.7330	138.1290	391.5615
144.8975	2.6677	300.1578
167.1615	68.3286	392.4539
123.6695	107.5579	50.9119
37.2558	67.0739	120.1348
28.5372	5.2075	297.2192
101.9360	132.6135	429.5453
151.9450	23.9759	202.5474
60.1207	70.8861	470.5250
14.7745	73.8979	440.1796
152.0313	144.5179	211.6510
77.7994	169.7232	294.4838
45.7769	88.6551	202.8639
88.7213	80.0890	340.5595
167.2052	5.4414	361.4277
38.0883	21.7173	67.3172
91.7673	119.7743	551.3669
103.9689	145.4778	481.9180
25.3307	166.7262	431.7845
32.8153	9.3114	28.3367
172.9112	22.1113	504.7938
85.7141	24.9106	560.3888
172.7120	166.6187	230.3324
144.3189	120.7210	406.6206
164.9820	0.5031	488.4305
31.7524	135.3863	199.9211
40.3223	140.4248	187.9109
30.0603	92.2536	4.8665
93.1058	41.7833	48.3140
83.5657	95.7622	198.1116
101.9129	32.3056	235.1486
60.1692	86.6246	273.9383
34.9801	99.0767	332.7013
102.7253	37.4542	20.4516
122.3367	142.5184	111.0499
131.6864	95.7552	372.4577
140.8370	59.9385	120.4810
171.8720	11.2705	315.6603
101.8880	152.2749	480.9684
121.8398	85.8634	411.5996
103.0958	87.7443	278.8194
142.6165	53.7244	551.1714
2.7126	5.7124	66.9967
2.0125	50.5211	349.0707
71.0799	37.5948	359.5761
25.2532	68.4461	297.0070
129.5974	41.9743	49.8666
125.8841	167.9335	282.8198
54.5823	162.3325	25.5287
31.0250	88.4845	321.4496
160.1320	93.0233	549.5558
162.9048	12.8234	246.6794
34.1560	39.3789	3.9017
142.9301	95.1486	91.8256
36.0427	139.4655	111.9082
111.4497	171.3486	283.1929
61.7517	95.0280	152.5083
143.8055	117.2631	139.5188
156.5550	57.9129	170.5269
121.3878	79.3155	285.8636
54.9099	106.7889	52.4483
172.0033	25.1601	211.0078
46.2457	128.0695	117.7212
98.2894	8.7775	218.6860
97.7739	27.5398	254.4003
36.8304	124.0206	292.2484
110.0922	7.4865	470.6799
31.9121	103.5797	194.6811
154.8930	85.4703	112.3165
169.5588	85.9931	197.9865
34.7502	110.5857	115.8772
171.0390	39.1249	229.1540
93.1239	157.2396	163.6849
1.0239	45.5747	118.1933
152.6626	149.5538	292.9422
5.8709	37.9245	152.6554
29.5292	57.1339	411.3128
41.4252	95.5134	98.0002
33.8872	11.9257	256.9430
22.0627	99.5589	325.3082
78.6932	131.7932	110.8872
76.0143	42.9288	189.4976
100.5183	107.5141	524.5420
91.8736	164.8111	428.2314
27.7852	13.4066	169.3707
51.9317	52.9692	492.3431
51.3524	115.7268	321.7178
114.6948	150.6675	467.9857
58.0635	118.2565	177.8209
54.7632	158.5350	144.0590
88.7016	127.0945	272.3672
168.8019	50.0580	37.7590
59.7428	155.8020	328.8349
112.7051	83.3793	545.3419
146.1885	46.7243	546.1048
19.2392	24.7964	242.7283
75.4545	26.0374	405.9348
3.4587	3.5670	455.7046
56.3424	12.7302	234.0599
149.5806	133.0460	335.7608
132.2921	63.5276	419.0236
58.7640	19.3304	62.5031
171.4301	37.7544	140.5760
116.2235	69.2678	184.7650
131.1728	69.1610	406.7643
168.7401	135.6269	212.8921
24.1462	6.6340	285.6143
93.9588	19.6953	182.7880
113.1596	104.8990	361.1721
127.8469	91.5749	129.0395
83.4675	134.9582	248.4225
31.4250	139.0729	109.6853
116.9155	121.8897	431.3693
90.4044	146.7591	137.1096
58.6372	97.4166	511.6740
90.2027	90.0895	289.5470
138.1499	78.1270	47.4781
29.4375	166.0302	434.6802
45.8056	146.0403	407.7302
47.9971	42.1733	56.0937
141.5682	172.8979	523.1428
57.6358	6.1577	280.7671
108.2902	152.2134	476.3712
75.3922	67.4087	213.5277
137.7392	35.0151	164.6705
124.1055	140.7153	407.9708
103.2383	97.1825	276.3680
121.7971	6.3305	463.4942
170.8892	112.5271	298.3029
47.4123	29.7791	438.2883
5.4078	46.0760	99.3784
91.6578	54.3916	106.6479
155.3724	54.9026	50.9892
135.8202	149.0670	262.0833
87.9143	142.2200	535.7299
41.0514	17.5769	307.9681
82.7033	152.4375	145.8007
165.6950	21.6321	102.3657
116.7282	128.7109	30.7464
153.6102	6.5181	391.5463
82.7195	36.6285	54.9301
33.6076	156.7168	78.6239
91.8665	144.9578	314.6111
112.4022	53.8741	184.6083
70.8184	171.6772	333.5497
168.5737	79.8771	250.5479
57.9329	82.4616	474.7541
151.7645	57.4128	321.5210
167.5614	37.8449	540.1858
39.3959	47.9505	26.1265
165.4889	102.2154	363.1489
165.0017	168.9138	365.0211
113.1989	98.4431	98.8360
24.7155	81.5548	293.4393
170.8056	64.1209	43.6018
91.6132	112.8872	485.9092
0.9387	3.6695	52.8321
120.5806	42.1732	59.8816
1.5806	96.1815	304.0998
120.6669	43.2402	204.9030
141.6149	64.7382	50.0820
115.4494	12.0863	526.9825
20.4858	125.1855	310.8672
62.1626	95.1933	451.7199
122.6408	73.7443	261.5548
4.8833	34.1397	239.4451
67.8870	144.6163	543.1592
128.1244	35.0670	164.2221
126.6323	171.9675	408.7272
16.7216	122.1467	295.8002
155.4980	161.3638	214.4602
44.5782	42.6189	285.7429
11.7885	113.2323	242.4338
26.2367	9.6860	483.5818
56.8179	154.2425	367.8406
116.6708	72.3393	103.7883
157.8686	18.8102	387.1251
61.9436	11.7528	12.3152
52.1305	87.9500	396.7569
13.5830	108.5043	510.0445
164.0632	38.1853	458.0659
139.1371	95.5428	324.4149
27.5207	154.2724	150.4084
101.8272	149.6620	28.9440
15.8058	54.3268	143.1915
148.8215	148.4414	78.2680
55.3260	4.7269	4.8510
106.0907	35.9813	6.1122
73.9250	121.3810	47.5002
126.8452	116.6901	556.1798
80.1605	81.3584	107.1720
13.2838	140.4007	528.5438
26.8345	161.4360	500.4711
109.1651	157.8624	314.7250
140.9211	19.4869	547.3433
133.8246	26.5312	517.9253
91.1031	44.3327	73.8219
171.7362	171.2661	289.7709
51.5679	25.5612	92.8433
135.7116	100.1298	115.2980
69.1636	48.3299	291.8395
110.8628	75.2888	169.0665
119.1275	38.6006	396.8323
102.5152	99.5833	397.4642
112.5220	24.4468	86.9167
64.0246	15.8857	179.4798
61.1303	65.0488	284.2737
28.8103	119.5634	489.2826
148.4041	67.7665	408.7582
144.1422	152.4350	166.1100
45.1427	45.6485	368.1258
99.4185	156.3955	458.0962
168.3665	152.2002	161.0188
27.2658	157.7502	304.1039
168.9186	134.5815	280.6390
153.5935	67.7621	383.7662
3.9142	21.0369	447.3032
127.8986	116.9615	559.2515
170.1441	64.1845	238.3377
154.0224	62.7074	95.6452
84.5759	32.0019	223.2447
56.4691	100.0233	234.3635
4.5257	49.0781	213.1480
29.7241	120.0978	228.3746
56.7699	126.9466	143.4666
128.2627	142.5933	94.5275
120.2695	93.3936	417.9383
169.5372	41.9729	535.0514
113.7963	72.2572	242.3271
91.9026	24.1567	166.0412
22.3619	7.0369	230.5624
155.8407	91.6445	511.5443
30.2334	172.1029	295.3150
12.8866	144.2610	517.7567
7.1989	63.7226	438.7064
127.1085	146.5171	432.1187
148.7318	36.4650	163.3703
13.5477	136.2287	5.6310
146.2483	145.7432	353.8165
79.5807	38.8081	228.1675
133.3815	156.8411	117.7160
141.7060	101.9135	357.4949
41.5046	159.4905	320.5383
65.9148	79.6087	409.4011
74.7585	37.8563	305.6297
35.0120	12.5965	374.5017
6.9733	149.5798	16.0445
172.7481	85.2465	19.8307
37.3591	157.0074	254.5891
47.4122	166.3570	443.4903
79.9369	79.1997	201.4748
3.5986	89.0777	316.1372
172.2596	95.7323	320.6512
127.2654	31.3930	434.2036
131.5389	40.8659	373.2113
166.9026	35.5198	17.1189
134.8265	11.8999	538.8903
121.5422	38.1904	393.2290
103.0361	60.8941	504.8238
133.4372	95.5321	146.6704
71.5253	34.4284	119.3874
21.8998	166.7088	222.3986
7.3639	59.9119	95.1133
126.8940	28.8223	53.7565
13.4548	124.9885	288.2807
0.9420	86.0597	30.3649
28.6699	127.0329	22.0169
40.7082	78.0114	306.4551
148.2992	130.2097	207.4349
108.0769	151.1188	498.1746
82.7323	90.4309	268.8204
69.6212	126.8689	377.0748
154.4231	90.4142	285.6208
77.7046	46.1031	377.4389
109.6629	0.9568	496.8441
119.5982	86.6634	505.8832
19.1987	108.9570	341.9482
10.8905	128.9787	65.0664
11.1443	52.2771	21.9061
120.6133	92.9767	177.6263
159.5094	146.4606	229.7369
129.6739	97.8550	405.0049
80.3281	99.4866	484.4814
155.1014	137.2124	430.5117
116.5752	106.1831	253.2061
47.3822	78.7712	154.0887
167.5232	79.7348	554.9034
28.3721	21.7942	425.5900
146.1040	135.3071	445.5047
168.2910	135.3441	318.8734
126.1273	63.4496	379.5125
158.5854	131.3003	489.9866
39.8978	148.6342	124.7558
140.9281	57.8097	49.6932
63.2662	156.1069	88.7549
17.4742	0.9093	111.0005
49.6068	30.6294	530.9250
70.2696	149.1876	126.5575
20.5685	116.8801	16.8652
85.5525	93.5642	449.6231
61.2061	101.4119	64.9370
39.0343	138.0247	524.5819
73.7499	87.0112	419.4360
83.4383	82.2276	314.3082
67.7989	61.4276	491.5304
89.0536	75.0018	437.0492
142.0367	71.9985	231.2849
13.2192	171.4937	56.4049
116.7525	20.5686	60.0591
105.4578	79.2493	297.2801
136.7414	98.3773	324.4858
131.4694	133.0136	60.9485
110.5707	152.7535	555.7827
134.4024	30.9930	218.2842
99.2681	96.0414	359.6548
107.9128	10.7929	5.3781
95.0361	44.9693	126.5178
82.3032	75.9985	448.5038
50.0961	147.5745	127.4410
150.9428	1.1325	345.1283
67.7758	144.7692	375.4283
156.8569	111.8973	532.8528
118.7903	26.1377	128.7705
9.0077	55.9482	338.5168
77.4494	31.4464	168.8572
48.4404	42.7277	84.8572
119.2833	148.2859	430.0483
125.2715	81.6901	304.7053
169.5358	162.3051	30.6275
146.8548	107.2681	524.5005
108.2111	75.6236	207.5279
56.7155	117.5535	352.2795
166.1341	25.1674	354.9640
74.8064	57.4612	245.3409
118.7629	81.2980	258.8290
53.8976	15.7604	79.4799
143.9579	20.5689	447.9249
97.5204	32.7755	526.2425
171.3045	122.3926	500.4222
22.3737	85.9903	368.9481
172.0014	143.4961	355.8762
156.5630	139.5567	198.8641
108.3036	107.4448	329.3995
48.1232	28.7616	229.8601
86.0628	112.3601	22.3779
101.4583	116.9419	163.7853
164.1454	82.0136	515.4229
88.2590	150.1614	287.2641
139.3320	84.1934	292.0783
170.6537	147.9161	424.2894
129.1620	6.1449	120.8410
71.2787	155.9990	152.6793
172.6335	101.1661	414.6363
107.2197	99.1930	445.0290
23.8559	57.3916	156.2453
125.3895	50.5430	147.4107
74.5895	66.5453	389.0759
16.5637	1.8182	67.2728
38.9452	158.1803	113.0378
90.2997	30.2209	27.0371
66.2684	79.1287	259.9114
144.4394	120.7754	153.3935
41.5636	149.9655	386.1643
16.0619	114.4421	137.4038
149.4828	48.1585	508.1236
89.0943	126.4249	559.5722
86.8386	154.9519	374.1406
71.5446	135.4834	30.9006
38.5493	51.7321	174.9532
81.1215	98.6856	96.6979
113.5961	45.1534	155.7016
135.3066	88.4656	154.8259
30.1874	26.4065	198.4003
116.2688	15.3038	167.8691
145.3637	111.1750	411.7597
167.2777	37.3880	212.0303
158.0929	70.9129	63.6236
159.8241	164.4297	51.4110
5.0459	10.0696	80.8852
132.5414	48.8865	349.6022
33.1740	8.4255	120.9054
11.6591	147.4658	153.4962
116.8279	47.8819	5.5194
167.5782	59.4907	402.2937
2.7503	135.2163	448.6008
126.2181	82.9997	61.2137
98.5258	8.4830	212.0429
33.8066	24.0813	157.7854
57.2691	124.0056	179.3768
150.2314	88.7250	207.9694
126.9878	25.6747	535.6789
55.1193	58.5835	555.2001
46.0187	10.3226	74.1795
30.5097	29.7547	84.8356
162.5629	6.2741	217.8010
96.9257	7.6393	114.3038
0.1141	94.0599	99.6830
62.0354	55.2075	459.0846
55.7222	30.2721	76.1370
77.3490	38.2033	321.9226
107.1660	143.4090	426.0754
110.3191	16.4113	31.8950
25.8260	130.8928	543.7111
56.8830	25.5375	177.7060
73.0190	45.7524	432.2537
63.1302	53.2416	177.4695
75.7931	102.1997	77.5195
127.4990	53.8604	515.7189
4.5851	110.1255	209.7777
172.1857	121.9336	355.9210
0.9814	125.3643	181.1051
138.8272	130.0335	391.2419
60.8720	169.6374	2.4630
94.3622	42.2052	362.2874
79.4944	142.9770	526.0103
139.8253	143.1335	353.4102
112.6602	136.3828	356.2051
119.0672	113.3892	233.0059
51.7735	129.6143	425.0605
162.1714	16.9645	206.9921
171.5413	74.5228	266.2729
7.9990	50.1465	22.1326
7.9399	65.0137	414.0475
139.3524	50.5877	33.0894
35.4349	53.3347	252.5044
135.3281	44.4918	535.7973
32.3317	77.0007	122.6049
144.9417	73.1290	164.4029
143.6245	28.1573	364.7933
80.6374	150.1396	385.8231
59.7784	141.5301	419.0775
86.1563	142.3988	317.2703
163.0327	95.5830	289.2100
70.2136	85.2111	557.1316
2.3757	88.6983	53.4242
67.0302	128.3094	169.0105
154.3209	56.2831	45.8961
16.2725	63.1815	392.0275
11.9013	21.1771	126.9535
139.3465	136.3126	469.2557
132.2193	153.3494	174.1531
101.4261	82.6761	105.3680
167.4365	137.7058	374.1145
114.3595	75.8903	154.3064
115.6174	48.7155	152.8433
111.1163	163.4505	526.9830
59.9228	4.1424	227.5544
141.6407	148.6812	313.6549
13.2720	96.0552	405.0351
46.9242	70.1545	514.6990
141.9575	9.5866	23.8277
153.1828	162.6443	35.9801
83.1297	45.7005	356.4774
110.9979	145.0745	115.0227
70.9892	112.0554	373.0096
99.9469	79.8238	501.8425
55.0840	71.8670	454.9092
90.7387	30.8416	389.9735
171.9549	27.0174	164.0478
37.0410	86.6679	290.2800
114.3241	15.9450	346.7291
154.3040	110.3245	25.5616
42.1825	98.0390	142.7612
69.7145	32.1739	361.6437
165.3615	163.0543	423.3525
116.1404	27.7490	548.6762
43.7011	88.9105	258.1204
146.3963	46.2513	111.2426
40.1323	65.8653	107.4846
83.6881	107.9519	174.1737
30.8971	152.7199	418.5724
12.6526	63.3662	55.6818
41.8038	21.8971	376.3338
105.8715	111.9456	439.1332
103.4160	77.8802	473.8133
137.7442	142.4886	349.1951
145.9227	41.1463	511.5449
28.8254	115.8485	476.1052
93.3400	6.4167	367.5722
42.3681	1.9765	192.7839
139.8757	87.9148	131.8507
161.6970	106.0138	507.6201
121.9339	163.5084	256.4384
162.9888	9.2397	64.3801
12.8372	87.6120	88.3556
78.4539	119.5794	427.2741
35.3735	29.1965	523.6616
129.0516	164.3033	296.9687
141.4532	126.0334	191.3584
69.2310	55.1449	307.1625
46.3988	155.0918	267.5241
63.6977	155.0184	168.0605
25.0009	18.9174	417.8305
21.0906	8.8663	436.1628
75.0108	154.7007	15.4541
136.1790	44.7423	459.2737
76.8270	105.4535	396.2153
132.0881	57.5793	9.6659
111.6344	88.4152	222.6003
9.6192	80.4694	202.2260
101.9792	10.9959	280.3612
87.0767	65.6279	168.7117
39.4530	172.6554	225.3084
122.8154	59.4052	237.2822
129.7456	21.9368	224.5813
23.9587	112.8405	491.6875
61.0232	122.3933	356.0511
97.0444	19.2872	190.6689
49.7647	41.3945	290.5130
80.9914	18.3279	82.4396
85.5107	167.4527	65.4559
88.3365	138.8074	551.2086
4.0609	67.0336	343.0170
24.7638	155.0945	336.2666
119.0661	28.7468	84.0427
144.2558	127.9580	520.0044
133.3681	100.4688	406.3580
164.7319	55.0465	240.2886
67.0742	54.9705	296.9922
167.5985	14.2998	56.5016
3.8443	61.6125	160.5643
0.5755	36.3104	144.1732
5.5774	165.0082	134.2376
31.3471	56.4703	334.9581
15.6586	72.2320	337.6491
142.3669	140.8131	49.0951
28.2915	33.4832	507.5815
100.6292	0.3497	100.0754
160.3315	127.6412	159.4197
133.6783	138.0086	447.3221
169.4809	32.5721	157.0619
38.0516	168.2418	276.8309
73.3386	37.7956	152.3364
158.3236	65.4828	153.5388
70.1713	3.9526	529.3670
6.9810	168.0754	491.1903
80.1618	138.1858	400.6269
92.1633	108.3144	440.5265
48.9730	138.3473	408.9683
77.2775	8.7550	422.3876
46.3417	88.0217	486.7757
166.9031	45.1778	71.0882
107.3077	145.3681	438.2282
137.9475	96.1450	123.4734
100.8750	4.5286	106.2978
51.0122	130.5087	501.7532
154.3126	28.4195	469.2461
70.3367	142.8037	116.9921
94.0529	116.4841	30.6286
113.6413	154.1781	381.1988
125.8468	150.1569	310.7245
19.6820	149.4757	223.6537
37.9986	91.7352	467.3624
143.0353	9.7261	244.4865
47.0184	11.5241	328.8719
102.6660	125.7354	451.3310
165.3670	84.4229	433.1340
53.2814	133.8864	116.2495
148.2817	160.1544	258.9439
76.7364	110.6673	105.1515
139.5089	22.6412	120.1449
15.0108	25.3255	549.3228
140.2935	57.0334	520.0945
0.2043	143.9712	175.3785
31.0939	29.5254	201.2378
37.9444	82.5609	485.6625
15.5030	113.7352	502.2786
57.4128	152.3995	253.0169
29.3419	118.1181	68.3671
93.1456	30.4086	159.9835
53.0912	10.4919	538.6732
16.1573	63.5872	184.0865
140.4967	154.0597	25.9532
33.3739	163.4477	408.8437
77.4481	31.4435	168.8612
96.2974	168.1446	437.8581
44.6072	21.3301	215.8336
14.7106	120.6937	63.9808
70.5654	144.0465	325.1120
67.9953	78.4307	149.4252
131.5837	44.2931	461.2000
12.4039	116.4660	83.0916
19.0016	122.1657	185.3171
66.3828	119.4179	488.8973
121.9178	62.0000	220.1913
77.9460	28.4089	541.5729
13.8992	79.7418	203.7116
72.5771	91.4556	511.3325
169.2428	129.5363	30.3275
14.8665	111.2437	203.6274
52.2133	117.6470	217.4017
133.7483	158.3862	308.7718
140.3195	18.2641	354.6134
60.4703	118.6997	302.4015
118.1700	111.2455	154.1629
53.6129	96.4281	374.1358
30.2802	88.9140	528.8419
43.1869	121.6288	314.0005
59.9513	100.4820	80.7904
114.0643	119.9409	454.7215
63.9176	96.7528	444.7668
148.6341	116.0009	481.5063
121.7757	6.2348	389.3092
39.5204	23.6566	388.1742
143.3763	88.1924	320.9184
89.0740	99.2625	9.0199
69.2056	140.7145	536.7326
10.5043	143.0205	544.0012
150.4156	73.6856	149.0172
16.7566	83.6732	147.6808
163.3186	172.5524	26.6449
149.4562	139.8946	182.4693
56.6293	65.1297	328.1459
133.0882	97.2277	172.9411
118.2753	115.2440	399.4801
52.7712	65.4238	433.0458
115.7035	64.3930	338.0270
125.7858	4.3627	395.9952
105.7218	158.2202	343.1210
148.2833	66.7980	483.2803
46.3968	86.7962	377.6557
64.2759	48.8082	453.1702
158.4828	156.3357	152.8370
36.5780	61.5465	469.3213
116.4006	130.7958	410.2623
70.7033	137.7356	278.2585
160.0909	24.3190	545.2333
146.4755	155.0089	526.3337
170.9667	12.7954	298.9807
148.0797	82.6656	456.6684
108.3798	5.3375	454.6368
4.1040	77.0324	184.4128
143.6335	72.1076	173.2617
101.2562	163.8605	175.7976
93.1156	75.8090	539.2554
144.0072	27.3064	368.0952
169.7062	65.3747	431.5716
41.1252	80.8256	157.1887
17.7612	37.8388	375.1809
52.1230	52.2603	220.4594
67.0133	68.0349	443.4586
117.5214	23.4328	548.7372
50.6430	18.3009	336.5414
15.8044	54.0814	274.8467
60.4559	132.2219	42.6803
37.0964	33.9056	232.9551
156.3253	72.6359	33.6618
69.3710	45.3094	523.9453
76.5787	111.4624	506.6404
117.3792	49.2602	189.8219
45.7360	46.9598	461.5652
57.7202	51.8754	64.7888
117.3455	31.7401	418.5910
59.9726	23.1212	119.0904
72.8458	143.5963	298.8246
93.2409	15.5917	307.1233
171.3489	11.3279	503.4264
61.1069	21.0334	461.1761
152.5526	34.7201	178.7695
80.5695	166.3989	53.1692
165.2622	152.9430	105.3618
95.5620	72.6984	238.0373
101.4228	8.1284	141.3045
10.0775	67.7139	329.1149
54.0259	116.3067	60.9668
13.6313	55.8644	42.9550
164.3199	150.7802	163.2210
95.1096	135.9474	261.8206
43.5411	32.1647	273.1990
37.0695	47.7983	87.6689
79.4324	79.1405	521.0512
50.0961	123.7586	541.0026
88.3313	115.7870	523.6614
96.8907	39.9590	30.9328
30.9279	143.4725	347.7452
19.5570	125.4636	520.4120
37.6368	153.3362	422.7965
126.3652	13.3966	326.5903
98.7621	98.8596	389.4045
16.4432	49.6522	238.9802
55.7443	129.4748	164.6006
5.3507	129.3105	83.0657
2.2106	156.7755	275.6123
37.3865	52.6513	144.4472
146.4833	22.9926	242.2780
48.0987	92.4341	336.9496
100.6854	38.3780	83.9553
107.4769	55.8656	321.4291
158.0689	105.9697	306.8967
113.8644	171.6633	123.0226
96.3737	4.5476	73.1731
137.9554	171.9048	342.6033
40.2808	24.1536	469.8084
58.8648	128.2071	56.6199
149.3931	125.5259	280.3808
168.1041	165.7190	206.6542
89.3107	44.5368	414.2477
22.6744	33.9770	397.9340
31.4424	78.5839	78.3504
50.3847	67.3062	207.1486
61.4177	152.0612	307.0465
57.9855	8.4669	11.8844
137.5837	129.7759	474.8704
64.3357	167.0604	366.3401
23.2586	160.9973	324.3800
93.5591	172.6513	214.4556
154.0925	151.5513	374.6199
90.9271	111.7623	267.2639
122.0053	31.3907	169.4837
128.8351	87.8436	80.8300
146.7371	96.8233	44.3629
126.9466	43.7826	51.6750
40.5635	119.4438	318.9264
99.5907	76.6597	15.7285
139.8602	14.8478	122.0952
37.6580	53.0512	93.7271
86.7306	140.7100	390.1476
13.8933	60.4931	220.6363
94.7042	60.7991	266.4611
14.1608	96.4589	170.8826
15.5428	83.6855	81.0928
42.6976	140.7593	175.0604
25.5595	97.3892	11.8690
52.6009	62.9673	71.8294
159.6339	122.4062	237.4783
110.8756	98.1205	7.3201
55.5741	125.2917	242.1905
29.0114	115.6905	221.8340
141.8507	50.2273	186.4447
1.0587	81.4814	163.7964
25.3038	111.7534	418.6316
24.8754	159.4678	319.2253
128.1618	149.1431	168.8574
91.5986	56.3965	315.9365
94.2287	0.4071	181.8469
107.7289	85.1410	497.3466
19.7409	142.4945	515.7669
13.2456	124.3573	94.4901
14.9978	17.5989	212.6845
18.1584	61.7194	291.4697
114.6923	7.6724	210.1966
165.3876	170.4488	54.3243
153.8515	149.0843	264.7458
105.5111	57.6893	192.1859
169.9180	81.1988	515.3279
160.1951	84.7341	128.7431
92.0752	91.6872	368.2844
107.2288	14.8963	66.6079
101.7962	170.5961	35.4855
106.9712	158.3181	259.7955
132.9502	166.5825	87.9851
81.0577	36.4643	180.7236
61.0442	64.7218	86.2351
40.4514	152.7830	397.3397
120.8765	115.1927	64.8070
75.1113	13.3929	94.6466
118.5749	165.5807	372.8512
160.2492	99.5620	248.8573
30.5027	89.2989	89.1625
32.2901	39.8472	299.0512
130.5887	124.7401	384.8725
67.0473	142.8397	483.9285
27.7446	18.6135	40.0794
9.1931	139.8351	515.6647
99.9292	36.7201	553.7050
140.0222	154.5241	213.3628
87.4774	37.1855	77.5520
144.9334	7.1320	233.3513
17.4706	155.8957	130.2014
87.7477	14.2763	484.8582
32.4595	103.9137	179.8795
9.7718	147.8755	315.1200
132.2287	141.9590	484.7377
93.8108	141.5899	77.8239
28.5742	144.8084	394.5759
159.0025	74.0541	132.1291
91.5686	36.2779	269.0996
3.7918	21.7101	310.6271
136.9886	94.5591	360.6059
76.7409	130.5856	62.2957
20.5235	17.5645	110.5236
153.7585	62.6087	507.3255
19.3998	138.9471	267.0591
35.0725	22.6002	257.7420
76.8283	90.3508	154.2939
141.3430	57.5298	71.9288
47.6157	157.3525	139.0544
51.9489	35.4272	445.5983
4.7680	51.0084	127.5424
24.8019	15.7479	30.4634
126.7181	9.0709	519.1842
12.2716	10.0469	478.0100
117.3184	112.5779	448.3525
109.7929	97.6099	370.7659
58.6070	48.2733	87.0251
90.3709	56.9268	340.9519
29.6518	172.6917	198.8390
161.6830	49.9141	111.9698
161.5609	118.1416	117.9226
161.2525	77.2100	429.8042
99.2867	33.1277	33.5929
46.1932	171.4854	518.4201
116.5313	32.7431	297.0494
79.8480	110.2368	463.2948
155.7101	113.3986	393.7376
64.5887	1.6879	182.0581
106.8308	70.8338	487.0322
74.5925	4.3591	25.5423
19.4229	161.5343	479.1718
57.9196	138.5596	8.0935
42.3796	114.3610	39.6537
27.5228	131.1029	443.0475
93.5185	62.0626	330.1062
170.6483	6.8083	526.7260
95.7274	163.8912	160.3555
132.7645	37.4203	351.5682
147.3224	19.0787	128.9985
97.1810	127.9829	493.3958
50.4460	166.8923	96.1371
89.9318	57.1112	314.5388
139.5871	163.4918	127.3917
148.7956	137.8423	554.5039
117.3549	22.4843	91.4681
137.6590	21.2276	280.5611
158.3693	53.8224	44.2984
132.9981	81.9800	168.1768
84.4130	74.0007	513.8802
14.7744	127.0656	411.4642
43.2976	92.7218	285.1171
140.0627	48.2753	460.1991
86.7842	139.3029	171.7596
168.8605	22.5691	3.7669
165.9667	96.2393	515.4462
23.4870	58.9086	128.8290
53.3129	158.5206	67.5391
58.4534	140.0079	397.1690
144.9047	51.6293	304.9242
129.5721	26.0063	347.1335
157.6941	113.0037	361.8304
160.6511	157.7567	232.9028
105.3647	5.7281	374.8065
48.7041	42.9205	242.8838
33.6073	7.4638	547.9730
47.2835	8.8097	36.9222
154.1569	152.8372	469.5517
28.5882	44.8098	89.6897
141.9013	147.0621	369.4488
89.2424	88.5886	385.7569
79.7494	167.6568	73.5866
74.1129	166.9364	33.4122
101.1264	36.6338	476.6661
141.7004	79.4214	231.3157
149.3682	13.6392	434.0030
152.9324	51.5586	382.6984
167.9660	43.1152	84.6458
62.0847	9.1608	160.2160
144.2182	100.4644	490.8703
107.9293	68.3210	241.1773
131.0390	88.8478	329.4562
85.1043	86.1001	420.2070
31.7654	31.6856	161.2739
49.1182	147.3615	247.6542
78.4032	148.5854	354.3127
70.8959	6.3705	336.5296
70.4644	124.4056	422.8193
2.7258	6.0973	471.7622
12.0054	30.8468	41.5415
18.5287	75.7901	204.9041
45.3464	141.0034	406.4791
65.8756	49.2491	393.7198
13.4655	166.7682	540.1685
84.3892	144.3319	107.1800
87.8989	133.7802	528.0093
80.2666	2.2120	193.4877
137.3600	139.4274	61.4327
55.1997	38.2683	86.4678
97.3590	81.5405	208.5253
131.4570	127.3754	244.2903
74.9612	48.1334	298.1827
63.0657	33.9797	440.6002
136.0955	6.5639	548.3154
74.4701	111.4583	410.0485
129.0045	130.4548	217.5006
149.6010	49.4542	201.8363
60.7260	134.9635	364.6970
118.2539	112.7806	369.2816
75.5199	11.2805	139.1364
156.7276	23.2090	227.6577
42.6824	52.2956	136.1769
126.6244	159.1436	397.1497
63.8187	91.5963	119.3101
91.5170	41.5429	397.5279
99.4565	73.5205	315.7240
46.5216	120.5587	337.7930
27.4615	130.2082	525.4618
112.6058	69.2048	408.8741
86.3235	88.1786	539.3817
108.7502	165.6096	162.3640
125.5163	94.3947	503.6528
97.0252	167.2082	158.7027
87.3395	137.5742	12.1401
103.9215	7.7527	137.4150
76.6921	84.8037	141.0882
82.5930	52.7927	81.0825
4.8876	77.4117	203.4229
159.8704	40.0386	196.8093
2.0658	118.9866	265.6871
98.8185	151.6233	21.5439
167.7226	18.6524	14.1688
130.0960	163.3125	205.0818
106.9286	63.2310	276.4720
62.5783	130.2233	534.4272
152.2640	81.8570	507.1045
107.1580	116.6704	397.2295
28.1956	4.3267	531.2768
66.6392	34.5535	425.1047
132.0380	127.8757	432.1460
167.0964	135.9896	483.5673
38.7507	126.8294	332.9205
102.7286	9.2987	116.2387
142.4672	144.0849	18.4190
164.5127	128.4064	320.7146
18.8597	65.2602	210.9998
47.1312	65.0049	101.3203
20.5383	129.9658	216.9166
130.6572	79.2784	194.6701
57.5315	11.7111	105.7561
0.6612	84.9293	409.7360
95.1470	68.3176	372.0950
74.3898	65.2141	553.8450
9.9956	2.5977	19.5643
5.9431	9.7741	499.0848
132.6315	109.1241	355.9086
123.2117	0.5527	46.7543
147.8143	98.6788	81.9853
146.8947	73.9212	173.3299
73.8171	107.9310	168.9963
128.2726	101.7324	189.2486
156.3567	16.2294	407.8342
82.5938	34.9269	39.9702
98.1582	154.0847	408.1352
83.0842	5.9798	440.4480
166.8784	144.9835	76.5556
34.7130	55.8719	135.1987
137.9790	81.2146	453.8288
48.4384	95.3927	504.2156
165.8912	30.1586	287.5412
128.7938	51.2659	13.3268
11.5017	82.4759	550.8978
14.0559	4.5453	180.7033
101.4466	80.1459	301.3036
93.3585	164.5275	359.3367
7.0117	71.2008	185.7294
128.6579	166.7490	231.2117
46.2849	165.1449	67.4100
131.6061	34.4467	362.1616
142.7535	17.4668	142.5756
156.6543	172.1367	279.0102
105.9741	155.0104	373.2394
100.1473	40.7248	130.1817
6.9791	113.9572	521.7512
142.3890	92.2068	174.3605
162.6072	96.9698	357.2207
57.8300	33.7066	101.6687
30.5920	124.1426	29.8918
35.3069	142.8693	35.7507
98.6859	77.6126	408.2274
96.8643	81.0174	518.3836
123.9694	154.3842	211.8135
78.4119	31.4031	106.8983
160.2481	100.5364	546.1202
132.7408	33.8581	422.3331
63.1830	19.2945	63.6562
82.8550	44.1707	75.7855
14.5350	8.6253	161.9052
135.3820	90.8113	135.2282
67.2981	19.3513	456.5402
75.9372	145.4742	124.2455
66.6971	17.8967	532.1940
105.9086	121.7661	236.5785
121.6755	121.5171	440.5675
74.8206	5.1115	131.3552
132.6396	11.5201	137.2308
0.2064	141.9485	164.5539
165.0626	117.3554	148.0683
168.2732	75.9732	282.8475
99.9698	74.3874	415.1854
30.6611	119.4034	478.9652
161.1001	105.1033	505.4106
51.7238	141.7783	438.4040
94.2915	163.3847	419.9240
143.4952	98.9820	80.2441
75.3529	46.2883	353.1414
144.2399	152.2951	189.3568
16.6934	107.8369	220.1948
157.3930	8.6697	404.4729
108.0004	164.4343	18.2723
116.2156	135.4881	442.5784
67.2144	168.6856	164.6741
18.3143	75.1808	57.6802
151.0723	151.7470	345.6401
146.4545	101.9389	442.7753
75.9132	93.9907	318.8199
136.6114	171.0730	289.3383
44.8345	158.0996	304.6875
41.6605	146.7714	170.6488
68.3846	6.8924	170.4152
151.3616	89.3680	520.0252
40.5674	27.3900	149.2258
162.9854	97.1949	61.2890
100.1358	151.5783	231.3926
103.9688	78.8130	11.5504
56.5399	165.2452	322.7397
11.4186	68.5399	327.3181
151.9397	24.4376	523.4635
12.6197	45.7928	266.8366
111.9454	127.9848	9.4550
117.5773	145.9257	95.9942
137.4884	44.3190	76.3828
18.9547	108.8329	303.8889
100.1592	114.6711	475.3068
0.0711	19.1605	306.1855
9.1169	6.5506	500.9553
31.3609	84.9754	313.5549
131.2617	30.2034	494.3784
10.6803	172.8817	17.1283
162.6551	53.6898	544.9729
146.7164	89.5401	108.9089
19.9596	89.9636	78.5201
104.3169	70.0981	365.4158
52.2560	130.7896	309.9784
69.7949	90.0862	382.6188
99.7122	23.9550	481.7649
23.6909	169.3540	240.4558
31.3809	85.2829	422.1462
27.5362	20.7582	66.5785
153.5511	11.3069	547.1032
49.9581	141.6307	206.6652
15.3299	25.1914	383.6345
20.3061	59.9714	251.8346
146.8491	131.8147	409.2984
105.2562	103.7369	159.9150
57.3096	51.9731	478.1263
21.7300	40.2517	85.2274
36.4788	39.3142	400.3333
144.8336	146.1183	90.7290
131.4924	123.2125	551.5803
147.3008	155.7734	272.1128
4.8172	65.2506	526.5677
0.1223	79.1221	83.0453
126.8479	30.3163	446.6791
129.2430	5.1829	225.9860
108.1094	44.9513	270.6655
162.2952	28.1083	393.4766
85.5645	28.8435	527.1480
51.0044	47.8188	60.5879
71.9774	46.2061	369.6911
94.7764	67.8433	507.5808
159.1768	41.2430	308.8986
92.4429	27.5129	381.7244
8.1781	36.2962	319.1499
169.9135	166.5832	35.8992
43.9126	37.4262	527.3052
142.0940	146.2367	46.3041
125.7621	148.9955	43.1060
126.9850	47.4748	356.0882
162.2185	114.4439	304.2454
71.0343	43.2450	375.8845
50.5746	5.0671	524.6818
116.5801	118.9788	226.4332
30.0139	170.4096	253.6530
61.7316	156.7941	161.2704
66.6457	49.9529	340.7165
111.8619	58.6202	494.0136
116.4463	160.5057	515.8880
97.7112	140.9055	266.1579
9.5906	64.6342	174.6555
81.5568	4.1311	554.4431
47.0537	163.8889	304.9806
16.6510	86.6916	296.4932
72.6238	84.7865	397.8623
45.3169	37.6882	53.4252
129.6337	50.2413	482.7216
7.5788	102.6098	190.2604
83.5756	11.7326	357.7932
2.6414	38.2742	221.6789
61.3000	163.3977	76.4918
81.4897	108.2214	206.2183
2.5470	51.8539	182.3560
150.2502	84.3252	452.0315
58.1119	170.6220	261.9242
52.1737	28.7383	202.7404
15.4759	63.2023	291.1227
0.5424	159.5750	278.9929
72.0865	128.8772	425.5085
172.1587	80.5815	386.2477
5.0506	27.0567	397.7327
80.9064	154.1731	99.0860
103.2897	171.5867	407.0686
148.9586	120.6975	27.5266
46.0300	23.9124	214.9242
31.3615	110.1867	493.3872
52.6724	154.5517	350.6208
54.7194	85.3314	463.1805
131.4932	84.1309	441.1194
116.9241	16.9056	89.3160
139.9204	108.1019	247.7863
172.2943	23.7276	235.0183
8.8063	63.5547	403.9059
45.1099	125.0106	180.6544
142.3599	162.5590	159.7395
128.6567	64.8043	279.3523
89.4252	99.0989	219.6594
13.4514	161.8245	442.9003
70.2819	79.0445	178.2737
77.6253	103.4858	276.6292
172.2338	49.5732	336.7984
65.2920	103.2497	490.8786
78.8841	43.0293	384.2313
49.7716	29.3853	90.4573
58.1984	133.1755	372.1992
132.9569	124.5205	404.9646
24.9903	47.2279	432.2024
154.2812	149.3984	425.9834
29.7890	31.0173	480.1282
95.0034	97.8943	398.4202
133.3648	138.1537	130.0825
26.1592	39.3836	532.9718
20.0460	163.3199	273.9937
71.0937	101.1094	478.9250
165.5653	124.8408	4.8766
128.7113	170.6578	258.0610
81.2581	54.2966	339.3229
39.3967	87.1302	467.7875
166.4138	56.6168	388.7710
125.6306	26.6513	271.3171
67.1819	25.4242	64.1587
9.7033	60.3939	280.7944
100.5564	21.7886	152.9185
95.7561	170.1144	230.6467
5.7424	107.6603	268.4004
118.0034	44.1129	33.3167
138.6411	152.3440	313.5870
101.0151	14.5450	69.6342
137.1502	16.9583	130.9108
58.9172	40.8046	432.5671
126.2569	21.9517	108.2161
62.6706	118.0572	512.5916
88.9389	53.1344	341.0247
144.7271	74.7438	450.9196
23.4344	109.4165	460.2889
159.1077	34.5215	160.2121
48.7751	56.4277	551.5798
19.4029	133.5199	404.4552
55.8338	110.0051	87.8289
155.8741	116.5566	27.0240
100.7353	34.7797	317.8483
38.6883	138.2080	126.5611
83.2317	104.7277	18.5455
23.3615	76.0063	70.0229
98.7652	58.2049	430.0874
53.1670	121.9944	351.8459
54.7011	41.9738	497.8286
127.5618	136.5790	51.6620
119.5673	13.7875	256.1459
57.5046	147.6882	6.4920
91.3326	135.8395	378.5470
96.4203	33.8311	533.0441
51.8354	38.7791	441.9412
166.5410	101.9823	326.7352
97.0610	0.7633	284.6524
38.7577	97.3030	297.9295
172.3844	14.9436	538.9563
2.4826	14.5687	303.0622
146.1212	147.2776	375.9528
17.3270	56.1038	156.7129
72.7640	74.8792	255.1257
112.8101	107.5647	55.0311
15.2586	29.3383	57.0687
47.1128	106.9343	366.4587
3.1962	159.6411	498.9150
135.8256	51.1768	16.3573
1.0766	118.8662	289.4332
56.6746	72.4271	147.8064
131.0032	34.4442	407.4397
133.6806	169.1177	94.0501
34.0299	124.5632	106.4121
42.1336	10.1166	76.5252
145.5843	26.6072	213.2219
29.8823	80.9211	321.2527
84.6675	111.8734	374.0560
48.2333	98.4224	236.6662
6.1799	47.9149	115.9443
58.9128	70.2375	290.2868
0.4798	5.8714	374.7371
48.1862	137.1089	226.3570
149.0015	46.3791	525.6881
115.6797	18.7032	85.8736
64.0565	104.6194	375.2154
130.3587	167.9267	176.2842
139.9191	96.4992	174.8294
107.7093	5.1860	226.8376
168.2386	64.1768	260.4096
108.9129	94.0129	327.0132
111.6717	111.4299	404.6647
79.7216	102.0739	422.5484
132.4656	41.8814	40.4889
47.6192	37.2041	291.0147
127.4441	167.3683	77.6303
171.0651	135.1561	401.1309
31.4631	23.6953	429.2911
79.3262	135.0629	139.4835
161.0135	127.8562	462.9934
41.3274	89.7171	481.6766
127.8555	56.4344	450.7530
165.3219	171.7254	380.4567
159.6191	137.6790	452.6395
51.2739	88.2768	321.2555
147.7318	29.7315	314.1903
28.7385	50.0023	394.7358
35.6090	13.3583	210.8586
111.5494	145.1120	84.6529
109.6322	44.5564	81.1300
34.0644	17.9893	527.6395
149.0358	167.5652	472.8279
51.0285	30.3456	210.2694
168.4028	19.6473	328.9361
136.4467	88.8431	320.3106
114.0353	65.2952	197.8757
14.1973	15.9171	332.4370
69.4466	48.4517	311.6711
149.8480	66.0526	460.1262
156.8275	27.2714	92.5932
164.8423	9.4752	530.4677
38.3029	114.7021	32.8550
79.3447	31.4048	149.6083
119.4444	2.9203	94.1305
60.5772	120.8815	29.0989
160.2136	72.8657	514.8173
33.3337	19.8438	63.1513
97.4571	161.0366	169.9820
93.7554	8.3877	434.8117
53.3000	102.2064	338.9494
46.5099	99.2183	105.7816
161.1463	102.4923	90.5748
32.3847	142.8535	475.3186
160.3614	3.8975	536.9098
32.0471	89.0245	358.8386
14.0085	98.8948	513.0428
20.1135	117.7687	288.3779
19.8256	166.6000	283.9422
145.9149	170.2728	107.4723
131.1277	15.4222	124.4814
172.7684	138.0250	226.6093
95.8591	110.1330	344.8750
0.4268	35.9247	233.9394
117.9357	8.0964	48.8715
164.7996	20.6050	441.8482
8.9461	145.7454	108.1639
17.1454	106.2925	309.8932
145.1777	165.7909	511.9725
172.3254	53.4087	350.9546
63.9558	77.2060	433.9511
102.9254	145.4246	407.3558
140.0974	160.6812	421.3178
54.4248	76.0457	420.2395
11.1528	97.4251	35.3387
145.6516	31.7009	539.1371
139.3615	100.4566	157.7868
157.2104	146.1065	293.2949
125.6248	44.1985	243.6679
18.9101	139.1837	82.5535
106.5445	30.4717	9.1821
0.1926	53.9758	110.1398
35.8971	86.1774	398.1289
106.6430	35.0952	182.5119
54.0772	30.4516	265.0840
62.1577	146.9023	458.2901
86.0745	19.3584	498.5220
93.5485	159.7431	511.9274
86.4591	171.5093	99.3859
42.7031	23.2719	379.6664
7.0572	109.3996	350.5692
30.2423	39.6231	119.7051
155.0846	34.7518	87.4949
61.1362	49.8917	17.0067
43.1763	43.2089	517.6359
77.2537	22.8766	307.2337
93.4875	153.2579	334.8470
33.4624	70.1115	242.0640
27.4654	110.1671	284.1117
155.4215	53.0983	345.9133
98.6416	116.6301	484.3576
95.1299	130.6428	25.3558
151.1342	42.5048	512.9429
150.5388	116.1771	166.8588
87.0646	144.4840	552.7280
136.8561	37.4264	406.7905
74.0072	152.2002	408.1546
75.7003	35.4988	184.1355
36.0121	122.5012	207.1377
161.1278	110.5597	390.4209
115.5898	165.7271	370.5835
89.1083	164.3703	449.0350
134.5897	157.7377	312.1836
128.4900	28.0078	164.6107
95.4564	157.8177	514.3755
78.9210	29.4920	85.2255
29.3231	139.0315	33.2445
117.6056	16.8991	385.1777
67.7315	49.4894	133.7604
112.9744	122.7733	398.3760
25.9523	112.4587	158.8403
73.3129	142.8213	354.0657
93.3171	70.1364	140.8232
113.9737	159.7531	234.4758
150.6853	119.0593	249.3730
120.3582	151.4797	47.5233
13.1089	15.3793	444.3066
117.2235	86.2281	188.8236
26.9408	123.1648	245.4543
75.8587	79.7929	483.2105
132.9647	14.7656	158.8030
67.4811	72.5302	441.1164
57.0714	165.2834	94.2357
58.3644	5.6838	154.6855
46.0204	128.6061	132.9539
118.7994	169.6537	211.4562
169.8143	30.5904	175.3146
159.0738	138.8625	127.2020
114.6749	118.0649	2.3286
45.9174	78.0719	338.3596
112.6229	33.5904	440.9141
7.7088	58.8180	507.3667
32.8020	120.5554	128.7866
131.9472	49.1514	496.3195
99.8681	27.7040	448.0223
111.6221	34.7272	415.9563
0.4025	59.5797	402.0867
6.9881	107.6128	93.4652
154.1302	127.3851	279.6730
107.0680	125.7404	85.5692
111.1461	60.4256	9.2007
89.5636	169.5458	447.3784
3.9071	16.2755	562.6983
51.6084	82.1912	122.6749
109.0952	141.6410	126.3511
163.3569	157.4679	280.1479
154.6088	58.6733	158.7121
140.5833	115.2208	63.7565
46.8825	126.3054	123.4365
8.8109	68.5041	25.4286
2.1476	12.2105	538.6252
28.4618	140.7147	45.1793
2.2848	99.7717	59.6746
12.2627	112.7431	302.7745
59.3444	112.6073	461.9252
99.5236	19.2853	54.3472
13.0830	136.2085	518.2725
9.3567	19.5777	228.7411
130.5111	73.6802	136.7482
92.7711	163.2226	38.2505
72.3264	140.5127	512.7287
74.5062	120.9892	157.7417
15.7520	30.5698	45.3235
14.8909	23.0425	119.8831
136.5575	23.8246	480.2372
24.0947	111.2737	190.7433
116.2050	2.5517	144.6350
144.0259	4.2929	452.9993
58.2937	171.5776	547.7312
100.9939	133.1623	108.3854
171.9431	60.8846	179.9900
102.9150	83.9676	308.7204
167.2317	101.8188	456.0439
112.9635	25.4652	313.5626
8.7548	52.6641	295.8710
66.9812	145.5289	485.2724
39.9693	36.7609	28.6250
37.9873	123.7559	29.0744
57.3174	13.0167	422.5958
105.5922	127.8768	461.5617
110.8998	87.5395	340.2201
101.9210	64.5421	345.3543
100.1046	76.7401	153.1584
103.6399	170.9887	233.1784
102.4935	109.3478	311.4277
168.7316	8.6135	30.6069
74.3319	74.7856	60.6765
5.2524	40.2921	62.8204
103.0452	84.8545	546.0976
121.6260	52.1360	216.5540
39.2465	4.7152	392.4532
31.5960	154.4932	89.5210
41.8560	14.1099	511.0183
112.6129	159.0386	211.8939
91.1120	53.9915	311.6059
84.5581	25.0349	462.5462
121.9953	62.4708	332.6371
49.0498	119.8084	339.2274
125.5662	48.2168	475.6125
120.3532	28.2174	242.8601
34.9966	24.7619	87.1088
120.6030	89.5878	227.8976
167.2703	126.8260	91.5257
72.0660	168.7866	441.4250
23.5979	54.7127	97.3656
56.5919	1.7322	399.9216
56.9301	114.1492	548.9128
0.9767	23.2080	208.2012
132.5312	14.8538	111.3116
50.8578	108.2435	506.9974
54.5953	149.8432	143.9068
38.6391	123.5943	473.3527
159.3281	70.8056	343.7012
22.4260	135.8105	285.0693
41.2052	164.4990	63.4658
41.6664	12.0303	67.9901
110.0786	26.1030	127.9412
136.7078	27.2631	268.8405
1.3076	114.4322	303.0003
23.5056	148.6076	132.2215
33.8727	109.9559	70.6542
15.5263	155.2542	13.7188
77.3736	62.5245	143.7249
4.0384	91.5774	39.8151
86.3886	72.5289	102.6488
110.7175	156.7776	185.1022
47.7738	141.6308	5.4777
80.5517	35.7708	337.0997
18.5380	17.2433	135.9391
85.7163	16.2465	271.0367
76.7589	90.0949	17.0900
125.0846	145.6049	43.9184
152.2815	126.7467	339.3033
155.0179	18.8986	447.8100
161.7108	71.8219	173.8650
113.8569	73.7682	150.9001
97.3118	21.8921	321.7025
134.5644	7.7820	183.6094
117.2589	95.9180	215.3549
64.8023	41.2144	143.1704
142.9343	9.4359	342.1139
68.0655	39.3640	273.6844
49.6652	5.7722	294.6529
53.3956	124.0429	280.1124
152.2076	93.9771	140.9889
145.3722	162.7040	278.4311
165.5101	117.7833	233.8033
106.2078	98.6439	402.9910
133.8915	136.5698	204.8367
99.9103	66.3847	549.6967
73.6460	21.6444	380.4278
112.7003	52.7059	426.1965
23.9433	73.1702	56.6573
156.8386	132.2229	89.7531
47.7347	2.7909	130.6106
171.0335	114.2184	527.5191
101.1881	114.4046	485.8164
131.7013	160.9021	147.6928
124.8183	30.4662	401.4833
69.5193	14.1493	100.7966
121.5063	56.5862	9.6072
8.8180	40.6419	435.7650
50.5862	59.3092	221.9592
56.1209	162.5895	304.4266
49.5221	78.6647	160.0841
113.2464	15.6870	25.9441
64.5808	156.5166	283.8253
162.7584	138.3794	483.5549
94.1806	118.6253	185.5468
117.8225	95.0479	412.6850
27.4702	167.4696	452.2408
16.9773	94.9320	390.3224
53.0911	59.5563	169.6133
36.8036	27.7654	206.1955
166.3106	148.4389	182.8760
85.1848	39.4753	551.8942
146.3838	152.8403	532.2888
31.0722	171.4816	542.9296
99.3363	130.1304	406.4484
157.1846	132.5835	541.6998
74.4261	58.4641	9.3795
15.7391	94.0753	377.5403
135.8162	138.1610	180.0592
20.2204	155.2707	469.0523
120.2678	112.9044	55.1449
164.4593	77.9107	490.5615
65.8793	25.5036	50.9620
96.8830	109.9697	189.9563
166.8989	122.8689	331.2160
39.3661	139.8600	161.7605
72.3582	159.7139	8.5152
129.5348	20.4566	513.1480
155.1480	137.5705	24.8495
169.9257	147.8137	107.7827
18.9118	161.2918	516.4028
160.7950	33.5170	529.1261
108.0715	76.2171	251.6513
146.2004	159.2113	521.0645
79.5751	125.3561	359.3090
157.6234	40.1663	281.5544
58.7678	151.4586	297.0636
90.3726	18.7971	469.7387
17.8770	145.1661	384.4902
75.4079	15.4093	553.5193
68.6230	138.9959	545.9872
122.8752	154.0961	202.5825
1.2010	160.4144	210.4549
159.4834	165.1972	402.2394
135.9612	146.3299	495.3458
61.4044	68.3525	112.7521
160.5890	170.7027	306.0533
76.0677	71.5480	180.1740
44.0303	106.2374	351.7636
32.9882	39.9872	328.0760
112.9443	118.9140	45.6657
8.7816	164.8992	64.2403
61.1693	130.8580	553.2191
164.4656	66.0916	514.1468
72.8646	46.6360	503.8658
25.8111	55.1175	242.8570
168.1666	141.6604	228.1208
154.2288	129.9768	545.6106
22.4684	159.2427	517.7183
55.1922	55.4442	53.4847
163.6817	99.3607	27.2093
13.4908	51.9163	411.7723
104.5597	22.9755	96.5260
31.4155	164.2629	361.8560
81.8278	163.4408	141.8346
77.0637	97.8865	85.4154
71.5385	80.4903	27.5744
148.5758	43.7407	228.6538
45.4448	102.6672	81.7652
121.3469	164.7160	182.5334
126.8970	107.6400	242.5589
14.2235	88.6053	532.9763
159.5288	94.8755	242.4102
164.8170	20.1509	332.9544
145.8330	163.0468	463.2419
65.0299	76.5914	254.9288
6.9041	143.1217	528.1045
83.4526	46.9426	78.2671
105.1035	60.4082	399.4207
141.7536	126.5591	144.0361
16.2661	163.0117	128.9759
104.7558	93.9389	451.8297
116.0808	159.7417	379.7438
68.1605	89.5972	555.3280
6.9911	93.9311	553.0966
103.8518	98.4271	527.9489
101.5612	27.4333	76.7378
119.9902	17.2274	201.1453
154.2164	79.0889	297.1822
98.7692	57.6120	262.1499
112.2216	79.1381	285.4532
116.1711	150.2003	443.2593
66.9901	172.2748	141.8218
77.5977	11.8919	199.9947
10.6686	91.6801	154.5063
28.3337	17.3788	471.7338
117.5101	60.2234	257.9451
6.3447	21.6128	87.5255
121.7654	46.8066	153.9314
132.0374	104.6874	292.6523
87.9221	36.2615	65.0633
147.5895	146.4299	279.0021
164.9900	141.7274	231.2331
118.0076	103.1012	234.8447
91.7326	168.3131	240.4103
154.4025	32.6954	125.7615
89.9612	60.6532	378.4783
88.8362	161.9929	414.6509
36.7824	146.2951	400.5637
16.4686	96.6647	405.7901
155.5657	109.9960	508.7622
150.5039	76.2713	147.9785
58.5541	8.3825	148.5667
124.3015	75.9603	164.9318
84.6107	121.4780	253.3926
60.5636	158.8770	207.3115
115.9994	74.7482	228.5074
143.7422	23.1605	379.3357
129.4027	58.5567	520.4445
91.0880	22.3518	124.1933
6.2626	115.4256	411.1009
167.0411	108.2118	181.1796
93.4571	164.0052	117.7430
19.0899	20.5812	103.7098
49.2244	126.9878	363.5825
75.2201	131.6852	307.2906
140.3991	14.5533	18.5260
31.0779	136.3533	58.2609
19.8797	22.3301	28.3072
141.6762	103.6460	404.8252
116.8869	75.2800	222.0901
151.5919	22.3895	188.8044
81.6616	32.3818	16.7695
120.5847	116.0632	427.1355
155.3829	158.5375	402.7659
81.3829	21.9055	421.9910
115.0462	155.3895	318.1969
54.0370	112.8348	73.0785
20.0261	112.5101	274.9876
102.0639	0.2755	372.4950
106.3732	114.6723	452.5778
78.3681	151.6976	181.2520
123.4380	169.5542	191.2962
26.8831	63.7279	452.7649
131.9438	6.7172	253.6095
22.3739	66.5899	177.3964
158.8873	55.7861	402.4094
82.8035	10.1010	433.2553
59.4860	162.2147	307.0823
15.3315	172.7210	308.6034
61.9045	156.9289	70.2415
7.1762	119.1937	467.0537
69.0503	96.4049	106.0442
25.1786	79.5085	98.2942
72.5070	77.4997	174.6643
30.1444	153.2642	210.0703
65.9751	132.9359	395.0406
139.1708	135.2337	130.8287
11.0179	10.0685	298.7097
104.7304	37.2295	136.2712
64.7713	92.8270	216.6135
54.1662	160.5351	179.2541
12.8648	80.7273	242.9222
52.6760	75.2612	119.3479
38.3271	102.4652	220.6731
151.8076	81.7798	374.2049
121.2424	115.8310	64.1203
126.8547	51.7788	515.2744
151.7517	160.8282	178.1210
155.8729	112.6618	208.0447
160.7259	139.3347	281.5191
102.7853	47.4534	510.0840
91.9788	1.1018	479.6559
118.9272	14.2553	235.4196
90.8154	166.1353	253.3997
118.4335	168.5008	119.9227
4.0699	163.7973	426.4638
10.4783	33.2257	318.6410
157.9230	164.5884	454.6967
1.8250	161.9815	432.2917
78.5068	53.1796	36.6158
24.3316	35.8964	53.5279
76.2250	26.7398	425.6938
7.7894	46.4655	358.7722
132.3491	74.8292	186.0700
168.2087	154.5181	84.6616
168.9402	20.7993	312.1643
98.8752	82.7748	217.5118
59.4675	153.7049	331.6534
154.0909	23.0299	482.6904
100.6440	3.7951	96.4132
117.6578	111.1996	157.5022
152.4365	128.2100	454.2731
43.8203	157.0139	292.3641
16.1139	18.6170	124.0054
148.6805	143.4665	5.2062
36.5832	116.4611	326.9420
95.5460	143.5078	4.2636
1.4285	168.2729	557.5862
122.7874	23.7086	277.2857
85.9146	123.4157	374.7938
36.4087	75.0211	236.8817
27.7560	103.8632	289.7513
94.8119	113.2639	29.9868
0.7357	154.8252	243.9694
113.7904	32.8320	417.9287
138.3417	32.1028	28.1036
38.5552	156.4473	227.2975
164.1755	121.0276	9.6354
29.6338	35.8173	183.9386
105.4759	104.5939	349.3270
67.8893	138.1549	485.8543
112.8320	172.4878	460.0704
123.8345	1.3060	100.8612
83.9673	172.6489	222.8946
14.3297	163.7933	10.2903
132.4081	68.7182	397.5696
49.9051	21.7010	50.9910
109.7478	163.9584	124.5009
153.8452	102.1409	25.6395
113.9312	124.0842	540.9145
68.6762	11.9059	221.5683
150.1803	13.5751	558.9112
16.7318	68.1645	61.3181
166.3010	113.8265	441.7680
46.1539	45.8741	500.3568
26.6680	71.9313	188.7638
40.4358	56.6491	439.0764
112.0371	140.5885	180.9676
48.6412	5.5308	164.3954
90.0800	87.3190	456.4752
138.1679	52.3828	502.0099
2.2549	34.9847	393.9170
7.3926	109.9829	368.1037
109.6233	14.7732	484.0548
154.4421	37.5113	194.1175
60.8746	66.0579	442.8394
7.6029	53.5902	38.3416
72.4591	15.8187	500.3101
62.4876	160.4489	550.0663
46.7527	54.4220	214.6218
117.1676	98.1477	295.4972
127.3206	79.9919	79.0256
57.2275	76.7907	322.2647
33.9598	115.7127	235.7126
30.0793	84.0896	326.8796
12.1321	144.1037	97.9056
69.5118	54.3471	3.6564
33.3003	134.5082	234.4948
170.3026	57.6118	264.3952
23.9412	83.4646	17.0826
36.0711	54.8223	176.5892
57.4472	91.3936	234.2628
91.3360	17.5452	43.5675
125.2501	31.1997	449.4632
26.6608	21.3190	350.7709
158.5702	67.4406	239.8823
122.0404	128.2857	47.7573
42.2530	41.8991	33.1744
146.5897	121.4783	348.1883
158.9861	160.0677	437.3646
106.5097	146.7190	543.9370
103.8259	43.9698	475.7598
146.4966	126.9869	280.4773
150.9018	119.5032	58.6029
78.4009	122.0335	337.4926
11.7730	1.0065	384.2973
105.8325	74.7304	222.3111
46.7626	83.1649	221.5812
87.4257	120.8627	24.8085
135.6336	99.3760	72.1355
87.4182	170.6433	301.3455
119.3104	79.6542	211.5654
14.1559	24.7574	23.8415
151.2558	21.7336	450.1007
33.3738	123.2216	277.1871
105.0525	72.8265	351.8144
43.2408	103.2043	77.7582
154.6141	75.0130	349.4376
162.5140	34.4852	207.9586
4.7043	156.4406	513.2944
165.5254	162.3313	559.5850
170.4479	79.7077	478.2783
21.0357	88.1126	176.2558
8.3036	37.3177	187.9559
37.3860	71.0278	234.1211
108.7958	144.5962	285.2276
68.1925	134.6629	450.3678
123.7223	169.0117	215.0528
110.0736	73.2756	154.6986
103.0247	76.5251	302.9079
169.3557	139.2278	296.4824
109.6444	61.5980	493.1818
110.3414	16.0527	73.9937
117.1576	11.4035	534.6498
52.8341	16.1366	407.7641
130.1095	164.5389	290.6079
108.9468	169.1715	26.2533
35.2640	171.8158	415.2462
109.8896	95.9019	519.5784
26.8104	26.4601	375.4421
8.9710	21.1244	496.1500
48.3102	20.0690	403.1709
167.1449	31.1919	304.5370
52.0299	126.1648	388.5889
162.7005	131.4194	502.6242
170.1754	25.3065	137.9725
13.3964	38.7020	414.3336
171.6902	24.5046	56.9785
71.6772	61.0090	493.3629
119.8619	119.5952	23.8820
148.7594	148.3282	460.7505
110.6425	71.6267	508.3285
89.6641	163.0310	83.8318
76.9025	41.7772	352.2455
75.2155	24.8949	508.8608
164.6612	139.9449	188.8467
61.2609	4.5854	171.1415
101.5320	39.7509	315.2291
114.7263	125.4757	475.0555
72.7080	29.6111	320.4298
17.2604	157.9381	12.4993
58.5887	14.5923	521.6740
154.1395	84.3837	149.8212
36.5158	48.4706	328.0396
68.2588	136.6582	12.4656
88.8144	138.8594	376.2663
131.7211	48.3127	306.5189
31.3978	0.7261	357.0518
75.3763	79.2359	176.9521
101.3916	96.8689	137.8430
119.0858	55.9842	542.9980
57.3634	34.9432	144.2402
156.8486	110.4446	182.6895
6.0980	114.1226	242.5359
93.5063	71.1778	514.9783
147.2823	37.9715	377.8829
160.6706	126.0173	498.8523
7.3450	21.9889	224.6665
154.9257	44.0102	424.6350
84.9719	7.0759	442.5938
96.2061	112.8756	529.5328
119.2426	29.0575	247.8014
163.1217	18.4645	408.1963
114.9956	162.7312	469.1683
68.3888	135.7735	248.5299
159.3678	144.8816	241.3167
97.3111	127.2039	29.6366
16.1807	134.3108	537.9740
97.9795	36.6204	191.2033
56.6996	149.5839	377.0361
72.6253	119.9175	395.7756
57.1758	44.8021	259.3121
42.0443	53.4422	562.7536
87.9204	84.6358	346.3272
143.3256	160.8537	549.4289
171.0458	152.3101	187.6304
43.9856	103.8901	184.8446
84.8744	86.0812	276.9841
50.6985	46.3456	453.6590
88.1216	60.1313	505.1839
121.5584	117.3922	437.8331
73.2070	145.4467	262.8142
92.5544	159.9939	23.9516
171.5064	50.8574	30.8448
9.7521	104.6872	335.6119
25.1345	14.6296	373.2327
99.6887	52.1333	191.5510
70.6343	104.4099	399.2754
54.2457	162.7220	201.0588
69.0726	93.9451	104.4683
87.1234	115.4690	191.3340
0.9295	93.0318	561.3486
96.5610	172.1328	214.4976
15.8045	88.8412	487.4316
171.7280	72.3640	226.4149
51.0772	169.4893	90.6243
40.1338	81.5614	27.4621
20.0606	4.8796	80.2787
47.2155	120.8242	189.9963
16.2862	25.3494	66.2119
170.5517	46.9221	550.7244
88.9691	97.1902	348.7825
46.6641	95.7639	462.4274
71.0832	57.6921	300.1192
139.9909	36.9218	521.2010
122.0872	156.1476	494.1704
63.1203	51.5648	371.2249
62.8765	53.6420	371.3671
141.2497	131.1730	190.8032
64.6797	56.1884	508.9412
157.1700	114.2819	188.4764
51.0739	24.2790	42.7265
10.4849	65.0734	179.3508
145.7167	164.1347	347.9852
92.6056	170.5903	236.7464
138.9345	64.5182	359.9442
10.7300	150.4516	148.9506
38.4453	133.3830	0.2168
93.0005	93.7572	518.7096
144.8949	29.7562	258.8470
128.2114	154.5239	30.9888
28.3122	122.5697	209.0499
2.9873	40.7678	12.5542
22.3953	89.4383	28.0944
63.9742	119.7380	378.5752
69.8970	33.4887	85.1174
163.9238	139.2320	501.8718
29.9569	155.5284	116.4168
34.6534	101.6064	330.4403
106.7676	164.7303	249.9198
134.5811	8.8059	129.4320
129.8896	79.1860	297.6027
139.7441	171.8663	125.8683
109.7681	16.4971	445.4341
5.2771	10.1635	121.6765
85.4807	125.0720	340.8434
117.5709	45.5908	71.2061
93.4390	29.0812	547.3392
58.2445	19.7101	323.1906
147.7066	83.1406	532.2031
46.9359	159.3511	380.2339
166.4532	97.9759	550.5211
58.1116	118.7408	374.7348
98.2962	163.6294	144.2515
132.7570	140.4257	155.2540
14.2582	56.1764	556.3641
86.7972	12.5613	464.3947
59.2903	88.2506	483.8167
169.3860	69.5652	105.3531
33.5914	116.6706	77.7277
66.1615	134.0455	296.6261
109.1073	36.3220	433.9400
163.8867	66.3628	262.6646
44.6089	32.5499	186.1990
121.5843	52.9856	477.0192
141.3996	88.3863	77.7613
117.2093	96.8914	294.3135
72.0106	32.6896	232.8625
138.4438	118.2209	549.7704
55.5443	159.0157	509.2496
73.1097	25.5421	391.5356
125.2095	14.8185	235.1202
17.9351	10.4423	156.5451
2.5058	10.6105	160.4184
107.8782	140.8749	106.8348
16.1497	84.5268	133.0476
111.2471	120.0982	399.0429
31.4238	18.3966	11.4113
24.9883	120.4475	274.0785
89.4066	43.3234	370.0314
169.1665	141.2319	415.9075
20.7963	103.5864	29.9713
119.4657	47.3285	76.2930
37.6170	117.0433	227.7072
56.6724	16.8378	75.7839
60.9529	49.6334	19.3146
109.7354	100.3003	447.7181
21.0886	109.0051	43.2080
114.3088	132.6673	290.5962
145.3758	133.4219	376.3021
12.7401	12.8337	436.9594
123.8194	35.1763	67.8738
55.8752	65.8692	497.5674
122.1149	137.4818	69.2020
10.0123	154.0694	442.8109
25.8868	1.4270	538.7949
86.2201	1.2917	14.5749
117.3988	79.9558	472.2752
161.8065	63.4149	486.8022
141.0913	154.7645	450.6896
103.1343	37.6992	14.5498
53.2199	60.6094	155.1337
73.8471	154.0100	202.8089
81.5862	90.8097	138.2960
107.7537	7.0350	145.4995
81.0909	16.8314	198.9286
155.7248	126.2677	121.9003
150.5057	144.9915	287.8148
123.4236	23.1681	57.2988
11.7877	11.8467	415.9898
67.5894	43.9569	521.3197
90.3158	161.7480	90.8669
153.4588	17.1243	290.7903
77.0216	30.6618	530.2332
35.7539	120.4034	7.1349
71.7226	77.9894	322.1665
38.2678	145.4907	266.7361
101.9505	52.7646	557.4321
26.4742	122.8986	526.5228
67.5076	37.9843	218.8283
79.4461	145.1985	471.0088
16.7600	150.1730	479.8750
123.0643	130.5839	490.2892
117.0177	32.2170	215.1122
105.1082	106.9684	437.2586
36.5197	19.7848	124.1349
71.3243	99.4550	468.8172
150.0526	167.4517	13.6554
166.4134	47.0065	378.8451
140.8993	124.9675	424.4209
29.0868	59.8808	529.5494
27.8376	68.8410	210.5585
126.0635	35.5759	119.0954
47.7835	6.1456	187.4050
102.9329	151.5270	457.8200
57.4664	93.0017	126.9787
104.7706	112.0062	30.0519
53.1446	38.2695	520.9882
126.9729	170.9685	372.2747
150.0257	102.7889	47.6642
172.1262	116.2509	114.7481
37.3011	153.0383	551.8256
94.5387	126.8385	325.9484
112.6072	157.1450	325.7320
153.3666	148.3302	441.0862
60.1297	111.3445	541.0873
129.2581	29.7659	423.7363
106.6410	78.0418	436.9016
0.1616	28.5600	57.4237
89.7852	13.2629	236.4543
90.8918	72.6870	100.5477
10.8606	100.4500	361.5096
155.3295	105.8765	353.2214
24.8016	91.2033	121.6292
144.9883	92.8952	398.8867
29.2653	139.2716	493.3150
31.7900	4.7721	400.2066
3.1053	119.8178	402.0252
84.6541	24.9972	482.3657
102.4072	52.8618	245.5915
126.2880	70.0906	20.5123
75.6299	121.8794	535.2158
92.7904	82.3941	174.8885
134.3760	82.1976	328.5571
143.4768	150.3408	429.7802
49.9501	89.0389	286.7293
144.5249	131.5755	550.5794
171.6641	6.5435	485.3916
12.2203	153.2709	389.5293
152.0672	99.5335	242.6538
170.4097	104.0113	286.7107
136.2215	1.3327	169.7526
152.3820	54.2059	332.1800
163.9535	132.2588	538.3518
113.2642	7.8932	198.4116
84.2951	65.6001	290.2551
14.4214	55.7098	401.1136
123.2341	22.7937	538.6575
120.6121	148.3846	495.9935
128.7569	99.3541	422.8405
30.2760	128.4306	203.6783
58.6341	11.8985	445.7960
77.4911	9.4944	59.5438
46.1312	150.1171	194.7642
141.4897	67.9223	253.2513
74.7651	107.5186	515.2125
139.3256	0.4003	486.1972
21.7890	141.3476	464.5274
58.1125	50.2823	54.2649
63.1005	122.2214	432.1561
167.2446	44.2496	176.2750
4.6009	63.1168	106.9489
171.9238	86.9894	387.6662
95.7581	32.2933	227.3741
42.4436	42.5114	501.4744
58.1855	33.3033	153.5520
84.0757	128.1458	197.8849
47.4523	87.6596	178.4566
115.8737	164.4986	466.8057
122.4439	101.6002	515.1180
86.1752	11.8633	218.8337
149.9500	54.0019	405.3829
62.7020	45.5823	485.3562
115.0562	162.2843	379.6346
6.4489	63.9803	323.0623
111.4475	76.1589	555.8625
93.5282	57.1464	344.4235
127.3592	36.9890	396.9072
140.3843	24.9325	521.8865
34.8774	76.5272	34.0632
61.1414	117.8664	442.4625
159.7260	96.9068	0.6963
4.7257	68.5928	109.8838
143.2379	73.1446	176.1017
144.8610	39.9283	300.2404
33.1069	96.3672	524.9604
126.2812	69.8782	394.6729
83.7774	113.5443	203.2874
105.3806	170.0592	160.1391
26.8375	119.8353	184.6745
76.1768	61.1626	274.1035
129.6592	48.8956	47.0203
128.8886	5.6085	172.8198
142.3930	53.0341	303.2964
150.6220	103.8303	148.4529
115.5848	68.8097	445.6335
114.8099	33.1851	54.9130
144.6127	38.0989	543.3580
62.0260	165.7587	7.9699
113.9099	65.6261	219.3783
116.4445	26.4947	33.8587
53.9372	64.5364	205.7144
55.6547	7.2493	429.4367
9.2536	6.1471	469.4379
41.0028	0.4181	384.8108
76.1443	135.6061	193.7906
138.5098	97.2408	191.3447
11.5273	12.3126	440.1478
95.6629	160.4510	543.0155
169.7810	154.6031	162.9880
166.8371	34.3323	340.7288
56.8486	100.2786	492.2001
159.5061	151.5462	36.9261
97.1705	36.0771	29.6722
89.4419	124.5597	4.2550
22.6226	164.2349	529.5654
158.7290	94.1940	356.0890
74.2683	91.2735	263.3415
140.6329	26.2394	511.8601
104.0939	127.9829	377.5967
52.8413	11.9176	293.1173
146.8338	95.8534	184.8994
119.7621	56.0233	237.6389
39.6740	76.8838	150.9355
10.5456	9.8152	511.6507
106.7196	165.2102	293.8139
116.6424	125.3170	399.2793
81.1093	169.2416	308.6879
129.7298	44.0589	336.3536
56.3066	74.0745	139.7369
46.4951	163.4372	66.5732
46.2978	39.1758	415.2849
120.9019	50.5964	460.0628
131.6868	110.0480	270.0953
169.8633	105.0916	415.0535
164.3698	107.3846	166.3831
110.5163	169.1077	56.8817
149.6549	44.8041	540.1398
103.8852	104.8517	405.6102
67.3097	0.6910	146.8721
71.4317	42.4245	172.6526
69.1381	42.3984	540.8048
123.8542	69.8433	162.2405
166.6783	19.2878	323.6867
81.5549	124.4591	330.9181
115.2620	106.6700	383.9117
90.4381	32.5438	390.3246
63.7553	100.5694	124.7488
104.5951	50.9697	343.6299
119.3943	81.3146	355.7380
103.7835	26.3487	101.0734
109.4522	39.7665	113.2285
54.2933	74.6285	369.5238
12.1642	88.7341	477.4489
131.9390	120.8163	471.0429
148.1491	151.0824	191.5661
52.7854	161.3201	416.6810
63.0452	50.8813	173.1297
138.1297	22.9139	281.9325
106.0230	110.4011	352.4651
45.7594	30.2159	64.9165
86.1446	154.9757	23.6467
37.2524	43.1062	411.1557
131.1166	105.0442	67.9410
17.3280	136.1447	532.2457
33.1390	109.3407	185.3880
103.2723	7.4643	155.4066
140.8940	48.9236	190.3066
7.6750	128.9265	474.0605
105.2919	142.8750	461.0823
160.1768	77.7393	146.9965
129.0752	4.3927	346.6189
36.3183	83.3137	371.8351
70.3520	109.8678	457.9996
75.6454	61.2148	147.7688
107.7023	111.8134	325.4409
119.8341	110.2138	306.1533
50.4666	57.1088	461.6515
164.7014	160.7642	53.7201
33.3328	140.5084	56.2278
95.4837	131.8844	306.7234
111.9353	21.7917	17.1480
11.7234	24.8380	70.5040
31.0824	134.2844	538.7809
13.0932	80.6333	20.5430
38.5813	141.5645	525.3810
101.8227	128.2484	473.8003
71.7827	50.2196	320.1296
161.7203	144.7156	109.5025
146.2803	106.3516	420.4934
6.8695	35.8652	61.4418
159.5920	160.7178	273.4420
170.8895	124.8230	241.2664
17.9856	70.7145	301.6064
2.0169	91.1336	541.5063
72.0466	113.4467	363.4925
118.6911	19.2902	165.3658
44.5445	0.4217	348.8701
127.8037	104.0789	220.2679
80.1295	75.9702	95.3005
27.4818	57.3773	168.7661
60.4029	34.8183	70.8159
130.3767	101.8254	303.8964
153.0429	113.8066	30.1802
81.8037	161.3751	536.7706
13.9244	55.9789	62.7163
60.3652	122.2246	198.5472
71.0203	26.2702	275.2300
81.8654	110.7541	307.6897
15.7695	154.4391	116.4538
153.1543	91.6371	265.2827
45.4162	165.3131	318.7095
169.1453	162.6417	122.6135
143.0022	153.4842	86.3260
168.0215	72.1423	292.8977
43.2375	16.8491	143.8324
17.5620	12.7835	432.5432
123.1947	37.9209	62.7371
34.9767	87.9262	234.7521
7.9530	43.9891	325.1689
142.2575	110.6637	26.0538
128.8583	50.8507	408.5938
123.6811	24.5873	561.6064
24.9645	100.2335	187.2847
35.9906	113.1239	72.8684
62.8672	3.6303	407.7700
42.2609	84.3745	477.7083
138.2967	94.1553	197.4958
172.6681	80.8118	292.9960
12.0515	168.7432	537.4303
165.5954	120.4786	387.6178
86.4870	98.8704	146.2204
158.1114	126.3373	294.6601
141.0194	145.9531	255.5196
169.0004	160.8675	96.0503
129.4579	54.3977	413.2134
61.7804	69.2338	495.8583
76.3711	146.4359	318.3123
0.8510	20.4110	542.2242
48.9921	8.3668	139.9206
157.3438	82.6331	245.3293
6.7676	30.4346	53.2288
102.2544	107.7744	354.6767
11.2892	93.8512	209.4213
32.8306	103.8776	68.9392
44.3617	32.8828	238.1454
132.9754	32.8454	331.2921
50.1403	83.4651	489.9949
11.5757	8.3628	530.8662
55.1434	106.5131	10.9088
58.1921	1.2918	150.1402
133.1608	35.2778	210.1590
52.7947	57.5230	321.4277
21.5910	131.1723	97.8783
88.2690	91.2691	418.3161
96.2054	24.3794	253.8422
115.0609	85.6587	197.7910
38.4510	92.7058	289.9980
22.2908	130.4846	157.3064
26.4546	94.3505	433.8538
11.9655	129.3830	366.5941
44.3978	45.3328	323.9288
48.3734	145.5666	440.3890
158.7079	120.9264	200.9728
35.0716	63.4347	235.3894
28.5941	122.6661	252.6264
114.6696	66.5840	302.9452
27.5689	147.0595	553.8022
125.5028	137.6099	11.2097
30.4543	169.7595	533.4935
156.2204	98.9648	26.9327
11.4244	74.7826	243.4366
16.8028	49.4993	260.9267
59.8765	103.2258	119.9875
62.8409	137.2418	24.6541
171.3321	90.1461	295.6470
72.6421	29.3560	96.8665
72.0295	132.4882	467.5623
122.3360	104.2011	12.5120
30.9665	106.5751	77.8141
63.3103	159.3708	285.2276
28.5923	136.6762	515.3447
160.3440	57.0162	543.5492
36.7876	84.4209	243.8550
119.2818	151.5863	488.1814
154.3383	103.2818	108.4761
107.2676	131.6814	354.9364
81.9233	21.2861	291.2898
154.4118	154.9624	218.2858
161.4342	66.5541	313.5914
37.5501	41.8252	326.1008
66.7087	50.9624	209.9648
113.8748	92.3412	75.8044
149.0949	77.4028	462.6368
74.7226	79.8420	132.6288
117.4962	103.4141	15.2041
17.6394	100.3532	224.6511
43.9448	11.3081	129.5348
16.9777	122.4280	55.8106
141.3692	114.9379	51.8642
135.1578	130.6032	307.9852
64.4351	96.6776	107.7924
100.9231	149.9362	552.0258
113.1286	39.1832	545.0673
159.2434	13.5183	343.2918
124.7997	37.3068	125.3207
53.6009	4.5994	187.3881
5.7859	5.2665	508.1261
25.4993	126.4379	230.0880
32.2414	77.7976	418.0519
95.8249	42.0574	296.6151
129.1545	109.0368	188.8178
128.1689	106.0697	237.7324
107.3012	66.4353	490.5001
115.9014	113.6198	40.1238
155.3768	57.7652	326.5473
82.6480	167.0857	378.9625
63.9179	61.8404	489.7058
170.6209	128.2504	37.9820
16.6696	160.4392	499.6628
93.2517	124.3141	437.8804
109.7356	161.8620	492.2053
42.3900	101.5393	142.4804
98.4087	40.0823	561.3509
111.6432	38.0807	99.1085
1.8936	47.2210	144.2819
160.6902	39.7485	66.1434
58.0877	136.8926	464.1174
107.6659	57.6369	316.9640
169.8614	90.9791	300.7947
160.0250	68.6927	232.4366
65.1315	109.5847	374.8550
1.7438	29.0455	430.4835
61.8895	78.8601	168.9955
47.7994	44.9317	527.8330
98.3783	8.8150	336.5231
71.1528	171.1500	50.1951
58.8211	60.4986	559.7602
120.7786	110.2047	369.5049
61.4343	45.1779	411.6959
4.7491	49.3863	16.1040
92.6053	11.1656	218.5354
172.6625	25.1106	213.7791
50.9496	159.5766	366.4746
62.5815	45.0661	473.9705
77.5965	37.7806	64.5315
169.6038	76.7432	492.3724
168.8714	14.1962	519.5850
124.8584	109.1772	426.4429
170.5840	125.6488	137.1405
4.5957	155.2620	255.7615
120.7430	163.6654	256.9320
142.5408	45.2530	136.8368
24.4272	9.6606	479.1276
120.0951	126.6208	143.9548
52.7228	37.1081	57.6894
136.3355	151.0932	31.1811
172.8002	89.3074	290.5074
150.7445	159.0907	352.2625
145.0306	95.9118	283.9538
93.2929	94.6048	476.7580
90.1812	96.7790	401.9903
139.9876	93.5503	393.1779
42.7963	47.1477	498.4314
16.5018	150.3371	169.5676
101.2455	57.5781	149.2777
129.3390	17.2597	23.2451
9.0018	147.2360	86.2724
9.7432	83.6292	16.1276
125.1077	22.1675	126.4832
27.2252	18.5611	433.2048
146.5865	101.9686	32.5640
153.6521	46.9658	278.1581
168.5816	140.5773	216.3499
113.6249	8.7334	111.1665
110.2031	115.0133	503.7357
7.2198	131.5547	513.3342
121.0901	123.1554	330.7250
104.6498	128.1926	463.4668
15.0866	19.5773	507.8338
5.3879	84.0066	298.4720
53.3835	141.8664	512.7667
113.7416	65.8328	326.2861
32.2349	40.3290	41.2815
126.0717	157.0776	456.2238
29.3517	137.6132	475.2005
143.5026	135.4872	419.9084
10.2091	60.0152	312.5800
149.5147	156.1636	102.8606
37.4748	29.4719	89.6676
76.1471	121.3061	408.8855
10.6215	68.2352	183.1508
85.2667	21.2347	351.0951
49.5091	107.8999	288.3070
39.7105	131.6205	335.2025
156.4880	141.5380	190.9896
62.8742	15.1272	554.6635
0.4289	39.0883	193.0211
27.3925	43.7611	166.4122
84.0638	56.8402	304.4411
161.1315	128.9411	309.2796
114.4366	112.9493	18.1013
58.4786	29.4898	415.0955
42.3738	45.4560	147.6516
52.5583	117.1047	340.4111
133.0852	46.2957	460.0831
33.6144	41.2418	105.2681
160.0116	18.8526	178.0616
80.5172	83.1899	330.2175
8.4642	25.4491	119.2013
22.5715	151.4110	39.9615
105.4841	66.4898	205.9542
41.3073	5.0315	80.4099
109.9716	92.0898	156.7518
40.9305	159.5196	306.9277
58.6344	43.1538	158.8868
29.1879	90.4755	173.1819
120.2381	102.6772	531.2192
10.6135	73.8217	178.4124
89.0378	31.0573	400.1111
137.7643	98.7980	389.7284
19.2946	115.2582	508.5184
90.8374	42.3565	282.8635
132.5324	105.2396	69.1813
172.3403	165.1085	34.4083
82.8387	118.6507	553.4623
107.1542	126.1637	255.3654
86.3438	141.9006	281.9703
171.3924	97.7355	347.3718
170.1400	58.6280	278.7861
81.0805	161.5385	536.2249
141.2872	105.2757	371.0774
116.2994	46.1181	28.1053
35.6356	24.9562	139.3770
83.5360	104.2775	299.1002
24.0931	74.6925	285.1204
31.1920	94.1501	121.7224
88.2550	148.6473	533.8118
77.3268	146.1348	472.0181
108.7737	56.2139	446.2160
131.7164	85.5323	3.2824
46.9884	35.0418	268.4096
134.7030	22.6851	441.9645
161.0665	172.2195	187.4681
148.4412	154.1204	195.1802
26.6792	144.1656	345.7650
109.5837	58.7470	323.5042
169.9695	126.9284	91.6151
6.8480	132.9977	288.0923
21.8152	53.8035	536.5057
166.0171	0.5219	287.2660
1.6675	136.2688	29.5846
17.4969	118.9074	459.8136
96.2315	72.8886	194.6438
151.3676	133.1547	369.2169
79.2423	97.6625	322.7820
83.0848	22.5663	139.8219
0.9838	8.0815	100.3040
65.9316	136.4264	534.4559
114.2271	111.0265	409.2982
119.0473	171.0685	99.5186
61.4081	60.9543	70.1861
67.6189	160.4818	93.3932
159.8085	23.9974	98.2426
58.1897	27.4531	300.7599
153.2903	45.4318	560.0420
94.0408	137.2275	276.4543
155.4381	112.7713	300.6736
100.4398	6.4306	466.8062
127.2562	31.0170	127.1650
78.3585	127.9010	306.3885
27.1101	39.4756	239.9553
132.0334	41.2999	507.7134
135.5816	127.8245	18.3436
120.0524	32.2232	452.2326
1.4117	31.1568	148.3724
54.3804	105.7297	305.0745
158.2840	170.1905	63.1967
143.4867	87.1358	219.6195
73.0298	5.2334	23.2147
56.1107	93.0462	137.6174
69.9280	87.7847	212.4160
33.7659	104.7141	51.4023
97.7312	26.6073	212.0754
3.8634	50.8369	322.0113
112.5816	50.5222	362.8154
124.2920	146.8816	140.0105
46.2066	140.9664	349.4473
120.8470	58.1026	541.6449
114.2656	82.1503	506.1465
154.1252	37.1717	178.8450
82.5238	12.5700	219.7532
82.5262	45.6738	73.3261
135.9191	94.1499	86.4403
71.4426	90.5469	552.7676
47.2774	135.0759	493.3096
6.3362	171.9962	363.5048
150.0489	36.3093	307.3069
48.6149	140.2685	11.5721
107.3886	62.2193	275.1796
117.9456	160.9119	473.4297
69.2853	153.9737	369.5784
8.8626	40.3343	44.0985
41.0956	123.6980	325.5880
84.7732	46.3233	253.3415
43.7807	113.2409	174.2256
162.0916	123.8506	148.9548
50.3446	44.4200	206.6767
93.9333	132.8158	513.9506
117.4768	96.3930	399.6195
38.8564	80.5337	496.6555
56.0284	46.5737	406.1554
170.1311	108.0763	99.8685
13.3196	124.9297	292.3309
75.3464	142.2692	525.7712
74.3114	97.6035	202.6105
122.7681	158.3011	257.3644
33.9082	139.1170	110.0650
164.8613	2.5290	95.8348
61.5558	155.7935	321.9393
116.8433	85.1881	128.1859
87.4312	132.1736	175.9751
65.1000	54.9051	221.6172
119.6485	139.0977	447.0898
13.3391	99.7545	369.1225
105.1152	128.3380	469.6515
59.5221	4.4427	217.4651
106.4493	155.0249	206.0245
111.6810	49.7423	320.3612
59.8178	80.1750	439.7097
61.3302	58.1544	274.7009
104.2670	8.1863	113.2430
88.6784	143.4241	545.7008
8.7161	94.3111	34.1580
85.4593	13.6909	159.3273
147.2317	45.2044	258.6273
28.3479	160.7206	174.9519
141.5091	55.0343	431.5886
69.7246	122.0532	126.5591
70.0158	142.9582	502.3931
29.4363	79.0523	37.7808
3.2999	138.5644	338.6842
78.5137	150.0955	236.0086
102.9536	100.8052	242.6204
1.7941	23.2209	220.9597
144.0686	37.7881	244.5299
72.1847	158.9492	201.3504
72.0948	146.4758	488.1502
125.0229	75.9101	448.9337
38.1732	167.6155	405.9811
157.9873	4.0068	354.5416
82.4975	95.6750	241.7136
21.7603	105.2691	474.5359
34.5960	108.0536	37.8337
119.5115	164.9958	179.9198
103.1133	17.7594	124.3300
11.3641	55.4076	268.6575
55.9057	46.0386	464.2970
103.9530	70.9369	337.3332
79.1363	118.5713	540.7133
32.9614	156.8228	89.1202
128.3626	154.1705	357.1573
17.1533	64.8271	171.8289
49.7182	36.2048	66.1044
83.4304	115.3722	480.7931
59.2202	48.0097	403.3166
78.5322	138.1628	165.3302
28.1960	115.1683	93.0770
18.2822	58.9493	205.1659
5.6672	22.9605	103.7883
108.5804	102.9888	140.9841
9.2739	86.2500	267.7318
64.2000	50.8158	202.9843
168.1335	48.4946	196.8868
83.6439	116.6694	430.5636
154.9408	18.9395	437.4061
50.1432	115.1521	315.4047
128.1201	149.8687	500.1739
138.9400	14.6421	150.8114
4.1419	135.5226	133.0378
79.3422	0.6107	286.0380
39.4361	22.2884	485.0581
145.5976	16.2131	1.7730
169.2877	133.4353	331.5572
89.4807	133.2674	462.9544
24.2625	123.4564	90.0219
89.9437	12.6822	265.1634
62.2112	46.6680	79.8702
109.7068	137.4468	153.5159
113.4957	150.0145	548.8676
154.7611	111.7839	158.6020
9.7600	111.8580	247.6806
96.8310	91.0702	4.8558
44.9111	146.6099	409.8190
56.3106	134.3435	444.0597
122.8922	44.9228	241.9366
23.3360	75.5952	73.4367
147.7086	8.7950	61.4106
129.7193	18.8451	425.9408
146.3596	126.0387	287.5214
70.8460	4.6584	261.7605
144.7044	105.5268	393.5272
101.9061	109.6888	521.0827
1.0879	171.3674	198.6019
128.9187	1.9223	113.8080
76.2799	141.5345	409.7862
34.3519	140.5592	448.4951
107.0542	61.0274	41.9147
32.5882	110.0466	79.1878
33.2947	155.7004	260.4248
21.4276	86.9426	117.3795
5.8305	95.3056	168.1005
121.5876	133.5034	52.6318
25.2947	11.1441	426.7109
6.5363	16.2816	251.4990
49.6825	137.0477	367.4970
99.6858	64.0905	387.8195
0.0144	97.1360	31.4540
161.8881	134.4232	459.4843
99.3587	160.3222	50.6362
89.5105	90.2282	162.2942
4.9201	58.9757	133.6400
141.0151	108.7321	553.8878
117.1551	44.0784	428.9451
26.5822	49.1333	93.4858
49.8001	57.7358	22.5401
156.8877	65.6566	385.7920
41.8038	159.9710	317.6630
153.7925	76.2046	328.2209
45.2850	78.8087	121.4441
76.0999	147.5458	474.6678
147.0078	30.2545	539.2608
116.9706	159.0613	494.6372
110.6014	35.6295	428.2286
78.3132	116.9070	427.2244
136.3455	26.3383	292.8694
45.4974	79.0044	131.8754
49.0811	112.6695	297.6027
118.4459	127.3612	534.5699
38.7719	57.2082	277.4234
61.2768	116.3625	235.6254
145.9076	28.2479	443.4980
12.9726	19.4988	434.7086
52.0783	4.8866	120.6949
109.6117	166.0023	366.0719
165.0581	17.7591	444.9152
11.0971	128.7004	441.2185
15.2272	149.2600	144.4987
63.9973	137.7513	498.2938
137.8597	144.0992	490.2472
171.3248	148.5595	459.1790
164.3230	164.8431	315.3163
91.0197	96.6370	245.5312
29.0109	99.6446	214.2485
108.1894	158.5015	0.6334
37.7590	131.2108	150.0047
51.8881	123.1607	330.7972
94.9373	128.6072	266.1393
31.8381	138.6370	66.9650
2.2725	24.0734	460.2565
160.8984	92.8882	457.3806
50.6797	34.6211	436.5843
172.5440	133.3119	319.4130
24.1023	20.4351	11.1665
49.7419	136.8755	107.8441
87.1200	145.2895	209.8351
73.2736	25.0833	47.0143
160.8978	164.4388	61.4037
157.6927	67.9771	462.4510
121.4252	4.5267	15.4227
45.3763	0.6825	240.5575
108.3091	58.5706	56.5915
53.4536	48.9100	77.9099
124.3061	166.2432	470.2923
149.7147	81.3262	262.0016
31.8058	16.3734	388.2582
148.7296	53.7369	526.7448
22.1435	48.1268	10.6823
172.4435	71.6672	206.2973
120.6339	161.8570	349.8801
23.2139	133.4574	57.5985
143.3359	35.8922	324.6832
0.1230	74.7510	518.0699
76.1863	69.3646	193.6266
36.4140	22.8345	79.1306
105.3471	4.9927	321.6933
102.7051	40.5112	550.5530
95.4841	121.1830	223.2239
112.5042	71.4207	452.5570
117.4492	153.4638	428.1815
54.0728	131.3233	555.8743
113.2931	16.9992	396.9830
154.1789	73.4994	54.0972
44.8827	118.7824	90.0149
137.5569	133.8116	128.8358
155.1304	49.1770	95.1192
103.6216	51.1876	66.7436
37.7652	127.5189	170.7539
115.9967	153.5018	472.7029
135.3994	102.4667	364.1090
25.2889	112.4944	416.0976
138.0897	139.3230	533.8206
44.7344	150.5323	302.4250
21.8965	155.1583	338.6966
118.7338	74.0880	430.1168
108.2310	19.8660	118.1610
150.6525	5.3733	83.7798
42.9594	89.5004	378.4542
145.6275	114.2546	66.4146
4.8041	79.0068	52.0846
133.9765	8.6036	494.7863
92.5837	91.5590	13.0104
125.6200	61.3035	96.5209
133.7643	150.1335	113.1828
118.9854	159.6363	267.4752
2.4228	145.7866	59.1088
149.3203	86.7862	391.1394
117.4390	68.7838	526.7068
31.1438	162.0332	37.7285
7.6334	135.5326	492.7817
134.8047	70.5369	457.3876
88.0296	168.3878	161.8367
86.2052	79.2733	275.7845
42.0605	148.9781	348.6235
18.9293	137.0185	363.7835
78.2624	128.2801	424.5059
13.5939	74.8018	263.1955
146.3833	118.1326	254.5511
23.3250	76.1565	58.3948
92.9152	28.4973	48.8055
120.9181	157.5958	312.2170
88.1646	29.0218	413.1002
94.6280	32.2176	531.4568
118.0302	55.1667	484.3726
87.7934	154.6096	78.3649
26.1383	13.0962	222.9297
31.7418	146.9647	361.2392
96.5959	112.5149	176.3573
65.9092	129.7970	415.4618
168.6788	89.6296	480.3530
152.4932	113.2201	436.6233
60.1754	139.6231	156.5096
75.9213	49.2249	498.5896
127.7892	84.5887	182.6827
28.2760	114.7213	272.1337
39.3385	136.6799	60.4312
142.6222	37.6706	350.3276
141.4791	158.8563	169.0219
136.9954	9.7957	343.2057
9.8926	139.5856	389.4241
39.7002	111.7888	131.0857
104.9363	21.6984	97.0304
73.5696	107.7051	79.0089
12.4060	80.8297	553.9896
54.1544	15.1624	274.4469
144.2705	130.6295	155.8656
130.1014	50.3209	40.8573
60.5731	29.8397	293.1874
70.0976	142.9970	251.4060
63.8363	99.8502	384.7259
122.5691	164.4272	262.7069
10.8858	85.8997	394.3557
16.9665	108.3435	311.3271
44.9056	6.3455	77.4976
126.1335	39.3486	375.2343
87.5140	168.5746	284.7307
41.9022	150.9502	11.3727
118.5185	143.9592	149.2654
15.6872	130.2679	437.0947
55.3505	92.5780	557.3369
5.1722	94.3700	115.7493
58.0019	114.4024	544.9793
36.4842	23.3632	176.0965
0.1139	165.6706	399.4525
144.0498	67.3188	243.6835
163.1035	144.8733	474.6399
7.5354	49.6537	65.1782
42.9207	105.8236	249.2699
95.3442	25.6137	535.8074
11.6801	78.6951	253.0483
64.9816	60.8782	235.2850
48.1124	156.3102	69.5595
124.7708	50.5929	562.6042
41.1235	131.1606	144.1420
111.0083	69.2813	463.3088
88.9776	126.3768	175.3472
45.0041	112.9870	55.7253
40.1264	151.7916	265.8827
94.5217	19.0197	255.7699
130.0398	44.7635	466.8412
97.4483	163.3502	340.5050
79.8180	59.4444	286.2358
161.3341	118.1752	419.3454
58.4177	48.2742	17.1103
58.3351	161.5031	359.8877
103.5003	58.2108	386.6784
120.3466	12.5828	46.8600
15.9821	124.1482	308.0016
148.1596	158.0216	526.2571
120.2364	7.3823	248.9721
65.2652	131.1612	526.5796
55.2514	70.6485	392.9692
82.4655	140.9719	517.1715
159.5161	160.6149	291.2971
2.8815	112.9105	421.2230
87.2236	137.0422	77.3400
149.9609	41.8954	175.8808
81.4148	139.8367	281.3319
161.3619	9.4718	535.1603
112.1936	34.4574	57.7553
4.9034	55.2892	257.4334
61.7433	162.9499	436.6167
138.5226	143.8964	70.0130
132.2832	133.5866	483.0609
2.4924	6.3538	177.8776
53.8297	158.4126	161.6492
110.2840	95.5966	93.7441
45.8568	128.2183	448.9522
135.8196	103.8065	179.9900
142.2998	151.4913	425.6346
38.9493	89.6611	9.5925
94.0399	48.4524	289.4005
51.6896	9.6076	19.4292
100.4913	151.4157	546.8954
145.2146	125.9045	161.5907
107.5581	127.0326	30.7118
46.1507	70.5681	111.4018
48.6443	136.5305	193.8712
144.2701	167.6285	430.6023
146.7377	102.7035	39.4400
85.6019	32.9937	557.7263
143.3838	147.4474	294.1917
136.2395	22.5320	512.2095
21.5283	119.2894	75.1244
114.3410	66.9317	171.6995
51.8732	50.5785	239.0793
32.7724	64.9961	445.2627
76.4717	136.6629	281.7417
119.8219	31.2591	323.3155
8.4798	122.3151	94.8048
46.0334	19.7666	319.7491
80.0470	111.6951	228.7433
54.2125	48.6998	84.0535
146.6440	92.6229	161.4748
3.4381	146.2432	344.5438
51.0058	73.2920	427.2607
67.7191	151.3267	166.7132
70.4380	114.7910	137.1363
80.8301	108.8112	91.3524
159.4810	172.2707	263.2941
119.7890	162.3047	4.4564
58.5020	160.5846	131.6614
16.3404	10.0565	454.5953
20.4449	105.3225	28.3918
79.5895	2.6894	299.4846
3.4289	94.9618	488.0340
151.8991	30.0770	319.1174
167.1644	150.4112	193.2862
31.3474	157.8388	548.8874
52.2858	69.0978	44.3961
163.0639	24.0898	250.9438
170.8621	103.8981	75.1668
116.6771	104.7704	15.8347
49.5273	161.0838	250.1391
25.4137	116.1847	194.9978
29.9095	155.5111	269.2770
25.9863	152.4751	335.7622
126.1292	33.0433	235.7995
86.0083	4.6683	483.2168
34.3147	152.2846	309.9484
100.5789	170.5942	119.8832
0.3645	25.2223	71.0878
28.2386	43.7630	100.3433
157.9171	133.3033	521.3867
95.2034	88.1013	289.1815
161.0652	11.4160	327.9362
76.1779	103.7499	268.3284
103.7548	109.9097	464.2709
97.0323	74.6445	377.2592
43.0750	17.7531	186.1310
152.3251	20.1898	462.6847
147.7203	115.9625	276.3701
28.8292	45.8012	407.8033
171.8990	137.4347	130.6921
160.6145	125.1754	32.1584
115.0121	51.0042	93.9638
123.4713	159.6117	374.0771
55.3801	55.4531	498.4172
68.0418	68.7032	429.1497
45.1916	22.7967	287.9125
52.9053	29.0156	103.6434
13.1495	103.1084	373.5584
104.2802	157.7725	219.2797
120.1210	78.7577	6.1505
132.3864	81.4537	124.2847
163.3756	129.1062	11.6248
168.9649	37.4622	346.0953
171.0278	70.8324	164.5993
111.5435	162.2967	378.7619
86.3495	54.5070	244.7340
84.5594	40.1308	7.4204
25.9317	113.8773	405.6740
70.1294	142.8754	126.2907
17.7894	113.1186	505.5009
47.6759	14.3063	68.2756
8.2182	48.2744	123.7759
37.5993	171.5348	560.7025
162.8044	68.1317	526.9909
57.9681	33.2121	307.5365
87.4626	131.6291	449.3003
64.0581	122.1414	265.8769
10.4594	128.6030	286.6889
110.3642	118.2841	421.4350
43.2975	75.2610	541.7198
36.6953	8.7161	364.9380
145.9542	88.6508	276.6378
52.1095	74.3530	332.9284
96.8678	26.0212	152.3914
94.4556	4.4458	487.3940
149.9934	42.4819	78.1217
57.6707	172.6353	331.8392
61.7282	35.0860	494.4944
9.5537	44.2690	427.2133
169.6937	117.9706	404.7915
134.6183	161.6244	343.6385
83.3659	30.9964	531.8727
107.3838	83.3490	561.2680
164.2503	41.3905	1.1656
129.8731	156.3829	381.8446
45.9883	40.0789	452.8064
130.8986	31.6376	467.0212
72.7707	72.7602	296.3719
108.1483	71.6164	298.1099
154.8788	145.2443	272.7586
69.8313	39.9651	182.4197
79.4074	105.7516	421.5434
37.2176	85.1982	216.4676
126.9866	122.7379	390.1086
146.8631	16.0791	121.3909
54.6227	104.4803	501.9241
127.0973	72.7195	438.2658
128.9867	59.3391	356.9610
45.5883	14.4961	484.3046
20.6444	80.2836	194.2752
63.2789	138.6574	416.4900
142.7233	172.9018	488.8275
14.4365	4.1050	10.6837
134.9861	2.3738	503.7091
55.9331	125.8895	388.1130
11.6044	112.9978	330.2066
25.4234	121.0418	206.2598
141.3818	153.1841	17.3128
91.3786	79.6073	185.1036
158.0398	63.9406	510.0277
57.6595	91.1274	260.2425
96.8839	2.2011	248.7634
105.3291	86.2059	546.7028
3.0131	91.6855	31.4292
129.5094	172.1826	299.7941
163.0665	38.2174	408.1626
21.6693	154.0838	245.3931
50.2625	172.6112	495.2185
71.9543	58.9464	479.4986
152.0202	147.1930	412.5024
50.5748	66.8737	160.7115
27.2583	16.1849	78.8410
84.9829	153.6418	493.3582
58.0467	59.6955	326.7850
45.7754	55.4360	262.7981
113.8152	101.2314	516.5847
142.4775	144.5067	413.6657
149.4384	31.8744	223.1878
78.6335	20.2578	427.2362
101.9893	142.3621	290.8354
86.6971	20.3310	85.1587
61.6044	133.6845	0.4311
146.4325	118.4774	542.3327
156.1703	68.0329	481.3107
53.1308	162.4114	490.3978
48.1145	168.5222	185.8832
12.3428	22.7811	157.4999
88.6321	33.4733	271.9077
29.2422	122.2556	416.6936
65.5686	110.6481	122.0598
48.0152	0.8433	2.2372
58.1459	124.8254	164.3515
102.3923	36.5144	541.9376
146.8829	10.0071	558.3791
146.1302	58.9533	110.0456
165.5309	26.2757	60.1543
63.1900	165.6922	436.3663
146.5157	20.6624	484.4009
47.0005	52.6565	485.7890
127.9432	80.2592	56.8725
27.1260	157.3332	377.6704
135.2477	121.1925	548.2687
135.3414	149.5783	303.5875
164.8851	34.0655	274.2705
119.0771	81.4657	137.0433
149.9658	0.8057	476.8788
56.3912	1.3999	268.9214
32.4628	54.0766	176.3507
30.0510	4.2432	294.7924
12.1847	67.5374	288.8168
54.6814	114.4800	152.2717
106.6026	66.1223	288.4518
90.6289	112.7915	81.4585
63.0192	8.7749	334.7909
166.0274	3.8298	475.3880
93.1496	132.7848	458.0189
156.3321	74.9441	217.7174
100.7285	86.6554	94.7957
139.1725	114.9171	249.6508
38.8503	40.7638	258.9762
157.8497	151.2607	235.7780
124.9596	42.8887	136.0826
4.3577	166.4484	487.0345
105.3106	6.6791	293.1882
76.4250	149.8665	148.9330
113.8436	34.4980	42.5976
17.3571	27.4311	180.7021
171.9196	14.1539	209.9902
160.2884	141.8229	257.7917
77.8528	80.2727	321.5168
32.5251	69.1455	134.9553
26.1777	125.0823	253.0482
158.2797	113.4749	425.3267
16.7915	68.9387	363.5938
103.8522	86.7285	299.3568
39.3914	88.3296	502.1053
110.5327	52.4163	271.1383
164.7745	134.2788	303.1840
86.3928	35.8480	545.1405
62.6748	34.3268	146.4030
119.3222	125.1664	533.9051
162.2944	52.9172	156.4755
118.5326	146.7204	314.2649
163.3636	120.9617	390.3488
22.7158	150.8229	337.1844
118.5537	155.9158	184.9108
24.8521	79.2706	212.3586
93.8914	80.2319	78.9159
164.6187	16.4429	157.7876
18.0227	23.2327	169.8379
163.9288	41.0616	539.9534
164.1278	132.6131	377.4503
149.2267	47.1875	220.8819
113.5353	146.2888	260.2685
153.5522	163.6382	112.0889
168.6193	116.9694	228.6651
114.1707	11.0821	367.4727
171.5514	30.6679	232.7645
54.3463	119.1135	4.2006
117.8369	101.6405	117.3663
160.7076	59.2685	349.1739
155.4822	38.2818	90.5596
131.7986	71.5126	246.3959
137.9578	127.9234	127.9655
159.6675	122.7093	304.1461
104.5942	37.0730	492.3286
57.8462	78.7979	150.4678
75.7375	1.1437	555.8641
153.2723	16.9960	479.7202
20.3331	25.3760	107.4356
102.3056	110.3218	430.6040
22.6827	115.6497	65.6662
27.6829	0.5751	170.8106
114.5414	99.9181	519.0617
76.8629	114.5375	182.5632
38.2913	147.6729	455.1049
155.3682	18.1038	93.0912
148.4018	85.2847	57.3674
154.2946	113.9492	103.8534
23.9318	119.2663	209.6678
128.9074	71.7007	189.4526
45.4301	166.7220	434.7526
3.3318	33.3985	153.5610
147.7731	149.4329	183.9141
155.8533	81.6455	477.3586
111.3194	23.1605	84.9652
60.5137	124.5418	410.6379
122.5920	1.0062	339.8153
18.8026	79.5292	197.0088
64.7065	55.4882	345.2261
98.4989	77.7194	440.7434
74.2668	129.0940	251.1916
123.0673	46.7940	5.6833
72.5125	48.9815	22.0264
25.2437	125.0860	427.6191
90.0776	116.9095	59.0229
145.6716	105.4097	63.8014
54.8285	7.2319	268.4167
159.0140	127.6969	441.1520
25.5170	20.2826	442.4984
20.9632	38.2224	240.2690
134.3336	96.2179	27.0512
84.5787	35.5225	318.1064
91.7716	165.1733	402.0612
96.3418	73.4214	14.9208
128.4370	158.6652	98.7752
160.9280	149.3559	474.8654
155.8339	161.0376	344.5192
154.5343	86.2502	286.7557
81.1198	104.0022	510.2827
18.9516	96.2930	93.1024
27.6452	157.8129	158.1176
39.4444	59.4914	470.3163
106.6562	138.4802	48.9009
117.3669	51.5856	41.0222
62.5842	164.9876	269.6715
29.9200	154.9175	422.6332
124.7135	94.2154	424.4107
17.7057	113.3948	336.4616
109.7089	64.0851	442.4935
130.3214	79.0259	179.8359
134.3500	140.7249	308.3719
41.1089	166.5120	233.5883
20.8699	98.3451	15.9033
166.9475	82.3134	521.0844
79.4567	11.2335	156.7965
136.7805	141.4243	217.4363
51.3499	25.2794	86.3772
88.7894	50.0061	96.5091
151.7434	47.0974	425.1020
110.6719	0.7464	25.4514
49.6527	112.6341	302.4405
82.5930	15.7906	226.3229
113.6145	169.1641	123.7322
3.3012	143.2171	512.2157
134.8228	121.3973	404.3637
27.2234	9.2939	248.3652
101.9940	151.0782	407.9964
107.7761	83.5337	249.1948
87.4891	36.9274	84.1908
101.5885	138.5337	472.7780
91.1255	147.6942	518.9697
80.2965	162.0336	517.7326
160.3037	111.6909	204.1661
106.3979	23.1009	326.6224
78.9649	61.1737	249.7168
168.1801	12.5794	309.2083
130.1336	120.8020	373.5615
62.5039	123.8157	124.6079
60.0302	155.8569	308.5594
89.0628	138.3774	552.3280
19.8344	159.4114	516.7101
37.6621	88.4305	95.8245
66.4970	34.0844	174.9576
118.8949	138.1399	18.7501
50.7364	5.9655	440.5424
120.4120	89.8895	335.0432
32.2178	119.7686	133.0864
7.1231	87.3548	318.9856
102.7074	101.7059	361.0163
76.3340	140.5049	510.4190
28.8804	141.0194	406.3960
3.2297	89.7467	557.8651
84.3173	118.6947	72.2125
84.3325	110.5049	521.3829
106.1035	57.3531	168.4303
168.4875	22.4624	390.5439
100.7152	162.2392	550.3501
102.5532	107.0952	480.1412
169.5547	157.8268	143.5660
58.4321	110.1574	174.6658
13.7015	34.1666	66.1926
78.2634	162.6837	255.5135
31.9402	131.5837	184.7134
95.1919	169.3550	373.6564
159.8166	151.5370	252.3514
130.6785	166.8653	159.9504
128.3020	148.4178	551.7516
166.2290	0.8472	454.1096
12.1810	132.0503	522.7666
164.5150	136.8144	236.1151
167.6818	108.9712	503.5104
146.0601	165.5097	422.9686
137.0913	99.3202	165.9299
120.6399	67.3427	425.7020
111.2956	141.4921	351.3920
152.4061	74.3645	220.3863
124.3151	164.1907	478.2408
50.5348	52.9656	472.4272
26.2735	166.3441	481.9983
53.6388	150.9211	239.3559
56.1534	140.2576	270.5713
114.2669	50.6111	45.3723
54.7663	29.0684	49.2944
19.1441	16.1460	405.5505
10.6008	12.7770	540.1556
144.9063	22.9653	503.1882
40.0094	34.4896	303.0763
111.9299	142.6523	358.4035
76.3552	5.0998	4.7996
93.4328	30.0615	34.2202
136.8102	132.5991	38.1048
7.1463	59.4862	86.5750
35.5925	108.3789	163.1468
69.8832	22.9877	553.8769
89.2506	90.1375	94.7015
161.1040	164.3654	218.9828
27.4882	47.2881	188.1456
159.3075	167.8029	250.5404
148.2578	142.6403	301.0960
163.0330	108.1827	178.1540
170.8045	46.9744	361.2866
72.9393	32.3218	486.3533
143.5969	94.6882	112.8352
102.3978	58.2206	563.0077
17.2115	130.6972	563.0989
24.9979	140.3228	152.5473
168.9053	97.0041	304.7652
93.0569	92.1293	484.0767
35.3107	7.6899	230.6643
70.1475	82.4191	264.5385
68.9320	106.5149	376.7496
152.7342	169.2149	439.3315
161.3115	4.2491	373.6202
56.2064	53.6314	184.6807
59.0565	14.9489	145.0584
105.0034	82.6744	212.0637
86.8755	2.1683	447.0089
43.4515	137.9533	106.9224
73.7235	128.7725	551.7421
46.7580	88.1451	274.6514
48.3422	51.9729	210.5174
50.6452	120.5738	3.4805
44.5708	172.2705	164.6458
144.0562	132.0912	486.5146
3.5678	1.2243	73.9112
128.6585	35.5712	359.8566
64.3462	125.5792	486.3393
62.4831	77.1864	135.4900
81.9840	38.6461	401.8899
82.5431	4.8162	4.9375
142.0777	90.3720	392.8139
90.0872	150.9542	113.0704
44.8758	118.9028	459.0177
117.7822	2.0702	523.2054
38.9938	123.3923	202.8774
46.4143	67.2450	523.7994
127.2097	140.3031	507.5357
156.7168	32.1130	237.3632
21.1514	162.1386	533.1508
66.1250	103.8576	373.4862
19.5338	158.6886	399.1341
137.6745	87.7216	56.4085
51.3262	118.3157	96.8690
117.0609	146.8367	432.6852
130.6665	162.9802	183.4721
24.7418	35.3860	496.6749
36.5341	33.8180	510.7177
68.4379	66.0077	414.0432
161.0401	67.0900	368.9404
98.9450	1.6824	232.1786
141.3760	105.3152	142.1003
141.6291	97.4971	112.9023
80.8420	120.1036	125.5168
167.0999	23.5178	430.2929
169.3275	104.9488	526.2896
104.8312	125.3984	245.2448
127.2291	144.8244	380.7374
60.5451	139.4338	367.6773
170.0071	159.5860	508.1612
3.6953	102.4273	376.0847
96.5487	119.1322	256.9675
65.6153	106.2462	407.2307
145.1501	89.4906	104.0594
96.6333	21.6145	32.7726
162.3801	140.2928	483.3352
69.9249	60.5329	259.1785
65.4241	0.9436	386.5025
120.4319	13.4094	89.2773
115.6872	49.8894	176.9178
26.0532	15.5100	77.7782
123.5458	123.4915	349.8457
72.4244	33.9416	141.9851
66.2027	147.5187	482.0106
153.4422	28.9706	263.0141
80.7759	67.5840	181.9423
141.6169	4.5590	156.3843
76.4445	41.4131	222.4869
16.2707	13.0434	533.2216
149.9878	114.6336	39.6581
78.1899	151.9942	355.4055
0.2829	72.0195	173.8713
114.5801	142.8845	177.8736
78.4012	127.4922	372.7009
153.9761	46.4567	403.1211
68.8986	65.8767	0.8948
3.8973	36.4090	154.5136
17.4030	164.9592	75.1673
120.4922	110.4807	375.1272
123.1907	131.8938	437.9121
130.0956	104.2919	182.0089
158.2033	10.7618	65.5043
134.4775	124.0316	415.8187
143.0867	59.5429	44.6580
100.4408	84.1351	334.0812
100.7685	64.0884	137.6825
138.9289	44.6790	333.4302
22.9526	111.5419	45.3686
121.0130	45.1191	203.2778
29.1624	58.6739	526.4918
32.4115	24.4306	165.5856
3.6074	34.7610	129.8223
77.0540	58.6384	490.7106
72.0288	35.5009	365.0598
33.9333	10.3029	400.7135
139.9724	115.3213	189.5861
57.0460	68.7870	385.1471
2.4855	87.9219	320.5107
34.9849	157.2542	96.1757
145.9785	21.3676	436.9646
136.7988	121.3131	229.9059
99.6673	81.1563	376.0350
12.5227	5.5225	223.1212
46.3006	171.3854	240.3504
42.6818	121.2377	149.8790
93.3510	5.4438	136.7825
120.0065	128.0439	465.2160
93.2283	91.4493	385.6925
147.5104	159.4613	119.0282
84.2436	79.2236	398.8826
61.9328	7.7801	149.7396
55.9475	12.3070	439.2895
76.3850	164.6735	143.2569
83.1473	11.1534	422.4593
93.5094	22.0268	499.9028
150.1635	109.3183	86.0282
18.3950	164.0027	310.5917
11.3196	40.6584	197.8799
19.0097	68.7860	23.7168
124.2127	172.7628	334.4162
152.5363	115.0988	83.0911
115.1302	77.1292	149.5616
152.9969	24.8418	34.1294
27.8639	34.1536	115.8271
16.6745	152.2508	325.9614
168.8494	9.1935	208.4593
163.1972	20.7937	138.5786
131.1329	120.1828	259.5120
128.3610	51.0896	37.0518
54.2196	73.8275	389.4828
25.7644	106.0687	439.9048
26.8527	101.0840	367.9038
28.4929	38.5563	162.2020
78.4304	131.8117	416.4540
45.5336	101.2492	361.5785
172.6739	160.6615	498.3572
60.5703	30.8984	197.8747
68.8245	140.6416	19.3177
134.0638	2.3473	390.4389
164.9256	95.9544	88.6369
165.9823	133.7681	273.7348
130.1428	107.4007	102.0149
107.8544	95.7925	424.1588
148.5387	75.8843	82.5390
121.0510	15.3771	60.2013
146.0973	49.8147	370.7701
130.0158	17.1015	138.4796
114.0664	88.3551	541.2795
91.3321	86.1278	372.3070
37.4879	106.6202	173.1868
56.9904	5.1975	420.4801
136.8845	98.2540	63.5664
80.6642	108.6915	63.5964
104.1402	84.5662	101.0598
151.5270	21.0604	177.5123
66.3231	29.5630	267.8776
66.9945	156.5300	278.5478
104.4877	66.6751	513.3954
109.9905	12.1958	330.3218
164.8526	4.8969	387.6221
151.6447	96.3421	103.1997
18.9253	34.2060	488.4603
78.3336	151.4352	278.0571
103.3451	102.5259	165.0147
94.1183	95.7446	537.6464
152.6208	26.0845	89.1076
25.1774	115.1010	67.8734
123.3361	149.5251	446.0161
29.5333	104.7305	46.6051
139.7590	53.0263	326.8275
1.7168	155.6812	464.7601
141.9031	108.7839	189.1086
135.9962	52.0065	304.6641
80.0013	91.6612	86.2222
64.5182	2.1327	519.7429
70.1985	55.4411	473.6448
53.5894	154.8212	248.8787
53.6268	147.4167	432.3609
105.8636	21.5378	320.5797
63.0735	37.8572	276.8746
117.3542	140.4235	420.1138
25.5683	53.9859	430.2345
19.4941	117.3590	183.1429
68.6275	58.3545	27.5889
133.2990	3.5575	337.6821
25.3543	131.5641	176.7807
152.0037	167.6016	194.6881
65.3145	72.6793	510.8348
140.7379	2.9762	489.8345
77.3175	76.8833	96.6647
67.7377	42.6967	119.3876
126.8214	147.5616	420.1484
144.1702	25.0379	163.3850
59.9640	38.3255	431.9316
114.7661	20.0325	147.6879
24.3014	91.8643	89.4238
80.4503	56.4633	506.8170
103.2897	78.5443	557.1672
71.5665	86.2835	367.0180
153.4842	155.2678	180.6580
164.2296	115.2819	412.9329
164.7403	89.7882	374.7590
24.7000	113.0229	489.8857
143.3270	56.4977	191.9146
85.1241	84.1366	279.6116
172.8635	151.9000	243.5315
126.8720	71.9295	418.8437
85.5380	133.4466	16.7292
51.3092	133.1811	68.1500
2.3257	75.6743	542.4987
94.7417	58.3553	303.9826
47.5147	90.0417	264.2282
68.8154	5.8462	562.4113
157.9536	61.9822	134.0443
76.1525	3.4790	27.8779
32.3921	75.3115	129.9413
53.7483	128.0785	372.7593
39.5354	40.9520	6.7359
159.3432	139.8908	96.6719
168.8847	127.9361	530.9956
48.1097	91.5792	283.0169
106.9855	94.0795	536.0570
159.8465	145.3525	219.7621
145.7459	126.4840	19.6724
32.4832	114.8136	64.8236
14.3307	77.4108	193.9603
19.6742	12.3521	529.9832
111.8589	36.2333	136.8775
79.4785	42.4537	266.6676
30.9680	157.9058	98.8685
115.3638	19.9276	542.5271
93.7741	22.6601	259.8376
168.7535	163.5032	100.0440
81.0577	21.3136	15.7803
89.7707	148.5545	473.7978
110.0398	35.8502	13.0446
11.5112	119.0957	147.3757
151.9624	103.9392	337.4987
171.1947	168.6774	297.5474
93.3705	8.3939	139.1451
48.9699	86.4232	517.7216
122.8730	133.7067	398.0983
80.4283	113.8336	497.8319
20.3681	98.8372	411.4583
22.0900	22.3619	166.3574
168.9785	170.8196	161.0625
72.5691	39.2855	415.0126
140.8405	46.8054	417.9470
46.5314	161.9594	416.6791
90.2607	157.9574	339.7321
133.5592	158.6485	158.6841
40.7563	26.1960	63.9437
34.3886	4.1128	228.6200
147.6031	46.0498	76.6238
18.7033	85.9262	557.6571
21.3722	116.3060	64.1612
128.6513	79.8237	385.1046
133.2331	53.3078	416.8727
9.7591	135.4984	534.8147
149.4702	159.2166	532.5934
75.3105	111.4996	518.0708
142.7513	110.8211	69.7842
108.6674	170.5647	437.1437
81.3329	146.7560	163.7854
52.4544	132.1214	398.5366
52.9130	121.7258	90.0705
108.8397	105.9208	453.8959
171.1920	3.0051	207.9358
154.1600	125.9967	495.1045
109.1554	28.7197	323.1056
103.0560	61.9196	186.6923
152.4082	57.9040	22.9014
1.2330	71.2008	490.1727
28.2424	17.2115	247.7858
36.9162	25.1073	211.7925
167.1639	23.8900	508.7628
155.4861	147.3681	40.8719
60.8043	123.8872	142.4075
23.6545	42.0530	166.3694
3.2854	134.6828	207.1287
10.6964	101.2733	331.0003
139.2881	5.8291	508.9635
56.7858	165.1528	339.2368
141.1552	51.9236	382.2863
130.6880	132.7998	178.2952
159.0067	24.5056	219.3747
170.2477	162.0726	481.2267
114.7129	32.2986	354.8243
58.6110	164.7275	226.9573
45.6036	81.6481	98.9106
12.7055	77.9929	29.0994
150.3875	126.0414	315.5785
78.5679	166.5871	369.1491
46.9010	22.4771	217.8029
54.0736	29.2882	235.6567
7.7039	106.6267	215.6315
72.3544	57.6997	497.7992
107.3624	72.6793	230.9772
5.1976	99.3248	97.6527
103.3736	121.0342	299.0729
172.5796	53.6445	38.7616
95.9464	38.4201	288.2550
64.7101	79.6329	221.8589
148.6547	89.6222	404.6479
6.7882	63.0109	472.0750
111.1083	68.8502	157.8333
29.9621	10.0522	218.5342
87.1892	125.0709	180.3683
167.8508	122.0330	391.8805
140.4823	119.1051	310.3941
106.9815	12.8958	123.5389
57.2665	145.1837	173.0119
140.6522	89.9823	366.4893
113.0638	69.9728	554.3878
132.4031	20.2459	514.7747
48.1494	79.0408	135.0309
66.6955	152.1939	436.3951
151.5805	106.4184	66.2764
103.9919	39.7259	444.8467
78.8433	164.7979	438.2086
152.6594	9.0267	450.8189
164.7583	161.1169	384.4231
142.7276	164.4678	351.6980
121.2456	28.1018	278.7791
136.4304	27.8056	116.5864
56.2983	109.9650	491.3100
52.0875	116.5725	508.6501
55.9214	153.9762	279.7976
8.6937	64.1891	169.9681
39.4634	57.4696	39.9721
161.8928	171.4142	2.7552
126.0248	48.7695	122.5686
43.4739	106.2744	167.4131
45.0634	11.8652	146.7387
126.0875	134.5089	172.3392
170.0123	23.6782	460.2674
150.3267	12.1375	171.0349
86.5728	118.5530	77.6029
3.8036	145.1174	396.1871
64.6992	54.4092	521.2717
89.4344	141.7366	24.3921
49.1823	157.6407	527.7949
172.8611	75.3624	292.0775
83.7044	46.8809	381.3817
158.5511	158.1970	290.8471
51.1843	34.8475	64.5957
105.3792	13.5899	127.1053
172.2340	150.1226	277.4306
148.3569	132.1566	237.7912
3.8847	76.8093	182.0115
132.3537	64.3521	424.0713
52.8096	5.4705	253.0574
99.8550	66.7635	124.7497
63.3267	149.9006	266.2868
122.6149	153.1852	285.7567
70.7090	127.8367	335.7061
139.9724	154.7148	324.5315
35.5482	101.5793	85.3871
82.3724	32.7355	186.1824
20.1843	86.3140	123.9171
148.3731	52.8817	161.8984
143.2987	62.1326	97.5992
132.0104	13.0977	163.7302
110.9478	98.4678	483.4341
124.1602	111.0874	60.2341
54.4109	6.2601	409.1101
90.2347	12.4374	491.6840
21.9705	165.8568	273.3292
58.1967	50.5770	102.4918
162.1447	66.8860	34.5783
51.0739	24.2790	42.7265
2.1451	114.4573	409.1838
62.3508	1.7807	331.5756
111.1375	11.5608	217.1534
157.8546	72.9303	81.0483
85.3453	31.9190	5.9197
10.3504	23.1706	18.4241
164.1722	11.8675	288.3878
105.2123	22.3511	312.1329
9.8066	30.3799	205.7571
105.9465	131.3440	259.1218
56.0908	164.8959	336.4128
161.4556	25.7739	90.2607
80.1386	50.7723	74.6961
90.8930	132.4621	385.4713
109.8665	3.3520	356.2682
106.1599	83.6481	556.9860
145.7165	20.4866	449.6667
125.7681	139.2499	146.8717
31.4829	53.5560	180.2094
64.8606	85.4147	47.0116
76.5449	76.5143	392.8596
44.3505	41.0293	410.0058
58.6004	65.2435	323.4556
111.8719	96.6693	402.1148
68.5184	135.3427	170.7355
72.7271	53.1650	0.0607
165.1775	6.8797	64.3617
5.3469	158.1968	507.0716
106.2534	87.9926	209.5143
75.1197	12.2438	192.8592
73.8865	103.7639	394.0921
60.7796	27.1307	353.4159
67.3933	97.8744	94.0838
66.4495	82.4001	433.1164
107.9526	86.2130	545.2388
69.1621	144.5868	379.1893
109.2432	73.2582	210.2597
58.8048	18.9944	341.6935
169.6338	106.9501	27.4720
84.9441	84.5263	522.3453
96.6165	90.1594	244.7416
126.1030	127.2311	432.7737
87.3780	145.6784	178.9456
131.4865	145.7510	305.8799
68.1060	31.5328	117.2605
103.2956	169.4468	109.1186
82.9775	42.2571	53.0646
78.8696	64.2079	373.9502
150.1537	141.5146	195.6215
125.3343	31.0956	311.2227
34.3732	4.2727	157.6837
101.7936	22.1315	409.7309
91.6808	106.0017	343.0760
111.4336	23.4674	304.6139
2.4350	144.2020	362.0231
49.6321	65.6498	130.2758
7.9024	130.5517	296.6211
141.4579	133.1016	132.3871
135.3666	53.3817	288.2139
51.8404	87.8222	137.5967
98.5987	144.2477	221.5790
6.5329	93.3178	40.0076
151.3362	9.7961	430.4270
134.7482	106.7847	218.5988
85.2865	154.2593	486.9444
146.2804	166.0333	529.2119
5.4148	97.4498	385.5250
19.1470	25.9059	50.2632
166.2288	48.0503	329.7653
39.3485	104.4194	270.1232
60.9835	93.0095	382.2391
63.9113	158.1526	0.9669
108.7474	4.6701	31.7916
75.2574	84.0060	348.0059
141.0265	153.3247	79.3700
86.7325	153.3010	358.2065
51.0706	20.2882	375.8824
126.2257	30.3026	470.7488
39.2344	107.5623	370.8749
59.8586	0.7016	549.7405
154.6626	50.2657	213.2563
137.2612	40.0365	259.9123
58.5105	105.6657	174.4974
54.7095	67.3738	400.3271
142.2597	168.8160	527.7932
9.6973	144.3936	192.7592
22.2503	166.9589	318.6643
44.1383	74.8339	286.4521
107.0783	11.1829	208.6744
81.9589	16.3156	435.1024
140.2111	21.5888	445.8116
68.2890	143.5819	538.2401
4.4491	4.4836	464.4105
62.2419	128.1662	405.8873
114.4252	167.1313	361.4503
147.8027	133.8842	124.1537
91.4007	147.1463	429.6118
135.2337	115.4668	92.1407
13.1022	134.9197	352.2797
90.3895	54.8947	91.6443
23.2023	25.7013	125.8791
32.5167	150.8128	476.7617
2.1411	170.3743	435.3545
14.3393	56.4869	94.0724
124.5716	81.6833	480.5713
68.8498	21.4154	432.4783
166.7309	29.0892	201.1074
16.6506	8.1455	114.9301
53.1983	159.2659	551.9369
102.7649	105.1250	256.4580
40.4768	31.9886	232.9724
49.8754	99.7698	516.5701
97.3448	62.0151	551.7060
161.6838	22.4645	511.4582
63.4868	81.3093	482.9850
106.7121	170.0907	213.3194
73.1333	155.5425	168.9842
87.0734	147.4323	259.4059
169.8656	124.0422	123.2861
40.8212	64.7088	115.0428
111.7274	79.0908	479.2101
111.7285	165.6633	55.6621
83.1340	54.2269	504.1763
95.8686	69.9644	388.9686
13.6013	42.3896	239.2302
69.0677	69.3658	414.8488
109.2131	80.3227	285.2717
44.8085	111.4223	340.4326
39.7133	33.6468	405.7052
7.8544	109.6013	153.9703
107.7738	65.4288	360.7239
70.1033	112.6862	489.8809
111.4838	168.0551	155.7797
163.2353	0.1988	394.6131
10.6170	74.6427	120.4919
88.0859	114.2648	35.1865
56.7416	24.5741	169.3814
110.5531	172.6150	249.1441
118.5182	65.4708	333.7290
33.7262	153.9728	132.0811
56.9712	16.6526	112.7502
82.1734	79.1951	256.4462
172.0351	96.6172	290.2144
37.2265	111.1901	123.4775
142.4400	160.2891	295.8404
141.8469	0.3872	93.2828
2.5932	91.2897	121.3034
113.7205	34.9206	434.1643
47.5790	107.5432	516.9687
137.5355	48.6720	51.7529
134.7664	108.7525	2.0751
50.1265	87.0134	270.9510
121.5218	38.1879	388.7834
63.7986	111.1600	446.2137
90.8610	10.4944	478.3327
96.6609	137.0335	23.7621
61.0161	118.3841	355.0078
125.5360	24.0166	106.1769
61.9312	35.4141	95.4173
68.8298	108.4916	403.7552
13.3606	40.6427	377.6486
158.8422	1.4718	360.4437
171.7277	53.5281	52.0004
90.5807	93.4051	392.9660
13.1651	18.1833	216.7100
22.5621	78.3105	277.3661
22.6844	163.9423	450.3246
92.4122	133.6586	318.0634
99.4517	37.6086	368.3862
8.1941	106.0514	231.6870
81.8985	53.0387	105.1779
14.3640	68.4226	184.3842
83.5234	64.2162	559.3121
145.3601	65.7207	62.4636
156.5770	170.1198	11.2680
53.2163	53.4441	521.7284
108.4258	94.7123	132.7190
65.3449	170.5213	8.0838
8.8635	36.5856	285.4775
118.4418	22.3691	418.7614
16.1884	11.2191	118.4777
38.5465	133.8228	144.1275
118.9644	54.8228	348.7486
47.2688	33.4996	487.6879
152.9298	73.0797	371.4142
65.2537	49.5068	289.9741
129.2057	15.6038	332.3790
161.4590	18.1690	380.3066
32.0433	3.5460	292.7310
109.7776	156.3184	521.6435
71.5425	67.0377	164.4579
4.5349	36.9350	340.2936
53.1426	129.0996	200.9733
25.8024	134.4797	482.6415
113.0591	50.5144	3.2781
119.9549	98.6486	47.8099
41.0550	77.4190	121.1202
154.9291	160.0733	57.6329
168.1331	145.8427	500.1488
34.0619	29.7852	166.1248
19.2757	160.7745	139.6800
139.6152	102.9497	425.5401
7.4968	18.5529	166.4936
46.0187	10.3226	74.1795
47.0782	156.3608	66.2600
78.7741	19.2654	426.5628
128.6297	29.1493	223.5481
32.7356	137.9446	298.7695
24.9472	142.3267	475.2279
130.0920	122.2606	200.7794
146.1836	22.7699	520.5511
167.3551	151.3753	381.6558
86.5956	72.9967	532.5762
143.1927	50.8211	555.1397
103.2371	105.9426	34.4481
161.4909	76.5309	233.7153
71.0604	59.6015	514.3465
137.5322	93.4987	341.3954
140.8687	108.6446	439.0026
167.8646	7.2953	368.5175
124.7449	111.0744	150.7887
74.9231	96.7645	460.5035
91.1421	78.6552	499.1256
74.9103	151.6114	420.1360
145.7989	71.5751	87.4971
153.5489	110.0585	16.1393
140.6206	89.7254	402.7367
48.8770	153.0029	204.6556
17.0850	91.8327	68.7258
73.2636	18.9100	314.4315
42.6695	171.7522	374.8376
44.2210	12.6937	118.9505
107.0696	165.2035	156.9465
2.9819	29.9451	165.2582
93.8149	169.9244	350.0926
58.5856	82.7234	257.7154
160.1641	165.3125	57.4147
116.5253	42.3072	81.2785
44.7074	154.1498	555.3844
115.9022	137.6804	268.3748
57.1036	110.3813	99.3924
139.9013	118.9072	1.3178
104.2196	168.8806	89.8673
137.2088	43.2082	78.1939
71.4286	158.1981	93.5577
130.6188	147.4574	450.9030
9.5339	119.0896	328.4499
100.0301	3.0022	144.6311
9.2876	60.1268	24.4374
161.4137	148.1304	388.4282
32.4474	49.5656	411.9084
30.3131	160.5360	256.1769
152.4948	131.9247	169.8564
65.1960	121.9511	11.2191
80.2625	58.0653	256.6679
80.0787	9.7812	173.3857
38.5895	41.6331	511.0818
94.9711	152.8884	145.6627
22.8707	147.4500	163.3618
113.8028	7.0581	370.9418
95.6581	159.2795	501.5370
150.9299	24.5580	58.7666
71.9383	53.3795	295.8471
107.9491	36.6413	45.1566
100.0490	145.8711	195.4154
77.3940	35.5594	178.0921
93.4964	15.0663	432.4803
97.2572	107.1269	539.0120
32.0049	47.2150	216.0808
85.8337	140.8031	296.7628
69.8412	39.6253	144.9116
43.2064	172.8708	174.6226
102.8070	116.7218	508.8741
100.5105	145.7159	210.3057
161.8869	88.3328	435.9790
168.6467	131.2175	367.6062
104.5442	170.9608	25.1748
19.6117	162.6978	518.3008
89.3071	90.0798	186.4785
134.1251	159.4178	173.3774
73.2513	65.2273	495.0351
104.2306	144.6356	425.9031
108.5796	46.8709	345.3637
6.6963	106.0138	181.6370
132.2659	98.0532	440.0669
74.1393	3.2572	27.3626
123.4576	38.0697	383.4897
1.2935	24.7678	73.1336
50.2042	42.5929	79.9641
28.4713	98.8992	443.0163
144.1803	145.8147	231.2391
115.9674	135.2708	158.7196
70.5813	111.0688	269.5343
23.8538	109.6099	470.3695
49.0271	19.1207	56.1936
156.5331	114.2774	502.1664
171.0249	72.6230	259.5552
54.2028	70.9454	163.7280
86.4216	60.7912	386.8547
24.6170	112.2085	422.7402
96.5388	96.9992	562.3148
92.6006	18.5551	99.4042
23.5524	7.6588	323.1015
124.7589	154.0109	444.7287
149.4452	135.3545	260.3208
110.0102	94.4313	81.0163
98.4646	19.5471	220.0079
120.8586	19.2215	77.5173
29.0693	67.0463	267.4196
53.8362	136.3351	119.6885
145.3370	53.2671	560.3921
61.4868	108.2547	502.6414
55.7658	168.6935	429.4807
128.0387	64.5184	296.6865
168.6500	12.6875	298.8019
65.9071	33.7004	464.9011
15.0670	42.9571	11.2078
2.9928	56.9043	1.1447
40.6375	120.9170	21.1635
117.3840	14.7231	282.2290
88.2362	17.9120	482.2523
147.5030	161.5880	336.3299
4.0138	57.9364	73.8738
87.4452	103.4311	97.0600
111.8482	141.6912	438.6444
137.0890	50.5373	128.6619
13.3458	92.2185	297.1628
77.7966	26.5270	420.3420
136.8775	171.0016	499.7244
148.5628	77.1294	59.9889
3.6947	143.8651	7.1476
118.5256	5.9916	175.9828
47.7467	113.3254	158.1237
131.8291	107.4534	283.7716
105.8669	10.1358	234.3478
87.5985	128.8098	121.2468
144.6390	58.6668	61.4660
127.2774	64.9167	284.4720
127.9368	129.8714	53.5145
140.3280	56.6793	276.7900
95.5805	19.5558	376.0213
121.0586	99.3256	200.7456
75.0093	41.4205	513.3358
38.2027	132.0993	28.2768
172.2560	82.1748	256.9155
8.1451	67.7787	416.9580
146.0467	1.5422	184.9868
20.3670	130.9069	438.2495
96.0208	57.4194	314.2648
5.7720	0.9009	91.6924
90.5331	99.7044	471.1092
90.9744	126.8981	20.1016
146.4904	26.7359	503.2416
116.9891	134.9204	38.2412
127.1887	32.4294	158.1059
160.3157	74.0495	552.9912
139.1380	148.6625	223.1374
117.8255	0.7654	0.0532
157.2287	83.4882	465.6680
139.7555	91.5613	66.3913
166.5135	131.7666	408.4528
19.7509	88.2156	540.0981
87.1598	43.7906	68.1699
120.3363	104.2896	130.6457
8.4840	31.4325	60.0713
117.8955	61.5684	389.2900
109.2323	102.2397	140.4535
98.9517	102.5572	539.5361
131.1796	83.1577	37.7038
123.9874	153.9395	19.0812
44.4043	60.4555	282.1321
128.2098	157.3601	240.1692
64.6096	76.1065	36.8052
166.5677	127.3229	498.6759
69.4750	54.4435	536.9284
79.4383	147.6128	450.3022
75.2137	51.5448	326.7393
81.3700	93.9923	233.2367
159.0435	122.6067	293.8313
55.1167	58.8784	368.2914
168.8606	128.9456	556.2802
66.1101	13.6284	558.4883
60.0420	24.5426	554.5476
106.0671	20.7023	397.6910
23.1784	114.1495	494.4961
158.5186	141.0165	215.9845
62.5319	92.7755	304.9904
41.2395	18.3796	139.8171
60.1024	167.9318	237.0202
31.3209	145.7068	404.9079
130.7684	87.4208	336.5890
39.5318	167.5357	53.1538
46.0664	21.9040	233.4181
1.2717	30.1665	413.4834
27.3296	95.3317	368.1592
19.0484	131.7662	297.2251
125.6010	80.5509	47.8402
164.9233	114.6681	216.2569
110.1240	21.9924	333.0029
31.1817	133.8386	472.7661
14.8921	167.0496	420.1608
110.4267	63.0252	150.3073
101.5694	44.1472	130.2013
129.2972	146.6412	466.7303
9.8117	26.2009	134.9446
109.8039	155.3359	273.2379
42.8633	84.3773	222.5786
9.4114	97.0418	289.4579
131.5596	9.7820	146.1578
113.2230	12.1117	254.1899
62.4499	104.1540	218.7638
66.0186	138.7831	138.1980
79.1879	27.3706	153.6108
149.7514	31.4190	271.8549
66.3000	109.2120	182.5104
52.1633	4.8972	323.3509
114.2657	33.6852	178.1751
45.5787	87.1918	385.1415
96.5879	64.5747	171.2371
125.6120	129.8660	398.3165
36.6315	135.7414	134.8980
37.0165	0.2563	275.1517
67.4004	65.2498	272.5732
85.4352	110.9611	221.8457
104.7545	74.9751	137.4092
36.0234	54.2948	250.6529
134.4418	169.3973	296.0966
26.0687	142.2643	285.7926
121.8588	25.5590	208.2182
148.6127	71.3135	162.7588
171.9591	77.4903	292.9357
129.9125	169.8006	358.7873
64.0304	164.6661	250.1283
77.7208	171.6586	105.0466
104.1486	27.0318	460.7228
141.6885	4.7317	153.3748
138.3828	26.3994	226.7509
92.4483	35.8349	503.0495
29.0466	14.0394	54.2740
130.1788	152.0058	296.4498
125.4942	128.4342	51.1627
150.8309	46.2719	538.1227
156.0859	147.6961	162.9145
74.1874	74.3309	447.7681
158.6529	10.4274	191.4941
52.7843	56.2686	191.4187
134.6173	131.7308	19.8459
83.5655	22.9494	244.6096
23.4131	0.7468	501.3611
90.6365	24.8042	559.2810
42.5532	6.2983	476.9457
132.2582	13.9350	378.5709
66.1556	100.6606	477.4868
91.5200	101.5444	313.0593
26.4884	121.7631	110.3127
3.6806	128.8805	542.3012
139.9956	146.6907	96.9213
13.0367	117.2044	481.6104
60.8168	124.8181	401.5236
67.1440	132.7427	511.1118
168.9749	23.0764	454.8322
60.2379	120.6377	321.9649
135.1902	132.3759	64.1978
172.0851	28.9624	167.4301
162.8507	73.6401	33.5318
30.1048	61.7259	89.5255
141.1802	123.3468	521.8717
37.4222	17.6939	355.8680
24.5453	136.5659	363.0978
43.4499	52.2284	381.8370
148.9184	46.1784	89.9120
142.0134	107.3928	80.5121
163.2838	18.1471	558.5946
115.4911	127.7828	374.5189
83.9779	11.4284	210.1512
75.8642	148.8795	560.5102
86.7201	40.6525	489.6220
158.6062	101.9867	284.2023
71.4589	4.9687	413.5781
74.6734	56.0154	144.0002
50.3143	167.0950	540.9745
59.8352	16.8093	161.7591
41.6632	77.0073	227.1849
132.2326	58.4160	76.7020
63.4336	0.8275	529.3341
157.4024	133.7636	520.6561
118.2758	107.5675	266.2309
64.5237	72.8114	340.9981
151.4923	161.2681	491.0286
28.6193	128.0379	50.4783
168.0183	9.2496	312.2240
99.9115	166.4242	356.8915
42.5909	162.6723	261.1102
130.9142	61.2696	427.2804
55.5277	48.4338	480.4377
51.4568	28.6209	171.5943
96.1555	21.6358	63.9981
49.0286	102.6602	79.7025
128.3646	151.1813	16.5505
167.3481	28.6233	225.6335
67.2028	170.3676	443.5021
85.6271	45.3286	419.5955
2.5406	75.0924	273.7565
54.5726	67.5213	293.7072
158.0405	73.7155	85.6281
54.3527	143.7454	545.0427
15.0037	56.1100	341.5250
50.9906	44.0303	460.8017
114.0104	86.9175	166.8734
115.7494	159.9172	484.1086
35.0563	74.4462	120.9353
164.5012	170.3390	557.1872
114.5994	7.1180	507.3965
8.2034	1.2325	151.8114
117.4065	124.5090	548.2619
132.7664	36.1304	361.8910
19.3923	82.3782	408.6690
124.9296	127.6553	441.7822
138.2932	45.0913	492.8394
29.7658	15.5673	94.4720
104.8338	7.2988	445.1590
54.2175	77.6838	376.0453
5.3044	27.1054	138.1748
80.4645	23.0624	429.0403
169.7862	33.1132	280.9963
101.7505	109.4314	257.5381
129.2211	170.4437	164.6838
70.5443	60.3429	468.8134
68.1499	31.5118	14.7405
89.1667	151.1084	545.1826
157.6260	17.0320	283.9223
112.0598	24.7700	428.6160
15.7531	164.4850	513.5960
129.8606	46.3870	273.1614
109.5706	102.2539	552.8918
88.5612	82.6783	426.5474
86.0664	143.7608	384.6216
90.9638	139.4228	294.8408
114.3048	9.4823	44.0367
31.1841	1.3839	323.9008
40.8681	33.3480	290.3898
63.5940	11.5506	527.8697
127.2691	48.0817	280.7993
116.9597	93.9776	451.9976
24.0437	122.7859	178.6274
123.6425	53.6100	496.7231
63.7707	152.1298	0.9249
73.8991	14.2042	128.4059
36.5616	69.9089	261.7959
171.7475	35.8856	326.4888
91.1688	123.1695	537.8692
67.6857	114.3636	360.9150
137.7580	169.0620	468.2891
105.6299	147.2553	414.8022
75.3571	170.3363	347.9901
144.5849	69.1424	261.5410
12.3635	41.0801	340.8468
88.1516	141.9451	384.5169
62.1898	95.0600	116.6290
114.9771	107.7978	402.4578
68.7470	9.1594	60.6565
157.2727	136.6871	461.4928
33.9731	45.7866	245.4059
93.0433	9.4024	526.0711
171.7327	86.5187	5.0722
96.4024	158.6217	28.2746
65.1999	165.7028	253.9940
52.9009	133.5049	448.1369
84.2167	127.9782	247.4535
159.6970	42.9107	100.5384
40.2439	1.6614	391.4237
129.1032	109.6294	3.6544
42.0304	168.9383	266.7401
94.6048	150.8822	268.0516
72.1642	89.6541	522.0797
110.7427	76.2751	149.3518
57.9088	96.5507	355.0535
41.8460	93.2400	514.6288
162.6919	43.1178	32.3623
128.0385	41.6267	292.1608
14.0396	15.1970	332.4374
153.4462	57.7241	481.1335
24.9261	153.7969	136.6660
86.7559	17.8187	254.8825
168.6204	42.2731	69.1946
14.3157	129.7245	445.0311
44.6873	32.8929	295.2337
83.8120	164.5837	537.3023
137.9028	170.7229	482.5920
151.5992	8.0840	97.6566
99.0200	5.7105	550.8804
30.2671	1.4624	150.1868
92.0682	76.0432	350.1584
68.4804	115.8919	319.3304
79.5401	13.1505	4.1999
18.5704	13.1719	370.7802
7.7104	121.9343	244.6818
12.5984	43.0827	245.7268
127.1068	37.8952	404.6126
58.8208	141.3206	527.4872
149.2378	46.3948	129.0800
132.7696	37.9082	404.4735
164.4669	59.6546	527.0793
128.9328	53.3251	508.8912
131.1733	3.6377	312.1728
134.4006	40.3044	340.9077
88.8835	46.4898	344.4462
98.2448	32.2489	7.7793
66.4153	97.2601	114.6046
18.3193	98.3249	383.4797
152.6426	117.6283	41.4381
88.2889	31.3144	551.9491
20.8673	65.5938	85.2932
73.7684	155.7557	137.2180
0.3162	147.3364	479.4961
115.9788	124.0936	472.7637
172.8062	4.0210	206.6242
20.8820	3.1896	217.6206
16.0619	127.2552	1.8512
155.2324	143.6790	553.3644
164.4804	16.5189	515.3350
116.7241	93.7292	450.2575
59.1873	167.5903	538.2735
166.5412	6.7781	370.4370
98.4625	9.6385	241.7159
71.7098	81.9339	14.3470
6.2417	118.4078	141.7338
126.1191	154.5353	275.0552
60.6618	9.5925	409.6607
132.2656	68.3622	250.3736
67.9164	134.1877	20.3830
70.5110	93.7379	94.7587
20.3125	87.9921	221.0168
96.1999	26.0860	72.1680
46.5747	48.9036	92.6668
42.4354	158.3053	71.2239
25.5965	125.3798	87.7012
18.8348	132.0536	284.7456
3.0717	49.4122	553.3745
1.1550	27.3885	137.3997
156.9317	142.1081	301.5677
55.0032	30.1518	90.3873
60.9316	59.3201	319.0869
156.3163	57.8817	376.1467
30.3427	147.0762	371.5814
17.0267	87.3661	404.9052
11.3879	1.9699	458.7196
101.5706	165.7284	16.0987
163.5451	146.1445	319.4009
39.2780	136.3093	170.4280
50.3312	101.2144	71.4126
171.4734	11.7869	277.6956
24.1727	168.3597	281.8723
130.8233	44.2419	286.0357
109.7415	120.3436	477.6458
16.2195	171.6543	535.3756
29.8655	17.6333	179.4533
31.3448	145.9500	233.4980
67.6888	34.9210	103.4320
109.6968	91.1894	115.6846
129.3799	56.0221	301.4496
88.6089	143.2115	471.6150
160.9817	68.4632	375.4765
7.7015	28.1340	490.9347
20.5023	101.2751	101.7085
30.2504	67.7558	54.6298
92.6920	157.0862	421.6576
66.8901	105.3250	168.6101
84.1577	146.5200	260.9435
36.9948	40.5402	527.9161
104.0580	172.4665	254.3751
33.9506	51.7027	370.8378
115.0384	151.8273	303.3337
168.8639	75.6845	275.2363
92.9149	124.0299	415.8388
38.7955	119.6189	39.7541
86.5068	123.8766	406.6875
140.5871	29.2349	386.7082
158.9039	46.4499	7.6648
51.2619	94.0585	277.2114
88.9894	141.4312	297.5641
130.8871	25.6133	383.5053
142.6853	2.3417	541.0533
157.1918	51.2759	382.3532
170.5664	69.0510	509.6410
160.8401	112.7945	550.4286
153.5133	20.3783	97.8221
127.3866	76.0139	161.0036
85.2964	157.9959	510.7410
131.1988	13.3265	130.2375
4.5904	113.2765	171.4550
157.8744	72.1427	65.2906
36.8922	62.7306	123.3296
102.5680	117.4354	457.0844
44.3416	46.8467	55.5323
107.8850	25.9861	191.0648
135.7634	77.7014	183.0534
95.2700	24.7822	43.5487
49.8255	28.2840	323.9357
20.6363	97.2789	29.1239
41.3659	62.1104	389.6920
92.8187	140.9038	491.4396
30.2783	93.2303	258.6022
12.9887	52.0394	399.8107
37.4460	125.1146	146.3168
85.7263	66.7565	262.5317
91.8911	48.6063	335.2237
126.2788	168.8251	337.7032
28.5338	91.0078	78.3936
127.6351	54.3527	525.5422
17.8446	155.3118	456.5102
35.3171	130.4253	195.3482
131.9303	59.1215	303.8039
42.6938	159.0873	197.3285
133.3179	130.2301	150.1232
103.4271	57.3984	110.1704
105.6165	105.7666	411.2336
158.6961	112.8946	197.8749
161.7380	72.1090	288.2171
65.6569	122.3726	289.8471
4.2457	115.3940	350.1315
48.3853	11.6046	412.2095
93.6188	30.1298	379.5925
113.8907	7.6765	519.7706
98.4710	25.0276	223.0527
80.1216	148.8284	312.6001
89.3091	151.2699	121.6313
99.6678	19.4099	170.5392
39.6337	18.2503	390.1383
37.6589	28.3632	521.0918
146.1683	11.9524	552.8698
26.5308	117.8374	342.7148
120.5972	26.7170	103.9341
53.8843	159.7933	338.2485
103.7420	152.5802	16.0649
100.4780	25.9784	449.2250
13.0917	125.3188	513.8180
91.8377	0.8653	100.0738
66.0644	31.2637	308.2509
4.2189	155.4435	133.5003
7.4721	52.4130	113.0059
53.3461	61.6567	140.6620
74.7841	35.2355	330.0691
62.3867	75.8324	255.2924
57.6358	127.7505	421.9038
158.1493	136.2576	419.6858
95.6872	146.3574	32.4284
37.3115	53.2801	175.7672
116.5313	54.9935	255.4208
141.4830	115.8165	248.5066
10.4100	82.5410	42.8227
165.6395	69.3455	451.5858
108.6012	163.3937	383.4355
36.2071	159.7266	314.7694
38.4772	171.7146	276.6830
70.8233	24.2491	329.1855
135.5167	52.0038	504.4204
102.6176	21.0067	323.4470
74.6577	38.5432	526.4720
62.1804	113.1964	368.8512
81.2629	18.5641	161.1873
123.4706	137.7903	409.7173
52.9312	100.2638	239.6300
19.3205	79.8327	37.1080
161.1569	167.1382	472.5754
68.1128	19.1051	120.3908
42.5051	88.8857	504.5064
161.5697	32.2442	560.3236
19.8284	146.5873	213.7456
46.5841	2.7134	257.7171
62.0674	48.1754	547.1739
106.9256	156.4298	33.5816
162.3028	41.1925	488.9116
2.3149	146.0557	395.7275
75.0498	104.0723	486.6042
5.6505	6.1402	74.6446
125.5331	158.8773	231.9901
100.6642	58.4197	279.1136
101.4645	42.9199	36.7102
86.3074	110.4695	262.5622
34.0047	74.4894	55.8454
67.1941	4.3599	116.7021
140.7098	117.4141	373.5017
46.8180	31.4713	513.7338
139.5720	64.8231	281.1470
152.4716	22.2909	457.4819
140.1019	113.6528	395.3739
148.1628	2.2777	475.7811
74.5788	132.9137	296.5075
55.9436	122.2775	563.0897
160.2334	8.9914	385.2995
109.7873	27.5627	467.6925
119.6395	9.7827	33.5267
71.4363	95.3861	416.9708
154.7975	51.7016	496.1942
85.9909	70.9929	113.5951
104.2063	22.1415	345.4511
54.9261	1.7424	3.5722
108.0664	169.0191	9.4312
60.2648	161.7413	400.2418
4.1984	21.6636	264.0620
133.3418	166.0123	327.0906
67.6052	53.3364	499.6902
9.1656	33.1875	405.9650
51.2408	171.7986	103.8932
64.5811	56.8372	463.3247
78.9857	89.8805	506.4074
38.5858	14.5478	531.6748
34.0630	50.9959	554.6218
128.5098	130.7840	17.7679
135.1932	92.7007	53.1587
16.2792	13.0546	294.6743
132.4478	22.8144	92.6369
90.9895	144.4386	387.0481
125.7314	163.8801	43.9704
127.4625	163.8101	180.2511
151.2067	140.5666	176.2304
40.0813	112.3548	191.4236
127.7305	47.8013	368.3431
66.3898	95.3092	107.4871
141.3592	170.9757	505.3588
21.8244	75.6500	75.4570
106.8462	150.5420	294.6118
56.0928	87.9357	53.3212
166.8388	127.9696	349.8434
36.1438	45.0811	142.3659
9.7204	88.9188	553.6342
103.0713	122.5630	307.2779
78.5417	51.1748	315.0273
137.6503	92.9187	161.8259
168.5460	98.2690	412.2338
53.0892	123.3115	543.6247
160.0581	37.5996	11.5129
38.7136	43.9674	251.7372
96.1813	50.9245	116.1783
4.2502	0.3195	381.1683
170.7243	162.5868	55.3780
53.9170	48.7092	474.8337
117.3352	73.4841	407.8806
135.0115	47.7589	343.4567
120.2428	130.4517	205.8073
55.5352	107.4299	524.1744
106.0441	157.1460	486.3299
21.4760	76.5416	25.2653
135.1340	123.8777	123.8493
19.6471	15.4194	218.6288
15.6330	103.3514	163.9921
133.3576	127.6898	157.1100
75.7477	171.3394	360.8023
110.3325	150.9923	335.2032
26.8129	46.9822	174.1119
131.8432	14.8773	215.7501
130.1875	55.3015	29.2830
141.4066	42.7262	81.2042
136.9825	19.3524	562.7949
1.3449	88.4495	547.0729
25.1761	116.2127	65.4917
158.8871	41.1408	398.6447
127.9245	107.4731	261.2964
80.8354	92.8282	166.5671
148.1913	75.1581	50.4903
139.1101	145.2114	84.9921
172.0031	172.5517	285.8946
164.1125	90.2661	242.8604
110.7775	122.6683	16.9685
147.1241	154.9024	481.5795
44.3495	80.3773	179.2751
94.4269	160.5683	162.0162
54.1685	164.4517	89.4861
36.6013	75.0561	560.8721
4.2142	93.8778	401.1799
147.1926	115.5705	404.9895
86.1904	71.0086	290.2547
23.5751	139.7571	384.0769
138.7139	64.0052	358.7379
2.5298	141.1335	24.9254
26.5390	101.9802	395.0211
172.5413	72.8943	347.2809
69.6265	128.5006	215.6070
86.9712	75.0295	319.4413
88.0629	139.4437	449.9230
3.6221	7.6652	17.9665
153.7180	124.6507	102.2838
157.9522	25.8323	39.3905
55.2593	68.3757	306.8223
110.8035	45.5877	125.6451
68.6949	110.5112	1.7563
146.8449	155.1966	457.6274
63.9561	171.6616	236.5078
131.4719	142.4031	526.4597
113.9526	169.6717	104.1458
159.8727	166.8918	436.7495
79.3584	96.8615	297.5517
101.6643	111.3784	478.2838
82.5408	60.6633	390.6835
0.0589	43.0474	342.5538
88.9666	24.4353	153.2990
3.8171	157.6163	410.0745
56.6704	66.3123	394.7035
93.8695	119.7727	524.5273
154.3863	157.6574	95.4601
9.4558	61.2413	202.1393
59.7472	46.1011	273.7614
172.8695	108.7728	395.8527
117.1904	31.2239	32.9036
18.5569	31.1061	256.8289
29.7651	60.7519	137.6202
131.2393	122.6536	436.2007
143.8634	137.9745	64.2522
170.7991	87.1468	36.4161
7.0728	56.0021	309.0553
149.7172	125.2574	64.5706
73.3362	52.4767	276.7125
73.1557	63.7834	159.6412
71.2468	44.5565	329.7803
52.9106	81.9509	261.9074
65.1693	108.3405	425.6151
49.1894	152.9688	336.1674
90.1955	6.1726	161.3745
153.0589	44.3153	433.2762
98.2992	101.7345	301.0072
164.4987	71.2465	255.7245
146.2952	91.0109	438.1766
130.1145	25.4000	337.3248
51.6593	11.8985	205.2674
127.5891	157.9336	308.5540
35.9731	103.7099	128.6195
163.4303	70.7972	253.9798
29.1952	33.7007	331.7656
82.0432	50.8337	96.6473
83.4907	65.3672	376.2123
94.5994	49.8526	204.9186
49.2495	52.6493	559.3240
124.4749	77.5748	220.7074
104.1652	45.4933	114.7853
143.9606	63.5613	159.1634
151.8854	84.3395	364.4058
22.6638	90.8388	385.0664
116.6435	150.2361	351.1184
99.2618	9.0881	24.7268
114.2759	21.7898	175.0966
76.0447	172.7662	422.3280
162.1749	127.2673	545.9644
134.6259	50.5719	474.3701
168.2324	98.7209	32.6623
65.4043	38.5383	435.6410
73.7749	132.6515	11.5053
168.1095	89.4795	366.8639
9.2472	49.3811	96.9573
58.3976	60.5366	340.5790
73.1735	155.7797	376.3153
163.4206	129.5473	59.1400
159.8759	65.5875	63.6676
155.2462	25.5937	277.2209
40.8234	23.2506	257.2792
62.5264	14.1343	195.9774
71.0838	100.6257	177.0022
158.3635	64.2890	92.6068
105.1727	19.2174	11.5366
21.1390	54.2579	201.0546
20.2182	17.5206	25.6031
167.0880	84.8235	63.5713
129.5043	152.5940	225.8407
32.5843	71.5492	150.2677
123.9274	156.1440	405.3064
76.3165	72.4211	326.3975
49.7081	148.8101	259.6820
8.0339	114.2342	362.0625
12.7137	69.9771	184.1949
33.0216	10.9509	153.4439
21.9393	162.1737	531.5263
69.7681	30.1273	342.9829
92.6653	144.3386	17.1316
61.9973	69.0638	326.7262
154.6156	70.7422	486.0118
32.2050	120.0829	26.8184
26.8380	97.7524	16.0240
46.2937	38.5672	165.4476
29.2235	29.2526	91.7152
154.4756	6.0770	428.0403
13.2292	79.2616	295.6283
27.5726	165.7622	98.3172
58.6427	15.3756	60.0342
108.5980	86.9121	458.9260
90.5032	82.3716	172.7415
144.6727	142.3657	317.6507
56.1470	131.2647	333.9659
67.8911	172.0060	446.0370
124.0790	1.6537	81.1828
0.5770	45.6314	178.7764
171.3767	105.8736	442.6280
131.0381	48.1937	439.7814
33.8869	35.1639	397.9454
97.9683	166.2004	23.4233
151.9381	101.2585	114.5907
17.2828	107.8451	413.8101
154.8560	153.7406	155.8423
51.9359	171.9421	527.6418
82.6435	75.5517	308.2131
148.1919	111.5752	149.3498
141.7609	142.3746	101.0726
140.2690	71.1846	150.3505
23.9022	148.3877	180.3834
158.1026	1.8212	286.6592
73.2833	164.1906	279.4149
104.3572	140.7873	276.6729
146.3768	158.0637	149.1349
126.4079	143.6645	170.7713
28.1103	44.1457	159.1702
170.5517	27.8398	434.5701
2.4419	12.2748	149.5397
17.3196	162.8131	270.2037
165.5763	47.9559	275.0254
23.4495	53.5649	105.2893
168.0611	1.2867	62.9137
114.5363	158.6751	301.4721
82.7135	71.3315	535.1290
63.8673	164.1366	3.4066
5.2308	48.9068	251.4653
67.8242	11.9647	419.0923
165.3940	88.6047	485.9263
126.4391	22.9576	245.9395
14.5352	22.7211	229.5352
147.2307	94.0912	418.4823
93.0165	77.9314	452.3457
140.8480	153.5842	514.3984
127.1210	1.6462	353.5590
31.7509	19.9521	113.4575
19.5368	13.3422	220.1557
171.0919	88.1268	97.9684
12.3374	171.9226	31.8435
19.9720	19.1357	181.5249
57.3810	63.0859	482.8895
113.4470	164.3412	193.8650
53.5919	118.5236	138.1699
94.5154	75.2842	391.4947
95.5722	163.2066	267.2280
40.7370	134.5637	133.5507
119.2402	37.2649	395.1491
126.4813	88.0668	306.9276
170.3002	129.8759	197.6030
84.9919	150.8834	168.4968
145.9432	145.5267	314.6542
67.6712	106.8656	167.2353
9.6772	132.4722	435.7355
54.4481	81.2127	472.5132
147.7777	19.3791	553.4368
88.0875	16.7149	239.8875
96.4114	80.8700	399.1803
35.7693	124.6216	351.0084
163.3875	65.6511	239.8127
38.4073	32.9728	283.1057
99.7900	142.9687	521.0214
77.7222	8.3637	22.5681
139.8813	52.9787	518.3868
56.5431	19.9430	178.3434
92.7710	123.8479	476.6703
38.7827	0.1879	260.0829
137.4243	171.8594	94.3634
15.6171	114.5250	251.2503
113.0228	166.1485	144.0402
138.8169	170.7854	90.9969
55.4491	24.1215	124.1097
168.8176	24.0001	375.7585
63.6351	129.7470	143.7172
3.7895	8.4949	546.1572
156.4289	68.7921	96.3377
3.2780	169.7182	24.2094
7.3854	108.2962	334.8138
82.9357	94.1177	538.7286
20.4593	91.5105	164.6828
75.6357	95.4817	468.2131
69.2523	171.7275	378.9528
57.0877	81.9606	464.0705
123.2350	154.7238	204.3552
89.9263	46.6660	72.9027
86.7851	57.0425	398.9649
49.7964	28.7523	261.1315
61.9154	99.5917	276.5955
14.0566	119.7806	282.9290
77.6080	167.4883	212.3461
61.8650	43.0384	31.0494
166.1484	73.2438	264.6041
49.7846	165.4676	208.8173
121.0680	77.0326	226.9082
84.3775	51.0202	561.4308
92.9402	81.0184	315.6053
172.7208	169.3787	313.5978
167.9504	166.3151	536.8658
171.8197	91.3132	101.8149
50.1330	126.7723	233.4184
2.3656	130.4996	307.6844
129.3401	25.4294	15.4872
12.3162	41.8162	373.0096
40.9325	85.4127	290.8336
53.2710	86.0573	450.1521
53.0258	45.9072	128.3112
17.9956	63.8778	205.8403
132.6151	110.8046	60.6607
10.9298	68.0039	395.1843
34.9891	145.7616	283.8533
26.7369	23.8925	363.1025
15.0897	86.3767	24.2749
123.0046	139.1146	323.9184
159.1787	83.0839	143.5585
37.5515	163.6303	28.0831
42.0987	80.3649	415.0329
149.5874	72.7212	31.2815
110.6159	124.2463	125.3738
3.2957	140.4280	333.8681
84.1611	80.4229	198.3705
34.1481	161.7648	430.5473
109.3007	17.7243	139.0405
123.9354	151.1453	23.9490
53.2809	84.1244	214.6328
7.1118	153.3382	522.4029
137.6665	6.2082	280.6948
144.1130	133.3987	147.9895
168.7433	159.2696	499.4719
143.9454	158.8512	314.8675
58.1521	141.0252	492.9753
74.4029	10.8733	106.9869
159.0080	168.4186	168.6711
14.3347	80.4504	472.8231
95.0284	155.4848	146.4228
8.2320	55.3709	312.2382
74.4021	105.0096	510.2763
148.1549	130.4322	310.1066
155.4093	96.0766	86.0043
158.2806	48.0015	375.7044
23.9700	108.5085	445.6902
150.7738	38.5010	300.3508
43.3742	43.2411	477.8289
130.7124	95.5130	445.2881
53.3075	146.5735	481.4442
19.8007	104.3646	471.1416
141.0912	83.9224	59.2130
122.6584	19.7451	61.6800
169.1580	18.2740	373.1391
3.9373	90.2887	400.0623
69.5574	17.9777	69.2890
105.7215	129.6379	85.3026
42.4456	6.3321	26.2231
97.6406	61.3057	195.0374
69.2943	108.1893	140.5178
164.1207	74.1215	139.5479
167.7607	14.8909	239.0105
7.4313	6.2602	99.6863
18.5810	168.4250	233.5667
136.8918	162.4173	389.4634
125.7543	100.0719	518.4358
47.7208	135.5926	206.9561
10.6653	104.4717	91.2909
62.4637	106.7137	97.8823
109.1521	32.5934	135.5167
52.3473	120.8576	313.8224
116.6094	121.7414	183.6062
164.4233	12.2635	293.3521
13.4904	159.0614	315.9157
27.9695	127.1015	555.6273
52.5234	71.0828	351.3325
145.0290	57.8049	91.9832
98.4437	17.8636	296.9935
80.7042	97.1288	128.9698
11.6225	76.8683	18.1943
152.8657	6.5177	96.5874
14.8021	75.4612	227.1856
152.8893	137.0529	501.4228
24.6922	11.5961	98.5097
6.4223	146.1271	444.6777
134.5575	99.0493	134.8587
94.5198	167.7272	51.6760
73.0002	61.5011	197.8862
36.7712	137.8083	121.2470
160.4168	113.7204	256.4715
81.4952	167.9525	228.2292
19.9341	94.5848	78.7028
28.3415	162.1974	119.6382
4.1998	22.3235	394.3739
113.3404	86.7175	490.2830
27.0056	155.2284	332.4812
104.8320	69.6607	290.4612
105.8061	27.6812	112.8940
168.3781	119.1355	426.4978
8.9500	155.9658	441.9169
36.4857	126.2791	20.2919
90.6328	87.7705	345.8312
126.4155	161.1522	484.5380
154.8271	114.8387	79.5105
50.5282	47.3609	192.1803
107.5340	29.6805	406.5235
31.6545	34.8591	554.6599
161.1536	90.4480	295.5362
162.3806	59.1210	220.6923
158.3125	44.7959	70.6054
56.5506	91.9222	132.1978
168.3796	24.6952	77.1925
92.8022	88.5239	472.8140
54.2634	124.2050	309.3455
168.3944	145.0036	108.4752
19.6283	171.1966	63.2955
168.0012	113.3475	426.2372
101.9890	91.6111	480.3831
82.5912	35.6011	158.6443
39.8305	73.0612	235.7161
87.6234	120.9265	466.8940
51.5214	3.0875	322.2748
90.5172	132.7030	259.8723
24.6596	10.6856	430.2851
69.8890	133.7106	414.2666
157.5986	18.2562	346.3864
99.7615	70.6425	222.8130
31.3278	68.1430	480.1045
109.6928	157.1956	211.5449
156.3039	84.4398	440.8717
54.5532	84.6759	435.3905
77.0839	93.9257	485.3772
0.1359	144.5787	236.8647
54.8141	69.0589	364.8916
9.9898	138.7955	176.7854
80.8264	18.2646	362.2890
28.6995	162.8705	94.1017
112.3300	137.3285	4.8746
156.6476	113.4938	96.4596
53.8059	158.3407	248.4428
40.6481	167.4788	93.4534
131.7812	83.5681	456.3330
95.8289	89.9114	360.5808
28.3179	152.7194	89.8240
111.9850	56.7549	495.8715
75.7199	9.8986	212.0581
55.9761	5.6505	344.4664
89.8679	89.0326	141.8279
107.4805	108.1170	317.4266
25.0542	65.3347	270.4556
144.2850	78.8971	450.0552
131.0666	169.8404	46.6515
60.0245	48.6630	290.5745
62.9643	126.4265	390.7727
7.9626	98.4947	308.7269
141.4735	172.7706	171.6576
100.4808	30.4926	466.5966
56.6093	19.6148	363.3402
92.4050	146.4952	444.8776
83.2143	115.8095	561.5205
12.8796	159.0207	410.6554
92.9175	125.5047	209.6313
105.8212	80.3605	336.4420
54.6025	160.6581	191.8172
115.7100	18.6833	86.4157
122.4453	154.2459	231.4979
131.4473	103.9454	153.7764
162.0037	155.3104	179.3472
103.5433	0.2029	93.4560
2.6190	85.7970	190.4474
93.0258	112.2119	35.3248
119.1152	48.4044	436.9779
161.1802	135.6539	451.7472
107.7521	27.4486	387.2357
129.7964	171.2819	167.6154
119.8883	87.7572	77.9748
17.6041	82.5020	158.8268
162.2602	44.1215	555.4554
19.2834	122.8621	532.4097
77.4252	93.7344	490.1269
1.3546	18.1005	466.7581
143.6791	162.5725	302.8315
125.3044	30.0291	428.2855
121.0538	132.5160	7.7338
7.4451	18.7293	453.8785
95.8873	140.8128	448.2708
136.6821	48.2800	428.6015
30.7797	11.6089	64.7983
162.3692	147.0997	120.5350
94.9814	112.5605	149.6415
30.7718	3.7752	254.9652
149.9275	27.3084	513.3774
21.5706	21.4581	543.6994
115.8415	65.1546	171.6230
81.1232	156.5441	284.9460
128.6885	94.8357	287.0067
122.7530	86.3047	420.6990
142.5295	63.9685	71.0842
150.8601	65.5437	151.8296
118.1221	172.8347	40.0178
83.8945	94.8379	208.2443
141.0679	111.9601	537.1736
47.0829	3.4994	125.4548
113.4185	37.0513	10.5381
39.8631	145.2337	146.8778
163.2192	37.1073	113.0560
148.0183	91.4307	372.4022
53.9776	6.9906	269.8598
103.8038	146.7644	166.3463
40.8465	154.8667	410.6776
104.7479	154.7220	295.6821
64.8143	88.8230	494.9661
25.8530	90.0220	390.8345
92.4511	125.5043	453.8394
122.5527	116.6129	117.6771
167.8451	20.7656	230.6379
99.2466	36.9486	311.0570
162.0083	129.0981	136.4256
138.1250	96.7802	538.4296
7.5155	139.9285	343.6046
68.8768	48.5691	199.7782
1.0574	12.9044	238.1454
142.6617	104.9209	431.9061
61.2665	18.3575	186.7613
159.7365	129.8843	5.3233
4.5723	66.6181	127.8335
112.5488	120.3281	443.5510
134.6647	127.5035	176.4158
43.8386	130.8241	256.5188
63.7951	18.4631	439.7403
21.8033	172.6312	492.6801
121.5757	172.4720	189.3054
131.2729	57.2924	303.7855
60.7212	17.6929	382.7053
42.7999	172.1463	522.0128
158.9913	128.3520	560.4563
134.3910	151.8937	15.8954
39.5514	71.2142	358.2485
153.5441	27.0774	464.0184
40.9121	28.0989	192.7670
74.7789	78.9998	201.0634
25.8291	85.5532	292.9018
96.7672	30.8703	425.4698
86.3959	135.9858	328.8559
168.4079	10.9520	68.4195
79.4973	23.0901	335.5666
153.1741	154.7211	370.9720
98.6321	110.9841	359.5718
130.7975	50.9965	482.0215
113.5650	44.4341	55.4484
79.5173	64.2335	296.7018
79.3692	140.9147	43.2366
16.9878	100.0466	330.6372
111.7866	143.5798	353.8936
11.0437	41.0879	389.4104
78.4786	81.8895	318.9038
2.1104	20.0753	514.5383
72.6168	133.6399	323.8629
111.4367	94.1760	226.5216
112.3276	5.7584	262.0821
67.2258	55.0944	142.8930
32.3023	81.6925	239.9409
86.8972	87.2151	203.6669
120.3288	172.5614	402.4160
136.5664	151.6824	309.0875
4.6842	49.8199	128.6399
9.3569	42.9410	42.1403
169.0664	118.6808	243.1378
42.3494	140.9645	435.8042
88.8129	139.1013	6.1252
14.4659	46.4369	76.1711
11.6412	157.8852	448.0081
25.2025	113.4156	431.9467
80.3193	66.6109	313.4721
101.2005	59.9366	302.8109
112.3048	91.6586	471.4445
52.1934	61.9637	362.4688
17.1957	120.1884	511.0122
66.7633	118.0402	522.0654
62.4169	5.3718	544.4763
161.6443	111.8796	19.4716
7.9094	122.6446	323.0254
152.7409	48.0924	428.1361
48.1233	166.5018	364.8428
40.0403	160.8963	51.4525
36.1463	9.3723	101.5665
7.3600	134.5044	516.7571
51.6822	25.6796	64.0399
82.5121	121.2834	406.2226
127.1166	0.1156	115.3525
54.0483	87.9485	115.2732
12.9076	49.2954	342.6586
165.7733	131.3261	414.8284
49.3176	127.9543	240.7355
1.0981	118.7769	116.5034
117.3871	172.5690	489.4287
107.5965	47.0775	116.5730
18.6769	164.4655	406.2948
48.0741	9.1903	229.7822
66.7136	8.6725	162.4953
80.5226	57.9041	236.7704
111.7937	78.9045	472.0089
144.0375	97.8201	399.7669
135.5645	103.7633	121.6405
140.3400	77.9452	242.2380
125.5477	14.3603	182.4722
149.8826	153.0987	74.1769
13.8438	169.2054	466.0727
13.1882	165.6628	425.7754
58.2290	148.9903	343.5013
78.9183	138.8149	4.6327
162.4236	29.4467	341.5669
44.2647	80.6086	388.0331
48.5668	17.7827	181.8769
16.5666	21.4717	88.9191
76.2947	55.7666	484.9132
14.4885	104.6043	237.1309
35.7357	150.6517	24.6119
26.0638	118.4213	188.4692
57.5537	40.0175	482.0908
5.5356	35.3328	168.5561
64.1475	165.5626	558.3121
115.8258	159.0766	382.0548
113.2147	104.9979	138.0136
63.7529	131.9276	154.5090
143.4120	25.6313	186.6729
19.6646	170.8869	15.4887
3.0300	147.6876	176.6842
166.3098	2.7495	356.9302
5.3360	17.9928	339.1522
71.0445	36.2508	487.9671
47.9722	142.7547	198.5727
172.1328	35.2783	121.9615
79.6217	20.6847	424.2835
65.7225	172.6832	174.3355
110.6968	142.1784	341.7945
96.3146	157.8003	23.0567
9.8727	142.3129	368.0928
49.4854	7.0425	522.3452
37.8711	112.6514	313.0721
56.5121	4.8412	315.8893
135.0634	48.2423	40.0306
105.1455	110.4421	324.1202
104.9950	11.7045	488.8767
121.4052	107.2421	394.6792
41.2070	78.7456	159.5797
154.6646	76.6884	78.3678
81.5130	127.9453	169.4121
8.3172	48.5273	111.8009
90.7870	17.2560	212.8223
126.3753	27.6587	216.2578
18.0773	74.3731	336.3162
74.8869	103.8136	454.2690
37.2706	31.0422	157.9772
132.3585	51.2582	501.6766
103.5247	7.1852	258.0763
151.8174	46.0375	396.0374
113.2050	171.8227	233.4091
58.3778	55.7506	498.8210
41.5177	69.5148	488.4250
56.3444	116.8908	556.5027
96.3293	19.8509	514.4664
98.6127	19.1191	157.6231
37.3871	137.5058	228.6328
2.7657	143.4375	171.2080
81.9513	96.5957	261.9800
54.3585	145.5833	179.5433
66.7535	56.9960	237.6519
54.3888	1.6892	429.9668
116.7745	153.9413	109.0305
1.2611	5.2753	293.4738
160.9053	63.0198	45.8007
18.1962	11.5288	458.9493
100.2054	5.5402	281.3519
62.3501	50.3695	396.9827
26.0734	160.5211	536.2059
140.2867	74.4144	228.9666
115.4671	141.6288	166.9616
117.2503	0.2722	32.3851
6.7663	55.8916	545.7349
34.9569	154.0063	91.2708
9.9269	62.0398	63.9677
159.6556	22.9645	505.0343
49.1335	89.7932	437.8871
28.9026	15.1881	453.3709
37.9188	165.6293	18.4673
164.5650	153.9477	546.2069
122.3272	150.6308	294.6560
2.7477	15.8029	86.5091
52.8091	102.8493	519.3561
16.5722	16.9869	3.4225
114.0905	59.7648	559.1916
134.9475	64.6673	160.7565
153.5341	59.3268	520.3476
162.9394	6.1581	407.6283
91.3900	131.8471	411.7094
100.2159	47.1522	30.4450
9.0838	43.5364	391.9569
35.0396	106.1281	115.0416
65.6550	31.6945	329.4492
19.2421	11.7816	363.0746
25.0111	25.3987	161.0722
11.4434	59.7613	217.7669
58.7645	45.6601	120.0861
127.7010	34.5977	157.6882
59.5748	172.3985	383.7244
66.5830	62.6612	528.7319
95.2940	154.6763	149.9576
90.4947	171.0673	227.5173
29.0971	52.3834	138.5918
87.5509	39.7051	233.4505
59.8141	62.3817	231.6609
72.5757	51.0217	386.5278
171.7060	138.2068	404.6811
60.4895	127.6090	121.1727
41.8975	151.7525	522.8639
350.5719	-69.5740	442.2000
20.2687	59.7615	468.5991
135.4017	49.3586	348.4590
164.2011	146.7924	116.0947
16.0259	25.8086	153.2498
81.2618	67.1932	289.7440
54.9373	47.4247	88.4402
165.2453	19.8314	9.3386
133.4288	119.8850	385.6617
122.3815	87.9298	197.4978
81.0300	110.2077	491.0866
25.9241	167.2703	125.9745
31.1453	155.3567	228.3797
53.7269	29.9250	260.0075
154.1448	48.8704	266.9193
172.6591	80.4318	504.0305
41.0574	158.6154	205.0284
72.0647	6.5365	10.6847
57.9269	62.0579	225.5801
102.5446	72.9948	329.6506
58.6474	12.8881	311.7052
4.9630	97.3836	124.6766
51.2517	37.6163	260.4656
52.7545	163.7604	444.2390
34.1564	86.4355	13.1916
70.7725	47.4653	54.3530
19.0535	141.5787	478.0995
6.1982	24.5250	483.1909
26.2352	171.8578	329.9898
74.6565	151.4684	170.4993
58.1440	82.5693	397.7824
69.5400	107.2344	83.8293
125.6496	22.6547	482.1557
9.6527	9.7417	516.8642
47.6143	162.2247	383.9344
116.1217	167.2132	246.4545
83.0454	11.2350	156.8278
24.6293	62.8012	125.7083
56.0439	172.0213	140.4819
20.3811	68.2249	108.7505
141.8297	85.3791	508.2611
56.2156	9.1699	548.7147
11.8110	64.0216	257.6788
68.2510	22.2009	132.0320
73.6591	168.8478	264.9968
86.5903	19.6898	275.3538
27.1156	88.6759	530.9378
172.3640	95.1141	24.6457
113.2967	163.4894	118.0612
34.5734	41.0312	172.7708
14.7962	91.4781	57.4236
105.4451	27.0665	403.5770
160.7627	136.5290	538.2499
128.3564	31.8482	391.4880
137.7309	129.7744	419.0940
23.3724	144.1892	465.3856
4.3221	44.5547	48.5074
5.5054	168.8944	299.9653
140.2075	102.9498	26.5728
81.5559	30.6970	25.3829
53.3582	55.4693	531.9146
70.3738	105.0103	554.7785
54.7629	161.8597	121.1942
112.9995	117.6230	391.3845
146.8926	104.5688	403.1657
76.6018	57.7091	306.1499
163.1456	131.1038	451.5342
49.2822	25.4863	132.8301
9.0095	18.6098	298.7689
45.7270	165.0606	150.2296
82.1853	48.6228	88.1248
99.5221	105.5535	439.8484
88.7087	129.6287	197.1520
8.2538	77.9584	547.7643
168.9212	14.0992	57.1149
75.2433	155.8516	184.8076
115.9162	15.0474	71.2052
118.5958	29.8975	421.0441
118.6462	56.6273	295.2369
54.9297	16.4185	321.9206
163.1401	130.3221	207.5976
28.0387	36.5321	517.4635
159.7083	21.5841	245.9702
59.6171	55.7199	512.8613
108.4263	79.4805	492.7100
146.5148	16.7655	272.3944
13.6953	68.8295	315.2607
52.0912	4.0376	535.6993
159.6717	30.2646	35.6899
98.4471	14.0480	79.9457
84.4920	117.1828	217.0003
102.9303	65.0619	201.9541
146.1600	144.0474	105.3117
155.5531	137.9426	35.9298
76.6418	160.8896	122.7898
2.8011	4.6940	310.3819
39.0262	14.2805	331.8865
144.0772	153.8152	554.5449
150.7196	31.6526	526.5078
66.0539	92.9248	407.6914
139.6217	0.1666	159.0755
41.4746	8.1113	497.5356
82.5028	21.9336	512.1736
52.9671	127.1244	221.4703
63.1211	134.0300	42.7111
145.6804	21.4500	111.9984
68.4850	31.0676	258.6347
151.3582	124.2216	507.2626
59.6525	54.5801	60.8153
53.0964	75.3681	134.2632
2.6698	68.2735	329.7611
49.1069	64.1365	392.6519
16.7946	16.9377	536.8886
15.7659	9.3958	123.9943
24.4753	66.0350	448.9861
136.1537	172.6355	192.0979
79.1776	12.6256	157.8521
149.3621	53.8629	303.6285
172.2202	138.3594	532.0749
0.0999	29.7188	151.4132
42.5473	1.7283	226.8461
87.3721	64.2883	94.8334
18.6708	21.1934	547.3601
4.6119	28.0854	152.9834
129.9616	55.1765	91.1966
126.4921	136.0311	253.1324
137.8907	164.8002	515.6379
112.0965	84.6627	174.9188
30.9541	6.0549	452.8652
95.8177	121.6624	295.1845
23.1415	43.2875	62.1838
47.9422	157.2771	84.7322
107.9593	145.6761	126.9396
156.6861	0.0774	169.0983
21.8482	112.2033	304.5761
153.5128	101.3326	36.8134
32.2956	171.1941	421.6072
22.6636	115.2066	76.5190
119.2885	95.0787	236.8888
51.0945	135.1654	330.9435
119.9992	61.2434	349.2522
58.4901	149.0571	180.5431
38.0439	160.3246	424.0317
133.1061	162.2508	333.3902
109.0385	70.0847	413.2432
108.4098	94.0815	337.4799
145.2983	2.4304	14.5165
114.0484	155.4676	182.8551
106.5606	61.2876	21.9882
156.5778	97.8300	83.3354
77.6911	2.0950	369.2369
52.3771	11.4573	405.6030
40.8313	76.1080	277.5893
3.0306	52.2008	161.5304
123.5073	126.0347	76.2135
112.7872	133.2746	358.2106
166.6409	107.5501	551.0925
149.4643	130.2822	299.8885
36.3494	99.7668	251.6463
168.5993	98.3132	91.5468
144.0253	161.5496	371.2048
69.8041	115.0226	356.4444
117.5722	126.0292	463.6947
131.6810	25.2876	503.3787
139.2122	45.1681	348.5152
106.5706	159.7532	515.4397
27.8966	16.6113	131.4050
148.4849	39.4822	94.9230
86.6511	5.0114	15.0189
162.9158	10.0023	52.0110
71.6563	91.3174	450.6858
128.1834	158.7869	305.6098
161.2973	162.9686	514.7292
54.0704	54.3664	177.7176
65.3501	75.6629	402.6251
47.1382	14.5054	188.4467
84.7552	6.9828	444.7566
110.8167	92.5683	87.8543
112.3690	156.6624	486.2588
125.3640	13.1491	404.6877
77.1142	2.4578	405.3351
118.2496	158.8723	230.3303
19.2912	37.2871	546.4881
143.9091	172.8526	346.7442
13.8477	136.5982	23.9616
46.3530	45.8682	153.9116
63.9956	120.0374	472.4467
92.7671	41.6796	69.0282
29.5772	168.8356	313.2628
30.7823	25.9650	130.3539
131.9110	92.6485	220.0881
124.3400	101.6707	22.1471
81.4434	158.3164	296.9089
99.4060	67.6410	291.0736
164.3365	90.4245	510.5319
46.0262	97.5490	506.5850
0.2869	93.8849	191.9786
102.3316	28.5947	192.6648
159.2294	101.4575	356.5641
162.2065	136.9068	150.0274
106.5773	59.6711	29.9702
114.9521	156.3602	392.7406
91.1017	37.3035	199.6444
79.9550	122.8704	153.5524
23.3057	72.3850	462.7151
116.9632	93.7440	473.0659
172.4239	26.5157	557.2800
60.1103	126.2219	113.7842
122.8630	140.7200	225.2880
46.0073	142.4192	13.9571
57.2664	4.2854	471.1729
64.7722	143.0900	547.1077
109.0689	87.3145	449.4115
144.2259	157.6788	320.3173
91.3517	93.1070	120.0054
25.0596	4.4984	92.7687
157.4197	171.0049	547.3145
11.9419	116.8694	195.7568
143.1233	128.3367	245.1093
164.3232	70.5985	530.1540
107.1146	68.4525	174.5234
102.9371	5.9095	17.6328
125.1420	117.9721	442.0531
154.9929	52.9976	174.6970
79.5010	90.5819	481.2645
86.4552	88.8765	318.8162
139.5502	162.0974	423.5699
65.2836	20.9300	72.7442
36.7684	120.0065	311.2729
68.9409	170.8170	400.2143
88.6735	131.9179	4.7191
42.0398	21.2921	512.4109
73.3236	43.3051	170.6846
65.7999	71.2620	364.6967
53.1750	133.6431	421.0546
172.1046	80.7328	448.9353
97.5032	119.5386	175.8172
93.7293	3.9500	475.8424
39.9694	49.6689	561.9008
36.8436	5.8703	471.6081
139.0206	65.2775	487.9946
16.5278	33.1439	380.7430
55.2365	171.8975	312.9845
45.5834	86.5347	40.4818
117.0594	53.4006	81.8594
27.0285	101.5518	69.0580
134.4714	156.9718	414.5913
97.9515	134.9206	431.9966
55.5065	58.1337	518.1413
89.1608	108.6551	374.2177
79.7861	106.1583	442.9176
7.8820	77.7573	549.8095
54.9121	87.0695	374.5269
122.9189	151.1242	21.6988
117.2740	46.5615	121.6874
17.0504	77.1892	56.4583
29.7410	59.3934	95.0664
130.1174	12.0070	308.9713
101.6207	18.4567	330.9816
162.5818	119.7841	243.3984
137.1627	147.8350	414.1181
53.3577	36.4951	476.3577
9.1736	165.7924	527.9784
141.0615	142.9406	424.9025
46.8201	80.8583	193.1080
109.4828	9.7874	408.1121
36.3821	56.0111	430.9283
69.3046	156.0692	51.3397
92.1839	24.7896	515.9129
148.1612	127.7841	326.8324
168.5566	48.6738	376.5661
58.3964	151.6635	371.6549
33.2900	134.3476	498.9387
141.3136	100.3167	469.1802
69.8858	112.0548	545.5315
100.3888	145.0075	321.9484
111.9636	155.9744	285.0158
128.3390	157.5713	475.7980
26.6673	138.9967	465.9864
83.2460	121.9391	122.8160
141.2170	138.2071	208.5281
27.3788	159.1599	518.3903
90.9100	79.9747	482.3221
66.3690	28.0737	463.1057
106.9240	36.6703	139.6270
12.8678	106.7606	129.6701
82.4949	144.5917	286.8170
89.5785	160.4854	9.6081
157.8009	93.9613	459.0465
128.9996	20.4623	407.2662
96.8988	31.9783	267.5437
155.5228	140.3112	509.9296
130.0686	116.4982	12.2694
161.2719	57.0248	333.9226
168.1273	17.8245	313.3370
99.9060	42.2795	67.0019
85.2365	19.8336	40.5810
83.4081	114.5668	481.2594
84.9189	167.2515	269.0186
12.8585	87.4811	401.9605
133.2661	44.5964	304.5070
110.3144	14.2304	263.4390
26.2390	164.8755	317.2181
106.2237	76.9472	357.0198
160.2921	134.0568	143.9225
150.1353	9.1057	417.8714
15.0098	170.0239	33.4659
87.3846	6.7432	216.4871
73.4964	137.4956	510.6568
81.0288	5.1908	201.8306
127.6997	56.3987	197.5747
128.4033	79.7420	452.6293
132.2534	93.8172	522.7544
146.3538	131.6056	358.5807
145.0576	95.8857	223.0328
143.4872	77.3172	358.3140
85.9701	26.6503	505.9146
40.4056	2.3986	201.4709
106.9443	83.4470	327.6607
61.9626	92.6005	41.1724
28.7000	63.9125	90.5432
8.8401	83.0415	211.5331
1.2425	33.0835	482.2311
146.8758	17.4020	541.0558
162.4783	15.6041	0.7921
60.1750	147.7311	134.5908
131.4647	153.6935	466.0010
21.4113	81.6713	209.7892
116.9879	25.5749	533.4184
169.9634	131.1732	302.2637
127.0943	121.3518	346.5174
27.9538	152.4501	48.1144
79.5266	73.4537	519.7248
5.9210	21.7328	38.9999
76.3675	149.6289	179.5489
11.7073	156.6781	345.8851
75.9111	144.3670	481.5677
2.6388	146.0148	207.5023
60.9440	123.3722	392.2308
74.8328	138.9362	128.2338
103.3004	69.2506	332.4688
136.6605	90.2323	359.8246
134.8727	99.6603	48.5925
80.9390	83.2221	521.9513
69.4918	54.2997	26.8036
21.0749	165.3747	323.6577
115.1308	152.0298	528.8991
18.2680	9.3060	149.7134
35.0557	123.0243	122.3673
57.7101	16.2547	71.6411
32.5481	134.1600	181.6383
161.7478	154.0356	362.4008
87.3689	122.9250	212.2456
27.5687	111.9016	492.9699
167.2094	67.1894	535.4728
45.8647	113.5259	213.9401
125.3201	140.2842	514.9088
6.7135	78.1479	195.6383
9.8558	30.4480	399.5537
41.5101	32.0991	137.4522
50.3201	95.9428	149.2486
152.3490	171.7127	446.6476
38.8385	50.7985	333.1500
39.3105	130.3608	208.9682
139.6874	139.9466	214.1067
6.6804	146.8185	555.9073
160.1770	5.3965	353.6867
168.6903	159.8200	257.4995
85.7954	68.6093	294.1955
21.0277	14.4219	28.7547
119.0917	105.1537	135.9307
80.9176	56.6061	257.4662
87.7028	116.4953	122.5104
24.7127	87.9381	103.0193
12.1327	160.3295	545.0475
142.6368	55.1693	73.7552
87.9632	103.7735	276.7158
37.6757	29.6697	127.8542
74.3260	105.9136	522.9315
167.0680	169.3636	10.2261
94.1583	129.3941	111.8539
34.2925	10.7781	258.6741
72.1574	24.3180	460.1823
40.8793	115.4064	133.4850
39.5596	45.1226	163.3194
137.5969	138.6028	551.1115
151.9125	81.6410	277.6233
93.7970	125.4836	273.2696
107.4836	100.1040	544.1952
61.3714	163.3441	79.2421
167.6321	147.8474	187.3347
89.2376	101.8504	35.9611
6.2789	116.9929	99.3547
127.9790	45.1849	78.8150
52.8590	53.7613	522.1778
127.5765	106.6081	98.8431
21.7471	103.6439	249.5235
144.3435	104.0010	12.5680
149.2087	41.7148	297.8309
159.0627	144.4797	253.1234
7.0227	56.4379	154.2163
37.5923	112.3500	265.9500
160.1832	24.2880	279.5185
24.0938	119.4114	303.2603
123.0660	22.8766	398.1202
83.8550	39.3625	490.0307
31.4960	157.2649	4.0608
104.9694	69.6358	238.1389
9.3426	51.8683	552.2419
60.9687	48.1132	259.2788
71.0729	62.9407	433.0671
86.4670	77.8254	109.3464
114.8641	23.0470	299.6709
22.6472	163.6712	292.3559
112.7105	99.8333	353.3770
130.0208	67.5693	180.7814
87.7381	17.0423	390.2558
133.2060	79.7509	506.6700
144.1275	154.0853	530.6542
24.3689	105.4431	222.8108
70.2575	142.9538	159.4247
152.2299	125.6988	168.4315
95.7705	128.0435	36.0024
61.2316	100.3964	443.2324
162.7194	1.1984	411.0114
133.4043	44.6628	396.9032
157.6986	121.4802	154.5341
81.1073	80.5390	548.2593
40.3788	27.4480	73.9754
49.6396	64.1215	411.0004
106.7255	169.0533	64.3924
46.7767	125.1748	339.8255
5.2242	17.1141	304.7764
12.6531	54.9487	61.8536
81.1851	34.1024	116.7826
18.7351	96.2081	66.3268
114.4824	70.6445	76.7512
167.2233	73.4286	345.8871
21.9341	8.8617	22.0469
47.3474	164.2785	70.7179
37.0691	29.9497	514.3494
96.3404	73.4185	14.9248
107.0009	42.0177	8.9162
19.1943	135.1041	358.0461
33.9590	61.9325	103.7358
81.9114	125.2351	153.6790
136.3124	169.0594	66.2050
72.0502	52.4173	268.7080
126.8315	20.7855	169.3897
113.6298	124.2987	403.3233
47.5144	15.6086	185.4093
3.2658	41.4141	53.4493
169.2335	20.3907	42.0626
1.0364	112.9457	91.9695
55.1516	99.1203	134.5438
44.9156	103.6685	503.7763
60.9527	74.0642	421.2955
8.5692	32.8402	374.1980
3.1160	62.8338	470.2470
53.0312	72.4832	210.2158
122.6949	90.4466	217.8847
33.7529	42.3577	122.7168
130.6614	127.1271	451.3607
137.5077	154.1390	321.3961
4.8559	161.2478	497.2519
1.9661	37.6891	343.0119
43.6925	78.4833	134.3310
49.2277	111.8019	66.6076
69.4103	38.0266	341.5051
125.6292	131.1908	71.6187
163.9755	169.6631	18.4820
155.1216	20.8744	154.3568
30.5414	138.7928	49.8837
37.0522	149.4866	559.0580
1.8246	27.1388	78.2949
-186.4313	147.2537	932.8000
61.5226	105.7944	165.4822
59.0321	160.5075	358.6125
38.8357	127.4062	29.8903
53.8969	86.0323	372.5219
172.8927	18.8997	508.7263
156.0283	3.5968	431.1947
73.8204	12.9016	172.8428
142.8025	86.6688	301.1372
107.0647	38.6185	173.3106
101.1826	84.4972	358.3342
12.1227	149.9169	111.6348
153.2172	4.5615	23.9308
99.2576	23.5992	132.9568
94.9517	130.4548	390.8849
40.6794	54.7851	263.4629
42.4962	9.6411	505.2205
101.9392	28.6129	10.9201
71.3036	157.8810	290.2900
108.1431	2.4888	110.0944
99.1958	62.4135	306.0389
37.5721	16.0916	516.6468
161.1494	60.6761	138.6701
90.3536	119.2909	54.2396
31.7945	163.6674	104.4346
29.1306	35.0255	523.7016
141.3629	122.2652	264.0302
58.3763	169.1162	290.5344
72.9920	63.6612	250.4589
9.5684	149.5396	448.3947
84.1996	20.9145	433.6592
69.4301	83.7111	150.0163
144.4188	116.8031	120.0472
151.4550	28.4290	434.9070
94.1881	55.6398	289.9380
72.9159	55.6241	253.6664
97.0044	20.8993	474.8785
68.3194	156.9050	127.9175
114.3845	2.7021	269.6870
150.7572	100.3612	11.3701
32.8276	17.6991	118.1512
3.4841	16.9508	381.6356
75.2787	138.1420	271.3152
11.5320	127.5384	367.0375
67.6019	147.2525	557.2526
156.7152	149.6438	549.7512
126.0355	63.7483	533.8553
163.7730	136.8419	412.2781
121.7290	54.9212	540.3484
61.4377	72.2330	472.9581
159.7606	96.5724	247.6376
95.9014	161.2582	458.3804
123.5581	111.2830	159.0449
103.3016	137.5761	439.8922
102.0478	84.5721	31.1736
168.7099	108.3443	113.2118
161.1274	6.7124	85.9278
141.2723	64.3305	388.9609
112.3719	11.6742	93.4027
157.6473	6.0502	344.4574
168.9797	0.1802	68.3001
5.0715	127.9086	50.8021
46.3901	115.2745	72.2940
89.8591	30.3904	432.5310
116.9072	54.3690	330.9828
30.8102	112.4907	399.7871
71.3207	69.8102	86.1699
36.8250	2.0157	388.8469
101.1182	58.1938	488.8704
131.6986	31.6328	86.8836
135.9039	135.5623	7.9452
9.4073	58.1046	198.1224
32.9980	167.1030	498.9789
17.0220	137.8876	465.3799
143.9616	142.1076	209.2319
109.7498	15.5619	256.3017
146.5740	47.6594	550.3779
119.0087	148.0224	335.1356
0.3493	13.8962	294.7314
128.5149	8.2421	94.9627
126.4169	106.6887	235.6745
33.8389	157.3801	51.7907
117.4488	57.4935	527.2839
131.9587	145.6846	403.9815
21.2653	125.7295	545.9454
102.4570	118.5402	510.4647
150.3237	89.3165	393.7887
48.7065	118.6090	57.8441
106.3966	77.3001	304.5280
130.3413	16.8935	135.9174
105.3116	29.4682	419.3408
67.4027	3.5877	359.6774
64.3592	94.2028	449.2693
52.0217	141.9634	194.9170
34.1203	44.2421	380.8206
166.8013	164.6169	285.6041
94.2760	17.7652	512.1419
150.7014	168.1373	266.5386
33.6693	172.8615	333.9268
22.6848	73.8613	25.0737
113.8696	15.2166	97.3072
159.0825	138.3287	464.5038
37.1291	2.8650	336.1988
12.5628	35.1891	454.1308
15.2819	100.4810	424.0656
154.1420	33.2525	315.4264
170.2662	57.0045	354.5203
55.2504	25.5919	110.4907
117.9706	80.1581	260.2134
13.7636	14.4349	50.7810
85.7398	117.8357	81.0302
106.3690	128.5047	356.1625
35.4268	110.2726	12.4598
41.0396	158.3117	273.0167
161.5364	142.3844	180.9915
32.1045	25.6264	73.8313
140.1273	124.6969	406.9558
45.2137	26.1009	84.1338
124.0403	101.3777	249.4522
102.4697	138.6622	496.7738
144.1069	128.7902	297.3996
38.0740	102.5140	353.8573
130.1171	102.3996	0.9859
123.7225	112.0016	123.8951
60.7433	126.8719	403.1968
108.6220	27.3324	230.3054
61.4563	60.6356	450.9580
159.6240	14.9444	531.9272
131.6919	81.4500	26.1867
96.6251	55.2927	36.2774
34.1764	28.9060	361.4619
141.5609	87.0623	100.2448
36.8326	64.5072	534.0582
23.1656	98.2547	77.0233
11.0735	23.0681	65.9791
23.4484	135.0952	324.1087
92.7016	22.7990	195.5123
121.0433	135.4162	387.7555
70.1976	143.4873	386.2677
108.2514	102.9745	537.4212
145.9789	102.1119	523.0596
31.1214	118.2503	60.3161
88.1380	8.2881	488.0834
144.8582	80.8594	44.4619
139.4402	5.8855	47.5828
91.3105	92.5575	318.4851
82.0415	53.0267	429.5501
164.6219	171.9733	557.2012
100.1258	87.1349	473.4461
60.9965	103.1154	128.3052
35.9141	11.7275	379.8474
76.3884	23.8850	275.4678
117.1536	101.2712	562.6115
65.2795	127.6564	418.0822
171.1820	105.0236	306.3823
21.5012	163.4197	269.3948
87.9387	157.2583	514.4711
78.5513	114.5239	486.2779
42.7167	23.7132	294.8761
32.2106	125.3493	233.0118
7.0310	95.3724	158.1689
105.2498	151.6397	441.4687
105.3561	141.0745	211.6707
87.4867	54.0228	442.3420
134.7605	16.2983	346.0625
162.8392	20.7032	175.1477
31.3264	112.5314	209.7063
165.5889	127.1780	428.0389
142.0980	5.1093	302.7628
106.0696	66.8720	330.4593
134.8531	15.6387	512.4861
100.3213	25.0939	149.3739
113.7718	38.3270	289.2440
128.4947	33.9681	361.1334
35.3132	62.6210	236.3112
129.7201	161.6105	190.5263
47.7582	26.6281	560.2242
20.9988	16.2719	251.6838
124.4402	58.7892	298.7753
95.2772	169.5264	446.7030
165.4239	140.8932	550.6730
2.1808	31.2699	155.4692
86.8716	121.9608	519.7461
35.5527	8.4304	357.4036
47.8193	2.8019	409.0146
165.7828	41.6295	49.0603
107.9270	23.2582	430.3364
120.2543	148.2906	29.8410
32.3834	129.5725	171.9148
9.3353	23.9402	563.1235
85.2340	151.9417	164.0400
96.4085	0.2630	379.4079
160.5425	166.2023	334.1471
37.5871	103.2870	505.2527
52.9876	99.3835	366.1722
143.7374	145.9523	554.8828
119.0783	10.5999	373.7911
22.7685	8.9317	123.6626
162.0967	33.2293	422.6077
135.0436	150.8283	194.6315
6.0428	86.6223	190.6029
146.6647	98.7314	135.8177
135.7421	122.2365	218.7983
129.0991	33.1329	106.6703
10.0179	114.2058	491.5443
168.9719	8.3806	185.4789
112.9282	91.8667	255.9286
116.8045	40.4285	436.0567
160.9860	95.4889	518.2495
2.2264	134.9721	381.3209
6.3497	105.8064	105.5495
110.8606	100.3461	322.0992
155.1166	2.0574	333.3503
38.9320	81.8341	155.4894
169.0546	122.4485	244.2164
78.1281	42.9562	242.8334
8.0003	98.9231	362.7596
65.0520	152.1387	175.3197
110.1134	76.1864	128.4293
119.6322	73.0452	223.8899
152.3540	54.9516	332.8413
88.0828	145.9009	23.2384
162.9244	48.5693	266.1462
91.7984	133.2048	163.0228
170.0891	34.1757	443.3165
138.3441	79.7006	309.3785
118.6376	148.2182	508.1268
171.0046	1.2237	322.4403
68.4772	151.8247	160.7734
57.3166	97.5719	65.4729
144.6623	9.7090	541.0790
84.1424	144.8264	427.5414
127.1785	110.2225	72.6323
168.7815	40.3149	554.7691
44.4755	14.1324	424.1404
19.7048	105.6542	204.1171
54.2890	125.1762	376.7464
83.5180	60.5940	251.2956
129.7549	127.4651	328.6395
20.5457	112.3627	477.9483
158.5793	61.4450	365.5572
172.2388	127.6832	514.4083
27.4403	133.5107	136.8431
56.1090	34.4040	265.1450
90.7949	65.4681	252.2144
154.6936	57.8141	546.1276
2.3551	150.3946	196.8458
158.1833	11.9468	108.6983
156.7531	24.7451	181.9906
154.8168	4.7320	371.5369
93.6089	136.8202	38.6706
105.5863	13.0638	29.7683
110.1442	33.2135	285.7916
136.2658	101.6161	92.7174
129.0964	127.6968	204.0828
55.8429	130.8921	60.0595
101.5470	165.5267	377.7862
142.5943	66.1307	133.7891
64.8127	120.7801	339.3671
49.1532	35.7974	153.8451
142.3597	53.1077	406.3665
86.1308	113.5649	271.8473
14.9658	0.6511	529.5999
135.5990	152.2661	541.7210
85.3669	109.4858	142.7528
117.6811	4.4437	70.1068
93.8123	51.7824	375.1873
14.2227	130.5393	103.9127
110.3639	115.2567	167.3602
132.0139	137.6918	200.7785
161.8990	80.4831	402.3356
170.7436	45.5920	175.1654
120.6237	149.7301	534.5019
159.5916	9.1414	469.2787
34.5356	21.6253	406.5887
148.4872	15.7321	447.3133
112.5218	72.7738	533.0532
56.3675	9.5004	118.3334
51.8195	32.8624	496.1797
73.9109	12.1152	336.2371
17.7339	78.7312	410.3421
4.1171	33.0542	366.1648
34.3676	21.7675	346.1584
50.0755	97.9293	204.9559
81.2371	1.7611	396.7360
61.3604	2.5263	176.6658
65.5463	80.2106	80.0507
50.6846	12.9094	304.9115
68.6243	34.3443	79.3167
100.0123	146.6080	196.5967
15.2860	159.8929	128.8470
30.0017	170.3288	386.9160
37.8540	141.8583	30.3676
149.8328	167.6812	559.0992
61.6940	113.7229	552.8159
106.7605	40.6100	25.4388
24.0854	77.0870	234.6106
89.6907	25.6832	257.7962
98.7910	27.0364	130.3020
109.1726	35.3724	224.4462
35.0533	145.5794	380.6433
139.1926	152.3124	487.4764
72.3376	52.0588	284.3767
110.8346	36.5426	139.5635
57.6943	19.9380	203.3760
45.2396	78.8718	148.1012
60.9450	127.9895	165.7024
115.8532	103.7126	404.4549
46.5811	44.7832	302.4984
95.2876	45.8784	125.8066
83.2447	159.1520	264.1245
147.5647	33.5073	527.6870
99.0232	63.1391	378.4664
147.1195	45.4890	208.3837
126.1414	62.8248	402.5772
88.9114	162.6983	475.2418
105.7567	88.7790	447.1849
123.9081	151.5015	74.5319
133.1788	24.4397	211.9767
31.0682	10.1970	81.3286
53.4072	18.3288	540.3575
35.4324	122.5560	501.0124
8.2576	118.5215	158.6372
151.8009	47.9157	264.4060
63.8245	38.6962	256.5716
121.9103	22.8669	71.5323
147.2078	58.4113	22.7308
148.3340	65.0663	31.8412
22.7672	145.8679	556.0011
38.3006	76.6979	118.4125
6.1267	28.5060	77.4111
46.9762	155.3543	393.9756
13.6656	105.1588	335.2590
139.4243	67.9082	379.2657
145.3594	128.7949	560.0199
0.1027	135.1001	440.1214
56.0853	127.6703	79.4679
93.0823	70.1599	14.1452
137.8299	13.5159	550.9681
108.6864	56.7871	112.4465
160.8011	97.7194	470.2558
111.2947	25.7123	24.3164
129.6292	138.0850	25.3223
139.3277	107.8538	376.5273
16.9274	90.9834	212.9860
12.6318	107.1972	416.5033
63.4954	125.8809	418.7551
25.1948	102.2410	75.5040
115.2387	63.9447	295.8165
67.3918	18.5269	178.1381
156.9455	34.3177	562.8824
70.4061	102.2385	75.5445
134.2044	125.9262	242.1677
102.0819	87.8808	333.0600
159.6410	15.5891	113.2959
8.1297	101.3548	328.5778
95.8319	31.3910	527.7766
39.2423	172.5039	374.9257
80.5535	172.6606	87.9898
12.4768	85.4870	115.3244
72.0829	116.8184	464.4755
6.1853	80.8591	185.0875
15.6204	153.0860	332.6810
163.6436	67.2080	142.6754
117.0502	113.9681	163.1668
68.0170	136.5002	520.8647
81.8839	103.6616	284.1413
147.8761	142.2619	315.2845
102.0050	98.4550	75.0718
134.8017	49.8476	496.2488
152.4966	94.9819	90.8721
11.1060	45.7352	67.3235
138.0769	22.9565	486.6509
111.3075	45.8182	331.5861
111.8517	168.6931	233.1855
110.2637	127.0180	464.5277
139.0741	114.4104	109.8791
72.3514	57.1337	487.3041
107.7987	48.9309	72.7197
28.8587	61.9505	0.1233
106.8902	108.1940	511.9721
149.3295	45.5945	532.9100
98.2185	116.3806	326.6301
28.4121	5.2433	253.1139
38.4058	53.1303	319.9997
151.2331	164.3634	504.4040
31.1730	25.3144	555.4039
119.0534	169.8703	254.9305
76.5574	154.3339	118.6303
13.2019	56.0229	332.4510
144.6478	74.0195	286.6029
166.9559	77.3199	239.2619
39.2104	171.0970	212.2881
66.8776	82.2727	257.5307
88.4911	23.7804	415.3707
172.5648	25.1653	46.0902
19.0339	87.8991	167.0966
161.8373	146.7582	493.2335
48.0872	13.4032	364.3947
36.7579	146.2218	59.5178
33.5822	21.7580	63.1983
67.5675	171.8896	201.1185
164.0529	138.9449	168.0794
83.7088	92.6837	546.8842
60.2226	165.4594	264.6929
140.0487	86.7096	304.0637
127.2030	24.3106	214.4590
25.8640	152.5697	300.4704
162.1266	33.4182	365.8271
43.2444	60.9132	418.5039
4.5481	43.8819	227.4205
91.6088	73.0255	498.4330
26.0422	135.1751	464.0035
149.2825	156.4423	188.0563
71.7185	104.5068	382.7207
166.2945	144.6444	516.5959
37.2876	100.9559	68.4142
89.2620	130.4482	424.2738
46.9975	107.3680	143.9914
168.2033	32.9805	286.8079
104.4351	10.7969	137.0295
146.2511	21.4027	555.0669
9.9578	96.7095	331.8868
86.7017	50.5302	72.9816
46.5579	48.8791	44.5147
141.3804	68.0595	80.8957
21.2981	6.2534	152.2767
23.7703	11.2987	235.7637
78.2325	78.4689	521.0148
131.9323	76.0113	279.1123
67.0146	165.2181	338.0844
96.1879	13.4825	265.9749
67.1481	52.2003	42.3675
169.6845	32.6836	306.5713
113.1409	162.1491	285.8241
61.8884	19.6257	121.8975
7.8742	109.5225	90.1094
136.3347	81.2247	233.7979
58.9983	99.6766	318.9054
148.8795	5.5674	517.2500
171.7332	139.4496	27.6637
63.2391	1.7008	163.8694
163.0388	19.3364	298.6687
103.2634	132.9021	104.1700
87.7529	47.7710	483.9222
75.2767	142.2396	502.2959
44.3120	4.8967	279.4848
69.6758	91.8341	33.8308
84.1897	130.8908	107.5543
10.2269	118.8872	82.6458
104.6674	14.2438	20.4378
82.5750	160.7937	418.2894
80.4893	88.6283	528.1903
142.2912	29.9012	243.0937
81.1912	124.0425	307.4392
78.2677	157.8526	544.7065
36.1207	14.3213	382.0856
61.6973	119.3426	534.7644
14.2108	116.0084	13.4159
168.7049	34.1317	11.2804
32.7642	76.5650	201.7528
111.5695	160.7951	468.0478
112.0437	22.0795	56.4382
47.6794	5.3686	10.6571
4.4459	150.1012	440.9414
26.4096	16.3523	470.5071
45.8703	60.2641	351.8397
6.7485	76.6198	322.2611
42.2382	2.9216	43.7853
4.4974	114.3847	279.8184
107.7896	147.7885	404.6917
0.1823	45.9399	198.0592
30.9339	152.2714	273.4201
130.1493	156.7357	83.2396
116.4908	7.9200	181.3765
110.2944	156.6460	344.0307
127.1801	46.9654	173.9090
128.8335	150.5380	38.7931
78.1383	151.1198	111.7906
146.9051	166.1145	62.6341
129.4034	2.8951	68.4958
126.2145	121.3300	327.5596
91.7014	96.8337	290.4778
84.3025	58.5297	227.5570
32.1181	36.3214	516.5215
44.6371	24.2365	241.0835
169.2885	27.2614	319.8275
31.6565	45.2948	35.1759
134.0204	143.5022	514.2144
80.7570	47.0293	368.1885
86.6594	145.5515	280.3509
129.5294	10.2083	14.7114
80.3953	141.6019	254.7676
19.4105	40.5396	118.7853
168.6931	37.2963	342.0156
134.1250	33.2821	164.4305
19.4636	86.9871	73.6541
61.2695	5.5513	344.5269
154.0349	127.3103	322.5086
131.0638	99.9144	414.5952
14.4574	48.9099	546.5515
92.9465	126.4915	49.7427
140.2842	58.7316	496.5802
0.2319	126.7993	211.2501
90.2187	147.3856	474.6407
23.9390	28.9407	219.0012
121.8824	39.5258	67.6541
2.9552	32.4637	246.2311
118.9860	86.2574	199.2489
12.4420	34.4056	419.5630
85.7649	93.2510	318.0033
27.2290	159.5297	301.6071
123.3595	34.4087	75.8986
126.7773	1.6489	494.8079
133.3450	144.3571	285.3612
140.2644	29.5506	249.9894
18.7802	14.9447	62.0277
129.0924	156.8922	513.5141
32.9951	34.6429	138.3762
37.3951	164.1895	316.9445
30.5724	50.4346	219.7612
38.8381	113.8224	144.7114
132.5821	93.8130	46.5755
97.7463	94.4282	279.2825
73.9481	144.2436	206.4146
59.7559	112.3892	188.6717
126.7880	67.9153	264.4812
133.3632	37.0247	161.2025
55.3372	114.8758	371.2459
2.2685	100.7597	94.4153
70.8376	111.6811	176.2026
94.6301	146.7985	250.2039
41.8152	8.1475	396.8801
43.5749	100.4642	206.9524
7.5167	63.2928	351.7005
141.2488	36.4081	281.5020
167.0412	96.9897	253.7087
169.5045	141.1722	170.6479
109.8814	164.7649	62.3616
103.7888	106.1643	45.7551
116.6065	126.6771	12.8085
172.9060	142.1448	430.6187
60.3514	2.5593	500.2495
78.5417	30.9205	144.0371
89.0054	142.9322	309.8111
65.6376	53.5938	217.7291
123.8544	118.6610	437.8521
46.0187	10.3226	74.1795
9.4672	45.3003	367.6645
51.8848	144.7704	161.6411
126.7435	124.3114	446.8802
72.9672	123.3995	104.8333
65.2649	39.8537	233.5934
73.6789	166.1371	352.6912
19.9247	66.9054	156.4310
57.8717	106.4429	10.2887
129.8489	165.6170	288.8683
98.7932	149.3932	529.5203
22.4404	136.1769	557.0031
107.1590	86.4803	199.9737
161.1125	71.6852	531.5958
75.6954	57.9804	408.1358
117.1484	146.3564	550.1978
26.8346	127.0698	192.9113
7.8402	86.8078	273.1760
113.1108	15.7116	382.6840
20.8038	107.6392	344.4563
3.3345	114.6062	531.5225
87.0194	19.9929	178.2112
55.2271	132.4205	537.0189
57.3874	48.3099	468.1296
90.4425	135.8003	450.3087
24.0932	54.8483	249.0270
109.3462	90.3317	103.0229
159.4966	38.3381	258.2958
163.6902	13.1444	177.8944
125.5249	164.0146	268.4147
83.6777	132.7391	247.2788
86.8991	137.0170	5.6650
127.0136	106.5277	422.4618
89.6953	156.9228	7.3518
17.7586	17.4477	220.8994
13.1772	94.2522	221.1558
168.9044	48.3296	289.6831
160.3530	48.1469	356.0058
101.9397	106.1496	533.6582
79.5820	43.2595	372.2382
87.6760	152.1070	266.3549
170.5830	91.1403	326.4061
101.9951	107.1731	41.6690
145.6074	131.3674	259.4800
148.3015	96.7677	39.2924
52.5248	163.5475	291.7504
67.7098	45.6223	11.1704
18.0758	8.2357	555.3080
105.4941	49.3145	114.1749
129.0885	109.4178	168.9287
25.6226	32.6273	26.3001
5.0743	13.3716	368.3818
29.2328	172.0342	258.9854
155.4782	36.6067	322.7155
109.6417	95.2311	261.2501
98.0575	39.3892	558.1049
141.9406	87.3617	433.9634
70.5731	25.2661	75.2154
56.0174	137.4704	172.0375
49.1596	10.6850	531.0839
126.2131	6.4471	309.6688
128.3547	43.4685	245.4071
115.2139	34.6617	54.5325
64.9829	140.6421	29.1414
33.2472	110.1235	87.6415
0.6994	90.3589	276.9465
127.6579	112.2333	279.9122
7.2110	3.2958	134.9867
118.0780	124.0250	305.6822
100.7690	162.5214	132.2150
157.7306	26.5794	238.8372
27.1857	40.1888	101.3700
56.6413	70.9406	152.9458
73.4661	103.5118	54.3803
113.2002	21.0270	2.3624
147.4093	98.3114	360.3530
78.4101	152.9952	0.8219
43.5302	45.0688	521.2409
96.5933	171.4097	459.7178
47.8038	101.8967	292.2782
116.6322	11.7145	20.0303
14.3141	106.9315	164.1678
121.8546	10.8766	311.1883
130.8026	161.8091	418.4232
99.1593	134.2763	248.9860
162.6405	141.7781	244.5084
57.6141	33.7487	65.3010
157.4136	129.1249	501.1415
21.1509	15.6199	292.3998
150.4556	144.9214	92.8951
135.4159	170.5943	303.8972
106.3784	53.8907	275.4309
72.9440	149.3006	151.5431
78.4723	120.0369	167.2060
124.0051	79.3303	297.2309
59.8220	135.0576	94.8295
25.2547	15.7830	89.1165
139.1659	59.8521	297.0713
61.5344	45.5128	303.3850
22.3693	20.8972	354.2243
68.8689	91.2370	25.0002
164.4128	151.7629	285.0330
133.9925	60.9230	448.3376
108.9686	138.1473	363.0837
75.3473	42.3829	315.5484
162.4775	163.4876	43.5354
104.0548	84.8336	238.1735
138.2498	158.6661	551.2054
145.7875	50.8107	265.5260
157.5871	150.6571	4.9751
52.4094	46.2727	468.9221
56.4612	110.6073	17.0978
163.3852	96.9822	492.8470
136.8943	160.5082	207.2251
20.3406	170.7770	437.8281
134.2605	30.9727	79.4404
76.3682	34.6294	162.6789
141.6044	53.4940	514.3527
162.4038	63.4756	106.4768
69.2347	111.1363	555.8959
95.2302	161.1012	471.0359
108.4123	61.9557	486.1102
9.3324	115.7999	535.9425
168.1913	93.2448	107.8501
36.3207	20.9577	109.8489
145.7933	70.5316	79.8552
97.5861	114.5140	341.0464
123.0156	103.3236	527.2080
103.3311	44.4311	336.2841
156.4815	159.2260	62.9757
119.4599	136.2908	397.4401
33.9391	52.2981	396.0190
25.7960	129.7930	316.7046
42.9219	94.5092	212.1335
137.4522	167.9322	115.4831
108.3208	143.5642	154.5000
143.5764	30.5906	279.3067
90.1026	5.8526	32.4742
86.3029	126.8884	480.3695
26.5399	99.3668	216.5199
152.2212	93.7938	133.8742
135.2699	162.2885	26.9225
15.8773	167.0278	542.1280
51.0739	24.2790	42.7265
16.2254	112.9499	438.7695
39.8672	105.7390	75.8317
161.5689	158.7438	281.0727
117.0180	163.1724	370.2475
77.6354	49.3421	365.2158
90.0698	7.8558	167.2779
164.0597	23.2829	490.0975
170.4353	125.6094	169.3980
29.4625	40.7390	348.1159
43.8251	76.4744	475.2405
20.1446	157.6837	473.4363
124.0320	35.9110	458.7578
71.0527	157.6693	151.9706
128.0641	169.6513	111.5006
69.9878	17.8832	363.1108
95.8829	57.8001	401.7507
155.9768	41.1666	7.9907
25.4238	97.6152	198.5869
155.2737	119.3880	557.3646
91.6386	163.5075	149.0829
126.8388	162.4594	295.4258
78.6967	83.1337	132.5339
140.3820	113.0871	383.1911
161.0588	165.1082	53.0927
83.9613	74.6718	316.9893
159.8347	23.9902	133.8665
118.1713	13.3269	185.1468
66.4183	166.4468	384.8024
15.3172	144.1018	308.2143
78.7740	30.6322	229.2183
81.1874	110.6979	110.2484
46.5086	109.9284	65.3166
125.9571	79.2510	163.4621
28.1039	21.6485	55.2036
69.5238	41.6404	382.4488
149.4926	39.2989	323.3133
157.3781	168.5942	291.1241
53.0132	163.9172	243.1342
73.6521	128.4510	169.4493
23.2069	85.1842	182.9420
170.2084	8.7632	52.8470
119.4533	154.3531	181.4519
22.1039	152.8979	363.8093
103.4908	11.6062	22.7330
50.8561	15.3038	318.7692
170.2465	146.2918	148.4220
89.9160	11.6391	314.4221
88.6026	156.9021	268.5735
86.5516	139.7595	169.0097
89.1649	39.0403	484.4956
83.5550	16.3483	288.0457
66.8693	150.6556	134.0746
53.7875	108.8910	172.0142
42.8099	152.3552	544.4024
88.9340	137.4803	440.7252
80.3788	149.5372	252.1150
86.5679	98.3880	376.6889
5.9552	50.4309	54.0946
22.9432	138.1830	173.4599
86.5954	141.0490	210.2644
82.1927	131.2783	228.8745
12.4985	166.4066	440.9236
148.9564	103.1208	30.5996
67.8172	12.4493	115.0099
78.4437	32.1434	45.8054
79.2448	43.2644	542.5035
24.5412	158.1320	332.6941
141.7542	131.7618	541.9681
95.0583	99.8438	193.8536
130.5123	140.5576	106.2710
56.5705	16.2579	383.8788
19.8932	103.1651	409.1501
128.5007	163.1134	221.6069
2.8805	27.5055	7.1308
25.2099	35.8683	67.2184
148.7551	82.4598	303.5528
119.9318	115.0255	288.6662
159.1167	135.5723	555.0997
106.6914	9.4440	252.8849
109.2616	122.5229	385.1620
25.0372	150.9396	90.1349
97.6561	130.2980	326.2544
51.2449	148.0775	155.8001
87.9199	51.9790	295.8778
136.0750	8.7439	276.3621
172.2235	44.3957	289.1850
118.9109	11.7922	159.8198
124.2222	58.3235	535.9803
44.2126	118.1850	295.4831
36.2880	91.6098	316.2099
136.5139	5.8730	137.9915
46.5182	160.4128	309.1301
16.0006	141.0039	474.5754
34.6551	20.2061	157.0457
143.9399	28.8584	224.4303
120.6988	24.6550	155.1967
62.5360	30.3967	346.6723
6.2914	169.6094	12.4815
50.2770	16.0645	374.3886
14.1281	93.9766	169.9708
101.6022	144.5845	83.3177
39.5790	61.5636	291.2591
165.4251	11.8745	147.7363
141.1677	159.4113	390.2365
10.1969	124.0460	312.8567
92.2445	79.6090	481.2450
16.8752	130.9538	318.4821
5.3345	87.5495	536.7017
147.8665	125.2497	504.8849
107.3139	3.5356	151.9825
71.3797	19.2986	345.6234
93.6050	34.7374	185.9642
28.9830	153.9119	29.4731
110.9040	164.9964	86.1671
122.6756	158.8710	231.8104
62.0592	42.9009	299.2507
114.8320	63.4696	110.7345
150.3058	66.7685	41.7625
56.7960	110.1354	527.4061
97.2503	34.6870	547.9937
171.9464	64.2218	343.9876
84.0413	70.0913	291.4267
132.9821	29.2015	344.6865
41.4163	164.0067	334.4743
77.8167	161.9991	87.6902
50.6729	150.7768	328.8054
127.6594	3.4158	411.2631
94.8500	74.4098	453.7600
53.3622	95.1776	310.3513
54.1321	172.2367	297.8067
113.3840	92.3905	91.7594
44.8988	151.6764	142.8143
125.5638	71.5906	55.1855
29.8095	40.5605	537.5641
62.5032	36.3046	462.7481
49.3697	166.3966	81.9326
61.0970	10.2308	135.2870
22.6097	151.2064	265.5405
111.0406	67.1509	158.1834
44.9440	76.8780	420.1422
111.3325	46.6793	431.5433
130.8458	63.7441	426.9796
1.5562	53.8938	396.9989
77.0158	108.0498	219.4800
0.9628	121.1475	517.6083
84.9874	66.6497	512.7978
82.4741	97.2604	296.8135
7.2794	147.6713	179.5423
117.4833	82.8228	161.8947
27.7079	85.4748	359.1719
31.0371	106.0003	497.7452
8.6671	39.8942	217.6985
48.3118	71.7191	97.2887
91.3511	169.4691	102.8118
140.8030	45.4370	82.7236
27.2612	171.8843	253.9306
115.0966	86.7935	116.4795
2.1563	37.5059	226.2216
42.8985	79.5172	194.9030
17.7784	122.0884	529.3375
96.7811	121.1322	31.9738
52.9104	59.1000	515.6973
26.1798	14.1760	55.5968
58.4984	53.9695	497.1682
149.4537	61.6098	287.1150
146.6109	126.5088	223.6210
134.1867	28.0019	439.8897
131.2176	12.2521	111.1507
89.1784	48.4141	238.1803
120.3542	38.0633	392.3830
83.6711	55.8879	326.0566
151.8074	3.5402	357.4757
163.3611	47.0262	251.7808
3.5475	32.4640	84.6487
90.9246	134.5745	446.6787
114.1700	165.8430	373.4258
36.9625	156.8367	289.7803
147.2963	129.5883	480.0683
142.8510	39.5486	561.2260
102.8454	140.4754	498.8865
5.1783	45.1890	226.7493
56.4035	159.1990	75.0469
10.0638	160.3359	32.0598
21.5218	4.0234	461.5039
68.2291	57.0894	175.2546
120.8718	152.1490	147.1021
50.6313	24.2810	79.6169
172.6840	127.4156	198.9155
136.0651	163.2787	68.1348
11.2280	172.8889	481.4341
59.1346	28.6167	362.3523
36.5659	46.0433	144.1713
81.6735	45.2113	237.3958
15.5425	125.7002	302.6314
36.7864	156.8529	425.5555
91.7775	78.9712	404.8710
85.2808	74.8543	109.2391
42.0412	87.7675	236.2022
169.8002	39.5715	101.0226
48.5422	32.9543	495.3547
57.5182	73.1219	177.4240
3.0368	143.5866	391.0908
105.5135	121.6734	428.5479
55.8682	149.7018	470.1947
75.0255	30.3635	62.1047
21.9735	127.7424	55.2567
143.7699	70.1946	429.9147
51.9862	87.4329	464.9216
116.0647	34.3553	132.4585
155.1320	146.9819	189.4211
136.9032	92.2310	34.5386
111.9542	81.2149	486.2128
55.1956	128.2124	292.6122
24.1610	102.4043	366.3866
91.5381	171.0445	61.6479
58.5625	72.3642	382.9287
157.1262	37.7512	547.0041
148.8878	157.7511	347.6029
43.2579	137.3448	114.5416
10.8902	104.4914	72.1374
18.3268	129.4419	116.5308
143.1420	92.4612	94.9380
65.7931	1.8693	80.6987
109.7358	169.5138	221.8676
127.7754	43.3612	317.7119
68.5809	110.2120	3.0684
132.7883	54.1740	21.1295
20.4949	2.4716	426.4647
83.0039	41.1731	523.5595
72.1499	102.6306	497.4125
155.4092	87.9582	465.4703
105.5493	155.3238	448.6460
81.6832	172.5044	481.6363
143.3949	138.0836	555.2287
99.4324	41.1006	550.7732
5.2033	99.3611	109.1106
158.4823	151.6946	194.2809
163.3009	95.7836	556.9170
99.2252	26.2006	159.3463
143.5022	102.5257	41.3677
16.6153	124.7474	301.8574
163.6080	57.1295	53.8724
163.6384	66.0099	251.2347
73.2426	35.2406	92.9201
60.2464	55.0679	502.4435
147.1562	46.2825	245.7785
12.4990	87.4891	374.4600
94.6451	40.7476	549.4740
80.4478	105.0660	472.2630
0.8811	133.4170	167.6172
119.1671	66.1744	527.9401
92.8532	19.0698	434.9305
0.6051	61.6947	20.9489
133.6113	49.4556	297.8450
137.4860	154.8718	175.6889
162.3117	22.2213	15.5472
80.5311	171.4878	109.8114
116.8488	26.4233	190.5154
13.6617	144.4038	165.7641
164.6386	90.3683	417.7330
20.3906	169.5284	341.0106
106.3537	105.4202	331.6512
61.8548	147.6298	36.8894
131.5785	2.8931	266.8664
48.2224	23.4984	308.1809
10.6406	92.9102	474.8353
170.4300	86.9431	438.1343
170.7248	80.2347	48.0502
94.2981	149.0813	521.5798
20.5787	111.8155	256.4218
156.5095	111.5110	196.4718
164.4899	142.9460	533.1960
112.9671	65.6447	150.1964
59.4864	37.3702	142.2967
23.5291	155.3558	310.4146
66.8078	108.6724	382.3015
114.9087	94.1164	483.5590
84.4166	69.8236	543.6993
33.9826	36.0386	376.7734
83.3482	159.1229	282.2590
13.2693	161.3744	418.8381
127.3319	145.2565	546.9023
22.2345	14.0780	358.1321
145.5887	129.6360	109.4768
29.2420	138.9428	32.8104
16.8179	153.0424	468.5679
103.0685	63.8898	164.4961
111.0905	154.4284	327.0710
2.5187	10.3671	31.4614
42.9613	45.3686	361.6401
69.3447	154.1992	380.6305
63.5844	162.7047	11.7091
79.9093	125.5631	331.7293
43.1341	167.5328	350.7778
38.6362	12.1105	386.9989
35.5132	35.1588	212.6199
19.0091	21.3117	193.6663
91.8685	17.0626	116.2054
94.2877	148.6659	181.9116
168.1270	25.7105	187.6728
14.0689	125.4851	175.6169
100.6985	152.8136	26.9217
40.6285	154.7206	242.8271
85.1433	66.3346	253.8995
171.9049	154.1162	143.1832
36.8510	146.4259	380.4197
47.2886	0.5290	81.3768
133.9034	37.8302	296.1563
12.3720	98.7492	196.5553
159.5101	155.5605	161.6312
94.8005	21.2756	47.9028
122.6756	159.9741	250.7116
4.7891	59.0974	550.2712
28.7298	31.4834	76.5857
81.3718	101.6312	17.8747
31.0106	118.5916	346.4162
55.2868	36.6774	296.4829
151.2923	102.7773	218.6869
78.7246	115.8778	440.1828
155.2244	72.8343	262.6021
114.6760	101.4651	122.5743
156.8917	165.7613	548.2423
168.1941	93.4093	279.4983
27.7655	160.1330	251.2390
153.3143	61.4999	143.9396
129.5681	92.1207	121.0488
84.7508	138.5355	9.5900
44.2087	30.0481	72.8070
51.0739	24.2790	42.7265
146.7825	134.3333	66.2252
110.0933	78.5307	286.2956
36.9914	78.9887	296.3629
132.7416	144.3285	443.4933
93.6850	91.9283	31.9555
169.8422	21.0317	486.9400
58.0844	155.3392	50.0604
109.0090	122.5050	218.0471
34.5693	13.3726	381.9902
83.2134	118.7522	547.1708
89.3364	151.9323	403.0853
101.4137	98.1224	327.1347
110.8099	171.4605	10.2332
145.3945	132.3680	342.2978
42.7657	118.6651	499.9076
74.5113	96.2994	445.8979
55.5774	169.1190	204.8343
158.2280	69.0166	466.7086
39.2703	171.4365	232.4472
164.7390	140.1823	484.5231
59.7503	123.7251	195.3360
141.7587	52.5186	394.3224
108.1153	128.8832	71.5427
104.5583	158.0505	29.4865
10.1984	39.8328	216.7626
0.7971	35.1991	111.8791
166.2068	130.6902	197.4889
4.0264	87.6320	244.6178
54.6235	60.6245	113.1261
147.7443	18.7342	277.4876
64.8273	12.1562	2.0395
113.4573	77.9391	79.9917
80.0791	31.6979	223.3113
112.5934	19.8804	209.0850
114.2477	7.0803	484.1176
106.6390	154.2645	221.8350
87.8993	23.7182	501.9892
159.3697	117.6893	210.3893
19.3876	161.1784	283.0631
162.4141	88.1962	416.6646
57.6631	105.2230	64.3984
83.6464	65.3910	270.5474
140.8061	107.1619	364.8781
29.6235	57.8010	158.6651
171.3901	38.1234	502.9987
172.5010	3.4734	330.6445
20.7742	106.3411	260.3438
125.4387	172.3018	186.7339
33.9278	156.9085	280.9670
56.4284	155.4842	249.6500
41.9317	33.2014	170.1023
146.6848	41.2653	323.6570
78.9753	103.7047	231.4560
136.2742	46.2996	38.3987
36.6993	68.3627	17.7187
103.4404	84.0884	5.2070
98.5968	17.9065	105.2907
159.4445	37.8154	49.9826
139.8431	166.3684	405.2134
46.9344	128.2955	193.1348
40.9834	36.1217	444.8190
3.4142	114.7213	290.7312
102.3736	154.3818	231.0297
128.8930	168.0153	69.2218
54.3480	113.8090	26.3870
145.4312	150.0313	480.9656
142.0128	152.6348	306.2855
40.6904	37.7248	381.1076
35.8920	77.3341	118.2382
77.4352	108.9088	355.0607
23.9935	80.3418	167.7827
56.4598	110.6044	17.1018
148.1440	151.8484	169.8363
144.3807	43.6531	498.5269
88.1357	134.1498	371.5512
143.7059	154.9267	31.6535
10.3594	170.4734	422.0506
107.4010	26.6119	409.3703
20.2167	151.1288	280.8628
33.9727	39.2141	404.5248
82.7578	117.8807	300.4071
92.1208	60.8857	425.5568
15.4146	133.3294	212.3749
159.2550	103.5074	500.0703
19.7571	3.2854	343.4225
109.9284	146.5954	346.5869
164.0105	56.7860	190.1303
41.2228	61.2740	283.7533
121.3749	93.7584	203.9164
60.1492	72.9507	124.9183
80.8334	109.2297	280.3314
114.8931	48.7829	11.9471
163.7145	102.9437	73.9616
69.3057	51.2410	289.2938
159.4294	84.6658	90.4902
102.4915	65.1287	477.4427
51.5662	9.5736	492.3563
114.6714	9.8843	523.3725
53.4376	104.2753	75.9312
103.8567	23.8865	151.7565
145.3554	142.7139	222.4316
102.1705	97.0411	473.2204
24.9200	32.1600	440.6045
87.9184	28.0446	180.6833
44.6371	82.3050	529.0567
74.1395	90.5111	190.5761
87.1183	83.6381	299.9386
101.5195	101.0455	388.2234
39.4240	156.5311	561.9471
99.9957	29.5997	302.6941
71.5690	73.4858	415.9154
92.6471	170.4851	227.4290
93.5383	141.4172	479.3423
153.6156	51.4285	182.9162
0.6108	94.4276	286.8374
137.8703	1.8044	534.5411
156.3656	24.0905	17.8789
58.6538	169.0727	103.8595
53.8178	1.9295	552.1103
88.9394	127.9074	113.5155
152.1937	162.7510	558.0884
11.1355	68.5413	500.7560
4.0793	150.6646	508.5851
38.8787	41.2167	240.4854
149.9616	6.5627	463.3225
78.4598	68.9267	282.3216
121.8824	118.4215	208.7510
49.2861	77.7321	420.8502
76.5509	126.4042	104.0950
60.9962	126.4341	204.8887
43.7110	117.5116	335.7282
35.9223	156.4766	267.7963
1.9906	96.6134	388.5396
104.3280	61.2170	41.2541
31.8081	155.3823	310.8663
98.1743	65.2689	486.2048
164.6496	171.6064	366.4532
1.2918	159.6062	324.7871
89.6407	30.0901	27.0443
13.7681	29.8552	311.9652
141.3612	20.1923	321.4818
85.8480	169.6698	407.5184
107.4081	7.6288	118.0825
91.8517	68.2613	312.6880
4.9954	113.8417	333.1774
104.1963	78.5015	312.1412
91.7559	111.8374	342.2790
135.0227	106.3869	63.0489
28.4791	115.3458	448.8383
145.0481	88.3545	187.5385
108.6694	95.7566	288.9523
68.3774	77.0495	40.0390
169.4186	18.8439	441.8444
110.2507	27.4074	337.3270
104.3456	151.8809	560.9991
158.3175	4.0988	237.5583
136.4265	146.0693	157.8836
141.2450	94.6505	435.4917
123.6245	68.9380	430.0474
112.0089	79.0790	479.7497
37.5360	85.0861	290.4529
51.2466	118.0078	314.6096
61.1618	30.6809	443.1134
73.7022	41.5445	219.7563
31.1558	83.4062	315.0242
161.3272	163.8322	168.2518
54.6349	76.5825	416.3056
122.2398	152.6498	391.2002
157.6941	162.1761	175.8263
136.8894	95.8093	353.6301
4.8636	93.7336	420.5207
142.3144	61.8095	453.3650
35.0451	33.3518	142.0608
52.2962	41.5911	167.6261
0.0570	138.2506	193.1157
142.2704	146.9214	366.8776
31.5976	117.1114	289.5875
54.7601	15.9669	59.8124
12.2123	7.7469	187.3064
139.8811	103.0406	238.1041
48.3171	125.6111	331.5721
76.7255	148.0259	411.3114
6.7390	50.2060	239.4579
6.7958	88.3630	309.2813
132.1443	129.3362	173.0075
79.8616	80.2237	244.4127
111.7531	128.6372	473.5804
65.7081	126.1715	458.5417
83.7552	85.5185	411.0733
117.0129	73.5688	107.3944
151.3282	83.3167	448.3769
35.7339	50.7296	118.2092
77.5777	169.3805	204.9362
171.0687	166.8422	7.1454
51.6826	115.9459	323.7483
167.9864	127.2724	313.9757
172.5239	78.8037	413.0144
73.8793	35.0909	424.4180
75.9335	159.5018	247.9470
13.7276	154.0845	334.4215
160.4024	47.1595	547.0589
105.2888	34.4915	370.5971
90.3910	144.8994	100.4690
151.8839	34.1375	514.5079
94.6066	77.7779	213.5818
171.3346	101.3505	17.8963
69.2025	169.2641	33.6309
15.3521	106.2493	329.7889
21.5577	154.5846	451.5134
7.6901	116.8349	501.8540
133.4036	142.1072	158.5972
136.9781	15.3520	442.6366
144.3624	68.5053	373.5725
82.6389	4.5691	11.6604
40.1382	164.2334	119.8286
81.1028	28.9541	227.2370
84.6212	151.1886	525.4987
154.7676	47.2318	372.5919
74.9842	111.0643	410.1637
94.0470	80.6064	483.1383
106.8153	4.0515	133.0637
122.7252	159.4652	252.6836
164.7220	91.6002	330.8143
114.2230	6.1174	38.7098
63.4282	71.6894	226.1463
60.8719	10.5021	116.3301
51.0739	24.2790	42.7265
41.1042	20.4359	134.1360
26.0573	103.4716	328.9814
142.2948	168.5083	25.4196
62.1690	170.6611	399.6258
15.0667	22.1346	234.0840
136.1839	122.0136	287.5132
163.8324	148.3161	8.1914
100.3741	59.0331	318.9693
31.6615	4.8185	262.0454
142.7282	80.9195	77.5645
98.2720	145.5851	549.6234
155.4739	56.4562	414.6175
68.2167	69.2548	400.3029
15.3349	13.8750	99.4786
134.4828	103.1577	54.7960
91.6314	83.6650	284.8963
30.3115	1.1183	203.7847
8.2164	155.2812	459.7666
12.2204	111.9523	508.4164
86.3417	0.7143	395.9532
98.2527	100.4376	216.4206
168.8258	47.6998	8.5550
90.9333	33.2304	60.4403
61.7360	9.9918	396.0425
90.7593	43.2419	490.8157
102.8492	119.0653	326.9797
39.1739	156.1949	289.0342
23.6623	103.4309	430.9601
126.9152	50.7043	468.7291
11.2795	99.9987	356.1498
88.8689	25.5670	538.4107
69.7638	61.4974	530.9018
108.2576	101.5247	364.6329
101.1729	145.4348	449.5679
149.2894	163.8036	293.3455
160.5357	13.5308	176.2504
107.6101	45.8298	28.2851
51.9960	33.3557	180.7989
159.8781	64.8222	316.1736
61.1658	171.5867	136.7242
4.2165	83.5726	194.4565
91.0673	5.1121	446.6009
104.0799	85.9398	335.2538
89.3781	140.8856	88.0263
106.1796	42.5135	87.1982
51.3688	57.2582	545.0881
128.6882	33.8522	470.8635
77.9106	168.2213	413.6831
61.3017	115.1153	494.8397
40.4968	100.4425	135.4099
137.6289	122.3673	264.5434
95.6143	156.4584	154.2606
83.3408	151.3720	475.6390
103.2706	108.0116	509.5865
129.2014	82.8185	144.9018
62.9224	90.8521	439.8425
35.4457	20.6289	134.0962
102.1231	127.6949	349.6506
5.1817	79.0688	474.5721
120.4932	102.6145	525.9124
152.3309	157.8499	440.9936
71.7283	105.4217	547.3025
60.3445	55.1209	80.1299
143.8716	22.6985	312.9305
123.9909	142.5152	561.9027
35.8160	23.4478	52.7425
69.6013	170.5560	80.3693
171.8389	34.2809	477.7654
119.6028	28.7851	409.1084
19.4576	157.7824	503.2766
58.6175	122.8574	314.0914
162.9287	156.5411	20.6947
1.9722	138.1622	540.7525
0.2679	73.4347	525.5669
78.5908	27.0654	130.6958
75.2110	102.7461	549.6753
2.5980	17.4517	83.9169
73.2321	28.2058	113.3349
77.3508	154.5418	192.7578
113.5532	153.3818	540.4418
26.4647	116.5895	277.5872
110.5992	165.1508	206.8863
155.8945	139.9504	189.2227
87.8279	28.3656	392.8408
77.8704	112.0270	202.3688
63.2307	122.1416	439.4929
128.7317	60.0856	71.1961
110.9555	147.8861	82.2563
9.7068	133.2833	324.9736
64.8884	170.4033	234.1118
167.8316	149.6518	561.4484
102.9415	121.4526	321.0096
159.2021	140.5485	473.5491
20.9659	31.4949	485.6674
30.8823	104.6031	286.2010
81.2348	17.6635	429.0825
107.1446	69.5402	151.3263
21.7114	158.6361	504.0708
105.4258	15.7902	324.2841
43.6860	14.5026	390.4107
114.6033	155.2000	485.6422
90.9299	107.7058	472.2188
17.8986	170.2606	556.0952
4.5450	27.0097	352.2393
165.2364	11.8021	171.8028
81.1212	125.5926	484.1813
55.9819	75.7429	329.4629
106.3556	84.2289	454.4750
44.2196	150.8067	205.7386
123.9349	23.5182	20.8382
90.2445	117.6983	236.4456
50.4493	1.9496	277.6868
46.9452	6.1021	168.2711
40.8588	120.0927	287.4634
171.2598	19.1112	310.7579
170.3253	33.0282	171.9988
32.5891	158.1213	76.0687
99.8836	29.8043	59.2474
85.6586	83.4575	449.7976
64.9053	40.8913	410.9714
9.5660	164.0122	56.0190
59.8140	5.1375	162.9095
129.9569	71.9149	166.6151
168.6490	158.8597	488.5630
127.9404	167.2946	418.0522
31.0626	96.1412	375.2267
151.6673	147.7444	474.4628
101.0283	101.3797	307.3417
117.7308	103.4023	410.8772
19.0195	150.1107	191.0645
26.4346	109.7908	315.3986
131.3772	70.0673	259.2662
0.5935	3.0873	121.4976
90.3154	79.6404	394.4994
106.5069	33.9068	127.0362
140.0441	45.5949	434.4583
118.8709	48.2017	305.2334
60.3274	27.2530	366.6140
66.2827	39.5396	143.7232
96.7659	25.2742	439.6891
123.3468	36.5070	238.9493
10.0663	68.0913	30.8766
34.3741	77.1819	39.7185
30.2993	50.6252	239.4257
86.9958	47.3927	77.7672
131.2071	5.2623	145.9222
60.0885	165.8801	150.1434
95.9732	141.4634	136.0573
81.1307	50.0389	422.7852
108.0584	42.9391	442.3057
127.1227	171.8794	111.4524
107.4436	92.3684	473.6172
139.3557	28.9373	553.8419
111.0776	54.0314	436.3401
47.2349	109.0247	81.4533
145.8236	10.3789	459.8549
70.3398	57.3233	524.0546
100.9537	85.2971	331.2465
167.2409	10.3454	7.2223
22.1420	31.3314	182.9139
4.4857	26.9205	136.5616
74.0629	64.9236	546.2399
25.1057	15.2983	15.9035
15.1466	134.5937	461.2165
85.7597	142.5836	341.1985
62.3510	46.2125	291.0978
104.5079	104.8039	18.3836
46.4109	138.4198	203.4891
160.5617	17.5325	490.6971
59.9147	151.0756	486.5297
152.3000	14.1547	293.4454
50.0835	124.7524	201.6025
21.1453	23.5451	183.8797
30.6364	130.3226	297.5497
71.3358	140.2367	520.0560
123.2493	35.5637	61.7031
96.0061	140.4624	222.6433
96.5751	158.7252	53.7926
11.1281	7.8156	497.2770
134.1678	123.8158	230.4305
87.4544	129.4344	366.8441
62.6829	164.5875	380.1171
85.2941	92.7564	328.2707
34.5544	138.0747	157.2212
88.2114	96.9626	480.2591
9.5709	142.1501	139.2926
162.9020	68.3747	167.0529
16.3599	8.1061	458.4856
81.2580	140.4418	282.3565
131.4522	74.3698	163.1348
72.3315	73.5858	440.5840
141.6491	154.9363	231.7235
74.7314	161.6116	371.0475
166.8285	108.8237	311.1568
8.3495	77.6745	333.1599
113.7927	100.3280	115.1272
171.8146	65.6303	186.0804
58.1887	94.5522	390.5597
3.8984	71.9529	53.2736
73.4657	159.8016	423.4373
34.1296	20.1694	431.0089
41.6321	19.4426	70.6584
52.8563	105.7546	482.0448
110.4684	80.6958	553.0912
119.0270	88.1912	247.8549
137.1381	98.0945	174.0653
27.0036	95.5058	199.2762
91.6048	135.9891	104.0639
50.7428	62.5148	538.4036
105.5514	75.5858	253.3112
28.3617	129.5790	444.4158
55.3640	30.2148	83.2582
160.0307	62.2687	110.2845
111.4542	121.8008	450.3905
72.5634	34.3869	15.1287
27.0682	116.5145	46.4990
142.1049	47.0342	178.0884
164.8410	109.0360	300.1867
66.1410	126.0204	332.5884
82.9205	145.6713	166.2208
171.4668	169.9747	293.6551
78.6141	9.1627	429.2110
138.2996	128.3207	264.2866
31.1191	46.5626	251.0875
88.3899	26.3348	412.7306
142.0567	170.3378	190.1896
29.1312	164.4641	154.2929
128.5807	96.3308	93.6808
122.7570	158.3786	221.8020
130.3154	104.4616	104.3679
100.7212	171.8440	143.3850
121.3792	151.3694	326.5297
114.2107	81.8181	281.8967
101.1166	152.6335	192.0795
3.2306	98.1878	172.4312
62.9499	54.5829	256.0853
36.9560	165.0047	382.4806
74.5266	110.7254	368.4626
86.8220	93.3954	537.0356
133.6788	124.9308	108.8873
169.4177	129.1166	545.1311
30.6418	72.5578	230.1190
50.9326	82.8473	353.1323
136.2140	133.2370	111.5413
63.1508	108.1916	134.4696
56.8862	43.1030	229.1604
5.5203	6.2502	485.8815
7.2188	115.1339	112.8310
142.5565	0.7648	375.3475
156.0149	31.7715	30.2882
15.1370	166.1688	403.9502
93.9379	121.4180	252.2342
78.9220	170.7896	318.5204
157.3618	10.6235	409.0285
127.2623	10.5225	142.4388
34.5256	139.6950	82.3717
11.1695	23.8047	318.9160
71.2230	56.9737	168.8022
14.1468	148.1520	119.0142
109.8983	15.2303	372.5116
65.0677	128.3878	146.3763
73.1807	58.4457	257.0159
26.8127	155.3061	495.6566
55.3289	131.0427	5.8375
124.6998	144.2772	435.1578
151.2758	80.1877	77.5890
0.4690	145.5137	512.0468
132.2465	39.3718	508.4562
98.5629	154.8298	200.6913
104.2043	89.9287	45.9588
120.4019	70.0976	144.0161
72.1279	13.5793	465.0783
155.5467	115.3551	414.4844
29.5071	54.2491	158.4479
23.8844	101.6231	286.5190
70.5630	63.3345	457.3928
147.3855	14.3022	555.8258
53.1898	137.4635	170.9703
128.3204	168.7829	335.1740
43.9392	45.6542	553.2078
15.9852	131.6750	548.3130
85.8388	104.5197	282.0324
75.5275	120.5128	226.1779
97.9526	32.2693	33.5518
102.4448	83.5313	174.8996
89.7624	53.2792	447.0216
137.9878	92.7616	235.4733
40.1653	1.3438	298.0053
160.1350	37.4604	299.9077
144.8504	161.6516	453.2167
88.4216	95.8517	154.4427
156.0713	15.9289	170.0576
77.3134	59.8270	403.8879
119.7635	157.1515	24.7813
130.1211	143.7546	171.7853
132.6723	35.8699	394.2775
83.8832	29.9038	13.9376
90.4492	26.2750	400.7177
59.1061	57.4081	130.2678
125.5360	148.3319	336.6028
78.1548	67.7850	496.7451
137.2150	163.1597	288.6291
54.1102	28.3629	265.9748
137.8354	64.7101	181.0377
110.6475	169.7631	31.4043
164.9384	28.1385	335.9191
166.9358	19.0527	336.3747
22.8015	131.2042	335.4735
75.6686	138.4589	198.1050
62.4139	73.3172	250.8838
36.3566	30.9507	143.3019
151.6742	57.6346	339.6722
119.2393	129.7859	436.8444
93.7253	140.2020	117.1730
76.4560	3.4835	192.3056
8.0906	88.7379	96.6202
113.6183	120.7104	200.7092
160.1570	126.8227	517.3891
86.6358	167.1197	239.0850
118.9013	155.5639	154.3645
84.3583	14.4492	438.1143
146.3533	30.6146	518.6615
170.8008	137.3867	171.8544
127.8358	167.1943	381.9024
118.3859	40.1330	341.7364
21.9668	10.5801	488.8876
126.0117	117.4320	425.7442
172.8242	11.3243	543.9302
36.1156	107.9820	198.1636
96.0197	29.2628	222.8253
68.3768	110.2054	187.8059
153.0809	4.8565	295.0797
121.3895	140.9680	467.2906
13.4591	33.7737	558.2266
81.7849	15.1921	516.9285
160.1597	162.6894	258.8796
80.9697	90.2344	217.0882
110.7361	160.2250	153.3587
62.0692	170.3859	115.2994
33.2829	81.6631	81.6173
101.9243	152.8925	251.6484
143.0580	29.8969	138.9831
80.0607	144.9332	462.6859
23.2708	116.9171	75.4211
2.1181	95.8043	558.8003
2.6037	54.3882	548.0248
107.3718	22.1160	337.7175
77.1010	70.6263	391.6596
135.3824	10.7795	12.3620
107.4558	171.9343	146.7782
6.7170	118.6271	180.6405
117.3976	61.2317	263.7548
82.3213	153.1377	116.7621
139.1300	25.0925	151.6043
121.8913	85.2471	26.8881
107.5900	168.3364	198.6651
116.2303	100.1398	126.6133
11.9194	94.8029	185.6915
165.4094	125.7496	258.7109
99.7003	122.2236	341.9267
79.0766	1.7351	104.1145
63.6607	49.5284	145.3867
38.0285	83.4986	290.6338
11.1555	166.6847	433.9468
169.0973	100.3576	418.3812
88.4966	37.3144	545.4152
39.7285	77.0595	33.7566
26.2349	137.8988	184.6887
31.9012	97.0917	141.2400
145.5542	124.9054	67.7936
128.2251	47.6721	481.3611
162.2872	134.7641	482.7417
127.3446	3.8937	551.2908
102.7903	161.7878	483.9556
91.8417	10.1568	87.0414
128.0242	119.2575	257.9983
69.4905	41.6490	383.9585
135.2314	54.0862	522.3859
116.4541	83.8145	272.8077
59.1575	126.5640	24.2128
120.2649	55.6782	109.2135
114.3572	130.8848	238.6710
68.9112	29.1283	199.7601
54.2113	64.5099	382.3571
4.2214	84.8563	15.4518
44.4684	49.9681	525.4600
157.8590	26.6847	459.0320
51.0739	24.2790	42.7265
34.0314	13.9907	136.9770
160.8597	159.4422	28.6231
46.6308	83.2191	386.6743
86.8466	44.8067	336.6057
69.3831	117.7635	442.9563
163.4427	52.4439	61.8237
68.3580	108.8121	453.2453
59.2091	105.5912	493.8767
92.1797	157.5752	555.1800
160.5662	104.0417	124.7948
113.8503	65.2747	179.6556
80.8271	93.8698	249.7386
96.2510	81.1602	530.5524
168.9104	0.5256	60.8657
79.6938	83.9347	116.0977
45.7827	160.7850	294.6803
103.1200	89.5818	495.7412
121.4625	18.7414	180.4075
52.7195	125.7795	557.8260
40.0621	15.7288	490.6382
60.0675	54.7355	509.2783
97.6246	22.7614	283.0878
95.8315	68.3906	119.1111
108.1485	114.2571	159.5714
11.5629	83.0537	308.5858
138.2791	3.9954	41.0751
128.5133	54.6549	183.5455
143.1166	170.0262	66.6734
83.3583	75.6448	348.3508
152.6288	61.7373	47.7474
71.9484	145.2467	367.6824
132.6072	28.4562	447.2707
95.2088	12.2673	502.0255
162.8858	83.2485	549.6747
34.0612	159.2454	102.8706
155.7684	146.7705	186.3445
150.8294	54.8948	29.3478
104.1659	23.1344	357.8315
120.2984	42.9968	244.9375
135.6170	16.3806	202.5467
40.8417	94.0492	358.3650
150.7289	80.9830	82.5570
114.9097	162.0445	113.4437
101.5228	156.3892	285.3321
157.6193	30.1476	154.0829
98.6167	23.4088	416.9024
128.6342	79.4052	363.5145
101.1946	0.0311	292.9549
114.0289	57.6740	178.1643
4.4283	115.6457	356.0650
77.0553	34.8952	186.0594
93.1579	85.9518	128.1746
92.8473	147.4643	501.3939
66.6795	115.2847	523.4751
150.4512	21.1991	164.2585
56.1651	32.3773	324.0410
56.9828	132.4267	459.9058
99.0886	80.0522	215.1814
136.5241	47.7376	482.7092
92.4254	127.7165	444.1245
116.5387	50.6195	107.3764
67.5510	115.7228	170.4445
52.4889	144.7142	113.8744
149.4144	13.5388	513.6201
124.3088	53.9621	486.9875
37.1156	51.5426	325.4742
41.7883	85.9557	34.1180
93.8838	157.1301	299.6222
30.5442	104.5398	537.4710
145.6510	0.4234	337.2186
121.6486	129.9054	160.2724
128.6866	15.0844	414.3388
51.6023	138.2261	443.7991
32.7081	32.0834	513.8551
9.2747	13.9070	391.0272
74.4565	107.4285	505.0356
79.7319	161.3400	446.4435
126.3747	15.1651	518.8560
140.4344	21.1471	234.5122
159.6496	41.7768	430.8715
68.7986	152.8280	198.7444
24.5058	123.9471	88.8063
55.0232	8.4413	270.0496
78.9613	57.9821	348.9836
145.5645	87.8407	208.6827
122.2382	158.5209	251.7660
47.3633	75.0611	303.9667
134.6045	121.8513	175.2898
111.6920	13.0869	129.9516
69.1857	38.8079	225.4245
57.9160	11.2126	344.9526
81.1433	147.7140	400.4665
160.5899	146.8194	366.5681
2.4704	123.1760	134.8165
124.1069	160.7900	242.5539
172.4473	132.9949	204.5584
94.7466	138.8832	305.9372
35.8686	141.6878	375.4117
114.1650	123.0033	9.7032
147.4830	64.0126	424.2765
2.4605	45.7100	328.1181
100.0316	66.5993	424.1337
71.6776	84.6998	196.3603
43.8182	43.8313	3.9363
18.7335	121.4960	524.4560
39.7486	123.0681	316.7506
66.8729	136.0563	30.0754
159.2812	159.3730	336.6753
67.2273	124.6414	123.9709
50.6239	112.6739	81.1633
129.9785	41.5673	476.1391
152.4775	32.8132	175.5993
34.7607	29.3085	138.5280
168.5656	6.5560	192.0048
126.3341	70.5644	75.4672
53.4477	131.0620	109.5196
107.7279	2.0897	298.8889
167.1218	2.8479	303.9598
9.9228	136.3947	63.6778
166.3342	150.3137	246.1933
4.6320	130.0613	473.0771
61.2945	78.2323	417.3146
38.3698	171.1187	132.8718
7.2070	53.6780	114.6070
79.3849	165.8851	75.3001
41.0946	130.1825	228.6578
43.6336	158.9410	308.6315
79.3385	61.0584	403.6193
131.0356	78.5536	197.3474
168.5850	14.6015	311.9404
104.5156	58.7583	300.9068
58.5205	128.3001	118.9898
82.8337	127.3496	192.3546
96.7492	16.1507	546.4993
61.4555	16.1312	176.2632
160.0938	110.9512	103.8414
118.8784	5.1581	277.0037
96.4516	145.4549	9.6606
60.0258	133.0744	307.3235
140.7121	108.8660	223.5136
46.0187	10.3226	74.1795
8.7372	68.2564	118.0245
129.6009	107.4713	131.6601
63.1391	166.8565	382.1230
48.8708	170.3125	131.2130
116.5537	55.7720	505.4391
66.9951	15.2565	178.2065
46.5962	132.0779	77.8483
149.8189	72.4698	136.0619
7.7518	129.9819	394.3879
18.0853	163.7668	544.7353
104.7284	110.8403	34.3154
32.2114	104.8032	30.2075
117.6569	122.0238	218.3609
158.9068	23.3664	263.1489
87.3178	98.6063	534.6976
166.4418	141.8174	171.8086
116.2493	167.7000	166.1389
85.8191	107.7608	125.1341
108.8482	12.0364	197.6613
30.9923	4.7169	152.4975
8.5688	129.4731	65.5033
91.6320	139.1749	315.4520
165.5439	116.5291	264.8498
140.1338	135.4308	26.1222
128.6088	168.3511	52.8778
30.1751	57.2837	129.9770
126.4433	53.0355	2.2960
74.8819	2.1369	363.7369
150.1798	172.6967	93.4613
79.3021	52.3143	548.5001
131.6165	149.4046	60.1768
152.5363	85.2878	98.5690
136.4994	32.1057	365.7814
56.2923	44.8413	86.7589
84.1849	89.8074	298.1557
151.9310	34.6525	311.0242
50.4274	52.7669	222.4991
112.4164	90.0941	492.1248
116.7203	172.7500	262.3048
119.7707	97.3462	25.2938
155.4321	129.7771	257.2332
50.0866	162.6167	21.2374
65.7244	63.3190	327.1674
48.2627	55.5263	256.7417
112.0073	49.1317	380.8267
124.9591	43.0822	293.3669
76.0396	153.7474	309.5723
31.1974	40.7121	344.0168
22.7481	151.6463	481.2453
95.4162	87.7455	546.4329
79.9749	157.3678	218.1104
5.2196	48.9162	229.3247
9.0338	7.3847	66.1594
131.7971	15.4773	344.2238
160.8562	74.8144	382.4271
144.7524	43.5154	175.9692
51.0739	24.2790	42.7265
41.0257	120.6631	545.3831
96.9933	130.1448	295.8842
51.9166	9.4157	398.9709
49.3663	4.1994	71.8851
22.4419	160.0498	490.3704
99.9889	149.3471	268.1651
169.6710	144.5295	371.9895
44.4913	47.5863	63.3212
154.9435	10.2722	343.0899
63.8365	90.6740	515.9771
113.9965	135.0686	413.1893
167.8782	85.9396	102.1745
0.7919	93.0371	298.8195
84.5665	62.1617	464.8128
32.7091	158.9659	193.5976
147.6566	10.0067	151.5990
92.8181	154.3303	534.3611
52.7677	127.1438	524.1741
83.8638	136.2410	37.1306
149.9827	150.7798	472.6580
55.1396	25.6449	31.9956
91.1256	29.5409	113.0698
4.4454	80.6688	102.9913
1.1429	116.3048	543.9072
71.3734	135.6632	43.0377
127.4440	116.0011	412.8299
138.6422	41.1403	107.7732
56.4562	33.2948	203.5004
74.4433	53.2931	517.8691
39.9482	33.3660	282.6971
77.7830	43.7814	454.2873
49.1049	7.5800	273.7987
122.7520	144.5050	194.0467
157.9229	66.7779	287.8372
166.2676	25.5416	238.1624
140.6085	89.1934	198.9867
117.2012	117.1248	52.5353
91.6604	2.7219	317.2722
0.2092	26.3041	496.5433
161.0888	148.0049	451.2638
112.6747	155.7278	70.9669
10.6827	99.8024	490.0766
114.1150	149.2683	123.2185
64.7338	172.5674	441.2929
72.1654	108.4287	178.4048
78.3244	96.7305	28.6488
117.6368	37.7084	340.3337
108.5706	76.8072	75.4784
20.0034	164.0321	561.7096
45.3444	51.6634	89.5194
167.8635	2.0676	182.1123
77.3617	5.9396	211.4251
113.3054	60.6333	423.6829
86.9882	24.7309	0.6960
41.7366	12.1851	100.9889
16.5590	3.3532	528.6312
5.3843	111.4712	540.6015
108.2832	64.1096	209.4722
107.6436	133.1212	152.3966
5.4973	23.5578	334.3432
87.9715	99.6085	274.3394
112.8261	161.7995	460.0006
106.8358	113.6108	495.5992
161.8607	69.7374	457.9906
54.9294	143.4732	12.8999
81.8371	33.6469	170.6331
16.4191	122.5904	313.3798
20.1578	171.8056	144.1232
17.9098	87.3568	556.3922
34.0492	149.7630	330.6368
113.1021	161.6264	235.3499
19.5715	50.1898	35.6874
120.1717	167.5769	190.4089
4.7389	172.7248	53.5519
127.2622	15.7148	317.8314
114.5686	95.4200	335.6596
78.5338	94.7768	85.8148
68.5467	6.6418	417.8176
74.7256	129.6374	242.5912
56.0825	122.6634	228.2408
153.4934	148.8224	475.4926
66.4061	137.0434	35.7203
113.9794	45.4128	335.8399
53.5258	130.6874	344.1302
115.9015	18.3402	70.4838
123.0875	66.1132	189.5652
15.7211	116.5951	497.1576
160.7202	36.2010	73.1629
172.8844	144.8762	418.3523
0.6355	168.4952	213.3593
86.2544	3.1854	123.5381
147.7084	13.3543	458.1174
136.9827	9.8796	346.9803
90.5476	75.4651	525.0392
61.1122	88.7788	128.7375
62.5328	2.3616	88.5758
125.0172	28.5982	417.2991
111.6274	2.2963	175.6287
77.1637	98.0709	244.5932
27.9917	49.5870	177.1614
16.9888	169.7969	464.9094
17.4892	145.1235	531.6137
15.3181	164.1048	0.6581
162.3200	135.7719	320.7365
77.3564	136.6760	413.1161
66.6480	19.6429	341.4524
18.9344	153.0869	241.0368
59.0523	16.0708	277.4833
137.1830	154.8177	222.0988
14.3705	135.3589	317.7324
71.9325	123.8753	121.5924
71.9528	98.7926	114.9067
41.0503	28.8746	28.2768
86.2703	111.2680	533.3174
123.1884	94.7858	370.6058
128.1455	123.3059	162.4843
109.7250	161.5690	51.5454
125.4794	135.6837	351.2679
97.5317	146.2237	11.1206
53.0100	72.1421	522.4177
57.1455	114.7554	563.1661
147.2913	157.3852	73.9297
131.6181	110.2137	274.8989
2.7797	130.6504	437.7145
132.6187	154.9683	332.8792
153.5658	149.3452	21.1935
89.8565	48.9970	439.0158
35.5604	156.3764	387.2635
90.0950	147.4912	486.7109
13.0816	11.3349	103.9810
109.5323	43.4582	539.1677
25.4044	57.7481	403.7843
78.3825	133.6960	30.6864
67.3853	147.2782	258.1965
99.7185	48.4624	31.4257
169.1474	136.1405	317.6800
152.8752	94.3916	350.3303
110.1407	39.6459	318.3577
133.7579	67.3624	184.4878
9.0997	123.5111	99.0497
161.5897	86.8844	445.5426
172.7577	62.0275	449.0642
54.0651	108.9726	221.5572
113.3918	86.6261	165.1057
129.6504	140.7791	160.5400
13.7963	41.5113	88.5949
161.5501	127.2588	55.2997
142.4921	144.6393	481.9130
141.5440	159.4120	195.6216
155.1215	104.5123	187.8862
92.4729	92.8801	521.7898
73.1800	156.5327	152.6658
27.0650	14.9289	92.9695
147.3975	17.4765	437.5869
129.3862	58.8549	439.0127
85.6744	27.4875	485.5533
87.5692	145.2949	172.3720
89.7741	133.8039	474.1012
43.5086	58.6672	210.7565
10.7931	37.6045	141.5226
82.6358	148.0760	140.2009
92.6627	43.4568	327.6248
24.9862	115.3633	108.7468
90.4321	123.1025	555.4656
163.3972	28.7669	443.7531
55.5132	124.5544	179.7658
60.7613	168.2834	262.7907
81.2631	0.5479	104.2670
56.6185	30.1332	348.8506
99.6404	5.3696	268.7723
39.8668	120.2980	563.0348
70.6048	107.9840	152.6823
70.5576	16.8911	541.3465
130.3438	38.8602	365.3270
67.1161	33.3188	357.8391
171.7964	148.4602	15.8624
91.5773	27.5217	232.3683
43.8558	154.6513	89.1224
19.8336	171.1671	99.0617
28.6306	125.8909	151.0625
48.1914	128.6918	71.3218
56.8602	129.1644	424.8263
66.4950	85.8448	220.7592
66.5297	95.2192	309.3772
169.8956	29.4515	159.2575
103.1586	89.1208	356.3783
79.3674	90.1482	258.4443
20.1239	115.3283	273.7018
160.1129	70.5568	400.6399
39.8706	17.7447	124.7327
52.6871	86.5026	380.0282
159.2439	141.0202	528.6291
21.1655	12.8539	220.4960
130.6522	81.3251	70.9662
115.0749	161.0530	482.4639
60.3396	132.3323	97.8778
58.4079	12.8422	26.8436
112.1586	1.5575	263.8233
44.2659	13.0349	495.6611
138.5555	152.8558	31.4734
75.3859	7.5243	405.5160
22.3403	61.6397	206.6758
58.9233	57.3890	233.2605
43.3876	166.7309	186.6683
50.5892	1.2614	428.2445
69.0402	110.3851	438.2606
155.0129	64.4696	473.8447
95.7741	25.7491	543.8801
87.1917	1.9297	287.4359
48.6949	131.2777	79.5872
42.3833	126.2439	88.3050
93.6089	72.1833	361.1227
105.2949	0.0748	28.4376
114.7433	93.3554	353.1801
125.6785	165.3136	257.2090
75.3123	105.7255	50.0106
71.6514	80.2384	429.9571
23.0209	96.8801	192.0675
31.2920	156.4980	438.2203
5.2836	139.7438	123.5925
129.1292	134.9542	465.5677
2.3596	151.9616	123.1539
107.6811	43.5372	344.4739
100.8834	79.2292	457.3070
87.8502	34.6545	398.4818
66.8835	82.9690	318.9911
118.1902	124.7431	320.3742
127.3817	103.0971	393.0803
166.7973	135.5938	295.2282
29.1424	150.7769	182.5104
154.9064	145.4838	461.7732
125.7016	139.3960	435.5816
40.2853	132.3107	555.7295
166.9049	50.9179	149.7151
112.8259	85.5864	363.5224
83.6480	112.6449	357.5938
96.2684	51.1751	529.2113
35.5430	22.5549	159.1218
8.6363	149.1083	467.1022
30.6923	125.8673	336.5861
3.1288	95.1108	504.2553
105.6312	20.4128	158.3269
150.2521	166.1295	293.0535
159.2844	36.1891	157.2434
171.2064	2.6903	118.9876
38.0701	13.8062	30.6023
40.2748	162.5930	416.6852
20.1098	19.5306	225.4071
1.0354	86.5491	158.8316
89.5347	44.4689	97.5107
158.1898	151.2858	78.7290
6.3266	154.8711	346.5467
61.2986	152.5619	310.4379
79.9774	25.9156	195.9539
132.3795	151.0970	122.3289
3.3964	126.4620	239.2545
164.0889	57.8081	46.1779
18.9260	144.6061	554.6900
140.1323	102.9388	359.1919
5.1453	18.3627	234.4557
66.0262	25.9326	282.4979
13.6436	23.0502	461.9567
146.9322	147.9248	344.8278
93.3431	22.7573	251.2257
9.4959	20.7414	238.9030
146.0259	20.9200	558.6202
38.1089	112.7417	207.2350
53.9084	19.8740	563.1310
123.1345	54.7477	191.5963
8.5733	88.6573	122.7463
7.2637	21.5436	2.7507
52.1702	156.2108	326.8789
36.5383	90.7587	204.0426
106.7870	15.2767	280.0816
102.3578	86.4689	173.4043
24.2329	153.2128	171.6461
114.8358	158.7076	493.1952
35.7959	7.9105	453.6443
157.9209	72.6756	59.3832
117.0797	166.4389	450.8115
84.7763	52.5243	433.3558
160.7800	41.3408	73.6871
78.5515	128.2247	221.7691
87.3224	36.9404	84.5928
45.0334	2.4398	268.7389
165.2854	29.6941	165.1624
74.3968	6.4254	253.9018
134.8160	153.9468	296.4240
93.9839	26.4435	542.0991
57.3906	23.6247	75.2222
161.7911	32.3839	339.1795
145.1540	110.0090	396.6174
130.4819	44.4596	409.2487
164.0706	41.1405	25.9592
24.4301	125.9433	28.5272
124.4480	149.6430	86.5540
155.0009	101.4982	526.7446
96.8811	93.3717	502.0514
28.2483	90.9438	299.2218
40.0353	108.8778	220.7444
50.8856	128.9585	220.8643
59.3503	161.2589	257.8149
117.1386	108.0504	38.0984
119.8977	14.5690	81.8826
47.8585	130.4133	184.6437
10.0076	165.8014	510.4510
51.0757	95.2067	156.4583
110.7047	12.9093	28.0988
148.5536	50.9372	58.6850
84.3554	140.8803	378.9090
37.6568	57.5767	238.8255
28.5173	89.8121	329.2924
84.4349	41.3604	344.2433
149.2310	119.1006	26.3796
60.9914	6.0661	541.7882
142.2811	30.8049	551.3793
62.7474	53.6520	296.2572
105.6527	144.2623	420.6293
82.6075	0.2410	82.0303
116.9016	60.5193	93.9900
4.6796	118.4696	473.4523
126.9185	134.5004	555.3262
169.8992	75.6098	283.2907
29.8022	82.8018	226.6110
15.8891	22.2069	550.2816
92.1321	79.3262	194.9257
15.3913	119.0445	542.3520
61.5384	12.0637	450.2715
14.2599	54.1431	222.3879
3.6863	0.1915	14.4466
30.7384	67.4243	314.4311
60.4635	58.8400	535.4472
90.5196	12.0161	155.4598
112.9769	19.6603	103.0679
5.2845	133.8846	257.3574
170.1592	139.8374	167.8795
108.8624	86.2676	41.5410
57.6831	128.0527	494.0343
103.3908	169.1240	52.1049
91.5431	124.9810	251.9410
119.1304	25.8103	192.5083
65.4262	108.5404	341.0235
157.7743	22.9488	272.3367
18.8056	120.1119	341.7278
166.8303	169.1047	88.9819
113.6039	147.8143	16.4982
131.5399	101.7450	174.5489
14.9848	81.7214	408.4358
81.0997	172.1309	142.7455
26.9242	114.2003	482.5045
99.6676	56.7166	89.3264
139.4541	46.0919	475.0943
63.6730	158.0177	106.0007
33.7206	76.1622	290.6871
128.5827	86.8327	109.9067
102.6307	12.3267	276.4649
130.8907	45.5539	368.8237
56.8705	88.6359	243.8849
114.8843	9.1266	354.8730
122.4097	166.8454	329.0171
166.3001	136.2020	162.0431
80.9544	95.9045	230.8696
122.1593	72.5135	128.1402
18.1704	25.8956	110.0410
132.2872	39.1846	304.0376
62.3158	166.8249	239.3157
132.9855	0.9464	183.9366
165.0850	134.6148	442.0096
116.7581	103.7885	18.4373
163.8990	85.6649	529.7222
133.9127	30.7649	541.7758
16.8393	14.1664	275.9754
11.2872	75.6931	438.5541
113.9015	165.7174	365.2615
128.6933	85.4015	393.2036
121.5021	87.6553	395.8693
96.2280	38.4130	548.2784
133.9325	156.5177	456.4142
149.9039	2.9302	426.4752
132.7986	47.0281	343.1774
132.6739	140.8999	145.4090
50.8563	116.8361	501.0211
16.0461	108.3697	533.7296
87.8013	126.2896	481.1772
161.7026	100.9022	205.7596
85.3447	104.3361	421.4011
48.0428	84.2951	330.3114
24.2202	88.5827	192.3059
144.7758	161.5362	69.4435
64.8780	98.3017	69.4175
44.2029	54.1317	59.8676
5.3442	170.8715	553.9259
155.2434	57.0307	456.5952
160.2920	45.0856	264.1535
63.0064	139.2289	513.3827
135.6015	152.0524	22.8338
53.3781	165.6544	138.6306
47.9216	97.7756	514.3574
59.7129	131.2375	227.3573
76.8480	117.5488	525.7863
27.6703	164.6534	411.1369
17.1795	104.0514	177.1175
88.6713	37.8991	547.3430
126.8039	74.8439	254.5224
32.7002	23.6267	438.0535
83.1481	5.7810	269.2170
68.8962	96.3950	51.4935
2.5544	82.9244	557.6994
157.5815	10.2988	363.4825
58.7501	162.0554	130.1899
109.7544	16.7631	121.8784
121.0152	97.3303	511.5332
9.6169	20.7257	218.5037
43.2866	33.8071	475.5773
6.0453	127.4180	71.4933
161.6743	125.9346	37.9835
167.7416	153.5701	115.4152
61.3434	31.2429	385.0894
9.1942	103.0520	556.5089
130.0130	25.1950	263.8631
50.0865	168.3531	68.8990
49.3654	134.1707	53.7751
106.8657	95.6751	2.1071
23.3183	99.6945	181.2819
102.8043	62.4374	501.1289
146.4922	1.1312	495.0045
55.4643	34.6545	126.1330
34.5601	139.4463	113.5661
67.4926	57.0456	206.4492
23.5226	27.9516	96.1824
54.7957	48.9141	194.3675
121.3446	37.7585	358.9789
49.4905	44.3934	47.1290
127.7050	10.7791	84.1022
101.1918	83.8800	40.2173
17.1365	31.4483	465.5595
17.6951	26.4863	541.5249
59.4114	149.3123	436.5642
35.9853	72.2165	341.5632
73.2315	108.3472	394.6332
63.1012	0.8913	191.0398
30.0886	115.0262	191.7536
108.7952	58.1350	142.3240
37.9802	166.6894	438.0520
147.0056	86.2472	131.7502
9.9072	167.3522	82.2766
23.1501	58.7158	259.8256
6.9925	128.7573	412.5510
160.7399	80.9619	289.5154
170.4006	25.7281	83.5550
29.2319	114.4328	494.1288
85.1966	16.3162	546.8868
164.0229	3.7223	546.0095
110.2688	50.2329	285.4476
111.0727	118.1688	301.1595
83.6872	143.3936	3.3942
15.0913	165.6948	88.5138
159.0093	100.3955	544.9610
22.0340	80.6192	192.2617
148.5190	13.0913	300.7873
55.5838	57.9728	250.6044
52.1744	23.9853	126.5818
94.0902	121.5962	286.0630
137.0061	19.0329	507.5550
159.3405	23.3436	316.2967
73.0476	4.6834	352.1480
33.8816	96.6792	519.3687
166.4217	134.2372	401.5500
145.9266	151.0944	299.5585
28.7063	32.4593	394.1147
122.7036	24.5854	141.6789
10.1182	115.9880	93.9736
125.9823	137.5141	1.7561
110.8136	171.8811	202.7165
64.7827	71.7112	395.8570
106.8956	98.2282	409.4249
79.1175	63.2785	280.2332
71.1821	134.4018	468.2755
82.8216	121.0248	79.8432
48.7644	164.1771	141.7292
11.2255	78.1408	315.4813
30.6210	124.6782	226.4604
41.6485	123.5826	364.3210
89.5826	46.4757	333.1173
50.3507	13.0121	524.7392
161.9937	64.0176	49.2194
27.5691	83.9605	184.1702
56.2181	24.7296	204.6285
65.6402	44.9794	57.5507
53.9313	3.8774	345.9505
17.4378	75.6750	219.0994
105.5885	110.2651	520.8321
38.5604	46.0028	248.9781
171.5034	89.3671	387.9152
27.4588	122.7585	253.1263
11.5274	66.6987	216.4776
0.5884	136.0336	542.0014
88.9009	78.4149	239.8698
78.4243	143.1091	488.1295
92.9601	41.6824	423.6598
76.3161	151.8159	401.8931
59.3135	67.4795	511.1398
61.3775	19.2686	117.1707
157.9639	121.9819	271.7745
111.9914	144.9526	92.4306
29.3249	53.3909	419.8488
170.9769	6.9835	451.5896
128.6859	168.7063	244.6323
58.1076	28.2532	335.6357
136.5298	93.7191	157.8491
106.6279	172.8909	27.9084
152.6671	117.6598	189.0714
45.5262	39.9506	248.1324
51.1948	38.8384	296.6157
8.6242	69.1337	16.4898
50.2351	23.1580	215.7247
151.9000	155.6948	201.1893
160.5250	55.3849	478.9426
90.4817	38.6239	95.0776
47.0311	12.5022	71.2754
129.2935	143.5610	360.8306
128.1339	133.0650	491.7623
58.5122	70.1671	213.2720
67.6635	86.0088	527.9958
125.8168	58.1916	158.7468
170.6873	9.4591	179.3006
38.2618	143.5067	83.4752
125.6657	133.8538	469.6246
84.9421	18.5547	279.2673
149.2579	37.9885	176.3911
132.9977	67.2667	413.0902
160.2039	37.3191	238.0297
153.0131	43.4801	431.2870
132.8009	140.5031	192.6468
42.5752	143.7672	123.8670
151.5997	58.6639	502.0569
52.3450	68.9603	388.4278
83.6674	135.0596	440.5663
125.3355	151.0002	537.4800
69.5449	91.6803	119.6575
106.7938	161.0335	36.7871
34.9698	157.1025	16.5297
52.2084	8.2100	538.3114
23.8477	117.9846	149.2676
120.9329	29.5982	411.1434
108.2604	166.0041	374.4857
148.0407	21.5639	434.4572
70.9608	141.8646	2.7800
43.5900	52.9234	419.0126
155.1561	124.3565	475.4330
7.5707	23.7873	190.0835
108.0078	17.8100	132.2498
70.7943	43.9636	179.4300
77.9325	67.8067	482.5636
62.7376	107.4546	126.6048
172.5836	31.4812	159.7443
123.1006	171.6475	402.4484
128.4062	138.1441	332.6613
165.7381	112.0327	433.4276
144.2497	54.7356	95.3805
143.5628	105.7208	117.1755
149.6741	104.3702	421.3381
114.9462	168.5395	357.6471
160.8584	159.4393	28.6271
63.4015	98.5688	483.7961
161.5972	86.4117	385.8905
29.8992	45.3728	404.4897
150.8994	26.7752	512.7813
72.1401	88.3202	109.7593
70.1719	30.0010	64.5636
69.8419	96.2471	438.4294
127.9109	56.0883	122.7058
130.5826	112.3354	373.7421
18.2831	95.4794	53.2703
99.7085	161.4577	473.8893
92.9236	53.8826	121.6595
156.9512	146.8256	447.2535
164.6532	54.2139	100.8416
114.5987	114.5220	414.2525
23.2422	35.3917	87.2523
46.5354	41.5582	445.6817
4.2288	93.1323	557.4001
27.7582	156.0099	207.2375
40.6391	118.9104	9.8165
54.3516	101.6042	221.0872
40.2310	3.1939	61.3389
7.6023	159.9943	307.7050
16.5289	22.8020	526.0620
168.1538	123.7650	534.6328
154.7051	53.1941	413.4055
141.6078	98.0289	74.0769
71.8846	47.6226	284.3520
112.7790	171.5379	155.0916
3.9061	74.5720	276.5328
116.2604	152.1303	185.4111
172.6783	2.0172	33.6763
54.1896	0.3824	452.0659
45.4852	159.2444	425.7582
1.8116	115.6530	256.7202
24.7209	16.5516	78.7332
132.8060	89.5411	100.8431
170.2370	34.1583	20.5021
81.6167	124.4185	561.3104
31.6070	135.9725	68.8209
69.2492	94.8227	521.6294
52.0670	121.5735	548.7501
6.7775	125.3968	122.3372
34.0837	158.5581	322.5332
157.7052	58.8707	398.3021
42.4995	172.0296	337.3101
162.7250	36.1400	291.1965
99.3817	95.5984	417.2394
70.8089	37.5779	166.7569
146.9467	103.1337	353.1494
165.4639	147.2425	467.5330
4.0539	17.2804	513.1096
128.8045	96.8537	270.8117
124.6968	108.6390	152.1422
153.9492	46.2798	92.0981
84.2268	151.1476	101.5898
10.6408	99.4265	190.8451
0.9760	114.0911	205.8458
153.6329	100.6629	145.2878
140.2398	35.8417	4.6725
106.9471	144.9967	384.2946
140.9887	138.6524	177.2586
107.4263	171.4673	383.1991
156.7819	85.5707	58.5017
113.2148	99.0553	51.6815
143.7586	117.2971	269.3554
84.2445	80.7032	387.0772
78.1455	100.8072	493.4042
7.2473	168.3318	431.9308
26.3624	141.4986	353.7934
7.3021	57.0970	19.3751
52.7271	19.4699	56.5410
115.6822	58.3465	324.2386
79.4331	95.5842	465.6647
163.9813	134.1879	199.3108
60.8393	74.8066	173.6811
123.7635	60.3520	299.2928
56.6093	132.1345	450.1428
39.1169	83.8394	165.6004
143.5517	149.3798	200.8385
147.1742	19.9024	18.8370
11.5245	45.8901	352.2764
3.6970	71.7290	181.9912
19.5376	148.5254	127.7489
158.9154	125.1403	350.7716
165.2746	158.6926	498.3025
71.4730	149.7724	163.2885
80.8258	6.6038	378.1821
12.8608	100.1267	459.0991
82.3279	149.3555	141.6602
101.5500	138.1373	43.2072
63.7768	63.0021	6.1846
162.3495	43.5523	154.0903
83.0291	24.0800	10.8301
68.9861	117.1533	382.7731
79.1905	32.5366	501.2132
105.9721	78.6662	317.4799
93.4901	95.0471	39.0647
143.2065	32.2642	165.3425
83.0242	115.2863	557.3157
88.3439	39.7056	136.2478
27.2686	148.8744	20.9036
16.7501	38.3499	223.3291
124.8794	118.9339	100.2614
107.7101	88.3044	545.0089
126.4587	26.3380	190.1285
113.9754	72.8358	184.9276
114.2516	14.6147	50.4602
22.9869	67.8650	220.5535
78.3312	81.7569	403.3165
33.3841	93.0189	143.4711
1.4740	153.0239	403.6585
30.4315	110.5492	388.0060
102.8369	82.8684	339.2660
23.3257	138.9618	557.3114
88.8258	34.8038	73.3971
92.7230	12.3553	496.8508
26.7794	113.3238	423.3612
117.1354	43.1566	161.9429
7.0114	101.2298	448.6157
132.9171	118.1927	382.8869
55.7000	74.8602	149.6497
94.7557	138.1929	532.9035
3.1144	68.7548	62.2137
25.7340	109.6395	429.3600
87.8032	11.1131	37.1598
33.8474	21.7961	361.6101
163.6079	169.3063	209.0328
14.9449	142.6660	193.0992
89.3701	64.9673	265.5984
129.6668	163.7556	89.1403
27.0892	51.0625	146.1236
32.8710	131.1992	103.7930
52.0530	54.5263	458.8767
86.7822	122.5111	291.2220
59.7516	71.5977	368.0601
21.0029	149.2287	394.0016
63.1514	165.0947	235.3800
88.8903	164.1674	126.7819
171.2587	87.5679	122.3121
24.4188	14.6603	456.8542
56.7068	31.4758	298.8124
50.3681	62.6115	46.6604
111.9070	49.3584	288.1677
166.6626	121.5202	559.9950
4.9111	92.7374	168.9388
10.0499	161.5203	21.5451
101.6027	13.6811	120.4099
19.7190	95.7684	59.6128
20.0368	27.0521	116.0843
105.5773	103.7502	213.1368
160.2383	167.3796	431.9079
71.4648	79.6849	131.7364
84.9911	89.7649	318.4487
37.4146	7.9618	293.8762
30.0466	151.7230	317.2332
108.6315	108.2929	439.7134
135.7324	87.4583	277.2619
129.8320	128.0331	323.5818
77.1712	139.9080	183.1310
49.5342	93.6669	297.2052
154.8543	69.0784	117.9128
64.2144	107.1032	537.1196
43.7822	157.4239	95.3682
142.1526	114.6491	39.9798
26.9528	125.8406	356.6743
101.5881	126.2362	398.0840
160.9495	43.1020	403.1630
127.2173	127.0306	15.0678
166.1569	95.6962	79.8259
134.1515	8.4160	300.2868
93.3245	0.4358	39.2263
109.8500	123.5668	40.6098
121.6690	149.0607	99.8538
158.2117	113.6417	42.5536
48.2159	3.5860	349.0786
141.3698	148.8944	159.5309
142.6794	29.5956	153.9970
139.8064	22.3580	77.0849
103.1112	80.1300	115.6690
164.3859	131.0754	457.5442
63.1468	1.3096	91.2053
134.8185	98.1779	174.0811
169.7153	49.0166	287.8447
144.2503	63.6136	165.6745
139.3695	150.0285	60.2815
96.2385	3.0008	251.0851
85.2027	138.8119	443.8213
123.8386	148.8827	494.1299
24.6017	107.9923	480.1809
24.6009	114.2716	172.4541
159.7749	147.9825	111.6332
142.2030	108.3090	280.8772
171.6360	73.4463	246.3399
5.9512	10.5126	5.1050
88.8675	23.3771	526.9076
17.1634	153.0873	376.6653
105.6703	122.1255	359.5111
95.4513	1.5807	92.0297
85.6189	128.6348	139.2749
45.1177	6.5055	342.5480
29.6000	53.1956	197.6008
35.6166	75.8246	425.2931
78.0481	64.0331	487.2120
110.7731	28.9060	23.5302
60.9705	38.4693	221.8988
146.6896	13.1683	537.2875
73.9678	108.0040	21.4583
14.0518	160.2288	150.9052
34.2671	62.3475	429.4680
113.8054	14.0700	100.5744
136.1039	114.7910	292.5497
59.1207	20.3718	189.0020
30.9196	10.4564	113.7070
13.7968	13.3762	344.3410
123.7150	169.0037	335.0309
82.9939	126.0659	313.5543
140.0443	79.2730	442.5894
57.1651	38.5125	419.6031
57.6325	9.8142	106.9730
57.8432	131.6512	37.7023
136.1290	43.2476	186.5084
105.3008	44.4590	81.3612
151.0301	148.8420	470.3009
131.6346	55.8158	120.4950
161.4417	171.6387	471.3783
132.0728	137.1855	268.4420
136.4179	33.0246	540.4378
99.0829	95.1203	340.9353
80.5904	119.5199	6.2846
73.3504	32.6128	150.5218
120.1668	6.9788	182.1313
163.6665	32.7756	445.7220
94.3611	31.5326	284.4089
83.6271	154.8173	274.4293
29.9381	11.9760	456.5995
70.0331	131.8224	161.3888
11.5670	150.4658	334.1569
118.1105	49.2691	457.0381
132.8550	116.6029	271.2551
22.3720	58.2407	203.3066
78.9737	161.4584	246.3081
44.7964	86.3626	382.5603
157.8409	116.7549	23.2475
127.1454	135.8299	85.7358
162.0898	2.6109	309.4172
30.6769	15.3263	56.1585
26.7758	140.4632	90.2719
60.7483	80.0229	237.8996
50.8546	119.7283	96.5661
150.8861	13.8244	446.8837
159.0691	81.5852	296.3230
65.3784	115.4094	279.4776
85.0179	108.4916	185.9646
152.4382	25.0036	54.2689
14.5964	105.2807	557.6581
46.0187	10.3226	74.1795
26.6344	22.7289	57.6841
35.3735	159.3532	194.8900
45.1792	104.8694	274.3805
124.5796	74.1168	505.0870
57.7224	50.9953	78.9953
101.4630	128.3932	14.7675
66.9175	108.4852	125.7161
45.7123	1.0767	18.9797
18.4559	17.5249	559.0067
101.9307	71.1509	304.1474
47.4743	122.7025	328.0714
37.5714	53.7871	107.8666
78.7670	58.3159	370.5367
103.7189	93.4895	316.2023
75.5249	149.7045	264.5139
153.1441	109.6886	248.4500
38.8232	57.6307	242.5251
7.8472	165.5454	325.9794
84.2533	63.6184	281.2499
86.2494	159.8008	139.4711
71.8448	47.1532	345.0956
109.3930	5.8578	453.9376
129.2786	161.7475	152.6676
127.1297	59.9272	235.3641
0.2976	145.6712	330.8638
7.5023	84.6697	538.7849
62.5592	109.4186	449.8915
7.6863	10.8211	457.5995
38.8076	28.9123	295.5874
93.6936	121.1082	308.3995
163.5357	89.0729	252.7359
23.0353	84.4511	39.7302
69.6490	52.7021	302.1010
2.1269	102.8367	100.9525
43.3971	144.5640	16.3502
122.1974	135.3994	256.3674
170.8068	108.0925	299.0241
55.5465	157.4172	280.2579
128.9290	85.8469	100.6407
36.0478	172.4428	212.6333
70.0390	104.6832	446.6545
142.5649	147.3508	550.9509
100.9963	24.3377	313.4106
70.6677	39.2482	240.7638
64.9688	113.4246	43.9634
79.8240	75.0255	106.5302
9.9545	101.9034	88.7439
150.5816	18.8788	291.8757
105.3752	47.9649	27.0735
23.9870	60.2485	221.9941
148.9956	155.6970	438.1756
127.4819	163.5724	263.9216
5.9111	44.3349	323.6338
133.4875	19.3544	293.4689
97.7557	157.1107	528.2397
97.3695	47.6827	53.9127
24.7550	52.7359	102.8023
69.9534	81.1878	25.8852
1.3393	26.0495	386.8027
30.6060	69.8836	435.2823
112.4835	58.6921	540.7177
161.4764	18.9181	404.7204
147.5872	147.1001	288.1073
163.2855	92.3308	270.9690
29.1262	119.7658	272.4688
118.2455	101.5244	62.5998
63.4249	20.6319	171.5989
75.5952	162.7550	375.9932
130.4244	154.5349	27.3801
158.3341	88.4796	59.1946
27.5055	151.0748	45.0574
157.6996	37.0993	147.1306
27.2546	22.3661	160.2071
3.5027	164.5487	242.6318
4.5431	152.2503	531.4558
46.0003	28.8532	75.9613
138.0726	164.8169	120.3598
128.3951	93.5699	464.3324
111.2795	163.3511	218.1824
129.9045	167.5437	220.5202
131.6518	51.3165	434.7135
75.4966	106.7811	457.2238
86.6534	113.3816	527.6806
119.8592	8.1191	222.5400
37.0547	22.7259	143.8226
111.7408	115.1284	307.0048
156.7616	159.6823	479.6178
148.6652	119.1509	42.1961
139.7802	30.2260	234.2902
172.3153	50.6093	544.9266
37.9819	99.0922	123.7054
124.6970	20.6549	87.1998
1.5802	130.3690	149.1344
37.7163	95.3241	514.1758
73.2042	121.3131	303.5005
63.0022	99.9871	382.3991
32.0597	142.4122	341.1267
25.3122	103.9130	136.3538
108.1160	42.3346	42.4091
22.2636	165.0924	6.9067
142.0037	164.8712	175.5228
22.5168	29.1215	535.2994
87.2480	60.0878	368.5178
36.8100	96.8597	289.1702
147.5515	46.6554	323.0981
61.1019	13.4420	295.7798
13.0285	63.2235	189.6449
162.7674	88.0237	87.8579
104.0163	13.8628	259.5121
59.2828	61.1342	60.0717
129.2011	1.1112	299.4297
67.2861	70.6880	194.5381
85.2586	143.5201	555.7914
171.8295	37.8046	544.7536
146.3257	118.4595	312.8414
119.5326	133.9317	297.2079
35.1015	16.9294	408.1550
126.6323	142.3220	161.7133
8.8487	42.4111	433.2825
33.5945	76.4184	327.8150
132.5172	16.5429	87.8228
43.1288	41.3072	69.3382
4.1726	43.2591	130.0266
56.7618	79.2856	158.9519
136.8769	133.8335	430.7794
127.8134	102.1394	94.2670
71.6028	105.3783	270.1664
144.8391	58.9998	274.2599
56.8781	8.9760	275.9162
46.3195	157.7684	381.0665
95.4922	146.6315	486.2954
18.8029	92.3555	68.2488
26.8469	62.1833	209.5232
4.3175	135.3221	447.6837
157.7800	165.2682	231.7328
44.5649	2.5741	220.4097
0.1786	93.0079	555.4750
13.0102	151.3876	137.7943
165.7377	172.6389	18.0304
25.3421	156.6327	360.7306
146.2087	20.6399	515.3358
125.7273	45.6678	429.7612
147.6739	125.4002	56.6721
44.2287	30.0255	71.8699
170.2955	51.3966	559.1609
11.9852	156.1083	143.9008
9.2830	131.4080	79.1043
117.4264	9.7084	401.8649
30.8182	158.5786	172.2290
47.2868	13.3861	169.6869
22.7283	153.4369	327.5988
151.2861	24.5659	530.2404
66.2827	136.1213	526.0024
40.5285	-93.2157	787.6000
90.8643	58.5626	286.6504
164.5076	124.9692	285.3473
120.8556	119.4484	203.0531
171.2689	171.9410	172.3376
166.9251	37.7447	57.5816
33.3726	88.4886	364.6628
135.6144	40.7946	545.4825
34.6420	66.4392	234.2047
112.5957	44.6655	59.0595
3.4071	108.3655	64.8877
10.5591	156.6537	8.1086
129.5245	111.3792	318.1999
39.9226	78.6711	375.4885
112.8008	99.0645	274.5058
156.7674	7.3183	206.7459
92.1559	167.1365	49.9452
94.6538	166.5962	37.4792
55.3559	55.1105	510.5141
154.3171	66.6379	315.1045
118.8885	7.5582	524.1985
142.8894	74.5114	304.8999
6.4386	145.8771	91.1617
88.3301	76.8078	497.5586
6.2814	146.1265	155.1805
86.1289	47.9514	83.7080
102.2231	98.0547	200.9230
153.6277	120.7895	309.4746
121.9412	36.2387	240.4049
99.6663	135.0136	40.2560
102.5860	105.1397	533.2440
111.0877	9.4014	24.3106
97.1062	146.8674	354.4453
8.8456	171.7078	495.8246
156.4754	110.3108	183.6613
45.7479	15.1870	320.0957
143.7858	142.6046	337.2722
6.3521	71.5754	5.4744
165.5931	75.1729	146.0600
131.8123	17.7069	139.2397
106.6550	75.5006	469.3290
162.8421	172.1911	416.9034
70.1316	23.2190	63.7795
101.4592	51.4330	294.2218
133.7821	95.8175	523.6761
113.2591	78.4711	464.8660
112.8713	165.1196	502.4371
139.1646	87.8429	386.7491
10.9240	4.4497	257.1780
103.6719	145.4829	314.7580
160.2489	163.7195	295.6209
68.5568	4.3040	2.6833
118.1437	103.7922	283.6002
125.5974	22.3564	378.6460
48.9762	125.8648	274.7637
158.2101	149.1597	257.6292
109.3108	75.0761	293.1214
171.9241	71.3241	522.8683
12.4227	9.7039	88.9301
61.4279	100.8735	150.0095
67.0800	125.6785	547.1148
30.1401	46.6298	357.1766
7.5187	9.8735	522.9948
51.5622	115.9455	326.2375
158.5974	159.4188	228.9408
106.1885	126.0008	292.0467
77.6922	116.5038	411.4720
139.5251	102.3436	349.5087
43.1534	66.6262	408.3291
167.5635	12.9368	32.5582
48.6876	122.6104	534.7673
90.5523	3.2706	456.9688
129.0904	124.7217	196.2285
152.8186	69.7842	36.5987
22.0323	88.6231	387.9822
150.1399	17.6009	49.7810
95.9792	64.6458	522.4354
102.8401	156.2634	537.2041
105.1345	73.8966	338.9284
148.8985	37.8006	198.2825
145.1581	92.1543	265.2287
150.6106	160.6072	530.6593
119.5474	159.2179	251.0231
130.2403	147.9691	374.5153
97.1316	117.0266	25.2876
36.3534	137.0764	101.6593
6.6905	96.2944	139.6778
135.5684	143.2732	230.4192
36.5455	20.1813	391.8997
42.0092	102.5657	292.7116
11.9420	165.5043	20.4643
23.6679	137.7547	380.4077
84.3768	9.7589	222.4965
1.5256	158.7329	474.8778
157.8827	10.6241	397.8031
127.2333	123.4934	459.3631
11.9980	155.2745	406.6030
49.4351	98.3826	537.9251
63.8882	95.8024	285.0357
68.6487	69.2175	403.4941
149.6339	165.0976	331.0091
162.9248	95.5652	83.1135
78.7316	121.0629	178.9258
131.1425	142.4732	160.3817
64.5882	135.9574	538.3797
55.1793	1.5585	296.2900
134.3239	34.1176	333.1321
83.8662	35.8824	61.2264
48.1820	8.9101	242.0793
121.0870	41.8485	186.7673
72.1386	152.6693	193.4630
2.7064	32.0896	442.7717
5.8460	110.4817	357.6344
88.5353	131.0685	383.2014
68.3451	72.7467	320.9477
0.4222	101.0049	310.0235
73.9677	7.5069	141.0682
91.5669	105.3363	353.3675
9.7098	36.9939	63.1961
32.0958	129.5025	91.5322
62.6921	139.6133	65.1272
154.1783	141.8758	425.8520
142.2414	117.6799	151.0019
122.6124	89.0185	165.3479
109.9903	18.7283	378.7915
142.0964	119.5964	273.9061
142.9553	13.5483	130.8369
167.1069	70.8667	304.8164
32.7665	26.4925	21.1805
4.9667	68.4109	541.0289
158.0009	124.8829	28.9418
62.4928	145.1357	31.5082
159.0392	129.8699	517.3516
107.5363	157.0916	57.6192
30.3672	160.6979	11.8532
7.4804	84.3006	166.7601
66.2876	33.1287	424.3117
74.0960	139.7302	65.3447
139.9162	71.1305	90.7785
136.8393	35.6802	146.2209
118.4928	3.8966	413.1130
22.4999	65.4423	17.5813
83.8591	145.0509	439.5523
5.3165	98.7179	398.7515
39.4240	93.5122	519.2622
122.0009	110.1711	435.4045
132.9888	162.4233	515.1321
101.6854	118.3530	424.2050
45.5340	86.6953	211.9379
30.5339	119.9243	518.0056
145.7097	29.9413	80.7640
111.7373	19.1288	200.3507
147.4936	164.4012	422.2106
165.3559	25.3273	298.7078
136.6687	20.8294	466.7531
135.8602	158.3316	35.3473
80.6241	56.8167	347.2134
85.6034	116.2358	520.5605
141.4780	90.9890	169.7147
124.5044	36.3102	57.8281
116.3241	153.8633	272.7193
136.3477	27.7678	536.8334
172.5384	37.1994	464.5822
34.2374	19.0474	90.1338
93.8385	66.9462	332.6120
172.0753	57.9828	97.8933
58.9994	36.2692	64.6332
70.6326	59.3712	271.1938
15.7599	113.6748	446.5378
143.9039	66.4850	526.5491
73.9757	84.9594	502.7359
80.5840	111.9773	135.7838
105.6392	18.5453	454.3357
82.7568	71.6813	283.9905
37.7726	21.7095	499.7858
164.0773	98.3643	545.3843
130.0924	133.4737	67.0838
71.8012	132.9185	319.9103
114.6155	17.0851	88.8335
33.3526	135.4860	86.5595
12.2802	147.2788	308.5826
73.4734	25.7564	286.1420
47.7612	52.4732	254.0626
167.4570	4.2386	443.9957
59.0238	15.8671	402.0663
1.9411	91.8046	260.4894
35.3634	51.7030	178.8467
70.7023	166.5362	53.0635
116.6568	155.9965	444.1698
105.3878	10.3944	322.9847
161.2749	37.0354	145.3669
149.8472	63.9127	449.4810
74.9926	76.1522	101.2605
131.2992	33.3918	123.6096
107.7261	166.7722	372.6893
13.4509	129.3869	419.3704
57.8303	56.4117	252.5224
8.1603	65.3850	230.5050
93.1193	72.6974	506.3001
164.4208	80.7599	128.8828
159.3470	157.1501	477.8697
62.0418	87.9429	315.8237
157.5575	59.5813	492.5892
73.0099	39.6315	524.3515
89.2941	136.4187	20.3991
129.0203	14.9720	103.4116
146.3305	101.6730	372.0466
91.9239	36.0903	528.5996
115.1695	61.8223	134.5232
71.8307	91.9608	232.6722
26.6259	31.2474	148.7935
140.8938	152.3219	211.2183
83.0851	23.5619	174.2080
139.8070	75.8662	309.5910
39.2053	24.8461	308.0771
54.2938	104.2547	131.3377
35.2444	93.6893	239.3800
20.9917	162.7865	188.8786
103.4071	170.4059	98.6315
113.9655	100.1715	455.2499
99.0826	35.0436	492.4978
54.3143	1.3096	263.4222
21.4489	33.2473	58.7993
73.6091	82.5633	158.5093
139.8522	4.6425	16.5235
7.5793	56.3637	268.4192
123.9533	112.6050	399.3172
74.9994	43.3864	401.2014
120.6314	36.3011	182.4885
64.7152	53.7622	120.6533
50.9804	115.2120	321.1195
103.8228	167.5815	434.5864
142.1712	9.9617	328.9375
71.3285	167.1115	135.7842
69.7493	71.6216	203.1562
142.7340	90.9724	108.3646
129.6465	151.9406	137.4919
110.6766	14.3334	94.4311
123.5284	167.6081	100.1650
126.3791	66.1760	245.8252
168.5097	98.7250	405.3070
42.0421	72.3135	113.2437
39.2061	153.1131	301.3888
21.7218	36.3755	187.5459
33.0825	9.2684	535.8366
145.8577	37.0524	289.2939
98.6310	151.9599	521.6720
161.7930	167.7899	40.3564
167.6888	104.2023	372.8138
26.8616	17.8066	13.4599
127.0548	79.0708	161.5930
155.4715	48.8656	276.2585
27.0568	129.2160	478.2839
1.1372	60.6041	104.9775
8.5957	99.5034	418.2554
90.8817	54.8031	513.9718
112.2237	146.0660	382.7711
55.8661	118.0752	263.7932
143.9589	139.3586	168.2601
132.3636	152.4757	394.5283
137.5815	59.1349	437.6233
138.5090	49.9498	184.0361
67.6175	136.5678	26.5388
0.8694	38.6163	114.4484
119.8878	62.9253	197.5872
10.5333	48.4155	261.2710
14.4200	2.1464	39.8749
77.4942	44.4187	380.3581
80.1607	74.9733	103.4952
130.8853	56.8596	54.4732
147.6185	65.6905	175.9189
108.8307	73.0268	148.5130
38.3862	55.8404	393.6057
42.2357	142.1744	212.9527
61.2241	49.0680	536.2136
53.9699	66.2622	285.1175
115.6388	66.3875	201.1816
37.1598	53.1002	94.9985
74.0064	163.7697	254.8724
4.8710	96.2854	171.7754
79.3725	72.9563	303.7148
101.7055	55.1942	359.0982
109.0211	142.4822	34.6818
124.5178	38.9259	559.6063
11.2274	18.2757	451.5206
120.7791	165.8091	345.9114
158.5264	117.3725	283.1023
69.8508	42.3043	211.2619
119.7937	65.2565	443.0795
31.6358	113.6878	97.6447
67.9811	70.2707	232.6926
134.9356	33.3082	542.2751
105.1245	0.0842	263.4923
169.0716	40.7042	232.1187
84.9571	158.6402	125.8547
31.5577	119.7394	195.4495
62.6627	78.3007	188.3047
17.0244	30.6062	63.0411
3.6119	58.9157	324.8224
62.0710	95.3667	528.8969
35.4874	3.1848	332.8066
140.2113	90.0204	339.3836
166.1081	16.0733	519.3826
100.2481	101.3522	526.1401
95.1980	30.1315	256.4524
171.8480	93.1415	206.8190
33.8702	62.7881	244.8206
155.3946	78.1534	327.1491
138.0742	161.7419	533.4096
54.8629	86.0182	390.9394
151.0201	156.8568	505.3195
114.4537	10.2106	33.8416
153.9639	90.8891	134.7538
123.0500	166.3169	46.0154
117.6308	76.2168	103.6295
127.9912	37.0960	161.0050
82.1975	102.0642	295.2514
68.1265	47.6774	435.5903
3.6111	172.6666	360.5215
12.1109	156.7059	368.2990
160.4649	126.4733	530.6604
67.7607	139.7986	162.0780
160.9665	55.8199	519.0339
154.5571	30.2395	403.7321
5.6227	51.0139	556.5921
78.4652	101.8976	308.7290
126.8267	150.3145	2.6784
67.0129	4.6847	154.6797
122.5934	157.4265	70.7156
61.9182	113.9913	550.9895
129.0081	47.0933	167.7919
86.9404	20.2674	383.3812
54.5510	18.6390	99.2957
9.7137	28.0889	146.1362
36.6887	145.8138	503.4908
73.0748	166.6575	346.4964
8.8518	102.5235	448.9160
161.7289	17.3961	122.3256
115.3842	29.1307	432.1088
77.7574	100.1065	493.4271
24.1377	116.5733	134.8381
54.4278	12.2637	276.5092
158.3078	51.4309	44.4614
64.5543	116.7720	197.9838
88.4311	8.9743	257.7474
141.5131	30.5171	514.2617
80.8255	131.6981	151.3161
14.1669	30.9126	48.2193
155.4235	87.7352	105.7397
4.8805	170.6776	466.0565
4.7061	72.9194	519.6903
94.2519	94.2221	488.8528
169.6184	13.3418	258.3490
2.1111	78.0719	131.3602
41.8547	57.9508	245.6513
5.8665	123.4383	492.2533
168.6853	87.3080	381.9475
165.8158	39.0073	156.6798
140.9347	6.2032	418.1541
42.2588	15.1511	354.2907
55.8245	91.5630	252.8706
81.9322	5.8630	174.3429
152.7466	37.7492	34.3726
100.6700	161.4006	259.8710
107.7866	119.2065	509.0265
154.1181	121.3575	263.8905
90.9013	85.6449	277.2413
56.1469	61.6319	121.8184
120.0121	128.8164	373.5495
29.3435	84.5401	374.9730
144.6600	112.1449	34.5830
56.6108	79.4869	143.7137
25.2375	131.5427	534.3456
107.3149	11.8784	19.9697
94.7740	1.3386	86.3507
151.8088	121.4727	196.4814
42.1792	145.9944	146.5821
159.2128	105.8711	73.4892
65.0954	151.1073	20.4906
82.4722	67.0451	243.7771
3.2180	15.5152	403.3617
82.8333	98.2265	505.6723
89.8514	148.0875	111.0462
53.9533	49.6174	539.1409
76.9196	77.3770	524.3432
90.4133	171.2441	192.7342
96.0073	82.1908	235.8771
66.8754	17.4014	180.7387
124.2289	169.9172	93.3443
12.5558	71.0475	319.9627
153.4197	106.0897	283.6792
87.1315	136.6592	450.0242
17.9853	66.2640	225.8480
18.2903	76.6273	126.4609
121.4861	1.2057	56.3323
109.0823	120.4196	278.0227
141.1770	123.6099	15.8480
171.9282	125.2618	199.9940
70.0319	46.0313	304.6568
141.2118	30.5795	221.0453
9.1511	57.2762	434.4372
96.6474	30.4738	86.4415
106.8693	107.5235	510.2532
166.1718	70.7361	256.4319
57.8617	90.7209	125.8930
109.4620	73.0086	353.8488
14.3332	73.3705	402.7592
79.7095	39.2285	486.0741
86.9554	152.4809	168.5340
11.4413	149.5588	528.6934
102.0778	97.7289	373.2604
154.3991	5.2535	420.3856
152.2570	139.6128	156.8472
111.1642	49.6307	49.7304
104.0937	169.9553	0.2334
144.4257	157.9479	176.0443
47.8708	168.4562	276.1984
166.6949	6.2754	298.6536
23.3171	81.7645	130.3268
48.2713	4.8681	221.2188
104.3539	155.5023	128.5486
149.4722	122.5447	280.2015
130.1173	118.9098	330.1407
87.0192	37.1771	132.1916
40.9379	27.0714	320.9992
145.3164	125.2532	35.2032
110.8403	169.8908	140.2085
160.1504	25.0556	497.8050
39.5760	36.5218	486.7268
43.1795	47.4387	52.9408
152.5165	48.0543	6.4508
36.4800	35.8723	105.7016
56.2511	31.4400	65.9994
13.5000	21.7777	228.4284
99.1507	13.5858	502.9590
45.1177	27.5346	503.4065
84.2675	61.6215	248.1660
16.5212	35.6842	49.7020
22.1748	111.2764	164.1222
167.6523	71.8088	343.9007
85.4677	117.9663	73.6030
58.8310	153.3808	255.9570
137.2229	146.1994	377.9991
148.1257	58.6290	443.2573
115.2973	163.4867	374.7845
13.9696	77.7482	559.8898
113.4950	14.3826	91.1141
0.0148	163.8565	67.3835
111.5841	91.1493	117.9686
140.8021	115.5102	79.8905
79.8653	33.0440	129.4578
122.5806	59.4981	527.4378
7.3178	70.2630	337.0564
56.3617	124.2873	176.5801
81.2848	154.5694	341.9823
21.4533	85.6497	371.0964
127.9716	165.6052	346.7427
170.5896	109.4655	401.3693
21.7015	115.9249	312.9371
120.4893	105.3739	560.8481
151.0428	4.8819	421.9332
96.3554	105.1647	38.3270
53.9426	167.1816	267.1348
164.1019	162.5858	461.2874
138.6101	83.3551	323.4639
122.0347	140.4313	552.7580
1.0352	26.1007	273.8977
60.1102	128.2664	375.2149
150.9524	101.4267	386.6063
102.7939	151.0725	28.4911
57.5433	171.7774	508.7195
76.1965	11.9728	346.7870
18.5887	133.2828	279.1466
7.0011	70.1172	548.0399
45.0927	53.8104	89.8195
171.1293	77.8995	270.2190
136.4415	163.1428	124.6049
43.9012	30.3272	551.3168
66.5205	104.4917	381.6364
139.3705	14.2215	509.8630
89.5069	35.8301	221.9924
155.7925	123.6703	152.5527
46.4396	143.7926	538.9757
1.5079	33.2219	166.1289
62.4475	86.0770	326.6424
39.2142	66.8960	345.5146
16.3619	171.1131	275.6688
26.2507	53.3132	28.0208
47.9697	86.2043	255.5071
118.2088	27.1492	50.6186
27.4252	111.6918	127.5649
38.8415	40.6993	463.5439
116.7902	147.1665	315.7064
108.0660	64.1717	421.6036
18.1622	4.7140	123.8666
163.8282	62.9547	302.9218
15.9329	64.4849	458.9231
152.4648	19.5411	281.4434
121.7227	75.4346	228.6624
62.8748	170.3190	386.6595
46.8003	165.6594	443.3003
44.7112	118.1258	2.2271
118.6420	123.4512	418.3154
84.6003	32.5576	72.8303
43.9538	116.6017	529.5634
30.1876	17.3233	1.2581
129.3644	155.5633	111.2416
128.4358	134.9541	442.6131
16.5184	125.6667	56.9929
95.8701	124.8334	267.9526
126.9109	152.7784	152.6629
136.9979	100.9367	443.0236
131.4337	48.8787	535.7445
8.7272	167.4624	470.0069
137.4874	23.2560	488.9545
93.5668	158.9400	540.8756
169.5896	112.5858	292.2421
145.0969	144.3073	481.4470
70.6987	158.1319	141.2061
152.1106	82.4209	465.5295
68.7782	152.3398	254.8642
19.3285	123.5785	92.6373
51.7319	130.2571	208.2159
158.4366	61.2349	496.1901
93.0855	107.7177	297.1581
121.5498	116.4219	167.0844
79.7689	98.9556	167.9149
146.1153	59.3752	49.4659
14.9523	99.5568	518.3798
105.2410	167.4225	160.4919
48.1758	149.8351	179.7541
102.2144	114.1322	496.3340
160.2793	18.0269	5.3860
9.7862	96.2909	72.8249
150.7738	46.2507	508.9798
128.0428	80.7096	351.7334
47.3692	127.5650	6.6572
35.8101	10.3070	519.7799
130.3570	35.9541	161.0882
11.3996	126.4616	336.6516
101.5738	53.6103	318.2532
81.3209	90.6028	269.4723
106.4759	52.8872	26.3843
74.5000	112.3614	85.1242
5.9026	29.6399	357.3362
102.6412	28.4948	127.4608
120.1848	107.1938	235.9853
168.6154	136.3076	339.3085
73.1053	46.3479	313.9775
43.9059	200.6163	420.2000
124.8347	22.1949	202.0481
89.6707	3.5105	371.5416
39.3632	61.8061	236.0568
108.3703	171.0083	51.1869
59.5267	80.4667	343.5714
131.6819	119.6311	229.5394
69.4828	17.9948	167.4048
131.2398	0.8864	278.0191
113.0555	109.8505	159.1500
2.1325	82.5765	301.4744
146.2930	34.7312	290.7682
150.4697	90.2461	39.2781
92.9259	146.6962	83.2323
58.2137	110.0728	327.9975
29.7929	163.7925	262.7080
11.8477	21.5888	295.3523
169.2638	132.7539	35.9480
118.1698	93.3969	304.4967
131.0929	152.1402	230.3930
40.8009	69.5677	320.1132
172.7225	86.0010	440.6923
58.2157	166.0712	202.5749
153.9035	77.7906	344.7491
89.0975	50.8131	409.9265
78.1775	66.5515	448.5926
65.9380	117.5090	428.2280
151.2503	33.9829	262.2156
149.3624	152.5872	562.9230
62.8147	58.0666	82.5764
163.4226	119.7018	86.4796
46.5919	142.7986	260.3080
75.5427	66.2809	296.4369
17.3768	90.6516	394.4957
7.5469	9.8126	297.2666
40.2956	109.9160	121.4885
99.5556	27.7294	127.4469
86.5294	71.8341	29.8406
129.2389	141.3052	457.6057
124.1269	157.7360	236.0414
152.2135	17.9654	250.5090
25.0650	152.7722	329.5668
133.8747	121.7125	106.1771
55.8584	131.5415	430.6288
148.0800	77.6174	67.5776
48.1228	18.3298	257.6508
159.4319	28.4463	175.7799
123.3900	157.7886	548.1251
69.7621	99.8690	28.2542
58.4185	99.2254	114.1989
172.2254	42.0685	63.8835
19.2325	53.6253	241.4215
46.8769	10.0416	508.9992
2.6976	52.7991	2.7895
41.7230	161.6135	99.3440
3.6542	60.2783	77.0240
61.7823	148.7756	46.1069
128.7378	151.5980	168.2255
74.2355	36.7686	494.6997
49.9231	136.1744	8.4922
113.3462	70.6213	516.0373
165.2052	105.8829	170.6050
158.8176	151.8679	210.3292
24.8894	112.7411	411.7243
165.5278	136.4195	503.5703
36.7997	47.4500	423.5324
97.7641	141.7161	478.9755
158.6255	49.3256	82.1150
127.7008	3.7401	355.0715
112.1039	6.7088	111.0788
142.8271	120.0974	125.9029
38.0309	151.7095	506.8112
29.6636	129.7193	429.7496
93.9419	51.6661	58.9133
26.2579	27.9497	21.3548
21.3834	104.8571	516.6543
35.7724	120.4629	194.6284
90.8227	143.1010	537.8714
147.9497	38.6748	108.2256
128.8680	146.7241	404.3136
137.9256	64.9684	232.9949
108.2090	164.7779	250.7808
157.1342	108.3555	14.5984
85.5564	124.8058	402.6567
82.0466	154.6836	355.5184
145.1650	147.6716	177.4846
92.1235	65.3742	255.0158
30.8802	19.3718	163.3942
63.3137	119.0675	128.8123
7.3379	53.1549	253.5220
59.0563	148.2038	357.7634
46.0187	10.3226	74.1795
16.1041	21.8323	147.8050
142.8938	163.2110	520.9719
35.5948	15.0337	398.5924
49.9382	143.3446	438.4089
26.9431	45.2300	174.0889
94.7817	142.8008	450.6062
69.9754	137.7727	504.7839
64.1432	6.9438	503.5638
50.2132	149.2582	396.2530
0.3528	119.6631	412.6895
43.5280	147.8866	27.2252
144.0903	141.8658	208.8345
126.2179	20.4531	433.5145
97.9758	43.9266	45.9614
89.5166	126.5596	537.7992
110.5086	0.1548	151.2697
162.8048	129.4429	118.0840
103.3420	86.4700	539.2072
162.9501	9.0397	212.5905
46.2856	113.3640	150.8957
40.5957	84.4263	471.6951
118.6772	24.2218	208.2678
77.8867	34.4862	42.5317
22.3298	45.2699	102.8571
42.5154	167.2313	465.3995
100.0649	50.2842	61.2213
7.8928	40.8844	444.3003
65.9735	161.6266	378.2591
83.2052	134.3767	395.2192
70.5585	116.3711	398.7920
22.6979	124.7928	522.4881
52.0790	40.8791	105.7183
38.8371	76.2244	9.1151
167.2426	126.5908	278.7893
13.8117	75.5687	375.8030
162.0913	30.5296	124.1686
29.0326	111.6652	301.5815
27.3133	166.2278	180.2869
129.0695	111.0624	228.6023
25.1342	164.5408	273.2984
151.2628	124.1151	421.5445
134.6596	125.9673	259.3497
100.6821	31.5149	454.2822
130.4195	17.0053	236.6732
120.4639	159.5622	355.7898
87.2316	120.1531	111.2885
92.0004	135.8778	30.8659
118.8057	139.8668	442.0815
122.2437	102.8781	47.3713
44.0009	165.8723	243.4766
129.3071	161.4702	467.1533
82.8522	9.3227	360.1522
138.7834	93.6217	242.4978
95.6740	37.7726	518.6973
120.3955	81.5859	281.8557
97.8054	100.2652	284.5205
149.8905	116.1292	329.8262
99.3275	35.9593	336.4690
32.9145	36.2126	379.5291
4.5783	36.7139	387.0915
77.1948	7.5670	341.4477
163.9716	107.5639	481.3660
81.0247	16.0681	240.7293
79.2075	18.0805	437.7111
132.8296	106.0356	3.5580
12.8621	35.6057	233.3099
20.6403	55.4214	27.8909
119.2840	47.9350	482.1482
88.0027	143.0249	0.6014
9.0497	40.4442	292.2373
114.1096	65.6247	158.2358
164.5667	112.9229	127.6600
4.7565	161.9678	209.5066
4.6082	115.8917	362.0066
58.8963	4.8324	164.7933
39.0311	59.9645	390.7973
85.4494	18.5835	3.8424
80.3218	122.6270	120.2832
59.8346	122.5242	305.8554
105.3163	34.3855	159.3640
13.2980	18.8934	369.6243
117.3548	28.1676	139.8288
17.0063	97.2035	339.6045
71.9669	123.2629	65.1296
86.4351	148.0636	528.7866
99.9761	46.2748	308.3361
5.3677	32.0796	157.1269
87.8095	138.9542	99.9516
131.8964	87.5306	92.2711
41.8316	6.9753	25.1583
102.2318	29.2002	314.4850
172.1153	58.5403	539.8273
58.3958	52.6831	480.1228
36.6813	137.7903	370.1881
166.5380	54.0308	186.9018
151.7335	156.2015	109.0158
77.5101	102.1976	132.6977
85.2697	95.8152	418.0933
64.7663	11.9926	325.0629
155.9621	28.1341	472.1605
23.4361	53.9498	114.0737
137.8278	38.5145	349.5823
6.8057	5.9777	401.8377
6.1181	16.2020	540.6274
64.1340	106.2754	388.0334
110.8704	4.1388	266.0751
12.3270	160.5991	454.0237
136.1016	116.0839	83.5771
4.6156	17.9313	535.6655
136.8279	101.8476	39.3709
70.5052	55.1621	288.9750
77.4794	28.5896	144.3558
60.1125	43.9959	418.0499
17.3263	31.8922	229.9929
133.0635	139.8219	109.2582
2.3007	95.4552	141.9240
45.5813	149.4087	556.0542
110.7088	9.3209	264.7793
70.6225	172.3944	436.6604
166.8605	76.5203	490.5724
150.1132	52.8109	68.8959
93.6959	86.0716	321.2108
135.9016	139.0457	446.7522
101.0992	29.8994	163.1506
107.9682	45.3068	265.7455
98.7874	30.3591	105.5279
135.5181	101.7298	549.2107
101.7154	146.8957	25.6502
45.2076	140.5579	192.8217
19.4564	62.1438	198.8448
170.1577	89.7292	387.3756
101.9584	171.0779	259.5847
114.5292	59.9331	101.5431
46.0187	10.3226	74.1795
133.9877	154.1082	179.9932
70.6463	40.9689	540.9427
65.5807	10.7404	118.1435
160.3920	123.4139	384.8695
53.0508	128.0046	534.6434
128.6784	156.4521	367.1728
24.2127	86.3388	104.0242
5.1874	125.2536	494.6693
23.7366	55.4613	134.6979
165.1332	12.6238	124.3535
18.3830	62.2408	195.5880
51.0186	155.0847	135.7388
114.7088	164.9319	366.9745
71.5311	76.4581	552.3491
147.5416	114.9237	292.0693
120.0794	132.6139	54.8167
96.8250	93.4672	298.9522
87.4751	3.2151	461.0807
122.3025	117.8319	306.3975
10.1362	161.2289	428.4681
20.7197	91.3854	137.7604
106.5871	66.4013	255.1494
49.0843	169.7391	326.6321
153.6783	88.8047	388.3649
86.5396	49.6326	105.0117
148.5453	132.7238	124.3609
93.8650	132.4160	434.1657
18.9763	29.9883	139.6070
113.5954	68.9904	152.4274
153.5488	142.0425	194.6620
55.0053	152.0940	157.4720
137.5066	9.3043	34.0050
163.5707	99.1801	552.5732
133.5844	122.5917	530.9783
122.6749	163.0012	276.4394
95.3208	126.0421	248.2144
99.2444	167.2179	404.8397
129.1337	5.3005	68.8730
100.4965	10.0571	486.4354
100.5552	139.6138	461.8446
27.4436	119.4293	490.5893
82.1013	115.8100	284.5753
162.7002	70.8871	349.5726
135.9281	69.6990	447.6373
77.2761	106.3121	455.5344
74.8167	126.2885	86.1391
46.9144	141.5505	19.5149
108.4097	31.4120	365.3862
94.9910	167.5858	458.1891
37.3053	66.9652	293.3414
32.0178	30.2436	240.5670
48.0397	64.5218	232.4341
99.8182	143.8234	162.4386
27.1985	61.7795	131.6603
102.6193	71.9957	97.7362
158.4279	113.7495	155.0649
88.6729	51.5128	440.6749
101.9580	92.5591	464.3500
6.8958	162.4771	292.5240
22.0466	82.2676	50.2578
53.8267	42.6260	174.0598
53.8431	29.1983	273.7425
50.3405	63.8076	336.3920
36.9954	169.8823	248.3958
30.8076	95.5360	56.3922
159.1641	2.4759	349.8926
98.3418	158.9848	558.0690
133.9186	113.4730	238.2959
103.8208	14.2631	23.2896
18.5434	102.4990	440.1705
117.5456	4.0081	168.9135
135.3247	130.8822	138.8562
38.5588	152.2036	8.8935
46.5842	5.4992	428.4126
10.0269	46.4084	424.6106
112.7399	134.1384	56.2651
81.3167	31.6578	448.2079
103.4155	20.9919	327.9991
149.0502	64.1852	322.1377
67.8943	133.5053	26.7026
59.8350	108.8885	458.2879
172.5977	162.1259	204.2836
87.2327	97.7623	208.2194
11.4966	57.8791	72.5489
154.7471	22.6373	275.3621
2.9151	169.3951	258.0878
138.5878	47.9395	308.0051
106.8171	98.9055	450.9311
64.5359	160.8621	250.9902
20.2057	83.2095	145.3343
154.2997	43.3268	104.2793
128.5337	75.8493	178.3499
23.6021	123.4968	24.6448
56.7589	116.3636	208.1258
42.1294	148.7407	8.9878
140.4403	46.8805	133.6497
17.5310	127.0617	513.5892
44.4849	16.0014	77.6791
22.0548	121.6981	457.5634
42.3817	152.1960	384.8441
28.1546	0.8265	113.8125
81.6915	155.1406	445.9953
133.2378	57.4135	437.7391
43.5930	95.5897	333.0781
83.2204	14.1622	468.7566
66.7908	48.3809	214.4333
121.5309	114.3421	294.4584
22.8321	20.7171	241.6293
22.0474	10.1472	107.5024
25.6051	133.7700	164.3545
60.3204	62.7830	228.8652
146.4895	0.4710	348.6552
27.6737	108.5832	478.7919
40.1083	12.0588	232.4160
7.2683	58.6699	101.2023
95.0341	106.9661	274.8136
2.1433	144.2813	182.5574
101.8658	162.0042	15.3725
86.8703	113.0332	111.5423
120.5721	43.5333	59.2022
155.8110	116.5726	307.3819
146.6107	85.2266	165.4744
51.1732	68.5509	199.9761
148.5291	128.8860	314.1720
75.8937	171.6390	231.8496
38.3759	4.8298	355.3823
35.0405	101.7324	170.3359
147.7769	12.4360	200.0418
24.5416	27.5876	341.8252
165.7062	142.8208	245.4040
76.9108	144.1099	525.5762
155.0505	66.9993	39.7050
133.0449	6.2198	116.1946
105.0459	102.5115	551.5627
144.5813	46.6288	480.6078
108.4496	106.5176	305.2229
3.1268	154.8336	435.3805
119.8288	103.5280	262.6224
25.4199	118.6161	200.6248
79.3341	92.5993	414.4056
22.4570	163.6524	62.2780
119.9619	167.9488	164.9230
112.4245	115.1790	147.6917
13.2084	130.7051	433.4595
78.9466	147.6011	289.1852
162.3859	97.9453	56.7136
108.7516	21.3487	200.0893
85.3124	22.3037	393.0468
1.4090	123.5644	259.3587
81.5081	28.9780	550.3247
29.8287	116.8563	447.0605
151.2370	156.1248	341.8767
96.4854	117.8839	175.0306
27.0162	170.3863	251.9433
89.4643	145.0592	483.8597
141.7072	152.3407	101.9760
49.8118	64.2195	534.5450
36.1566	108.3312	170.9888
0.0067	2.0459	137.1364
0.6028	150.3756	12.7668
85.1238	107.7695	26.6444
27.4942	137.4973	553.4243
85.3383	30.3776	458.7472
15.6143	28.2560	44.7365
81.8793	49.6019	440.1375
90.0013	144.7937	158.3580
131.5734	164.2831	211.7500
162.9110	134.1715	540.1080
63.0742	111.4180	177.3254
167.3755	14.5456	330.3743
59.9722	149.0787	375.4773
117.8931	42.0104	155.4028
166.1774	9.0757	293.1708
112.3832	26.8344	325.8527
1.3619	133.7765	363.2151
47.7120	49.2522	43.1225
28.4908	17.8187	427.9331
89.7470	123.8829	377.3275
148.3613	28.8023	539.3925
39.4087	149.2100	269.4561
154.8699	86.8565	368.3143
80.5027	121.7120	237.3693
85.4929	55.3522	348.2692
8.3279	128.0945	511.8915
147.4674	17.4320	76.9651
46.7619	8.2944	22.2898
77.3287	113.3491	173.4666
152.0803	117.4879	93.2053
15.2352	48.5790	356.5153
101.7790	139.2512	392.5334
102.1381	115.7425	405.0703
67.7367	132.9057	259.7053
76.4492	17.2813	494.6618
151.8484	43.4165	216.9911
138.9150	47.3307	319.6969
146.2894	150.6659	538.2519
159.6020	119.2843	156.5236
59.7898	145.7444	368.5897
158.5700	21.6719	301.8296
16.1698	101.2166	370.6733
5.2287	103.0134	197.7009
85.3533	22.9243	2.7828
162.0917	84.6328	479.7617
52.4521	154.1083	558.9739
42.1175	155.0375	224.7652
113.1621	95.0562	183.3343
135.6442	17.3311	22.3818
84.3172	128.4334	118.6385
71.0307	46.2977	453.7247
102.3253	77.6957	459.1260
89.2973	123.3073	307.1353
17.5066	86.7273	252.0595
153.4255	1.8621	558.8854
53.7058	98.1899	497.7307
8.2942	141.8798	541.0896
2.2942	94.7931	468.3624
76.6940	109.2504	527.0123
150.0161	97.2468	378.9077
11.6980	85.1162	227.9307
74.2928	124.9083	185.6197
118.1176	22.7612	204.8286
123.8813	15.2296	214.2888
137.6145	138.0924	256.4273
107.8105	123.1052	480.3570
4.5333	110.5481	238.2536
1.9693	76.6358	74.0662
46.8135	32.6758	518.5799
97.1034	154.4925	55.0920
98.5207	139.5981	545.2071
141.9125	47.2145	505.9488
4.6010	22.7553	307.1498
98.6614	138.5555	157.9634
3.4737	98.4129	360.0842
31.4793	99.9164	211.9851
42.3029	85.9199	407.5500
35.9656	37.7482	444.3852
34.3473	67.9609	248.7262
5.8390	57.0596	211.7593
72.1519	100.7368	485.4415
28.1145	125.7063	522.7930
11.9143	24.1442	66.4240
133.8914	115.0616	223.6935
154.5338	86.0782	230.7715
137.0230	124.4583	305.8341
165.0734	23.6427	143.8247
151.2781	33.4988	123.8687
3.1814	59.2690	478.2198
163.3861	142.5186	313.0981
120.3288	160.6970	230.7754
54.3438	103.7257	184.8230
171.4542	75.7696	489.9463
168.4602	35.1748	392.8781
9.9637	20.2594	400.8083
1.4419	140.9856	337.0518
60.6707	2.3793	62.8250
154.0820	160.6323	46.4278
41.8148	59.0404	444.9484
27.1201	41.8988	165.9893
166.6436	100.4731	515.9519
119.1568	62.0745	330.3002
149.3598	138.7939	366.7167
53.0326	15.5480	99.1554
26.6412	47.4439	408.6688
160.3141	5.5016	100.0482
9.2554	103.1558	321.8745
94.0645	23.4992	502.3749
68.9803	158.5761	396.0243
45.4385	141.0833	181.2811
97.9653	134.2685	247.3705
20.3247	154.2041	229.6551
46.0656	19.0626	200.7230
172.6681	93.6877	521.1665
130.5940	95.7077	50.6895
101.0160	100.4085	6.6372
25.4068	14.8430	1.3516
137.5141	121.5817	193.1550
169.2895	31.6313	249.3670
161.5913	99.5229	60.3010
145.9177	96.5178	431.2386
136.2079	122.9014	395.8015
56.7389	0.8108	545.0061
86.5779	23.4813	144.0659
154.2226	97.9991	252.0857
97.4621	89.1056	525.0526
39.3317	46.8337	59.8692
160.7585	18.4270	248.3552
56.6346	9.5085	85.7902
151.5329	100.2559	507.7306
59.9401	73.4883	268.6564
18.9904	1.8704	443.6792
119.5963	44.2256	49.7074
100.9330	140.3160	140.3156
77.3764	51.5863	527.4530
121.9041	22.4081	36.0140
116.5068	154.6379	520.1481
75.2705	162.2577	130.0465
99.9104	167.1541	495.0847
80.8241	56.3280	517.4610
44.5964	166.0621	186.2689
89.3380	135.4270	329.4115
156.5858	143.1622	516.6723
1.2283	129.3720	208.5750
103.7932	58.3870	294.4157
3.5996	159.3184	430.9182
144.4718	56.9176	278.5885
53.9805	67.8574	470.9041
61.1212	137.7716	495.4524
127.1116	129.6913	453.8581
62.9697	151.8786	555.1854
7.2088	166.6643	80.6950
155.0322	152.1685	333.2333
21.8953	64.8365	290.5320
86.6314	11.2308	156.8671
74.6685	107.9979	84.8006
36.1410	49.4773	388.6030
111.4003	95.6552	57.9119
73.9017	37.8096	271.2022
3.0199	45.3439	333.7072
93.8249	146.9262	389.5874
38.5512	33.2197	228.9874
83.9279	168.3294	290.0124
171.5935	139.4743	103.9207
131.3763	26.5508	533.8225
15.2201	153.2974	223.1647
147.9990	99.3839	549.1347
88.9562	152.0076	299.5495
0.4627	10.6805	115.8463
138.1103	90.7220	349.6778
9.5614	75.7396	175.5271
74.3283	163.4736	347.8285
106.6208	23.4213	372.5426
18.4569	148.1906	470.9861
108.9527	101.3666	372.7156
172.9151	141.3857	155.1068
56.1817	3.5067	88.5700
129.8515	126.2577	293.9055
9.3710	162.5026	260.8129
54.3204	21.2648	549.5523
157.3774	161.5551	6.9110
4.2524	37.8256	303.8645
143.7483	12.9524	144.1835
75.1230	163.9764	90.0568
57.7622	17.4139	559.9605
56.2721	46.3606	7.6239
30.6146	156.4695	91.7626
103.0777	130.0848	389.5159
112.5756	157.8551	182.9862
34.7464	8.1300	467.5928
16.8685	78.7385	562.4256
117.7292	93.5638	445.3085
76.9665	31.0564	72.5830
70.7457	51.0209	152.6577
150.9556	62.6863	267.0817
39.8666	28.2796	57.6951
118.8555	115.1544	418.7816
80.6590	157.5415	107.9692
169.1949	134.5813	131.2967
25.4690	1.4508	150.4009
42.7045	25.8557	486.5914
24.5945	167.6503	305.7095
126.7520	25.0441	228.7858
55.6342	6.2096	427.4703
112.3118	106.5851	400.8057
50.3465	114.6358	187.8926
35.6290	15.3934	389.2224
79.7467	12.9105	161.5420
146.1972	13.3236	444.9390
133.0848	79.8176	170.1241
105.0363	161.7775	520.2934
43.6079	154.6780	517.2990
128.8266	170.3616	223.7078
113.4281	97.2927	307.1728
151.9743	17.9919	458.9817
27.6099	140.0591	158.9408
166.0333	99.1132	307.1506
1.2702	90.2573	424.5370
163.9262	137.0949	213.5395
169.9974	99.4783	152.1284
93.4302	108.8978	286.4444
125.6165	115.7772	465.3119
53.4965	123.9046	550.8445
164.1498	61.2394	65.2017
51.0723	144.2439	96.3433
21.7539	149.1541	90.4539
15.7404	4.4321	33.5224
55.0689	101.8913	58.3136
52.4125	106.5775	11.5370
56.2970	128.3598	403.8243
53.6113	128.2318	102.7977
154.7810	106.7964	30.2825
153.6956	82.5835	468.7678
23.7364	115.4597	231.1524
124.5403	49.0696	402.2782
3.6081	41.4862	375.8444
115.4636	53.4851	172.7522
23.0560	159.6118	318.9112
122.8084	80.0083	8.3986
121.9215	8.4908	332.7127
99.2061	39.5704	285.8029
140.5576	93.0526	400.9467
23.9537	67.2262	322.1054
118.3041	148.3719	501.7305
25.6468	40.0361	161.2702
62.5961	131.6993	281.4687
41.7819	118.3249	141.6780
6.9883	65.6176	469.4245
2.1626	70.7954	491.6009
9.5435	148.5384	200.3199
154.3276	137.3849	93.3790
125.4953	34.5497	24.4924
79.2589	90.0505	217.8851
91.1537	92.1702	526.5653
1.2924	49.7667	401.5319
6.0858	138.3008	378.8870
6.0829	34.8962	306.0229
164.2397	96.8740	127.7913
126.2580	2.2703	289.6741
169.8367	72.7995	43.3987
121.9314	35.4279	116.3686
35.5727	134.0872	506.3576
124.4270	5.6654	300.0021
109.6144	21.6236	373.4723
68.0581	19.7275	288.0133
122.4076	58.3067	108.3439
125.6746	159.2370	359.9758
52.3152	6.9920	282.5934
93.6013	148.2779	205.4059
94.8644	62.7075	5.5987
109.8723	10.0120	300.4505
11.5349	144.3424	264.1169
22.4402	156.9077	24.9744
159.9938	166.3190	480.0084
84.3379	101.6506	496.7126
126.0875	40.0746	329.0075
151.6517	47.7848	433.9158
97.4197	105.3511	468.9234
155.2612	38.3999	225.1407
143.7317	12.7297	136.0078
158.8170	29.7754	49.4297
71.3244	153.1048	154.5721
171.6288	43.6620	362.3105
33.6839	16.5879	328.9903
48.0067	10.5617	533.6146
17.9554	19.1899	85.8917
21.4693	22.3886	187.9521
165.0477	63.4868	387.4104
154.9585	77.1725	401.0696
70.9711	65.5151	414.1346
41.4964	134.0901	153.2996
27.7416	51.6956	98.6624
161.9267	75.2051	255.3024
127.4862	170.6559	59.3347
111.9095	42.7480	112.3908
94.4752	66.2141	250.5949
129.5379	166.5356	194.7872
84.6573	56.7134	74.6361
115.7407	155.4203	474.8293
44.2751	40.0909	495.7618
96.5538	63.6336	310.6096
80.7989	12.9621	247.3425
7.6100	74.7916	194.4662
139.1698	41.5108	510.6713
155.2765	135.3197	444.3517
148.1019	114.3399	413.4934
41.3270	153.3678	188.4805
58.5108	74.3651	484.3203
122.2926	23.3602	22.1382
35.7288	63.6503	495.7612
53.6047	22.7801	164.9951
25.4459	162.5547	251.3575
86.3178	121.8177	17.4765
34.6956	34.3989	481.9428
113.7646	84.7574	448.4238
82.1248	46.4211	66.7930
101.4376	22.4236	169.0044
67.8427	25.0699	113.8765
26.0930	55.5528	121.1012
124.9183	126.6772	497.7193
43.2168	149.2121	106.4907
105.1477	134.7811	495.8486
139.1951	77.8081	103.7282
27.7184	9.4042	282.8273
148.7973	144.5538	99.0241
3.6552	95.1975	453.2004
133.2807	61.3971	388.7980
21.1347	26.4567	93.1576
121.5911	169.1533	556.6524
156.7812	21.0676	391.2051
59.6642	74.5257	481.9062
129.0780	170.5351	343.2992
168.7174	90.1251	319.4250
81.4700	62.0861	488.9310
59.8383	108.0364	478.5328
117.1025	6.4781	366.1416
111.5029	118.7972	297.9681
121.8942	1.9714	470.5325
160.7147	121.1439	192.7352
38.7610	114.0043	54.1547
92.8868	32.7191	148.8332
124.5731	53.6621	421.1953
47.9517	80.5570	134.4307
123.6096	1.0078	93.2765
80.2781	91.3920	261.8735
171.6016	143.3797	276.6162
74.8598	35.6464	132.2541
43.0191	68.0321	27.4455
82.7938	92.5762	120.3429
135.1239	11.8115	159.0553
39.4504	86.1577	307.5748
41.6623	120.9529	263.3595
113.8171	72.1630	92.2857
54.0737	110.1484	136.2999
18.4064	69.3741	310.1407
82.7144	77.5246	190.2749
58.6646	91.6987	514.2033
69.8816	58.8031	57.6132
100.3026	127.5389	316.8909
4.0903	74.1140	380.7142
24.1381	11.0814	534.9033
56.7533	146.4264	470.7125
68.2006	81.3665	342.2841
67.9134	144.6302	269.2572
25.4955	162.5607	250.8120
160.2771	153.3421	50.6800
111.8157	28.2053	23.8923
0.5910	164.2510	293.9882
81.0581	113.1170	533.3562
99.2678	136.5133	275.6835
161.0983	131.0710	504.2179
167.8826	105.9973	430.1645
136.5004	153.5906	414.9920
123.1154	29.1972	161.2262
145.5641	117.2908	56.2913
11.3503	142.6697	181.2664
143.5733	53.9462	337.5768
39.8106	97.8921	151.3155
125.9478	35.0137	426.5920
96.7361	144.2433	100.9851
82.2109	58.5668	73.5627
78.5697	128.2485	495.4997
31.2418	4.1522	257.5387
149.1777	158.1118	59.5137
106.2101	40.4146	282.2542
36.2829	33.2009	103.4189
131.3748	143.6179	201.8392
120.2403	102.4417	111.1306
5.6136	143.0724	490.5620
87.9189	118.2998	97.9586
85.9995	27.8073	523.6426
139.6168	163.4231	535.6914
86.0212	28.1406	29.1265
99.0440	35.2639	508.0474
58.4837	80.5504	448.5877
18.9867	84.7270	265.4070
19.0873	104.1400	336.2468
152.8541	127.7449	141.1964
145.2327	49.0695	136.5711
136.5690	108.4714	108.4304
100.1579	132.8428	453.1624
39.2854	124.5299	46.6611
32.8954	82.5843	318.9558
70.8952	107.8582	129.8756
121.2892	169.3412	99.8378
139.9657	148.7335	479.9557
8.3958	27.4017	308.1033
28.7887	146.6645	347.9304
111.2851	20.5298	292.4780
135.8088	167.7473	88.0382
144.2017	55.7751	308.4277
159.4298	152.2842	485.7929
37.5027	168.9578	407.8330
43.2856	42.9364	476.2045
159.5381	114.2830	494.9302
122.7586	166.4134	182.4324
156.0992	81.5354	147.5822
147.0731	138.4109	360.2591
51.4378	141.1891	261.5731
143.7308	66.0459	220.3399
157.7344	103.9851	536.6458
138.8014	108.4983	177.5016
89.7558	16.0789	290.4259
18.8674	72.6002	55.2257
14.6863	97.8259	550.0723
60.1633	9.6057	455.3347
150.8453	166.1127	498.5292
136.8909	26.9170	239.3385
22.6225	45.4971	417.0729
19.2685	14.8165	104.4356
102.1500	83.8301	309.4170
115.7847	85.6304	233.3310
46.7733	36.8095	86.8497
86.7131	69.7473	458.8414
137.1641	123.2440	20.5657
38.0908	82.2993	443.1322
69.8754	55.5836	16.0192
29.3630	115.3698	387.6835
47.3354	124.5179	261.0597
112.3122	20.0859	233.5498
163.0645	98.0425	47.5357
154.6787	150.9180	145.3193
51.0942	163.3976	140.3179
110.9384	6.5265	239.5540
154.8318	120.5904	137.3136
112.6606	21.3311	383.3269
42.6009	141.2017	105.7719
162.0562	155.8623	520.5958
116.0788	47.3231	4.5249
80.1081	113.1469	82.1021
79.7292	108.2271	479.6284
2.5686	93.6567	114.6207
102.2938	32.7478	121.7979
152.7081	87.4487	470.2414
52.0059	29.0370	31.5078
11.4854	15.9306	67.9377
166.3280	130.4798	67.7554
38.2829	91.1888	112.6524
127.9569	139.4240	180.2651
104.0252	35.7286	292.8951
90.0778	150.1007	542.8735
107.0129	79.1840	123.4736
50.9240	4.2896	259.9339
51.6231	86.1656	248.1505
21.2892	83.9515	257.3558
98.1846	77.5779	368.7532
4.6818	38.1331	74.8567
168.7876	156.5049	101.8458
23.4997	162.9931	260.0994
32.7847	53.7885	149.1111
117.8118	128.4751	12.6450
108.3865	165.0172	233.6933
163.9680	166.5661	521.1832
60.1337	27.7279	65.5477
7.3321	121.3998	489.1807
65.3381	11.9489	440.8006
71.0297	27.5023	452.2547
99.8781	80.3600	182.4766
69.5022	119.1358	467.8305
102.2306	88.5762	481.3204
0.0866	96.3673	480.2339
51.1260	84.0554	484.4251
147.1194	45.7194	510.3698
74.0466	6.7509	152.4926
149.8561	121.1355	369.8424
28.6584	9.0788	286.9767
36.5611	98.0063	171.3966
23.6456	135.7224	40.1898
163.2227	57.7847	109.2896
7.9372	101.6082	525.9416
117.8117	48.3423	138.4412
85.6263	2.7086	308.3744
6.6548	54.1091	434.8957
64.5895	11.5635	345.8150
12.9202	133.3191	442.6513
87.2819	56.1000	317.8718
169.5844	128.2256	42.8800
89.8996	169.4191	353.3533
10.4148	135.3100	156.5030
26.8926	139.1830	197.1470
143.6355	119.2283	57.0577
78.9744	1.5367	376.4421
143.4701	95.8195	541.6177
118.9230	22.5479	217.7445
47.0706	32.0014	394.4303
156.5529	73.8380	326.7601
140.0218	92.5368	77.3865
4.2163	82.9372	313.9525
3.7046	129.8864	267.7213
37.4039	170.8164	413.4454
150.0905	114.2748	333.4422
153.7470	162.2325	169.7940
149.7976	96.2844	105.3071
151.5286	44.3456	76.7102
28.2770	158.8384	160.5906
115.5785	95.0575	415.9350
59.8379	35.5877	63.5298
132.9668	9.1949	521.7493
20.3851	155.8552	388.6722
89.9505	69.8252	387.7486
20.2813	145.3258	135.9366
84.2799	83.4224	108.7929
85.9720	99.2901	199.0202
134.5806	159.4148	388.1892
26.2814	20.8748	193.3607
5.2564	106.2334	526.2275
133.5114	0.9936	93.1122
4.5184	106.9916	261.6398
70.5040	33.0605	465.8899
47.2028	56.1157	184.7854
141.6499	24.0588	86.0024
150.7202	152.5259	427.0494
135.6326	144.7167	151.8970
148.9486	89.3966	97.9313
76.8802	79.2386	143.3531
48.8728	10.7805	433.9850
126.9356	130.8832	345.0122
125.9482	119.8333	77.9832
73.9336	129.0688	258.1739
109.2453	122.2263	413.4579
11.7270	82.2166	457.9975
128.1987	97.0390	184.4696
113.0387	149.5307	103.2957
110.7309	91.5483	121.7125
47.2075	77.0098	133.0384
130.7280	96.9615	342.0835
125.0130	33.7375	234.6715
59.0648	128.6506	554.3622
118.1173	100.7498	8.3893
119.9657	34.1914	184.1179
62.7136	1.4268	79.3404
72.5435	37.4687	397.9230
158.0029	15.1895	175.9932
42.5765	36.3396	402.1146
74.9697	26.8185	97.7566
50.5919	27.0911	469.7397
94.0539	133.6485	30.9537
56.3187	165.7610	37.8929
20.6154	96.1392	185.5560
107.2550	82.1630	105.4910
16.5235	161.9869	236.1631
128.5155	120.2565	461.4216
68.3390	127.9288	378.7061
120.8797	116.1527	543.7574
78.8966	165.3632	452.5653
65.1122	92.7799	90.8441
59.0110	28.1318	416.6774
139.6509	133.9196	138.0832
71.1655	14.2329	93.0331
112.6021	165.8676	368.3237
132.0096	169.8465	77.5469
70.5837	58.8970	249.7097
102.1049	88.7978	171.6150
69.8024	155.9962	421.9796
147.3601	160.2249	58.0314
167.9256	158.7383	548.6329
91.7099	112.0119	72.2046
123.4670	109.6366	378.5591
153.4398	30.2365	175.6554
42.2703	144.2418	95.4992
6.1743	163.5015	149.9816
99.2395	11.0861	507.3552
59.4255	134.6808	233.4399
149.6551	114.4417	122.0322
170.9448	117.5182	157.3353
39.2916	11.1447	295.2366
91.4385	169.3875	26.0622
66.6400	114.4438	402.6704
116.2244	74.5740	419.8346
52.3402	113.1594	503.1946
96.1631	40.1850	46.5777
153.4091	42.0948	315.0424
16.0506	114.1347	64.8673
31.4823	11.0861	425.8023
118.6740	87.4501	282.7130
132.0601	154.4936	21.3307
78.6742	162.1767	6.0648
98.7081	167.5045	229.1846
28.6528	150.2264	476.4199
144.5805	91.8059	366.7002
10.5055	81.8178	311.2231
7.1546	0.5431	114.6637
122.1243	74.4429	401.8692
47.1561	47.1384	20.1948
127.7722	172.0113	92.4305
160.8579	0.4612	399.5466
2.7659	38.4444	158.7244
155.7827	141.7871	358.8303
164.7134	51.4523	532.0110
23.2852	82.4356	483.7042
88.9936	20.7465	77.2884
89.9374	47.5169	501.2695
170.3155	150.9610	95.9538
53.0412	164.0593	333.0731
22.7688	62.4953	307.3787
137.9093	90.9532	115.9262
10.1967	36.2511	48.6764
99.1628	101.4384	391.0154
12.1284	16.3397	88.2176
49.3595	58.8999	198.1648
19.6553	36.0805	507.2058
76.2044	45.6299	271.1907
105.8464	59.9501	14.0825
95.5005	160.0242	293.1709
17.3729	92.7566	15.6653
117.9785	90.2335	385.5422
39.8016	27.3037	284.0449
12.1440	93.8870	229.3798
144.8254	142.1868	309.7484
120.2347	102.1092	38.8533
56.2092	37.9209	88.0943
80.3725	28.0742	234.3448
52.9698	40.2043	293.9326
47.6572	39.7206	150.9048
12.8962	81.1931	233.9791
86.6254	37.3403	77.5627
124.6446	76.4487	335.1550
27.2637	24.7476	132.1072
51.0739	24.2790	42.7265
148.4902	71.9042	383.7284
137.6371	160.7558	369.2667
26.2672	4.5273	316.0438
82.6787	135.3908	273.0520
149.9090	168.2850	393.3625
49.0921	20.3253	215.2217
68.2299	160.1662	146.1571
68.2031	20.3399	145.3352
128.4779	44.3308	294.1729
92.1192	71.0469	369.5097
13.6168	129.2688	471.4707
77.1759	57.8679	156.7203
67.9669	52.8207	438.4587
152.3556	17.7522	463.6899
73.0575	168.0011	59.1860
119.2036	69.3253	185.1444
153.3524	77.9790	283.5643
100.6623	146.6444	118.0782
138.3801	172.4137	489.4262
75.9999	89.8598	248.0762
51.7143	70.6570	394.5871
23.8104	111.8249	513.3087
120.7328	143.0218	0.7844
60.1703	60.2517	454.1478
150.3427	127.1515	129.9520
67.4261	155.4214	397.3401
65.4469	55.3532	312.2193
108.0004	23.8819	309.5649
68.7426	113.5970	400.7470
18.8259	137.0440	349.6577
167.4246	141.5444	287.0015
0.4360	12.6075	461.3614
63.1576	150.0246	327.9903
46.1212	140.7922	516.0960
36.7700	12.6042	152.5685
10.1752	79.3966	133.3453
139.5546	157.7710	350.1058
95.0349	122.1589	199.3915
172.1686	39.4884	104.5885
113.6579	101.5892	445.3843
104.0757	121.4714	465.2467
126.6450	161.7133	269.3113
132.6008	138.8752	444.1997
121.9994	141.1631	192.5245
1.2400	78.0037	443.3958
30.8873	121.4513	291.0861
5.0148	135.0980	126.0880
44.8948	166.5762	445.5317
21.7957	70.9865	268.3847
121.9563	2.4082	75.6503
51.1284	71.1785	380.9091
163.8285	21.3820	484.0731
74.7041	61.0599	501.4703
79.3213	140.7224	50.3932
143.2720	127.4662	346.5219
20.7721	155.1086	306.1337
111.1910	165.8005	221.6298
64.5601	134.1528	402.5667
67.2173	49.0148	384.8165
128.8878	128.4121	452.6054
124.8491	119.0235	185.6981
21.3977	112.7286	153.4515
54.3433	57.3915	29.4506
154.5741	46.9650	152.4232
46.0174	10.3197	74.1835
