23.7867	137.4191	272.1788
55.5506	69.5547	148.0426
3.3964	50.2341	412.6982
91.4234	32.6463	837.0629
114.8732	53.1912	670.0290
21.8570	52.7184	286.3017
45.7611	16.1421	814.8964
10.4747	96.6610	166.5968
17.6184	139.1934	221.1001
137.2355	53.5330	466.3584
102.1830	81.9662	784.0095
128.5167	89.2029	226.2959
119.6268	124.1043	566.4730
132.6143	82.6678	121.3970
31.6641	88.0375	846.0585
38.6032	16.7310	349.7520
128.3928	71.9231	515.2239
16.5803	32.1464	664.1577
121.6719	17.4210	407.0801
135.0989	118.0888	307.5324
106.2614	14.4024	442.4087
82.6381	37.3178	402.7704
46.2987	49.5318	334.3155
2.6948	116.7033	86.4621
12.3606	108.7157	407.4041
8.6068	32.8141	586.9247
135.7776	56.7325	537.0116
51.3454	35.3647	535.4116
80.3013	55.8666	365.9152
48.4446	93.9482	198.6092
15.0505	76.6409	448.6389
99.9352	79.4631	638.8867
16.3069	9.1930	416.8326
122.0745	57.1256	722.2257
134.3010	80.0024	131.4293
124.8981	15.0967	502.0758
67.8475	102.9053	681.0649
10.2045	121.3751	419.9468
39.9237	67.7117	52.4241
86.3637	87.4102	223.5251
59.0602	85.3803	407.4948
58.4962	120.3626	248.8924
16.7605	136.8036	90.2088
90.6981	28.6943	748.2236
86.8109	63.7518	466.2552
115.8612	102.6636	265.0549
4.5895	107.1550	223.7881
13.3021	51.3064	388.7860
113.7866	11.6526	365.9739
112.8547	45.1496	442.6709
93.8052	85.2369	457.2677
63.9367	23.9181	534.5252
84.9825	53.6309	128.6596
17.9431	73.0834	505.7878
114.4761	33.7803	99.7931
43.6100	122.6095	183.0148
67.6944	105.6855	145.2227
76.4205	34.1055	688.4100
138.2885	125.0481	87.3913
99.5882	59.0825	473.4762
4.1699	114.1708	169.9776
5.2573	42.9552	524.5555
97.3496	127.1902	760.4778
127.5387	123.1446	133.7965
83.7306	5.9103	439.8368
127.6462	46.6043	856.9993
18.1030	72.0088	15.1724
2.2846	114.5008	206.8603
50.2738	38.8142	201.1611
64.5848	32.2615	180.2955
43.3963	115.3376	3.5950
13.1246	49.6878	639.0279
101.2291	11.3188	322.3497
112.8634	61.8547	649.2156
65.0593	25.0002	92.7164
64.8839	132.4295	363.9513
85.9668	82.1554	770.7648
7.9403	24.9571	674.0128
49.3845	44.7127	574.5874
89.1400	21.3089	560.4440
81.0955	16.5057	652.9179
127.0276	125.0449	172.3730
100.4728	33.0896	760.1357
59.6932	134.8127	773.4640
22.4956	135.8119	25.4320
20.8764	59.3815	603.3495
49.3127	23.7758	799.8303
39.5119	1.4000	821.4191
60.3917	84.9078	813.8142
121.1073	66.6147	352.5192
17.0652	6.6139	472.1856
1.8370	84.7899	254.5082
36.8447	136.5077	621.0898
123.3078	36.7761	699.7160
97.0171	114.1913	366.4009
4.2648	63.3364	307.6687
9.7915	121.3660	783.0352
71.1446	83.4188	557.8220
59.1354	19.1436	840.6284
89.4813	20.8828	2.4744
54.3239	54.3492	266.4860
54.1160	55.4028	566.6190
108.0568	87.1812	630.2488
100.8159	103.5834	622.7847
75.7642	128.8212	700.9196
130.7028	81.8833	796.6626
137.0840	1.9146	384.2345
67.7558	27.7902	264.9471
77.9297	112.0567	275.5546
94.8176	111.9595	27.0485
25.9831	33.7253	404.1916
73.7972	35.4153	397.9900
74.2854	98.7500	59.3817
123.2185	35.4764	625.3481
26.3938	61.6092	12.5664
45.3163	69.0410	574.0443
138.3293	78.1162	237.3287
65.6301	90.0614	395.6565
113.0753	8.0253	734.1600
86.4783	93.6686	515.4041
127.8609	136.0185	11.4987
58.7825	79.6278	314.7124
100.3995	125.3606	93.5513
27.6614	107.6246	827.9929
133.8861	79.0661	473.3454
34.4060	98.9508	414.7919
91.0413	2.4446	629.0569
73.3553	55.9243	806.3081
22.6422	118.4514	189.1920
35.4353	2.9640	231.1589
102.9562	11.2733	417.0607
55.9651	34.2477	198.3040
134.6292	107.4213	523.3607
18.0643	98.7942	118.1929
41.5029	93.9101	305.7977
6.7911	4.6361	298.3583
62.7610	129.2612	9.7005
134.1957	34.6071	371.2189
29.9007	93.3748	603.1763
123.8575	122.5430	583.5818
136.0019	76.1855	343.1943
53.4658	65.7375	545.8745
11.7750	129.0072	394.9553
30.7650	59.5360	116.9450
8.9289	27.6355	407.4882
76.2716	104.5719	417.0707
36.5663	238.4996	-1819.8000
67.2893	59.8621	356.7094
13.5982	108.1591	405.1580
40.4020	80.8086	475.9772
50.8960	122.2996	443.8595
73.7463	108.6205	784.7845
52.9467	108.6023	353.7951
120.0814	22.4750	564.1483
10.6755	116.9692	290.9924
133.1670	58.4694	207.6496
107.7571	107.9946	584.6602
129.6901	11.3595	620.7154
130.1891	75.7769	470.2668
23.0263	135.8972	625.4677
7.2994	45.2417	629.9088
21.1982	36.1151	451.9562
21.1486	117.1685	373.8992
82.8754	89.9030	166.6415
62.8359	40.1968	327.1973
114.4042	94.6905	720.5099
33.1088	33.3630	211.8202
58.4056	108.7569	295.5366
106.0957	85.1969	474.1029
82.1325	118.7685	561.2536
86.3015	19.5647	751.9718
49.5159	134.5973	218.7767
18.6634	10.6254	105.9925
35.4397	96.6401	220.2485
91.1014	114.4365	71.6295
30.0508	113.7263	736.0051
109.4859	121.9893	574.4150
87.4607	49.6545	841.3921
111.3288	71.4719	378.8806
81.2701	80.5223	253.8386
121.3706	119.4755	546.9300
139.7092	105.2635	161.3596
79.8219	71.4840	379.3289
79.4437	84.7340	145.9874
24.0674	74.5771	452.6259
115.4797	131.0624	513.4253
112.8863	97.3356	234.4635
120.2738	18.3191	442.5332
34.4231	88.9249	737.7600
106.2931	21.7268	609.8353
54.7962	55.1327	673.9142
28.7684	57.5004	310.7116
76.0239	80.1666	742.3806
127.9679	14.8217	476.6162
102.1483	38.9800	539.3213
135.2410	58.3514	386.5333
40.8146	113.8710	850.5176
51.7167	138.4963	490.8085
92.3760	94.0736	474.3531
51.8495	53.8272	313.9359
16.0266	47.2424	852.0567
54.6635	82.6633	759.7982
98.5860	84.8433	340.2259
128.9685	88.9847	12.2117
138.3088	116.3985	484.6341
111.3653	86.0889	640.5851
92.5679	69.5699	720.4963
9.6075	25.2493	124.2930
135.5457	53.2008	553.5097
54.1314	90.8071	57.3124
25.5713	56.9384	409.3859
92.8906	137.8002	202.1547
66.8467	113.2369	238.4146
49.2751	39.6160	575.5143
41.2949	99.4346	223.6893
130.9128	66.5269	732.1557
79.7247	134.5210	560.4334
86.1174	52.4842	441.8135
30.9862	79.5804	61.0159
75.6590	130.4709	120.7856
72.6446	46.1219	105.1338
115.2185	20.0003	433.6742
100.3827	136.4772	116.4257
107.3140	15.8741	506.3657
102.4247	95.2216	355.0674
129.7659	98.6703	685.2684
101.9217	30.0827	787.8635
110.6520	57.1374	560.7175
138.9711	81.0047	802.4481
38.8440	86.8285	140.8861
123.7915	83.0288	773.2850
65.3884	29.3472	805.7908
69.6164	90.8642	396.3596
86.7736	34.3394	467.3672
88.6094	93.7188	709.7382
125.4492	60.5327	667.6693
110.1769	117.0537	311.8171
117.1579	59.8930	81.5618
115.2294	136.9240	842.5735
39.8918	91.7504	116.2102
106.8882	104.1446	756.7752
111.1181	55.6802	15.0217
95.5590	112.7647	218.2353
68.8964	84.4470	389.5144
47.5206	118.8689	464.8711
112.6237	112.3481	839.7913
104.7681	25.2111	855.0406
96.2028	84.3364	137.9963
12.0658	136.4277	295.1533
45.3679	128.3461	143.3673
116.4461	81.9867	182.1563
115.7228	118.5160	68.2393
65.5274	27.1993	23.2169
8.5251	139.6301	76.6036
132.0538	132.1150	570.3736
118.1862	19.5149	219.7983
31.2397	95.3897	77.1870
32.8746	52.4064	662.2780
11.8301	56.1640	746.8615
117.5806	47.8314	269.0556
138.7972	77.6426	322.6612
41.8627	120.3711	191.1231
45.9974	15.9736	561.6700
4.7653	56.9633	681.1480
64.9027	53.3645	595.2306
34.0536	89.9776	4.4444
44.8993	68.8878	830.0407
92.6543	5.1947	760.8774
115.7243	90.8869	847.3896
5.8340	14.7093	539.5355
3.3574	69.6514	399.4303
51.7014	92.0008	519.0589
85.2366	42.0167	526.7588
104.5508	22.4247	12.1594
136.0490	96.5592	370.9415
76.7128	111.6133	433.1798
121.0048	33.1488	68.4866
64.7366	55.8240	82.6955
23.5153	56.6569	60.6589
125.7954	137.2293	810.4818
95.9952	28.0365	771.4765
106.6433	118.6811	302.4334
61.0506	69.1805	303.9051
58.2447	32.2998	256.2574
100.6398	96.2719	378.7867
71.7459	60.8789	443.0405
27.9506	76.1528	586.9010
59.6133	7.0813	546.1982
39.0425	94.8839	418.1278
32.1129	138.7323	205.8957
49.1426	51.6099	181.7226
67.6734	51.0029	608.9624
39.4503	81.0195	490.1365
108.9520	50.0719	752.9323
124.1919	102.0754	791.7008
125.9626	36.5986	109.6918
66.3593	12.9277	332.4276
68.6776	93.4118	280.7368
71.2762	3.2443	820.6857
119.3151	46.6054	669.6621
89.3580	110.5540	306.4146
63.2013	46.9240	801.4719
64.9658	123.7445	467.8262
49.4355	19.9761	765.9324
118.1482	74.6412	552.9357
38.4887	118.3401	774.4849
10.3599	93.4776	801.4241
109.9901	89.2984	160.4927
48.8310	116.3858	179.1926
10.1997	29.9817	421.7285
30.5570	113.5715	318.3658
112.5400	31.8907	535.5391
130.9361	16.2413	275.2729
111.0321	50.2410	435.3913
133.7206	109.3159	450.4983
103.7119	80.7594	326.8199
136.8347	6.7733	569.5718
60.6646	40.7984	222.6046
29.1928	19.2649	565.5926
119.5414	29.0926	580.2042
80.7230	17.8528	567.5485
67.7344	85.1936	709.9401
20.6758	106.3976	94.6407
107.8722	44.8140	304.0619
109.1554	86.3533	483.6923
73.7152	123.2842	14.2754
59.3298	111.7977	407.6298
71.8180	51.3067	105.2732
29.9675	94.7304	243.9728
64.5451	2.0297	202.5367
92.3030	58.3754	652.3166
106.4842	72.8739	287.0524
121.7870	33.8631	196.1386
87.2677	63.2024	249.9420
111.0246	65.2568	554.3651
133.2674	62.2358	862.5269
134.5130	34.5602	541.4969
60.7462	17.2352	62.1851
121.2160	109.7236	257.5313
98.0116	69.8254	742.6863
83.7724	133.9883	548.5190
110.1664	100.4677	90.9025
57.7550	88.4312	378.2059
10.7946	139.6655	87.0392
15.7187	99.1370	669.7609
93.2309	28.8103	348.6119
11.1093	97.5998	836.8256
51.7966	62.5345	851.0141
125.8250	120.5660	732.8191
126.5567	59.8832	442.0604
91.8333	49.4855	228.1309
48.6876	40.7406	826.7369
11.1791	74.8047	489.3042
79.6117	92.8817	745.1236
87.6212	78.5927	154.8429
91.7758	81.1334	200.3718
16.8943	92.8216	497.0122
86.5286	24.2746	413.0503
106.9612	19.1124	371.4467
98.1930	95.5776	334.5355
69.6189	55.3268	685.6089
104.3385	119.5705	258.7992
10.2913	52.2086	344.4240
29.7767	78.2460	515.6800
137.4143	36.7275	215.2170
91.9714	129.2220	115.6183
54.0548	8.4378	513.2513
57.3783	38.5217	370.1042
2.9067	66.3732	837.2721
81.9206	7.2709	788.8577
64.3891	60.8499	418.3199
101.4892	16.4437	106.2749
52.3719	64.7848	819.5291
48.3272	113.1311	430.5444
30.6019	91.7659	117.5255
90.1600	66.7902	279.3462
2.6088	18.1375	783.4005
40.6318	95.1084	649.4806
121.4637	32.1114	244.3214
82.5386	101.2040	270.3446
114.7686	4.2351	593.0191
105.2566	82.4403	483.8602
75.7808	59.0620	347.3898
82.3077	36.4197	620.6891
120.8502	132.0663	764.3464
114.4581	77.0161	419.2255
3.1965	126.3629	14.0476
17.6593	58.3477	59.9236
48.2695	71.1044	798.6832
21.3217	107.6774	452.4431
12.5406	41.3882	409.0513
9.6834	133.8112	574.8576
27.8489	119.1710	363.7788
138.1835	109.5630	508.8894
4.6820	9.4506	112.7574
22.4025	21.0125	681.8146
50.6561	98.2157	654.3151
62.8834	8.3984	727.7426
51.3008	102.6093	505.3690
133.3327	66.9390	46.1699
126.9329	7.1794	85.3980
77.2138	100.9291	663.9009
132.0049	111.1193	701.8060
65.9470	105.1751	394.8196
38.3695	97.4912	689.3223
68.1196	67.7220	524.9276
61.3054	45.2826	217.5633
60.8385	118.3464	604.0878
33.4218	13.9478	549.7443
94.3958	18.0454	281.1406
94.4589	25.1531	224.8947
137.0971	73.5207	88.0634
115.9226	54.0872	82.3067
112.9172	33.1160	220.9516
23.6559	52.2008	25.6472
83.3260	25.3916	23.4433
119.2845	37.1317	642.9949
6.8436	45.5149	216.6097
103.9371	133.0725	187.3555
57.0207	1.5618	522.8730
75.6509	45.8506	90.9749
110.5819	41.4353	27.1144
14.0042	74.2619	581.1580
89.4139	57.2555	719.7508
137.5170	28.3831	532.8736
103.0716	18.5060	369.7679
69.4289	62.0786	450.0206
97.1337	60.5512	366.0656
28.9578	0.8929	214.0582
138.8238	110.6758	412.5559
67.6410	111.5661	631.7936
49.8208	123.1448	263.4957
15.0189	47.0433	331.7050
52.9429	54.2483	554.3105
102.7097	92.4545	123.8234
51.7813	136.1206	352.8244
36.8588	64.6169	6.8956
82.1299	112.8921	450.2059
49.2735	41.8761	840.0867
43.3493	81.6398	567.6998
67.3656	98.3125	135.0332
2.9563	57.0990	351.0999
19.0306	56.9905	70.7761
44.8935	62.5971	146.6991
44.6502	50.2923	377.1598
95.3019	130.0253	669.8036
131.1912	31.2945	244.1953
61.3752	6.9607	490.4610
139.0168	106.1647	44.3481
35.0370	53.0709	144.0200
80.2024	63.0533	687.5480
90.0860	28.9690	521.5821
131.7003	99.7442	618.2775
119.7890	124.9149	325.5917
56.0736	137.0666	259.0885
55.8339	118.8865	281.1121
89.2678	56.4523	637.1860
116.9326	106.1884	648.5039
46.8194	101.6214	140.4721
63.5273	47.2701	783.6417
8.2213	108.2150	204.1494
41.1614	6.8768	725.4326
78.2783	131.7407	211.6351
88.0184	126.8028	295.9291
94.3861	108.4844	664.7005
2.8219	84.4063	17.9042
99.8140	5.3426	4.5018
73.4165	103.3608	247.1134
122.9174	119.7910	63.1418
103.7347	138.3929	490.4299
65.0956	39.8983	183.5147
23.0262	107.8595	100.7594
47.0801	25.7088	244.9009
129.3750	7.8499	410.4159
120.5828	126.7776	773.5458
82.1795	52.1778	340.5479
39.3864	2.5627	703.6762
117.5442	89.7645	327.8884
96.0520	18.9323	461.2338
138.4945	93.8303	715.2372
51.7557	6.1205	726.6648
9.2983	41.1853	331.3478
129.4182	125.1168	537.0183
6.3001	133.5648	542.5519
16.7037	18.8914	329.4910
16.5222	108.3101	60.2481
77.3742	42.1082	619.3400
39.7738	77.7084	414.2800
47.5939	96.4099	270.7717
41.2663	19.6168	65.4492
17.2435	84.7703	82.4442
11.3940	77.6686	152.5383
81.9208	28.0585	678.4087
87.3420	7.0682	401.0367
82.3116	41.7497	815.6228
117.2993	33.3830	808.1185
29.0152	92.2427	790.0382
93.4864	24.2876	245.4546
10.7630	34.8843	443.1529
113.3246	46.9620	749.5086
60.6309	66.4807	806.6008
137.0579	49.7295	278.8995
22.3409	105.3720	384.9376
137.5711	77.7217	207.7919
104.8047	91.9194	795.0911
68.6944	121.0958	748.8532
53.3004	8.5031	550.1757
118.2838	64.6398	173.0060
99.1181	87.5534	353.7049
52.0093	8.7278	700.5127
132.5330	23.2601	189.9261
48.2442	92.2748	769.5010
30.0177	70.5933	422.5105
12.1968	72.7135	823.1379
5.7276	91.0712	259.2554
30.3253	108.8130	744.5488
112.8261	42.2514	67.3552
103.0713	61.0160	345.5603
109.4648	86.2874	398.0771
54.2686	25.2267	506.7688
87.9933	99.9123	693.3450
99.9725	121.1408	728.5188
35.8415	118.8798	11.7438
104.9193	43.0490	186.3602
128.8866	110.6385	248.7875
81.9127	54.1696	325.2922
119.3185	51.9814	468.9285
4.5956	26.0982	353.9979
83.7171	36.6109	17.3181
74.1613	37.1899	12.3660
6.0705	120.4701	761.6264
28.2244	106.7786	313.6170
50.4835	44.0272	237.4873
61.5709	131.5197	122.2290
62.8736	139.0000	369.0731
64.3242	92.1481	774.9927
82.8683	40.7219	130.0173
20.8237	63.1537	477.4572
11.3761	130.2103	176.1920
72.9671	112.1923	362.8889
76.6743	27.6527	673.5594
56.8200	16.9389	533.9491
129.2304	47.9399	182.2451
89.1685	43.7905	861.7611
91.6864	18.5003	848.7110
68.8505	66.2026	756.9530
139.0436	22.9044	243.0202
8.5973	110.2100	418.5248
63.2341	79.2144	675.1928
49.6969	104.7798	296.0684
52.5823	19.8367	445.9873
49.1287	23.8721	738.4852
86.0075	16.9008	376.2820
67.5099	41.7949	98.8806
130.9969	114.6815	318.4025
95.4511	62.4732	683.4380
8.2985	45.7218	312.4805
34.0279	66.7678	197.0930
38.6401	65.8252	0.0781
7.4740	103.3379	463.0282
119.3893	135.4062	56.2665
8.0427	104.0982	284.2723
109.2498	133.0557	525.7539
7.8684	89.5449	336.2974
125.1241	131.7117	208.0219
127.1878	77.7151	370.2358
100.2840	60.0049	703.4043
31.2946	40.7044	347.4090
125.1330	139.1352	111.7285
73.8127	4.0239	465.9881
44.5731	137.8190	853.1400
132.4979	87.6489	782.8876
34.6846	22.7530	775.9272
61.3351	137.4872	104.2715
95.1368	6.9644	248.3110
82.3288	80.7617	115.8487
133.7574	70.3103	545.2739
53.0607	16.0914	741.2346
138.7533	13.0232	409.1912
16.9572	107.0175	29.1459
133.7273	34.0031	278.4053
53.6788	46.0498	543.5264
37.6288	81.8502	225.6585
71.0196	119.2090	292.5214
43.4965	47.1603	121.2426
110.1626	16.7762	617.7104
59.3528	116.3984	130.4203
45.1908	122.5985	745.9378
109.7919	137.7312	478.2936
70.5380	10.2697	26.8500
15.3112	19.3191	667.1860
58.1978	70.8907	311.1927
35.6274	72.7650	209.5898
69.3519	97.8345	272.9413
0.6447	25.4262	672.2052
58.3300	73.6304	69.0348
72.5710	136.8305	208.8265
40.1101	20.9628	116.7055
62.9436	126.7385	115.9238
107.5516	85.4804	569.5462
19.1950	106.3632	152.0386
105.3217	49.1210	548.5693
76.0628	118.2653	721.5628
130.6133	12.7303	580.1912
99.8736	0.9613	394.3863
18.8995	112.4828	156.7790
19.7928	83.1572	688.4463
96.3434	33.6422	822.1261
91.9305	111.3359	259.5307
21.5126	109.7573	157.3027
55.8688	102.9044	262.7136
66.3379	87.7245	782.4130
5.2067	83.6991	274.7435
97.8394	118.5197	573.7460
105.7408	89.7957	338.9223
63.4789	100.3679	229.3523
100.8866	129.4057	617.7907
59.7862	53.9919	785.6458
24.8828	81.0436	461.6164
100.3895	85.6072	349.6430
105.9426	58.6966	676.8772
39.5274	53.5384	434.5744
106.0586	133.0705	311.1665
26.0541	112.7668	756.1535
39.3174	6.2540	759.0253
118.6121	125.6474	587.3552
21.1893	47.2081	160.7399
16.1838	21.7905	445.1872
1.4068	133.7078	60.5430
103.4299	40.6109	644.6553
28.8012	35.3564	210.8831
18.8528	119.9691	90.2727
130.9955	58.2475	62.6804
125.0531	47.4120	692.9860
14.1892	85.3850	255.9843
13.5088	139.2806	562.2064
72.8752	2.3938	546.2729
16.8634	29.7109	297.9668
94.7885	30.8409	830.1630
91.5835	41.5636	660.7512
133.6981	0.9436	162.0609
40.3546	7.0105	794.4331
60.2061	88.9488	557.3399
116.2481	-57.3054	1465.9500
125.3371	113.5510	721.2976
4.4249	136.2753	408.1930
91.8444	32.5685	558.5494
31.8084	127.2455	673.7004
120.8863	17.4541	848.1109
39.6111	99.5036	212.1110
121.1473	109.9283	433.6161
128.1595	11.5695	189.0853
47.2023	32.4810	853.7593
5.7447	30.0137	774.2750
96.3957	20.3982	235.0444
88.5979	90.9677	266.8284
31.6457	80.3519	420.8515
12.5498	39.6382	28.3309
117.3935	92.8157	808.8352
86.2840	33.2018	646.9271
29.2392	96.8396	310.2793
41.5638	53.2305	522.2879
56.3307	48.6307	354.7989
97.0663	104.8790	374.2587
90.3873	118.8608	97.3287
25.2512	58.3476	0.4820
73.8102	117.7815	109.6567
69.2507	45.3354	487.0722
77.0403	57.3376	343.7324
123.7794	109.1879	364.8977
21.1065	100.8553	91.5712
56.7517	34.6162	518.9303
49.6786	117.6800	151.7261
27.2429	15.8052	254.8524
19.2025	21.0430	167.2005
103.0568	25.1268	391.1638
72.9256	85.3410	48.4900
24.5033	44.5198	366.2253
49.4631	129.0702	800.8662
8.2155	123.6678	214.6278
122.3972	92.5105	852.4631
132.1762	99.1672	746.9573
118.2737	57.8764	832.5640
73.6757	3.7594	778.0494
133.8023	18.3065	618.1921
31.5504	30.0254	400.3782
50.2871	101.0120	306.5400
46.8534	62.3509	222.9402
93.7654	17.8887	740.4695
10.5594	69.8605	239.7992
121.3155	47.2249	459.4358
131.7310	60.0931	82.4606
66.7692	43.6764	786.1949
44.2762	122.7068	523.9519
128.9873	47.9819	502.0138
127.1089	113.1187	701.9875
101.2884	25.2656	695.0232
85.7447	14.0428	372.0756
109.5710	77.5604	754.0067
7.2850	55.2024	212.1787
44.4999	128.4795	158.1255
18.3522	118.6006	389.5708
47.1715	68.1122	1.5494
135.8347	127.8177	656.5145
116.7732	109.4117	811.3856
122.4786	88.5917	663.3268
46.2938	100.0927	289.9014
123.5292	80.7061	61.9349
35.9304	116.3500	215.7020
48.2686	2.8585	551.7106
50.0022	43.1569	279.4632
74.4612	134.4311	731.5224
36.4351	136.4645	337.4347
39.7508	88.9470	631.2477
82.1650	74.1089	311.1497
105.7892	92.6959	653.6862
16.3377	69.1441	255.3217
59.9185	91.6414	721.0360
127.0673	86.7801	98.4964
133.0688	110.4513	802.3077
106.8659	73.4879	840.3162
106.0536	128.9207	239.8378
74.5402	81.6876	450.3239
102.4974	92.1634	758.8582
125.7948	49.6714	204.4404
18.0818	60.6766	524.5287
51.6066	51.7857	394.0521
7.8843	117.8391	228.8014
86.4524	33.8634	297.7338
115.3085	31.5779	810.1280
137.9345	92.9937	790.8416
50.1427	19.8403	296.8127
76.4353	42.2497	404.1179
33.4003	101.2543	619.4709
32.4817	56.7805	408.4249
51.3020	40.3867	434.7300
124.7249	130.1683	413.4748
87.1708	52.3044	520.8862
45.3289	129.1522	180.8589
49.3051	11.5538	573.6174
80.6429	102.6590	377.5786
132.7301	22.7524	606.1143
132.9270	56.9982	590.2280
116.8682	132.8112	694.4824
19.4912	13.4049	177.6750
54.8783	73.6209	402.2754
52.5809	7.3917	548.4467
50.8123	34.7943	861.9800
130.7294	9.1521	231.8789
128.0199	15.5334	255.0687
94.9993	109.6149	191.9793
115.2098	136.0653	577.0670
26.2248	118.2766	72.5369
107.9115	97.9721	184.7014
124.7880	35.5398	627.8917
105.1036	101.6205	549.1994
71.6658	8.9162	230.8339
120.4700	14.8357	697.2713
139.2735	105.7284	100.2953
123.8768	84.4422	835.5213
135.4170	104.9122	308.6532
113.6232	66.2606	370.2284
41.4399	80.2724	386.1869
3.7248	123.2209	635.9705
61.6974	98.3221	403.2638
32.5867	45.7204	176.9161
112.6322	73.7847	290.5191
112.1346	23.6973	584.3765
99.0531	90.3861	641.8219
85.5126	21.2082	613.9605
17.4490	102.9297	119.7541
19.1307	87.3163	395.9156
116.6912	110.8791	82.5460
10.9684	52.4109	241.4487
39.1421	28.8531	836.5594
121.8147	75.5097	746.9429
70.2165	12.7189	240.3415
103.5937	23.2418	205.8474
89.3386	85.4522	469.7307
16.2917	0.0538	508.8424
78.4877	136.6491	616.1278
54.7707	49.2139	638.9447
42.2367	85.0287	369.2514
92.3467	2.9332	829.1055
93.8493	5.4988	302.1524
14.5933	71.4869	490.5575
18.1457	88.9727	14.2700
34.8729	13.5977	250.9812
52.5141	97.6571	409.7062
46.7113	98.5623	49.8699
75.2123	32.7429	497.7563
65.6743	69.9702	594.7641
34.4925	135.5692	395.7429
129.1524	94.9830	828.5946
61.5783	24.0414	224.2323
104.6362	51.2472	260.1057
126.6320	136.5857	126.0845
15.3060	99.8387	822.5152
4.2205	59.3844	762.3966
15.3922	86.5776	69.4278
63.6368	19.6450	680.3463
30.0793	88.2505	92.7602
4.9473	35.6437	415.2343
54.5600	136.1070	193.2206
31.0867	14.8672	327.6807
49.6226	88.1355	542.1485
109.4783	108.6439	840.5716
26.0920	76.4238	569.2846
84.8036	15.1758	94.5069
107.9134	105.5822	199.4190
11.3515	43.3390	852.2871
40.1478	37.7768	611.1975
39.1421	107.4707	573.0178
123.1696	44.8865	706.5037
79.8613	114.7353	416.6870
54.4550	84.3169	737.5806
41.9560	132.1739	20.3573
112.8210	31.4296	187.7096
8.3392	43.9297	723.0307
87.3841	54.0610	209.6068
41.4059	137.8104	764.6483
132.8961	32.2643	512.0906
32.0019	72.4966	345.1579
26.1169	34.9930	476.7552
39.9648	50.2084	772.1485
49.6680	112.0292	295.2577
90.4695	84.5204	325.7789
139.3552	124.2838	448.1711
107.6720	9.2935	220.7502
91.6137	31.0742	281.4162
41.1176	48.5037	551.3663
77.4808	100.3030	390.4154
131.8542	6.5390	177.4763
34.8668	80.1806	360.0277
66.7326	23.5314	395.4375
90.0300	13.8849	439.6658
41.3256	113.6842	611.7415
109.4452	83.1908	430.4587
137.0729	11.5902	477.0130
66.3697	134.8163	0.3259
123.0013	123.7032	844.8202
46.8706	90.7045	256.0840
57.0694	106.5496	211.9674
1.0130	48.5281	70.1535
117.4411	130.2282	154.3165
74.9604	71.7220	449.1975
51.3181	40.0939	647.7804
30.8537	120.4981	793.0359
112.5170	64.2957	794.1207
92.5994	102.9440	79.9358
10.5102	94.3293	687.9015
87.7595	55.3150	493.6346
44.9869	43.4304	813.0328
100.0703	112.2014	359.8607
66.5429	118.4787	170.3891
130.1333	54.4833	797.4068
60.4977	132.8068	282.2299
108.2332	93.1848	486.0994
5.2811	135.9333	598.7664
72.6306	51.9572	697.4162
122.6453	139.1563	181.1198
135.2855	134.0550	666.8437
90.6290	82.2993	174.9349
83.7743	81.9450	245.9295
76.5319	38.8492	358.1540
124.7314	99.3185	3.2896
68.3974	81.6929	159.6507
16.5068	95.2856	112.2518
22.2302	101.6773	116.6446
99.0557	82.8933	791.8542
117.3067	7.6917	455.9773
15.3217	37.2444	269.2383
40.0753	2.2962	678.1735
133.9610	48.3689	813.2917
8.8893	2.6320	816.0604
22.0106	126.0034	464.2554
18.1000	8.8165	502.8298
116.1516	121.5864	194.1108
123.2311	136.7989	686.2161
65.2882	116.8289	191.0543
104.4624	50.6722	360.5895
136.8676	93.2403	49.4740
137.1690	46.2088	279.4366
76.2427	33.0970	369.6332
138.5219	114.7973	275.3715
13.2166	123.7619	4.9124
0.1930	23.7787	596.0272
18.8287	15.9650	701.8983
98.8033	71.8015	47.5574
76.0668	98.1828	601.3455
60.4262	2.3001	713.6294
2.9252	132.1585	42.7698
114.4372	116.6712	683.9565
137.9978	114.1344	839.8496
130.2012	18.6137	758.4416
119.9934	105.8683	108.1132
7.0201	89.5260	549.1499
108.2957	134.2788	736.3548
62.6319	30.3680	619.0567
9.5528	61.9965	760.6857
128.5545	42.2493	806.4723
109.5337	11.5251	264.5270
52.2554	17.2674	783.0888
92.1163	30.4162	126.1764
12.6048	0.0209	455.9358
41.0452	92.5382	714.4178
5.3679	10.8081	569.4533
110.6722	0.7218	165.4924
130.8218	55.1162	820.9667
86.1529	13.8732	572.4931
3.1165	82.6865	276.0041
53.5003	90.0215	408.3446
46.4411	114.1270	621.9334
134.3134	101.7857	138.0184
97.5071	57.8752	130.5945
42.2976	85.4181	339.6563
122.5212	52.9946	179.2204
76.2452	15.5827	544.5800
111.3550	138.8313	656.7595
30.7809	18.7951	718.4226
16.7972	107.0073	388.1429
41.5513	53.0296	404.8415
105.0319	100.2937	543.1282
84.9484	136.9450	336.3105
12.7837	95.2343	139.4975
73.1322	57.8184	601.8048
3.2414	28.0061	631.3986
39.4634	38.1651	488.0221
88.7726	88.1015	472.9344
62.3807	127.7825	423.8113
47.2275	126.8021	678.6200
95.3112	86.7230	622.8658
128.9294	7.8438	258.4767
121.5553	117.0017	853.8584
15.0313	32.6648	845.8147
51.0540	20.0482	267.1448
110.1625	113.7443	411.5294
17.0706	33.3839	113.2930
69.2752	103.1252	862.4384
34.9409	124.8440	412.1684
46.9107	9.8093	285.9483
60.7610	8.8965	751.4553
15.6673	64.4438	573.6223
28.1487	91.1604	362.6612
91.6221	62.8633	117.0500
39.6755	108.4220	289.3943
84.1899	11.8028	589.1969
20.0873	115.1892	13.0376
55.1155	130.7994	359.3660
3.9050	22.9444	444.7428
18.0457	81.6209	703.5429
6.4083	112.8433	138.7295
132.5526	63.5267	351.4546
138.6942	121.9677	704.4554
10.5486	18.2674	272.7938
63.2632	118.9832	259.0538
8.4927	56.7337	565.7165
106.4727	32.7021	824.2456
77.3178	34.0289	659.9198
0.9264	34.5877	676.3029
103.9059	0.8395	224.2544
55.6003	27.0046	652.8957
14.6455	33.0740	173.2764
62.6248	132.7678	818.5017
75.3078	76.9877	12.9105
125.4862	131.4895	771.9011
17.3472	40.5758	808.4205
82.8140	106.9301	512.1310
26.1089	61.2077	329.2345
72.7810	88.4082	742.4593
63.7176	135.8905	65.3029
88.2933	34.5475	596.5881
4.1672	34.0601	211.0231
132.3820	77.7838	409.3295
27.6146	55.0448	158.4406
7.2290	7.5058	6.9557
61.8707	6.6377	30.4599
113.9944	134.8166	708.8351
5.3246	45.8216	766.2605
10.9105	17.3503	158.1259
50.7748	31.8390	340.3580
112.4130	135.6772	839.2834
117.5077	44.8304	215.5098
113.9472	98.5288	541.1472
76.8971	27.0536	795.8518
97.4385	55.8995	713.1370
100.0482	119.9269	139.2378
124.4044	120.2652	298.7683
56.6701	76.9220	500.2964
80.4764	53.0547	548.5325
70.3413	84.7245	463.3968
9.7086	67.0043	0.2411
66.8376	62.9205	851.1847
5.3886	33.3694	568.4188
81.5012	72.5313	600.5044
25.0611	101.4629	85.3569
65.9655	97.8608	451.9560
113.0624	65.3762	779.9005
71.7676	19.9058	376.8030
16.9560	91.9349	130.6926
85.9468	113.7404	534.8459
71.2324	128.1150	678.1699
97.4404	25.4163	630.4336
92.6886	104.1815	646.0751
84.0218	80.2679	688.7009
98.8941	80.9963	386.2307
127.2084	95.1033	1.5590
138.0975	130.9299	620.3372
131.9895	3.9304	142.1458
114.8544	58.0949	187.6673
103.8413	73.2952	556.3731
136.7449	58.3798	495.1250
59.1175	128.6995	545.6277
85.5549	63.7289	397.8622
25.2556	51.7917	717.5907
60.5418	70.4936	466.5465
33.1644	126.6811	546.9086
107.5636	88.4028	28.6883
82.0145	44.7034	509.1755
127.9688	44.4281	761.4372
43.7456	101.1738	194.0227
13.6835	126.2398	490.3712
130.3563	82.0709	504.0386
117.7628	2.0028	608.8746
50.0700	58.7834	263.5627
37.6697	79.2622	554.6638
129.1302	128.7799	721.9345
137.8571	138.7193	276.1658
137.2379	120.6194	707.1373
139.3667	86.7884	791.4861
11.5004	28.2300	337.3162
97.1653	48.2023	115.7469
123.9045	84.5697	814.3406
9.6704	83.7030	698.4720
114.2012	130.4788	125.9354
10.2159	11.0127	552.1729
125.5592	131.8867	111.3723
9.2504	137.4528	125.4913
60.2477	50.3254	507.2622
91.8307	5.2869	144.2618
90.3782	114.3320	717.6047
68.3813	115.1141	130.0909
3.1846	102.6969	750.2749
43.0424	78.2043	84.1983
80.2095	70.7449	733.2280
61.8051	92.3411	94.3794
57.2564	87.7035	694.0616
53.4418	70.0596	168.3314
136.7873	91.6802	620.7784
16.0296	77.7555	535.8132
94.9379	114.4489	334.9888
65.8752	45.1346	382.8363
46.4437	44.2558	342.1756
59.3338	58.9941	331.3432
2.4212	56.9217	526.1739
46.5297	124.7599	117.6737
54.9530	47.3949	440.5685
134.9285	56.7590	728.4435
94.8012	23.6031	288.9722
48.3400	88.7045	563.8771
26.2435	63.6382	28.4869
63.3887	81.3709	187.2353
25.8595	47.5109	859.2401
28.9392	138.3598	233.7095
64.9808	97.2290	8.0319
3.4948	89.2534	605.4158
57.2854	24.4174	495.9474
22.4647	17.6803	374.1971
3.3526	117.8002	390.0474
130.3818	42.2185	578.9543
4.9246	130.1751	462.0582
8.9934	108.1907	441.2708
115.1646	57.8094	318.6321
135.4954	74.2012	293.7630
26.3412	63.4242	749.1948
17.9553	114.6914	733.9808
127.7851	38.3587	579.4486
16.6828	88.3550	470.6906
49.1845	100.2196	535.7443
21.0819	89.1117	749.0982
127.7055	68.8933	640.5588
43.6719	134.5518	453.6481
75.8233	81.9451	460.5567
134.6008	52.0583	598.2631
91.4521	40.9615	857.6961
101.1132	116.6832	134.2233
41.2663	19.6168	65.4492
52.1114	54.6896	106.9513
119.9125	74.4222	70.9790
31.5149	50.7053	344.0162
79.7837	3.8543	573.9881
19.3249	15.2982	405.1121
6.7565	28.1028	488.2275
108.7392	130.5789	762.4784
24.7421	73.6764	794.8799
67.4753	138.2214	699.0267
107.2866	75.0626	364.2851
108.8149	71.4086	283.5986
96.8152	6.5828	330.7484
133.2510	133.3109	29.2604
82.9178	132.9156	368.0802
8.1790	102.9252	590.1384
70.8771	97.1678	381.5536
82.9334	103.9781	751.6520
137.6033	65.2490	158.7994
40.7221	51.9752	44.7737
44.4012	74.8442	493.2306
52.6361	93.5765	23.1803
34.2415	113.5978	740.6885
70.7761	12.3677	236.7015
51.9403	34.4630	844.0069
110.4806	19.5193	401.9536
72.8852	122.6442	290.9652
36.0220	51.9720	80.6258
36.8207	109.5706	500.6187
23.8924	52.6968	157.3927
56.0572	123.4017	852.3607
133.3053	55.6061	840.6756
48.0837	67.2108	2.3513
118.7969	100.0719	43.6686
49.1099	47.8763	431.9072
108.7495	77.0853	857.0992
18.2264	6.7226	760.1233
102.5593	6.3128	459.5467
46.9468	104.8559	248.6459
33.6130	113.9802	335.3867
59.3813	76.9866	348.5564
93.3575	79.0633	123.9728
40.2645	139.7149	741.4352
91.3491	66.2230	592.6881
45.9753	77.0333	396.1980
71.0444	24.5020	233.5557
6.2561	26.3557	448.9779
131.7844	4.1129	701.6663
58.7935	79.1933	294.7203
52.3319	30.2864	610.7640
76.0980	106.4623	698.4584
15.7563	58.5817	368.8019
30.9883	22.3115	665.3462
21.6481	134.3675	715.5003
128.7355	77.4618	316.6278
54.7029	94.6499	74.6977
46.5547	23.3636	619.2880
118.1271	68.3544	246.9917
77.8231	70.9987	401.3255
16.4012	19.4334	139.9670
29.4321	52.5750	12.1944
101.3870	74.8300	11.2348
3.6140	37.9536	784.9192
72.5121	102.3435	347.9336
5.1828	122.5773	780.6071
100.6236	93.4058	127.8186
139.3691	43.6699	83.5769
65.2896	42.3837	613.0574
69.9156	63.0113	557.4515
112.6491	66.7163	795.3950
49.4828	89.6980	628.4712
119.2715	82.4735	817.4992
108.1282	62.3305	691.6967
105.9367	79.9687	700.4402
113.2360	120.7650	68.7651
136.5154	121.4418	12.8771
49.2940	68.7650	567.9081
64.7118	78.0268	535.6336
52.0288	64.9329	635.1515
114.4123	57.8126	90.3289
120.0354	36.7100	578.7928
37.6831	2.4905	710.5692
10.1198	18.5638	349.4129
129.1258	78.4791	269.9959
64.7914	89.9845	229.5931
69.2297	110.5773	196.2720
100.4499	2.7886	27.5548
38.4024	94.0520	434.2997
104.5182	66.9052	26.3005
57.8793	8.3812	763.0107
68.9356	9.6685	320.6686
116.9632	33.2877	79.1645
73.1805	113.9420	828.5065
31.8340	39.4717	140.0897
85.8765	102.5635	94.5269
91.9498	56.8818	729.6368
97.8472	9.3533	804.4864
66.1864	81.8885	334.5202
14.5931	52.8437	803.3405
15.4723	18.9887	175.3372
133.4061	129.9706	332.6300
97.7218	23.2385	500.5609
12.1322	120.6047	350.8053
34.1150	132.2088	685.1994
1.0818	98.1254	351.7308
5.7573	130.7789	332.6521
35.0489	76.9998	207.4126
94.2359	87.1854	628.6548
90.2595	134.2235	214.0716
42.6982	127.7136	789.2177
39.2369	39.0400	248.4079
10.7709	66.4527	254.8011
80.1803	116.7917	32.0414
19.3298	54.3681	711.7797
24.4670	136.3471	410.4580
125.3273	103.2100	602.8718
41.7640	44.4755	482.6339
77.0006	118.8596	389.9207
26.1713	21.2340	436.8515
33.4229	85.9151	762.4864
92.0193	21.2832	355.4234
125.5755	31.7547	127.6132
23.2430	46.4155	138.6078
100.2323	66.0480	322.2363
123.1023	117.1442	520.6835
99.6383	136.7009	282.5764
89.6025	108.0015	251.4001
74.8777	125.3599	744.5556
137.2495	105.5788	441.6761
133.1609	81.9181	313.3385
22.1489	134.2916	677.2105
46.0125	7.3061	365.1846
70.6787	46.0306	635.3533
74.8777	51.6379	658.2346
70.9463	3.3806	441.4642
32.2866	126.5747	701.6056
14.8988	66.4373	34.1543
29.1248	122.0794	459.1871
5.8182	8.5289	501.3273
74.0103	5.1503	456.3381
5.7852	138.4530	9.8450
23.4067	46.3450	527.6433
22.3447	24.1258	623.1842
138.3929	5.9213	34.7651
40.4290	128.7592	567.4011
15.9202	27.9649	555.2733
107.7600	2.6334	699.3767
2.2276	75.0072	33.1918
26.1610	84.2669	453.9340
130.7156	72.8798	470.1952
60.0460	36.0091	524.1585
9.3591	29.8069	421.7250
98.4381	77.2540	796.5243
99.1552	96.4449	492.3451
120.8367	120.1311	217.0893
75.7539	38.2795	347.8287
44.5169	70.4085	70.7904
30.6493	80.0663	450.3431
25.7825	31.9197	63.6766
93.4408	3.3186	143.1365
37.0016	83.3337	223.0244
18.9885	71.3304	26.4298
121.4423	81.2260	774.1996
13.2851	54.2871	859.4917
113.9833	110.1975	15.5382
28.0736	102.2531	37.4767
56.2105	79.2355	214.6931
135.9033	104.9744	447.4315
70.2631	121.7361	232.9933
85.5759	20.5122	499.1776
88.2838	105.8283	84.5814
94.5811	138.3214	604.9538
30.5404	117.5731	771.7729
25.0756	62.1929	336.8343
79.8602	126.8149	29.5734
88.7885	10.2175	652.1547
48.5439	44.0330	555.4607
17.2091	109.6961	115.4256
76.8291	82.5128	765.6782
83.5658	89.4037	230.6484
121.4423	86.8959	660.3767
1.3038	93.9970	584.2322
137.9034	130.9662	67.4372
125.0646	107.3673	861.4365
82.5121	37.3702	618.9409
131.0402	100.9451	535.3247
42.6170	87.8048	323.1425
106.0468	7.7402	163.1882
90.3534	46.9535	448.7916
41.9154	100.8269	181.1869
96.2179	75.0675	198.6609
8.0119	75.3650	856.2824
96.0051	95.5710	354.6207
55.8503	85.7765	731.1105
83.5519	57.5742	283.0274
97.8969	98.2188	134.6751
9.8881	109.8117	411.9152
48.3449	40.6080	538.3468
31.7445	62.1373	224.0591
104.4658	55.8162	458.5757
58.2389	86.0444	169.8878
27.6410	43.4408	528.9892
11.6308	98.4272	604.8064
97.7757	28.6151	489.6126
117.3373	113.8274	840.6934
4.3538	28.6598	94.2938
96.8482	95.8438	614.6070
123.3504	4.8552	616.6430
6.1273	123.9989	328.3749
58.2161	139.1252	363.0646
99.0620	97.1819	58.0689
7.5191	27.8976	738.5206
30.2922	11.3256	573.4989
139.0205	90.7344	102.8301
79.5808	86.8621	489.4399
79.3366	133.8350	727.9827
130.9912	26.7890	268.1054
29.6957	52.0143	227.1521
86.9574	121.7123	803.3070
67.8565	39.2993	535.1779
103.2446	86.5661	556.2955
61.7374	107.6205	202.7018
132.0902	134.4503	165.1431
11.2215	34.9407	710.7012
108.2556	16.2146	460.8033
68.7778	61.3412	820.6878
48.1270	105.4434	835.8997
36.8392	23.1613	506.6705
135.3200	16.6549	15.3581
44.6022	14.6925	687.6298
80.1777	99.3518	51.7483
73.3292	126.6679	111.0669
12.8420	51.1333	579.1014
67.6619	11.3425	482.8666
138.0095	111.7793	855.1789
16.5726	4.7453	685.7764
122.7374	23.8124	219.9994
37.3699	22.1878	243.1720
24.6656	84.4410	261.8656
78.9110	107.2761	284.7096
10.1517	57.0073	339.8481
81.5405	86.7165	208.5655
10.6187	122.6040	645.0571
87.0812	130.5858	554.4273
76.0582	31.0493	142.9044
63.2447	6.5532	134.6948
110.9920	2.3566	275.3487
117.9347	111.2212	33.0749
94.9351	119.7684	708.7629
88.1845	51.7064	456.7922
1.5811	138.3266	101.9674
123.6069	103.7619	129.0861
25.3874	67.9085	657.8131
87.3479	84.1540	469.6254
93.4701	76.6843	789.6823
67.8374	114.7867	828.9267
106.1730	100.0076	750.6410
32.9424	60.6692	63.0135
10.2780	50.1522	852.3128
25.7647	123.9723	703.0460
110.9687	131.2266	665.8621
51.5571	2.7493	843.9937
14.4493	64.9013	740.3615
37.2455	135.9297	585.7932
23.7802	112.4581	378.1784
98.7924	117.7140	106.1888
99.6187	73.4096	238.5494
136.2807	119.4649	692.0853
39.5419	14.1749	487.9532
75.0034	32.1360	426.6826
72.7225	132.0690	268.7806
4.8323	1.1544	571.3773
88.8794	23.4059	223.8609
24.3207	94.1382	363.0971
43.3329	69.9618	438.6943
39.7127	127.5576	504.8545
103.5920	122.6740	732.1664
71.2025	125.9021	97.6003
69.2706	79.5743	762.7318
115.8202	136.4713	764.0208
76.3348	51.3725	428.0896
120.0841	129.5836	333.8961
136.1343	9.5942	160.3556
92.8708	125.1197	614.8640
107.8446	60.7469	520.1136
18.8070	52.9338	276.4166
29.6042	39.3460	130.7206
49.8277	84.3318	732.4186
39.4178	134.1375	654.5313
80.0276	120.8029	161.8813
124.5394	127.0506	234.6058
25.7949	76.2490	573.5720
56.0165	26.8795	788.4669
69.7560	44.4243	274.5158
122.2422	47.3110	462.1366
85.7014	37.2873	652.8189
123.2507	59.0668	213.4903
75.9089	76.0146	784.2254
20.6941	107.9806	614.4813
9.1643	111.3214	106.4645
75.0593	2.5822	800.6836
60.3883	101.6294	803.6270
86.4181	116.2790	526.7251
3.3550	120.4482	31.7854
88.4715	102.7502	706.6458
83.9820	26.2470	522.3962
113.5596	88.2573	814.7366
80.8268	116.4756	834.8054
62.7432	34.9469	27.4243
35.0749	69.4661	292.7905
95.9663	31.3260	166.1269
71.6209	93.3086	690.0261
138.3759	24.9281	229.4863
14.8872	59.4313	629.8217
121.6755	35.7304	722.9364
64.0773	54.4547	148.0565
139.6752	113.1979	564.0536
97.2073	31.1873	157.2391
59.1773	5.3179	144.8689
52.7660	51.8437	556.2245
83.5506	29.3555	509.9046
131.6328	6.9602	305.0261
127.6969	10.0451	444.0489
135.5098	12.8568	284.8475
111.4898	33.3103	677.3413
82.4497	118.5841	67.3468
91.3896	9.5938	111.6551
65.7270	119.8404	273.5590
48.8956	126.8928	782.2960
126.5966	58.6306	782.4312
3.6420	74.7273	580.5062
108.7054	72.1836	64.8979
27.6664	49.2789	685.5698
49.9960	128.5501	756.3645
119.7468	106.6971	30.9172
37.1663	106.4326	171.9948
17.8363	22.4767	80.5085
23.9764	53.7204	454.4845
40.2421	74.9265	578.6225
87.4001	61.1235	514.8130
97.7967	50.4596	308.2594
131.9788	25.4650	524.4188
20.3718	56.2919	606.4702
38.6847	20.5364	456.7989
33.4045	44.9135	810.8237
69.5394	14.8990	850.1104
35.8400	73.8811	77.0487
21.5735	10.0665	399.7979
82.4766	20.1975	476.7537
130.8142	115.8289	42.2882
29.2966	55.8179	220.1780
40.4486	104.7582	702.9468
3.4117	64.0037	15.0421
124.3520	46.4360	77.6858
39.0578	81.7517	542.1526
74.2356	55.6326	809.9292
17.4603	98.3795	80.7677
96.0890	90.3639	429.3894
123.2662	85.7558	515.1780
131.1145	85.0634	780.2027
84.6753	17.7498	199.2395
20.3193	47.9459	692.3270
114.3809	101.6110	838.7783
132.9379	82.5312	587.7642
117.3806	8.0942	708.3030
21.3727	124.0219	676.1524
129.8350	95.5600	457.7868
101.0764	43.1849	136.9763
13.9301	57.5936	240.5579
78.1058	94.7352	296.8829
48.4695	76.6819	483.0075
21.2769	58.2360	38.4810
62.1780	119.7515	171.2817
74.7879	12.9513	751.1679
61.4484	101.0826	616.4342
130.1957	93.4557	823.2784
122.6290	78.9441	323.0335
95.5644	124.1531	321.6977
74.1324	17.0031	341.9579
20.9881	43.7698	500.5028
116.3148	126.0870	122.0538
67.9416	136.4224	14.3803
94.0083	33.5424	563.4813
36.6657	74.4065	37.1076
0.7727	6.0759	136.0167
98.3801	52.6789	355.1402
33.9029	93.2240	514.5171
66.3464	135.2457	487.6431
30.1362	55.8919	474.2605
58.3081	111.7912	164.6706
48.1128	14.9840	741.2863
61.6481	29.8761	743.8113
91.5930	34.2076	549.0605
104.7424	134.6885	148.9269
14.9264	59.6837	573.6507
46.7071	98.6412	717.7691
57.3753	17.9351	671.5765
84.5279	109.5187	146.8843
104.4797	12.9613	723.8602
111.1250	89.4577	454.9637
3.9882	35.2393	235.3088
38.2621	131.7294	307.6886
84.4285	95.7846	536.8035
1.4156	104.0007	860.4649
18.2694	34.8065	334.6526
110.0842	130.1029	726.0818
130.3311	70.6700	308.8514
52.3516	125.9641	777.2749
53.4873	103.2430	78.6728
115.6656	32.0318	577.4620
126.3732	97.3317	635.9235
25.4296	56.9250	733.6817
71.3700	86.8312	489.8294
122.8907	27.9489	185.2924
89.3280	29.5499	512.3778
49.2749	125.9832	377.1026
119.0051	30.1140	724.1235
2.7183	110.1425	447.3610
56.6891	66.9144	553.1333
134.4455	42.5751	253.8423
29.7602	136.2824	228.1735
64.9092	57.0744	521.3595
64.4221	100.1124	41.9400
43.4747	17.6284	284.3718
135.0565	0.6368	365.7206
97.7907	108.7150	158.3794
56.5524	72.9090	219.5069
66.1246	92.1394	835.7186
47.6033	48.3385	332.4692
121.9534	40.6361	136.0034
21.9108	114.6658	51.6407
8.3283	70.6596	567.7395
95.5968	68.8875	261.4745
52.5294	136.0944	128.7790
68.4401	26.0910	116.9743
4.6155	122.8737	36.0870
133.1805	109.2894	634.6615
119.8674	68.4034	27.8153
135.4121	4.0556	443.2734
132.0489	3.4001	635.7967
81.4039	59.6030	741.5627
32.3415	83.7462	721.8665
124.6966	25.3419	286.1745
26.5155	118.6968	217.3458
87.5377	32.1194	733.9528
136.7647	15.4566	314.2193
33.4448	38.9009	386.1174
11.5970	38.9455	97.0634
97.1838	29.5484	773.9157
54.3476	29.0329	224.3014
68.7152	33.4824	226.5835
20.7238	137.3447	377.1518
113.6583	28.4289	242.0141
110.6440	53.7677	476.1625
3.8493	89.1872	477.5821
59.4826	94.7965	831.4369
24.2321	129.6272	273.6724
89.3220	45.0265	322.6650
39.1315	60.6173	210.7812
44.9668	68.9211	790.8910
98.5699	16.3271	724.3583
84.6083	12.9673	587.6303
81.5724	135.1237	724.2330
2.6827	79.4482	550.7751
65.9066	13.9687	629.5726
107.6109	136.4875	762.3055
46.4737	75.2684	556.2641
56.1566	106.4733	577.3319
112.6066	120.1935	85.7467
72.2132	78.8711	795.0969
89.5240	58.5322	68.6831
68.0839	107.1672	135.7098
48.2231	80.5978	233.6616
6.3364	111.7779	368.1902
97.1031	129.2888	496.8926
111.1062	116.9436	820.7200
114.3006	129.1113	0.3663
109.6105	78.5409	336.9972
54.3941	49.7090	710.1655
41.9154	100.8269	181.1869
51.2870	78.8660	767.2015
74.3656	74.1401	265.9879
42.3461	8.1664	297.5529
30.5670	115.0445	264.1539
105.2208	38.2337	454.3076
92.3819	4.9433	689.4362
97.5720	20.8861	426.3142
55.1936	8.0508	529.4457
110.6383	137.7510	56.1735
93.0660	134.7085	63.2408
19.8919	68.1592	243.2285
37.1858	136.4121	658.8820
38.1064	55.5463	315.5464
133.0021	52.0762	617.8640
34.9213	125.7285	755.2127
38.4439	14.0841	480.5690
19.1928	79.6372	596.4066
104.3221	57.6299	644.8313
83.8803	118.3834	627.1179
47.2086	1.9434	624.0763
73.7520	23.7886	267.4781
5.4738	13.5299	853.9042
10.5830	6.9157	441.4135
80.5641	91.6649	769.0029
100.2160	77.7911	539.8654
16.7859	6.5897	271.8857
124.4701	50.8860	376.4130
128.6029	109.6793	153.6062
26.0388	86.1862	633.9230
119.1404	85.1402	576.5183
114.3279	109.8444	850.5022
9.1684	21.5285	84.2492
55.1615	104.7953	58.0588
134.7810	24.8946	571.1763
75.3947	98.7114	408.5896
102.5144	54.6299	745.4573
127.9736	19.2922	282.0459
95.1636	28.7781	196.0798
71.6932	45.7773	349.5601
24.0622	89.9786	731.8793
130.2810	50.6070	356.2606
130.8918	110.0576	554.1680
90.4007	101.3878	395.2700
42.7552	86.2850	40.9203
16.1005	115.1395	356.1925
74.6177	132.7576	810.1660
26.3027	77.1420	165.1853
8.5294	132.1486	101.9363
102.2872	136.4942	357.9997
111.0992	52.6323	213.4093
31.2061	74.9818	798.2997
103.1438	139.5570	548.0895
73.3962	90.1898	111.9901
98.5968	84.6473	770.8111
127.9515	105.9226	198.5428
135.1721	72.3259	656.5064
113.8810	11.8198	746.0989
13.5674	3.7016	343.2286
92.5788	119.6619	63.4574
67.5201	79.2945	413.6813
8.4005	8.4344	380.8620
3.4134	138.5025	241.8341
88.6509	54.2147	442.9939
103.7372	39.0350	286.3949
133.6745	57.7485	76.1290
50.9899	61.7081	309.2597
117.5162	99.6098	830.3014
139.4637	40.2434	532.8701
102.5854	39.4086	151.7438
110.6361	109.6321	417.5313
98.8091	2.5808	154.0692
22.6825	8.2355	551.4007
1.7023	82.0459	125.5144
62.1848	100.0179	55.7059
102.1170	8.7634	345.7995
77.6164	19.9352	318.0964
102.4056	96.2852	539.4502
67.0067	96.6421	228.2694
53.7517	62.7447	637.7472
35.4476	25.7468	438.7488
127.9548	76.5155	40.3085
76.1829	55.6976	412.2549
114.2720	24.6710	634.2441
57.9442	84.6215	233.5254
116.9709	49.0115	783.8161
38.2795	46.6066	659.0953
100.4508	95.4941	368.9701
71.2899	6.5116	387.8505
14.5236	29.7174	787.8724
5.7605	138.3607	101.7665
109.4161	124.3687	297.7849
114.3440	123.0490	689.7417
112.4667	31.6440	18.5837
126.8932	53.3782	566.0108
31.1843	130.6226	445.0755
115.3151	63.9780	317.3740
84.3947	29.9808	210.7010
76.2587	109.1425	523.1128
131.1589	26.3263	170.1652
123.2231	79.5605	276.9107
14.8650	6.9621	117.7750
124.8613	17.1679	609.2453
119.7158	18.4345	337.8275
6.9561	38.1053	544.7507
48.0134	82.2215	166.2334
32.9816	41.3500	313.1926
58.4379	34.8779	620.1852
45.9375	40.7558	66.3620
48.0261	73.1134	267.0471
26.3108	115.7015	203.5484
15.8645	39.9613	161.1808
109.6813	10.0392	380.1140
95.9542	106.3098	640.0967
84.0748	58.2499	718.0939
99.7061	89.2724	700.5726
57.2291	59.9073	655.6823
95.1443	32.5486	804.4716
35.0447	123.8051	812.9312
48.8901	84.5959	707.9870
116.3810	54.3860	237.3185
58.1530	36.6323	258.2220
74.5016	84.1204	466.0563
17.3441	60.1522	343.4447
52.3530	86.8038	409.1367
106.9059	76.1838	361.8837
70.5793	137.1360	834.9505
90.2381	17.1795	569.0671
3.6664	47.3597	59.7080
61.3629	134.2952	727.6677
62.0748	48.0428	500.8692
70.3954	137.5454	45.8998
12.0759	104.4288	439.7391
2.3648	8.0419	529.8285
96.8135	90.0130	244.5133
76.1647	92.5434	442.5848
74.3629	77.3577	274.6908
22.6374	36.7908	87.0034
49.8211	128.9521	834.1467
92.2045	117.8348	706.5816
3.1329	21.1944	93.9732
72.9947	121.1629	220.0794
42.7780	26.5190	262.6133
91.6813	30.7392	331.6308
43.5406	125.4626	19.4683
46.5734	17.0319	548.4314
89.0548	113.2953	739.2468
24.9555	20.2134	89.5488
117.1550	55.0092	290.6347
134.0659	126.8584	251.6835
5.3125	72.7771	340.7817
36.5053	111.3440	173.9545
9.3334	28.7041	403.2844
114.1792	20.9280	159.0934
19.5111	133.0502	58.6350
13.4863	96.0572	601.0295
52.8225	78.7822	364.9270
68.8145	91.3639	266.7010
74.5732	27.0742	95.9926
78.6588	29.5921	425.9981
37.7089	72.8533	631.5309
1.6140	34.8384	503.2633
121.7486	138.1050	429.5369
130.8455	36.5564	37.6958
36.0557	133.2864	342.1115
36.7635	67.9723	416.7300
71.3382	80.3547	536.4826
60.3713	106.3994	143.3253
3.8862	99.0107	775.3058
97.2877	124.9985	334.1028
2.7523	24.7372	663.6093
12.8723	18.1684	86.7682
35.5101	115.9332	498.0579
53.7207	4.0178	552.1839
22.8724	69.2229	243.9971
69.8634	40.6366	427.0167
86.0178	124.3373	182.8207
83.3755	118.4321	342.5545
2.6689	29.8273	857.4178
54.9528	81.1537	352.5789
101.9720	6.9489	722.3717
51.6405	84.5455	527.0979
30.0622	13.0733	201.8050
78.9450	66.7734	815.9155
50.1075	128.8427	198.9833
128.7010	121.7144	426.2412
106.0074	108.3991	236.6388
116.1862	50.2338	411.8097
112.1385	51.5308	283.0027
14.1595	119.4401	148.9679
36.5424	108.5775	411.2233
104.0039	127.0889	700.0556
47.3188	10.8597	354.7699
8.2253	125.0114	282.3048
56.8167	63.9543	130.7155
134.2390	96.1671	201.8340
9.9482	95.8379	801.5809
124.9946	32.1328	792.9809
114.3749	119.7422	782.5958
125.5552	2.4655	403.9905
113.4746	49.1478	334.5079
91.9340	113.1334	829.3926
110.7374	78.9088	578.7959
25.5549	57.7655	471.4726
124.8058	64.6198	38.0732
28.3540	86.9080	241.4782
32.4819	88.4648	787.9514
127.3336	85.2179	555.6797
4.8196	40.7283	377.5419
92.7918	50.1866	127.6096
92.9520	119.3736	105.0164
134.9754	123.4969	311.1602
132.1050	109.8025	834.6149
134.2039	76.9485	566.3638
90.0048	13.5442	461.6610
16.2686	96.2992	107.9842
7.4645	87.1009	750.6945
52.8205	117.0184	375.3188
86.3093	65.4512	822.9204
38.1156	21.5426	672.1126
61.1546	67.9335	535.7700
88.7731	94.0701	99.8199
125.6927	19.5468	184.7778
106.2230	79.5764	114.7796
15.6831	94.1541	251.5157
109.5179	99.6732	547.1839
83.6466	97.6593	719.5759
2.5641	41.4330	756.4887
18.0619	135.1215	451.6476
83.7001	92.0661	439.1951
104.6378	127.8658	760.5616
7.4392	67.8977	311.4218
47.0564	32.6747	287.5980
118.6363	117.0890	830.8321
121.3164	2.8950	462.7040
108.3369	48.7328	727.3214
116.2467	38.7054	312.2333
40.5868	138.9952	256.2407
109.4707	92.3165	330.3477
134.5395	77.8112	466.1811
74.2278	50.2381	525.3391
42.5840	112.4455	461.8524
1.2381	131.4215	212.1935
65.5106	28.0541	793.6568
43.9276	8.0097	224.9501
61.5620	27.6135	94.0156
117.9648	77.1318	100.4384
89.4804	48.4645	150.2095
128.3688	46.6169	687.2973
68.5771	112.7923	223.6615
4.8910	31.5431	333.2971
1.9016	25.9346	784.0515
70.7967	85.9395	462.6633
119.3257	50.5087	154.3351
101.4961	25.7034	667.9807
128.4138	61.4402	777.6692
93.0133	108.4959	139.6504
12.9599	24.6831	587.7119
52.6005	41.9176	196.4532
112.1233	47.3955	704.0130
131.7727	112.5718	691.4815
95.5625	124.7205	172.7197
248.8691	149.5398	1482.8000
130.7110	12.3329	257.8598
21.7646	42.1599	812.6085
25.9788	40.8801	268.0790
87.2372	40.8997	324.3357
108.7423	121.0118	323.7736
130.3251	88.3887	535.4321
10.8386	99.8550	39.3857
83.6136	91.1831	635.8907
129.9700	44.2097	815.4014
19.9211	121.1607	306.6258
36.9367	97.6250	203.9383
19.1928	25.1779	540.9022
7.1460	111.1047	390.6847
31.4031	7.6617	228.8900
70.9283	54.5690	812.9087
119.1287	6.3680	811.2209
70.0340	65.3207	442.0947
23.4185	124.0553	224.3979
54.2174	63.1797	12.2770
71.4609	128.6412	175.3214
79.5429	99.5726	362.7915
41.9154	100.8269	181.1869
90.6821	139.1389	850.0803
40.1651	55.8239	610.6807
131.3574	73.4209	350.6995
38.0778	14.8943	395.7598
103.1580	49.8156	306.5736
4.2845	87.1811	32.3523
79.9944	110.8575	57.0248
88.3853	27.3422	362.8289
95.1471	21.6204	231.0192
95.4904	51.8076	147.9389
85.9360	19.5642	851.9554
67.7950	8.9335	503.9581
13.0226	11.8521	378.1313
37.1092	82.4345	373.1332
126.0194	69.5045	816.3780
18.1511	77.6394	150.7663
9.2078	99.1707	612.3441
104.5238	51.4623	188.2700
1.8192	125.4810	636.1228
56.4069	43.2147	737.6439
109.7256	69.2212	820.6894
19.8861	20.0131	187.8681
16.9558	88.2717	688.4544
69.4733	58.9252	419.9407
22.3165	16.1405	820.3550
85.3085	5.9167	46.5507
92.1512	40.1909	812.1197
13.7979	80.5474	78.4456
112.3517	87.7683	548.8548
45.8296	106.2234	393.9502
57.1919	40.4453	622.6150
61.5738	57.7121	343.3286
136.4255	76.9473	594.5814
88.3568	77.4349	508.5686
13.0646	83.2781	45.3176
117.4777	128.1188	777.2376
65.7201	96.3664	18.3054
100.0131	44.5610	643.1764
75.3052	135.9872	408.3133
127.7227	14.6987	151.9891
132.0783	135.7896	646.5760
25.3946	25.0801	43.8675
71.5080	14.4554	522.1709
76.7415	30.4239	334.2288
76.3858	5.4361	461.7114
91.4233	50.7951	806.6951
20.1568	94.9920	515.6647
11.4392	57.8445	348.6859
72.6418	90.1497	184.3724
29.5722	38.3312	808.2175
119.8408	85.1353	597.2725
10.3936	105.9056	737.4637
100.1229	16.9867	45.7930
3.2947	128.6115	505.2452
136.6853	2.1000	319.0143
2.8131	62.4357	150.9339
30.1652	40.0075	196.2518
23.1019	66.2379	595.1426
13.2012	101.9821	325.9026
51.8661	131.7167	812.4356
40.6958	39.9522	236.8718
48.4523	34.9861	162.1713
3.1886	8.4409	207.9971
28.9341	97.7106	448.1192
42.8922	19.7953	88.9553
107.8626	70.4555	264.8094
49.3647	7.4950	508.8797
99.0791	13.5624	20.6479
35.4454	75.3702	743.5326
57.2120	18.5854	742.4176
104.7199	102.5557	491.8363
96.4839	43.9102	638.8323
136.3398	0.6849	809.7970
75.7421	35.9108	554.2293
96.8051	64.8420	217.4996
97.6412	111.1972	125.1476
132.4245	92.5246	398.8307
15.8857	80.3442	645.0496
11.5377	2.1568	177.7780
39.5415	65.9387	119.1226
28.8827	27.1095	203.8666
22.5978	18.8935	231.1685
17.3635	17.6915	681.1490
121.0859	42.7828	241.9489
85.3854	14.4014	404.1337
13.2443	16.1916	221.6055
68.2988	81.5787	404.5244
60.8534	46.9165	318.6709
33.1011	45.8934	495.3276
133.3780	51.3277	418.2616
107.0834	89.2529	191.0148
14.7317	62.7760	159.1485
40.4720	20.8013	807.3238
53.2446	137.7940	610.7485
19.3131	55.1726	182.9598
23.5310	1.4676	39.1455
100.3594	51.2886	579.2431
93.5500	89.4962	80.6033
3.0797	25.7205	859.9978
23.5616	113.6518	442.7656
120.1696	127.4492	534.2229
37.5403	93.3534	130.1989
112.8703	3.3533	732.0628
78.2547	55.9350	257.3579
7.1926	130.9377	384.3054
119.9166	126.9439	815.9577
121.7667	108.9194	405.6329
59.6161	115.0526	88.1601
69.2299	55.4576	226.9257
37.1608	72.7143	692.2113
37.5793	50.0097	124.8962
31.4918	4.5974	727.1144
54.8558	33.5494	796.0864
126.2522	116.0724	343.1672
100.5147	109.6927	67.1388
127.4360	61.6369	188.8402
126.0952	47.2406	444.0158
12.4048	42.5622	264.1039
48.2013	60.7566	803.3582
40.3133	16.6947	185.8728
20.2544	35.3284	727.1197
128.1203	88.0962	90.2994
39.0881	68.1246	38.7463
117.5577	64.9046	268.4620
81.9014	12.4922	425.6698
68.4261	37.9464	101.1461
28.5928	136.1773	344.3561
54.8317	54.6151	501.3710
33.6552	61.9594	266.5346
56.2278	73.2883	273.5288
105.7031	84.9609	477.2062
21.8074	71.2273	646.8320
74.6102	22.2331	609.2155
37.3794	53.6047	343.4273
81.1252	112.1727	133.4199
76.7970	21.1708	784.6481
113.0036	47.9361	501.9909
95.4969	4.9908	431.1436
58.7796	132.5141	461.7604
47.6098	85.2531	499.3861
125.0191	7.9215	544.0103
5.9013	21.4502	16.8838
34.0511	71.1867	225.4923
82.1653	9.2315	9.6933
15.5347	14.4903	425.3058
89.5914	9.2279	775.3723
17.2299	13.2117	565.4938
89.9043	22.9992	598.8402
72.7972	131.4512	141.1644
121.6433	10.8532	180.4053
79.1651	29.7018	63.9086
109.6638	30.4203	680.0163
32.8040	22.6995	93.7394
133.6328	79.6452	326.2517
47.2492	108.9596	371.4114
11.1317	42.0119	410.4359
21.8193	101.5997	383.8431
88.8473	81.4464	489.1465
7.3315	104.9100	627.0307
38.9413	13.4930	96.9040
134.8036	136.5054	572.2792
110.8060	84.4959	187.0762
48.1634	55.0524	750.0013
15.6761	29.4167	359.8750
56.3338	104.7930	531.4408
122.4889	98.0865	782.9370
46.4973	76.4423	606.6685
8.7186	32.3602	846.0151
4.3283	69.3433	590.7396
23.0218	77.5778	852.9754
62.9936	132.2895	510.9486
44.2461	82.7583	425.0712
76.3095	113.1951	301.6265
68.1890	98.8547	619.3062
38.4914	131.3110	108.0187
3.4000	108.5304	763.6403
46.6817	94.1367	856.8897
117.6547	66.6815	308.1252
68.5796	4.1490	68.2503
15.1256	5.3618	588.9458
34.2569	25.2292	575.3244
90.5494	24.8914	576.6366
61.3286	108.2158	602.7097
53.0609	89.1098	80.4450
24.0018	111.7072	609.6719
44.6470	36.8378	205.8270
19.2933	82.1003	719.8687
97.3895	105.2065	302.5505
34.3701	61.6902	68.6022
104.1428	47.0982	649.6830
51.5364	36.5799	164.5580
132.3236	57.0193	167.9675
14.5790	88.2401	5.8520
110.5888	106.6381	513.9843
75.5263	108.8820	54.8915
41.1353	74.7977	367.8141
113.0921	78.9951	162.8001
86.3841	90.6375	649.7631
59.8662	139.6947	386.3299
37.0238	132.0740	51.9743
73.7439	17.5137	248.6714
72.2947	106.4041	4.6388
1.6127	9.2010	625.1214
100.2353	78.5402	222.4734
91.0843	49.0871	674.5450
46.7664	112.3465	403.9172
44.4858	16.9727	276.9742
35.3128	53.9318	305.4095
40.6158	24.1717	802.3431
132.9170	96.4988	364.0819
99.1979	36.4215	638.1643
10.5658	94.1318	52.0321
119.6287	67.4299	318.3559
118.7823	77.8941	60.9180
9.6785	82.7997	656.6069
75.6900	78.5642	738.0275
12.4959	128.1421	718.4446
59.1205	63.8750	562.2016
57.3106	35.5314	662.5071
118.0608	13.1397	193.5749
72.3562	41.5386	635.8777
17.9418	108.2114	737.9303
30.4732	43.9722	231.7529
37.3482	8.9559	418.0624
13.4145	22.2763	849.4424
51.4219	76.1805	336.5776
21.3565	0.7823	451.9298
43.7548	101.3762	624.4301
71.1202	17.6285	517.6707
103.6375	123.2539	674.3953
70.5307	4.9361	794.9658
85.1230	136.3526	495.9454
116.4736	107.4732	281.4666
120.4499	70.5714	531.0535
30.3957	129.8804	325.0068
7.6282	107.7302	798.6999
122.6132	44.1716	560.9275
107.1043	65.5508	77.9809
90.2203	60.5094	778.5283
130.8168	137.6360	315.3090
114.9603	87.8869	247.0372
83.9366	10.8449	379.4109
115.4556	122.2162	437.9456
45.6031	138.5492	63.0789
21.5367	66.4925	221.2014
126.6026	40.9055	297.1550
85.1384	94.7717	473.7138
80.8604	69.6664	644.3672
33.0466	106.2258	251.0536
49.9106	101.9343	739.7059
117.8051	115.5661	851.9793
61.6439	100.9760	392.0812
120.6173	136.1657	222.9794
41.6421	27.1093	408.7553
82.7798	25.8290	635.7215
107.2634	2.2622	184.3538
0.3820	39.9445	778.8468
7.3689	58.6116	753.6178
122.5256	85.3073	490.6571
109.0981	64.7636	29.8004
22.4463	75.0593	821.7949
139.0686	10.3214	758.1899
95.1622	44.6779	584.4016
1.9951	105.8474	852.0507
107.3101	45.5657	226.5324
132.0715	21.7125	700.0521
104.4128	111.4689	102.7080
133.2271	111.2205	795.7113
71.1640	43.4050	115.0965
65.3759	53.0286	182.7565
46.0082	18.4941	271.8357
93.6289	121.4265	116.9371
55.7634	51.4884	714.5848
51.2990	3.2783	266.1054
100.8886	76.0629	485.4379
38.2207	124.2886	529.5793
4.7813	16.6090	625.9089
75.7675	31.0625	109.6684
36.6360	115.2898	440.8263
107.4103	117.5186	285.8510
98.4588	78.0652	846.8977
135.8498	66.1056	265.9664
74.7462	18.5821	177.6765
63.9131	39.8078	702.4303
10.5212	35.7889	411.7644
36.4039	133.7763	369.3734
125.7305	23.3947	724.6113
61.4388	38.0631	678.8372
99.4381	64.0809	318.2471
40.9956	127.8821	831.2044
133.2475	72.4082	112.9876
30.0682	134.2255	331.3994
76.7398	57.1823	293.6297
130.3617	51.3910	563.9839
72.9042	17.7480	835.2328
95.6543	115.4965	722.2982
59.2275	32.5024	193.1418
88.0925	21.2108	8.3142
77.7817	114.3296	60.3225
26.3903	82.4257	728.3365
3.0803	11.4612	238.4839
101.4279	82.3679	618.1970
110.3119	122.9956	646.5946
9.0375	14.4844	556.7815
68.7248	103.2803	340.9600
2.2798	40.8158	375.9509
11.1728	122.6448	716.4677
58.9877	135.4551	166.6172
133.5538	70.5671	253.2529
79.2606	127.2367	732.7900
58.7845	135.6703	84.3674
27.6138	40.1516	271.9242
136.7988	24.9217	186.9749
117.0232	70.7391	212.7023
4.2332	63.8675	616.1572
8.1219	19.7191	510.3022
36.5604	6.3317	120.8250
67.4072	5.7132	194.9674
23.7627	13.3965	96.5916
62.9440	104.6217	102.6681
15.2284	84.8795	742.2873
20.2512	21.2845	192.5345
25.8607	47.4550	713.9726
63.9666	70.6195	797.7862
86.8378	57.3911	672.8026
87.6030	70.5007	534.4788
76.2330	25.3076	316.6048
131.7286	101.5684	330.8029
132.3220	122.2101	49.3454
104.3036	0.5545	554.6940
37.8576	135.1359	114.9546
32.4202	73.3724	563.8994
72.2901	108.4193	733.6401
110.0181	54.2109	695.0838
91.1184	74.8767	412.8302
65.3438	138.9450	637.4107
122.9603	9.4342	625.8220
96.1210	31.1205	586.8831
48.1338	75.4647	606.4910
130.6459	20.6972	250.3801
69.9580	62.7707	764.0518
127.4474	39.7784	95.4574
84.1139	6.2990	418.9655
124.8172	134.7660	848.0799
41.0241	66.2074	533.0115
29.7782	80.7644	751.4461
65.7311	76.9461	671.5350
43.6233	54.0762	545.4041
117.7272	66.2597	314.1267
136.8478	115.8516	552.0125
46.2233	9.2216	590.6619
83.5147	69.9275	497.8846
22.1085	14.5550	318.8780
80.0263	69.6509	390.3015
58.2209	63.5840	500.3220
86.5085	102.9410	360.5114
106.3850	80.9802	113.0948
62.6956	120.0988	303.9854
44.6570	98.1884	365.6804
54.0361	82.1661	218.3025
47.0382	72.7249	43.0440
53.3695	134.3132	435.6798
30.5620	106.6647	672.5268
99.8054	49.6308	87.9632
6.6708	11.0340	850.9062
32.0490	88.8452	165.8604
128.0288	98.9209	198.4283
11.8960	123.6603	371.7784
79.5692	118.5647	289.2039
16.5223	106.9900	626.0251
121.7668	116.1840	322.0428
135.9650	80.7486	743.8426
12.8882	71.9289	107.5295
13.1489	41.9481	597.6619
116.8807	4.5850	640.9707
34.1865	66.0911	255.9839
25.0457	102.2456	106.4004
92.0898	30.8768	646.3124
41.7971	126.3446	317.7958
76.1565	107.8324	48.1679
36.8169	30.6901	404.9801
73.1073	111.1828	183.9766
113.8303	23.5217	528.1363
12.8327	25.9477	135.2254
104.0451	54.4377	99.4995
110.2653	79.8906	593.7143
8.2593	34.1060	753.1659
57.5113	135.5105	497.3378
54.0725	82.0144	172.5935
89.3182	17.2317	174.1712
59.4050	124.6180	564.6000
89.5236	58.5350	68.6800
101.8789	129.2974	431.8414
134.1182	66.1588	706.3688
116.9300	85.9085	750.1802
55.0583	71.0110	528.9527
26.5699	14.8236	557.3504
128.3736	60.0528	16.5155
100.8940	84.3099	623.2318
102.7608	11.8042	844.4086
32.5277	106.7843	651.4001
121.7355	14.1675	732.2924
116.0910	16.2737	331.7704
74.7777	10.1289	17.6217
116.1486	68.5449	769.5407
32.0445	118.9393	446.6852
69.7088	27.3527	510.0282
113.4147	132.4092	859.8341
101.4482	20.3257	63.7217
25.3451	62.5769	431.7097
83.0355	72.4609	90.8245
101.9524	111.4992	62.4900
41.9510	91.7596	823.8680
112.8517	118.0596	608.0068
24.1762	102.5847	632.3772
109.2628	119.6799	235.2369
71.4218	119.6782	394.5264
13.4097	95.0146	771.2269
12.0524	8.9772	532.8442
26.2129	115.1661	354.2523
116.1205	128.6323	561.0453
111.1181	30.1288	787.2756
33.7608	123.2650	383.4684
92.7920	52.9727	841.9343
1.9320	39.3465	663.5096
139.2733	96.2970	631.9938
58.5380	127.2513	250.7524
11.8253	45.9064	640.9112
122.4421	82.2248	284.0737
47.0463	116.3425	22.2977
95.8063	66.0649	392.4299
67.2011	117.0391	554.1352
17.8549	4.9639	142.2228
35.6796	16.4775	512.3320
99.7500	87.0525	462.1370
124.3153	129.7498	258.3735
115.7847	58.8557	85.9422
38.3711	70.1940	147.8484
109.9897	74.4901	3.7572
33.1027	15.7722	392.2466
19.5540	83.5185	488.8872
130.9719	91.5614	734.0307
83.0201	88.5293	409.2566
25.1078	31.5804	562.8419
7.8519	66.0953	817.6553
136.3008	53.9593	701.1449
71.5668	70.8580	58.2591
5.3922	18.2577	551.3794
27.2279	13.0975	112.8115
1.1441	109.2887	434.7572
137.0124	131.0247	156.8366
90.5213	46.6760	439.5854
116.3871	79.9736	396.5366
63.7043	100.3469	32.2256
16.1597	134.0598	717.0295
9.5494	131.5772	94.8143
86.3403	107.8132	292.7239
34.9822	116.4274	239.7585
12.6012	0.4418	468.6134
70.0761	49.2737	773.1459
68.8654	97.1417	378.2525
48.8345	128.1168	62.1027
33.2062	91.6352	386.3368
77.1141	138.0978	493.1106
49.0344	32.4895	829.7033
122.5404	29.2226	134.1288
71.8862	80.9271	861.9950
49.8493	97.8762	62.0287
11.6913	35.4770	219.4150
5.8877	96.1078	153.0799
53.6382	63.3432	769.4789
108.0330	137.7587	180.6203
116.1769	43.6900	65.9027
77.3169	4.2836	333.9431
11.7103	86.5510	453.3093
47.8071	27.9886	297.1035
102.0522	61.2405	179.1368
10.7419	108.6932	744.0263
33.0882	54.4497	128.8742
30.0749	127.3255	267.3360
97.0694	86.0180	103.8608
74.2373	107.0231	854.8543
53.8810	56.3741	483.1650
122.3691	5.4407	270.0143
3.7951	42.5877	532.9081
138.3754	59.1156	114.8011
92.0029	133.6526	3.3947
89.9077	111.8649	693.0036
96.9943	110.5016	325.2398
136.7304	72.8871	105.0859
60.6093	63.6196	193.9367
71.9852	94.1046	409.7460
106.7626	118.3582	689.2714
35.4160	117.0260	245.7496
100.3486	88.6356	636.7159
110.7831	105.3583	410.9607
99.2145	93.7302	776.9631
139.3519	66.3650	433.5796
79.9930	66.1991	573.8717
48.6403	102.5958	539.1426
105.6367	28.3111	129.0108
62.5292	69.5018	32.6204
106.6674	131.9452	223.2782
23.9387	120.0354	837.7425
106.7156	27.3050	525.0932
112.0695	41.4671	418.1409
20.2659	84.8714	678.3757
112.3070	135.6169	139.1582
77.0787	30.3880	797.9906
12.6366	134.5036	238.6765
139.3904	35.0015	533.3271
25.4253	110.5572	227.2018
134.2940	49.3997	290.0425
134.2253	127.6692	699.6215
14.6695	34.5789	804.5682
10.2563	137.5695	583.7555
25.7965	106.8882	709.9395
63.5267	35.0654	86.6549
17.3269	69.0094	96.8862
71.1707	37.4200	803.3998
57.1438	107.5310	169.1853
33.9754	125.6827	422.9443
74.2356	80.1122	206.5959
24.5917	126.2465	591.6422
27.4034	99.9710	825.9474
2.8220	48.7596	701.1008
41.9149	100.8298	181.1838
130.7883	12.1918	248.6285
118.3887	65.5066	369.4906
104.5496	15.3736	786.1978
126.0216	85.6671	842.0692
88.0540	32.9935	687.7302
135.6887	116.1670	190.1379
18.8361	1.4074	289.7759
97.0728	130.5055	674.2224
90.5591	130.7290	216.9395
78.1468	128.1846	763.2805
28.4166	25.1114	28.1515
80.6946	88.0413	675.7652
64.8267	119.6946	291.6880
129.2992	72.0941	324.9253
88.7248	16.8174	605.4837
20.2495	134.2935	214.6500
73.2140	34.0855	827.9765
117.6063	55.9901	848.4400
37.0556	66.7376	127.9613
37.2173	86.6315	754.9684
58.1389	98.6243	621.8667
111.0380	63.8210	301.8561
57.6171	74.6562	120.5648
21.4167	99.1572	362.6052
63.0582	117.2373	775.7448
127.3452	126.0436	749.0258
95.2557	24.7077	595.5986
7.8266	88.2798	29.9181
36.3269	92.0123	220.9356
92.6521	95.2562	156.4116
61.2422	57.1669	495.3843
-50.7562	14.1899	-1853.5000
96.3979	2.8638	859.6870
60.5008	7.3108	70.4584
43.6225	116.9929	849.7198
136.0694	124.6017	429.1890
112.7536	89.0093	578.2634
13.2422	82.1440	803.7475
31.9267	128.0942	596.0075
94.2857	108.7755	577.4297
14.4633	10.1503	111.3810
78.8629	95.5850	650.8543
21.6057	50.7126	203.1371
119.2872	114.7220	443.4369
75.5443	5.0325	455.9298
101.2049	83.1482	828.5733
100.7249	2.4574	602.9561
58.1482	118.3449	281.6075
125.1514	123.1777	569.6594
20.4870	101.1035	397.8124
60.6247	100.4831	587.4108
132.0384	33.1043	269.9467
19.3500	112.8579	122.8302
17.3036	95.5310	185.7951
115.0417	16.7176	302.9190
125.3867	112.4190	547.8738
102.1513	15.2338	65.2360
119.7537	27.2393	735.6879
8.6157	109.5857	408.7721
49.6846	43.4037	806.6055
48.6477	28.1556	648.0904
75.4579	121.4481	271.5243
22.7095	80.8623	296.0696
102.2731	35.4228	117.0478
56.3368	35.7813	395.9852
87.3164	37.7695	508.4459
80.5206	50.1353	519.6601
58.4240	106.2760	161.0456
25.2705	36.0499	336.2880
33.9493	73.6191	51.9787
124.5675	88.1108	684.8536
24.7851	23.7943	375.5591
77.3592	74.6094	528.1673
116.8957	106.6092	361.6106
136.1003	76.2608	500.1410
65.9308	131.7722	657.4717
88.5643	51.7334	429.2750
7.0160	137.7720	468.0507
63.6763	67.8973	33.6316
95.8270	112.1733	308.0844
84.9654	116.9585	342.3691
60.2862	50.8580	781.0948
121.1285	52.7531	861.7745
67.4442	27.2633	50.0861
136.5419	109.8998	449.6459
129.4097	8.3844	645.5736
13.5238	62.3104	735.7903
55.1665	79.1819	662.3545
81.8995	69.3604	380.9683
47.6194	24.1294	455.8359
71.4638	89.8750	61.1871
2.8503	105.9118	70.1366
108.0407	47.8503	378.1365
44.8033	102.0662	177.2960
108.1890	91.9245	474.5825
109.8105	42.2125	189.7137
52.1690	138.6610	578.5433
132.1412	24.8060	249.7105
52.2683	131.5232	380.4629
50.8547	50.4502	555.0683
130.9384	99.8207	768.8026
35.5387	59.3078	47.5453
17.7656	8.3848	383.4974
134.7184	125.8042	696.3455
10.0272	137.5917	103.1462
63.7217	66.8938	861.1693
109.8072	51.7026	655.5590
73.9662	88.1467	610.1557
60.1934	130.5333	6.9703
15.6756	105.0385	390.1957
88.2581	131.4325	488.5477
99.4939	56.9684	824.9457
38.1037	69.4156	653.5429
26.2678	45.0851	26.8676
114.0016	136.2413	820.0157
10.1245	107.2865	630.9264
107.0218	126.4922	742.6769
110.3381	26.7302	65.6447
122.0375	82.8610	301.6161
125.1101	132.4950	21.6687
71.2488	109.4251	727.2859
49.2527	64.5046	157.4170
98.1065	69.6806	859.3776
53.2951	1.1631	236.6958
132.2986	110.6260	278.4395
138.6073	115.5331	566.0124
104.9954	60.8231	313.5663
98.3056	104.7971	668.4520
133.9057	37.7255	166.0357
87.9939	64.9584	254.4163
71.8668	76.9426	770.6962
76.5060	114.6643	86.8922
44.3096	124.8137	393.3015
10.0425	137.3359	93.9969
126.9195	116.8054	529.7723
68.8236	119.6171	361.5875
50.9142	64.1983	377.5509
28.9651	49.1253	841.0464
60.3267	135.2022	620.4913
132.6428	54.7501	849.2318
29.7561	73.8347	174.4604
38.2450	90.3490	115.9669
130.4137	38.6210	762.0148
99.3831	8.3831	559.2096
43.0276	91.0153	204.8852
92.3578	13.8820	774.1257
49.0713	84.2013	165.3627
38.0577	37.0716	604.3751
56.0870	122.8823	320.0035
71.0686	134.0597	571.2413
110.6462	109.0291	244.6331
10.7097	42.1255	694.0155
107.5790	117.1920	291.5606
46.5769	23.4436	781.4683
133.2079	125.6404	429.3241
118.1518	139.7033	64.1167
118.8316	89.0436	464.7316
91.4064	21.6577	16.2287
50.6599	114.0866	677.2165
45.5143	46.9049	128.3765
63.1194	117.6487	240.2485
94.6328	15.4766	499.2987
45.3858	136.2247	747.3246
107.0578	120.4080	259.2409
102.9820	41.0927	619.2768
122.3886	21.3930	599.0752
59.0923	81.5816	313.5871
13.6649	87.7798	263.6615
99.5099	130.3402	211.5441
53.8901	125.9768	506.0877
111.5147	17.4010	219.9985
27.2670	123.4824	152.2031
17.2753	111.6745	662.7350
67.3153	19.9215	13.2456
41.2039	46.3357	500.2567
4.2977	47.0084	851.6740
108.1451	76.7972	70.7214
99.9732	81.1077	358.6160
69.7981	48.1424	296.5415
130.9411	9.7206	578.8879
110.1578	36.7393	204.1961
34.8301	65.2818	706.0759
22.0705	54.4789	663.5717
26.1140	96.7349	659.8173
63.4489	128.6792	573.0658
74.9527	125.9848	645.4164
124.1338	92.6208	520.3157
121.2481	74.8168	368.9522
23.6505	84.6974	613.0370
86.6357	18.5632	727.9573
30.3947	14.8216	544.8516
44.2061	79.4353	334.3416
68.5766	96.3201	129.5157
14.4850	70.6984	210.2129
56.2535	127.1723	819.4294
41.2663	19.6168	65.4492
81.1283	95.9261	501.2149
10.9270	6.7956	370.1106
110.5602	65.1170	52.0937
98.2957	77.0034	128.8760
47.9181	19.1639	788.3237
110.7995	1.8453	746.9763
63.0723	46.7072	54.6652
23.5861	55.9045	759.2786
82.1918	33.3844	123.1491
123.3244	83.1865	401.9833
66.2169	134.9943	602.9362
38.6471	47.9567	461.3625
22.0034	56.4309	776.5832
133.0886	71.3717	316.5838
40.3754	101.8513	236.6918
57.9508	71.3066	669.3354
31.2928	93.4177	534.6962
0.6271	24.4329	387.7166
88.6762	71.9606	216.0588
94.1404	111.5612	723.5521
84.8954	117.2068	400.9736
98.6506	135.5646	53.8211
55.3601	104.5781	605.0305
42.5343	75.9250	214.4833
101.2830	122.4975	633.0511
47.9833	37.6066	816.9796
49.2165	91.5483	449.8343
26.0005	118.9799	693.7717
135.4042	31.5292	58.0867
34.0712	116.8917	213.5122
96.5015	41.9909	708.2710
73.6590	123.5729	687.1015
119.5205	127.7407	346.2517
22.3917	120.8212	133.5684
91.8644	122.6826	91.7586
128.9759	41.1602	298.8636
11.4404	104.8362	1.9632
37.7313	84.2076	293.7634
45.6416	123.1043	463.3035
17.8934	102.1584	755.1218
14.9465	33.7343	53.7470
86.8172	97.6985	124.3020
85.3037	106.9457	112.2771
72.8661	103.8318	580.6200
124.8035	101.5064	90.3051
101.3748	98.8348	22.5898
30.0641	116.7904	676.6484
26.9048	24.9922	103.8061
128.2155	63.3460	749.3412
89.6365	39.5452	544.3207
69.9529	93.9299	856.3592
60.1442	44.1210	852.8955
136.5886	8.2656	611.1501
71.4600	95.7035	32.6261
51.4868	83.9260	615.5811
46.6979	16.2012	661.8369
124.5441	117.8093	58.5206
18.8624	131.7136	171.1448
105.0954	67.9432	254.9041
43.7771	47.9041	544.0938
100.2773	124.5217	469.8889
99.0000	108.4033	140.0565
52.9738	126.3708	832.9821
54.1385	55.4107	229.6415
71.9215	9.1986	788.0161
17.7066	40.5734	146.5045
124.7952	75.6316	517.9176
70.4029	104.5173	78.5399
56.2636	58.3699	588.7184
131.3946	123.3226	206.1316
137.1695	61.2591	715.1755
61.2196	118.0866	464.9562
111.0757	10.7334	47.3951
88.5479	18.5948	389.6480
130.2075	123.5094	539.3914
52.2970	103.9764	343.1629
27.8970	39.4815	380.0023
85.8569	39.1093	854.6126
95.3206	135.3532	165.2455
35.5017	44.9818	289.7578
67.4428	78.1586	278.0698
105.3528	45.6276	46.7847
94.7455	92.6036	835.8843
122.5877	100.7245	192.5243
38.0802	75.9682	358.8196
85.9137	115.9256	3.1777
119.9929	133.3813	62.1693
73.8950	103.5276	78.8633
0.0227	73.8359	294.9602
61.8840	30.3255	126.7623
123.0788	124.0359	344.6709
47.8495	72.9362	329.0060
122.5398	42.6870	316.1129
27.9179	18.9085	533.8181
47.4403	70.0657	15.8162
120.8539	0.8652	485.7745
73.1416	78.4052	573.9114
35.3911	111.4163	180.7753
99.3095	86.7442	619.2615
60.0340	122.6481	251.6658
3.9897	88.6348	667.7795
131.2052	21.0894	496.2528
103.1985	34.2972	238.3753
134.7664	110.6722	297.0224
31.4194	48.8530	454.7171
138.2034	93.3236	209.9235
99.9762	82.0296	12.5909
102.0843	97.9219	478.3005
75.8747	55.0940	204.7893
125.2289	100.1068	410.0546
69.2078	14.9147	732.1752
102.6538	57.8042	683.6972
57.3173	92.1367	285.4644
33.8855	84.3730	607.6233
122.4761	128.9843	87.1516
73.8147	115.3788	852.8961
75.1310	0.8491	625.8910
99.6941	93.9907	224.2845
24.9641	63.9320	442.3760
100.2774	87.2926	310.1950
8.3767	49.7529	710.7261
41.2663	19.6168	65.4492
16.1138	58.7003	9.2565
128.2465	47.8749	469.9543
42.3697	48.1811	514.5030
61.1752	23.8112	122.0922
94.2248	85.9332	324.6117
97.1133	52.8777	628.2424
21.2843	20.9350	90.1892
42.1272	69.3943	636.5783
53.5234	37.8108	262.7391
108.3468	31.5492	703.6542
85.1640	108.2908	137.0551
50.1545	26.5427	627.4416
77.8521	0.3647	40.7465
125.9466	96.9023	702.8791
126.6820	14.1371	288.1299
91.0902	6.7536	741.3353
38.8422	101.8006	637.6094
84.4343	115.6462	847.0185
53.5897	27.1922	565.9824
96.3498	45.5310	359.0324
100.0681	119.9271	524.4407
51.5707	18.2309	701.8972
81.0530	87.0954	720.4361
120.2631	15.1919	638.7173
46.0648	20.5509	335.7933
58.8528	118.0523	290.5355
1.6951	38.7614	249.9713
126.6800	45.3931	664.5520
79.0162	21.3153	639.8986
106.7641	138.6681	465.0059
52.1623	57.3326	365.9270
114.2848	69.7932	350.5557
125.3283	62.6667	44.5017
99.1396	64.8152	338.8253
127.1598	114.5207	58.8916
132.3830	136.4772	534.3411
132.4551	100.1308	664.0389
30.9987	72.7883	657.2299
49.6117	116.9014	309.4146
65.7425	109.1672	17.4240
29.7774	38.3307	817.7675
40.7887	31.7772	206.8302
36.3524	14.4403	251.4996
8.8216	110.4790	382.9597
46.8117	55.5737	498.9730
101.9627	80.4201	613.1684
116.4220	136.7340	458.7550
105.7617	68.3594	755.8573
128.8265	106.7181	711.4423
76.8849	54.2377	507.8465
40.6742	89.2732	356.6924
57.4798	59.6742	133.8690
22.0356	76.9176	740.5957
114.0198	55.0432	819.9099
129.4867	97.4942	764.4903
115.5346	112.7484	771.3118
123.9950	8.1683	594.8809
46.0575	29.7865	420.2630
120.0796	57.1371	418.5698
26.7077	123.4706	187.8215
135.9184	68.6366	107.8205
45.4847	61.9869	494.9140
43.5205	125.7084	141.8825
2.7723	44.6695	330.6514
125.4409	68.5161	284.6166
104.9731	34.2322	355.6194
19.6620	36.2696	483.7877
13.9213	0.0383	44.2776
129.3770	110.7805	476.1260
9.9458	36.9899	591.4572
12.5827	28.7718	716.2786
44.4279	136.2481	80.7841
28.4223	49.4294	202.2842
54.8802	53.0422	645.7196
70.3522	53.3325	178.3404
109.9758	117.8378	710.6393
36.4316	55.7439	473.7032
63.0997	112.4562	697.9969
49.7365	80.1144	544.3655
135.9379	10.7130	331.2979
67.9273	90.0460	530.2585
86.3325	14.7697	526.5272
1.4206	55.3831	589.5643
128.1915	21.9663	822.1180
96.6690	99.5837	609.6227
133.7342	24.5787	541.8068
20.7726	36.8204	105.7035
126.6190	119.5474	274.6755
87.6088	26.6883	495.6683
65.9968	47.1297	191.6710
22.9701	60.2788	250.5562
6.0547	71.9564	114.6765
27.1922	45.1064	832.8206
50.0678	76.1590	205.9536
20.0895	28.8277	406.1661
111.1019	8.6036	296.3010
93.0244	71.4525	750.1055
126.1132	95.1957	359.9393
124.5990	113.3364	93.6946
123.6437	120.3870	1.6723
89.0432	30.9455	344.1524
138.7811	70.2933	277.4821
98.2349	7.0295	491.6545
131.3883	1.5557	587.9937
51.8422	51.6285	566.3918
139.3056	50.3236	265.8837
46.2442	117.1072	293.6328
85.1689	111.6804	779.3750
50.7592	99.1501	676.5355
128.7774	71.0487	807.9169
3.4131	91.8419	263.5756
132.3506	58.5631	776.9634
138.5250	35.6202	41.7242
66.8590	119.4758	835.3088
67.4178	38.5618	77.7433
104.1182	103.6358	417.3441
15.0303	129.1200	723.8590
124.4447	127.0731	103.6591
2.6909	105.1565	226.5484
16.7032	96.3063	96.1087
4.7629	53.4979	306.3865
94.6862	61.6313	247.0989
4.5268	102.1234	525.9995
134.7384	56.1050	820.7982
13.6791	70.7688	62.1973
122.3099	66.6283	158.6830
76.1194	16.9392	476.5656
55.3406	51.6043	662.4614
52.9479	99.7934	258.5354
19.1992	2.3939	348.6672
22.4397	82.0764	286.5516
3.0791	40.9256	630.6605
23.9396	58.9828	470.9118
6.0399	110.5086	42.5995
10.1302	83.5435	742.7140
5.8066	125.9008	28.1279
109.9853	122.9883	544.3359
8.8442	49.2934	517.4384
24.6502	129.2445	252.0622
35.5488	95.7266	414.2933
24.9241	105.1585	606.8710
0.3777	121.8739	431.0508
94.8151	90.6070	177.9441
14.1216	73.4068	292.9194
76.6099	47.0607	242.6198
13.6962	72.2959	291.1867
114.8813	105.2215	768.3040
14.1299	17.3991	388.4570
139.5251	122.3436	248.4214
127.6433	102.4526	512.4694
0.9003	116.4033	308.6506
119.2279	5.0948	255.1369
48.6591	56.5607	798.8714
40.6604	52.9551	476.8689
138.4530	113.0703	170.2656
36.6617	35.6765	187.4808
13.4474	130.5221	690.2274
111.1614	102.8057	238.2127
70.1216	123.6270	426.3321
13.7455	100.6306	52.6959
119.1015	69.5210	850.5720
23.5357	61.6867	723.3089
2.8173	35.6799	45.1710
96.1804	46.4830	331.4656
67.2567	99.2616	398.0546
40.2136	40.1904	257.8400
91.5940	102.0725	776.8360
60.6862	98.7256	195.7549
100.8028	35.6204	812.7695
74.0427	78.1617	2.8918
21.2005	84.4760	60.1662
14.6420	3.4158	479.5045
2.4138	123.2044	512.2248
134.5996	14.4907	372.5870
86.6591	32.3411	104.0484
79.0248	54.8956	687.3981
44.5524	12.3314	325.7064
112.1633	77.3177	91.2941
110.8256	133.1439	764.8252
39.1363	129.2182	449.6755
41.3604	67.3605	210.4351
17.9799	8.8854	156.2683
110.7349	16.7696	321.0171
69.2197	52.0596	589.1696
19.1797	68.0712	590.6781
19.7565	82.1292	835.7690
131.0024	66.1283	354.5391
90.1438	57.9895	84.5103
131.8638	0.3680	389.4714
36.5551	82.5892	510.3716
88.2425	6.2150	516.6612
23.2125	101.3390	156.1863
61.4645	61.0115	605.6021
31.0942	13.4592	417.6761
63.2004	72.6576	630.2461
126.2554	28.9720	636.8745
16.5280	45.2708	482.0155
23.3375	85.8788	215.6190
61.6527	29.3807	645.3901
40.7505	138.9123	626.6067
98.8477	112.6547	327.1090
107.9879	72.5654	736.2050
71.0138	79.6393	600.3462
26.0705	70.5237	13.1896
4.7014	95.9878	359.6708
96.5696	40.2189	800.4196
64.0605	112.6053	419.0425
37.7924	0.5012	612.4400
4.8826	24.0692	536.5033
132.6968	109.1476	378.5527
134.0750	58.4761	21.5540
64.9643	114.2279	833.5728
72.1600	135.7480	30.0414
60.6873	91.3271	16.3516
101.1384	71.6010	579.2204
56.6923	63.8544	117.3196
110.2205	116.4773	778.1604
9.6418	16.7240	631.7562
20.5129	73.0053	584.1357
26.6035	99.3430	112.5142
1.0847	123.0437	79.2949
134.3321	49.9202	122.2469
104.0855	87.5439	357.7583
25.1499	88.0417	287.3911
24.2210	43.5318	782.3012
63.7114	98.7279	174.6167
96.4798	33.1769	340.6349
89.5356	19.0054	755.5166
35.3791	102.0837	552.2799
138.1747	22.6852	462.4191
15.7594	68.1318	200.8652
9.3049	116.9178	505.0761
132.6210	-4.9119	717.8100
124.1841	81.0441	263.2106
120.3951	33.5517	571.4464
13.1920	18.7219	385.2424
22.3096	85.5898	728.2329
13.6293	48.7072	798.2133
134.4563	123.3453	499.0776
89.4615	110.3994	114.3410
124.5043	0.8909	160.6127
122.9873	14.5396	309.4625
103.5375	74.1770	415.4961
133.7522	71.5712	526.0063
17.6049	18.6610	50.9999
12.7684	20.2998	138.2433
85.3576	119.1856	260.7229
55.9328	74.9188	748.3537
5.4082	15.4347	528.5578
111.7143	131.5059	750.6110
7.2352	130.3533	197.6155
120.1978	3.0354	545.9470
136.8659	16.8106	581.0455
49.4046	120.1819	245.7794
124.5275	107.3213	777.1146
10.5578	25.9837	459.0651
51.9075	29.4851	828.4865
123.8077	77.7521	250.7169
99.7927	114.1485	131.2813
41.3201	130.3967	14.8503
78.4650	67.6191	492.4380
114.9403	135.6013	736.0833
57.4748	47.8257	286.7383
129.3160	99.2805	527.7120
67.7707	37.8773	725.1880
116.0883	117.8240	153.6947
97.1894	39.9351	698.9938
82.3893	52.3447	174.3803
62.7190	135.1750	596.0157
70.6038	13.6788	232.0491
25.9231	51.6577	816.0031
3.7530	112.9895	23.7657
61.0116	18.2689	100.0353
7.9840	112.5136	180.1932
129.5452	139.5955	99.2228
108.0119	41.6015	214.9334
49.5060	104.2715	722.7576
90.4227	121.5323	591.7447
76.2043	26.1745	610.3164
80.5349	32.0172	589.5190
7.0378	71.0122	834.3356
60.2851	16.7931	534.8582
65.2851	125.4860	409.5306
91.5253	6.1723	778.0629
120.9154	40.5196	58.1642
39.8524	129.5254	703.9985
10.1452	27.4504	39.5795
59.9217	102.8346	81.6631
13.4943	79.6195	787.7630
108.5370	54.2313	797.0900
104.9835	13.4049	480.9343
47.9998	6.3966	747.3735
112.6842	56.1213	237.7620
50.3085	74.0383	623.7937
132.3390	59.4720	187.1921
68.6327	70.9593	601.2965
130.8180	28.1131	221.7246
27.6227	36.4545	816.2705
10.6239	137.9494	851.3200
60.7796	91.7810	283.3684
10.5304	69.1181	467.4879
40.0464	82.8634	544.7665
2.5626	91.4580	510.1864
48.4592	124.3269	730.8263
84.7976	83.5472	797.2037
14.2535	18.8467	494.1610
87.6022	7.3399	562.6387
129.9731	51.7570	815.6302
4.9100	117.8503	477.8898
65.5898	24.7365	64.3850
16.0503	1.8925	132.1119
81.2854	79.8596	221.8457
9.3665	69.9603	344.6923
103.9047	62.6099	93.6673
81.0473	30.8373	518.4276
79.5061	115.7682	64.7069
35.7950	16.5673	194.0827
27.3954	71.3054	75.2424
50.3683	28.3909	232.0893
20.2309	103.8493	752.8668
75.0556	105.7867	41.0355
57.6824	63.2441	1.7119
27.8348	80.3884	250.7677
23.2153	54.0282	183.2470
127.6755	17.3902	203.1947
112.7760	132.0081	498.3781
88.9164	24.1245	477.1787
92.5188	37.2817	531.6849
138.1371	29.1493	216.1447
26.3506	76.9148	685.1631
13.5016	30.0246	326.9551
128.9711	2.3887	306.4283
113.0250	113.9639	813.4198
24.4457	79.3141	524.0861
64.7870	49.2956	343.7746
68.3731	74.6380	582.5576
31.3528	122.0022	5.3953
111.1924	138.0218	114.1830
101.3129	14.4243	443.0867
10.3621	85.4801	187.9997
64.5380	37.2400	602.6762
35.4652	39.7478	570.4196
45.1316	133.4983	437.2790
67.9854	73.5682	372.0790
85.0385	128.0763	714.8361
16.8945	80.8459	87.4376
118.7812	69.6322	303.8985
59.9919	57.6019	702.0788
92.9866	45.6467	284.7860
108.2977	11.6773	111.0764
62.9486	118.5099	534.1220
49.7685	16.3928	313.7967
84.9116	46.9854	464.9158
69.6978	11.2283	190.5211
138.6231	52.9465	100.2743
74.1039	116.7812	13.0913
95.6170	43.0901	723.2744
15.9852	21.4738	540.9846
136.0347	109.5130	215.7242
59.4985	61.2828	354.9630
109.3805	47.5872	408.0514
96.8314	116.3021	703.8176
116.0660	33.1171	616.9527
39.2375	124.3139	22.8439
137.8912	2.4415	830.3260
6.5098	51.4640	483.9396
12.8957	64.9682	582.5397
29.0844	7.3302	521.2784
110.7304	133.0163	753.0319
113.4263	77.6280	608.9534
62.1615	128.2029	383.2475
133.2233	76.2589	601.9302
38.1154	60.3250	108.9132
37.1818	51.8847	479.0129
39.9761	46.7751	136.0000
49.5531	53.5918	399.0891
137.9434	49.8431	379.2180
23.6661	5.3710	389.7903
104.2320	52.3669	647.2540
123.9173	23.1088	742.8923
51.3455	58.1395	521.8488
18.6281	39.8996	105.1774
103.2320	0.4924	520.1805
10.1915	55.6044	177.9413
54.0176	2.7428	502.7454
105.9927	90.2074	336.3562
36.0549	57.2672	274.8107
133.0696	27.5974	797.6954
9.8205	34.9819	237.7672
137.6449	100.8936	544.0761
42.6350	100.1474	58.8719
48.7329	54.2463	396.0913
17.2452	73.5452	683.4921
89.0053	115.9754	212.7261
21.5558	112.2609	205.9835
62.2250	130.8567	386.9899
93.1863	99.0711	712.0172
18.9620	120.4304	206.9176
109.8003	51.8406	245.4548
3.5262	97.9925	262.8319
24.5437	94.3801	281.3081
99.3193	98.9394	367.3410
49.6513	44.2427	763.1094
65.6655	134.7358	425.6458
106.1618	87.9517	795.2518
115.9949	118.9142	43.5897
112.4709	11.2689	315.8694
98.2001	128.7240	435.1790
52.2155	122.2036	516.7675
4.0531	27.7805	615.1120
116.4778	134.0170	121.1678
98.6838	131.1229	327.1285
59.7259	3.1526	108.2093
53.1820	86.0532	18.6472
134.2060	4.3224	619.8612
115.5196	128.2461	807.9200
91.0093	129.1986	193.7988
10.6358	124.5970	353.8605
3.2451	84.7583	160.5278
64.7361	104.3152	817.8102
104.0929	76.5512	309.9097
105.3408	64.7793	9.7633
63.8854	12.6316	567.5706
131.7868	89.4343	552.3128
11.9420	21.3755	512.3415
73.8653	106.8489	365.9767
5.6657	22.1691	861.6233
70.7504	6.0821	491.4300
133.5952	9.7625	354.9831
59.1761	51.5563	383.2939
108.4161	88.2518	611.4110
2.0156	122.5612	76.2137
94.9247	110.1578	627.7975
107.8673	58.3236	105.1290
76.8283	76.0939	786.5470
41.7257	28.0980	468.1263
21.1322	63.9377	39.5534
37.1215	104.0936	292.5767
103.6195	73.5435	58.7916
69.1040	34.3477	285.6394
46.5399	55.0982	438.7981
2.2910	85.0484	214.0194
75.8879	75.0171	473.0125
104.6855	31.6762	385.1568
55.2174	95.4634	664.7643
46.7150	64.2063	320.4549
120.2859	21.1851	236.1141
39.4756	18.2938	484.0071
36.1028	138.1747	452.3958
118.9515	115.2453	416.3869
57.4104	67.5344	22.0087
69.8734	96.7728	31.0848
123.8295	122.5444	208.8532
123.6506	112.2578	222.7528
118.5588	69.1002	285.9630
9.1082	0.2799	478.5211
55.1935	104.8561	201.5617
117.0981	105.6948	769.4078
108.3463	135.0863	716.6622
74.0803	10.0916	531.8486
88.1923	37.7900	91.2487
133.2682	38.8586	564.6606
98.0661	64.5974	344.2248
79.1873	28.8577	564.1283
42.5850	73.7949	30.8566
40.6697	25.6602	812.4984
31.6728	40.1252	305.4404
114.8297	32.6193	147.3882
86.8683	110.5046	60.0427
135.7941	7.7701	407.0784
28.6854	27.1250	86.8537
11.5997	35.0602	233.2220
94.9206	65.1258	705.6644
68.4889	109.4284	476.0147
4.9952	65.1116	24.7164
131.6943	129.9606	58.6187
33.9593	79.8043	489.9164
68.9483	48.2701	359.7227
124.4075	1.4834	535.3556
13.6502	34.4211	639.1799
106.0025	114.9763	810.3559
114.6010	38.6105	191.2718
121.8633	132.2145	815.7085
42.1394	59.8607	470.0800
63.7204	126.9839	842.7025
124.5826	103.7622	232.3291
96.9516	101.7209	603.9918
88.7145	50.5935	579.0832
119.6681	18.5956	540.4501
86.7860	124.7294	441.1629
18.4278	58.8530	212.5995
126.6295	28.4487	487.1934
54.3277	78.7979	608.5756
74.4345	112.0317	675.5894
25.8251	56.6787	318.3795
31.0874	38.8148	477.2707
139.2363	34.0889	233.5551
11.9456	134.5980	492.3430
13.5685	43.5923	595.5806
14.5526	110.0199	862.3758
105.7979	49.9443	187.9906
31.7430	6.3963	712.7955
62.5687	115.9555	683.9478
60.2287	121.5312	753.7100
72.9030	61.2598	707.3583
73.4417	12.1564	789.6834
45.4159	8.1445	671.8698
86.6047	22.8258	394.8512
56.0211	70.1923	695.5246
0.6691	135.5027	492.3486
7.9380	45.7168	511.9838
26.1874	109.1944	81.4282
4.0492	30.2651	58.1781
119.0255	65.2787	141.7445
97.4782	53.0217	849.9597
73.7178	26.2401	504.0450
17.6318	78.2589	541.2061
96.6341	51.8254	73.8259
71.7882	89.2674	686.6066
111.6536	36.9141	172.3950
34.2431	115.0400	348.3915
29.7170	93.6367	183.1160
108.8308	44.3164	495.4555
134.1401	17.9768	366.4072
50.2249	85.5500	544.9036
8.2450	80.3693	501.7776
56.5922	74.7614	283.6604
39.1229	110.6643	451.7991
104.2702	125.8410	306.8836
121.3903	119.8980	848.4386
77.0677	23.3462	571.2221
37.9188	135.3145	582.0137
134.1088	132.3466	677.3608
66.4906	84.1876	369.5412
69.7280	42.3097	796.0972
45.6785	46.6397	550.6945
92.3535	59.8502	727.4837
45.8424	113.1618	457.4171
76.0970	137.9808	516.9426
47.4447	63.6168	594.8049
22.3452	97.8061	336.9858
125.0480	5.3084	800.0116
4.5977	136.0055	582.5738
98.5699	129.0828	432.9338
66.8441	38.5363	451.0286
94.7722	106.5167	483.9936
52.9427	132.1091	88.0019
26.1806	97.8880	386.6584
27.3280	107.3931	18.1013
65.8771	66.6826	812.4772
69.0736	1.2052	458.8598
87.7717	63.1992	124.3421
47.2698	28.0974	467.8434
12.6345	130.1592	205.4788
122.0925	128.9752	681.9218
35.9534	83.4058	221.1118
72.2291	100.0370	51.2438
59.4595	86.5542	366.9997
54.1890	125.2905	275.3749
93.9115	120.8229	345.1748
53.6632	95.3109	311.0563
125.2235	49.9940	466.0584
85.3647	23.6131	502.8936
62.7635	68.7012	96.3233
81.9571	120.2984	783.5357
103.0965	93.5473	338.1835
57.9479	96.7715	174.3118
17.6831	26.9372	609.6630
67.9950	43.5072	269.9689
134.4257	132.1640	566.8838
14.7387	126.4834	147.0407
5.8457	111.5566	179.1573
95.5898	11.9478	280.7021
42.2770	47.8523	134.4718
67.1311	3.9704	659.2701
40.2539	85.8824	121.4950
62.7365	27.4308	102.2458
84.8623	86.0511	283.1692
101.2574	0.3629	140.5278
36.5427	81.8128	367.7609
11.1070	89.2618	439.6166
96.4108	0.4255	166.3185
13.0132	67.5949	110.8476
12.2501	79.4859	291.1819
63.1282	67.3210	583.6563
126.8427	121.8070	161.7199
136.5462	80.9999	524.7810
114.0213	66.1706	640.5760
18.8827	49.4786	55.9639
11.4625	8.7110	556.7821
20.7155	39.1007	116.6204
127.0970	71.4259	49.1349
18.0779	23.4284	413.4702
59.9222	97.2849	191.2196
49.4281	47.4699	348.0123
16.5287	68.6398	655.9319
112.7557	6.0652	298.4994
85.3336	118.9558	230.6197
65.9956	17.1104	396.2194
82.0261	26.9821	376.2340
75.1502	118.2182	687.0205
92.1228	138.7684	254.1987
14.4075	9.7696	549.6250
14.3511	21.5037	455.4582
130.2450	80.1936	583.7298
42.9156	67.0501	259.8048
35.5501	20.0637	441.7987
62.0564	41.0933	402.5209
68.5692	67.5389	680.3275
29.5903	74.8548	512.0021
86.9320	80.5290	62.4319
70.7057	132.0594	833.2774
51.5443	83.4812	191.3898
138.9317	123.5572	429.0601
35.1878	100.9368	662.2226
116.4145	101.6070	55.9650
81.7916	105.2547	690.1707
84.8539	57.2309	785.8115
101.1788	33.7859	681.7211
14.2173	13.4431	8.6221
133.0234	5.9160	140.4297
131.6082	41.7029	240.1925
89.3468	112.9232	115.5122
78.9485	99.0513	383.9956
124.6906	73.4158	283.1342
65.0912	72.7302	74.4594
56.3456	46.2155	283.8826
53.0505	60.9670	95.7419
139.0557	90.7014	645.8242
33.8711	43.1612	511.0736
2.8010	54.2356	277.3405
49.1518	25.7572	660.3634
81.1828	87.3999	116.0346
75.4695	115.0120	37.5329
40.6279	128.1588	381.9328
84.1922	16.6983	410.5812
121.6489	114.1818	402.5301
71.4039	102.1000	140.9388
107.1995	71.9405	602.2949
119.6074	125.1791	751.5623
66.7011	99.7307	403.1615
131.7812	43.0353	727.8664
106.0789	30.3572	813.2820
20.6867	4.6502	51.9545
20.3660	127.4764	450.7089
116.0007	106.9591	153.5021
108.1154	9.9733	723.6603
81.2157	67.1652	4.4841
13.1582	6.6221	36.4881
32.1955	73.2884	140.1799
13.0179	123.3552	166.9648
43.2080	106.9635	564.1018
100.6335	96.8685	164.9090
103.1214	44.5989	509.8327
32.0394	93.8581	751.6814
14.3544	44.2103	840.4530
112.3202	88.7224	567.7197
77.1072	71.8920	841.4162
131.7369	83.8560	143.9508
17.0779	120.0199	38.0341
68.1171	35.8521	726.4817
10.2213	37.4564	545.8872
124.9391	8.9471	675.1233
45.9728	10.3103	230.4807
101.5602	5.6720	243.1783
81.4474	112.6626	321.6267
67.7582	48.6423	272.5230
117.8214	52.9223	802.5812
35.9557	39.2520	447.6513
36.1618	17.2348	356.3004
39.6883	105.1566	258.6155
79.9232	132.4929	748.8579
72.9786	52.5049	212.0458
58.5463	57.8735	615.4816
59.0111	36.5133	706.2108
102.8474	92.4604	162.2182
121.6446	59.5530	826.8710
110.5701	96.4996	20.3346
16.4722	83.8825	444.3753
23.1916	131.0958	473.6963
33.4714	62.7953	376.5632
78.9583	134.1910	626.9096
26.3455	133.2938	442.1037
82.2313	74.4026	707.6715
36.0243	57.2396	520.6494
11.3994	16.3059	653.3944
108.4354	23.5183	246.8648
57.4901	95.5905	687.4091
73.1938	121.8163	473.4355
32.7232	61.5095	123.1817
59.2824	67.9943	1.2982
19.9061	39.3663	802.2708
37.5155	31.5905	531.6596
98.9931	76.4431	46.4023
83.9422	69.0146	89.0820
46.0273	110.5298	769.5503
89.1347	2.6618	9.8111
44.5106	102.2965	172.3887
130.7555	67.2303	202.5504
18.5773	16.9443	402.9299
125.0370	94.5577	605.5056
36.9189	69.2422	597.5342
102.9457	102.0434	333.3284
4.9426	42.1864	439.6665
38.3474	26.8883	555.9190
72.3799	66.8054	367.2755
91.9489	34.7357	732.3351
71.5003	22.2099	542.5966
84.1832	123.1389	334.2799
30.7278	80.9905	264.3223
14.4428	72.2373	203.1746
124.7873	79.1216	543.5700
19.3095	11.1066	340.8644
9.8936	12.2830	539.5954
49.0158	39.3948	243.7688
46.6506	38.9227	593.6080
109.8509	112.6428	698.5336
9.9666	10.3726	565.3457
25.8783	80.4210	281.7924
101.3251	107.6193	831.6458
83.4011	1.3676	616.9722
25.3922	49.2439	595.6346
46.5960	62.8801	740.8238
2.4397	91.2899	398.1789
53.0737	36.0721	472.9489
125.4724	64.8505	444.9375
102.6183	10.2193	245.8252
34.4949	127.3129	642.4213
85.9611	116.3008	180.1416
138.5926	58.9448	87.5078
96.2890	103.2401	656.3365
82.8926	84.9082	231.7155
64.6767	50.8660	732.1134
36.5752	68.1956	30.2585
121.8484	36.9190	95.5033
19.6884	40.8199	564.9521
122.3538	33.0258	360.4940
104.8913	114.9527	437.6434
106.0014	77.8301	842.5662
99.6017	76.7694	619.1944
17.1134	23.2835	274.9337
99.9201	66.1105	334.0398
85.1687	101.1261	130.5745
127.6632	71.4004	780.9029
60.6774	15.0117	69.8044
109.2002	135.5479	100.3043
98.4725	45.8678	128.2300
81.1984	130.0311	521.0512
138.5281	31.5427	501.8397
89.8709	86.2849	529.4946
15.6893	36.0497	837.4044
111.0976	139.0637	102.6645
5.4221	130.6595	502.4295
134.3952	68.1978	186.6179
26.4405	2.9123	674.4363
37.3799	28.7234	52.4595
115.6819	63.7847	128.7561
111.0548	3.7735	91.5396
114.5311	31.4266	719.7485
10.7653	112.0263	616.3162
74.2176	52.9892	668.0445
7.1312	135.9992	203.6919
59.8914	133.6728	818.9514
29.7992	7.0128	104.5196
114.5893	133.5203	857.3760
120.6634	5.1916	635.9635
91.3434	4.3721	815.8491
1.7452	83.4130	828.0352
85.5157	57.0901	560.9104
70.2766	96.3439	94.6044
5.2593	26.8731	502.3502
75.1587	120.0387	142.2862
102.6528	11.1919	442.5351
16.2216	34.7091	204.6207
115.2668	31.4242	541.6041
54.6543	121.6644	732.1071
70.3452	113.7229	257.8766
86.4202	28.4228	705.1341
125.7568	124.0668	420.4091
115.2008	8.6855	203.8856
88.0664	115.0725	16.4499
89.4330	125.6568	113.9120
83.8295	5.2546	541.2413
73.7067	33.7721	755.1272
58.6357	93.5563	749.2906
132.7807	8.8818	381.6822
67.3544	17.1713	120.0289
0.1591	76.7836	502.6229
69.5842	11.9624	134.8611
5.1895	123.7184	154.0437
111.7601	99.6326	455.1463
58.6074	85.8899	725.4327
130.5891	131.0139	92.1855
103.6404	116.5750	698.5586
57.3756	36.5425	44.6163
48.3077	68.2350	71.2470
113.2530	84.5123	566.2991
102.0148	93.9985	380.0221
34.6539	52.3255	206.6628
128.6735	59.2606	37.1769
113.5597	113.0004	456.1478
13.6472	20.8037	441.4673
116.8762	114.7259	64.9197
4.4263	88.7202	798.8791
99.1973	11.7129	52.8828
41.4513	9.9999	808.0608
41.8129	20.7462	816.0715
114.9627	66.3269	291.9620
132.8792	27.0071	770.3881
74.2934	8.5061	470.0307
83.1483	71.8393	575.0704
25.7741	74.6320	328.6128
34.7979	106.9816	275.5909
65.6726	132.0942	577.2530
122.9568	29.4221	806.4747
112.7484	51.2900	78.8339
55.6080	106.0609	114.8073
60.0743	120.0254	568.3374
11.0730	2.8899	692.8879
128.7845	12.9304	794.6632
122.3981	71.7833	710.6049
129.9610	103.2743	3.4555
60.9993	132.2164	96.0649
128.8079	30.1764	525.4335
5.0401	39.5659	732.1885
47.9140	92.5402	414.7007
11.2935	128.0562	623.1408
21.0473	78.8877	793.5039
38.2129	63.1029	151.8370
5.9525	50.4223	805.7356
131.4276	62.7690	389.1197
18.8385	60.0624	50.3318
123.8570	116.9359	854.7857
9.1727	13.0831	134.9783
70.5075	49.8406	277.7949
75.5475	40.0744	648.4877
63.4314	50.3110	513.0732
69.6870	71.0806	715.2183
33.3433	74.7261	118.3446
58.5842	67.2554	34.6218
99.0664	57.8459	77.9866
56.5261	139.6259	543.5602
41.6050	11.5280	559.3522
5.2641	124.7556	407.2672
2.8902	40.1271	336.9766
25.2770	43.2668	703.2765
33.2834	121.6936	707.1133
35.7859	86.2460	534.5873
121.8486	41.9254	424.2465
104.7626	119.6815	738.4831
35.0309	124.1353	778.4324
13.5595	35.8714	6.7798
25.8343	58.4640	647.6925
129.1481	58.3790	562.7340
133.1046	59.5410	235.1574
111.1280	16.8950	632.3298
84.5552	81.9681	56.5092
8.4570	94.0887	633.3702
26.8352	97.6174	20.2581
48.7460	97.4981	219.2630
137.8884	137.9560	39.0032
74.4797	52.0372	730.9988
26.2487	55.9626	76.6798
45.8575	106.9457	449.0712
4.7773	64.0514	362.4468
85.5827	119.4857	262.6521
43.2926	108.1318	329.0057
39.8758	49.9512	823.2708
25.2042	120.7046	198.2842
132.5708	82.5155	810.0561
68.7364	111.2452	822.5949
95.6596	138.8132	216.2127
70.5219	100.3641	146.2535
41.1657	66.0881	264.6411
94.7110	53.9353	819.2861
33.5077	1.2712	737.2324
116.2454	112.6493	862.0707
42.9640	38.4841	177.0759
76.8848	78.1269	7.5549
83.3208	48.5920	522.3498
12.0611	92.9992	803.4856
91.0458	9.2408	635.4080
118.6650	32.8992	700.3190
8.6546	77.0504	394.6180
128.6544	23.5147	261.3892
56.3254	128.2481	711.9017
85.4387	124.0452	37.8320
1.3862	47.3765	408.9901
37.8706	131.5451	30.1415
38.4475	6.7581	830.2229
134.0756	66.2682	333.6436
134.6427	62.5286	841.6339
3.8524	4.1177	517.3014
19.5757	83.7018	303.8807
37.5811	65.8729	827.5508
67.5137	133.3233	638.8595
67.6403	83.6358	660.8123
46.0048	67.1960	812.8496
74.7101	103.7101	642.8367
22.2377	68.6981	302.0942
75.7481	11.8676	21.2707
37.4967	101.9350	596.5065
54.4792	87.2951	641.6507
10.0501	81.6830	658.6143
57.2126	95.1390	718.1962
83.4362	119.7246	134.5785
119.0186	127.6607	841.2480
113.7966	53.0391	579.1357
17.5080	3.8409	355.0827
32.7195	53.6577	477.5580
29.9370	50.3815	583.3386
4.3309	25.3092	75.5617
73.3379	109.0957	658.7562
83.0592	25.3208	771.6118
66.7117	80.6308	164.1919
77.8690	1.4865	636.5259
7.8969	47.3865	580.3857
92.2834	125.9342	586.2720
45.2605	135.7719	262.8377
71.6169	109.6647	849.7024
57.9244	74.4297	57.8191
16.9133	34.1619	486.9565
107.2609	125.7016	133.1100
108.6243	72.1110	685.9824
107.1947	51.9216	91.4943
29.8102	58.0284	43.9159
85.3614	41.3680	143.4683
53.8593	136.9077	550.9765
55.4691	27.3659	732.3507
116.5924	55.9522	75.5469
82.0823	25.5525	654.3383
19.9332	73.6847	793.2028
33.5771	37.0032	321.9117
85.8593	137.6469	377.0830
128.5063	34.8339	571.4581
89.5408	4.5800	209.6490
110.6391	80.6849	140.9712
8.4648	55.9044	497.9592
67.6182	15.2581	436.8658
111.6450	114.9775	312.9794
136.0834	58.4680	72.1837
90.4030	103.1342	108.7925
0.0184	78.6549	229.6591
116.7203	47.9853	71.7174
65.0326	93.2979	753.3130
86.9327	89.0589	702.2619
37.2505	87.6339	762.8494
110.4133	133.3113	597.1541
89.3065	52.1087	184.5225
55.6509	3.7878	187.0396
111.5135	89.4559	614.3764
87.9122	22.6317	95.4710
22.2198	131.3743	237.3953
15.2675	3.7683	124.1752
82.1682	27.4332	73.1133
66.3243	14.7086	331.4273
127.2914	130.4441	439.6460
23.1406	129.5036	101.7980
113.6661	93.1337	538.1286
113.5881	59.2636	315.8651
137.1095	117.1168	5.4056
129.3789	125.6304	417.4232
115.8997	33.2373	795.5621
93.3323	77.8887	344.0788
46.8580	56.3085	396.6167
57.9886	87.8338	746.1478
59.0331	18.2950	379.4758
65.3230	9.5112	370.6098
78.7656	81.0438	288.9564
17.8441	102.7342	262.2542
121.5928	137.9596	436.0051
40.2765	17.6513	473.3687
133.4454	18.7751	823.1747
130.6713	3.4057	821.6725
39.2726	113.3875	811.1586
1.0515	40.6651	533.1487
58.4620	42.8473	739.0344
34.8207	69.6372	240.5237
31.4691	81.6990	495.2018
96.4221	29.0601	771.6526
133.5601	125.9766	299.8404
130.9352	46.4384	235.0639
30.3134	68.2027	520.0365
56.6694	135.6680	827.4438
64.4151	55.9033	81.3986
34.6344	32.4718	216.3121
14.1563	139.6085	443.4432
73.4003	123.9771	563.2282
40.7801	99.9738	145.0082
62.9624	119.2572	559.4895
122.0549	117.8762	712.3533
117.0961	109.8038	375.0933
27.3494	135.9034	428.5349
127.3486	60.1562	810.2925
100.9275	13.0753	87.1058
84.1101	4.3331	366.6563
30.1513	137.1796	349.5253
71.9087	58.4563	805.6333
78.5589	82.2651	770.3600
22.9976	98.8202	544.6921
59.0321	132.9638	9.6113
37.1712	8.3168	113.6907
49.9962	28.5922	457.8616
11.6235	98.3680	825.1421
82.5364	113.4660	534.7325
127.2062	65.8340	613.2420
31.2861	59.4472	148.2260
41.7218	87.0767	827.7677
119.5631	80.5429	217.1727
15.5854	88.0150	412.5408
42.8165	135.7270	750.8937
133.0260	84.9893	109.9615
99.3685	114.8741	812.3989
4.2017	1.0790	553.9272
118.2718	3.2824	319.5256
27.2113	81.7368	280.0633
2.9958	58.1420	349.5518
69.0218	34.0927	468.6771
138.0420	116.6786	581.7885
91.2131	74.6512	565.7994
114.1005	66.7600	268.0994
50.7131	4.9756	473.3560
128.6035	3.1954	751.2678
119.2910	35.1823	806.1153
27.8955	92.0053	360.6645
112.6752	124.7756	184.8829
53.8743	40.8036	696.6037
116.2898	52.8498	464.8261
121.3725	103.9885	730.5634
15.0343	39.1036	447.8390
68.5613	5.6113	533.9116
68.3247	128.6844	181.4200
68.9075	98.9725	733.4087
45.6703	88.5808	221.6453
103.2436	58.1311	576.1903
27.2787	66.4379	282.0056
79.9031	136.8309	536.4957
17.1190	80.4628	572.4533
102.5934	138.8722	765.2652
96.7914	108.0474	499.2645
27.4376	73.7606	836.9214
11.1009	88.5095	707.9671
90.8365	24.1644	563.8083
139.6580	119.9431	402.1969
61.3012	118.4946	806.7604
135.1709	53.9740	41.6001
50.2212	76.5293	457.2695
93.1254	30.5206	422.4859
94.1478	119.5872	686.7288
135.1096	35.3677	232.7021
26.8184	54.3633	301.3301
46.9886	138.1752	767.7351
81.3416	30.9773	750.6474
120.8206	131.5596	835.8050
70.4870	116.1173	226.2355
46.8907	69.5473	35.6488
70.9879	50.9416	293.4445
122.6966	67.7776	563.3813
125.7908	111.8759	97.5203
47.0875	65.7054	753.3820
21.1051	112.8165	307.2860
60.8611	34.9396	131.9442
86.8905	36.8980	584.9674
70.6834	73.2454	391.5064
42.8945	118.4539	659.7497
58.2326	33.2747	45.2234
53.9093	103.7500	317.2801
134.0929	80.7905	806.8117
23.6362	124.4933	626.1881
95.4079	46.3348	310.1998
61.3972	58.2815	528.1291
115.8619	12.1256	431.1017
95.5387	45.8088	620.9894
77.9071	78.4932	282.2476
125.9140	62.8220	739.7007
130.0391	2.2571	844.1109
47.4641	1.3668	807.3139
41.1326	26.2178	46.4797
62.5661	21.8372	86.5812
108.5357	34.4795	33.0986
90.8392	69.3788	542.1377
18.5624	18.8793	603.6012
125.7411	0.7577	178.3747
33.6994	44.9960	388.4370
126.0557	68.0510	199.3212
115.4239	128.0237	615.7064
47.2850	26.1648	276.9520
109.7742	67.9068	465.0698
114.9973	58.7204	853.7141
132.9534	78.4106	402.2621
75.6646	53.7389	449.9609
80.3566	57.9744	296.4151
114.5612	47.8924	409.4078
54.0000	3.9455	548.9320
4.4007	70.0115	422.5961
53.7429	109.2237	525.5003
2.3076	117.4062	302.0620
21.7785	128.2405	458.2986
41.9154	100.8269	181.1869
115.2570	66.6779	297.7259
18.5554	118.5512	74.4972
60.3374	27.0601	756.0974
26.7659	19.7599	197.6810
44.2244	99.3859	277.2187
106.1549	23.8968	809.2310
74.7744	90.2711	704.8698
72.2987	19.1609	451.4570
96.8605	74.9972	754.3435
77.3453	118.9515	673.6942
47.2855	72.1191	184.2224
54.5901	32.2791	661.7863
100.0368	85.6719	451.7355
119.1958	138.3375	684.7386
71.5048	108.2442	671.7234
77.3112	116.4359	210.8625
51.0938	20.6306	631.2790
68.2710	84.9369	208.5363
132.0130	36.1794	604.8452
0.0804	116.6888	562.7891
47.7594	46.3569	275.6952
75.9261	124.4841	188.2267
69.8427	25.1558	746.6205
94.5754	137.9716	483.5218
111.6166	134.7204	66.4205
53.4786	104.2541	167.6900
129.8536	127.6449	182.8419
132.0791	96.1632	228.9425
75.5696	71.2713	387.9883
98.7520	64.0718	356.6068
111.2515	29.6744	493.7258
116.1140	9.1100	647.6042
79.9346	75.6056	395.5647
50.4901	112.3490	260.3290
1.6224	86.5424	666.4040
129.5649	64.3212	819.1972
93.4071	91.7119	347.9287
128.9292	84.2534	539.7171
80.8964	133.4552	632.0887
29.1190	6.1403	204.8567
117.4354	2.5846	425.2674
33.4565	79.9348	442.2693
92.1208	29.1237	341.3994
48.9178	22.3521	50.8144
71.9130	70.4937	332.6089
65.9640	80.7014	246.4035
72.9413	12.2976	781.3242
124.3582	130.1964	326.5822
120.4453	136.3298	14.0290
1.8799	66.6459	36.7914
115.5393	24.9906	716.7489
125.5918	15.6843	454.8604
136.2599	114.3216	587.4860
74.2069	120.5684	277.7596
27.0152	66.9999	797.2735
24.6995	98.4461	120.9406
77.8962	44.6360	802.3501
32.2318	54.2131	76.0256
72.8446	101.8606	398.7094
62.7983	18.7915	859.2846
45.6458	106.4917	38.8863
117.4654	58.8961	272.2068
83.8003	56.5565	239.7808
7.5883	43.8612	58.1935
109.4154	135.1128	856.8091
13.7892	135.6399	41.3024
137.3188	38.0379	493.9887
103.6797	123.8409	160.9335
75.9336	52.7260	243.4454
27.0343	13.5089	174.1604
98.8729	115.5036	523.7284
65.6270	135.8300	397.2486
66.6161	50.2908	518.8905
135.7010	8.9218	765.9491
86.7432	2.8316	623.9837
5.2926	37.9002	482.3891
118.6675	88.0307	297.7613
61.8439	91.8609	416.8928
114.3846	29.2714	154.4667
24.0787	45.8920	762.2995
72.6154	44.3460	374.7820
94.5534	109.4055	694.8348
62.8108	17.9160	324.0137
13.8024	47.5560	321.2703
56.4982	130.5250	759.5735
29.0838	74.7572	63.4576
100.6238	43.3410	137.4374
31.2371	54.6202	313.5227
62.9389	26.1173	306.7296
87.7076	130.6369	561.7158
44.8518	100.9282	62.9536
99.8847	129.7818	331.2769
16.7682	124.0441	175.8884
115.2556	76.7194	520.3251
12.3109	85.3491	447.0351
12.4942	103.6028	239.5923
29.9396	130.4595	430.0572
23.9553	67.6840	666.8186
74.2741	52.6024	752.8668
63.0482	4.3344	531.0735
46.7384	12.6488	739.9486
130.4609	64.1380	120.5932
72.8530	128.0890	824.2961
55.2578	61.7691	139.8224
9.7846	92.2540	35.5973
55.0308	118.2960	164.4231
80.7059	0.3427	511.1483
84.4278	3.0557	452.8644
28.9831	73.7385	12.8439
134.5220	135.4233	2.2400
0.7826	24.1440	821.4393
38.4122	1.1433	218.8632
94.8053	127.5826	297.5618
138.7338	106.0327	570.7824
138.3326	47.2074	66.7804
16.8249	134.4288	262.0516
135.3599	3.9272	593.0535
134.9503	59.9226	39.7251
135.6963	40.3846	106.3671
81.3154	101.4215	91.8017
91.7316	19.4766	825.9704
40.8363	47.0844	110.5718
136.1652	87.1388	35.5045
82.3103	121.5324	499.4436
9.4871	120.2946	759.8566
60.1045	25.9200	469.1604
71.4163	72.3501	388.1841
106.5024	92.1471	786.4632
104.8083	93.9437	553.1317
21.3097	40.0093	71.9255
98.5345	54.1188	464.0290
85.8559	85.0411	121.1231
101.7166	86.6956	826.5771
64.4564	62.8592	106.9145
133.0368	21.4494	758.8501
66.7343	85.9076	467.2362
114.1424	128.1882	858.0585
38.3284	111.5958	260.9021
12.6390	125.4425	488.5064
50.6805	28.5503	168.3890
101.4501	130.7121	313.5778
30.4353	82.9648	186.4547
51.4063	44.9467	44.0390
115.4646	47.5263	501.0916
123.9692	107.0698	760.2502
66.0626	117.9621	352.6789
12.4556	12.6004	355.3803
92.1668	32.5054	684.5926
91.0079	99.2055	220.1284
109.7125	69.4907	502.0136
72.5662	27.4508	857.6479
97.2502	117.7138	715.3322
119.6914	27.9161	290.1425
33.2378	106.2814	641.9371
71.6306	110.1952	525.8443
14.9492	29.6657	519.5133
86.3716	109.6140	166.0193
106.9077	0.3973	84.7629
1.7651	86.3970	434.4940
132.8402	59.2402	565.7098
79.8579	134.6548	608.1174
32.7442	32.3834	220.2172
65.3744	23.9307	309.2556
136.6026	75.7323	330.9321
119.0933	42.2005	668.8139
9.7132	15.8902	240.5277
69.8666	26.7596	143.2783
54.3354	44.2253	813.5313
60.1348	29.6346	737.3981
104.2078	85.3443	465.9554
17.1555	41.0428	440.5058
73.1268	55.4950	748.0659
102.1428	4.7759	12.8289
75.9471	75.0477	306.4154
48.3449	116.8714	440.6870
2.3353	44.9192	839.5471
25.0670	21.3075	151.2521
20.3569	38.2388	663.6788
127.4479	132.8962	325.0239
95.0764	85.4696	836.0772
109.6276	124.6134	771.8042
74.9605	115.2773	841.4689
5.0644	71.5836	776.1106
78.5029	90.6300	587.4142
107.3190	112.9488	732.5714
129.5195	9.5365	644.2664
39.2828	135.3447	461.1521
103.6341	26.8935	660.7284
50.8727	62.2967	854.8563
98.5540	127.3512	678.4231
132.1606	110.4741	753.1632
89.7533	41.1873	128.1981
112.0052	47.0890	549.8558
60.0649	137.9840	516.4493
135.3696	8.7059	360.6497
24.2205	17.9102	581.4975
90.5143	4.0589	305.5995
40.7939	108.3440	278.9978
28.0144	72.1160	573.9206
124.6987	37.3724	537.4047
68.5028	124.8214	733.2398
134.6561	127.6282	302.6111
86.9928	98.7860	275.0339
137.2635	37.2365	538.3997
131.2401	95.6410	443.3658
124.7812	113.7584	40.4427
21.8605	75.0752	703.1779
82.1842	129.5167	750.1861
55.8390	24.3439	509.9179
76.7786	21.4944	543.7101
81.1342	122.6048	645.9056
31.0193	43.3923	245.6654
53.5942	89.5817	46.4630
8.7242	64.0128	132.5543
51.3314	36.9139	94.3471
96.2849	33.3355	37.3874
70.1959	3.8864	32.3732
116.0907	0.9272	740.6158
40.3459	62.5213	103.9345
53.6782	105.6582	505.0671
71.6410	102.3671	787.8043
26.0434	38.4702	540.5460
95.5309	30.8702	774.1048
39.8749	53.9623	72.6968
27.4946	21.6631	452.1965
62.1573	71.3760	788.2478
77.6942	71.9913	774.1393
1.6842	5.5633	134.1698
50.5665	134.3446	53.7200
97.5704	118.5487	218.1045
90.9765	136.3440	638.7814
133.6616	54.0161	536.1423
92.3772	68.5531	711.0101
44.7212	118.9624	832.8203
70.9040	85.1863	244.4440
126.6020	119.3996	13.8442
79.6378	23.9847	676.8015
62.3874	67.2056	834.8636
36.1703	118.4009	181.5795
73.7761	16.7532	247.2678
126.2575	94.2306	715.0610
15.2033	121.0211	673.8662
34.1778	93.0833	664.9052
49.9661	54.4302	272.5582
30.2817	138.7400	372.4818
111.2235	80.4162	804.4686
18.8016	2.1722	548.9087
31.0657	116.8807	174.5060
21.4085	12.7508	187.1244
118.3447	86.9886	851.6646
135.7391	47.5076	423.6969
88.1423	87.5740	371.5464
8.7510	71.2737	352.0636
125.9823	25.7306	764.4596
68.8603	75.8317	724.3681
110.1416	110.6173	308.9494
82.9123	98.7690	404.8653
101.1189	81.9613	744.6427
51.7992	111.7349	594.2115
121.3506	41.7107	168.8794
91.1846	4.8882	137.1751
14.7504	36.6703	305.6718
84.6066	121.6460	702.3058
117.6613	5.4513	852.3806
120.3474	20.7680	490.5272
96.6403	77.7462	173.2544
41.0581	22.7904	500.0370
121.0093	69.0125	829.8404
21.0795	21.0432	342.6025
65.8125	106.2569	360.1922
46.2776	40.8435	167.1447
119.9783	131.2380	239.9068
29.0915	63.1330	764.6974
117.8335	39.0614	704.3730
7.9347	16.9892	621.0866
106.3920	65.3849	146.6705
115.0093	121.2516	677.7569
79.3658	99.9132	629.6557
67.2595	22.1628	306.9799
136.3038	40.1131	619.7580
5.6678	119.9478	258.1411
78.0783	84.8148	322.5948
57.8367	34.7449	482.2186
20.8824	46.6965	172.9623
54.9442	24.9031	12.6797
95.2376	44.8843	666.8351
37.2975	127.8450	51.4692
108.0905	15.0628	233.6046
55.7747	2.4650	5.4592
97.1308	108.6929	398.9663
98.2606	54.1998	1.6817
128.3508	50.4583	7.4576
51.7039	7.9740	532.4531
117.6365	79.8397	674.5503
12.9722	46.8124	793.5540
103.5552	50.9838	415.8250
42.2192	5.9458	803.9233
59.0196	97.9013	32.2574
138.4585	51.7880	730.2806
0.5503	56.1704	680.5874
119.5446	88.4435	857.2034
58.0466	138.9821	575.3750
70.8608	128.3330	170.2141
67.1458	12.7145	220.0760
127.2633	4.7376	295.3601
101.9894	33.3715	444.0523
75.4863	59.3881	803.7350
133.4228	63.9157	11.5768
119.8273	43.5280	228.8071
37.4079	50.1854	85.4098
16.1167	35.9076	338.1310
137.5251	51.7726	285.8276
51.5149	89.4553	842.0071
26.3277	30.4362	201.8981
65.1252	45.1217	703.9685
33.3808	78.2179	147.3827
83.6239	134.9764	512.6897
61.8081	56.7365	415.6821
109.7953	91.8555	527.3134
62.0498	117.3712	264.6395
95.4056	47.9729	103.0017
63.8336	2.4187	667.5694
102.3238	51.5212	292.1860
4.5956	104.9219	759.5760
126.1512	89.7981	383.3920
1.4872	28.9273	844.1357
107.8704	72.9804	233.5889
99.1459	70.0946	68.8382
15.5914	77.6757	278.2982
73.5748	123.8945	656.3766
104.3980	69.0716	142.7872
129.2361	55.9181	420.5519
134.9379	7.4492	418.0702
110.1124	96.2060	212.3184
70.6257	0.6991	560.1853
80.6288	40.6489	279.3730
106.5258	62.4280	152.6321
91.4776	93.9121	277.1607
92.5632	100.6526	294.8945
115.9007	67.1048	322.3638
84.2460	76.3244	47.2042
136.5284	35.8134	618.5894
43.4395	27.4434	814.8451
54.5097	54.6690	697.4314
83.0420	65.5849	118.6394
31.2693	139.5504	56.9738
46.6528	23.4691	759.4850
16.4486	58.2052	76.9825
37.4869	137.8721	311.3638
82.0061	32.7434	55.2433
124.4828	117.6592	363.4397
129.7446	62.8482	524.9898
122.0973	77.8468	19.6807
7.5365	33.9633	387.9005
28.3772	106.5661	149.2585
38.3152	56.5970	77.2233
35.3370	0.2701	753.9355
26.9049	63.5281	670.1070
139.6396	136.8712	259.2238
22.3915	71.4985	272.4142
81.7761	132.8834	529.4896
75.9069	54.5833	41.3059
65.3113	38.5072	115.5279
76.4641	96.4325	412.5803
118.0773	138.3673	204.6698
118.9160	35.1743	475.5021
53.7310	130.7187	57.0296
128.5126	122.0332	842.0385
91.3809	29.4402	513.7518
32.6730	55.4400	746.4237
42.3219	65.8265	239.7267
10.1521	93.6311	563.8460
130.6617	19.5606	538.7709
126.8510	112.8836	53.4937
0.2190	113.3384	456.5642
62.7590	97.8891	97.5910
63.0188	94.4786	380.8645
114.2150	38.9288	340.0459
95.8799	104.8937	156.0112
75.7294	99.6180	418.9246
121.5361	27.6552	305.9197
125.3006	105.6963	262.1077
52.9155	99.8473	482.6612
46.4288	135.1055	120.5415
130.6485	117.4670	450.6189
49.3429	137.3231	1.8861
24.2324	48.8686	463.7246
58.9727	87.0945	232.1891
58.6517	113.8971	633.2304
70.7554	126.3252	729.3662
33.5617	133.8827	629.8289
84.5397	45.6406	422.6382
89.9654	71.8969	598.2788
46.8322	123.2726	796.0648
94.7742	5.3305	255.3422
62.7124	130.3612	840.3584
57.5499	130.6316	831.2358
92.3655	126.0401	542.0258
77.1469	72.9878	332.3263
96.8876	118.0640	190.6011
77.5117	4.5065	400.1544
73.6082	12.7563	581.2160
103.3027	11.8972	735.1922
20.2140	52.1224	275.9752
19.6099	35.6231	658.2196
67.4037	56.5579	743.7933
93.7620	61.4686	560.5341
56.9322	40.0864	405.8459
12.7787	50.5240	739.5169
7.4057	136.5834	577.0671
89.3808	138.6376	570.7858
0.5267	115.4857	305.8529
84.1947	139.0436	532.4654
71.2032	99.7616	715.2271
44.4091	17.5719	646.5436
132.3333	59.5896	627.1318
99.2413	84.3994	238.3616
28.2449	94.6884	469.4452
7.6927	112.6954	167.3118
53.9612	67.4583	88.3543
40.3395	21.9691	817.2990
60.0292	3.6293	851.8443
93.4340	117.9452	109.4513
9.6603	114.1986	127.1222
34.9629	16.8646	419.2672
28.1521	6.6884	281.0851
13.2320	136.2342	485.9916
137.4006	72.7502	73.9743
67.8366	29.5085	453.4917
99.5353	90.1754	806.4606
34.4387	55.9951	151.9095
1.4677	132.5667	654.0023
0.2365	65.5390	667.0537
1.1172	4.2128	11.5419
72.2732	127.4317	708.4706
124.4420	136.0707	689.6779
53.4134	35.4805	194.1749
131.8666	24.4201	835.6985
2.5013	82.8526	792.3101
43.7119	23.4303	466.9285
118.1305	57.8608	539.0447
25.3026	85.2533	620.2310
74.5200	38.2149	368.5828
46.1286	55.4567	592.5697
22.8509	61.5782	602.5800
124.6694	48.9019	29.4224
93.8480	72.6249	145.4383
126.2039	56.0933	673.0886
35.7811	86.3977	326.3757
1.0832	90.0559	677.2878
62.5741	81.4435	219.4410
130.2871	48.6441	647.3464
89.0344	132.7267	13.6138
34.0086	72.9192	537.8076
31.7624	82.8375	177.0608
139.7142	116.3292	558.4916
120.7514	78.6480	309.1942
136.8731	121.6436	845.2779
114.5449	86.2681	694.6006
55.1882	124.3261	247.6203
29.2276	100.5218	692.0488
56.0963	79.8917	491.8325
15.7143	25.3810	460.8273
61.2357	136.5423	840.1004
91.7939	29.9368	142.6025
137.1788	13.3853	18.6291
50.2522	40.9701	783.2950
68.9215	126.6483	51.6473
37.2012	119.6631	459.8119
4.0422	56.3270	844.8434
70.9064	135.1124	671.7370
95.9078	11.5682	435.7731
90.0141	33.2658	140.1073
125.1632	72.7906	349.9654
12.8204	69.1528	821.4369
100.3072	68.8993	57.3908
21.9714	77.1886	792.3010
20.9809	46.5153	209.5175
51.1686	98.9114	689.8082
117.3509	45.4057	669.1044
55.4103	47.5953	672.4361
109.8992	138.8475	163.3458
52.7588	9.8695	402.2116
39.0857	119.6236	518.6154
121.3959	76.3643	29.2799
107.0581	2.9552	677.6954
12.7257	67.2929	84.1894
139.2074	52.3504	118.0956
90.4415	37.9268	293.6956
75.9799	95.2898	656.3873
47.1544	139.4725	256.9486
5.1500	10.4309	814.0950
98.9823	32.3621	345.1352
4.5298	109.7865	76.8499
135.7281	115.8650	221.0767
29.7784	137.8653	86.7925
0.1037	12.7244	610.8034
78.9055	56.9366	424.3952
108.7982	110.1211	752.6473
132.8667	128.3320	705.6326
87.0978	17.1340	200.8721
49.9189	121.2078	202.7013
127.6704	133.0471	670.9493
116.4952	108.5456	89.2301
32.1104	13.9816	567.8923
41.3386	104.8934	669.8785
24.5499	116.0320	432.6458
95.8342	29.3846	813.7418
34.9848	45.0958	401.8080
49.6879	26.3473	288.4618
59.4919	54.5653	251.5651
121.1555	135.7700	861.1780
96.2800	131.4507	496.0813
53.8226	133.4696	89.1558
71.4166	32.9742	287.1086
88.6354	61.0397	798.0530
107.3390	128.7145	541.0330
19.2549	99.6885	218.9361
127.4698	12.7157	73.2392
119.5315	37.4135	682.4407
62.1676	59.6087	730.9084
35.6534	20.6678	339.2862
86.6375	9.4551	619.8335
62.2420	114.5324	199.1842
11.0602	66.5393	509.7895
89.7110	97.7733	364.1455
66.0550	124.8216	50.5933
121.2004	133.0921	255.2550
132.6870	129.9876	529.0789
92.5070	34.4678	581.2097
79.2140	3.1714	816.4206
24.4361	135.3268	451.7368
7.6315	38.6016	592.6619
107.1862	74.3943	603.0524
11.1245	36.7168	393.5471
67.5407	55.5953	585.1456
7.2791	94.4050	567.6606
0.8620	72.3187	88.6608
106.3495	138.2614	343.1737
33.8135	108.9552	798.3672
102.5006	111.9228	351.7932
120.6231	13.8498	217.1771
114.6220	10.8910	625.5862
18.5853	62.8224	850.6443
65.8870	16.2232	219.9134
1.0366	29.7639	705.8446
73.3641	38.7864	405.5511
124.6754	7.7658	641.1835
24.5637	59.2787	325.0885
52.4344	73.0692	797.2822
50.7174	75.0206	699.0312
18.8411	9.2852	399.1070
65.2661	77.6557	277.0883
73.7282	39.7438	568.1791
47.2438	61.3616	167.3161
68.4355	93.3419	791.6883
131.0986	87.7304	743.8393
15.9791	109.3464	632.4524
77.3279	68.5531	746.7150
38.9259	34.2450	474.6286
95.3050	89.6805	108.5766
60.2812	116.8739	582.2003
94.0022	137.5390	691.1859
115.4334	36.5721	315.7731
17.9668	117.7498	765.8689
10.2200	52.2669	768.1544
130.2235	135.9213	45.8412
39.6922	79.0860	521.6078
106.6775	82.6743	756.4197
77.5523	56.5136	93.1024
89.8028	67.6890	165.8170
59.3617	11.3379	711.5975
15.6526	24.2277	840.0174
76.0836	70.3757	26.8619
89.8371	66.2389	246.4223
0.4027	125.9700	800.8724
36.4175	71.3245	329.3745
64.9313	0.8663	527.4496
73.8139	34.6098	405.0583
68.9832	58.2021	591.6201
71.0128	9.6177	473.0456
126.9914	60.5024	417.7106
74.7316	21.0678	374.0429
74.0777	58.2785	693.9652
8.2753	103.0024	408.7938
55.2245	55.0919	492.6612
67.6038	78.1638	402.8658
2.5642	60.7406	246.8325
131.9859	13.4086	266.6490
77.8994	124.6993	805.2775
122.8101	18.9160	282.4051
125.2969	72.8087	575.5265
46.8940	114.0110	389.7858
115.0211	67.2972	807.5333
48.8946	63.1703	65.2608
73.8811	101.5578	433.5019
124.4629	58.6644	413.3014
22.2592	19.0783	57.4681
0.0244	62.1408	315.1971
43.0730	115.2932	775.7735
70.6302	41.4793	711.1684
68.9911	105.4277	826.7490
116.7889	86.7385	360.2128
19.3560	3.4810	348.2854
76.9079	122.2229	656.7698
127.6464	114.5706	737.2486
41.9154	100.8269	181.1869
19.3354	112.4218	749.3908
121.6306	131.2583	837.4780
62.2523	42.3322	640.9366
8.6724	93.5138	651.7558
126.3724	41.9003	505.0102
121.5669	103.2821	9.4530
40.8350	118.4351	654.8439
123.5081	52.1472	393.1448
85.6070	108.4833	446.4283
102.9697	110.0210	432.0186
15.7864	119.0168	650.4823
86.4293	17.0435	607.5171
112.9700	26.8494	91.4284
90.1724	50.5191	802.5645
92.3587	122.5756	644.3181
37.2310	77.2390	60.2557
4.7280	107.4175	575.4765
48.6329	0.1409	812.8965
11.6942	61.8141	660.4133
33.5040	76.5288	145.5008
70.8257	96.4803	477.4350
53.2262	9.8151	478.2990
113.2883	134.3437	830.1909
62.0815	23.4724	851.0498
9.6312	95.1738	830.9795
105.3812	1.9236	412.6975
55.6662	61.1238	115.2570
130.9529	131.0286	166.8976
125.8136	16.3707	468.8285
31.9251	117.3509	580.6186
136.8196	84.1742	501.0463
9.3372	60.0615	701.9939
122.8084	102.4037	269.5197
11.9012	99.0172	795.6596
93.5175	45.9196	420.0580
40.4073	128.4099	30.8618
68.7534	4.8536	468.0954
110.6929	110.3704	853.3972
78.9978	89.5302	615.1785
9.5573	28.0074	862.4050
97.2877	126.6935	215.5692
99.2366	89.1958	282.2554
139.2224	23.8261	57.7550
132.0389	129.9786	575.1188
5.9558	37.1147	497.2971
32.8010	30.5102	320.7257
69.9262	94.9950	259.2936
15.1786	8.5874	534.8451
64.5930	69.2148	517.5576
119.3464	115.5634	856.6954
32.9834	66.5786	238.3563
18.5199	80.8997	12.4769
104.4949	22.5102	267.8376
94.9648	67.3082	453.4105
58.5258	57.1509	425.1198
90.3227	126.0477	62.2639
66.1911	78.4537	667.0068
51.7320	127.6394	160.4262
82.4176	34.6960	35.0581
36.3578	136.1537	648.6881
102.7011	37.7184	68.0843
115.5925	110.5809	245.6531
30.8833	111.5452	730.4479
35.4378	135.8001	361.2719
65.6570	113.4145	82.1037
76.2928	22.0283	244.1166
56.3185	56.1424	624.2337
63.5202	133.2295	653.0511
58.7795	2.0147	651.4803
2.9337	66.0504	524.8608
96.9044	119.6840	333.8418
23.7265	15.6756	123.0790
10.1638	34.7305	192.6631
31.5447	83.9494	157.1028
134.7747	16.9035	648.8722
117.3935	92.8157	808.8352
50.1333	27.6022	748.6701
136.2045	8.8739	175.9536
33.5636	130.5523	680.2817
34.0332	37.2536	512.8316
30.5195	39.8760	843.3374
96.4179	57.6611	487.0934
102.0980	43.3697	176.7172
121.5112	72.9800	595.4557
28.3806	112.7221	442.5167
29.7422	107.4474	341.9483
31.6886	37.4231	315.6951
100.2899	28.6464	675.4788
25.1944	20.2791	694.0110
76.4879	11.1053	399.1022
109.8605	42.0259	665.8824
91.8961	103.9660	569.3836
64.2745	41.9444	231.5738
35.5018	53.0768	163.2547
129.0657	15.9157	299.9111
74.2585	126.8860	476.2321
17.1781	113.4384	134.3056
106.3101	137.4712	11.1722
84.4075	120.4094	472.6379
81.4705	72.4076	544.8461
98.8311	61.5645	104.5223
92.3405	97.0345	848.0716
107.3214	98.3896	571.8058
122.7929	86.3990	698.0899
103.4011	138.8876	31.9033
33.2654	105.6028	621.3215
16.1301	3.6031	420.2648
2.1117	104.2665	52.1871
55.6214	98.7900	84.0391
94.7905	134.4214	24.6872
56.0011	8.3728	562.4418
4.2968	27.2108	65.9611
81.1559	22.1098	831.8223
1.9560	73.1277	419.8265
80.9236	11.1313	630.0407
127.5165	75.2744	251.8235
60.7685	89.0940	102.4476
111.0356	79.4127	670.9814
97.7770	75.7252	214.6064
124.6751	38.9180	814.6746
52.8556	109.2795	407.7622
22.7083	51.9575	6.1264
94.8905	121.8269	749.4742
60.3322	58.2146	649.4045
79.8031	29.0184	418.7380
30.1246	24.2782	663.4513
17.6163	111.6251	49.8903
85.3700	52.7036	121.7150
83.6084	17.9001	771.5178
55.1209	74.2293	265.4733
112.0125	60.7119	313.1043
67.8690	72.7366	796.4790
126.5835	44.6942	707.0979
18.1971	92.1761	710.8525
52.9547	96.1447	676.1515
34.2311	101.7403	622.0279
1.8032	70.7134	20.2937
16.2245	36.5200	554.1556
125.1825	125.0257	808.9161
128.3510	93.0836	215.6237
11.7593	77.2933	454.5518
79.7401	123.2192	466.1470
110.2773	41.7052	463.8094
0.7713	137.4403	335.3103
54.2457	52.3032	53.8954
98.9642	84.5754	490.7919
11.1228	51.3851	818.9804
72.0524	16.5667	12.8896
90.7335	83.5615	32.0298
33.9516	110.7490	178.0486
136.9223	91.5667	678.5960
27.6104	106.2729	206.5663
86.5610	119.1991	257.5288
84.8555	19.7157	509.2598
124.6171	1.7435	311.3953
76.6393	4.9444	505.5451
20.4698	12.6414	650.2632
20.0702	31.8696	108.5290
139.4264	32.7702	288.6736
129.6997	3.2680	153.7376
111.6314	99.1870	1.6259
8.3654	3.2607	746.9458
21.3092	19.7751	396.5527
51.2626	53.0401	444.6742
10.5540	40.1264	694.2300
71.7139	40.7868	292.5370
91.6602	76.1877	161.0756
85.7246	32.5203	360.8848
70.4497	52.7114	106.6377
86.6627	91.0968	415.8087
13.2101	58.3659	57.8334
49.0099	56.5881	463.9011
4.9045	132.8487	658.8781
38.4028	108.5382	25.6873
132.9733	31.7465	502.0235
15.5779	89.3851	12.2392
63.7859	68.8032	824.9563
4.3558	72.6245	377.3988
40.6810	28.8211	809.3061
80.6687	95.1265	126.9928
123.3211	63.0097	82.4056
68.0279	15.2923	182.6280
97.1808	137.9470	206.7187
3.3294	103.1808	625.5370
10.7902	26.6543	242.2576
4.5773	73.0830	406.7618
21.7181	107.1209	2.1364
55.5034	11.1382	617.5349
79.7229	96.9830	225.4534
119.8592	29.9577	535.2792
52.8856	81.7462	452.3286
81.1798	112.8493	101.0159
10.6378	125.7394	368.5992
124.7000	51.5724	86.2153
127.9963	96.6556	203.4006
11.1337	33.9218	276.3408
94.0302	7.9776	79.0990
0.9732	95.9772	735.6439
90.9811	127.4880	139.2425
79.6509	5.3390	598.2883
131.4288	46.6027	193.7576
27.9129	50.4894	744.1944
78.0969	4.6466	656.9235
6.9165	34.8746	722.9212
100.1535	49.3425	132.1327
44.8729	105.7512	331.9374
105.5506	113.0292	393.9183
113.1762	128.9931	10.3508
7.7026	43.3113	489.3158
53.6694	17.3370	647.8972
106.5035	121.0843	594.7073
57.9402	91.6502	296.9075
41.1033	135.5108	327.5256
86.9873	53.1233	551.5975
98.9908	84.6137	419.3084
88.4472	122.8015	832.7406
62.9979	118.2933	461.4949
74.5282	19.6226	698.4516
97.6139	67.9393	574.8033
66.4841	1.5816	515.9551
108.8601	100.7146	565.8476
74.7074	101.8520	747.8855
28.9813	22.5662	103.1142
11.3644	24.4530	464.9938
18.9252	38.6863	69.1874
113.1331	128.1932	123.9375
18.0725	4.6527	487.0855
106.3594	8.1700	639.6686
19.0658	14.6247	473.3534
93.3516	73.2243	821.0353
1.2835	74.1474	352.1282
131.0845	65.9792	642.9307
77.9579	104.6379	111.8192
37.0913	52.9378	497.3034
76.7260	39.9843	787.9364
13.5745	137.7253	572.8465
74.3328	69.9263	222.4300
3.7667	29.4832	80.8691
66.4008	8.1508	174.6144
96.9173	74.1728	843.9236
11.0565	126.1602	411.2224
105.3041	131.0494	680.9814
44.7905	128.1906	793.3521
99.4312	18.1866	610.4610
99.1528	12.6601	6.8883
76.4961	47.6510	602.1994
73.8274	67.5605	531.7026
4.7065	73.2518	128.6474
26.8191	12.4705	546.1120
102.6785	77.6644	728.0547
8.3818	51.8872	15.3795
70.2176	99.2751	596.7914
52.9554	104.5874	679.0112
84.3698	60.7390	691.9313
103.7835	92.3405	642.7668
45.5814	63.0929	841.2441
97.7225	51.7181	638.9231
105.9168	15.5325	273.9175
4.5074	61.0996	266.2432
12.3334	109.0856	648.3932
17.0747	93.9205	3.0205
132.5687	109.3172	526.4613
124.9936	102.4163	305.7316
35.8080	78.2938	94.9939
126.4106	13.1236	131.2133
19.5392	53.7141	153.7266
115.2522	70.7524	480.6256
56.1887	10.9311	448.9157
22.3454	45.6952	146.9053
109.6091	63.0869	703.1077
58.3716	26.9484	810.9732
110.9584	92.7806	356.2262
74.1505	94.5797	786.0427
96.9053	97.1597	360.3038
95.7632	6.4928	337.7838
3.7742	91.7861	635.2076
106.8791	52.2021	68.1017
28.2891	104.8858	582.0763
49.8501	19.6153	629.9406
13.5521	6.9850	534.3547
11.4114	123.3424	589.8126
14.2530	61.6123	346.3898
24.0580	14.2702	525.3605
80.5118	51.2997	557.4037
4.6552	101.0903	199.7461
110.5422	32.5235	640.0805
3.9674	122.4595	645.0230
75.2825	129.4401	0.0623
22.4529	68.9798	390.7022
0.7339	128.7351	160.3598
121.9301	25.9043	256.2778
17.3011	110.3116	794.9498
32.5748	131.1017	216.7461
75.4812	22.8221	245.4423
92.9453	83.8112	461.1721
73.1843	23.5395	275.5999
49.1723	100.2676	317.9047
41.2663	19.6168	65.4492
32.0475	98.8434	280.2622
117.3388	95.3992	603.0024
109.9166	38.9774	593.0321
111.3216	120.5332	753.2122
134.8411	59.6544	257.6143
89.9815	41.7955	642.3706
109.2599	54.4768	573.2628
119.1247	128.4659	119.4957
116.9065	21.0614	266.7323
56.9151	89.2729	683.3019
6.1785	37.4688	104.6099
107.9805	120.6348	254.0514
69.7093	105.6771	302.2836
116.1712	28.0203	7.9628
55.2210	114.4432	333.3750
24.7382	8.9208	102.8486
35.5832	43.7254	138.9946
84.7641	44.9714	384.2128
136.2778	138.4854	130.9078
124.5933	41.1670	170.0222
51.0006	1.1703	103.4183
101.7620	123.2468	745.8320
47.7955	124.4830	463.4766
16.2380	29.6760	463.3998
8.5538	3.1885	194.0909
49.8017	66.0303	619.8507
95.7275	131.1284	671.4237
49.4992	85.8902	151.0977
0.1582	55.4213	624.1858
41.5023	22.7854	575.7377
12.2958	58.8767	855.8367
71.6406	71.3587	393.4803
31.4870	68.8758	722.4577
112.8571	65.6818	339.3437
45.8234	134.6725	343.4121
40.3575	28.2921	303.2516
29.4251	99.6920	433.2272
99.2314	125.9391	522.6634
97.2818	83.9264	453.1604
85.0722	72.7984	89.1072
2.2596	6.9144	573.9033
92.3124	135.5538	349.8044
78.7774	24.8417	237.2615
126.0152	29.8075	290.3933
114.2204	107.6183	748.2173
65.9906	4.7421	412.6247
57.0362	68.7732	576.6686
112.8734	131.1960	553.2282
23.5229	18.1568	356.0978
132.7031	128.8398	171.1376
93.3861	110.2411	185.1585
126.9748	105.2102	561.5365
94.9675	95.7374	387.9115
99.1773	67.7394	204.2819
44.6521	128.0841	96.8703
42.8916	49.9850	839.3259
1.2287	21.8436	690.7863
46.0181	94.1960	464.4924
90.1251	15.9640	371.2911
30.5888	126.7363	598.6775
112.3015	129.4016	45.8352
59.0998	21.6176	858.1051
42.2119	60.4593	466.1378
121.3913	23.5100	313.6882
53.3621	73.8106	64.4414
56.0974	76.0675	152.0293
108.1612	54.5280	663.9874
114.9011	98.3545	559.8522
95.9866	37.3665	106.6518
9.8962	21.7528	383.2294
54.3367	25.3666	479.8300
57.9232	75.5251	190.4534
68.8745	79.8810	244.3883
21.2393	104.9634	592.7353
35.9693	76.2800	390.1634
45.3329	120.9541	327.9093
139.5693	55.1106	566.9937
29.9437	49.9140	73.0076
65.3447	31.0187	97.9269
89.6457	61.6554	703.7605
79.2153	123.2132	83.0288
12.6777	108.6920	53.0944
11.2048	26.6026	367.9981
14.6474	24.9157	518.7650
46.9610	80.1967	408.5355
120.0374	37.2708	632.0158
67.7807	98.4635	171.4316
115.3834	131.7808	231.8018
14.5988	60.6932	489.2483
16.1992	23.1652	205.9155
35.7293	104.1767	226.7793
54.9681	54.1175	595.7485
67.4945	85.4589	46.1660
36.6410	72.7108	666.4937
135.1877	83.1591	88.2061
123.6743	100.3942	604.5414
106.3024	31.3336	408.8611
2.0980	69.7480	71.4656
89.5437	15.0981	305.3496
136.9974	113.7558	221.3946
69.0673	130.9319	709.4551
137.7439	19.9175	12.6742
126.0216	106.3430	77.1546
48.9022	113.6696	444.2686
5.2505	131.3719	74.9255
48.4159	42.6192	106.1369
61.4540	65.6379	146.9475
70.5755	124.1762	730.2265
71.7242	30.8359	370.8284
135.3010	101.4724	601.9461
23.1855	87.7871	730.0530
44.0735	100.8428	195.5024
89.1197	33.9948	691.9600
57.4928	50.9112	651.5620
102.1374	108.3220	525.9011
139.4755	137.8373	646.1837
129.4212	14.0025	764.9065
103.3831	103.1531	530.9306
12.4348	112.9223	475.3194
87.8164	53.0238	233.9527
78.4240	59.5496	391.2888
22.1420	94.2767	638.3693
58.8410	124.3122	169.2551
33.6480	4.0272	283.7120
79.8523	14.5371	651.7807
8.4016	46.9185	686.0475
115.3703	110.0633	211.0392
134.1389	47.9381	87.1129
100.9324	116.6465	727.0072
34.5622	59.6734	397.9015
64.2043	15.8269	279.4733
33.5776	9.1863	138.1158
25.3687	88.1586	694.2464
124.9166	36.3148	591.5938
96.2151	29.2707	491.8231
91.2514	1.4347	113.5836
3.5015	65.2078	62.4876
66.7587	110.2180	743.3143
130.4465	8.3275	188.2880
86.2738	104.4229	278.2283
11.4209	99.0365	161.7141
35.2177	4.0014	131.0286
23.7966	81.9504	796.4752
99.7091	64.2043	467.8434
56.7236	48.4041	697.1216
101.2180	40.9907	694.3316
112.5001	28.1508	340.1679
69.6545	16.8867	491.5236
32.6846	30.7329	565.4454
130.7284	91.5758	176.5701
89.5867	79.5294	135.8118
61.1520	108.6063	647.9651
135.0479	6.6091	416.9045
32.3669	129.1658	82.9505
4.1488	68.6438	396.8854
84.0108	0.3351	517.4409
59.4783	118.4286	168.6778
37.9341	11.0944	694.1673
50.0645	22.2479	540.3042
123.5414	24.5131	650.4369
130.4363	94.8580	191.2469
22.2043	33.1821	149.2173
3.7723	30.5287	737.2557
25.4810	54.6334	442.8017
81.5233	109.4832	338.5872
96.4989	45.1849	176.6972
114.0622	0.5542	633.2629
87.5468	111.9833	296.4376
69.0335	130.3583	624.9421
62.6483	40.9599	684.7578
125.3929	50.4382	531.8024
9.1839	61.4927	810.6447
19.1865	137.0330	178.8324
38.3144	15.3258	250.3730
86.0379	96.7742	375.4645
60.1159	57.9393	6.4859
105.7478	19.9195	343.7303
100.1123	51.4110	46.0100
59.5920	123.4295	386.9854
131.4965	30.4485	427.9959
135.6609	130.3976	71.8305
134.3208	45.6826	395.8849
35.9969	101.4473	278.7691
93.7270	60.7288	581.1196
107.1636	138.4929	452.1761
23.2753	73.1912	428.3159
120.6215	109.0539	787.2234
112.4157	59.9017	556.7883
77.7829	114.9483	287.7184
93.7734	72.6951	287.7034
128.6328	101.5750	662.8526
63.7645	78.7629	758.8056
19.1587	99.4053	392.6185
20.7126	67.1832	795.1831
87.9080	89.7408	202.5685
113.1143	75.4864	29.9244
38.5917	93.9988	111.9031
46.9179	21.3763	734.2147
15.1496	29.4430	557.4441
10.7017	22.3368	297.4680
30.9852	71.5566	673.1393
97.1125	47.5817	185.4382
31.0626	74.6730	750.6172
87.4217	80.8654	353.7061
38.3599	96.2541	504.7925
111.1481	24.2638	209.2384
70.9088	117.6167	196.1609
103.9732	42.6307	275.2644
96.0191	98.1533	219.8547
90.2653	84.8243	452.3481
4.5130	56.1921	177.7147
70.5559	14.4469	12.4413
106.3859	121.1478	436.6742
125.0830	31.2855	203.6416
79.9515	138.7838	288.4964
92.6405	49.6216	710.6669
59.8681	87.2656	720.5751
131.7106	57.1016	150.5235
26.2579	6.4396	767.5639
41.2248	26.4411	495.5506
91.8860	49.6809	82.7890
135.6092	8.0943	600.0002
7.8424	135.2726	178.3484
112.9081	125.8106	17.6096
48.7712	123.4217	787.8212
100.6670	56.4414	573.0635
72.4127	88.5817	206.3909
59.0724	42.1780	828.1611
37.0694	133.4467	445.5000
38.1294	9.6288	848.6960
72.7932	126.0262	147.4399
87.2970	99.2858	295.7019
76.7189	125.6728	683.3408
110.8323	12.7843	182.0220
18.0254	108.5984	43.5789
71.1711	63.2476	468.8083
40.5554	93.6017	454.3480
132.3187	64.6616	394.0682
70.4098	93.7736	167.4199
45.8684	84.9753	296.0285
119.1860	86.4053	582.8763
6.1537	137.0961	448.7427
51.4202	54.6219	485.6077
42.9255	81.2268	229.6570
131.5748	37.3850	580.3273
49.9906	38.1634	777.2967
130.6296	131.9196	426.8597
119.3701	106.3951	814.2616
51.2573	56.5511	829.1310
16.5146	80.9850	850.8661
11.1240	109.2666	409.6565
23.9911	59.5244	55.0806
110.0654	63.9391	500.7996
99.8917	62.7800	321.2346
83.3950	70.4056	284.6692
59.9154	91.0351	127.8128
99.8557	95.5450	511.3776
65.2405	27.1750	745.6809
54.1287	90.5502	562.6694
67.1315	22.7450	455.5884
107.1546	85.1412	319.1591
118.2318	56.4788	510.9942
13.2590	19.0745	201.0626
129.4112	31.3029	389.0828
3.5936	91.0842	282.3374
86.1033	22.7898	46.9371
106.1595	73.7855	767.7914
24.2401	34.1958	504.5286
74.7466	53.8654	792.2772
117.6233	87.0375	71.4370
75.5054	20.7913	317.7452
137.1579	79.8675	189.4689
133.2859	62.8145	571.1687
91.3583	36.6258	548.0629
113.7390	134.1830	4.1793
131.6657	115.4247	230.0356
1.0628	20.2139	636.2139
105.2540	78.7538	781.4359
93.7924	50.4271	652.7575
15.1985	16.1045	427.5272
60.9189	45.3552	558.4492
65.1013	126.2617	421.6708
115.1115	59.7946	805.2718
36.0032	137.5531	359.9278
35.1834	53.2386	113.7986
121.2625	18.6781	310.1132
57.1760	111.7515	835.5226
91.0581	103.3875	268.5646
52.1405	121.9474	840.9915
74.2665	57.3897	82.5795
118.9751	110.0232	32.9018
10.5025	3.7682	446.9516
131.6283	26.8068	585.2842
31.3431	21.2637	220.9531
110.2573	89.7103	577.1855
127.0119	102.7553	766.7090
77.2641	39.2428	54.5321
34.1595	1.1853	721.8901
0.2190	9.1915	127.5176
51.2320	38.8908	168.0178
103.6906	23.5901	624.6575
83.7584	99.8330	613.5205
89.3701	53.0963	629.7737
120.8190	73.9020	777.5608
72.8114	113.3397	746.0977
61.3791	88.3851	568.9538
80.5906	5.7036	465.2543
114.1117	80.0374	632.8874
50.9816	49.6458	47.5796
136.4304	19.0134	300.6676
138.4374	35.9436	156.0538
22.4314	47.5922	122.6708
10.4607	117.0511	714.2664
115.1833	88.9630	816.9768
30.3837	56.9749	555.1758
33.9308	11.2489	846.8801
22.3812	42.7522	560.3048
19.8945	116.7489	118.7204
63.6604	123.0329	510.0563
48.5159	57.0590	521.3271
63.8406	87.9386	709.2460
81.1764	122.6554	537.7436
42.3315	106.6328	220.6642
12.1190	38.6363	286.0987
80.7402	46.2006	613.3835
51.5697	67.1110	456.6510
3.0234	10.7001	234.9018
80.5710	48.8976	463.2061
20.1190	124.7149	211.4051
86.6612	20.4332	144.9711
82.9103	80.5222	665.7680
88.5457	117.2145	108.5545
64.0326	100.5817	609.5559
51.0928	43.8194	810.7280
22.7393	74.9368	812.4511
44.5891	84.5095	332.8585
17.2143	115.1006	799.4137
38.0873	130.1034	164.7637
19.6494	103.6011	751.6524
118.8511	84.0097	563.7657
53.1120	119.7316	361.7227
61.2843	131.5996	5.6784
111.9807	128.1377	518.0793
1.1980	55.5736	427.2819
27.8255	53.5146	806.5229
128.6349	128.3379	111.3628
41.1293	41.6855	157.1418
60.6623	2.5068	442.4470
96.7859	4.0791	724.5881
79.5262	57.3149	604.4876
114.5362	85.9204	837.0137
138.1295	71.9290	45.5535
133.1644	0.8918	540.7227
133.3874	129.8847	651.2264
72.9379	129.8175	760.1876
13.6184	8.7711	449.9287
105.9361	50.2053	823.0124
71.3880	8.8222	488.4825
138.7100	133.9598	9.0823
124.8150	124.8500	253.1372
122.7174	35.2644	343.9875
122.7752	9.4652	844.8136
46.3238	27.5140	296.7328
17.0308	65.0080	76.0129
34.3122	126.5604	106.6834
94.1402	120.5337	100.8719
59.1299	39.9355	276.5187
14.7599	121.8597	138.8653
3.5305	58.3906	28.5508
48.7007	74.5505	362.4465
5.4804	112.9484	564.0875
105.9417	105.1244	370.0188
121.8635	57.6176	151.2399
35.2177	72.4806	137.6689
77.9630	5.7358	475.4136
94.3671	26.9195	12.8738
43.2001	137.0746	810.4914
62.1586	53.2219	703.0438
108.2412	87.0491	453.3029
88.9494	45.9964	123.0311
67.4353	36.5070	664.0322
52.6502	55.5009	484.3833
20.0118	64.8167	528.7138
11.0362	47.0577	833.0644
13.4038	107.5878	615.5948
85.7979	42.3492	111.7277
99.1369	46.3948	25.7743
136.7043	30.8976	20.9742
113.1096	130.6790	588.9584
6.6292	44.8308	690.0416
133.9822	95.1157	549.8545
16.1801	36.3488	438.7734
81.7616	99.0533	428.9257
29.9143	49.6471	180.2346
138.6168	107.5082	856.7470
30.5842	77.0359	516.6415
132.9316	14.8188	620.7290
87.9386	105.3679	493.5712
3.9558	6.5317	119.9637
121.0083	133.5869	448.7867
124.0287	33.0020	439.9045
130.6831	84.0382	855.7786
125.7697	104.4301	748.4525
31.4908	58.3228	802.9107
100.3374	136.6199	161.9489
101.8933	123.3174	271.5655
76.7783	35.5956	347.0832
57.9676	47.3804	684.7263
81.7293	11.0316	72.3474
62.6285	84.4479	443.7728
32.3270	137.7495	532.2016
109.3443	52.5441	443.6814
67.5553	1.7085	339.6980
98.7190	70.2770	261.6078
110.6156	135.1293	813.0243
9.3835	32.5088	715.0837
121.4624	124.7556	112.2467
75.0000	71.1742	391.1013
46.4089	57.7250	460.2437
84.0184	114.1219	81.8906
35.6896	29.7840	526.2813
0.4718	81.4053	466.6210
36.5231	32.7157	575.9157
35.7161	61.2078	859.0826
120.7598	96.3682	592.4165
80.0107	124.4053	40.8287
114.2276	96.8957	531.7925
92.4368	33.9923	860.9604
28.3783	80.1861	825.5697
76.3236	81.7205	705.3417
6.8023	103.4425	335.9542
8.7239	54.3240	664.2741
66.3262	7.7239	764.0486
30.4383	68.3846	253.2570
49.5758	61.5216	158.9366
21.1978	36.1180	451.9531
117.0610	38.1619	336.5741
93.5936	68.1790	295.8160
126.7256	76.0599	588.4098
26.5918	79.1343	854.1280
131.1425	62.7944	52.5981
98.8732	29.8108	289.6178
46.2807	112.0991	242.4905
15.9079	93.1198	861.3359
46.9176	15.5261	743.1612
100.5071	44.5571	267.1305
104.5569	108.1249	167.2743
4.8619	32.1691	61.5506
40.4345	103.6021	305.3501
126.9478	49.4209	250.8399
38.1924	22.9883	393.8225
60.1900	67.4800	813.3826
16.9062	104.3537	218.6775
15.2202	76.1536	709.1255
102.9936	55.1697	139.3328
1.7380	44.9416	161.3342
85.9185	64.3378	111.7977
13.8144	50.6277	0.0003
55.3896	28.1373	477.3744
34.1483	38.2709	235.7286
82.9977	6.3514	346.7931
126.5873	137.5042	746.0697
130.2551	54.5641	649.7403
107.8461	100.3603	351.8853
137.9085	21.6401	274.4858
75.9716	119.4536	405.7158
18.2771	32.2010	288.1315
92.6491	50.3804	449.2998
33.2057	1.6559	414.7685
11.1646	68.2728	145.3121
101.3481	67.0736	295.2443
28.7369	48.8796	639.7922
43.5160	138.1446	791.0215
8.0487	138.6397	574.6007
26.8217	138.9396	708.5758
3.9271	71.3761	299.5226
56.2169	45.1409	548.9183
70.6549	121.0832	289.3878
42.3285	97.6724	732.7636
16.6644	115.4652	253.2899
63.8030	123.0605	603.8894
18.8215	102.6592	512.4365
123.9724	17.1438	569.0667
133.9350	55.3327	800.2572
63.9670	91.9490	381.4268
43.9490	54.8382	49.5015
33.7197	122.6944	164.1406
109.2590	56.4553	364.4811
96.7976	2.8524	320.1062
99.3042	60.6038	804.7456
83.4782	119.5058	246.3953
130.5366	21.4139	323.4673
15.4005	72.1921	672.3435
74.1775	132.6912	198.1190
123.0677	130.1539	45.3236
0.9984	4.0056	232.0487
94.1450	29.1123	421.6723
120.7564	84.7639	725.3819
8.3792	1.2289	72.5722
121.7345	78.7752	368.9814
61.8836	64.6543	325.9730
18.6208	52.5646	166.1615
21.6107	113.3309	412.8221
30.2481	24.4738	5.7205
15.8550	103.3491	210.2445
15.5130	110.3495	254.5239
125.5363	135.8318	548.3587
70.2425	67.5584	668.4317
54.5776	71.0843	70.1098
0.0149	132.4691	449.0231
130.5422	106.7980	723.2474
34.3886	23.9239	492.4803
26.3471	20.5732	195.2591
5.5933	18.6398	278.6544
32.9370	38.5800	344.0348
136.3969	84.8673	192.3663
136.5439	68.0751	248.2799
126.8676	118.8135	524.5990
32.9590	71.6210	355.3884
22.7005	123.5306	207.3184
20.7560	55.0683	593.0471
41.9154	100.8269	181.1869
84.1833	69.0843	50.2979
132.1452	101.9796	771.4635
135.6057	123.3692	529.8835
99.5137	37.8896	432.3822
122.6073	81.8848	17.5361
39.5304	42.6973	763.8613
53.6186	36.5562	804.2494
19.2173	39.6271	356.4358
137.2164	23.2733	441.2135
43.1292	21.9515	564.8881
29.1525	88.7553	281.1384
65.1712	82.1441	635.7646
7.8435	44.9263	532.9523
0.4158	4.0559	143.3074
74.3409	97.6429	691.5706
137.1857	33.0505	693.5752
21.6930	130.5791	129.0642
10.6664	12.5597	252.3188
86.3215	121.3943	173.2575
26.9867	116.9105	838.7339
138.6141	62.0582	173.9091
70.6466	83.4846	644.1869
85.5445	52.8595	768.5397
74.9184	6.7722	462.9771
81.9645	128.9349	772.6482
25.9476	71.0038	858.9476
135.5525	121.5988	349.9110
120.1039	122.9362	273.5906
115.6337	25.9445	731.6602
26.6021	16.5557	267.8576
75.2707	91.7888	423.4676
59.9865	127.0810	831.0628
122.8455	126.6965	306.7966
78.5902	153.3601	724.5500
71.2674	116.1162	525.3198
88.7053	130.1631	130.9486
21.0241	91.0816	437.8038
67.7525	88.3675	690.8730
20.3407	33.2364	526.0231
55.7690	137.4908	487.4941
104.0540	15.8289	522.7097
32.4987	102.7735	42.3760
132.2072	109.3450	56.8507
91.6320	38.6515	307.9338
118.0272	24.9180	590.2978
94.7394	73.0990	539.4616
17.4005	47.0929	791.7679
52.1521	49.6795	629.3253
112.0381	98.9779	819.2785
82.5524	118.9593	276.0600
79.1057	135.5879	588.2775
33.2059	8.7045	93.8719
135.1823	84.4015	164.5478
16.9661	5.0850	427.6670
118.9963	134.8616	204.9704
23.8719	25.9496	106.9051
69.6786	123.0924	406.6048
7.3082	66.7929	768.3951
73.5202	9.7397	543.7372
92.0189	63.4708	608.3373
103.3861	80.6752	630.2759
91.3924	57.5537	638.3555
29.0960	134.3270	431.6714
104.8907	68.5755	594.0799
103.1551	100.6240	649.8143
124.6809	72.9110	590.0920
45.8449	51.5992	851.0728
110.4718	95.1673	15.2902
136.2716	63.7014	493.3541
100.2910	48.6416	346.5004
82.8310	93.8826	859.2981
64.0061	17.3040	237.6792
65.8516	139.5362	31.4039
127.5217	20.2755	289.0303
62.4413	94.1418	752.0454
139.7160	93.5629	356.9378
10.0178	72.4463	530.7746
114.7248	66.1257	827.2190
131.0643	46.7089	543.0283
112.8778	83.5988	380.6204
69.1081	83.3652	703.5609
87.9145	14.3725	197.0262
121.8149	61.4380	35.7840
53.2775	94.9889	261.1742
60.7194	57.4793	156.9294
129.6464	94.6153	561.9509
87.1993	137.9722	28.6445
4.1739	106.7310	521.0533
14.2050	77.4246	842.2990
109.7816	119.7667	100.7696
127.8506	86.3905	732.9119
10.8646	137.1088	477.2406
22.0996	52.2868	528.1156
21.6750	74.9819	498.7306
109.8259	61.8326	717.0028
136.8357	131.0921	463.7237
87.4068	0.4004	596.4739
108.4266	2.5655	791.2225
45.8074	113.1556	298.8240
138.3990	36.4097	624.1511
70.7652	117.9796	105.9114
124.9717	67.1361	602.1481
104.7839	24.1709	259.3333
24.9846	63.2873	381.0817
64.5087	44.4040	516.0435
71.0948	127.9989	662.4152
126.0583	14.6663	360.7267
34.6204	51.0638	480.9670
6.9944	67.8372	750.4626
27.3089	19.2413	287.1906
11.1746	128.2182	580.5560
80.8695	111.1344	298.4580
75.8178	135.2898	535.8511
90.9494	87.5488	123.2292
107.5559	130.2779	757.2762
115.7273	8.8353	181.2603
63.6138	67.4371	572.4749
97.7707	93.1933	405.3890
74.0331	109.7668	697.3450
41.2319	137.9212	238.1144
71.6520	45.3927	313.4382
102.2305	127.6459	175.9795
55.9371	61.8641	540.6740
22.5519	102.2343	853.7044
111.0751	89.2736	409.4675
64.6891	39.6671	75.3802
99.1296	125.1626	475.3230
91.5745	120.6193	245.5284
81.3648	96.8323	353.5511
6.9818	131.0783	64.1585
99.7139	97.7287	354.8889
87.4031	67.2838	413.5042
106.0063	15.4765	192.3363
39.7572	86.1578	67.3553
64.0151	131.3183	562.1350
103.0203	81.1291	823.1897
16.6629	87.7199	150.8123
55.3450	110.7592	254.4078
35.7241	93.3891	134.8944
55.3193	72.2180	542.0130
102.6155	88.9920	475.8951
119.6351	92.3423	602.9964
94.3029	88.0308	332.0992
3.8303	110.6697	506.7652
134.5930	72.3364	127.1708
38.3486	129.1959	115.0270
52.5383	96.4357	719.5635
89.0923	119.1777	432.2824
133.9671	133.7300	842.7200
20.0780	45.2059	397.1887
14.6392	91.2372	839.2411
101.4007	14.9039	523.6668
50.9130	21.6599	302.1254
7.3261	105.0480	275.5038
8.4289	74.8941	489.6934
26.8949	107.2877	54.2645
12.2921	27.4265	392.9580
105.2690	104.2344	172.8568
5.0303	114.5211	291.5202
127.7868	114.4321	490.1754
15.6298	57.1963	771.6096
108.4726	15.1774	372.9423
5.9781	11.1501	569.2684
48.8821	63.9436	282.5138
50.1824	0.3545	641.9672
71.6642	43.0840	48.2979
132.4569	108.9246	224.0496
47.3337	114.6060	414.6907
11.2871	46.8974	517.8082
38.1257	134.9316	254.0084
2.0299	111.2507	221.8496
115.2087	108.8823	808.5973
113.0355	97.1783	149.7660
135.2745	92.4268	444.7301
73.2256	27.2607	551.1183
128.7041	113.7612	390.4978
123.7081	65.3049	179.3926
8.0086	114.4497	647.1954
102.2566	75.5764	117.2899
89.9148	9.9527	438.3431
72.4147	67.2292	160.5523
72.2522	116.1740	109.4155
108.6559	29.5643	657.7439
34.5070	103.2404	392.0233
37.6762	93.2180	203.9651
121.8942	74.5811	186.5106
5.5734	88.2849	450.5611
90.6999	42.4458	712.2393
25.9785	119.0843	137.5888
112.7775	13.4488	360.9680
93.5569	100.0704	491.1944
39.9663	81.1706	525.8342
112.5698	116.7104	599.4513
42.5177	137.2142	101.7813
136.9864	114.4352	41.9398
75.3786	15.6324	336.2080
30.1487	132.9443	142.5379
58.1577	84.5640	543.9256
30.0168	70.5991	422.5042
127.2126	72.5669	497.1614
49.5761	62.3515	137.7262
118.3678	31.8807	771.5013
138.3151	77.2045	232.3600
98.4493	52.2871	416.2491
69.7406	45.4696	635.3818
73.6258	3.6959	483.9244
8.5273	125.3735	406.3782
16.8872	57.1168	338.1985
96.7989	33.8200	104.3197
22.5058	41.6932	804.3111
111.9412	51.0192	436.5607
134.8656	0.5700	169.2802
120.7190	136.3506	44.3643
7.7507	74.9297	683.5774
101.8993	76.0629	338.4621
21.8294	30.9626	159.7628
37.2775	134.3488	359.8364
4.5048	59.4730	587.9883
93.4428	38.8106	736.4793
105.9375	116.6589	359.3083
95.1321	136.4004	854.1737
66.9990	130.7956	531.6561
106.0256	72.6676	467.9814
34.1933	122.8417	400.4434
71.0757	60.9686	819.0071
64.6606	54.7756	236.6505
133.0789	100.3742	671.5676
24.3521	50.6907	2.8258
102.2416	73.1019	287.5686
4.0541	56.5542	164.8341
109.3757	64.6779	737.9737
24.6965	101.9058	766.2156
100.3474	33.6487	831.8019
85.5680	46.4436	57.5985
69.5442	15.7353	489.0116
114.5702	134.1755	617.4846
128.1267	89.7465	736.1246
134.6645	67.9642	423.4451
109.8532	100.6033	369.3679
26.5616	79.8359	659.6932
18.2956	114.6110	18.4607
123.3695	113.1365	519.7584
43.0863	74.3447	371.2350
56.9746	37.8595	373.9433
102.8982	85.2583	582.4786
3.9703	76.7232	223.8010
69.8653	27.9937	818.7375
77.5764	98.1298	600.2361
30.7096	54.6068	139.5760
11.8620	74.9047	434.1197
69.8768	92.3704	574.7773
0.7132	110.4570	549.0668
36.8215	83.9264	120.9998
120.0665	91.0092	577.4492
96.7558	39.7239	539.7537
98.8912	67.6466	686.9335
77.0367	79.8984	7.6891
11.1052	137.6363	306.9465
13.0888	117.0115	742.6144
67.6337	100.4547	249.3826
7.1815	47.7025	284.9703
132.1588	109.3263	416.7745
115.6344	124.2210	545.9336
134.7903	93.7579	796.8668
125.7384	44.8978	279.2302
94.9543	127.1516	583.4196
9.9806	0.0509	195.5264
10.2579	75.9804	414.3657
88.0148	69.3811	756.7439
62.6689	88.7262	739.8345
15.6783	82.2944	817.7827
49.8277	121.6294	531.7936
122.9062	119.0261	560.7411
44.0313	44.3118	341.4232
44.6256	118.0607	315.7235
119.0029	107.8119	362.8999
105.2682	52.8528	601.7780
136.2099	76.1579	570.2091
130.3169	57.6323	534.4623
35.6722	117.6404	229.5832
43.6974	74.1839	407.7763
8.1072	113.5968	718.2552
89.2586	135.6218	522.4816
82.0763	19.2892	649.2223
131.0320	17.8888	465.1967
48.8707	114.5061	516.6332
68.2573	68.4636	112.7743
82.2458	19.9914	365.8055
26.0196	84.9139	579.3361
121.4993	79.0465	19.4436
119.7083	116.1638	11.2078
125.6222	102.9780	205.6160
121.0577	59.3783	829.8943
13.6402	81.8562	178.6009
46.6207	122.9602	464.5221
30.0711	34.2277	401.5750
56.2522	114.1132	852.6652
13.9833	104.9476	685.0400
13.2423	14.1726	754.4819
28.5502	26.1487	731.4615
82.1006	44.3525	476.3039
127.3633	20.4794	267.6067
14.1143	89.7628	667.2510
116.7450	42.1429	467.4403
0.2758	34.5980	614.7144
103.5818	118.7795	476.2863
35.0770	93.9935	466.3346
42.0308	58.4508	362.7813
131.0970	73.9335	278.0820
54.1067	115.6243	161.9423
37.1001	54.9186	76.1130
65.4265	79.9881	707.6300
106.0043	2.5682	547.7077
104.5940	137.4766	762.0948
37.9400	98.2559	562.2416
92.0348	51.6330	647.0016
138.0785	58.2076	78.9896
21.6735	47.8639	173.0636
33.0130	36.7427	424.6100
49.1916	20.9472	722.0811
97.3653	94.4481	117.5622
54.2703	104.2400	328.7621
26.6144	94.8454	754.1321
109.3835	2.9381	734.1491
137.8778	134.3112	161.0903
128.5877	85.9599	537.2027
66.5208	28.5162	87.6003
20.6032	113.8481	832.4217
101.1560	118.0047	128.3154
113.5114	134.8011	693.7085
110.8448	133.2590	519.2410
105.4100	71.2221	215.5936
12.3200	10.1418	338.3437
120.9648	87.8027	46.7213
61.1540	68.5094	819.6522
43.0149	65.9306	51.9222
23.2479	91.7477	563.9479
21.5993	85.0255	738.5860
14.3508	119.7257	178.0812
58.2892	109.6967	152.5398
77.4433	4.1715	428.1895
5.6444	76.4151	470.3179
45.0730	115.4290	678.9924
132.3677	51.2653	123.0615
34.4002	99.2264	536.0966
77.2607	108.7736	701.3369
139.6609	76.9582	298.5724
3.1541	0.7356	406.0639
56.5408	79.2699	174.9076
63.2548	9.5449	481.5472
108.7946	6.8871	471.5838
37.8691	122.3442	454.0942
34.0279	101.5276	421.0937
66.0166	113.0772	215.7954
90.8902	59.8325	812.7498
12.5038	95.3081	654.5777
117.2450	12.7003	205.3635
34.3058	103.7166	320.5704
12.8941	32.2359	377.6048
44.8123	82.9918	636.0239
61.5770	0.2198	837.3306
72.2204	13.5647	261.1310
108.7628	25.0677	861.0939
127.6115	111.7408	337.1850
91.5924	79.2758	825.4213
67.1860	122.3714	510.3530
107.7572	127.2181	213.4357
10.4585	135.7826	580.7297
52.0652	105.4856	135.9421
18.4688	32.6207	235.9051
40.8829	63.0694	383.5992
20.9103	14.4344	186.6415
54.7098	138.5556	120.8924
29.9981	17.8406	422.2069
94.5895	52.2668	133.1079
70.0472	110.1675	831.4548
37.1978	9.7128	464.3468
69.3892	117.0510	212.8713
139.1174	91.1940	648.9491
2.7005	108.1394	194.5724
101.8352	52.8113	136.0417
90.5602	39.3548	306.4663
43.6511	104.7029	45.4185
31.5124	38.9058	133.2591
68.0147	120.3420	289.8356
15.9521	34.0005	539.7393
7.5800	59.9188	268.5747
79.9508	122.2216	676.3085
94.6808	12.9376	594.0756
135.2766	132.8585	667.6873
137.9463	129.5416	83.2463
93.4363	98.6487	215.6533
65.3743	38.4621	440.3077
102.0405	94.6127	814.9457
116.9572	134.6083	473.7883
34.4722	7.8455	287.4753
59.0812	119.3117	300.8112
95.4051	63.9716	376.3885
104.5072	115.9533	257.4058
91.3734	36.8705	39.2879
6.7058	70.3380	87.8088
33.3566	17.6541	237.8330
64.2849	117.6223	179.3999
108.7978	98.8571	356.3026
36.1305	39.6401	801.2531
32.4643	17.3546	825.6998
104.5075	50.6722	73.3303
102.8830	37.9300	275.8220
61.7217	113.0468	175.6894
9.8754	20.2508	393.3474
13.7351	139.6804	382.5023
47.9602	94.5986	860.7478
73.8974	81.2133	100.3760
99.7510	131.6449	290.4654
52.3932	57.0063	428.5082
119.7136	55.3129	359.2932
16.8845	73.7239	540.6583
70.2978	129.2337	809.5028
36.9021	52.9668	510.3674
106.0893	95.3132	410.2915
75.2618	87.2093	206.0960
71.2861	68.6834	133.2425
9.0986	11.3978	333.4696
1.9714	8.0227	72.9484
138.6704	59.6294	837.4509
65.2191	96.4425	181.6514
12.8434	120.1060	294.9596
33.1306	71.4233	626.4117
128.6269	0.9823	709.8835
95.4312	84.1752	749.7910
37.2182	32.6805	596.4462
96.7410	77.8889	30.2549
97.0842	93.4321	255.0411
66.5169	134.4906	231.4503
30.1205	18.7853	232.2641
107.1229	86.6306	452.4083
85.4994	7.0371	533.5726
118.2887	77.2953	106.9384
53.5046	116.8800	535.9679
38.1469	125.5794	795.0783
117.3275	28.4323	574.9535
17.8286	0.5116	782.0515
9.3202	71.7921	759.4263
124.1786	44.0835	268.4991
60.5893	97.9552	626.0713
113.6289	102.5273	285.7510
118.4423	26.3972	208.0889
65.6676	126.6869	388.5990
108.3175	82.7040	738.5470
123.8337	83.7384	804.4001
28.4899	78.9282	531.3680
105.1396	67.8062	298.4469
138.8232	122.9594	13.7963
119.9069	74.7501	378.0365
5.7753	44.5818	378.2377
62.5941	20.2446	842.9046
116.3511	137.2374	489.2795
62.4618	96.4297	27.2105
139.5751	92.1900	658.3985
118.0275	61.8969	505.6223
131.7030	17.5819	803.3857
126.4107	106.8862	507.3749
0.4190	131.1415	431.7552
136.9499	0.2696	288.7755
56.5567	10.2097	581.4795
34.5361	95.4599	820.9999
49.3655	93.7479	234.1397
60.6911	73.2110	502.8299
39.1103	59.9762	122.1021
5.9707	13.6810	546.1804
122.7526	11.8995	468.6758
29.2369	63.0107	127.0825
76.5347	89.0191	629.6907
92.0895	106.1910	695.8793
19.7264	44.4154	371.5517
68.3248	54.4324	853.7227
83.5311	36.8414	670.1403
92.6149	0.8999	485.2865
31.6197	94.3992	50.9564
32.6846	95.1887	281.6007
104.5739	62.7924	169.7780
130.3513	128.0858	474.6287
44.5364	75.8719	395.1721
23.0806	95.3443	701.2657
7.3169	28.8402	484.3589
21.7294	42.0565	160.3581
102.7678	88.7928	396.6100
107.0541	0.0720	346.6678
63.7504	96.2194	585.9063
118.4868	93.6873	567.2422
31.5247	137.6581	94.8399
79.0994	85.8047	173.4102
82.6398	12.4135	818.3526
12.9064	135.5519	162.2724
109.2047	139.0273	754.6378
55.3767	93.1811	838.0878
101.1627	74.4563	805.8401
17.8301	27.6229	89.6359
5.2122	104.9556	812.8332
15.8961	135.6105	211.3948
80.9928	82.2366	694.3443
1.0814	98.1282	351.7277
138.7792	101.0776	218.2202
45.6508	95.7707	474.0871
101.2615	78.4522	384.8395
126.1264	44.7515	106.4106
102.8251	102.4980	444.1424
37.7425	65.0283	143.7973
31.9171	55.2495	262.6797
48.6789	21.9124	275.5145
1.4616	118.1005	236.5068
93.5016	102.2265	310.5918
104.5219	112.6522	409.9099
86.1535	84.7585	91.1387
99.0065	92.6992	104.3191
42.7978	88.6893	760.6601
50.4604	75.3684	226.5194
108.3312	87.6434	345.5588
92.6286	120.0342	173.5314
70.3983	81.3006	705.8519
105.5148	97.1185	763.1813
51.4805	14.7772	543.3705
107.3247	122.0756	290.0605
139.2205	107.7978	850.6209
87.7881	7.7477	396.7440
64.7726	123.4880	246.9364
46.0141	128.8080	360.8176
125.8597	15.7695	790.1472
23.4649	39.4293	779.0548
110.2192	132.3521	754.9620
36.1862	65.0185	173.9483
73.9999	38.0237	647.2071
16.7594	135.5733	478.1884
15.5818	115.1490	144.7226
92.9576	13.9317	285.0466
114.2974	85.8324	776.5590
127.0246	94.7558	667.3045
72.3993	75.0521	43.7646
136.7366	43.3476	527.3127
116.3534	83.4687	17.5386
62.9147	33.3743	68.4723
48.5028	135.4341	237.9601
21.9011	68.0436	657.0781
124.9811	48.2765	178.9580
57.7434	127.3330	837.2081
100.2977	1.7624	772.6562
43.6027	128.5903	714.1075
131.2981	15.9265	49.7351
2.2933	111.9567	127.9819
45.0068	65.5186	134.8815
27.8973	137.9780	45.3247
64.6164	11.9478	827.4359
38.6732	26.9203	560.4741
114.7363	43.9474	419.3449
27.9872	19.5400	706.2137
19.1670	51.1730	859.2748
57.3931	98.2973	368.5373
117.7344	22.0593	637.4877
15.3629	38.3407	15.0157
103.0137	134.6593	235.6003
76.0197	100.3896	326.8359
19.1101	6.0241	341.3447
92.6703	36.7569	313.9294
5.9675	64.3857	269.5672
125.2122	77.6813	254.4005
83.2097	50.3372	592.1706
123.9746	71.7683	420.8652
38.0609	54.5433	288.8422
19.4029	18.7821	123.4005
78.1409	52.5937	223.2540
112.3282	127.7207	180.8102
100.0621	106.3550	57.5127
105.4020	127.5793	63.6757
32.8325	74.8247	203.6949
93.4154	82.7685	356.5195
132.9230	121.0988	615.4449
104.1484	0.7041	549.6421
14.5813	28.8265	579.0928
34.7067	61.1446	34.4086
66.7741	52.9166	363.9678
94.0729	30.4180	714.2586
105.8781	106.5459	712.6613
27.9198	122.4847	584.6317
41.6689	115.9554	477.1690
44.1149	25.9853	796.8951
105.4164	0.4427	30.8267
88.8490	0.1698	797.6885
85.5039	18.9658	737.5769
68.1506	5.4731	859.1292
25.8851	25.6457	476.4622
110.0072	97.6891	51.1438
120.4047	0.6055	595.6178
73.8094	96.9872	660.2276
29.4072	78.6261	22.4986
81.0388	111.7562	502.9492
22.0267	45.5004	531.3599
87.1555	126.4175	80.1406
12.5656	111.6097	779.6990
53.3046	26.5853	748.6267
35.9242	56.0124	542.3196
45.5053	25.4195	626.1685
137.6469	90.6803	121.0484
30.7625	134.2850	333.3431
24.7541	137.6361	765.3605
114.6090	47.7578	490.3958
5.2111	9.0116	555.8023
118.9856	40.8246	58.6446
86.1223	100.9134	534.4865
54.5305	67.7216	295.1002
44.2837	75.5493	652.4177
67.9686	0.6003	525.9820
18.7013	30.6000	136.3231
127.0544	60.9800	762.2839
79.4703	125.8850	162.0739
28.9720	97.0826	778.9365
110.2014	129.0173	800.6336
87.5609	117.4976	136.4810
46.9514	28.0671	122.4494
33.1030	119.5573	759.5480
8.3184	30.6733	142.7984
109.8392	84.5509	597.4699
17.7967	111.4374	860.3940
20.1112	24.7764	173.2977
89.7261	32.9042	144.6678
124.2868	61.1986	325.2850
119.3128	0.8929	129.1308
62.0457	47.6338	126.9232
9.6450	74.0242	406.1406
3.5225	2.6390	590.5031
107.8973	118.2141	628.2009
31.4394	69.9586	9.2885
34.5551	63.7692	250.5114
96.3523	70.7201	74.7512
26.5467	128.5293	420.9373
108.7633	107.1720	283.0429
59.1413	31.5578	747.2253
118.2673	28.9737	563.0349
45.9094	79.5543	372.3567
20.0881	8.7009	399.2375
71.3555	87.6570	176.8762
18.1445	86.2300	277.7263
2.3257	16.1566	204.8676
42.1303	2.0533	639.7975
113.5380	32.7200	537.0944
21.5713	42.0645	333.2543
47.7042	44.4922	105.7945
136.0068	102.5307	664.9533
130.9371	47.2682	760.6719
5.9847	112.1337	705.6986
48.0269	54.0050	571.3476
36.0898	44.2545	818.2120
133.3874	15.0421	377.2249
71.5858	37.2173	433.7416
86.7129	82.0702	91.4322
125.0852	52.9929	462.3436
88.8515	88.4953	453.8880
15.6704	101.4233	177.2278
124.7545	0.0225	144.4997
118.3385	16.8491	160.4032
110.4326	5.2816	167.3596
65.8014	79.7113	208.6726
45.6574	16.9445	802.4046
82.5530	71.4857	103.6420
101.7541	30.7235	845.9485
93.8199	121.9288	357.8368
22.4353	51.6605	275.0773
18.0717	135.8057	139.5671
0.7343	21.8482	77.7030
54.0570	16.3382	771.8690
137.2549	100.7456	257.8150
13.2982	86.8392	164.6549
46.0665	46.2566	486.1138
83.8681	25.0418	430.1733
84.8642	28.0526	10.1430
94.9727	76.3665	257.2016
127.5764	29.8605	681.6946
28.8599	56.2319	851.4979
102.0568	65.5445	13.4848
114.3245	68.6992	748.9951
129.4459	60.6165	543.8588
22.8602	83.4430	662.4692
4.4748	109.1750	386.4019
58.3180	83.4790	630.2519
109.7657	27.7017	120.9347
85.7486	47.8205	407.0614
72.0527	11.3505	34.8020
28.9340	84.1842	118.4848
51.9627	110.2369	344.8158
114.1853	98.1303	33.0455
74.0635	42.2912	383.5642
106.7426	19.8452	191.8497
48.1376	50.2778	95.0533
84.3589	76.9985	449.8862
92.5907	88.6303	146.9881
20.4399	33.8910	171.9947
101.9969	2.2889	1.2849
96.7399	61.0090	137.6226
126.5117	17.8082	207.5076
57.2571	26.5662	793.9018
136.7243	103.9325	373.1601
102.4244	100.4042	669.2071
133.8918	39.7344	623.3969
43.1956	114.6677	167.1122
17.0424	87.7248	861.3731
70.4877	69.1821	13.8710
62.7683	41.2144	263.0352
83.3290	68.0898	860.0492
136.3976	55.2019	823.9651
100.2757	76.2928	123.0798
102.4535	112.5469	66.8872
27.5530	60.9376	138.5882
44.7169	46.4625	108.0197
0.3210	111.4784	804.1317
113.1127	62.9213	11.1698
11.5943	99.8711	101.7366
138.4377	129.0561	56.7312
101.8518	42.0126	561.8281
58.4811	49.7845	666.8280
123.1981	93.4053	5.3367
71.4338	88.6459	662.7136
127.1760	35.8943	277.7025
27.8409	4.2736	745.2206
77.8891	125.5583	210.0881
72.8140	18.7556	360.0950
63.5223	130.3191	373.5963
20.5043	71.7102	856.4909
47.6848	122.6853	297.4033
42.1248	67.5926	734.6526
35.3710	38.8086	243.1558
100.8369	120.1193	369.3908
50.7504	121.8460	185.3132
24.0779	103.6776	698.6517
45.5269	125.3732	466.4496
52.3906	100.9680	510.2982
59.4734	53.1414	313.9718
69.7672	102.5988	359.2900
120.5731	20.6139	191.0961
106.4625	114.5142	336.3967
28.5664	52.4377	27.6883
1.7838	26.2467	449.2536
119.1910	26.3436	853.3104
136.1050	58.4041	17.2085
51.8212	9.5365	629.8041
132.8390	29.6865	154.2457
111.9986	115.1981	650.2962
6.6273	59.6040	274.2616
74.7765	47.8222	723.5276
97.7410	135.1866	91.8555
54.2881	110.9754	275.5879
106.7063	30.2143	128.5500
29.2252	66.4521	246.6642
23.0486	67.6368	261.3260
22.4083	45.2763	143.3020
120.7507	130.3594	484.4822
53.1222	1.3104	833.3827
102.0423	35.9485	231.2611
12.1990	136.4131	137.8167
25.2336	19.3634	368.6913
44.9412	50.7087	850.2105
99.5900	118.0332	96.6959
126.5451	26.0188	845.2925
62.0807	127.3291	356.0288
84.2110	28.5959	397.8565
110.9936	83.3292	370.8905
78.2643	30.0391	307.6133
98.9640	126.7669	467.9592
73.5029	131.6948	24.3729
126.3998	104.8357	787.3592
3.2044	122.8047	648.2796
138.6853	10.7083	419.6999
134.6477	43.6985	558.9311
72.2527	133.4125	563.4793
37.5327	21.0755	484.7855
109.8675	53.5621	290.3275
117.9660	121.7017	199.1223
89.2700	55.8952	545.8759
93.9865	40.0740	118.1126
2.6781	51.2862	182.1008
37.9561	15.4085	240.3721
17.2192	82.3189	644.4891
139.0084	24.5749	677.3355
129.3336	42.1769	859.0255
71.5374	122.9828	412.8586
24.5227	43.3934	178.6719
62.1028	17.9814	106.2050
97.8068	14.9734	312.8984
31.9861	63.6912	236.2699
7.8876	133.3226	576.5615
108.6165	85.6423	708.8810
139.2273	40.3885	748.6714
91.8772	13.0962	537.1014
52.8590	133.5051	253.6840
112.3037	75.7753	6.4038
139.0574	86.3154	595.5207
113.9235	121.3057	589.2908
35.3796	4.1996	720.9393
106.3036	51.1356	332.5759
43.0630	138.4362	610.8114
130.5811	20.6903	98.4091
108.9833	19.0341	138.0331
64.3555	85.1976	468.9471
68.5449	27.6140	711.7949
92.1043	51.1331	755.0737
32.0843	128.4795	691.4505
13.9950	34.5409	120.2854
11.8312	105.7830	457.2882
61.4350	100.1487	351.5534
52.2955	131.6518	486.7156
115.9100	84.2955	770.1894
20.3922	11.8398	193.6219
11.7140	24.6923	348.6519
28.7322	131.9095	272.7956
136.2472	18.6161	336.3764
129.1562	36.6223	551.1285
60.7596	58.0566	768.6421
42.1590	24.7234	854.6504
137.9518	6.1266	337.1210
58.8884	68.8105	376.3740
96.2841	95.2506	518.0459
82.5522	46.5571	365.4488
7.2197	108.3813	16.3542
114.0454	39.3726	162.4221
1.9010	61.4372	700.1345
78.6994	37.3886	861.7344
68.5753	17.0912	648.5428
30.3254	82.2332	197.9843
19.9023	56.8962	340.3728
15.2949	32.2457	717.5454
11.5065	137.1401	405.6402
29.0426	74.2010	502.7999
122.4330	49.6676	285.6664
70.7624	68.6240	309.3324
126.7798	34.9683	101.5302
78.0751	53.2677	138.6538
92.6298	130.9135	511.4573
13.1397	54.6146	699.7449
110.8700	111.7543	476.8923
62.0573	137.0588	512.9681
23.2127	35.5156	356.6646
58.9539	16.8897	329.9878
2.4076	118.5775	272.6356
128.4445	12.3906	415.6682
114.9982	138.4303	627.5956
29.7507	116.0857	319.6589
84.7359	56.5003	654.1623
139.1610	125.1116	637.6507
31.9756	132.2130	113.6961
17.9986	133.3630	585.6463
45.6084	27.8145	607.3658
24.0088	139.4971	335.5739
7.4038	70.6552	100.7118
26.9338	30.7614	752.9873
4.7459	127.4170	546.8907
75.7496	131.5767	176.5917
70.1286	21.3329	602.2861
53.2676	84.7884	702.3908
36.4065	87.0133	427.6779
111.0570	86.5169	283.0950
24.2488	40.7512	827.9985
29.2029	113.4673	198.5472
110.1085	83.9964	647.6243
137.6572	28.8861	102.9820
89.6270	81.4312	398.9117
33.0869	127.5508	430.3015
70.8870	117.3885	304.0333
62.9921	37.1655	768.6783
11.3355	13.0649	463.1273
45.4032	42.3639	325.8501
109.0227	37.5797	623.5870
20.5114	103.9893	833.7882
4.1576	15.4713	515.2242
5.1880	100.0038	635.1028
58.8100	73.4424	810.5415
113.7006	63.6757	797.5507
8.1626	71.8994	373.5159
33.7814	127.0992	207.5332
40.9759	89.3143	760.8098
139.3379	112.7147	237.5310
31.2776	16.4342	202.2988
135.0707	76.4700	122.5177
23.9007	77.5319	0.1192
139.2089	86.6064	93.9036
77.0960	42.1194	649.7746
127.8674	93.8313	537.5062
17.9938	119.0642	43.1999
86.7488	87.1025	59.5540
31.9794	94.6076	774.0507
129.5051	32.6935	226.8903
123.9746	27.1939	282.3093
134.3742	53.3439	628.3606
7.7058	8.6698	303.8620
122.6424	16.2865	484.3767
108.6882	49.8957	240.4425
78.6361	1.4133	528.7955
98.9929	83.3380	794.0650
99.1252	123.8827	696.4622
8.4691	71.6652	84.7897
39.9569	54.5071	574.7270
42.3357	78.9189	91.5165
136.8759	114.4594	401.4219
93.3558	123.8485	303.4159
89.8658	120.8720	566.2067
127.4671	75.2985	735.8631
38.3066	118.0402	243.5487
67.3963	126.5045	26.6594
16.3696	76.1726	217.9052
129.6798	22.1955	498.9253
116.8254	89.4837	816.7476
60.4142	90.4064	65.7905
7.2336	126.8244	601.4850
85.1219	40.0806	728.2347
90.6619	35.6588	535.9605
87.7318	44.0443	407.8093
72.0454	52.5857	254.8991
40.2887	78.1534	538.2497
16.7476	110.4750	618.4969
64.0870	38.8786	567.8665
45.7795	7.8664	472.3095
37.5220	113.2830	391.4394
35.6487	110.1386	437.4739
121.7201	16.4971	301.3598
69.1255	34.8481	542.5399
138.2002	73.5372	589.0636
1.1263	85.3835	447.6180
35.6361	50.1409	136.1366
73.0020	44.9549	218.0631
17.8002	2.6134	776.4466
18.6983	43.6680	387.1923
112.5189	134.8925	357.4801
46.7792	1.1285	45.3798
53.3938	101.8872	662.4706
69.0775	13.8005	860.2518
95.7751	110.8165	112.4367
98.9729	30.6972	778.8421
44.6980	31.0678	80.0190
70.1584	70.1318	105.9389
85.7127	35.8180	63.2550
57.1646	64.2149	662.6861
121.8813	94.6152	524.3946
0.2753	7.7413	661.0728
104.9542	39.3617	142.7189
34.7642	6.9022	250.3807
27.8043	96.6044	519.2405
87.2268	59.6779	720.4470
127.4955	111.8167	375.0139
53.6093	9.9762	785.1122
16.7654	12.2896	738.8314
127.5651	69.3531	389.3478
67.7734	88.6114	477.8738
41.6266	24.3358	375.5284
76.6098	17.2376	584.2727
0.1348	96.8209	617.9957
35.4304	109.9885	170.6202
79.1288	49.4030	46.2610
88.5205	70.0871	805.5697
25.1622	87.4348	724.4364
31.1631	100.0380	111.1939
4.7229	110.3624	839.4102
74.4161	112.6683	61.0584
5.1699	84.9970	465.3036
121.5951	50.0016	685.2219
138.0459	92.8949	813.0080
30.3193	62.0826	371.8389
37.2908	66.1671	353.7762
29.1109	27.2031	75.2733
80.2364	126.2286	139.3652
72.2268	29.9863	368.9398
87.2183	118.5711	424.4700
53.2847	22.5901	482.2918
32.8762	32.6636	569.5471
89.1987	123.0299	94.7902
103.7411	67.6743	239.4747
111.6994	29.6435	634.4112
118.4774	1.1386	246.7008
3.8901	101.5263	547.7805
86.9939	75.6639	802.8924
103.7944	21.6212	691.5574
88.1317	23.4570	490.5485
120.0537	135.8813	50.3123
6.9261	97.0915	168.9655
6.3289	133.2096	595.7877
62.3208	122.8269	614.8746
24.9872	7.9874	514.7309
109.7016	126.3734	141.9077
106.5591	88.4341	498.1618
48.8324	83.9510	105.9905
29.5787	24.1216	551.2662
134.2398	27.7337	44.2633
136.3169	102.8914	440.4068
32.3728	124.2610	72.1340
120.2578	29.4359	204.5349
33.8705	65.4417	239.7117
94.9084	91.1721	498.2147
54.5701	29.4454	300.0164
120.9737	47.3094	280.1862
131.1738	139.2233	325.0316
102.8939	16.7110	500.0056
49.1462	39.0142	148.2907
3.9479	112.7823	387.5655
42.0776	56.2103	247.6204
84.3569	99.5747	400.4466
83.9226	114.7592	453.4738
34.4774	52.8437	510.9453
94.0189	98.5646	784.4052
30.3039	36.6050	365.1142
129.8768	21.7129	236.8189
1.9143	22.1980	367.6320
32.7440	42.0918	244.7952
3.1687	124.0502	414.8048
80.1026	79.7424	317.4862
5.5347	129.2718	246.4075
128.1365	73.5190	514.5395
9.4228	123.0943	298.7933
28.7644	138.2749	701.7295
38.1494	29.9174	217.8101
32.1309	102.0523	457.8419
22.3130	33.0257	558.3444
68.3778	59.1925	237.5146
66.2348	127.1063	355.5335
86.5460	38.9604	861.5696
79.1470	85.8318	720.7053
27.1820	103.2893	325.0673
46.9559	135.2735	819.1255
46.4284	46.1796	557.5806
96.2516	73.9760	800.8591
51.6090	48.2383	338.3998
49.0487	80.8371	287.5750
76.4859	55.2755	480.8962
1.5292	132.8226	123.9279
53.1096	78.5459	566.5685
96.4344	19.5373	34.4207
123.0269	130.2383	40.1502
20.2550	112.4635	436.0544
65.9194	113.6608	689.3143
7.5146	95.3527	762.1974
50.4031	102.7276	423.0921
125.7016	60.1102	577.5101
112.1572	3.8428	705.2352
52.2407	108.0811	162.9545
3.4855	122.9681	280.3124
98.6073	8.6197	346.2076
111.3129	8.2607	687.9930
1.3154	62.2564	391.5626
24.2497	97.7504	501.9821
80.8164	108.5007	343.7553
96.6473	37.0048	614.6509
108.0417	26.5775	261.7774
72.2319	61.6757	444.8578
30.1180	65.1262	236.0063
99.5568	50.8193	721.9239
77.9187	71.2663	277.8785
52.4202	31.4224	848.7847
77.6886	25.3537	506.6329
116.5347	15.7068	137.3325
28.5318	86.8704	729.6312
41.8086	70.6701	688.2391
43.0904	126.0077	156.5959
119.2089	92.4769	3.0241
51.4385	97.3959	493.3551
92.1531	75.6096	796.2036
65.6564	7.1295	391.6141
116.0606	120.7319	317.2689
105.1831	66.2545	687.7845
88.2382	31.0871	486.9055
103.2933	97.6194	773.0939
2.9977	43.5449	519.7676
43.1847	116.5257	735.7248
9.0716	129.6753	217.8993
78.9114	136.3502	228.8864
130.3345	136.7876	144.0392
114.5544	73.0521	465.1154
75.8676	67.6268	24.0489
37.9550	106.6161	535.3322
71.6646	75.8791	290.2318
138.5935	109.9574	222.0941
99.2649	56.6299	115.6521
128.9043	97.7250	663.1307
71.7554	122.0254	150.1528
31.8844	79.4043	188.3599
79.1020	69.7380	545.0955
95.5920	135.9414	346.7655
62.3149	90.2947	587.0962
1.1443	17.2274	447.0615
51.8654	19.3046	792.6755
127.4552	138.7262	555.9944
0.4379	123.0445	31.2145
36.6294	131.0996	106.1193
138.4120	35.1006	617.4802
138.0674	89.1776	622.3905
96.3620	32.0592	216.3521
24.5084	18.5986	509.8965
3.0519	4.4970	132.9334
78.9749	43.4067	800.1821
5.5113	95.4458	147.2709
102.4571	126.5283	157.0548
5.8198	30.3190	527.0648
102.3068	127.3633	378.2946
119.2785	4.9703	142.0647
98.4365	102.3099	9.0467
21.1857	53.7719	538.6224
55.5354	29.9023	760.6081
103.8177	12.3013	461.7316
8.6515	120.0269	430.4059
59.6078	69.6577	36.8669
108.3153	120.7689	316.6982
107.2128	91.6978	689.5392
18.0969	51.3037	515.4446
130.3673	83.0445	394.3950
41.2843	126.7629	484.6518
14.1478	44.1802	435.7342
25.9055	100.3013	806.1979
50.7929	77.2443	625.9958
99.1332	11.0550	223.6224
132.3412	107.6447	656.3991
54.7873	102.0300	86.1565
46.9815	23.7396	671.2817
15.8554	40.3359	847.2568
137.3654	123.2878	766.2639
117.8547	29.9255	572.3072
26.9431	77.4003	296.6527
87.2557	73.6233	113.8322
17.4406	136.3407	284.3602
125.0203	72.6031	186.1552
49.3345	96.3465	72.9802
91.0620	121.6105	73.9366
64.5637	50.7929	140.0193
107.5579	46.6088	52.5148
69.4324	18.2766	232.7607
15.4511	66.2273	14.2820
26.1994	83.3081	835.0569
93.0956	80.2016	546.0875
118.7390	108.2398	40.7446
113.1198	113.9636	857.5773
78.5408	128.2599	178.7268
3.7664	91.0448	508.6713
46.4649	113.1091	208.6798
114.4242	33.4858	241.4530
60.7226	131.4463	509.5358
94.2494	13.4496	322.4674
101.2554	123.6437	670.7788
88.0289	32.7178	670.2072
95.9177	112.2180	199.3058
56.7345	105.3520	340.7262
54.0711	5.1541	496.7887
28.1707	49.3392	813.5959
124.9138	7.2798	687.0884
121.2169	75.7710	320.9972
40.8160	129.3846	642.4950
84.7214	79.1295	757.2883
1.0578	75.6591	312.9638
26.7637	80.0938	529.3617
1.4716	61.3601	493.7245
129.0923	7.2433	646.7397
7.9135	109.4379	749.0957
108.3932	46.8764	57.4426
2.4179	4.5626	428.1418
129.1958	3.3659	211.5300
73.3777	118.3188	407.6297
50.2622	33.4362	422.6143
8.3211	132.0936	390.2572
28.6469	49.7316	414.4822
50.6014	55.2883	286.7035
108.5008	67.8106	212.3574
102.5885	27.5600	700.5157
2.0690	126.3638	23.3550
96.4139	11.3918	424.7052
79.1800	111.9952	320.1617
22.8151	98.0195	419.9398
130.8233	26.5756	848.2707
29.1775	91.7350	516.3652
15.1060	69.3602	859.7229
10.6392	4.1042	736.0141
107.5601	71.0253	724.6456
124.9035	121.9116	315.1006
15.6850	62.8241	75.2101
123.0648	70.4689	604.9431
69.1553	123.7999	413.8284
112.4844	79.3643	248.5205
119.5084	34.7902	610.4624
38.3200	81.5059	554.1311
58.2122	16.9513	690.8522
65.2723	123.0027	531.1294
33.0694	102.5796	637.4926
10.3329	73.6308	90.1260
4.6626	21.5264	96.8250
34.9090	79.5313	454.3361
43.0199	87.1735	744.9543
69.3100	16.6201	373.4793
7.4433	24.5760	544.3133
4.0239	29.9291	552.1093
107.8401	117.8769	727.8308
111.2345	125.4556	634.4768
139.6142	121.1743	92.8934
113.8440	102.1140	27.7820
103.2612	123.3179	664.4889
88.6884	1.8401	834.8388
112.5010	29.7580	287.5725
62.5792	120.2058	249.5740
22.4085	87.3611	406.3416
10.6511	1.1142	211.3165
107.5724	115.7710	148.0693
15.4715	53.6203	504.4312
5.5409	22.1983	112.8614
27.8912	55.4058	100.6976
37.3987	15.6285	528.3914
124.4813	57.4147	377.0949
91.7186	74.6499	833.8014
71.6149	25.6554	475.4073
61.6685	54.2591	622.8761
129.7234	25.8454	506.2134
67.7282	129.6790	641.6267
93.9781	93.4379	823.4946
102.1800	21.8801	835.7696
14.6135	38.9849	533.9055
13.5197	56.9417	166.8882
13.7718	134.6365	100.4419
102.2372	27.7080	336.2521
133.6068	70.9554	417.7514
110.2661	31.0942	682.0611
70.0558	32.8714	804.0381
130.1670	63.4692	722.3783
99.0025	38.3711	451.9020
42.9398	16.3522	301.7591
0.4665	17.0522	52.9196
27.6898	110.0426	716.7229
122.9158	61.8904	745.1888
0.9780	61.9607	551.3404
107.0511	3.8458	643.3775
132.9675	58.7097	814.6771
36.9816	72.8482	258.5770
118.7341	139.1172	141.8783
55.9349	78.8974	203.6378
18.8408	93.2355	236.5817
44.9114	117.2542	16.4997
61.5999	73.2715	261.3824
21.3778	47.1552	92.6904
74.2206	28.0321	750.0099
54.2615	34.6286	166.6740
36.2192	64.3126	6.5894
64.6036	22.9070	705.2542
72.2500	19.0136	544.3223
59.9231	2.3970	816.3057
77.2695	12.8686	731.0689
119.5322	10.8789	418.3628
15.3532	91.3678	152.6603
99.3354	109.0972	158.1935
90.0592	16.6102	517.9873
115.5806	32.0154	563.3522
111.1610	60.0176	161.3185
94.1119	76.1280	55.2520
113.3750	117.4777	399.0228
85.2372	30.0584	613.5492
92.2579	101.2131	75.1102
81.6426	128.7650	259.1459
71.7017	13.8290	749.3256
45.2518	71.9870	262.7204
126.7922	93.4415	593.0099
59.6114	69.5994	638.3731
131.6421	42.9542	17.7637
100.8430	113.5524	263.1235
11.9150	137.6503	578.2979
67.4803	117.8626	324.5508
43.8440	126.8969	196.6404
101.0975	72.3885	724.1613
106.1193	18.5581	529.4931
1.9925	83.9273	112.4399
123.6599	39.0978	4.7948
92.1055	13.7766	380.4672
50.6300	47.5555	601.8903
139.0275	112.7397	606.0796
65.2362	138.8129	439.1358
100.7323	18.2910	459.1145
48.3320	105.2159	188.5709
121.1881	109.1135	749.4859
84.2675	119.1294	5.7074
3.5102	51.5463	831.6444
22.5645	22.1114	621.6688
3.9777	68.5565	606.8574
131.2148	65.3649	370.5696
92.4638	39.2847	567.3812
43.7027	115.6755	415.9277
74.5962	43.5254	102.5518
86.7570	47.0940	317.1938
137.5044	18.8611	854.9218
76.1586	73.9226	504.4183
117.5005	20.6218	512.3782
2.8402	71.7824	693.7235
109.1618	97.4002	251.6708
62.4668	78.7804	301.3117
4.5394	34.3093	697.6361
92.0127	32.1868	741.6416
23.9435	138.8219	304.1824
106.0810	133.2573	289.9134
65.2317	6.3592	659.3354
18.0797	93.9640	170.0801
36.3218	80.5664	242.4040
78.0266	116.9006	107.3705
58.1885	16.5149	460.3143
121.4616	50.1679	300.9593
38.3707	73.8382	654.9330
17.6157	45.2382	277.4122
125.6938	131.5176	852.4021
76.9217	54.8363	60.3231
75.0643	77.7101	638.5520
62.6287	62.2524	115.8192
35.8339	134.2184	332.9496
70.3334	32.3478	215.3037
96.6107	128.9116	303.3490
114.0332	24.0819	300.5316
29.1167	113.7794	368.5097
98.7846	104.7997	323.0948
122.5616	42.1709	692.7058
0.1360	122.6494	388.8330
132.5061	9.9591	162.8260
134.1697	85.3502	149.8325
8.7977	100.6157	190.0469
112.0249	131.8688	598.6233
31.5603	99.2867	252.1944
14.1193	71.8633	301.6269
99.4807	131.1165	73.4150
0.5727	0.5878	673.8572
7.0014	61.9556	752.5039
106.9435	19.5532	158.0536
84.6760	99.3079	390.5306
32.0393	111.9107	307.2339
50.9810	52.8875	340.7759
126.0619	24.3319	381.6469
107.6862	113.2777	22.4569
49.5073	0.0119	52.3227
41.9154	100.8269	181.1869
29.3428	116.4951	196.6464
136.0886	97.3852	400.9158
83.2603	98.6330	242.5172
4.7826	28.7180	218.7998
55.1761	137.0688	767.5584
49.8146	116.8976	183.1807
67.3606	123.3017	556.3638
91.3809	68.4438	715.3314
94.1701	105.7053	116.0782
25.5892	58.5286	36.1111
50.9003	113.0641	338.7516
63.9959	129.4165	725.8665
55.7708	135.4170	336.8386
66.0719	35.2098	185.6573
108.1345	135.9500	854.2108
8.2808	41.7670	386.9380
4.0217	51.0915	606.2701
5.4494	54.0007	343.4373
117.2803	57.4506	660.8980
53.9261	89.8662	70.8504
81.1838	126.5447	618.3542
69.0362	68.2536	9.6709
117.9031	68.2886	604.0607
95.9388	62.7699	609.0405
100.9821	44.1935	421.3460
46.9496	57.4879	717.6759
135.7549	106.1074	382.6315
3.5448	12.8957	470.3638
11.2332	132.9311	100.8549
11.2304	5.1270	697.2667
117.4941	133.3198	116.7411
33.3416	135.4948	447.9704
114.3615	128.4440	22.5343
30.7697	14.9553	254.2533
121.7548	11.7456	314.1406
120.8983	115.1995	621.7817
70.0326	73.9785	656.1350
53.1357	67.0329	706.0424
74.4689	67.6488	549.4359
136.3824	29.8646	506.3594
61.7418	21.5312	55.4424
6.6699	24.3394	148.4577
58.9006	56.3588	325.3856
129.4993	137.9022	136.3797
17.8552	3.6520	663.4034
14.3055	109.6001	259.7310
117.4367	62.7181	781.9925
111.5376	76.3613	332.3348
86.4849	19.1703	233.0640
0.3017	63.8420	633.2495
97.1198	13.9404	300.2344
98.2292	131.7719	298.8567
94.6102	84.8133	8.6731
53.2808	95.7938	413.1722
119.3148	72.9614	546.0175
15.4870	30.2057	682.2142
42.9217	9.2574	852.9961
119.5624	100.2484	101.4004
128.5909	84.1601	120.3854
72.1032	129.3289	609.4133
94.1598	69.9120	249.1071
62.2673	43.1185	634.1367
86.2714	16.5855	829.9759
49.5475	10.7855	762.8633
78.3057	117.4516	662.4199
3.9038	114.3036	315.9216
34.5239	22.6583	506.4059
97.2906	105.3669	594.6952
129.5232	41.7217	104.5113
38.7263	31.9528	285.3923
61.2269	118.4817	618.5568
138.3613	84.5075	714.3101
99.0283	114.9383	42.2281
39.8921	24.4558	457.6475
123.0418	129.8123	235.1213
37.1263	5.9321	230.7679
72.3170	39.8381	333.4382
29.6744	76.1517	706.0366
14.9766	3.8578	151.3900
38.5624	110.1000	640.8857
90.6552	42.7414	733.0172
88.9614	15.1691	786.7749
116.2364	67.7647	597.6329
122.8068	125.7041	848.5248
28.1865	46.2991	792.9594
80.3454	97.5835	626.9343
39.0222	94.0377	361.1275
117.7257	23.6394	265.4423
135.5125	38.2183	842.0640
103.3381	84.8173	457.8937
136.4361	99.9665	163.9312
15.0826	23.4630	201.6666
68.3149	49.2283	717.1825
33.2628	116.0780	7.0567
109.1289	85.4746	518.8119
118.9747	54.1712	354.7131
60.7277	136.9302	532.8976
42.2450	77.9839	473.7401
56.3308	77.9829	324.1925
24.9309	107.7169	705.0083
21.7398	99.5716	730.0921
65.4182	77.7706	90.7967
115.1337	128.7273	764.8734
67.0640	37.7485	669.5591
111.7221	138.9002	79.8059
94.9488	24.0409	404.8322
12.3658	17.7722	373.8796
87.2876	101.3693	493.3182
75.1142	5.6675	323.8764
36.6441	92.2116	410.0906
104.0104	0.6703	427.0666
109.6306	110.1638	408.9400
24.2190	43.8793	818.6718
54.6707	50.6758	591.1194
83.3067	108.1030	356.8834
45.2108	125.8145	500.6683
70.3542	107.2884	192.9268
73.9903	88.0512	168.2761
76.1990	64.8561	48.2724
7.9657	6.7959	584.7217
24.7418	77.9398	577.6281
101.2460	115.6988	194.5520
121.4367	55.9524	859.8624
113.2985	33.0825	682.3258
137.7908	136.8966	431.4471
58.9905	136.7912	516.8294
0.4246	104.0390	152.3007
7.7635	2.4875	310.2173
5.1495	121.7956	285.8606
9.2134	86.1256	270.5871
30.0048	138.0247	575.5461
17.2174	11.0551	575.8062
119.8890	66.4123	141.7328
27.5941	119.5001	844.1260
86.2839	92.7243	221.5712
134.2433	55.7872	310.5538
112.9176	64.0632	747.8579
1.9105	118.7762	305.5645
35.5006	88.6188	488.2140
64.0822	122.9467	299.4366
132.6101	5.6181	299.7683
61.5384	95.7073	13.7935
10.3411	88.6174	820.1913
69.6323	64.2697	677.0662
79.6118	39.8266	735.5862
44.4352	64.4259	689.5521
67.3566	99.5672	711.5849
42.4538	23.8069	811.4699
139.5868	128.9530	174.6605
91.3583	70.0693	732.5723
116.2011	30.2729	253.4719
86.5948	96.1166	231.4299
45.6797	58.7276	845.3255
129.5172	115.4356	782.3326
61.6344	68.1148	246.7848
81.0003	46.7875	114.6253
96.7292	77.2075	646.9568
106.6797	74.0593	537.7661
20.5899	73.4437	408.1639
35.9773	26.9007	784.3581
120.3297	100.2767	439.2078
42.7989	101.7166	567.4159
87.8919	54.0592	752.5644
138.5153	20.7294	726.4507
47.8106	60.9181	246.0222
124.5717	82.1164	463.7431
66.7897	42.0776	228.4737
117.5039	110.7501	249.7125
16.8241	112.9517	45.9397
118.2470	138.5326	1.5081
4.8625	68.9919	334.7939
29.8590	116.2934	372.1127
35.7648	19.3961	814.6333
17.3976	44.5872	835.1962
51.1637	75.8280	451.4942
28.4216	48.1791	172.3882
80.1430	117.0383	310.4850
47.4188	101.0540	32.1200
17.6915	4.1144	346.1445
118.3713	77.2514	102.3934
31.7099	84.7661	689.3634
67.4807	117.8597	324.5539
82.6040	88.5678	733.7368
40.8528	109.6728	395.5492
16.6059	50.2417	165.4001
61.8399	69.0272	561.5643
59.6242	16.0089	295.3215
111.5374	128.4661	766.4458
14.7283	46.8177	194.6028
19.9692	51.4584	349.7747
58.5563	49.1619	813.0843
103.2684	2.7593	400.9578
68.1831	115.5886	30.8650
15.8296	17.1649	376.0959
63.7319	26.5313	847.0599
1.7976	57.3613	113.0928
16.6071	42.6325	377.5884
46.8794	47.7221	397.8495
112.9419	80.6994	536.7170
118.2241	107.1912	607.2393
53.6388	48.5176	526.3920
100.2463	42.4583	301.7777
48.1444	30.5481	635.8237
29.3887	24.4828	13.3652
39.7317	50.9329	544.9664
53.1898	33.8819	191.4155
97.2323	49.2657	757.6214
56.9419	31.1779	750.0871
125.0830	46.1684	800.5893
103.3259	97.5291	659.7178
36.8027	111.4984	657.7823
120.9429	23.8083	557.7276
77.2166	32.7576	76.6034
60.7016	66.4788	26.9997
13.2133	68.4125	40.8079
126.1938	12.2109	291.5165
18.1405	20.4172	292.4283
136.7427	92.1600	106.7588
125.4822	65.6256	345.7065
50.2641	5.2457	561.0267
112.1889	31.1273	327.2072
101.1057	45.0751	671.4668
47.5297	5.5269	727.9897
98.4655	4.6172	580.6738
106.5440	96.0056	669.9685
90.3491	80.5521	589.8279
124.0407	6.8801	821.8326
42.2677	22.7855	641.1933
56.9738	131.9448	758.2783
132.7667	79.0083	300.5143
34.5967	2.1067	790.8138
99.0535	58.0583	691.2827
61.9289	63.9143	489.8205
134.1308	112.1660	38.8752
123.1498	78.0549	3.2799
3.1545	102.7614	522.0722
124.6039	19.2208	767.1956
92.5454	96.7978	759.6435
7.9394	14.9684	346.7009
120.6758	10.9450	326.8439
86.7801	85.1006	336.7023
80.4767	13.7527	26.8417
121.1989	114.5004	627.0258
2.3069	5.3619	723.2566
37.8625	18.0436	306.5703
19.0746	122.9736	638.1822
46.8673	134.6362	401.1879
59.1488	7.6023	743.0008
100.1003	111.4507	42.8393
45.7631	107.2025	578.6735
17.4255	136.1225	482.6946
53.6387	59.6266	133.8867
34.7417	119.8112	419.2742
131.1371	11.3170	117.2381
61.9642	129.9251	858.8239
66.8267	42.5027	836.3970
99.6332	132.2176	355.0567
41.8306	130.3294	773.6665
51.4278	134.2919	165.2813
99.8550	118.1592	703.5948
53.2894	111.1285	249.0458
63.6722	68.6670	521.4872
80.2430	105.0321	533.7434
3.4480	101.6576	836.8610
54.3142	109.4969	770.3713
127.9748	120.4982	338.5964
69.9913	87.1967	149.5471
138.3018	76.2870	227.3975
81.8915	11.4078	427.1271
87.1445	99.0388	285.3648
12.6797	7.3879	561.5974
48.3720	46.7446	163.3519
15.7955	137.4770	131.5798
137.4881	74.4996	316.0043
81.6655	62.4596	465.3323
40.0206	118.4011	479.8600
34.6938	131.0487	200.2602
69.4280	16.5356	860.6046
45.2763	52.8198	34.2625
76.4054	46.1676	1.9598
83.6186	124.7446	112.7955
29.7658	68.5173	594.4768
20.5678	54.1271	0.7088
35.1710	76.5993	711.5993
106.9644	103.2953	564.0830
84.9527	32.1623	658.1521
17.9447	132.5556	429.1570
49.7721	57.3232	318.6658
9.0241	57.2335	194.2830
6.5166	79.2658	488.1021
34.8999	134.9696	286.7372
123.1058	111.0210	435.3375
43.5019	27.2506	576.8677
86.3420	123.4542	194.2603
91.7550	137.4778	555.7825
132.4981	38.2301	534.0310
96.8754	91.4100	256.1305
82.8038	96.1427	179.4883
116.3372	91.6721	588.5317
37.3117	112.0043	785.2069
52.3346	56.3534	155.3502
125.4812	54.0223	493.4029
0.8134	86.5818	382.2898
77.2826	128.5321	696.1418
23.0486	119.8499	675.0406
30.3147	15.7882	182.9133
45.3919	7.0716	381.4016
54.4512	75.5365	533.4880
51.5382	99.3667	85.2075
116.1635	57.3077	789.9276
56.9241	87.5959	623.3038
23.5317	82.7255	559.9365
81.2814	92.2633	399.0297
129.2898	75.1329	637.2973
78.2667	42.8844	473.2749
103.4094	117.7988	324.9249
109.0368	23.4233	187.6445
123.4274	30.7765	132.6806
107.5243	127.8024	144.8000
37.9098	49.2628	555.4103
85.7389	14.2515	86.8759
117.7946	104.4446	252.8732
35.1441	135.2566	209.4670
74.9539	66.2793	661.0900
15.8581	1.5990	401.1584
81.3000	1.7911	471.4492
16.0228	30.7431	327.7061
17.2693	20.3132	190.6906
39.2113	66.4485	334.3160
25.4334	31.3545	87.7142
47.2990	3.5454	175.6906
133.6777	51.5259	428.4097
94.9785	31.5317	72.1933
49.6089	53.8908	435.2510
28.0682	46.1814	404.5265
119.3383	133.0047	349.9363
5.5287	18.5604	315.6650
25.3069	42.9627	705.3457
24.8329	81.4857	552.4228
108.4964	72.9048	329.0842
78.8571	137.9330	547.0510
81.0260	92.7876	345.1848
92.7030	20.6002	822.0751
20.6016	67.9220	855.9437
15.3904	53.2290	212.0274
16.8190	106.6551	390.5952
19.2845	2.6012	507.0059
97.5263	98.6492	387.2823
138.4566	90.4160	150.0928
129.0703	73.1039	470.4170
90.0339	139.0082	358.7213
2.4491	18.2162	855.6219
134.1236	21.1416	262.0088
79.4088	26.5238	626.5030
91.6510	104.5093	168.8786
87.1843	90.5892	121.8429
91.2684	80.6224	463.2607
112.2268	87.3071	201.4795
70.3460	121.8991	342.3113
54.0980	4.9722	198.4217
37.4964	76.1008	671.8610
102.5982	45.6508	166.1052
65.5680	103.2958	211.8510
100.8155	86.4951	633.7570
134.0856	33.0721	444.2942
29.3304	24.8675	204.0794
30.8055	124.6091	521.1923
110.5581	53.1880	651.7275
58.9470	68.2006	807.7178
26.9063	107.6090	131.1926
12.1759	65.7448	855.8841
86.1832	122.2034	50.0565
117.8667	77.4426	391.6497
75.6200	122.4936	184.7241
121.8486	98.1638	422.2091
18.8470	78.6931	266.3011
75.8562	104.0756	806.0370
30.8356	36.7284	341.4722
12.6002	72.1060	545.7522
111.4952	67.2728	808.1492
80.5732	67.1331	188.1817
27.8278	69.6793	667.7245
133.1486	12.5272	266.7349
78.9652	121.7511	476.7446
7.7836	109.9568	539.2733
115.8796	28.7409	615.4863
66.8251	58.2692	163.5575
21.2838	106.6708	235.3546
129.0319	3.3159	845.5970
20.3218	64.9085	472.8863
33.1014	110.6847	458.7302
66.7593	25.6129	303.0693
119.0272	138.8841	175.3042
43.2726	79.8871	280.6461
46.8476	121.0899	747.4951
8.5232	133.6710	260.5813
24.5718	105.2765	115.6079
107.3404	99.8413	859.7937
14.6882	100.5733	796.1503
109.5525	34.9357	697.9735
93.8938	31.1422	629.4537
52.0809	131.3412	199.8911
77.9419	138.3574	585.5575
28.6856	92.2517	370.1551
135.3630	132.7690	236.6622
135.2806	48.0945	247.4195
135.2439	14.8804	720.8961
85.2677	119.1819	118.1291
41.9533	91.3700	860.5561
99.0341	118.8866	519.0675
69.2123	40.9515	757.2497
130.7317	44.0961	665.0904
57.2277	93.8563	345.0884
91.6886	9.5687	807.6847
65.1691	96.0450	105.8487
20.3408	83.3158	799.9273
51.5428	64.7439	79.6636
38.9644	45.1750	130.4991
26.9651	58.7192	744.6805
80.4711	2.7823	569.0393
2.8794	98.0316	10.8724
82.2551	85.1297	312.7209
112.2217	122.5806	603.9560
123.7804	107.8747	263.2924
83.4223	55.9504	818.3249
45.5681	87.6193	215.2571
77.5392	138.5099	544.9004
117.4727	84.7940	262.8714
124.9842	64.0973	49.4545
99.7263	110.5315	207.7609
116.0223	109.6014	493.8655
132.7501	135.9262	133.9954
112.0846	18.8452	319.1020
73.5842	12.1264	848.9289
16.6475	55.3155	693.2457
39.6036	27.5439	498.9362
118.1987	131.4466	767.5025
74.9221	65.2200	329.4210
1.4455	110.7299	71.3759
138.9823	30.3239	854.6410
23.6594	0.3162	262.8792
47.9539	80.8619	173.2223
52.0710	65.7713	671.9051
121.8979	134.0904	530.0519
109.5899	113.4888	595.5899
132.3594	43.7466	616.3243
134.5498	80.1100	423.0333
90.0799	97.1003	637.9587
44.1369	127.0992	434.8458
31.8208	98.5494	43.8715
42.8789	99.6350	124.1558
129.3193	76.2218	783.1603
27.8013	128.6325	203.3082
119.6129	71.5262	627.8242
77.1454	24.0219	652.9329
69.3192	88.2228	180.5464
64.7302	87.6466	118.4742
87.1945	122.2529	791.2708
119.1571	16.9244	415.2839
125.5035	103.5063	728.0702
128.6188	133.9618	644.1659
0.7277	127.2836	195.3348
55.1245	99.8876	312.1574
121.6611	33.4698	815.1605
91.9692	7.8419	433.0252
110.8847	24.2671	568.1358
73.9125	21.9729	705.6015
30.3791	118.0450	312.2626
44.4387	71.7368	443.7882
68.2213	72.6136	605.8781
62.1958	97.5295	577.9798
61.8354	53.1157	710.4742
6.9168	97.4272	788.4402
14.3750	117.4049	130.5094
19.5716	13.9748	377.8728
41.4597	66.5888	686.0813
58.0923	132.2899	669.7694
15.5607	87.6217	35.7322
73.0137	69.3275	232.0461
75.8894	60.7586	11.2610
70.5402	94.3347	366.4034
115.7895	65.3081	159.9174
49.1817	123.1787	200.7051
83.3602	18.4912	384.1700
110.9975	55.4729	438.6145
65.4128	131.2973	519.9655
55.8819	119.9262	739.1293
114.8049	97.8240	41.8176
65.1313	42.6579	690.9518
108.9852	57.8675	397.1479
125.5905	132.3858	373.3859
53.9184	61.6459	621.1673
100.7321	43.3914	627.4967
65.9894	101.6088	280.0403
131.3587	111.1915	413.0697
39.1947	134.6699	274.3023
109.4268	82.0637	636.4148
56.2540	26.6472	250.0642
78.9744	126.0128	672.2436
85.2429	11.9682	546.4901
42.4107	50.0033	579.8345
26.9457	57.9594	7.8572
96.2336	8.3355	687.7858
75.2958	24.0267	19.2702
92.6773	86.5018	315.9588
106.9196	28.1700	832.4756
83.3327	87.8147	310.3475
75.4215	63.8889	85.5907
88.8836	98.7132	277.4934
66.6591	21.1324	282.9962
71.6381	135.0725	190.0066
8.5666	15.3009	375.9745
133.8687	124.7949	365.7412
6.3005	48.7896	470.5413
84.6894	75.2419	100.4281
0.5184	107.5677	87.2361
109.8454	84.5890	380.3608
91.2138	3.7294	486.9423
55.3769	57.9364	21.4954
128.0214	18.6148	841.5951
91.6715	46.6020	669.9055
27.4368	96.0083	17.6972
58.7855	120.3921	715.0802
111.7993	55.7209	722.4726
0.0707	62.5532	805.3500
36.1080	55.0973	572.8772
87.9259	99.9568	245.3683
119.9383	69.0910	93.5103
137.6507	56.3504	553.6640
19.8685	5.4483	386.6971
42.8037	5.2142	221.3061
21.2083	57.6959	397.0463
110.0329	16.5568	354.7227
51.3107	101.9380	228.9760
5.3216	21.2159	690.0278
81.9550	7.6513	632.5275
65.2247	5.3962	49.3520
12.7202	94.6418	97.1207
9.5090	100.4358	832.6916
112.2000	40.5478	607.4865
104.4811	92.9000	138.4889
124.2249	32.3258	190.6349
123.3265	12.4025	327.7751
64.3402	39.8497	325.3088
108.3477	34.7771	353.3807
131.1251	105.5679	688.0005
71.8238	120.7465	126.2199
84.1826	77.1185	689.7519
72.0537	97.3230	738.6105
0.0282	69.7274	187.2730
32.7416	137.5711	272.4773
116.7986	17.8881	757.4108
44.1227	29.6911	836.0812
138.7705	116.7840	504.0361
109.0285	133.8005	85.9468
14.3008	19.0964	47.9265
16.0606	96.1109	342.2945
86.8382	17.3224	524.7412
80.5870	84.6065	628.2017
10.2929	10.2614	348.8045
108.7267	87.3882	419.1063
42.2501	86.2215	173.0865
111.2411	120.2651	618.1240
120.0973	106.5609	284.0744
131.3422	91.8446	493.0846
90.5811	77.9567	634.5786
85.7834	125.3424	264.9002
10.4842	44.7300	0.9457
119.4546	26.9407	322.8240
136.2143	30.8653	609.7834
50.9967	119.1684	227.1932
29.4418	53.0658	113.4566
33.2318	68.2270	122.4913
85.2136	14.6032	686.2882
83.8195	17.4778	855.2035
104.8722	76.8605	383.5827
68.2342	117.8160	230.1081
134.3638	33.7785	38.8991
112.2279	119.8396	709.1200
55.8710	108.0840	164.3198
71.8415	128.1328	181.7327
16.4434	99.4428	313.3390
114.1121	25.9718	271.0440
59.3298	108.1557	763.2936
66.1759	70.2763	257.6102
58.7080	107.0819	19.8270
90.3602	50.9743	427.0216
103.3696	50.5174	733.9653
65.3798	96.6162	268.2074
111.9586	101.7456	276.3382
4.8625	67.3691	318.2736
138.0439	47.5070	293.2313
0.9192	14.0537	495.6012
86.1917	12.1377	697.1114
29.6673	49.1539	796.4718
135.0275	37.5084	838.9246
46.5829	67.2796	736.5185
81.0225	84.6689	707.3870
120.7611	32.5519	187.9018
65.7900	129.8390	604.0297
121.2804	75.6597	355.5589
18.0620	39.9051	402.5705
131.9528	99.4546	682.6634
92.1320	85.5525	97.2577
98.8301	61.9731	739.1201
59.2381	89.0521	318.6664
19.5984	13.3035	153.7978
126.9424	75.3590	592.8590
123.5102	34.6558	740.3015
66.0741	28.4111	549.7916
115.1979	90.9694	508.2157
41.0004	80.4044	530.1240
38.3911	71.3122	327.7919
60.2041	98.1142	326.3888
127.2544	24.7138	861.3145
37.5271	114.5757	294.4226
136.4591	31.1726	159.7675
85.7371	75.1398	419.6059
89.3391	15.8632	80.1799
50.5567	86.1649	557.4855
13.8461	8.0569	561.6104
127.6038	112.2456	4.0786
14.8745	129.4264	471.3101
95.4362	55.9832	79.9839
99.8732	70.5411	217.2961
115.9822	128.2531	182.0449
19.8358	40.5466	526.9921
85.9654	44.9199	786.6710
4.7943	107.8967	532.9504
12.0602	97.8276	835.2472
29.8800	21.3113	540.5103
111.1058	116.9465	820.7169
13.2847	92.5078	93.3869
136.2378	135.9118	45.6487
123.2918	24.9648	231.4967
20.8609	25.3509	187.0915
89.3610	9.1138	622.2139
47.0513	58.1951	535.8215
61.5170	25.6435	652.2608
86.0264	112.0332	800.1229
23.8563	89.5106	433.4828
30.1675	21.5302	709.9419
26.8861	109.2421	169.2127
128.8361	101.6573	40.2470
45.0964	67.1349	381.9385
17.1199	112.7635	651.9589
21.0446	1.1752	448.2733
123.4928	59.0842	689.4541
89.8107	36.3998	310.6619
51.3177	134.4861	796.7205
22.2618	124.9407	196.4560
33.7236	124.2246	694.0201
121.8520	70.6834	205.6380
111.2038	52.0464	45.6258
123.8111	78.5617	481.7272
8.7748	5.3238	10.4440
4.8249	16.6188	193.1226
107.5121	117.0115	747.5001
109.1914	96.5440	410.6354
92.2070	128.7408	478.4594
135.9552	115.1193	664.5960
74.4373	115.9438	7.7754
45.9102	130.9455	159.6613
63.0569	129.7442	629.9026
81.8927	7.3420	839.7349
133.4058	125.6991	536.1300
79.6600	114.7835	651.0964
11.3052	121.7422	551.2994
2.3130	87.3552	121.1993
40.3118	122.7222	10.8578
119.7056	70.8229	135.8637
106.5334	73.2801	120.3296
107.6103	130.8524	606.9236
135.7872	45.0601	529.0940
62.2978	127.4008	640.4844
45.3899	96.6872	10.0758
98.9675	48.6996	411.4747
28.9785	90.3709	453.0931
54.6901	79.4250	313.4080
58.6545	132.7521	584.5829
95.8729	0.1672	816.6299
98.9058	82.4459	852.7239
83.7815	66.4784	471.9680
12.3841	4.9584	332.0442
71.0115	95.9210	51.8098
42.8043	85.0842	530.7283
18.0468	22.6890	515.8770
63.6448	21.1303	672.7054
41.3367	122.8360	148.5910
110.3513	133.7602	792.9768
10.7170	35.6704	356.9398
72.4489	101.8910	611.9362
6.8233	123.3667	403.2794
54.3815	84.7924	185.5437
70.5717	40.0579	381.1723
6.7219	134.3327	343.4328
126.5073	20.4944	756.0924
51.8250	90.5789	464.8101
47.0225	115.6697	375.6606
17.1183	3.7808	506.5984
5.1657	81.5396	493.0963
63.1142	56.7803	715.7637
4.1132	17.6553	650.5218
8.8233	114.2781	672.4540
70.2152	77.3009	219.5421
88.3644	91.2460	688.5291
125.2320	50.0876	108.3073
42.0139	111.7619	393.9849
30.5180	41.4871	804.2031
47.3765	77.5322	600.2725
49.2102	21.6327	774.0177
111.8169	20.0020	736.8045
99.3839	106.0432	204.4631
117.8106	39.9481	443.6791
4.1997	111.6015	424.3074
11.8900	3.9566	681.2505
41.1067	53.7084	342.4922
119.7505	83.9953	310.7656
108.9344	4.7898	496.9795
76.9980	32.6677	401.2974
15.5621	83.4461	740.7380
61.4731	16.5087	338.5991
67.5078	36.1936	487.1180
4.1698	132.4076	575.2699
57.8076	36.1050	816.2908
68.6915	127.2083	652.0335
44.9668	116.1669	205.3015
51.8967	60.1736	631.9962
112.5730	52.9519	681.6617
24.9836	130.4606	731.5894
129.4597	73.3916	715.7433
28.8156	117.5023	801.6710
81.9193	31.3964	672.0333
113.2526	63.4709	284.6773
25.8874	124.2469	20.2345
20.9213	84.5946	484.7473
62.5505	34.3369	796.9210
138.5645	53.5366	73.4658
108.7980	90.5851	460.0050
70.5432	136.2559	582.9555
36.7495	23.0580	781.4267
139.3688	137.9874	652.1406
106.3290	113.9762	479.8830
59.1211	113.0231	164.7917
12.4614	1.5131	491.0928
86.1884	110.0593	300.7362
82.2602	90.1699	417.8059
9.2186	39.6784	474.7477
100.3289	128.0449	116.8639
116.8785	75.8006	544.2241
86.6471	104.1970	174.6271
115.5986	106.1472	266.3153
52.5185	125.4189	727.0339
106.9140	110.1942	231.5970
55.5185	48.0259	848.9117
76.7779	135.3053	585.6797
120.9738	13.2981	778.7963
24.2674	41.1946	772.1712
133.2646	120.3468	310.3294
44.3605	138.0171	47.1147
20.4198	60.5316	682.5358
49.8396	41.6076	202.5040
130.7714	46.7955	106.8428
86.3140	120.5433	550.6743
36.0134	64.4172	262.1263
72.3388	37.2547	93.7657
23.7666	13.7530	170.5765
85.0101	139.2908	720.9820
47.9225	50.9201	595.8834
49.2321	126.5249	826.7282
107.9364	63.0277	143.9546
101.4419	103.5877	456.9924
51.0977	72.1153	74.8140
78.6742	62.2366	642.5007
84.5507	120.3813	13.1707
46.7582	123.7876	742.0587
139.2598	34.9917	562.8325
83.2965	93.0305	498.8167
35.9239	31.2454	518.3676
4.2272	104.6301	30.8427
6.7386	104.1849	528.3577
122.9576	71.7286	638.7617
18.6496	137.7836	304.8227
63.4932	13.1128	453.7610
96.2010	39.3705	149.0272
17.0093	116.1719	153.8301
42.8893	39.0241	624.1317
7.2897	81.7843	830.5333
114.6863	133.7635	90.5403
5.4723	48.6659	505.9931
50.4855	11.2005	292.1754
110.8115	120.2990	686.2398
112.7727	89.3715	210.8612
32.1917	53.3901	230.4729
38.7627	100.6635	184.4829
122.3726	113.9407	391.2728
28.6629	18.1178	550.8988
73.4184	42.8168	635.2843
43.6061	32.1718	426.2724
9.6762	131.1622	242.8963
52.2569	9.3418	506.2353
5.1086	97.1348	635.3556
43.6615	63.4444	411.2640
125.2027	130.0640	15.5718
98.4219	107.5715	197.9783
56.6431	37.1459	637.7624
109.8637	88.3894	339.1967
117.0867	30.1481	313.2192
91.8624	96.7458	410.8211
0.9043	4.5472	461.8606
92.9697	28.4521	563.9651
95.4152	42.2757	680.9924
69.6075	35.1394	710.3573
111.9753	126.2952	127.4442
43.4703	122.4457	502.4795
107.8952	87.9227	184.5939
3.2484	61.8152	676.0982
30.1240	111.6023	723.5177
68.8868	61.8272	280.7539
134.9373	55.9050	772.9157
38.3273	25.1602	802.9747
108.5554	138.0609	751.5339
138.3259	91.4718	646.9373
133.7778	63.8810	756.7901
44.8793	22.5545	534.7135
124.1999	116.4130	545.7061
27.9124	132.6971	673.0100
33.5197	103.2308	387.8863
94.9459	69.9040	197.7615
93.5527	128.4426	189.6030
32.2274	107.0369	12.2185
125.1066	88.2563	785.4166
46.0674	116.9605	386.8759
1.0957	108.2939	567.2191
115.3864	24.3144	556.7540
96.8818	5.4246	366.7194
16.1993	105.2695	572.9193
60.9577	131.5556	540.6344
123.8817	6.8749	818.5401
131.5005	114.4852	207.3234
137.8622	100.2098	13.6097
35.6580	45.4942	123.0029
69.0384	117.8191	295.4707
101.4022	94.7942	211.1550
53.7457	50.4307	112.1387
134.2633	11.5351	855.4391
31.5721	108.5105	164.3596
83.6186	82.8104	327.1768
80.3179	99.3573	724.0131
47.8095	35.1593	581.3810
42.2779	32.8789	229.2333
134.9448	35.4696	204.5048
30.9568	68.1994	793.9493
134.1864	95.7694	21.7399
30.5186	24.6229	609.3699
16.3036	32.4607	845.0376
20.8575	47.7951	504.7389
20.7444	87.2721	499.5010
122.6537	90.2972	230.9767
110.7615	104.9049	256.8439
4.5579	64.1764	412.1005
82.3842	41.4791	590.9526
5.0291	121.4678	422.0335
100.3100	98.9976	142.8242
137.9284	109.0935	739.8319
12.0189	70.4120	234.2080
18.1777	38.4210	533.9797
122.0738	86.7690	846.8322
4.2774	135.4895	596.9697
56.7064	15.0529	729.6362
88.0294	70.0534	687.6795
118.0586	82.6076	708.7356
48.8775	14.0844	707.6718
13.8125	31.3549	120.6085
122.6058	118.1243	28.6700
117.0568	33.5892	298.3207
131.7834	70.6859	513.7240
106.3013	128.1266	437.2872
20.0126	65.1918	194.2353
91.1886	116.4506	89.4843
4.8539	136.0507	234.0839
33.9461	22.0351	679.3837
91.0116	120.8474	343.8552
48.5627	117.0304	468.9182
55.1029	71.4666	768.2178
74.5267	108.2825	823.1411
80.3180	81.8270	848.1508
74.7511	91.3223	219.8835
39.3247	111.2144	645.6332
9.9482	40.8726	594.9951
29.1069	124.4303	249.3676
130.0818	120.5339	199.4780
54.4528	132.8747	89.9493
39.7265	127.3503	858.8294
67.2869	111.0485	532.0664
80.4963	76.0795	582.0848
31.6609	9.3568	432.9574
26.1689	41.4762	492.1017
130.4237	135.2469	592.1673
84.6062	46.6084	795.5426
81.7791	58.3312	107.5795
126.9835	126.8185	852.5232
126.4059	46.4248	322.4451
75.1674	69.4848	51.2427
115.5298	122.6890	685.4144
64.6307	75.6535	688.9940
66.0310	121.1281	347.3259
33.7069	51.6700	382.1713
135.0690	41.7908	659.7127
98.4002	86.6040	630.3602
76.8129	85.5443	751.2825
113.6350	80.1908	541.6707
108.6177	115.0712	317.4834
81.8933	80.2297	854.2415
68.6758	116.2988	196.7341
28.3996	65.1212	118.6917
99.9575	106.1269	653.4421
59.5060	132.3756	270.8353
96.3227	51.5844	671.8388
25.5876	43.6568	310.4009
64.1060	67.9902	605.1971
80.1269	9.2993	281.0940
96.8893	81.6680	423.2458
126.4868	48.8089	446.4409
102.1324	75.1504	135.2246
15.3118	104.8803	745.1622
99.4182	22.2939	352.4241
26.3886	52.2058	440.0503
66.3983	17.0853	803.1914
112.1955	104.3625	309.1179
59.5462	11.2374	739.6412
50.9569	86.3145	212.5156
52.0498	97.0787	303.3424
41.8848	56.6464	270.9048
100.7719	89.7696	389.4094
2.1789	117.1751	333.2171
133.3045	64.8164	262.4674
97.8329	47.6618	67.6742
41.1303	15.3817	567.2948
96.0817	119.6549	737.7885
11.2131	0.2894	853.1513
31.1922	50.1646	265.0180
111.8647	132.4483	820.2803
85.9527	115.0006	748.5578
95.2710	120.6170	699.0181
4.8218	0.6758	670.1494
10.3182	39.7012	210.2071
129.3017	55.5040	492.3046
91.5026	54.2404	204.4135
94.9696	1.3297	78.7453
77.2001	89.7432	748.5419
7.8494	105.6632	66.1641
46.4008	19.1081	254.2191
93.0121	67.0460	262.6702
136.7279	79.8803	493.9834
129.6165	0.1157	307.5055
118.4823	45.6289	163.8381
42.5799	54.7838	256.6853
11.9125	8.0273	106.3573
6.4480	102.3774	28.0195
27.7097	66.4796	137.2262
6.5830	33.2988	157.7627
14.4719	43.7068	525.6207
52.9994	43.6862	772.7608
85.4524	107.9856	151.0552
15.2963	62.8138	859.9071
12.2603	108.2562	414.8769
110.2125	12.1760	273.4363
80.1535	84.5475	133.0044
63.1871	66.3600	853.3014
64.9349	50.4241	308.5581
17.4101	117.1739	135.9822
16.7213	111.0931	249.3230
115.2861	111.7676	799.4561
24.0697	42.6511	357.8640
98.7436	94.4866	288.4338
121.2272	95.9611	757.3795
51.8112	91.4409	43.3069
86.4369	60.2630	235.1820
3.8717	1.9293	340.1487
88.0491	20.3822	535.9866
0.2488	34.8268	762.0541
96.1647	113.0302	544.0198
11.7470	134.9657	514.9816
58.9065	70.3766	809.3684
37.0240	122.1100	110.5329
35.4385	52.7581	112.4748
51.2011	102.9762	711.0363
90.2217	55.7872	766.2723
94.6404	23.1449	583.7161
87.3289	4.7385	591.8876
85.6252	14.6309	299.5188
88.5977	90.8681	422.2216
87.7116	40.8527	540.0633
1.3496	99.4445	112.9241
64.9233	13.0607	158.6124
8.9534	125.0065	162.4503
88.5684	20.8011	35.5767
103.0520	134.5367	395.5982
36.5028	96.2322	664.7028
30.2764	77.5839	204.9753
38.3803	103.9626	851.3245
95.8047	81.1442	390.4546
78.4698	136.0052	540.5087
73.3939	112.7693	771.8461
103.5314	3.0634	573.1267
44.4597	49.3231	580.3287
107.7668	133.0890	768.2292
102.0947	115.2413	436.7242
32.9564	112.4521	200.3580
102.1739	24.9783	412.0505
0.2104	55.1213	207.8922
63.0884	89.1421	740.7456
23.7615	136.6326	215.1375
50.8579	93.6855	672.0951
50.8643	44.9510	44.1296
5.4759	111.2129	383.2075
111.9073	104.4372	236.8341
46.0680	40.1957	842.8212
48.9011	73.8072	287.8700
36.5310	52.7376	794.1914
133.7426	9.7389	584.9968
22.8027	62.3824	500.2865
38.0682	85.7021	165.8565
38.3656	102.1933	171.7085
93.8972	113.5622	261.7165
115.2574	114.4621	476.0246
5.6754	45.0900	526.8311
23.7022	72.8229	269.6986
32.0704	41.5821	176.1148
17.0439	78.2053	83.8447
67.2867	3.1879	285.7837
8.0277	26.6602	127.4860
74.5786	11.2290	223.2712
94.2791	79.3136	350.3385
43.2731	67.2220	74.5959
69.9866	121.3244	579.7023
19.6801	106.3956	274.0518
74.1991	105.5137	478.7657
67.0146	25.4166	90.6765
104.0995	72.3434	77.1262
127.8750	54.9958	582.9367
130.0618	107.7455	749.5410
135.3347	10.7318	330.5116
96.6607	12.2007	292.7891
83.5252	110.1378	557.0989
113.4447	98.7173	347.4606
99.5052	30.0845	393.6348
57.1754	125.7100	285.4039
120.3379	100.1417	588.4170
59.8588	124.2298	482.6994
44.9493	97.0675	515.0169
47.9408	52.7595	490.5917
127.6354	28.5525	279.4151
122.2493	84.1834	492.0776
138.3865	47.8396	422.8937
91.2178	31.6513	677.8924
112.8784	62.5110	373.4457
85.9731	6.2010	42.1240
64.4247	110.0201	648.7462
96.2495	134.9220	714.6102
24.3293	11.3069	148.6864
131.5331	59.4398	204.8042
43.3600	94.7294	266.9838
3.2905	44.9236	10.4715
86.8275	44.7063	803.2185
111.1839	82.6100	292.0957
105.8164	117.0814	678.0863
61.0330	103.9091	221.3992
103.3092	138.0537	79.1800
11.8289	125.2190	730.4722
45.5774	0.5989	403.5528
50.1680	84.0081	529.8522
44.6757	16.2551	310.8078
96.7334	105.1536	108.1519
57.0338	79.1710	497.9804
136.2850	64.4898	805.1388
80.8561	48.4701	349.9953
100.6955	28.7046	692.5442
26.8675	88.0742	757.8040
18.4921	29.3329	660.7344
47.6092	0.8194	324.9929
34.4913	114.8741	380.1010
139.1083	72.5858	346.3642
74.5835	124.7597	43.8317
123.0066	76.3793	10.0747
29.7572	91.3730	36.5915
85.2184	57.6294	684.6716
131.8570	59.7926	31.1146
65.2497	139.5593	78.3006
17.4526	28.6394	640.9358
114.6183	64.0195	343.9672
21.0374	78.2260	783.8742
102.1506	43.7612	150.4042
137.7088	15.5805	817.2400
58.1553	113.1116	144.0402
83.0253	41.4522	356.5441
139.6192	51.8203	569.2264
36.5175	65.7320	314.4264
63.2566	81.8198	79.9701
109.7782	109.0792	850.2413
130.1835	63.8178	103.6597
2.3507	72.1099	232.3185
19.9288	83.1495	858.7331
134.7347	119.5501	13.5512
92.0956	14.2008	448.8495
122.8831	81.4305	860.4034
69.1852	53.8500	613.5014
132.1147	124.8588	494.4861
52.3025	74.9768	518.1002
78.2545	107.7794	782.6647
19.1676	69.9365	651.3789
65.8711	104.9808	50.6640
60.2048	65.1326	41.8095
104.0563	76.9727	374.8387
5.6725	82.2800	387.9090
133.6257	86.1796	679.1889
114.6366	70.9273	821.5012
54.3622	7.8994	238.7328
134.5178	90.6273	533.8307
66.0461	10.3519	343.9635
40.3026	38.4156	600.7794
31.3577	124.7147	566.1187
96.2290	48.7180	138.4317
11.8062	86.0594	165.7695
54.2149	58.5012	52.4676
137.7586	6.0703	854.4929
64.3994	130.5748	831.7936
25.5249	136.9571	434.6170
0.8631	67.1160	414.6295
129.5282	57.6602	36.5845
22.7613	81.5046	860.3269
49.4208	137.1912	147.5700
137.0723	32.8943	107.3242
15.7002	134.2192	696.7865
89.4241	111.0239	214.1278
30.1505	85.3674	617.4109
71.0049	84.7971	284.6440
67.0289	31.7013	198.7144
62.7493	17.7105	107.5364
124.7680	127.7758	414.0462
41.4073	35.7071	193.9521
102.5460	85.7805	349.7214
107.3062	39.5473	435.4399
16.4552	24.1156	19.2757
133.5733	29.3135	435.3717
137.9253	108.7061	573.2729
122.6407	84.4910	773.3799
57.2228	14.5013	453.4022
10.3397	68.6332	23.4425
72.3221	130.3666	185.5344
90.1033	1.3063	673.8711
119.3340	54.8183	287.6789
17.8218	84.5745	261.5669
91.4820	25.7148	747.5751
98.9294	81.7913	642.3379
60.0667	25.0756	53.0479
10.5177	28.5240	51.4815
92.8452	26.0628	857.1250
87.0322	114.6234	183.7503
101.7768	106.3600	373.4406
129.4263	16.5276	518.1749
84.6011	138.9387	465.1157
95.5083	16.5350	500.3491
98.6116	73.9422	743.9387
59.0480	91.9618	284.4133
71.0230	102.3045	393.2466
13.2174	26.8624	302.5215
27.5986	106.5264	788.5169
99.7379	1.3251	458.6750
9.8359	109.9462	200.0092
103.1797	130.2279	300.6423
111.6561	37.1468	513.8500
76.0080	121.7477	165.6866
124.0456	70.9947	491.8718
138.0140	67.1420	419.6573
100.1333	35.8846	423.7473
79.3364	88.7226	434.9015
129.4730	118.8977	257.3315
77.6849	1.6259	642.8006
76.6348	83.5671	699.3746
34.5040	70.8648	676.8048
18.2459	30.7839	686.7131
130.5985	41.3966	843.8063
126.2605	14.2930	289.9133
52.2137	99.2568	294.2143
105.0749	14.0107	314.5603
73.1411	50.7573	452.3070
53.7465	81.0483	381.3589
98.4324	13.0711	412.4396
121.0049	111.1770	644.3169
109.6734	0.0557	860.5909
78.5532	110.5268	256.7852
9.8046	45.8523	691.7111
139.6133	40.1042	342.6152
80.3999	85.2390	248.0786
20.1196	109.1088	225.0395
44.6370	55.1659	618.5837
65.6333	58.9668	533.4443
118.3277	104.2720	93.7374
29.8246	62.9418	157.0648
20.6714	110.5579	111.3734
119.7024	35.9619	681.3234
99.1770	13.4859	403.2279
127.2100	110.5389	354.1093
71.2910	118.8995	88.7636
102.5952	46.0293	714.7385
130.3299	80.7867	679.7881
70.7170	110.2177	710.4620
97.8963	78.6341	557.3297
48.4139	43.9043	180.2206
20.7074	43.5485	483.6171
87.4296	92.5605	636.3332
91.0481	44.9482	753.4802
68.1480	75.2745	343.8444
104.4483	89.6663	359.8300
26.6981	4.0519	764.9499
111.4027	97.8517	453.0595
22.7185	6.5393	336.3145
133.2492	137.1132	659.9831
71.7730	100.6722	725.7829
52.9138	83.7282	533.2990
17.1218	92.1934	537.5838
54.8533	79.5633	175.8107
10.6136	48.9558	779.4596
60.4165	30.4563	231.9780
24.8004	17.4388	221.5859
63.2772	15.2615	333.1073
29.0649	76.5321	387.1669
58.2058	59.9743	667.0736
117.5441	61.5234	275.2086
13.6404	100.5113	522.3746
89.5063	122.5307	274.1479
57.0143	27.6450	396.1707
48.5573	82.4295	339.8682
14.9702	17.9449	434.8826
47.2663	13.4693	249.0197
35.5793	35.5267	402.8101
127.6401	18.5884	634.9874
102.9041	46.1496	164.4065
107.6554	134.3566	851.9278
127.3052	82.6324	339.2129
130.6339	43.6582	383.3725
134.6184	65.1949	496.2250
88.2681	130.7902	844.3489
78.7547	93.4731	789.9956
100.9192	103.9600	425.4461
78.3651	86.9437	452.8467
100.5023	88.8538	251.0082
7.9636	84.9566	710.6398
13.1784	119.2580	550.6089
132.3509	85.7374	759.9071
6.2174	83.7237	732.0122
68.4628	135.4076	120.6064
24.3668	121.4293	148.3216
66.5722	114.1181	715.5181
10.9995	129.9347	611.6637
111.4998	13.1947	343.7202
1.1592	77.3908	200.6431
1.5242	109.2268	541.7368
84.6150	19.4920	397.6102
52.8672	76.8550	571.2082
129.2941	111.1239	802.8455
86.3155	95.5008	216.2483
99.8282	42.4312	307.0155
128.0631	56.1352	758.7289
40.1752	79.5214	511.4736
17.7203	107.5263	255.6189
125.5271	68.6112	61.7854
34.4081	46.7741	564.9297
82.0462	68.6600	73.2530
5.7820	88.8448	56.2054
104.0439	111.6050	489.0150
74.3311	52.2362	636.2624
34.0433	13.2916	425.6264
26.8060	36.5121	504.2139
81.6649	44.1711	112.9652
5.3064	77.7140	439.6864
97.0036	119.0476	702.6110
116.7117	118.4159	108.5554
35.8834	79.0957	413.1641
137.4523	50.4333	80.6494
28.6577	121.3797	346.0557
90.2379	36.9437	597.7050
59.6209	64.4260	811.0381
96.1124	92.1136	768.6829
104.9086	93.4927	221.3742
72.7975	92.2979	404.8873
16.2274	85.1649	82.6116
112.3508	7.8167	676.6987
40.3220	17.5338	78.1089
93.5000	85.1733	258.3744
129.1620	35.0834	104.4363
97.0316	52.7655	28.9109
60.9222	102.1548	404.0127
126.1030	103.5248	57.3286
18.2532	7.7624	160.3483
139.2275	44.5220	739.6525
42.1932	129.5299	831.9298
26.1848	10.8479	353.4128
37.5840	138.0524	740.6924
95.3238	66.1535	345.4510
44.1518	96.9382	318.2098
77.9566	22.9831	760.5400
116.7084	134.8339	833.8740
6.5637	120.6646	665.6260
10.5238	41.4233	624.4438
93.5772	104.4844	803.4533
129.5006	122.7489	361.8565
54.1911	6.0778	742.8699
10.8960	135.7111	125.1163
63.4739	105.3759	831.6390
55.2738	82.4149	46.3305
42.4874	136.3815	392.4674
99.5449	31.8498	515.7415
107.7634	17.1913	185.5116
50.5181	14.1979	548.8119
32.0625	46.1735	425.3036
28.8417	20.6147	560.2262
14.5280	69.1537	217.2574
61.2723	136.3810	69.3190
31.5708	61.3710	423.7968
2.5753	138.9569	467.6475
24.1885	20.0283	92.6077
33.8274	136.7215	335.1976
51.0567	26.4773	422.4422
78.8061	106.6721	133.4069
106.2815	117.7492	751.1528
26.2840	109.6335	600.8301
132.8196	7.1712	430.8307
103.5179	56.2744	139.9569
38.8878	126.2110	117.2620
123.3473	50.6896	596.4109
133.2226	82.0741	734.4606
90.6606	71.2683	36.8282
89.3211	128.1416	788.8060
123.1386	55.2283	493.6524
126.7684	49.1495	156.6564
68.2566	51.0967	578.8329
14.2401	93.2144	651.0607
90.1336	13.1379	400.8946
42.4186	19.8761	403.5659
76.0733	51.4215	128.8214
114.4621	32.8176	175.2174
75.5292	90.5104	519.4110
101.1457	16.9801	387.5230
16.1554	112.4864	103.0327
127.0468	110.0457	752.8000
31.5806	52.1963	487.5864
89.9018	11.3522	601.5940
39.6512	36.1190	187.0132
129.8616	13.1767	597.1706
136.0145	120.3045	382.8612
8.5082	79.2094	853.3790
138.2608	84.1774	55.0621
2.8759	16.9824	797.4185
21.5635	24.0214	335.7731
11.3836	122.6038	352.3297
34.8575	10.0796	421.3909
92.7480	69.4057	501.2938
59.8873	61.5561	755.6848
104.7111	89.0519	392.7094
93.6864	11.8533	301.2751
88.1175	14.4105	527.2039
1.8338	65.1029	517.6756
94.1259	2.6099	813.7370
94.1641	105.4361	180.2576
99.7176	101.7343	21.4227
47.8984	105.3023	683.1512
109.9752	85.7205	510.4844
93.0347	89.3992	109.7267
33.2908	91.5211	699.1762
94.4334	29.1274	855.8607
26.4079	113.7849	639.3276
11.9355	109.5600	826.6219
43.9061	108.6427	681.1295
0.0746	117.6137	529.7469
46.9624	54.5837	658.8943
136.2740	58.8450	835.3286
2.4798	112.9209	276.4015
15.6025	123.6425	699.2542
3.7129	112.2851	153.0154
63.1041	2.0682	818.6245
101.8346	49.1689	102.1973
124.9645	72.5443	769.5867
94.7877	10.2494	840.2667
77.3367	84.4582	196.2714
67.0358	126.1895	603.0940
65.9673	112.7836	843.4114
137.7388	65.7206	355.2821
54.4009	96.2080	327.9605
86.9493	124.5500	546.3733
97.6652	53.8419	788.7121
63.6113	116.4036	553.5705
18.6450	80.4544	89.1329
51.7982	104.5055	7.8980
129.1619	20.8113	292.0522
34.1748	131.5697	565.6845
59.9415	63.1856	86.6332
76.6403	64.7676	639.4850
111.2819	131.4073	533.4089
30.1211	92.9894	610.5446
65.5651	16.6297	337.3527
86.6825	30.8241	277.3971
101.3866	137.6108	32.9861
51.1306	120.6300	287.5324
131.4194	41.8538	345.0411
9.5606	44.8936	435.9685
80.9849	9.9031	851.0984
123.8824	123.0932	640.8293
134.6600	54.4350	828.7532
10.6324	110.2083	408.5512
130.0370	127.8389	706.7937
73.4896	98.2261	739.9857
93.6156	26.8493	833.8322
101.1739	115.9205	444.0674
136.5757	107.3452	687.5864
97.7226	84.1979	782.8058
60.0302	62.3405	444.8508
133.5106	69.6495	436.6158
83.5741	55.5203	114.6441
17.8226	61.2672	27.3194
84.0257	122.0766	357.1077
50.6593	73.4967	640.5941
63.8348	49.0976	661.2181
50.9885	128.6135	460.2216
38.8658	135.5694	64.9436
75.9752	20.8946	592.9810
120.5517	82.7595	41.8174
3.1886	75.7198	353.7029
40.1825	36.6755	348.8455
73.3514	22.1365	487.6406
45.8694	129.8849	760.2895
76.5289	1.2714	836.0796
103.3656	47.1325	731.8281
63.9504	70.1637	466.2523
79.6479	82.0152	104.4197
3.6309	133.5314	114.0370
10.5775	36.6146	557.6998
25.0575	104.2239	634.7415
85.3611	134.5290	358.2301
62.0453	36.9320	673.9606
48.6494	84.1911	372.9965
60.5363	28.5146	227.5647
75.1484	45.9290	358.7536
5.6141	27.7744	63.7720
82.9052	91.8147	394.5131
18.4164	24.5941	833.9490
3.6834	11.1668	410.0890
46.0599	89.7166	206.1832
37.2878	18.4841	107.4978
20.9314	96.4267	190.1073
42.7893	50.3133	356.3180
17.8425	112.9523	168.0386
2.9153	130.4417	53.5040
76.8323	31.0049	596.6330
42.8149	30.1268	775.0434
62.2290	138.9878	522.0414
118.0896	122.3641	0.5544
103.4513	78.8682	819.8191
55.8278	134.0600	631.8661
55.6407	135.7390	632.3912
118.9349	58.4835	358.8812
57.3776	137.8893	843.3239
131.6757	44.9701	353.7966
41.2663	19.6168	65.4492
13.1059	5.3130	339.1448
122.5821	85.3822	596.8829
79.7212	90.5666	426.4001
117.6871	4.1157	628.5740
13.4094	74.2676	295.0349
35.6963	60.5684	67.7104
80.4135	28.1055	855.8746
121.8441	116.4742	460.4845
108.4256	77.6827	107.2851
27.5113	51.7463	385.4802
7.1597	125.3930	85.7797
22.8951	24.9373	109.8309
56.7116	49.3764	643.9749
61.2898	119.4632	197.0710
137.2334	65.1906	833.4484
28.9280	78.4278	245.5101
32.5649	34.6495	566.3852
91.1178	85.7907	447.6634
113.5158	99.5476	264.5558
109.8047	16.5846	518.0446
117.6364	91.5741	259.5922
93.6447	105.8455	744.3107
8.9709	100.7127	251.5433
73.9524	53.5942	584.4804
99.9732	129.2463	174.7366
87.5002	118.5097	18.4356
51.9128	108.3494	558.1970
124.3406	19.6420	17.0907
42.7845	81.3454	645.7827
139.3564	31.7288	45.8677
51.7988	48.5076	636.1734
84.3287	84.9200	288.5151
112.0739	65.9747	304.4704
16.3826	137.7274	56.3061
75.1819	102.6824	774.9430
52.9097	23.9751	805.6005
1.8503	8.9101	226.8591
31.8509	47.0071	186.9242
58.2660	60.9031	517.2246
93.2397	121.8784	727.0730
137.1223	6.3068	465.0731
40.8442	118.7385	350.0883
103.4105	135.2095	793.5886
119.0663	23.9967	183.6477
99.6031	30.8508	514.6077
63.1775	118.8717	421.8351
116.8426	47.9555	43.2728
49.5924	81.2692	845.5252
63.9932	113.3245	669.7958
105.9742	104.4099	424.9710
19.1927	100.9096	305.2235
6.7158	101.0375	310.8026
91.8823	66.4941	233.5909
17.4373	21.5781	274.6596
95.1105	49.2674	672.3340
29.6446	107.5442	91.0326
24.7282	49.9542	482.4337
77.2116	127.4400	630.9188
1.7085	66.6942	696.9896
21.5739	36.3757	113.0783
101.4454	130.6216	182.6681
35.0333	47.2668	413.4499
50.5462	106.0656	183.4222
54.2189	132.5293	94.3272
94.5018	32.4185	744.6576
21.7640	40.7894	134.1311
97.2055	59.7152	508.1765
122.4017	60.3452	638.7014
15.0169	102.8075	733.4218
105.1073	120.9059	169.4636
50.2433	5.9933	826.4466
103.5215	63.7469	172.2077
12.7326	77.1007	736.0800
25.5331	93.6660	28.4917
74.6174	93.5489	89.1973
100.3970	16.6317	784.1268
135.6201	3.8882	812.7969
118.7943	77.7767	753.5380
88.5189	122.9265	87.6369
47.7067	1.6641	303.1236
64.5041	77.1470	375.6011
70.6088	25.9679	279.1912
92.0138	98.1275	290.2416
70.5156	106.1870	368.8552
130.6280	54.5915	254.7631
126.3964	69.7939	505.3950
104.7901	111.2049	153.6943
14.2475	102.0040	701.0690
60.5041	128.8248	854.9822
77.8876	83.4172	207.5776
128.7558	106.2794	509.4899
67.5250	117.4776	12.6341
33.6754	50.0526	79.2055
62.6457	15.5209	554.7641
35.6311	70.2314	472.6992
87.5304	135.0124	55.1253
26.1918	52.0336	9.1204
59.4827	123.1398	399.7141
68.9884	70.0534	786.9226
18.2012	74.1559	801.5224
104.3533	58.0297	811.8078
99.3947	118.4669	394.3463
90.1088	38.6701	730.5486
34.2361	108.4472	256.4811
62.7764	33.1209	783.5041
126.0292	88.0715	85.0666
139.2839	130.3072	639.8643
118.8727	53.3806	712.2226
28.4448	0.9126	14.7339
27.1315	8.3295	386.1389
106.6995	121.1734	247.9876
43.4171	97.4196	352.6716
87.5476	75.1691	756.8661
51.0958	27.8045	261.8507
90.1589	43.0974	130.2711
47.8263	123.3998	0.5447
107.5433	90.8936	633.1995
126.0547	35.6256	138.1462
4.0585	46.6166	242.5435
34.6466	76.4479	45.7529
81.2687	55.0235	562.0454
95.8901	79.6700	562.9801
128.7364	72.5165	739.2060
53.5299	42.6804	31.5285
109.4102	116.5517	711.9077
91.9284	14.6061	728.9448
4.8444	115.5571	153.7246
77.3033	104.2008	411.3310
78.2605	11.3489	219.7096
13.4327	33.7558	615.6608
130.3544	38.0586	603.5133
24.4523	26.9449	257.6875
122.2850	27.3651	672.4490
28.3967	65.3032	821.5735
30.4404	96.2746	676.2995
7.2279	49.3979	677.8744
73.8582	112.9290	800.7642
87.5554	135.1116	440.2163
107.0867	9.1899	95.7018
66.0526	51.2263	24.2664
79.6410	19.1807	333.4156
113.5983	18.8846	567.2254
120.7359	74.1715	721.7296
44.5335	24.0386	494.2118
121.6174	58.9348	44.9048
3.7071	97.7844	808.9802
14.5640	76.4141	655.0325
127.6697	33.1076	437.8951
2.4027	36.6220	500.2334
114.7891	93.4920	326.3440
127.9920	136.1251	571.1227
137.2710	59.5425	27.2251
96.3467	98.8035	369.5909
72.9140	5.6319	507.7240
16.3853	137.3651	678.3818
104.7554	110.9607	27.2395
101.7488	72.3987	831.5445
110.6726	31.2704	702.2949
29.0851	56.4703	377.1590
52.2635	102.0869	746.7506
67.5015	100.1651	158.0200
42.0077	74.0057	363.9921
119.0924	7.5452	452.2079
65.4435	39.4410	851.9667
117.3944	92.8099	808.8414
22.3329	66.9679	776.9330
51.8485	132.9838	148.1641
55.8615	51.4545	726.1257
0.0924	128.1983	334.3529
8.4060	3.7203	229.4658
3.9715	22.8409	654.4357
82.2882	118.5580	413.0835
39.1207	126.7765	834.4666
51.8490	119.3270	301.4616
72.6957	56.1855	368.8288
42.9882	23.5503	338.9091
98.4347	85.6218	779.5729
105.1363	32.8508	847.5119
74.8599	102.1519	401.2231
126.0568	135.9798	684.2413
55.7735	129.4081	806.9073
97.8907	83.7997	644.3862
9.7694	4.3480	553.4199
95.2906	13.9893	51.0902
80.5201	138.5203	590.6366
107.8894	122.3469	670.5334
118.4185	112.6744	1.3870
33.1360	14.1669	115.8796
54.2667	48.0701	743.5007
133.9176	30.8579	66.4097
8.4982	8.1530	234.0569
120.3800	11.7763	332.0259
121.8280	124.6957	522.6085
31.6585	30.5273	6.9404
107.3231	8.9212	666.3689
72.4229	44.3679	376.8793
90.1534	90.1221	313.1742
26.2932	49.5899	349.1337
66.3261	2.0758	483.2040
109.7381	131.9335	137.6860
108.9292	96.9294	330.6789
119.8760	135.2115	528.1292
126.3940	36.5182	292.1465
98.8641	8.1103	741.6742
97.9880	119.2941	149.8857
121.7631	123.3255	37.3929
54.9164	86.7304	79.0824
96.7809	5.6780	399.5773
99.8863	114.1238	115.8314
48.2828	4.8261	379.1031
50.0750	98.1782	717.9056
12.2015	97.4384	783.5400
38.0093	92.7067	651.5361
66.2909	62.2323	362.7386
116.5941	31.1537	355.8010
14.0325	102.3976	738.4281
82.1553	82.4056	34.8618
2.1726	77.6217	315.4310
139.5616	120.1374	584.2590
51.1262	33.8952	820.3038
133.6337	75.2072	121.0265
83.5628	121.6212	111.0580
77.2136	53.3306	72.9169
22.9340	85.5499	17.7009
133.0993	28.6261	607.1798
64.7208	26.3397	466.5357
118.5478	113.7049	848.5792
89.0176	55.9113	640.7753
47.5333	102.0485	512.6149
123.2001	30.0152	343.7674
101.5304	137.6684	427.3648
36.6984	14.8483	296.9514
13.2058	100.4492	850.7169
91.1059	86.1956	513.8997
99.2859	53.6419	673.8841
70.4547	88.6056	517.2999
109.7288	127.9990	578.7242
50.1846	12.5276	280.0766
42.3826	84.8407	171.0819
42.2552	124.0665	701.1090
102.8575	133.3047	767.0051
111.2198	41.4827	477.5953
2.3190	37.4726	697.7092
137.4608	39.3978	319.3902
94.2689	89.3581	156.0352
125.7874	128.6963	31.8862
89.2423	36.8374	682.1217
59.3135	93.0391	291.9822
62.5407	126.6913	329.8277
63.0771	128.8499	9.9514
104.6516	9.0620	308.2151
139.4168	108.0081	559.1805
70.7669	53.1105	569.3830
98.6544	38.1564	647.7730
78.0704	118.7683	661.6544
56.2133	33.9149	258.2694
89.4675	133.5603	589.6003
101.6025	18.0766	608.0711
88.7722	113.7054	221.5915
93.4373	124.5850	238.9906
48.5342	12.7102	627.4936
14.8509	24.3341	798.0453
111.6562	49.9816	782.5976
124.4283	74.6688	359.2220
47.4886	83.0239	701.9057
55.7146	133.5131	330.4071
116.4057	110.9610	495.8369
90.6736	41.6231	602.1538
41.2464	116.4135	170.5892
74.4613	77.9714	103.8850
34.8955	127.1731	697.2875
110.8396	37.4047	169.5614
18.7178	62.7994	20.4176
31.3943	41.0823	349.6956
88.5040	98.4764	305.7876
118.5668	131.9527	355.8230
10.9683	56.8587	790.6170
89.7373	68.1025	767.2054
134.0777	15.5192	289.4331
109.2190	96.1772	596.5702
34.0330	19.9631	630.9244
61.7835	41.3246	763.1509
65.8862	2.1297	291.9699
91.9567	42.8347	561.4157
101.7192	41.5580	532.2184
45.7168	138.5624	772.4777
137.8495	82.6312	148.0148
31.6556	66.3086	154.1845
82.0080	59.1356	533.0819
95.6041	110.1036	92.8640
14.1578	112.5459	174.2250
29.7992	61.2671	28.1318
15.3830	17.8220	98.8206
35.6132	67.1639	2.8152
87.0786	56.0934	780.8582
62.8428	132.9774	553.2269
135.5397	69.4957	236.8794
123.6360	37.9752	704.5527
10.2481	121.4420	160.3924
133.7087	82.5133	484.7522
3.0302	53.4964	433.8696
19.0095	10.0061	518.5625
6.5186	26.2524	33.7221
63.1052	44.2405	619.6898
100.7483	108.0338	319.0710
40.8097	92.7239	597.4922
108.0063	36.6785	401.1471
69.4994	13.9865	212.8010
26.8744	138.7988	323.2129
53.3139	120.3010	177.7732
110.4024	34.8633	532.5755
128.4900	44.5609	111.6132
70.8770	83.1524	25.3769
15.9838	137.6335	162.1980
53.4747	51.4315	369.5912
62.2410	113.7022	484.5455
71.0231	41.9760	532.6592
17.4524	77.5279	245.3686
128.7746	26.8541	477.6385
41.4911	86.2158	551.7251
1.6234	84.3970	248.6011
120.4497	76.6642	196.8427
0.7306	10.9527	510.4785
39.7086	106.0758	286.7371
18.9047	102.7621	726.3746
104.5187	123.0818	161.7468
32.8634	23.7243	422.9670
11.1027	127.9641	559.8990
119.8757	41.9002	104.5791
109.2415	133.5566	687.3838
104.9982	112.3739	62.9817
24.5276	34.2594	357.0619
33.7402	44.2448	180.4044
56.4144	95.0147	676.9316
39.1320	20.8507	798.5824
116.3591	28.6286	363.4213
4.4404	17.9510	510.6408
14.4169	89.2661	33.8310
138.5655	49.9220	655.6029
74.6058	32.5155	290.5470
132.5133	54.6713	515.3683
118.7313	70.5543	455.8535
1.5871	82.7288	213.4062
109.8543	136.4913	692.2171
55.0180	8.6994	823.4858
66.5432	70.9470	551.2362
5.4161	108.9896	34.7721
44.3988	99.2362	280.9360
131.8414	19.4441	439.8165
10.1571	117.0701	147.7862
87.6318	39.5188	605.7681
13.6976	28.5814	385.1496
31.1932	36.6916	176.2933
40.6398	118.9987	427.9443
112.3106	118.9766	571.1784
45.5100	20.0929	815.7998
14.0183	99.2830	17.7146
49.4113	38.7739	83.1955
51.8960	93.5350	296.5781
112.3776	120.9328	386.6414
47.3596	138.8548	554.3313
22.1314	58.7535	217.5722
76.4378	26.1352	702.4526
82.7885	112.1866	453.9079
97.6714	21.8289	366.5997
35.6707	27.5314	506.1418
22.6515	58.2008	307.9267
26.5671	28.9817	732.0625
14.3439	57.1494	623.5597
40.5945	129.0416	561.1337
43.9896	70.3695	740.3658
132.9152	50.3379	372.9306
33.0111	3.9456	422.9576
27.5783	51.7317	449.3893
97.5445	6.4056	527.3235
26.9905	71.6588	54.8142
106.2547	63.8477	82.8606
29.2380	89.9740	21.2575
131.0736	32.5262	106.3956
13.8278	13.1319	435.5878
18.2496	132.4182	462.4411
53.0873	36.0846	251.0459
55.5866	63.6809	105.6668
3.3582	25.4848	515.1470
63.5587	116.1577	214.9677
63.1429	59.9357	784.2404
104.0906	36.3631	82.1210
29.7162	38.8402	187.6895
56.0167	81.4753	499.7840
27.6155	63.2090	850.1671
134.3876	138.4949	37.2957
34.3177	20.9237	436.8116
101.1020	75.1809	811.4197
129.4452	36.0864	231.6808
91.5905	58.9378	606.6257
71.0860	109.7148	508.5911
129.4970	77.8445	400.1809
135.2219	6.4209	542.3811
35.0733	126.1943	562.7903
58.6653	133.5855	385.9747
96.9731	27.0958	180.6352
125.4122	15.0263	775.3376
65.0658	17.1103	270.2635
100.5650	35.1631	86.5730
18.8678	33.7839	408.1799
40.2761	101.6077	265.0439
18.4405	51.6540	152.9398
119.1448	45.3667	145.1474
114.0492	58.1242	535.3434
56.7780	30.7706	232.5056
86.2634	73.8367	50.1833
93.0773	118.9100	109.4169
133.4465	103.3646	589.3759
105.6623	122.5358	257.7797
48.1670	96.1831	352.6720
9.3362	96.7522	843.0086
25.2241	54.8520	417.1120
30.8643	15.4560	704.2412
82.3322	126.4066	518.1163
109.1215	40.6927	353.7086
108.3253	38.2825	428.0135
92.1044	6.2436	812.0467
98.7137	44.3087	126.0161
130.3590	139.0097	562.2208
71.6668	87.6721	644.2447
56.7430	2.7200	813.9930
2.9185	56.3269	125.4833
18.1152	82.4391	831.8242
80.2731	52.9376	731.4982
93.4362	83.5294	816.5570
38.9069	34.7729	284.8188
85.2924	125.0504	60.3271
95.0663	123.0410	219.6005
6.2138	130.5992	286.0066
134.5872	124.5759	167.1420
50.6716	64.9358	809.5393
91.8978	138.9234	548.9490
2.1708	26.1432	522.6799
133.9953	8.2098	419.2094
57.5283	41.1540	637.2087
6.1811	115.8945	723.2544
54.6829	16.3803	324.3621
43.5427	128.7534	10.9344
84.4249	99.4256	580.8489
62.3804	91.0748	144.3391
52.5487	1.5499	58.7754
102.7878	41.2884	627.6967
54.5361	128.9344	694.6445
8.6318	132.3532	93.5721
79.8089	101.5239	400.0751
4.4787	112.7443	391.7012
46.1392	81.5001	622.7048
55.6761	129.0260	789.5136
67.6398	122.9884	164.6196
2.1793	14.6204	819.8838
1.4160	103.9978	860.4680
109.3049	37.6842	697.9774
2.8005	54.2385	277.3373
8.4690	77.9400	460.4710
102.3805	84.9792	458.9185
119.9165	128.9984	274.1857
24.4045	100.3040	800.3495
101.8023	54.8794	288.1931
47.3280	122.3493	155.2640
115.1118	74.7904	110.2093
4.5464	24.8206	507.6202
126.6306	81.3754	605.2317
122.2866	30.2011	505.1665
80.5803	28.8186	790.4757
77.9819	30.5394	677.4101
118.2710	27.9547	667.3074
39.4538	130.5370	829.4497
18.0607	74.1735	326.2763
86.5898	138.9134	293.3385
109.4434	106.4197	101.4510
12.2111	71.4856	203.8643
12.7067	20.1737	90.9559
105.9726	110.3655	259.5655
26.7379	107.4349	728.2354
123.3400	34.9025	114.5773
128.8936	130.3647	488.9208
1.2023	66.2346	396.9234
96.7498	99.4198	238.8229
94.0997	45.2634	831.7787
10.5987	59.0178	851.2301
102.7642	52.0082	569.6043
89.4788	56.0448	771.3742
16.8264	108.3434	845.7360
8.7657	20.4734	516.5948
47.8431	67.4007	851.3145
96.8550	5.7760	562.9987
30.7892	125.0243	129.4401
106.6372	79.5961	762.9405
28.5898	63.9732	794.2251
120.7825	62.0694	705.8259
12.8800	1.1937	538.9679
125.5780	78.8504	224.1332
34.9856	116.2563	203.9780
66.4635	50.5504	688.4523
13.2082	7.8725	344.9494
73.7975	109.6422	602.6293
44.7101	39.7876	504.3355
36.8722	58.9528	575.9681
131.1565	66.9323	357.8366
55.6471	104.7675	53.0668
5.0270	124.0287	359.9890
26.8129	127.8001	319.5882
72.7530	138.2959	529.3440
134.9374	56.7979	536.6770
97.7516	43.4401	94.7491
52.2817	116.2284	697.9622
38.9672	129.1582	291.8373
47.7194	47.3763	588.8904
112.6507	129.9335	766.6397
31.8732	125.7253	227.1402
134.0018	107.6938	337.4955
69.8888	19.7489	568.1869
11.5368	113.0394	248.1367
22.9499	75.1394	129.7426
89.9381	6.3988	378.3715
38.1062	96.5449	190.7857
93.6069	27.0065	304.6985
37.8377	81.5450	533.5901
52.1094	127.2433	309.5261
28.1960	25.8531	330.9527
103.8008	32.9938	8.0643
13.1655	12.4628	338.5745
76.9678	117.6204	676.9630
116.5247	32.0925	659.4751
20.4512	45.7860	841.3927
78.2949	126.6492	497.1711
111.9916	37.5487	171.2381
4.2182	86.2264	117.9302
73.2360	51.3479	113.1195
91.4013	54.5271	455.5121
74.5904	67.2923	495.5152
3.2320	31.4785	591.6572
2.4355	0.0579	489.1605
70.3452	83.2872	24.7957
119.2376	37.4664	631.2097
98.9306	129.6392	109.7093
33.5151	112.6118	279.4577
72.3214	36.8026	520.9337
23.9667	12.9994	495.8048
29.8490	28.8208	253.5354
76.1335	72.8534	21.2992
67.2544	70.8793	789.9506
93.0811	137.7630	745.5725
111.4109	21.6492	69.6711
42.7859	120.7339	473.3956
113.7541	110.8289	740.3089
134.8347	91.9179	351.3578
124.6496	77.1595	364.8755
26.2919	69.1178	592.4013
93.4739	0.0836	559.1950
2.3713	55.2240	207.7135
10.1959	60.0782	504.0485
22.4952	135.8148	25.4289
138.8855	92.8282	504.9115
6.1046	62.8123	111.6991
18.9866	48.7610	768.1496
82.3480	11.4395	365.0393
127.1737	60.2265	628.0218
68.9217	31.5583	558.4034
72.1167	110.7090	280.8207
5.5440	99.0065	219.5174
58.0549	63.0137	22.7376
97.5843	41.8370	687.5538
101.0261	90.9421	219.5932
54.4940	1.9918	172.7740
59.5628	82.4253	212.5755
133.8633	111.8713	215.7079
52.0158	114.5739	518.7951
128.7436	129.1759	61.9757
80.8136	63.4939	487.3934
130.3540	43.6791	523.7896
86.0943	97.7162	777.6612
107.6463	117.4854	260.4871
68.1586	55.9001	531.8915
26.6219	124.3133	430.1020
111.7089	125.8561	841.7350
114.3766	55.9243	92.3143
102.1087	118.5726	755.7470
5.8245	117.6380	292.3096
48.6532	38.0036	529.7962
132.6834	90.2596	161.9300
120.5698	23.0491	397.6733
63.8579	96.7431	102.4491
50.0166	27.8646	277.3154
61.1933	23.5645	389.9594
31.8574	37.4613	155.6330
83.8802	113.9851	389.6005
7.8208	133.4650	554.1943
95.9769	133.2445	618.1974
105.3446	71.1664	284.2423
42.1814	66.4324	596.1665
102.7577	139.2597	31.0175
97.8784	18.3120	836.2186
129.2374	122.4815	338.5149
72.9847	102.7214	410.2997
71.5910	129.3527	177.8712
114.6648	28.6235	197.0713
62.7382	25.8214	48.7058
42.9366	61.9004	820.6216
9.8426	91.6345	619.6282
126.0726	121.7297	532.7040
43.9894	66.1225	84.7037
91.5812	2.9202	484.9324
100.1083	82.7269	789.2280
60.8416	77.0515	629.5149
11.8792	125.0391	134.2282
38.0877	52.5968	562.6073
73.3437	129.8508	451.9589
40.0324	44.2211	332.8724
135.6502	52.7612	294.7235
45.4529	128.3158	380.7792
75.2286	105.3000	794.1777
100.4058	29.7601	672.5211
36.4511	17.7537	827.3857
50.1009	130.0364	686.5114
2.4414	40.0121	219.1315
15.3815	53.5695	510.7044
65.6582	67.7118	9.3805
64.7308	31.4882	375.5937
103.9984	80.5304	458.5721
32.1218	65.1594	236.4374
137.9058	94.6467	209.8735
54.5594	78.5550	556.2038
99.1809	21.4373	260.9903
75.4073	59.4472	336.0288
57.3591	136.7556	403.1260
101.4806	64.9341	748.3870
15.4381	33.1971	627.1309
89.8425	56.1766	781.0840
52.9641	96.0348	398.0155
90.8314	77.9064	381.6242
95.1559	132.5653	554.5406
53.4120	17.4868	740.1257
54.2972	139.3377	482.4298
89.2364	99.0590	241.4954
76.4757	68.6606	40.6949
11.8326	28.8338	118.9151
74.4517	103.5700	313.4299
123.6860	128.9758	458.7008
27.6329	82.5877	334.1360
119.3791	136.8309	723.0789
61.0673	51.3036	261.6913
61.2942	68.3656	837.6959
28.7113	16.2447	121.9276
7.3700	64.5707	580.8156
68.2540	73.9598	426.1838
87.9729	34.0311	435.6446
6.1411	111.2084	402.8024
121.1574	122.9672	438.4043
63.1935	81.1346	372.6640
63.0217	71.1311	813.9582
106.4278	13.5953	748.7122
35.6311	88.1261	685.0747
132.4294	95.6909	607.3666
71.3989	29.9070	434.4852
22.6632	37.6583	785.9447
32.4695	40.2261	139.2757
101.1200	86.0063	345.0939
88.2369	106.7888	257.3817
13.8558	137.1821	473.7849
50.1317	129.6843	775.8568
88.9640	9.8633	579.6997
68.9311	48.4921	31.3548
31.3878	79.4775	204.6448
108.6706	77.3122	609.8425
18.5071	5.1082	327.7804
44.8236	121.5831	168.7742
72.3818	45.7436	797.8797
52.6653	131.3446	686.4939
68.2285	64.3167	319.9639
27.4614	45.8091	209.9612
19.4248	0.3481	377.7360
9.2893	111.0327	224.6770
92.5180	35.7856	281.6133
12.0053	22.3734	471.6363
56.7050	133.4641	373.9721
0.8086	131.6212	365.6428
72.5545	46.7611	721.0804
130.0005	107.7696	733.2770
45.4941	45.7327	548.4049
108.3206	73.7792	828.8074
117.0229	104.2718	296.8143
8.0419	62.2091	270.6927
69.0851	92.5856	487.4860
36.5775	110.5120	809.3593
122.4855	105.6082	67.8960
1.7733	60.4112	570.0598
77.1544	60.2752	772.3222
24.2986	52.5009	205.5342
77.5714	102.7089	470.0457
55.1120	130.1039	187.9945
93.4147	63.6571	303.9348
96.4354	73.8954	44.6620
129.7411	42.9513	308.2820
12.5060	43.0658	443.6640
83.6920	26.2736	65.0598
41.1585	71.1004	690.4528
48.2922	64.2990	808.5792
104.0896	128.7149	434.5612
23.6194	13.6747	178.2026
124.3526	99.4186	160.6934
109.7582	107.7432	716.1689
123.0499	54.4237	504.3408
62.3293	96.1687	463.2596
122.1399	37.4798	664.1683
87.4984	40.9348	850.9424
5.5911	91.1098	370.6228
108.9786	93.9899	240.9438
66.5097	67.0046	691.6322
32.5329	66.3115	751.8692
91.5523	1.9242	128.9438
31.0223	41.6579	189.2877
31.6302	78.4736	463.2615
21.2413	24.5436	260.5130
9.3139	29.7760	323.0832
103.1478	60.5018	147.7723
25.1626	101.4309	716.9381
10.0004	105.5397	450.4133
45.0382	63.2500	623.3631
85.6934	4.2148	656.3000
4.7929	31.1447	114.3897
135.6011	61.2615	768.0668
85.2191	82.2474	146.7866
76.7055	25.2464	321.3806
8.6525	0.3600	269.5958
118.8819	40.3566	50.0320
99.8307	128.0929	718.4892
26.1598	132.1351	209.5300
45.2108	138.9100	98.2859
131.7438	5.4942	645.4510
38.5576	81.8934	550.0165
129.1940	14.1903	566.1145
41.2825	16.3660	252.0963
66.2657	72.0032	793.4596
123.6759	116.9536	28.8812
99.3454	81.2618	821.5109
94.5479	121.4418	716.2761
68.2548	47.0403	717.2324
114.9850	113.7144	512.8962
41.4207	16.5460	268.2763
44.3985	43.6634	519.1762
100.6462	55.4355	19.2892
35.9772	138.6100	485.2862
54.2113	46.6655	425.2961
122.8236	115.3028	742.3779
15.2072	108.1890	730.1277
46.8943	96.4305	251.8652
93.5721	86.8044	623.5854
138.1324	106.8055	745.0146
13.7178	56.6630	739.6519
17.0050	73.3216	287.9148
56.3913	64.2298	832.9414
116.1644	69.1009	812.6821
3.4627	72.7505	768.0291
137.5214	85.8522	547.5207
78.3097	30.6648	440.4205
27.9971	33.2935	393.2440
92.1483	80.7369	70.3625
35.1894	58.7536	296.6380
46.7214	52.0906	568.8865
81.5251	56.5116	471.7805
30.4330	64.7860	170.2339
6.5711	111.9059	769.7605
134.9388	27.5573	764.4378
45.8215	120.4292	733.2724
4.3965	60.3210	551.8460
24.0712	109.0345	85.2783
44.9548	63.3420	233.3806
75.1927	70.0653	386.9195
64.0941	112.7644	137.9349
135.2829	85.1116	171.0963
132.3361	7.5048	773.7270
103.0835	96.1310	90.8149
41.4522	92.9751	433.0894
92.5234	139.6438	151.4452
47.8623	131.8285	186.3391
105.3937	87.1147	782.4159
125.6899	18.3671	464.5457
30.4565	105.6439	659.0842
124.7476	136.0213	20.4255
22.6646	131.2660	82.6406
4.2815	10.6301	379.6885
102.4109	83.5345	599.7138
23.4774	60.5836	155.7711
120.6467	121.4018	561.1791
4.9675	13.0287	860.8369
66.2930	8.6991	361.4592
34.1054	110.9099	188.3137
90.0323	96.5037	556.7629
88.3146	125.2454	44.5825
81.9361	50.5213	406.9609
96.3341	9.8767	754.0785
99.7126	76.6292	719.9416
48.4597	58.8852	55.9768
96.5309	106.2473	671.4058
129.3749	12.0395	148.2881
40.9882	48.7099	205.6554
116.0026	60.6290	265.6973
130.1017	132.1737	211.0805
88.6916	133.7473	167.3946
35.1784	55.7634	327.9574
95.2069	75.5888	843.2027
114.6058	35.0727	620.0688
25.2479	43.5651	701.2135
116.3697	65.2611	17.4622
40.9722	74.1761	524.8196
22.4126	77.9976	581.3681
101.3258	12.1725	719.3872
92.3639	108.5108	247.2234
126.4801	96.8089	194.4665
39.4838	24.9295	642.7168
122.4910	44.8952	167.4363
8.6452	16.4895	145.9733
113.1138	99.4523	821.9030
80.8392	27.1862	64.8902
106.3398	2.1835	212.7842
112.9007	73.9025	240.2381
100.9738	81.6933	474.9328
6.6908	70.5448	157.3377
125.8162	22.4457	660.8551
100.1572	8.0039	6.8176
29.8641	83.7181	125.4401
10.9181	62.2343	820.0883
114.0280	9.5005	763.6918
76.0150	88.7952	314.9113
74.4110	16.6365	485.5571
38.7776	72.9900	596.5744
20.0071	63.3342	619.4588
68.0843	56.2992	713.8856
15.5465	13.1485	464.1992
123.0236	48.0523	454.1986
23.9514	13.4540	149.0021
80.1418	115.5344	140.3426
102.5987	79.9879	541.9663
76.3468	116.0319	696.7698
84.0358	119.4076	8.3742
100.5414	136.9579	804.7760
75.7978	77.6471	188.2020
25.8511	103.0088	406.1489
30.4252	71.3747	615.8612
82.8083	43.5216	336.0447
58.0989	57.5487	700.5340
1.4665	24.9890	800.7103
128.2993	43.8297	730.9014
53.3832	65.5331	306.4219
66.6648	132.4165	825.8864
107.9108	20.9624	342.1644
27.4822	45.3550	480.1628
36.5082	63.2146	160.7998
120.0961	122.8402	599.9336
119.0396	80.9640	324.5189
115.5576	100.4242	589.8292
12.7175	65.4077	658.4080
36.7455	43.0609	267.9228
89.7445	109.9973	214.9562
64.2597	39.6840	188.3026
14.8834	17.8970	50.4272
48.6061	104.6782	483.9405
121.3453	58.0823	305.8780
110.1005	133.0818	128.1516
53.7949	116.5491	512.7100
61.4616	68.1904	449.2977
56.4539	33.2790	651.7018
103.8572	85.5816	467.5964
13.5416	21.9873	664.7810
17.6908	39.9732	533.2150
41.0431	97.6211	186.6528
106.8741	124.2389	637.6289
75.5870	88.8409	496.6148
38.5534	74.7611	84.5935
100.5911	68.8203	299.8340
17.4587	57.9589	733.6651
49.7095	27.4488	56.4621
8.8357	29.0034	243.4858
51.7569	45.1772	38.7590
34.2166	111.3230	335.0229
4.8213	86.5909	676.3338
121.1287	7.0950	436.3304
136.5534	69.8069	793.4699
10.7972	132.5695	166.1159
39.3580	38.1776	445.9893
84.0360	113.8836	17.1501
14.0249	16.2906	449.6756
57.2787	1.8577	423.0153
43.7409	79.0755	176.4469
105.8277	133.2611	64.2223
37.9256	58.7096	287.6499
95.0841	8.2872	770.9488
76.6646	54.7558	334.8313
41.0854	44.0518	154.1453
37.1636	75.3100	471.3909
81.3188	107.9477	454.8524
110.1780	128.7028	777.0611
83.6654	84.6535	585.7849
69.2955	0.6865	501.5620
135.2307	47.9887	704.5495
52.3986	131.7180	88.7643
52.0272	83.1351	613.9052
88.7309	139.2942	654.6386
102.2651	102.6254	139.6549
17.5159	52.9217	533.6068
124.4859	80.4478	6.0714
101.9749	98.4049	446.1740
57.5265	58.7663	10.8596
49.4620	9.6468	665.5489
71.3822	66.6635	858.8214
133.6530	82.4277	512.0597
7.1021	43.8141	707.8239
75.2880	63.4621	187.0807
125.8860	126.2910	334.0481
70.5972	65.6106	494.5824
135.1229	100.1747	22.8882
95.2600	119.5553	164.5221
8.6121	137.0979	457.0715
54.7233	84.3712	732.6854
116.7058	68.9210	173.2752
111.7141	60.4358	803.5006
6.7129	97.5699	337.9152
48.2960	80.7318	314.1691
94.2159	29.7981	205.4388
42.6328	56.5377	759.3463
114.4364	36.4675	339.3333
119.8138	75.0852	715.1418
36.3302	25.0880	81.3189
80.8547	131.5510	506.9559
46.4113	100.2886	97.6665
85.9599	75.0626	42.0965
122.1081	54.2852	314.1160
91.8673	55.2429	113.4229
41.9966	9.7112	236.6495
44.0230	63.0100	362.5313
121.3953	88.2023	723.1853
123.4433	35.5109	125.2163
74.5162	119.2745	55.2709
120.6760	71.9299	517.0556
115.0498	110.7339	849.0047
22.1010	49.1214	182.4608
97.0890	6.7483	325.9355
46.6684	133.2776	429.3223
31.4148	5.1244	750.5985
66.6004	63.0337	494.9770
101.7050	117.6964	558.9265
11.5541	51.5533	212.3236
42.0048	108.3869	553.1095
69.4118	42.8593	415.0506
48.5061	131.6930	195.4408
123.1615	27.4508	310.6854
7.4832	70.6973	586.2343
46.1134	11.8588	719.3694
59.5255	74.9848	321.7002
61.5765	45.3690	278.4791
70.1484	40.5922	207.6362
133.6028	91.9079	468.7045
101.4420	83.9351	71.5692
52.0793	82.4983	268.6940
17.9071	100.5971	761.3674
21.2358	37.8511	113.5928
69.2978	93.9570	520.7592
7.7256	29.3643	813.0007
127.5295	116.7224	551.6565
0.0657	74.1936	362.3565
29.7792	80.3364	40.9592
47.1305	8.4064	133.2774
136.4634	111.9162	448.1971
3.0588	36.6354	181.2119
99.7249	36.5769	88.1235
44.7936	82.8414	447.4339
25.1347	46.6265	364.4220
28.8890	78.3101	476.7526
25.7275	75.8331	577.2354
106.7011	119.1306	425.5921
74.0977	96.3498	797.3393
32.4736	75.6765	537.8547
86.3165	90.5390	252.4308
5.0073	112.8666	174.5644
27.5373	127.7426	219.3423
132.4159	60.4077	2.6053
81.7482	23.7449	506.1625
134.9045	101.6499	566.4492
66.2959	36.4061	474.3842
88.9778	41.0296	770.1465
83.4890	12.7549	640.2943
39.5898	106.7831	350.8257
127.8866	108.8100	772.2298
124.1468	46.2949	487.5473
28.0520	129.3593	691.1549
3.9094	63.7210	267.3339
134.5810	53.7704	115.5833
97.8512	133.6054	209.2802
104.7446	81.6965	635.2669
49.7955	137.3058	827.8131
59.9630	8.1533	721.1968
41.3179	110.8431	504.5661
47.5827	115.9000	225.2283
15.2457	35.9056	632.7861
89.0824	80.1343	401.3313
102.1994	16.0920	72.4975
111.6881	18.4061	253.3938
136.7985	56.9993	83.2258
1.5523	122.6665	592.3225
3.1128	9.9607	316.5855
95.5206	83.8501	638.4072
74.5741	136.4362	438.9095
74.0119	125.3252	72.3906
25.7552	44.6646	684.8345
61.4550	68.1684	260.7544
19.2480	44.0453	836.6872
38.5208	11.5591	104.5858
11.3222	131.4532	254.9540
35.0378	91.4073	63.5486
136.3705	7.7175	11.1755
51.6657	119.2576	533.8776
75.5210	58.9108	750.4595
56.5076	51.3188	471.0889
13.1189	56.5476	502.4146
94.2540	47.9021	706.2086
40.2145	12.7771	25.9642
34.4438	99.4327	622.5502
123.4254	24.6620	505.4512
46.5427	12.4315	567.8928
83.1616	113.5022	298.9891
80.2265	96.2989	790.7702
125.9830	126.7622	184.8678
51.5183	91.7685	575.8318
54.8713	120.9025	821.8195
12.4955	128.1450	718.4415
2.1458	47.8516	680.5696
113.6787	83.3930	590.2322
72.6930	117.6915	15.1712
92.1730	19.4329	59.1727
137.4888	125.9038	68.3074
109.8081	79.0859	648.6494
42.0294	124.8429	758.7087
110.7703	118.0791	778.5175
63.4074	11.2524	514.4447
92.2332	10.4586	519.7565
129.9031	69.9847	482.7272
61.2734	124.7160	344.9075
69.2679	38.0036	707.9919
34.6907	21.5408	395.5506
108.0233	51.2334	658.0326
123.4222	105.4668	251.2190
49.1535	37.1857	834.8919
108.0241	11.1417	732.5951
109.2280	0.5280	609.7504
41.4115	104.2818	810.2697
21.2758	17.6212	362.1172
55.9660	64.6927	701.8710
120.1438	92.4736	812.6758
16.3264	95.8588	84.6541
113.9061	94.4111	835.6962
50.1280	54.2463	655.5672
13.9060	43.8793	566.6316
25.1504	50.5358	381.4186
119.0849	76.5231	89.6048
78.4645	16.8859	350.1221
132.4696	4.3637	849.8735
51.1830	26.1883	460.8052
83.2370	94.2350	445.8559
91.2039	20.6766	34.0603
7.2365	26.7014	114.4350
109.4898	91.8821	523.9692
136.5710	123.2707	687.0646
22.2118	77.1555	441.0219
45.4122	92.2066	822.9142
63.4453	0.5273	795.9282
127.6481	71.5996	695.3343
45.5583	6.7378	311.6063
26.6923	105.5622	187.5658
73.4680	76.8785	821.0933
51.5987	0.8791	562.4065
41.7526	137.1666	462.7061
97.4362	33.7227	851.2160
119.9227	69.3981	696.6334
125.4804	118.1904	406.2300
68.4742	108.8769	717.9779
87.2565	67.5525	510.2915
74.9853	108.8991	197.1084
54.5556	60.7902	68.1113
123.2582	48.2497	31.5233
131.0245	7.5968	803.9893
47.6683	83.9964	816.7019
43.6814	88.8960	350.5175
14.6596	110.9104	305.4246
76.5041	119.5042	480.3249
28.4030	51.4936	702.9538
57.6821	42.0516	254.7294
43.4625	93.2158	70.9862
51.6980	53.5618	318.2450
88.4478	122.1924	29.6952
123.4765	100.6075	57.0448
122.8221	0.3238	233.0161
138.4948	113.7184	157.8489
55.8965	86.5868	731.9103
123.2451	109.1944	806.3463
42.9108	134.9880	809.7739
108.3330	17.3653	151.2178
26.6553	79.7619	640.9408
114.2379	50.3873	40.8536
114.2380	73.5631	528.7447
137.9367	119.9547	483.0976
100.9490	18.4371	273.9040
125.9522	93.1311	794.2368
50.4350	93.5708	475.5509
30.9051	136.1233	334.7546
29.0343	95.8269	515.4751
14.4869	7.2691	503.9859
48.8666	45.1950	299.9203
90.9641	6.0483	505.1724
78.1216	43.9306	195.5783
55.8528	99.4700	574.5983
138.8928	95.5781	792.9659
80.1087	59.8516	762.4502
131.0079	13.2418	397.3172
86.1844	22.5974	212.6731
117.2081	45.4428	446.5210
36.3046	125.3294	454.3752
132.2712	74.8536	426.6482
105.7706	127.0727	273.3213
8.2765	87.4772	823.4308
89.9804	97.8643	513.2818
66.5724	73.8077	294.8512
97.1386	120.2647	132.2468
18.7151	114.6343	341.0861
3.8749	103.9345	385.2216
134.2412	67.2102	459.8113
67.6925	17.4237	555.0805
30.9269	8.6271	272.8355
25.7763	53.7414	451.6514
132.8082	44.1779	714.0089
18.2590	8.2889	620.3435
88.7898	22.6200	521.7810
36.7989	24.0402	835.2911
94.1329	134.7493	479.0162
137.8561	61.1094	527.6260
75.2159	121.5656	35.9034
55.4709	120.1447	290.8806
101.3690	53.6444	18.1315
135.8119	135.1925	304.1468
100.6495	71.1302	545.0201
136.7923	50.2798	659.4813
23.0741	74.4954	579.1964
100.5690	78.5914	350.1112
24.6701	16.8009	389.1436
80.7599	17.3902	186.1897
137.7031	105.7697	306.4811
19.2596	111.2468	324.6829
137.2376	125.6350	30.6498
137.3687	59.7176	639.0681
125.3010	130.5468	402.5088
96.5575	70.8043	463.3115
128.8127	84.9316	237.8583
1.1636	47.2080	415.2357
97.1856	101.4546	626.5880
3.5857	117.2198	420.4791
48.7040	49.0108	74.5549
100.0283	34.6812	244.9081
134.6679	0.5300	596.5092
130.3827	123.3842	204.0160
111.0357	10.7113	432.5873
116.3025	55.9124	263.4461
133.7600	51.7551	529.2217
91.3492	123.0406	812.1112
51.4220	16.3401	296.3419
66.0328	93.4298	55.1151
128.6424	106.2224	799.0616
21.1184	112.9691	230.5663
87.9105	41.2661	720.2339
23.0328	46.1819	168.3194
27.0834	92.9133	327.5957
98.0316	32.6187	855.7326
66.8269	45.1916	345.5595
35.6834	72.0580	761.3213
130.2837	107.1044	208.0730
124.7172	21.5026	152.3922
129.4199	44.6855	224.9971
23.9440	49.1057	386.5242
108.6481	10.8140	345.9649
41.4772	87.4419	730.4417
7.3765	119.4440	300.2589
124.1159	73.3412	347.7472
130.8361	18.4961	795.9539
94.9174	111.1819	196.3838
53.8247	53.2547	692.1962
103.9514	93.2925	584.2051
19.7811	17.0212	366.1876
57.0476	137.2059	591.4127
84.8498	15.1960	737.1258
64.7832	56.9262	448.8961
104.4094	130.1441	74.8544
63.7996	132.1826	97.0548
25.1597	53.7881	719.7857
77.6800	47.1306	157.9153
122.5366	37.7380	163.0018
49.1864	98.2664	474.8934
133.3330	55.7400	738.4234
25.3465	108.8409	743.0948
21.6372	123.3144	431.3439
113.5867	30.1183	105.4299
73.2289	121.1325	550.7142
79.0542	86.0301	681.4728
83.0748	11.7097	85.9473
108.6236	80.8489	217.3416
134.7921	73.4037	792.0267
130.7109	82.8512	592.6414
129.6035	22.3574	502.1736
70.5971	36.5408	843.6106
19.8426	30.8643	212.5597
27.0675	80.2455	308.8471
36.8293	0.7677	786.7653
90.9779	64.6756	140.9947
99.7926	134.0738	128.4404
55.5139	86.0461	475.9553
28.8987	77.9018	711.7043
106.2475	28.1307	712.1148
18.8611	44.2037	576.3844
93.9627	4.3211	738.6833
109.9159	16.4935	336.6117
113.4002	66.3080	536.0520
37.9896	87.2448	422.5052
21.6641	32.1282	91.3973
0.0334	19.1079	0.3370
69.1885	101.5869	306.5030
115.2771	66.7156	396.9258
46.1940	112.8205	199.6907
76.6215	132.8298	213.3879
127.5232	130.4320	712.1986
95.3045	92.8837	124.1709
44.9483	43.6635	527.4134
71.8055	105.2647	410.7435
96.6674	89.3820	257.2261
7.4669	68.8481	6.0834
114.4298	50.1096	678.9914
26.7293	99.9213	445.1436
87.2614	74.6689	689.1551
91.8543	20.0893	445.3000
75.6316	122.3013	194.6487
86.8949	64.5000	786.8875
78.4516	72.0439	860.3453
69.7306	83.6868	858.3846
134.1995	42.8895	377.6061
90.8781	111.1381	563.7166
68.5629	2.0888	445.9239
0.9105	102.5788	537.7346
110.2428	49.9569	634.2256
55.2507	52.7690	258.4295
53.3220	78.6246	535.3099
76.8181	64.5096	49.9476
20.6639	81.7173	0.9669
35.0836	24.2314	214.7977
58.5853	119.9748	333.8010
100.9329	64.3041	96.8211
49.6179	95.5494	682.1706
102.3061	25.0699	575.7753
30.7105	49.5450	272.0457
10.3459	23.2178	548.8441
88.0606	34.5215	615.0577
66.4314	66.3232	849.0298
28.0984	66.6179	686.1012
7.5159	25.1041	59.1222
73.0348	48.7319	181.5287
73.2099	41.8400	861.4405
90.5060	138.7249	322.7342
1.1949	110.5734	661.1802
86.2514	83.8413	46.4173
87.9986	38.8210	794.9562
2.0112	80.2795	285.1939
51.8837	41.6883	333.5681
15.7662	120.0667	167.8651
68.1010	84.1421	453.3871
30.4570	59.0344	348.8774
81.9195	89.4025	637.0275
133.8969	74.9850	454.5036
110.3269	87.4661	311.2186
108.4413	72.7315	42.0745
139.0504	93.1430	759.0577
14.5986	59.4527	4.5987
137.6392	63.1628	427.6372
0.6020	40.6467	835.9976
122.8655	86.5151	710.9059
115.2996	32.7342	313.1028
102.8576	7.0698	711.3362
94.8415	66.9663	602.3633
127.8052	12.7746	400.0918
105.2239	85.3812	797.0126
45.7910	135.2544	788.6755
25.8987	87.1748	803.3327
48.1027	74.6284	431.0529
50.1326	65.9689	478.2359
97.3004	133.2830	135.0405
45.1854	112.1753	179.5022
20.1989	105.4664	685.3385
13.1928	102.8759	33.1434
121.9634	111.0617	835.5842
37.1880	120.2680	524.8006
95.3513	67.8332	612.2159
66.5331	96.6342	74.6029
80.6791	116.8337	117.3916
115.3870	59.7801	123.7154
10.4866	0.7717	198.4714
33.3753	40.3312	316.4928
61.4501	111.1561	51.0370
76.6520	25.1882	217.4281
134.8799	85.5158	400.4167
26.8899	130.6462	352.5702
133.4586	88.2878	449.5620
124.5990	67.9377	525.4257
136.3921	40.0644	338.1557
3.0567	130.3006	613.1637
64.1390	118.7495	808.1130
120.7680	29.1036	237.0618
87.9041	139.3661	63.7030
18.6452	58.3494	66.2370
24.8809	66.1176	300.5299
1.3536	30.9905	528.4001
80.5521	26.6270	802.2889
33.2795	98.6433	418.0490
61.3163	19.1525	467.2664
60.6335	38.6420	639.1256
128.2042	89.4885	736.4591
135.0996	95.8834	636.0167
50.1505	135.7367	347.9863
52.6798	104.5560	289.2381
89.5519	19.4156	388.8050
74.8699	94.2790	744.6283
39.9091	64.2240	233.2526
64.4665	56.8642	50.9664
42.3857	23.8292	482.7329
43.7934	134.4068	386.3359
45.7383	50.1664	72.4084
40.8118	91.9387	318.4404
121.2532	59.2983	808.7724
7.6151	93.5106	178.2869
108.8742	121.1797	614.5891
56.8383	54.3515	812.9613
55.1898	15.0283	273.7096
71.2484	123.7275	678.4886
71.6105	96.4056	74.3015
119.9465	25.3364	663.0103
77.6200	74.6867	240.9907
42.0486	49.0658	776.4800
100.1226	94.1797	3.1817
36.0690	52.3703	375.2147
42.5693	6.7154	2.2170
107.5726	66.0130	840.7690
131.3476	118.3788	427.6806
21.7433	83.8541	22.9283
58.3336	36.4715	634.5548
20.4847	80.8566	672.2150
116.1393	23.4296	150.8602
46.1915	48.3308	216.3804
99.3636	71.2378	726.9906
110.3463	84.2784	347.3460
24.7285	121.0455	827.9039
34.2894	119.8022	848.6487
60.2572	5.9824	697.9005
135.0127	6.7544	625.2134
84.8682	93.8023	420.5815
118.9329	37.6847	282.1288
119.0949	31.2860	234.1796
70.1082	49.7358	259.8744
0.0660	111.4081	720.7393
1.9336	37.4039	8.6980
89.4994	53.9127	440.0355
107.7293	69.6530	645.8497
53.7632	65.2837	626.2200
2.3802	81.7607	845.6383
7.6006	35.3021	637.1161
82.7979	48.8447	457.7680
57.9430	38.4577	686.4130
122.0318	24.9162	224.0328
83.1487	109.9765	116.2515
135.9819	66.0648	805.7264
61.2448	1.5714	460.4966
58.0614	93.0136	650.7544
102.1685	103.1370	205.5052
98.2643	132.7252	335.5133
25.6884	105.0465	186.7335
104.8961	52.1514	598.0543
63.3290	119.8086	284.1802
58.2740	71.9695	804.4037
128.7251	115.8464	466.7511
70.0127	7.2617	343.5842
119.1480	96.1087	305.7069
66.6018	125.8972	405.2183
17.7897	103.0958	23.4415
126.0257	45.2193	126.2437
68.0408	75.4326	608.3564
4.8507	10.8766	329.7045
97.3755	68.0058	340.1161
68.2636	55.5642	634.2886
129.2931	129.8446	678.1663
60.7689	5.7229	65.1311
7.8290	121.8730	301.6617
18.7626	86.0596	182.3050
102.5945	41.4783	636.1229
104.5099	59.0197	732.9853
109.8483	36.8795	342.7261
132.5316	101.2516	164.0133
113.8492	52.5015	697.8666
120.4695	0.8008	134.3843
86.1163	20.4695	574.3425
86.1972	4.4383	275.6324
117.1289	128.4489	574.7830
23.2764	42.8545	137.8510
102.5754	128.8780	375.7369
28.4954	139.6879	9.4995
30.9064	112.1917	318.9710
7.6020	120.5507	264.1238
67.4512	0.1103	814.6153
63.1067	121.1462	623.9391
32.2073	100.7322	677.1325
117.8312	45.7538	355.2487
50.8926	8.1906	653.6593
6.6496	23.6718	552.2149
33.0091	79.8287	215.0670
122.7981	109.7417	732.6249
115.2767	50.5845	416.1769
85.7063	17.8530	638.1143
14.8351	96.8506	407.5732
42.2025	91.1804	432.6909
39.1630	50.6924	296.6485
81.1321	96.9068	281.6332
101.9478	55.9370	771.4266
80.4096	26.2808	652.9516
123.9453	81.5226	248.7850
73.1982	16.6413	675.3526
54.9801	98.7732	296.2170
50.1296	102.3649	735.7903
66.6273	85.8022	286.8634
72.1279	101.5048	709.9621
82.8903	111.1756	822.2654
126.1046	40.9722	197.8574
19.5957	85.1740	539.4732
13.8229	125.2975	367.3035
20.2785	8.0050	101.0342
105.3247	92.7191	581.5747
128.0453	45.5959	193.6495
97.7174	14.9183	293.6691
128.4295	112.5608	117.8402
27.2166	120.0241	243.2148
18.1884	75.6309	561.7841
1.3697	100.0395	380.7814
136.5690	109.2812	277.1651
110.7517	49.6586	461.5549
108.6429	133.6997	122.5877
48.6032	12.1670	660.0216
27.6683	38.9779	757.2935
26.4021	34.2677	625.9204
27.7101	123.5985	313.3733
68.2539	59.1096	701.2947
41.5771	34.4203	615.6464
4.5170	82.6015	829.2811
53.9245	117.4178	369.1025
60.4132	66.4306	97.6717
113.2147	94.3796	661.4222
137.9418	30.3022	202.5190
138.8235	60.7113	483.3853
109.9756	39.3509	221.7756
92.9909	28.7140	708.7180
124.8196	13.9393	191.4769
102.7641	104.8861	158.9330
122.9889	132.5082	632.4468
109.8718	106.2654	278.0262
97.9207	22.8758	26.4708
78.8202	22.0683	632.7052
34.9136	38.8967	331.3965
52.6176	95.8526	682.1663
115.5176	31.8863	162.1990
70.0327	40.4831	165.0041
88.9447	20.8993	221.3957
127.1398	109.4699	336.9611
58.5048	116.3263	474.1194
58.9708	79.1935	489.5978
89.7565	6.3948	848.3872
93.7814	102.3344	570.0643
137.9485	96.4045	658.0443
127.2831	30.4642	223.1752
20.0297	120.0891	814.7828
68.1163	75.0027	489.4274
88.2549	35.4196	318.3733
81.3030	29.7536	22.2667
128.1019	113.5468	201.9525
25.0421	45.7479	171.9522
104.4432	73.4519	746.7746
28.2656	37.6260	157.2556
117.7895	135.2308	563.4355
6.1762	78.9053	795.1301
119.3420	40.4704	353.0018
114.7721	134.3241	532.0996
69.4360	26.6671	199.0227
56.9358	94.2445	861.8489
61.8171	137.2610	789.0121
48.0763	77.7695	445.3956
48.1939	71.8308	727.5256
90.4468	109.8684	554.9772
55.8837	123.0064	486.1841
99.6322	65.9048	708.6648
25.5119	135.8729	729.5219
20.3477	47.6144	346.8139
60.4499	139.6112	106.8038
112.5842	95.3835	581.2979
25.1304	59.0394	337.0674
127.5201	88.1302	363.7671
57.8590	11.4077	846.6151
118.5542	94.8960	814.5185
67.2313	14.7104	215.0635
59.4890	126.8737	249.5018
107.3038	71.8502	707.0391
121.2254	112.6776	315.5458
53.4275	123.3968	725.0911
97.5852	108.6248	292.2079
24.2451	27.1007	205.9119
70.2995	138.1437	838.7106
88.9766	15.4145	52.5341
62.7039	22.3128	624.8874
128.7200	78.1143	343.1006
137.5286	45.6984	694.8061
137.9697	25.0831	636.4513
24.8969	44.0319	815.9258
120.5342	138.0667	357.9632
73.5414	20.5629	491.3257
4.6549	75.3706	437.9666
107.8455	10.5786	703.3464
74.0340	60.6217	94.8127
46.2060	60.3774	172.4084
6.7279	13.7832	35.3560
81.3998	139.5183	528.8892
42.9361	25.2916	466.0275
60.3886	97.2354	65.0859
132.3196	2.7901	269.7239
66.4812	95.3412	109.2546
30.8300	13.5681	265.0496
48.2996	56.0748	633.3724
36.7235	125.5070	76.6145
133.7841	65.4370	220.6152
1.5245	56.0542	15.9313
43.5211	26.6156	495.8696
93.0859	26.2088	15.7267
133.8860	70.0399	403.1701
122.6204	54.7975	95.3008
30.9413	45.5407	167.7662
16.1856	15.2863	361.3696
20.3867	102.6176	21.2706
95.2455	121.7213	275.0402
69.0785	126.7260	472.1970
29.7922	80.3501	219.7492
98.6919	108.6841	33.3464
80.7285	110.8201	461.8359
1.3523	84.9320	217.5083
70.4887	109.7406	89.9992
77.3437	72.7212	790.2037
92.8471	119.4025	113.7924
13.6994	49.4901	297.1292
127.6989	36.4963	580.6180
3.3375	88.9291	520.8782
81.6703	99.3245	288.4588
44.5711	22.4689	857.6334
104.2280	60.5700	672.0489
69.0387	42.5949	782.6433
21.1765	32.4922	690.9322
22.5500	110.5241	320.0608
1.4605	91.0914	305.4257
63.5992	124.2513	700.2778
118.7860	130.2045	699.8470
42.4166	83.5514	701.8911
77.8433	80.0767	583.3994
112.6951	80.7850	309.6875
37.5937	113.5828	165.3635
32.5319	95.7533	415.0105
124.0586	129.6524	182.8956
20.0251	22.0011	58.1039
21.9793	46.7052	165.9971
109.1951	16.8319	650.5334
112.8316	135.5617	698.4899
12.6390	62.2683	24.5996
125.5644	81.3894	17.3006
65.8563	42.7239	858.2014
120.1882	42.0990	172.5460
92.7835	90.5263	733.8030
70.5230	71.2751	317.4302
47.2811	59.3389	672.5565
47.4884	51.1003	206.0252
93.2200	37.7080	755.8923
3.3200	94.8007	384.6754
129.4050	54.4166	822.6563
93.1043	115.6640	558.3657
88.0253	2.6952	350.2937
128.0367	139.1561	100.8214
5.8915	10.1178	816.6972
27.5545	106.3246	443.8270
34.5975	112.7265	388.5756
0.0954	111.7903	844.4751
130.4658	71.7325	129.0693
53.8843	52.8128	285.6390
23.7958	126.4194	319.6307
7.2949	61.4918	382.9564
12.5345	34.2310	561.5645
117.3660	97.2175	843.3513
50.7913	86.0865	582.1558
119.0069	134.3128	648.2672
110.3423	59.8448	339.9648
133.1912	112.2367	400.5767
2.5568	83.7154	801.3867
97.6448	118.5574	606.5728
52.1888	85.7759	410.9803
41.5830	18.6044	217.5742
15.1752	15.4140	108.7185
126.3432	54.4072	546.7153
68.3804	87.2933	630.1221
42.7469	110.6054	398.6323
48.5247	116.0975	425.2352
10.7870	38.9464	395.6445
63.8818	139.3546	823.1064
91.4843	11.3666	417.2528
8.8766	32.9898	216.0284
88.3973	50.3272	521.5969
4.4959	135.7586	125.7606
82.4528	123.4771	505.5950
56.9553	16.9810	404.0000
125.1708	24.8365	683.6766
10.3555	3.5438	790.0199
94.5156	8.2709	305.1987
28.9444	100.5522	399.6123
75.2078	53.7000	342.3760
0.6568	51.1207	659.9213
118.3608	48.7850	538.7951
91.3542	102.8572	256.5281
51.0467	70.0254	331.2608
118.7952	25.0607	623.4241
96.6084	8.9667	49.6478
111.9518	108.8827	853.0030
43.5681	16.5665	272.9907
58.7343	75.7042	733.9715
127.2910	38.5742	167.1589
89.1325	124.5887	743.9842
68.4474	85.9090	733.5854
128.1479	99.7779	754.6230
137.8679	82.8524	651.1302
120.2202	85.9881	607.6784
102.8030	115.1479	491.2190
115.0437	114.9076	244.2630
50.4647	41.5496	817.5561
47.0172	46.9608	845.7506
49.9760	77.0946	492.0239
11.6632	4.5981	324.9499
36.8586	138.5268	123.9477
135.5244	91.3051	68.8986
106.6562	131.8241	252.4408
39.7708	38.5960	322.5916
41.2045	102.0568	291.1065
106.6302	61.2242	330.8278
2.4129	111.5709	768.3778
126.1729	102.2578	327.3715
74.8304	48.5109	187.2566
7.7622	69.6633	658.1544
57.6525	136.7689	859.7288
77.1056	67.2646	105.3172
44.3378	80.1686	10.2039
4.6184	13.5524	509.0873
72.6165	130.3159	647.3415
132.8705	80.4736	510.7951
44.8111	119.3046	178.1363
90.0629	103.4223	261.8435
4.1782	73.9209	490.4298
124.6010	59.3651	428.8287
7.7529	14.8074	343.3357
112.1757	4.5306	712.0670
47.5868	96.8529	452.1733
85.4580	6.5889	255.9363
55.9617	73.7922	471.6260
103.9264	76.4616	502.1339
62.0209	55.8029	575.5643
117.9971	77.7924	561.1067
33.3865	34.8663	199.2136
71.4566	118.9406	349.8948
20.9316	22.5376	256.5646
124.5978	135.1569	312.5496
120.5449	2.8899	213.4724
111.4514	103.0241	316.4981
95.1531	31.5115	799.9635
105.2529	42.3270	159.4076
48.8208	97.5058	689.8036
77.9206	102.6243	816.2630
22.4798	86.6537	483.4550
51.6908	133.1740	223.9776
135.7911	6.7165	118.8499
41.2663	19.6168	65.4492
6.4434	45.0307	687.8307
55.3324	93.8097	570.2193
94.6333	101.8170	397.0702
132.2877	11.5891	189.1826
74.1417	118.3237	73.9757
12.9970	111.2393	95.7514
137.3733	102.0431	505.2166
89.9139	110.5238	541.9900
12.6128	117.0009	379.3224
90.4240	58.7168	460.8641
50.1741	85.8806	578.5524
135.2031	113.2986	203.6698
69.6520	133.4571	179.9104
78.3230	59.5961	653.4232
93.7143	95.1946	609.6477
91.3484	19.4137	51.7640
122.5940	109.0451	752.1928
106.4239	65.0279	292.8884
30.1093	135.7054	340.4592
57.2530	21.6938	138.8100
66.9167	14.5358	666.7377
40.6597	125.5393	694.0813
52.0392	5.2390	556.3500
95.7534	30.1518	676.6825
60.1214	62.0532	327.9613
63.9486	135.4507	63.4464
138.1949	98.0389	164.4625
9.0210	80.6194	843.4786
90.5960	23.7071	385.1438
65.7844	102.6385	358.2465
64.7051	36.5000	667.3808
53.9890	114.3631	605.0957
59.2166	31.7116	211.0898
58.6838	19.2165	727.4441
92.6792	21.6708	33.6557
60.7366	69.4365	644.0651
92.9608	11.8619	384.8967
52.3909	107.7674	586.7958
2.1541	39.0417	108.2292
74.0996	20.8902	858.6084
82.8164	25.4327	438.9953
106.9616	55.1811	723.3530
75.4100	70.3893	340.3658
111.1161	70.4350	532.3247
59.8942	117.9153	246.2110
88.3704	89.6254	235.1371
72.0683	126.6421	146.2565
68.6945	4.5429	636.3942
126.0737	66.9392	365.4040
106.1396	117.5497	540.7240
32.5144	95.9175	307.5487
87.2474	110.3934	691.0207
78.9797	38.1585	588.2700
94.9173	111.4170	530.4080
6.6396	68.8671	604.7107
44.8033	5.7395	265.4359
11.0343	58.0923	516.4388
119.1858	60.0418	271.8803
114.1987	135.5115	505.1132
46.5670	23.6505	277.0472
84.4797	69.1728	405.2229
10.0546	28.0419	127.8404
127.0732	100.4045	722.5165
113.6321	38.8670	398.7696
73.7182	77.3865	811.4975
122.9654	86.9510	10.9284
9.0982	31.3328	652.2000
20.1246	113.4153	144.1076
139.0715	131.1931	566.9711
36.3633	36.9928	476.1776
54.1975	27.8370	649.1871
56.4200	80.5829	68.4476
93.1394	96.1892	121.5645
65.6479	20.4269	595.3629
118.7690	76.5534	186.8723
74.9458	76.4500	611.3465
46.1615	108.8023	638.6011
107.1493	117.0532	783.8703
36.3745	39.4228	629.2311
53.1072	93.1058	46.1191
129.6720	133.0450	390.6362
115.7019	124.7571	461.9515
51.9503	38.0481	333.1199
49.0243	7.0656	677.3717
119.7391	89.1808	9.6676
12.5076	69.3565	361.3121
22.7141	87.5601	551.5737
40.2031	13.0053	498.8084
91.3901	101.4867	385.1606
71.1889	105.6905	730.1388
118.1736	109.9399	746.2478
59.9374	68.8004	28.6720
8.3108	96.0996	775.8015
55.1735	56.1726	684.6462
97.4528	87.7964	616.7570
124.2889	60.6784	259.4481
78.6675	71.5243	721.4944
114.1184	45.8562	207.2873
15.2861	61.6412	602.1660
77.9032	136.7586	205.9112
23.4479	113.2127	258.6302
30.9885	74.6324	795.9173
6.4456	90.3682	729.1943
16.2867	138.0639	209.8907
106.0965	18.1136	797.4717
60.5621	109.7814	726.0191
139.4139	115.9519	372.5632
18.1669	99.0611	242.4075
47.6094	81.4768	47.4292
87.8316	37.5096	456.7747
37.4902	118.2707	419.6839
45.2695	33.2567	855.0153
83.8713	2.7074	45.7055
135.4067	110.6423	848.5035
56.3653	18.3661	803.7710
91.0941	90.1518	393.9465
63.9325	78.4007	325.2501
75.1855	71.7774	461.9304
2.2415	52.9078	255.7409
37.6909	4.9953	242.0519
95.8629	15.8885	794.2677
95.2866	86.5916	153.7296
72.4948	136.3438	834.4461
82.6567	8.8457	657.9677
15.6681	126.6859	429.6522
60.7781	8.6984	699.3989
93.0764	17.4939	499.8326
40.9686	42.6249	583.8450
36.9148	119.5800	686.3225
10.9567	41.3504	302.5324
92.1179	5.4190	615.2858
61.5251	43.4624	809.0771
94.8861	88.4774	306.1448
136.6428	92.6002	667.7413
13.2453	13.0433	250.4373
76.1745	44.9635	120.9591
50.7035	112.2514	326.2319
94.1780	92.1876	446.6367
100.7563	5.4777	574.8265
31.9740	77.1631	269.2198
50.9508	105.9363	240.1887
71.0914	16.5982	455.6431
3.8937	30.7025	507.1482
34.7443	42.5792	256.3558
119.9322	82.2629	517.9880
119.4138	92.7667	208.8856
6.7768	26.4848	251.6478
96.9890	120.7542	727.1621
43.4493	39.6450	858.9117
116.1073	131.7771	144.2280
114.0252	40.1066	66.6013
44.9287	22.7004	474.2660
103.1761	123.3274	658.2259
56.5379	42.5871	748.6973
78.2411	101.0268	793.8783
83.0448	63.4280	104.7323
54.1475	48.2739	607.0651
106.3043	111.8428	228.6303
54.6751	120.8895	214.1452
60.5744	40.2820	680.6531
15.5054	125.2362	641.4596
133.1286	93.6553	615.6791
3.7921	135.6699	145.6768
78.2358	27.9023	664.0603
15.3476	107.1165	396.7658
22.7268	16.0486	483.7465
23.0136	85.1643	752.0411
79.5272	60.5720	550.4770
85.3335	122.8728	627.3179
11.2226	38.4260	419.7311
71.0170	135.2692	226.7797
16.2271	8.0343	346.9082
72.7245	4.3799	57.3175
122.2768	5.7624	160.8783
131.2880	90.2178	82.1353
48.1617	135.8166	862.4866
92.5371	29.0890	266.7509
57.5626	90.5723	79.2030
11.8490	121.9856	500.3456
100.6579	110.5582	704.6936
17.7744	101.5580	247.1981
35.8459	60.8636	287.8422
101.1155	136.6834	596.7681
43.0213	119.5430	812.4012
128.6142	11.5134	627.9419
57.5283	132.4007	506.7754
109.2703	105.0828	573.3537
135.2292	107.1149	645.8370
30.6475	95.2625	512.3586
92.4531	78.6088	22.1149
62.5086	6.7994	317.9714
8.3806	122.2482	583.5101
47.6437	56.9949	373.1434
25.7586	61.4468	806.0187
96.5642	133.2505	69.3020
102.0773	32.0610	136.1049
37.8327	15.2772	252.0243
130.0603	82.0395	152.9557
0.8798	70.5836	831.5615
32.2468	116.5118	319.6116
20.2653	82.7213	278.8151
119.0094	34.5637	708.7166
10.7507	107.4540	320.1508
41.9154	100.8269	181.1869
43.0480	79.1210	174.4082
68.6161	108.0848	717.0208
108.7219	115.9888	407.0824
31.1763	64.0903	521.0114
24.8932	67.7641	793.4306
109.8334	51.2761	371.3014
123.0069	110.9090	862.2035
0.2391	74.9294	645.2812
75.2730	11.3817	15.5194
120.5755	133.5283	54.9010
88.6536	37.9176	116.7768
135.1701	14.5305	421.7760
62.7170	1.0731	849.6959
116.3887	27.8851	586.8783
119.0403	40.0202	733.9771
0.6578	98.3178	627.4409
105.5570	42.3026	296.0796
65.6846	30.8467	769.5592
79.0295	15.9398	826.8822
65.3317	75.2728	709.3035
122.5965	10.4712	198.7856
128.9253	41.4930	89.9895
119.1657	24.4903	677.8584
44.2401	76.3329	378.8723
18.6232	26.7226	170.8109
64.0706	107.7033	544.9297
39.3597	91.4127	636.3424
40.4996	102.7330	248.9658
91.3107	86.1853	307.6812
7.0968	116.6495	318.0706
80.7959	89.6116	604.1105
51.9877	19.4513	457.5391
134.3550	86.2694	151.6763
99.0690	126.5931	190.3143
40.0250	77.3274	38.8400
98.5070	63.8308	474.2372
50.8624	41.8985	219.9857
117.9806	48.5634	66.5944
89.1354	89.1769	205.8605
115.7039	127.3458	185.3424
62.5531	80.5732	211.1271
110.4159	71.7545	753.7850
12.3605	48.8277	565.3404
85.7911	94.8784	289.1773
12.3015	1.2429	104.6035
135.1725	72.3230	656.5095
30.9455	132.3352	701.4572
29.1857	82.3748	456.7035
127.9357	59.1957	326.4456
57.5362	51.2727	84.5322
69.6332	139.3021	456.5824
69.7407	100.4343	331.4690
35.9976	126.0802	849.1318
81.5692	76.2197	290.6004
23.1768	71.8610	316.6110
96.8916	98.2117	632.5136
82.0247	81.4111	833.9097
126.8233	112.2647	155.8547
62.9370	135.5119	515.7258
93.1185	122.3136	133.0085
85.6429	70.4965	365.6576
67.4572	121.1884	338.0918
80.6169	104.6829	725.8667
83.9281	38.6364	24.6687
30.5801	130.5743	393.7807
74.1851	66.3853	518.1343
61.2424	124.4226	288.0923
39.6949	92.4153	333.4537
87.7874	46.6229	821.1030
86.0084	70.3677	387.7862
135.6231	23.8725	729.0954
1.2608	58.4881	619.0773
89.4016	90.8827	106.0296
20.5263	84.3684	4.0438
76.8759	25.4101	350.9320
113.0918	81.3284	330.1475
64.3541	5.4274	821.3753
89.0401	69.4423	715.6794
92.6907	130.3084	591.7744
10.0072	38.4307	344.1407
112.6964	30.9214	733.2144
64.7461	95.1377	108.7783
104.7261	123.2270	650.1595
5.7572	112.5068	177.7956
45.2540	126.7704	189.3709
28.6672	32.8129	750.6545
121.2155	70.3913	418.9275
98.4483	61.8610	312.2969
61.7820	42.3460	476.4431
24.2082	41.2138	782.8565
39.6125	15.4490	86.0784
131.3703	44.8788	833.4288
3.1367	11.3733	460.3444
48.4826	10.0131	316.2183
74.8274	1.7507	655.7194
24.6543	43.3546	711.4095
83.3454	30.6995	64.4607
79.8015	107.4583	219.2559
23.7644	98.5843	558.6955
105.6268	77.1225	744.4316
125.5018	61.9311	462.5798
94.1457	28.9708	183.4480
84.4565	108.2960	401.6527
102.5424	107.8458	187.1604
28.1083	6.8660	471.5915
48.2859	62.8964	251.5596
122.2884	135.4885	62.8246
54.8077	40.1182	829.7373
49.8870	88.9927	722.7459
108.2734	4.8076	516.7189
1.2763	102.6751	521.3777
58.2190	119.7566	776.2738
16.9227	127.1344	83.9809
7.2545	138.3732	69.1869
37.2652	50.7177	117.3053
99.7014	104.3585	496.7424
76.4563	107.0911	801.7897
124.0088	83.3043	579.0004
7.9607	139.2375	179.0634
75.5035	36.1854	215.4307
95.0669	67.0209	737.0726
115.5178	133.2572	261.1130
15.2888	27.1397	516.0970
67.8464	113.9912	708.8391
115.4094	90.9391	829.1994
124.8825	14.8952	157.0208
7.7072	69.0169	76.0226
100.4532	97.2931	337.4510
43.2496	44.2883	308.7512
111.4471	39.3816	499.8621
90.4268	100.6510	423.7291
75.5906	56.7818	253.6178
121.6920	0.0907	159.5989
107.7288	5.0160	501.0733
108.2550	57.5407	147.7080
118.1724	138.1773	487.4514
82.1900	108.2901	639.5013
102.5869	32.8380	371.8566
66.0644	126.3113	846.9371
35.5734	59.5122	110.9685
4.1152	19.0874	456.9373
11.3886	7.3582	701.6517
122.7059	93.6744	349.3713
21.1956	58.5136	736.2851
82.4591	138.7650	544.7251
9.4885	93.1341	208.5726
78.3666	32.8633	782.1086
78.4363	55.2367	98.4641
123.2596	114.1098	835.5524
99.5015	61.6983	131.0757
107.5701	118.6436	307.3933
134.3505	12.4718	50.5161
117.1489	72.5941	405.1721
100.1217	93.1006	66.0315
131.9360	19.9756	777.3988
117.7984	26.5248	166.2815
139.3026	59.0671	687.7330
20.8847	23.8556	30.4044
75.3507	127.8136	170.2369
102.0296	36.8192	265.2553
11.5437	117.8717	158.3406
100.4193	2.3769	657.9673
93.0398	35.1927	280.6153
85.4576	34.7643	24.6750
110.9759	19.7033	121.7767
104.7126	77.4166	85.7481
40.4593	1.3612	488.7221
108.3213	79.3842	427.0915
57.1099	14.1154	121.6800
139.4018	55.5291	828.9825
61.2535	136.4646	23.3466
69.0076	72.0831	757.3989
65.5755	134.0301	563.4031
70.4799	28.5562	421.6659
133.2523	51.6562	513.8632
49.3039	0.2195	628.2063
1.4997	56.8782	54.9679
58.1944	103.5522	60.1196
53.3911	112.3610	52.5724
90.6762	109.2282	672.5769
23.6240	44.9478	822.9524
132.7978	66.5374	396.5730
54.8646	27.1492	523.8255
38.0770	107.3131	280.4455
53.4156	88.3931	426.9604
30.0690	70.4036	683.6394
110.7774	23.0932	580.4140
36.6687	88.1500	149.2910
42.0472	110.1302	421.8313
5.7713	116.7938	696.5239
26.7590	29.6547	625.2018
20.0611	59.1021	518.6799
106.5206	17.5022	137.1498
137.9001	45.3224	395.9837
93.8892	110.2390	573.5487
30.1653	60.9408	791.1828
16.7114	87.5793	700.5744
93.9871	3.5916	294.3321
86.9114	128.0905	264.9666
109.3021	71.1381	777.4666
12.6229	113.6506	271.6698
93.5803	78.1927	482.9684
39.2638	20.8624	404.8250
12.1900	31.0542	505.5813
111.0847	100.3376	290.0350
96.3417	102.2450	454.0200
55.1260	36.7937	399.5941
58.1143	64.8570	278.7547
68.9329	114.5740	301.8007
125.7653	117.8104	479.7270
58.2616	40.9016	345.4086
46.9755	96.3493	558.8037
97.1959	119.6442	338.4300
41.6292	23.0768	653.3069
82.7673	4.8106	327.7445
106.5162	57.3476	672.4221
34.3217	62.4211	274.2615
34.6895	92.6089	485.6217
59.1751	5.3422	479.9030
73.7755	42.2691	404.7306
89.4133	13.2055	275.3902
33.8287	136.2740	445.4524
113.4636	89.6234	518.3043
25.7566	67.5900	501.2997
103.2821	113.0944	383.9502
124.7419	10.2973	312.5290
3.8854	15.2710	510.5330
109.9479	90.0369	612.8618
56.5807	85.7482	447.0564
67.6629	91.4504	228.3898
89.4117	114.4558	767.7479
119.2099	96.2536	301.0114
116.5691	113.7683	411.9753
80.2542	121.6262	832.3673
28.1123	103.8342	150.2960
110.0370	75.5137	518.3222
106.2532	56.3875	143.9284
126.7135	129.8599	28.8504
130.9129	71.9046	317.5162
65.0149	12.6291	749.0134
132.8960	100.8659	358.5557
47.3663	137.8705	357.8809
113.6212	59.0646	95.2488
72.4331	111.0078	439.0960
23.5764	93.1352	835.4371
78.4773	112.5408	59.9506
39.0865	97.5852	796.5907
111.7759	103.8103	644.2340
58.6502	34.1130	796.3588
78.8140	34.5796	542.6702
26.1012	51.1335	236.6411
7.7442	56.8377	33.5126
117.8434	71.1401	216.1533
15.3821	47.3834	802.6577
54.0303	53.4793	678.5960
59.0536	60.0612	849.9946
1.5744	111.0571	758.2355
53.4710	50.0738	556.0356
114.0661	59.5940	164.3756
4.0135	115.8562	321.4099
136.3969	12.1464	117.4256
29.0826	2.4862	202.3306
118.9556	52.2127	0.2532
35.0455	106.6948	608.1589
24.5489	62.9872	618.9696
39.6723	134.5661	654.5042
125.0971	129.7549	203.0525
119.5710	39.3342	188.5994
136.6774	107.1701	58.3986
98.2384	55.7718	636.2261
72.8207	101.8046	385.8983
66.1235	73.0480	63.6643
75.4500	125.4926	811.9009
132.9822	35.1056	501.7711
62.6196	96.6480	702.7771
65.1136	137.6448	286.3339
45.3292	87.8131	31.9820
53.5716	106.0910	315.9428
38.3056	14.9121	411.4406
111.7020	139.5707	182.3473
56.0992	93.1604	13.1132
131.9869	60.7387	862.1418
100.3806	39.4733	471.4761
56.8916	11.4249	584.7067
127.0636	83.1604	813.0944
27.8427	56.2127	145.1391
0.7908	99.8625	543.0685
85.7329	87.0616	610.3964
39.1791	84.1196	464.2107
111.0649	2.2244	714.7049
49.8681	131.6362	800.2979
46.4492	115.5753	328.7770
82.7157	109.9625	164.6307
44.3841	35.6176	189.1977
108.5651	74.9360	86.0884
0.2045	115.5584	409.9509
59.1685	90.3672	741.9748
74.2466	129.1046	705.7035
6.6794	13.3539	481.3595
48.7592	7.2033	511.5833
132.4362	12.2252	196.3180
48.5881	68.9372	38.1528
16.8002	137.7262	584.5829
46.1262	128.0517	770.6578
96.8504	22.8345	319.3914
98.2851	81.9098	806.1674
32.9763	12.8816	251.7091
137.5502	90.5118	53.9778
97.5978	98.2867	840.6790
11.3252	93.4882	297.5833
99.8497	53.0986	41.3664
112.1810	121.6190	617.4831
20.3578	19.1386	686.2292
105.9674	55.5528	738.4140
116.7356	128.9097	819.9469
28.7446	105.0644	211.2843
89.6399	98.3965	744.8361
48.5790	15.3767	639.0384
8.9719	114.3715	276.8595
70.0678	111.2081	721.2365
2.1819	119.1761	493.8901
87.0319	40.9913	458.5208
109.1709	90.3957	318.6507
62.1487	1.5155	781.1775
60.0653	118.0251	87.5565
76.8837	74.8206	40.4081
132.1088	106.2112	498.9339
95.5427	112.5110	719.2249
17.4280	85.8970	1.8209
109.7469	129.8715	482.5569
95.0194	32.9223	42.4970
76.6720	19.2710	715.4341
74.4315	68.7102	653.2948
78.3430	65.2582	515.0346
97.4522	100.1198	135.9588
29.9498	93.5046	559.9141
37.8564	119.3518	506.2254
56.0891	101.9456	13.7725
107.6581	131.2428	494.0953
100.4031	27.5224	751.1665
24.0256	52.0002	340.1857
105.1375	135.8079	822.9555
56.2892	75.7025	68.2123
64.6219	103.9623	263.2374
34.1297	9.1978	461.6089
3.7749	121.4083	562.5859
78.6172	52.1381	24.7750
59.5716	44.9892	615.5807
116.1564	89.3636	781.1323
90.2370	71.5509	698.7553
65.7959	90.2953	595.7694
121.6244	8.5372	465.7284
14.7082	125.5855	584.5259
76.1044	67.2628	652.4999
54.9076	29.4385	246.7557
98.2412	39.2074	676.8825
60.3989	99.8939	159.8948
131.9006	63.0721	770.7415
32.1993	129.4130	437.6650
80.1504	100.1276	7.9120
3.8909	22.4707	73.7030
82.7738	80.9002	111.2012
57.5978	86.5579	451.2081
47.5902	60.5873	751.2139
72.8254	56.0236	443.3942
133.7818	127.1128	219.4494
37.4787	93.6764	660.5234
109.4762	40.8071	68.8141
38.7822	89.1769	472.7603
81.2728	74.5701	475.3277
63.4428	25.0200	0.8974
94.2051	14.2567	292.8830
51.5499	30.5747	605.7816
38.7577	27.9689	853.2352
136.2560	127.2774	115.9346
108.3088	126.0260	511.7227
16.0760	104.6862	572.9584
128.9612	139.0676	803.6533
24.8477	77.0211	275.9595
75.0018	106.8612	454.5677
1.2559	126.6077	171.8808
16.3717	57.5027	745.8414
40.9843	118.9735	512.4365
72.6377	85.7718	25.8767
116.2380	90.7007	803.1892
127.2853	98.9737	215.8052
84.9613	97.0965	47.9100
29.1828	93.6524	296.1575
79.3625	13.9556	599.0698
60.2308	46.0818	549.0597
69.2210	103.1479	72.9091
19.7370	103.0523	631.8836
10.8692	51.1846	439.1381
14.8585	127.2434	439.5093
107.7039	123.1062	682.0019
52.2794	66.9700	11.8015
125.3185	129.9282	262.4882
112.2460	123.0707	681.6977
137.7497	0.9212	13.8586
109.2982	135.5541	842.9734
110.8364	95.4060	542.3151
113.4792	124.9843	585.3626
76.7178	129.9815	590.9136
84.6708	118.5717	77.3210
58.3743	31.2176	242.9140
19.5276	32.0488	649.5923
128.1781	47.6210	129.4796
76.9231	117.9933	45.8814
21.4945	5.8416	198.3199
64.4486	78.5836	277.3105
5.1483	72.8251	848.9793
98.7221	52.6927	785.4345
4.6085	95.6810	381.5539
21.5897	94.9925	398.7800
17.7227	55.5574	69.1680
130.1362	68.8868	47.3861
137.6276	105.8571	855.1463
100.1569	27.3851	748.1355
52.5449	88.2049	28.5238
139.3084	97.9189	631.6360
84.4895	100.2903	434.7856
62.9150	18.8649	87.0126
9.7153	48.3802	283.4481
106.7231	77.4946	485.4723
53.9473	100.1996	691.0409
111.6584	7.8632	448.0333
59.7050	61.2272	99.7761
61.7251	28.3783	212.3336
20.9949	23.8381	402.6304
82.7369	113.5379	177.1856
42.3525	131.8910	208.2098
39.7964	80.7028	192.0462
25.3693	54.0733	201.7112
19.8891	59.3459	499.6725
7.2910	132.3547	52.7227
5.6231	114.5933	275.6689
131.5572	67.4429	525.9443
49.2286	116.7980	205.1590
53.9292	0.5715	549.9512
131.4120	139.0029	632.0104
29.2622	71.4865	632.0568
18.1985	23.1346	674.0087
13.9075	94.0518	766.5611
86.9832	86.6069	94.8353
136.8872	70.7261	552.9307
36.4287	62.8648	327.4350
45.4227	34.4808	177.0645
3.5614	101.9234	490.2287
24.2595	88.7069	496.0806
110.5762	128.1012	503.2793
93.6192	49.5986	786.4316
17.7328	91.6010	29.5510
28.8639	106.7035	340.1208
30.0168	70.5991	422.5042
59.4322	120.5655	225.5953
93.5014	26.2206	242.0146
109.3894	137.6187	525.5989
76.3971	68.3938	786.5909
135.1159	7.7883	630.8275
10.9497	115.1963	818.1397
20.9491	35.1871	228.4856
29.3138	7.2072	147.8608
79.7275	79.6039	709.5288
58.7301	37.7529	324.5531
72.8233	71.0376	463.6025
34.7045	125.1937	12.0562
88.9491	92.0769	454.0209
32.1237	134.1422	632.2582
97.8385	75.3102	528.7541
1.3799	13.8214	483.9484
79.9412	52.7516	699.4608
36.0724	49.4462	131.8171
74.7905	52.6149	685.1132
118.4849	116.0831	655.0556
133.2084	129.9760	78.3200
45.9959	28.5490	486.2745
76.7425	66.8876	519.1994
110.6870	113.1682	650.6390
120.0996	94.3894	30.5802
131.8613	133.7924	647.7349
3.0257	8.4388	849.6396
134.8169	43.7254	45.1384
128.7906	108.9701	214.5946
107.5612	14.0494	308.0154
73.6852	80.4122	847.7006
110.8061	103.2092	265.6175
8.2619	44.4293	330.2578
132.3400	10.9495	165.3690
34.4827	3.4072	254.9362
87.8786	47.2648	759.3890
40.5776	130.2250	151.2580
92.1652	113.4453	358.9866
114.3576	15.4319	342.7905
82.0239	112.5255	132.4163
45.0859	115.2733	559.2098
21.4524	31.2662	111.9229
38.2255	2.8459	661.2299
79.8318	66.4867	817.0208
29.0104	27.9928	458.4964
15.2415	134.3728	676.5498
34.9271	53.8225	290.9661
74.0333	6.5803	465.6130
79.1614	131.6680	576.9280
106.9741	89.4248	584.7726
27.7666	26.2206	187.4280
108.2048	136.3293	6.6687
19.1153	78.2436	764.2398
33.1686	58.0807	364.6296
111.9222	139.5189	544.6058
39.2391	81.2542	367.8847
112.5336	57.6757	300.0308
88.4150	138.7657	233.8382
90.6086	37.5818	690.5409
132.9034	43.8519	368.0791
135.4343	10.9200	504.0793
57.8276	51.4830	507.2834
7.9075	45.7803	596.2378
44.0224	101.7702	693.8207
80.6149	116.8757	646.8749
97.0452	98.7301	860.6217
84.4906	112.6738	406.9866
69.5899	72.8407	542.5316
76.9885	74.9362	254.0063
85.8516	108.1560	330.0768
36.8665	107.1380	661.0115
35.1976	115.3949	1.5117
122.7897	102.3140	45.5259
26.1526	47.8513	588.0356
102.3563	114.0041	225.8264
48.3794	81.7680	581.2747
88.6528	75.9972	91.7101
86.4085	113.5918	750.5306
15.3586	53.9794	852.6820
79.1201	93.1579	221.0313
58.2261	117.6978	535.0418
8.1862	78.2937	271.5024
10.7286	134.7881	238.5971
47.8050	2.5030	281.2606
65.3138	120.9104	569.0331
55.0616	13.8715	453.3685
51.6088	55.9384	711.6515
132.6057	62.7139	705.3974
82.1619	70.9999	117.0618
34.8302	135.4728	334.0705
98.9508	136.8266	454.8659
119.0705	46.1697	444.8720
13.1963	19.3172	131.8199
138.8059	8.5710	753.3739
92.6981	84.6481	651.3511
34.0137	81.7101	545.6763
35.8663	91.4269	487.9294
62.0986	112.0892	566.7078
114.5535	134.5164	836.5854
87.8259	109.4737	558.5985
65.8883	124.0650	4.2007
55.1173	44.0662	627.8373
70.7791	107.4918	314.1260
104.6933	63.8586	690.2886
47.3685	33.6021	430.0945
20.4395	17.0621	122.6167
134.9748	87.8072	788.5457
59.9232	107.9033	251.0001
39.3105	24.4840	838.4953
135.3273	118.5332	61.6822
20.7062	71.1082	393.1349
42.4719	94.6107	459.1896
55.9526	132.1700	32.5975
91.2683	79.1121	118.7417
135.9479	125.7572	816.6645
6.5156	70.2325	648.7241
65.6242	36.5622	806.2836
9.3158	97.4234	181.2295
106.2009	80.9393	419.3904
86.1570	139.5805	490.9830
86.9921	127.1049	121.8532
74.5185	41.8476	466.0780
32.7583	11.7744	141.6640
59.1714	95.9985	245.9182
118.7089	47.3007	634.5922
42.5644	117.9236	853.8651
117.5098	5.1350	491.4897
128.0122	110.4840	764.1650
118.4349	44.0825	667.0044
124.4165	94.4309	790.0461
65.1052	59.9766	517.1796
50.0297	51.5615	68.0651
134.2322	99.7029	653.5664
94.0140	114.8986	778.8141
101.7671	100.3588	120.3830
63.3337	30.3886	711.2393
129.9942	134.4779	842.6379
74.2340	9.9902	240.2076
89.1381	110.3837	592.4736
49.0822	93.9357	72.8388
92.1416	89.2475	83.7614
53.6289	83.3250	675.1887
8.1026	109.9350	468.5175
112.7791	87.9884	580.8148
59.8834	135.7224	827.7331
12.1472	119.2181	685.4737
46.2077	91.5789	226.5614
57.2205	138.3688	773.6777
69.0673	25.2351	838.4643
35.8304	104.2613	19.0377
32.3857	133.4859	52.2163
108.7147	58.2897	91.7824
114.1733	27.3922	145.8650
17.8880	102.9500	515.6271
111.9043	110.8897	207.6756
78.3934	69.2827	656.1424
106.4424	85.1852	131.4406
107.1247	85.1160	351.2708
126.9395	66.1680	336.4279
37.0251	43.5173	358.8202
108.2019	131.0571	626.5916
58.3425	29.6476	232.3721
118.9947	90.9171	837.9979
22.4258	13.6561	180.6331
91.2029	74.2996	516.1839
50.1221	23.7528	149.0903
139.5066	55.9835	597.6828
33.9061	128.8597	283.6736
12.8296	24.2548	50.1346
88.1551	51.5679	533.7434
68.3120	133.7457	545.6683
115.8948	27.6654	310.7669
1.2901	31.9585	693.9151
47.6695	52.4692	38.6530
134.1257	122.8438	83.9506
36.0240	127.9457	448.0534
82.5869	133.5623	243.0558
8.1531	92.6411	645.2077
2.9601	84.1569	150.4866
48.5329	131.8366	792.2074
100.0862	11.7220	686.1416
114.0037	130.9701	589.0798
101.9094	57.9333	381.2526
49.8322	39.5270	6.2688
90.4010	79.6402	811.2378
22.2293	14.3459	104.0327
114.0077	52.6566	256.4758
20.5834	104.8811	399.8816
17.1836	36.3914	318.2254
112.5766	55.6705	308.0109
66.1151	91.0963	616.0634
94.0657	74.7944	579.2086
26.3482	130.3938	331.2207
111.2751	104.4564	395.9074
110.1729	137.0709	109.7352
119.0804	126.9652	189.8808
115.5984	108.1301	64.4979
6.0298	24.0706	43.4926
25.0526	46.6313	168.0634
133.2285	125.6266	671.9174
108.1586	39.4108	464.0570
69.9684	27.5814	322.2665
124.5761	13.3471	142.3775
117.2712	69.9524	196.9579
3.9822	92.0939	502.5773
137.2654	25.6139	436.0536
94.6512	51.5887	97.8211
123.6152	77.9081	799.5356
40.4744	17.6505	339.6654
81.1784	82.4390	315.1004
48.5860	85.6447	205.1388
34.4989	13.2182	62.9783
8.1828	28.4290	676.3125
124.0149	45.7205	682.0569
74.4336	9.9768	507.4742
23.7952	65.5668	651.0638
117.5040	3.7077	626.7452
6.8056	66.7421	104.7391
26.2412	34.9568	670.1131
4.4190	11.4988	591.8499
61.0038	56.4749	395.2844
75.1279	13.1942	552.0715
75.9780	65.3060	752.4010
7.6213	98.7107	94.3294
128.9718	53.3376	223.3186
132.4005	113.3698	125.8913
48.9845	7.4403	524.8319
94.3957	129.2618	257.5662
60.4562	41.9813	68.6524
123.4295	78.1371	764.2284
56.8025	91.5940	425.7437
111.0000	67.7637	6.1554
96.9655	89.7998	227.4995
133.9360	87.5994	733.1426
68.9031	30.7989	518.2626
87.1982	42.3035	790.1901
71.7025	1.6473	661.6522
4.7777	127.1700	586.0885
76.8313	112.2134	300.9419
7.7739	79.9479	686.6123
50.5904	6.1917	669.0648
80.8274	49.3229	1.7992
129.5064	80.0869	212.4782
12.2808	2.2036	373.3413
53.0731	129.6585	482.0361
4.5430	40.3813	666.0242
99.9734	117.7321	116.4136
19.7153	117.5598	456.8538
28.7135	1.8132	276.4288
111.4028	51.2290	728.4986
121.1223	64.0880	165.6784
3.0658	23.0637	121.9881
10.3930	137.6468	534.2014
125.8544	53.7669	166.9460
64.0662	134.7851	486.7937
63.8594	4.2024	309.9908
62.4197	128.4193	568.4233
47.3178	18.7622	462.5682
57.7684	40.3732	717.8222
44.5434	76.2386	578.1165
78.0060	97.4754	315.1789
128.5516	128.1465	723.2972
84.2954	34.7226	523.6962
137.5713	10.2413	454.3051
123.5628	25.6417	733.6552
109.9988	112.9676	580.4980
46.6138	102.0653	379.8865
108.1300	81.5302	554.3260
33.7133	36.5520	264.0638
136.7166	9.8797	451.8284
28.3413	119.6392	571.8943
71.1463	133.4946	213.7312
72.4376	5.4203	639.9316
81.2675	132.6902	378.7378
44.7157	134.9599	59.3287
105.2656	15.2945	400.0778
89.0364	129.1691	241.3331
120.9986	4.0809	306.5083
127.7771	20.5908	620.0704
22.9202	26.0246	649.0019
99.2690	74.0699	599.5084
85.2813	99.8172	106.4238
97.1834	110.0550	333.6699
66.4105	92.3006	709.9274
135.8327	55.4878	38.9047
113.8466	133.3177	789.9460
1.0092	32.3933	115.9620
57.7971	123.6109	731.5406
64.4772	59.9880	86.3297
0.8912	24.8544	622.8014
12.1743	132.3410	214.2642
51.7324	1.4801	583.6513
63.9956	78.5419	640.7509
136.8125	57.3395	157.1096
133.9468	5.6773	163.2644
130.1853	113.1160	488.2429
37.7593	111.2092	457.8232
55.8617	103.9182	368.2923
62.1200	33.9418	337.1531
132.6944	4.6360	207.1405
90.0893	108.0375	83.7722
21.7421	136.2718	371.8239
20.9442	106.6786	107.0607
0.0366	21.2095	163.3345
109.2500	74.7823	394.9712
30.9696	10.5497	295.8135
108.7460	80.1252	625.2116
66.5001	11.1412	562.9101
44.9151	72.8971	461.8555
10.9847	44.8515	614.8750
14.8845	9.3059	346.7487
31.4134	101.3119	300.9837
22.3147	83.8542	17.7592
61.2489	116.7874	588.6164
79.7053	69.3612	93.5815
54.7876	8.3914	561.8897
129.5734	9.8741	816.4108
30.7802	49.7762	108.6727
26.4106	31.7038	96.3831
42.1451	123.5966	318.6201
28.3039	116.0923	206.9043
129.6047	97.3879	719.1434
15.2175	16.7765	512.5136
27.1152	86.6982	219.9019
52.1623	104.9212	159.1128
93.1417	22.3678	763.7148
77.2277	18.6743	342.5806
121.7433	67.6815	550.2223
50.3523	58.3789	568.4069
59.7007	91.7237	747.4219
105.1631	93.7735	190.7471
5.1436	129.3132	338.2443
3.5795	38.1304	741.5325
110.9694	131.3915	735.5418
31.9993	120.8324	679.1653
84.0826	87.0063	105.4319
127.5075	34.4476	241.0812
18.7763	39.7649	696.5083
129.8546	76.8794	305.2263
46.6496	91.7270	11.7889
71.5954	13.6428	535.0706
124.4253	42.7506	293.6124
119.9768	67.0497	236.0347
117.9662	10.2236	291.8015
24.0063	72.6075	342.3016
132.4975	93.8840	503.8560
64.0241	85.6580	485.6954
89.1725	66.3918	487.7747
122.9850	80.3784	295.2758
106.8980	68.5549	327.6412
27.3998	128.1090	308.5790
2.8515	114.9212	728.7572
6.6605	102.4302	293.3412
18.7216	84.1602	479.5991
138.4974	131.1553	484.1086
23.6433	135.7108	227.0835
0.9227	93.4427	163.4001
97.4248	80.8589	525.5785
72.1052	10.1547	19.6248
56.3504	85.4109	72.2323
8.8911	131.9458	448.2607
59.6608	102.1654	704.2875
138.5250	24.1695	808.9237
106.9687	110.9913	441.4256
16.4522	110.7831	416.0387
124.1322	28.2765	702.6288
80.7545	14.8118	753.4241
118.5955	76.8384	849.8273
107.6470	93.8434	605.0591
30.3610	108.5910	240.1249
20.5025	103.1789	402.7411
3.2240	23.9211	216.1008
14.6551	91.7103	116.2421
20.8396	107.9166	343.0578
51.3619	3.6329	803.9052
96.4434	85.4445	363.6791
47.9750	48.4546	279.2629
81.5311	13.1657	661.7369
82.1379	84.5520	473.3562
37.6188	61.4671	271.7270
101.3528	122.6028	667.7855
107.1541	23.6959	534.1055
2.5483	57.6180	368.5206
73.5071	74.5958	324.1270
122.7633	70.3231	546.3622
59.3626	39.0066	322.5008
12.5991	59.7138	731.2253
48.9572	18.2619	788.3975
124.2540	108.1649	50.2197
76.0886	106.3718	426.3214
83.0491	17.7119	673.4241
33.6614	53.2732	599.3920
136.6983	5.7432	430.6441
35.8240	119.0501	495.7182
85.3613	68.1902	0.6982
67.7006	99.2686	101.4390
118.0116	135.2821	859.6719
50.7170	108.5892	339.8939
79.8867	52.5884	792.1823
36.1094	92.5591	462.8028
115.8166	91.5878	210.8450
17.2457	45.2138	448.9648
96.1626	86.9277	288.0576
116.8574	90.7279	207.1400
49.6832	111.9574	256.8617
1.4487	111.8109	638.7334
56.1656	57.5468	287.1003
7.7482	99.3903	40.4195
131.1262	8.2610	212.5527
7.2649	90.0028	101.1451
9.7752	39.8617	566.9228
72.1403	28.5895	25.1547
21.1182	26.7366	318.2237
66.1954	29.7429	780.2538
60.9593	91.3488	642.4703
51.0756	18.8650	775.1912
104.2791	77.2189	373.6372
77.5993	130.1506	177.1223
75.1293	138.4638	674.2265
45.0518	115.6601	463.3586
54.6109	32.9478	484.8214
15.9543	49.4230	496.3568
67.6458	88.0774	389.3918
54.9455	127.2671	112.4916
138.9058	11.8534	467.8853
45.0540	86.4362	384.8003
102.5214	14.9172	409.6805
73.4382	133.6573	61.3152
79.9655	18.0126	546.2609
4.5783	89.4875	545.3456
0.7092	87.1818	25.3939
3.8058	26.4840	221.9663
45.2414	55.0557	421.2712
6.5757	58.0172	531.9558
109.4825	113.0284	89.8075
14.6433	126.1871	633.9083
37.5835	21.5365	505.8683
48.0301	22.2594	754.1490
47.5402	129.4613	263.1636
19.1818	4.3275	378.8843
112.0767	42.0438	158.4511
13.5609	7.5569	667.7169
33.0051	70.4049	498.5654
26.3455	111.7121	620.0757
17.2835	21.8808	99.2328
104.2754	65.0228	559.3529
133.2917	19.8205	284.4385
35.0352	85.0094	110.4082
38.9090	17.5788	700.7720
125.7215	11.3651	113.4351
94.2426	52.9974	261.1363
7.3695	66.0747	573.6839
72.6657	17.5714	369.5781
32.3264	83.4448	723.8181
93.1740	106.7765	279.3877
105.0003	74.8511	100.4404
47.6941	20.6346	392.9907
10.4428	76.6992	4.1999
116.0469	97.5037	494.8052
121.2769	60.2747	295.5951
1.3538	81.4612	830.2148
121.2542	81.4941	552.0350
51.7300	66.7758	822.0959
64.9974	101.2629	230.8372
133.1804	88.8077	323.7696
18.3163	18.0621	841.8790
81.6030	78.3308	291.3426
11.3404	137.1312	539.0833
65.1709	37.4413	845.0508
124.5273	57.9905	538.5101
130.3002	30.3442	198.0075
133.0130	131.0296	631.0898
25.1177	40.6140	755.1670
126.6357	123.5013	522.2811
39.8721	127.3518	798.8108
111.9679	28.4427	738.4263
47.8394	71.2079	803.2859
21.5863	37.2061	793.8557
118.9673	20.2345	155.3028
103.8666	108.0163	166.1308
1.7120	107.1951	634.7232
7.9905	25.5237	675.2635
61.0539	107.0129	173.0104
90.3275	57.4127	201.1060
38.9392	97.6429	107.8457
83.6484	2.1938	363.3506
60.6389	40.0304	283.4521
137.2867	12.5921	278.5641
0.5217	104.5380	429.2324
10.6988	97.6482	216.3774
19.7204	88.7657	423.0087
115.5123	83.9956	659.6686
107.3069	32.4212	854.5472
43.2429	62.2515	382.0440
13.2695	37.2080	207.4108
55.1956	38.9136	217.7674
93.0630	118.7313	273.7448
47.1093	50.2924	544.3960
98.9914	50.9281	347.2818
137.5974	102.3361	513.7489
15.6395	81.0665	549.0621
27.3485	55.4603	54.8292
46.2229	9.2245	590.6588
121.9552	139.1229	205.1374
84.4428	106.8929	518.4186
69.8975	31.0744	265.3044
14.2421	14.6737	93.7665
128.2820	97.7328	213.7517
16.5679	13.6977	411.3959
128.3378	63.3843	831.7413
24.6470	101.8648	217.7255
9.9375	70.8179	747.4600
113.4414	32.6131	270.6513
81.2974	88.2650	147.4151
63.7444	2.3618	367.8769
34.4506	64.0937	253.7462
134.3533	44.5286	457.7943
70.8365	88.4232	413.7177
20.8105	29.1228	188.0213
27.6408	83.8056	250.2528
8.1376	110.4580	667.6047
97.4877	21.4933	810.3201
26.5754	78.0263	571.4540
89.5376	8.8971	508.1459
90.4189	114.8250	238.9880
1.1467	48.8309	715.8241
11.9288	78.6731	737.8405
34.2231	54.8003	98.7000
78.1726	23.4193	592.2911
106.9472	82.9360	805.5686
129.8867	45.3948	188.0974
45.5660	130.6902	358.8756
91.9454	116.5333	684.9501
30.3283	120.6227	53.1492
134.8484	25.7080	514.9219
135.8868	0.4766	401.7490
132.6718	128.6446	173.8209
50.3812	26.9440	269.0208
1.0627	112.4449	183.8821
80.2230	23.9013	785.2862
48.6400	52.9295	536.0892
1.1768	69.7702	234.9547
20.5461	91.1185	163.9398
0.8281	44.1230	714.6174
88.4691	25.0509	794.3884
71.5943	121.2064	308.7654
36.8210	11.7091	423.6097
75.7990	50.0879	776.6430
46.4540	94.8707	557.2626
77.9505	59.8350	462.2638
24.6478	101.0714	722.8975
61.3888	60.6968	698.6296
132.1091	107.1882	594.2363
85.2729	9.7200	405.0932
30.3140	7.6533	805.9119
93.4320	79.6488	389.7546
131.2718	20.6940	738.8661
49.0785	21.1799	731.6749
67.5357	28.5566	807.4509
4.8005	69.4349	428.7296
48.9507	8.3341	620.7629
12.7367	64.8610	337.1228
70.2278	107.2141	619.0047
28.0892	84.3782	214.8162
95.6268	63.6140	74.5528
131.3322	44.3233	214.0114
48.2498	80.6386	444.6508
37.6115	88.0768	211.1675
111.9259	19.6452	760.2524
82.4393	25.1329	614.9194
27.6460	76.1241	205.8833
96.1483	138.6864	815.4336
66.2423	101.1875	380.7009
50.0984	96.9470	590.8135
77.3321	24.5486	283.5986
91.7661	39.8381	549.1058
24.8500	5.4947	475.5333
121.1544	16.3845	765.9602
110.7580	89.9730	137.4167
53.3652	131.6983	504.9259
55.7121	54.8140	662.5318
10.8855	32.1626	533.3990
119.0082	92.2965	329.3429
86.5732	117.2857	776.4071
50.6449	108.2605	619.6169
79.4154	71.0063	744.3949
72.2961	46.3211	65.1952
15.1123	81.1643	691.5545
79.8613	54.0325	386.5329
90.5074	17.4158	578.1422
48.9321	82.5335	359.4456
98.4493	107.5001	199.8342
103.7289	77.1984	419.4167
110.9147	36.5585	299.5142
135.6192	78.1624	340.7070
88.5737	92.6152	210.8012
6.7343	22.0503	356.2744
80.2534	43.2524	120.9127
102.2752	132.7878	714.2403
135.0390	62.2393	755.5293
92.0798	114.7009	655.9486
109.5990	91.0747	323.4940
101.8083	23.4100	183.8711
18.7753	19.5518	309.9475
135.9100	128.1262	56.0601
20.3605	52.0021	18.5519
67.7432	28.3441	813.7685
5.8574	107.0739	778.5266
121.0582	84.8857	539.4688
106.2476	116.7707	719.0989
102.6976	59.7027	75.9956
10.7495	107.5829	759.6043
82.2931	66.3868	750.1113
115.4803	131.4281	717.7784
29.5318	101.8780	166.1148
135.9266	71.5349	251.1010
81.5186	43.5861	295.7047
29.5966	95.4566	455.0750
125.9879	114.5755	851.2827
21.9998	109.8865	38.9986
98.3249	5.3205	326.4551
70.3919	79.0803	498.0908
108.9119	29.2482	504.6370
104.6216	21.8457	705.2943
119.9772	4.3569	174.1895
126.5607	5.6525	295.9488
100.3886	92.3934	127.3484
72.4930	29.2425	384.0238
119.0362	42.8016	23.8055
42.8494	95.3088	259.1484
96.8958	122.4506	81.0979
36.9961	70.0870	293.1780
136.6018	122.4394	238.4481
124.6690	26.2893	632.7833
48.4692	98.0744	477.1149
88.6861	71.2182	322.3778
37.8827	77.7692	691.3598
89.5308	77.6814	517.3258
57.3931	24.4242	822.4406
25.5967	25.3575	660.2349
79.6087	53.9237	757.4449
103.8432	46.8061	245.9139
0.6085	109.2204	417.4868
85.1010	122.3017	540.1697
135.6428	56.9386	275.7874
116.7514	30.4665	25.2657
10.7725	65.6598	587.6752
60.4895	131.6572	370.3782
5.5682	102.8374	429.6856
120.6714	36.8615	722.3341
54.5425	107.2997	352.5879
133.8966	57.6263	72.9500
8.3779	6.5249	260.7979
96.0241	49.5563	740.0889
113.5558	55.5433	336.0798
40.1541	58.3104	455.9667
56.4656	107.4058	737.3536
22.2695	92.2699	820.4962
102.8500	92.0936	359.1623
111.1143	138.4110	535.2088
53.9756	106.7469	649.8295
39.2094	91.9311	4.3279
133.2794	56.3626	61.2677
113.5407	75.4795	84.9238
36.6689	10.2287	610.5899
128.8877	114.3576	774.1706
37.8356	115.1480	360.2109
65.1231	16.4653	372.9257
25.3875	21.8029	509.4079
83.2853	117.4768	714.6076
74.6685	62.4634	567.1255
1.1151	101.3175	170.7607
69.1308	111.0696	577.1471
128.5694	77.7426	632.6231
84.6955	42.1076	613.1037
110.8283	133.7676	800.3196
96.8782	128.3761	149.9362
69.0262	4.5190	517.2076
68.9427	66.6146	134.0516
18.0249	33.3661	564.7273
95.2236	68.6259	605.4689
13.6623	125.5854	659.8522
68.1787	18.6955	550.5109
6.4159	108.7184	854.4400
63.5354	60.5436	558.4522
94.8005	28.6903	411.0045
95.6180	97.0985	466.2239
59.0648	136.8892	284.9075
30.6991	18.7116	430.5533
74.9265	23.0863	376.8927
102.1301	92.1732	679.5919
115.1993	75.2691	537.4302
8.4708	132.6965	262.2987
12.2896	127.1453	131.8212
1.5399	48.5596	436.9302
39.0173	66.6193	732.2760
76.6182	65.1214	76.3551
16.4111	129.9179	182.4421
14.1180	80.3136	751.0896
25.2613	44.3688	726.3711
69.7019	6.4322	542.9154
86.6101	1.0632	527.0889
96.5090	25.7305	781.6283
46.4518	2.4522	619.6725
18.6923	49.8333	848.6834
58.8507	48.0806	2.5681
55.1494	96.8821	38.5089
135.4213	43.0278	95.3640
11.0561	51.6799	556.5882
128.3134	131.2020	716.9224
43.7392	87.0581	623.4369
37.1579	82.7887	148.1545
33.9410	100.0567	222.5598
10.7015	61.4217	857.6669
46.4682	113.1493	165.3707
71.6325	50.4865	683.8592
107.5055	92.5285	243.6482
48.3841	23.7524	243.1511
15.0566	132.2727	585.6566
138.7175	58.7176	697.8783
44.5511	56.0521	433.1419
5.5851	48.6766	245.5567
99.8271	92.2372	812.9703
91.8078	130.4531	243.8300
19.7853	85.5140	681.5187
43.6733	99.8615	416.7651
58.9099	99.5093	315.3544
69.8377	139.1741	426.6427
95.8832	15.6684	783.5751
121.5217	31.3229	673.7324
114.2916	36.4204	251.1391
118.2011	15.6919	435.6796
106.2371	104.0440	345.2207
125.9557	76.3643	179.2938
15.8676	89.4567	777.7990
15.2476	86.2649	697.3508
51.8766	73.0214	589.1022
68.5779	64.9035	74.4781
136.0200	116.1972	585.7821
40.5609	17.8152	657.1235
44.0677	106.8240	344.2487
18.0809	109.8216	202.2359
66.9363	137.5594	805.4331
16.2822	37.2200	427.1759
33.5545	74.5230	104.9942
25.6864	48.4162	354.4973
51.5121	124.8556	802.5517
9.1505	121.0037	322.9328
56.5704	86.5636	59.5065
98.7653	81.2979	644.5696
96.2826	37.3913	276.7799
56.2618	59.3008	303.5109
120.6148	113.1544	350.9856
20.4343	90.8746	88.5012
7.1559	72.0060	336.8346
139.1281	94.6393	609.6800
9.0392	106.9531	582.7355
62.6388	121.9619	809.7932
43.4875	68.0439	369.7446
4.0574	120.9643	252.1589
69.2886	109.2173	713.7066
58.0353	92.3275	332.6698
94.3751	67.4776	586.4628
82.6801	80.2349	102.9346
12.6850	67.5385	622.5915
44.6414	98.2388	4.8315
35.2508	43.5929	540.8199
50.5107	96.2958	547.4015
114.1141	131.4324	126.8506
89.8943	41.7249	559.4572
89.7935	102.0330	810.1143
103.5752	38.6620	664.9533
37.9330	16.3506	310.0315
129.7240	14.5997	184.9327
70.6352	56.0476	326.0256
11.4160	131.6323	236.6034
78.3185	106.4393	391.1164
106.9219	114.7873	396.1500
18.9750	12.9386	567.7750
65.5242	36.4262	757.7881
34.8392	117.5203	307.4646
112.1384	134.0656	829.7787
88.5372	98.2757	459.7419
127.5712	129.5886	667.1616
96.3089	91.5462	422.7241
52.2311	137.5406	828.0730
38.5315	8.7845	814.8366
50.3683	47.1927	56.3809
83.2596	108.7197	850.3857
84.6312	107.9207	307.7513
34.8879	63.7596	414.5425
6.9349	68.5779	328.5706
70.9777	30.6407	465.0206
48.6726	70.3436	341.0836
58.6892	138.4415	427.4542
48.8012	93.8099	723.1747
99.2333	77.0192	234.3311
5.7521	96.6743	513.8817
134.8040	3.6013	136.5459
19.4046	101.7782	767.8372
85.8317	96.9596	491.7165
55.2565	133.1674	674.1502
25.7062	82.5253	26.3095
118.0680	12.8439	413.3138
98.0667	67.0028	324.6112
99.7667	92.6636	118.7450
10.3344	137.5952	43.6363
33.0385	77.2034	208.4291
12.7792	2.7768	163.8396
133.7877	111.0451	838.5091
44.7322	25.2964	736.7384
28.0707	104.7457	759.5435
35.3134	86.6298	95.6727
137.7389	77.2051	41.7587
103.6859	74.3153	515.2431
6.9359	105.2839	197.5595
47.6414	35.8110	861.3326
17.9009	106.3062	74.8711
97.4190	0.8378	58.0620
113.6229	5.0046	305.5748
128.9063	0.6384	1.5186
136.4073	97.4362	688.7378
78.7431	59.0598	692.8198
86.0471	130.5155	111.4789
12.0682	127.5562	663.9125
32.9756	38.4907	243.3386
57.9165	118.0576	568.5436
20.2830	101.9189	620.0655
24.9070	112.9779	311.9433
13.8978	1.0042	397.0291
52.2526	129.2788	250.1055
108.0217	120.3952	306.7933
53.0982	91.9313	649.7540
58.9223	3.3329	10.7838
81.8383	77.6693	297.0736
78.0071	90.9527	412.7379
28.1871	134.7612	277.7295
75.6044	124.5296	421.7417
53.0855	3.0731	417.3669
63.5733	133.6618	655.6486
3.7699	64.2787	681.4287
53.6232	55.8299	253.1692
38.5474	75.4045	4.0831
283.2524	-56.2139	677.3700
21.3022	0.9642	787.7873
114.3348	132.2934	596.0627
137.4426	71.2703	244.7307
17.6413	113.3118	300.0320
70.4179	6.8943	506.4872
49.1451	130.6690	201.6957
138.2530	108.5224	79.8532
112.9738	49.1598	652.4069
103.6347	23.6596	366.1867
70.5208	41.6803	815.3514
25.6866	87.9151	259.5766
29.8765	78.2020	414.9621
48.2498	116.6151	461.9968
129.2971	131.8863	472.4212
4.6713	17.5634	837.6456
37.9129	80.8688	379.5042
63.1061	97.8116	83.0417
51.5564	2.8172	408.3266
87.8049	11.5306	567.8540
52.2285	102.8302	540.8273
8.3628	32.0878	263.2192
46.2086	122.8175	461.8387
47.4021	85.0486	744.9355
32.4403	22.4807	86.8761
62.1434	130.8172	148.3993
20.1444	67.1414	797.5547
9.7086	112.3199	804.1734
25.9384	91.5320	569.1047
65.1437	75.0844	327.0665
51.8489	19.3460	672.4206
60.9977	39.3519	196.3926
106.6873	110.8622	802.1806
12.4677	100.4102	859.8369
43.7298	83.5332	644.8617
98.6484	87.8476	442.3551
72.0792	101.5808	306.6310
24.5805	3.4547	258.0756
50.1298	91.7534	282.1061
21.1794	7.7870	232.0256
119.6659	21.4413	842.2852
50.0663	99.9884	46.0280
14.1885	4.4365	457.1615
60.1603	110.4137	269.3436
64.4726	89.0942	466.4778
74.8860	108.3754	485.1221
26.8401	24.2736	16.4936
4.3744	29.4644	104.0781
96.3702	84.7892	248.3649
32.6343	125.5900	329.3681
16.6769	26.6038	155.9155
90.2779	114.4204	680.8026
134.6757	63.0154	26.8681
108.6573	118.1853	662.5108
116.2609	57.3251	704.3354
23.6193	69.2587	778.1147
8.2251	128.4477	140.7996
9.2414	88.8644	529.0530
118.3507	35.4988	104.8981
71.0129	117.3521	103.9692
48.1638	137.3227	16.1479
61.8691	37.5334	51.8861
49.0723	83.5374	253.3187
96.4984	47.2905	660.4833
123.9291	36.7197	678.8891
66.7074	139.0147	531.8164
136.6129	58.5537	755.1909
44.6146	113.0493	269.7960
12.0057	107.4499	521.6365
41.7408	86.1104	297.1082
71.2765	131.7143	200.6888
85.7799	37.2840	733.9576
76.4466	57.3730	367.7204
11.5596	15.6000	43.6459
1.4912	103.8772	153.2626
65.6555	78.6437	349.2150
98.6773	104.6320	175.4982
100.8641	116.6766	707.5894
100.7062	138.1120	515.8602
49.2538	105.6743	556.2845
136.5000	57.9326	383.4251
27.4048	121.9661	859.3862
133.7563	109.9026	440.5212
53.4013	137.6593	848.4352
93.0919	16.2994	815.5199
123.1494	105.9931	481.5310
15.5768	8.4052	539.8904
46.7557	95.8189	25.3235
133.7851	116.9350	120.7736
84.5537	103.7883	190.2935
73.0191	47.3068	397.5112
87.9062	5.2243	373.5157
123.0285	68.8776	231.4624
130.4605	64.1409	120.5900
66.8015	82.7384	255.7204
7.0195	96.1057	541.4913
36.3212	103.8993	572.7001
121.1851	77.0808	48.0356
126.6406	118.0841	9.7163
58.3766	27.8016	688.8789
117.5344	92.5467	309.9343
37.7931	99.2456	834.6818
72.0998	110.4335	847.6824
47.5004	55.3922	404.1323
55.7952	61.0862	133.7377
122.5064	109.7661	237.3394
60.3613	117.5607	460.2071
127.1500	52.9485	840.7197
53.0459	136.5101	158.6642
47.5920	13.5780	271.7169
6.8606	7.8156	565.3396
44.4665	4.4409	665.9969
18.1783	106.2425	28.9058
17.4337	100.0817	255.6029
24.7105	5.9461	756.8144
114.7320	92.1873	360.4035
68.9465	102.7121	307.8844
125.4886	135.8798	528.2577
4.2031	64.5605	19.8761
4.7673	116.4769	296.9106
39.1595	93.8261	412.4174
75.4310	4.6034	210.9983
19.7956	109.6161	42.1814
8.4157	115.1551	299.4022
109.8467	136.9713	204.2513
107.0005	62.4606	451.9217
116.2423	85.9404	852.8700
95.2667	21.0156	331.8114
29.9103	97.2868	755.9690
82.2678	50.8499	515.4819
23.4396	127.3561	161.1343
43.7913	79.8526	203.1138
92.1406	70.2746	264.1681
131.3094	92.5208	324.1484
22.1775	43.2642	528.0696
128.8801	34.4455	121.5228
30.8287	91.0418	709.4149
23.0092	45.8279	184.9724
101.1396	29.4118	426.3119
46.0901	61.8376	569.9784
101.9835	2.0909	597.8918
52.1105	73.1529	343.3326
35.5784	82.2159	712.5996
112.5801	84.0457	574.7622
93.5168	8.7750	693.9653
92.6126	28.4578	579.7442
122.2157	94.4625	86.8816
96.9502	78.2429	347.0919
91.2486	2.0795	98.0233
131.2680	31.6971	193.2625
67.7048	94.0754	629.0642
47.4550	101.5578	680.6625
37.5618	14.1433	485.9814
7.1158	134.6190	311.8845
104.6399	54.4456	182.7341
96.0448	60.2271	611.5296
139.5055	39.4992	45.8712
125.5584	57.8460	522.8289
33.8826	33.2615	448.0527
1.1960	32.1840	206.7679
121.2901	83.4475	633.2468
61.2744	45.5022	608.5466
99.9946	54.2758	770.4765
111.4910	112.9929	834.8078
117.3710	128.9033	596.4194
90.9104	81.8299	853.4604
27.2661	105.8961	267.4221
124.7644	124.3456	210.8444
74.9164	96.5455	89.4385
136.3628	100.5844	145.1243
63.0856	26.4958	755.8187
108.4390	81.0185	532.5021
135.0792	84.4477	853.2317
48.4259	136.3485	337.2301
57.7313	13.7477	680.3412
42.9396	104.1800	354.2652
73.4155	98.1437	744.6740
94.4794	27.2770	199.2546
95.4776	79.3163	806.6558
106.2223	103.0989	682.9051
67.1831	94.7999	695.7285
100.3205	80.8493	415.5996
20.3345	122.5760	41.2999
121.1825	92.5889	596.4222
15.9248	63.1152	103.6280
42.1641	129.4658	301.7139
56.7576	49.9271	791.6342
79.9200	126.1164	171.4939
28.6508	89.0658	543.7206
29.5822	113.4350	265.5762
111.2800	27.5520	399.0829
105.7482	34.2140	96.6306
70.6763	80.5030	516.1188
85.1490	7.2694	509.0052
137.6444	25.6537	846.8378
42.1561	31.4672	838.9802
4.8447	28.5899	358.8005
87.5716	115.5677	360.2302
133.4693	34.4941	608.2515
135.8016	63.2487	296.6109
91.2131	0.8576	110.4820
97.9896	79.0984	661.5193
78.5461	122.5863	371.3372
69.3235	51.9222	302.6477
24.2359	10.9848	792.5307
100.3716	27.2639	783.5425
4.3239	113.9152	57.3158
53.3199	54.7189	242.0489
104.0501	66.1982	409.6391
41.8602	67.8652	88.1188
51.2962	95.8421	783.1438
57.0940	68.3998	42.4076
93.8025	22.3265	747.6110
121.3767	80.1521	554.8487
78.5230	27.7810	251.4793
24.9673	96.1235	209.0299
131.2438	91.6504	23.3917
14.2563	47.1608	365.4902
120.3888	56.2607	439.3753
137.6268	9.6934	15.9460
91.2588	7.9556	331.1651
88.1454	97.2517	93.6164
106.6359	47.2698	736.4768
129.9325	135.2542	331.9723
69.4915	25.7991	800.9635
74.7150	24.3627	551.2740
117.6737	83.7623	710.9972
57.5617	109.3760	178.4368
34.4508	49.5997	539.8806
60.7061	90.6208	675.2997
76.5433	59.2972	73.7933
38.6377	109.7140	852.4311
64.0433	127.3981	327.2848
57.9802	10.1788	621.5002
47.8432	60.6638	709.1301
4.2087	17.8084	751.0617
83.5459	49.2050	335.2433
80.6054	95.6920	791.5096
37.1469	132.5134	64.2007
34.5460	97.2129	786.7344
117.2835	5.3637	813.3589
18.0834	119.1827	646.9083
49.4900	91.4883	543.2321
41.7082	22.4429	126.9841
99.4744	135.5161	190.9132
26.5392	34.7768	174.3824
113.5891	79.6211	697.0463
83.9597	61.5852	724.5736
49.8691	139.4345	858.2379
77.0970	40.1582	635.1931
69.4094	38.0484	733.8004
11.2575	15.4628	47.2307
49.1767	22.9607	636.6481
103.8886	75.1525	88.8172
99.6063	130.0186	251.5479
18.6287	14.8170	150.8782
28.7993	0.5529	210.5705
109.9791	102.1767	537.6288
87.0247	107.3328	571.2905
136.0493	49.4232	437.4188
115.6847	72.0938	697.4465
47.9780	121.9620	794.8853
12.1077	86.8342	16.9570
118.7940	68.1297	713.7882
42.4809	18.0404	360.6768
93.3476	100.3867	688.0466
34.4822	137.1863	736.5747
60.8035	78.8672	146.0256
80.5197	112.9128	851.6972
124.5432	55.8396	563.7123
1.2572	131.6515	636.0479
52.0470	75.1709	632.1211
31.6363	61.3366	830.3411
119.4692	33.1725	780.3987
61.4373	43.2315	38.4813
86.0034	69.7852	556.8943
95.3349	78.8152	502.9237
108.5208	80.0426	791.6551
26.3338	65.0351	778.4280
72.0320	51.2060	255.7931
118.8685	64.0627	383.5881
26.7132	81.4394	861.1417
78.9643	16.7023	799.7350
58.6678	115.2390	772.9206
91.2849	122.0814	279.2396
15.0167	39.0708	265.7965
71.4894	69.4549	502.4946
77.2572	82.4184	82.1129
132.4040	28.4127	766.6119
109.1774	109.0567	687.6373
83.2079	118.3087	473.9124
130.4306	66.0617	845.1316
110.0593	46.5732	82.4173
135.0922	138.4504	573.3890
0.8644	106.8252	543.6126
85.6934	126.5941	168.1474
73.8509	108.5233	128.5952
72.3523	45.0179	797.8028
73.4932	87.7311	471.9457
15.1961	23.2710	678.5359
112.5793	128.3490	532.2641
93.9820	103.9371	467.8915
25.9408	85.8616	549.2997
90.8883	14.6208	609.3896
134.2579	60.9352	287.2083
126.1137	99.8447	703.5949
16.7568	90.1854	117.2366
75.7131	97.9521	397.5843
64.1687	63.8714	849.0180
70.5697	96.7633	374.0375
107.9211	137.9590	366.5382
109.1764	16.6232	754.4792
112.1508	27.9340	0.3364
123.1489	58.9292	611.9346
121.9211	30.0991	405.1854
121.2076	14.7244	614.9291
74.7708	114.2032	836.8802
37.4157	94.3768	374.0649
91.3715	19.9410	564.9329
54.9575	27.4276	128.7940
27.8865	4.3534	205.0681
11.7296	19.8461	388.1424
5.7613	119.1809	805.1632
123.5189	106.5698	30.9748
136.0352	105.1033	66.9243
53.4398	72.1031	274.0399
111.0501	76.8948	776.6630
21.8865	18.7306	385.3718
99.6868	113.2029	18.5461
2.3004	58.5878	525.4492
107.6405	50.5247	593.6057
27.2954	75.9724	141.8575
69.4123	11.9680	859.5529
9.4717	110.0497	126.1469
66.5068	73.5958	341.1400
14.1739	79.2102	593.0200
66.0364	69.5409	806.4919
6.8203	70.6467	383.4251
54.1530	52.2752	663.4281
65.2602	64.9739	263.7662
88.4215	8.5219	572.4920
115.8996	24.9789	612.9193
113.9316	32.9885	139.0761
70.7167	19.9024	860.3246
61.1747	136.3481	105.4046
21.7622	86.2789	559.1362
97.3635	75.4680	17.2044
19.4659	99.9852	295.1498
33.0320	52.1736	256.3881
51.3963	105.6014	176.9730
30.9638	61.1138	344.3374
135.4454	77.1203	618.0150
75.3550	51.9495	390.4228
27.1816	43.1069	819.6326
0.1944	6.9511	24.4476
41.7131	44.4280	392.7317
106.0103	66.0623	849.9207
10.0275	15.8891	364.0180
12.7162	117.0022	675.7932
38.2769	118.3793	276.4289
45.3211	30.2209	295.0177
127.8509	91.5373	746.9711
36.0464	133.4450	573.8460
36.4404	58.0160	385.2663
117.4510	64.5622	377.3948
10.1185	71.4371	57.1868
134.1927	96.8047	605.4509
1.4233	81.3990	468.3878
74.1018	8.0311	513.3657
21.5867	104.1808	111.8496
101.0193	37.5191	273.4182
70.1696	138.1281	457.9123
75.6601	46.8087	255.0345
24.6488	23.7571	224.3913
14.4812	82.3503	38.8403
120.0712	136.9912	178.1632
75.8786	36.4285	487.5239
35.1606	116.4058	261.9222
65.0924	38.1749	1.9314
139.6799	89.6701	80.8845
80.8866	57.2232	239.7506
32.4622	101.1263	460.5136
63.3261	112.1924	768.5787
37.6997	45.9752	271.5429
36.6740	128.8879	315.0791
115.9884	64.6715	44.7302
127.5114	18.7339	488.4166
80.6105	53.9747	482.4588
92.5906	32.3685	31.2566
54.4571	84.7493	190.0823
0.4425	72.0986	352.8788
77.1536	34.8419	121.3686
9.7746	47.2350	219.3233
108.3057	128.9269	186.1161
47.7023	135.9034	1.7296
107.9055	38.7058	216.4897
22.1320	36.4386	445.7811
121.6263	36.4265	83.5874
125.3788	126.0986	518.3496
133.2613	69.3978	452.6214
10.3479	138.0399	301.0970
34.8668	43.3886	469.3135
134.1717	112.0695	492.0480
24.0523	49.0940	526.4889
104.3875	110.9586	672.7887
73.1498	124.4713	812.7651
29.1797	79.8400	54.0614
89.5115	8.9528	427.1820
12.3784	134.3363	51.6616
54.0522	131.2777	459.9214
62.4586	3.5567	726.8167
74.6243	15.4940	233.9949
97.6787	111.0744	523.0224
23.0300	84.9034	512.0028
96.2769	32.9220	602.9707
109.5438	7.4710	332.4938
75.8407	106.4118	667.9855
112.7875	16.8581	839.2841
121.3092	77.2790	9.8338
24.3059	37.8997	405.6295
61.5501	68.2149	310.9477
127.7322	54.1598	324.2497
82.3177	56.2283	124.4950
55.6423	35.1540	760.4759
136.2291	93.4303	693.8201
112.8107	128.5460	669.8623
132.1268	50.7926	303.0221
70.6318	17.6078	40.5469
37.3112	114.5998	180.4235
44.9902	4.4861	693.9443
91.2707	89.3130	168.2098
42.5890	53.7252	582.7109
8.9513	106.2407	530.7222
14.9682	136.7864	160.7442
70.4840	120.0044	244.8788
19.8549	30.4372	168.8155
97.4078	9.6894	182.5727
0.2285	11.9026	589.3371
22.3643	99.6905	101.6455
43.2795	85.5204	181.3215
34.7169	116.6787	854.1668
83.0752	11.7068	85.9504
91.3375	125.8951	85.9742
20.2043	61.8196	611.5408
32.1257	2.7577	225.0956
70.9325	53.8543	302.8055
114.9556	89.3352	167.0911
63.0101	134.7452	474.8973
107.2818	109.2353	324.9733
97.0137	52.6699	679.1902
43.2034	105.0590	349.5833
7.3661	125.9141	148.2371
1.7369	108.9650	130.1304
5.5516	43.9545	207.4317
49.2429	32.7770	272.9081
41.2839	36.3805	832.8598
54.2224	12.4983	709.8774
11.6496	118.9397	636.2697
7.3809	3.4112	786.5919
47.5343	11.2497	385.7899
103.8601	25.7180	396.7444
31.9898	126.6499	253.6265
110.6832	55.0568	752.9905
115.9757	77.2789	556.2024
8.6025	83.0833	827.4660
6.3036	122.8642	587.6711
39.9595	16.1309	271.9414
44.5060	43.0832	170.8959
60.9447	123.1592	586.3534
106.3590	58.6343	175.9245
137.2250	89.8743	93.4087
130.0714	109.3229	301.5242
29.3809	64.9165	144.0398
34.5464	73.5827	59.2178
6.1866	114.4055	185.8005
-150.6313	118.9769	1428.8800
54.3858	38.1577	319.6990
52.5684	82.3384	612.2356
36.0159	55.8021	119.3247
48.2453	22.0734	631.7159
4.6884	107.7685	844.6251
130.8461	95.3865	724.2283
64.9464	103.0192	331.8888
120.5510	22.7461	531.6001
91.3513	123.6678	330.0525
86.8123	20.6905	611.4753
14.5359	73.8378	238.3797
128.4450	96.3231	98.1624
85.0985	111.5414	269.5366
81.6472	57.8922	660.5639
37.5881	136.6569	464.2756
35.6331	101.8201	28.7052
87.1308	114.9430	91.5343
62.4417	80.3407	506.2905
92.2818	94.4400	236.2153
85.0089	3.0554	531.9971
35.0458	105.5148	858.1868
134.8960	1.7436	277.1828
78.0526	49.4316	158.6439
30.6061	85.0140	230.8546
28.2919	120.7586	6.1319
118.9883	51.3785	468.4789
52.0714	89.3262	508.5386
63.7186	4.0761	446.6949
12.4659	73.5671	752.1124
73.0679	109.4450	727.2601
60.7814	20.2742	296.2510
121.4756	46.9641	250.3125
127.2238	115.4236	729.1841
80.9265	137.3383	507.5174
63.7012	137.3329	452.3097
84.2543	109.7197	788.3507
60.0409	79.5202	263.3083
97.2743	94.6293	477.6060
126.7306	33.5878	82.0398
31.2473	106.7663	247.3631
7.5553	106.1192	647.9964
65.6377	64.2388	479.3252
13.9991	55.6626	624.2965
59.3822	71.7640	57.7620
131.4078	73.6610	43.8063
106.9347	4.1444	19.1847
137.1229	63.1860	694.2315
103.4484	136.7386	29.3643
54.6901	11.0839	788.6713
133.7467	30.6828	443.1516
81.8961	83.0842	757.7168
104.6117	42.5126	308.6538
88.2092	63.7425	736.7333
87.5679	20.7469	111.1142
1.2863	40.2196	239.4227
134.9128	97.9613	195.8354
119.2223	4.5008	657.2549
95.7220	101.8528	210.5999
132.1538	97.3392	591.6619
1.5998	92.5945	171.0335
8.8423	56.0670	144.9154
42.2050	45.8880	179.0890
77.6724	117.1008	725.4008
99.4034	136.2870	570.4194
35.3038	45.2672	729.5093
62.4160	9.0658	198.2977
34.5254	94.0528	659.3621
87.0892	139.3460	810.4429
111.3984	118.0466	198.3162
114.6400	62.1907	76.6165
12.2470	139.3864	367.2185
30.9323	87.9947	836.6178
18.4981	64.1483	777.8794
121.0748	67.4066	385.8137
93.5284	105.0272	456.7663
123.2942	130.9707	46.7330
101.1068	72.1731	576.6730
5.0147	103.6366	515.7987
108.6756	99.0570	212.6166
106.9468	38.7792	425.3950
32.0951	79.9458	147.9312
100.0978	138.8008	8.3381
111.5074	70.3242	681.8202
21.9375	54.3324	39.6023
87.6237	48.1416	831.2445
126.4955	24.6031	666.0393
44.1199	48.5801	156.5785
90.8446	15.0232	529.5587
110.1072	106.0999	274.3153
90.1547	116.3833	704.0436
59.4840	95.2373	612.2821
57.4812	29.2927	758.7744
46.7662	67.4051	364.1877
32.1861	128.1712	652.4186
139.5028	85.6720	502.0818
81.7392	107.0949	846.5991
126.5391	88.6237	474.5057
31.9777	92.3281	575.0698
23.2452	12.0913	102.9436
96.9577	104.7186	216.4078
133.3539	64.4033	775.2072
34.7810	94.6892	578.6451
14.8625	120.8487	759.8101
17.1544	33.7835	711.5241
129.3360	119.2708	546.0541
2.5783	138.3364	598.4858
49.4564	113.1245	235.8176
100.1150	17.3681	462.2385
15.7879	104.1663	144.3311
74.1531	47.9840	194.2054
90.8714	56.3424	608.2380
32.4545	42.6080	138.2137
37.9244	80.5880	482.1181
135.2443	67.6703	343.8648
30.5906	113.1557	180.3290
118.2702	53.1656	685.3356
41.2567	113.5149	195.9245
105.0397	34.4917	446.2699
87.5075	64.6017	822.3787
121.2422	56.6552	519.2990
35.4844	35.4295	604.0839
110.4403	34.7656	64.1655
104.7804	43.0601	255.9333
53.9592	55.1319	680.6572
92.6757	114.5453	417.6791
54.6831	1.7182	755.2110
133.7260	104.5856	17.1339
111.3874	18.3521	104.6683
83.1823	137.0851	119.8568
32.2642	115.7418	621.3105
119.1544	22.9434	217.8181
34.6989	4.7345	21.4718
23.3833	32.1665	186.9433
13.6345	111.1350	167.5460
23.6910	61.8040	559.8581
79.7550	111.2264	359.4498
102.8536	61.7818	656.7638
61.5740	68.5800	655.3689
96.3800	29.7464	9.3469
122.9844	34.9322	2.6847
29.8681	48.2883	160.0902
75.7367	99.3231	802.1443
121.9243	17.8835	132.9515
117.5386	97.2113	138.0336
78.6500	27.3065	550.6462
71.3838	135.2675	720.9215
137.4899	91.9865	50.0605
87.1132	21.2311	783.3725
53.9829	35.9905	263.6439
33.8231	101.8615	645.5506
66.6244	111.8259	484.7018
100.1108	33.6867	60.5899
57.5142	55.9315	706.7350
2.9944	37.3990	529.5119
22.0983	84.6817	477.7660
75.8262	79.8068	853.8105
68.1772	44.5148	794.5921
39.3249	111.5742	514.5125
30.4021	53.8819	418.9545
10.2959	29.8174	307.7378
89.8484	75.1736	739.8839
89.9420	66.5751	390.8026
75.8454	136.0728	740.0455
113.7586	105.6621	594.0051
136.2916	109.1735	333.2900
29.9285	43.6524	386.3234
138.6038	55.3389	718.1242
119.6296	96.6038	528.4797
90.6554	6.5918	569.1836
113.9032	105.1683	849.0426
85.9590	112.7551	294.3206
96.7970	123.3936	506.9753
108.7409	119.8747	616.8883
33.2200	3.2891	423.9982
109.4928	83.1744	358.4833
43.1502	114.0142	64.5366
21.6888	105.5530	450.1194
105.4032	0.1328	521.3372
81.7609	89.7287	746.9409
138.5209	66.6472	49.3545
6.4468	117.7268	303.1170
75.1836	51.1881	859.5273
33.5174	99.1650	611.5643
44.7523	94.0967	670.9307
138.6980	126.0947	141.3503
92.2288	111.3330	721.1911
101.3582	73.2494	91.3245
30.8171	57.4282	329.6884
12.2640	111.8333	66.2677
73.6930	75.4678	317.9532
82.8742	92.5660	645.0846
134.4783	86.9997	576.1865
35.3951	36.0474	832.8589
47.6420	32.9349	623.5632
120.9312	70.6647	49.8581
101.1521	101.0610	636.0048
23.1322	99.7020	255.8387
135.7824	119.2653	709.8255
113.8142	74.0847	358.4291
9.4898	22.7310	356.4692
123.2189	32.3971	272.7684
114.4183	51.3127	399.4956
109.2277	119.2302	228.7755
12.9477	44.9335	817.6762
1.4729	99.3502	346.5540
96.0370	26.8135	455.4909
99.5355	125.1745	729.6516
134.9876	29.6896	858.7225
6.5396	61.6707	646.6198
9.8071	38.2257	228.2492
94.5492	33.5563	556.6657
130.1186	94.1434	575.2760
36.0745	18.8982	304.3516
1.5657	51.5856	439.0912
68.0060	127.1398	436.1000
11.1192	32.5284	616.9040
57.3553	75.6419	334.6706
93.6711	14.1014	263.4189
101.3965	11.6534	406.0798
128.0049	136.7052	571.9887
76.0006	70.6384	103.2918
136.3589	131.6517	470.8445
78.9739	60.2756	316.5166
2.4974	120.0408	743.1249
116.6974	16.9575	536.8789
100.4360	72.4841	841.9492
3.1963	93.3489	558.7907
60.1567	75.3925	312.9057
51.1181	31.4877	167.1025
121.6936	100.3508	30.6734
72.8295	69.7362	720.4557
107.6979	41.5487	176.7435
1.4526	125.0407	54.5823
40.7699	103.8556	713.6493
20.5130	38.1110	377.6975
48.7088	53.7761	640.7174
72.2643	1.6213	448.7355
109.7423	55.5208	566.5208
21.6057	43.5086	798.0633
133.7092	1.9370	605.4690
4.2451	55.8507	853.4609
26.8429	60.6425	276.8846
50.1618	120.2286	469.6193
78.1070	5.5538	449.5764
129.8280	139.1234	40.5015
6.6067	74.1795	367.6152
132.5389	102.1745	230.9921
131.3848	112.4247	343.9065
129.8734	96.2752	632.8092
80.4878	63.2988	127.4648
90.3790	103.0141	113.2315
93.8784	119.2852	501.8351
114.8994	34.6572	206.2893
109.0394	55.5846	375.6180
49.8998	58.5328	160.4624
87.1929	86.1472	644.8137
119.9248	6.1158	268.5853
57.2182	50.1707	582.4432
44.5077	121.3623	301.6971
120.0945	135.2929	682.8151
74.3920	44.3284	479.8768
16.8185	93.3239	32.0470
114.3458	75.7414	30.6372
73.7245	41.1149	285.3491
100.0246	96.0439	174.2515
80.7934	134.2285	638.0079
16.1785	58.2262	226.5756
93.9439	45.7166	322.0801
111.4016	63.6250	370.5540
135.7361	17.5354	677.5326
2.9160	129.2813	332.7410
102.1996	73.6569	21.8489
133.7298	99.8577	782.9884
32.6671	109.8968	687.8591
124.8102	105.1978	748.7603
96.2114	11.2226	16.1580
50.4122	100.1710	248.2675
46.7629	119.0535	825.1926
64.6119	102.1921	578.0378
19.0966	16.2101	691.2726
8.0584	119.1053	623.3695
32.4933	109.9813	595.1249
45.1046	31.8021	378.6625
70.5327	94.4412	689.1444
54.5352	94.5632	336.2997
57.6833	17.4395	190.7496
45.7925	102.8468	530.6576
60.2018	120.1049	188.7223
85.6151	71.0986	367.3998
17.0621	81.9389	263.6832
28.9929	90.2989	655.1808
35.2763	67.4302	116.1255
125.8342	88.2698	57.5180
54.7743	44.5983	50.4956
91.2418	125.0961	106.9280
24.0439	15.0094	422.1111
77.7018	113.2148	460.8943
84.7779	114.3052	265.6242
93.0705	121.0349	408.2268
33.1158	70.2569	645.5215
117.2367	75.7832	809.8348
63.2465	134.4559	498.5013
94.4106	121.9442	279.3623
51.5111	108.5575	376.8978
41.2048	16.4436	292.7166
53.9759	56.1112	320.1477
98.9946	35.8014	680.0343
43.9107	128.3385	478.7217
81.8602	129.4896	258.0327
72.1083	81.2830	468.0862
124.1234	119.5774	11.4616
85.0918	3.5391	642.3677
123.5988	129.1774	383.5410
107.1198	3.3408	678.8081
76.5841	84.2142	790.4216
92.1238	21.8314	741.1399
104.9914	75.0750	181.1454
112.3983	112.1804	389.7002
29.8045	100.7214	191.7255
47.7456	107.3476	34.0757
33.6187	51.8210	834.4288
11.3159	48.4990	309.3781
127.3923	131.1354	468.1678
56.3855	123.6972	456.4007
103.4777	110.9100	176.2631
123.8023	139.6132	101.2203
124.7142	5.2177	114.4288
23.0862	70.6543	56.2147
35.6034	14.7023	247.9618
9.6473	115.5126	184.5703
42.7990	78.1602	666.6468
12.2761	36.5615	543.5231
117.9792	7.0332	651.9435
122.2976	56.6768	59.7387
4.8734	61.8245	737.5563
50.0834	55.9160	190.1235
80.4141	9.1448	85.0435
116.2685	103.4157	46.8885
92.6637	138.2725	237.3026
134.8590	31.4646	783.9396
95.3892	113.3024	103.2392
109.5772	64.2571	103.5456
117.6519	39.5165	639.1292
18.2295	26.3120	391.0553
14.9770	39.2145	700.2064
56.2689	54.3831	705.6333
25.0857	35.2930	183.1344
97.9577	4.2859	516.6085
60.4238	107.5611	344.7061
131.6268	120.2102	65.8433
61.7085	35.2796	182.4822
113.2034	54.3248	435.2968
87.4381	23.4978	572.9267
133.6912	105.1820	236.6218
9.9396	34.1324	553.1470
85.3496	118.8853	1.0308
36.5136	92.0534	637.1527
69.9838	92.2583	202.4747
14.7504	21.8022	242.8901
63.2032	46.9854	773.2949
9.5715	18.1877	349.2281
17.3351	76.3243	572.3807
136.8940	7.0223	283.2644
99.3432	44.6537	315.5488
59.7230	63.1411	3.4982
70.9574	36.3313	498.6850
124.3098	67.5985	546.7891
87.4004	32.0647	180.2415
114.1645	133.0043	821.1047
127.9839	29.3672	204.3097
13.6906	129.3876	169.2405
116.4900	111.0594	809.5754
94.8732	129.4482	570.9895
95.1986	89.0031	422.0387
94.0470	55.0833	772.9081
117.1783	45.0192	234.3801
63.6632	138.6601	809.4321
92.0763	131.9484	176.7129
28.2160	2.6725	67.4270
91.5804	39.6366	844.1500
125.4946	129.3830	23.7259
84.2588	46.5394	563.1785
27.6947	96.6404	452.2871
35.7135	135.3304	552.2438
126.7183	85.8194	830.4622
29.8874	112.9368	54.7903
101.0167	89.9190	454.7802
66.7092	77.4344	249.2777
15.2349	137.7946	567.4014
121.6654	12.4578	501.4520
139.5427	15.1639	429.7633
36.4485	90.9541	390.5657
58.7016	19.0679	457.1732
76.4725	111.7767	699.6480
4.4234	112.8197	136.3538
19.9369	23.8792	322.1942
135.5187	71.3240	820.7550
43.7361	103.2113	621.0579
34.4329	70.9167	159.1329
31.7514	110.0033	164.3764
59.7554	91.6638	374.5074
137.2692	64.8894	323.6367
72.7885	27.4319	37.4612
53.5133	86.3852	469.2098
118.2057	22.6773	532.4574
107.5958	112.0819	393.5984
25.6218	75.9162	523.6618
135.8867	119.3623	620.6944
39.7777	1.8580	706.7372
8.3420	127.8948	411.7886
79.3717	11.4601	825.5033
25.8132	61.9914	776.4463
125.3482	79.0454	353.9564
62.9002	37.0287	648.7497
139.1097	69.6027	856.4301
34.8001	34.3243	175.4410
77.0298	57.9492	712.5276
42.6513	39.4658	287.1502
0.9200	119.0640	502.7131
89.3081	101.1743	276.9486
123.0353	109.8018	52.4967
12.6484	30.7462	569.6507
75.0003	133.2726	177.0216
42.3861	131.8468	134.3919
119.0430	7.6392	188.4905
21.9214	97.5191	299.0309
23.9359	101.5180	426.5716
68.3665	16.0173	861.3110
111.3495	14.1191	488.0193
59.0398	86.0869	579.9157
82.6117	103.4664	470.0957
59.2809	134.7097	129.2636
2.1050	118.8272	532.5755
96.3027	83.7231	501.5779
55.0109	108.3409	254.3071
11.0584	41.2090	204.6604
114.8586	18.2653	420.5269
52.3736	33.0860	550.4232
125.0429	97.0214	855.9233
3.7979	65.4219	109.5612
56.0095	93.8770	317.1454
136.4714	108.0598	520.9859
88.2453	60.0323	228.0745
76.4861	131.1951	803.1406
65.4926	67.8726	839.6166
40.6007	96.3581	492.2004
61.2150	26.8261	117.4632
72.8182	58.4593	232.8222
12.9837	48.7716	193.7795
89.6556	103.9970	97.9867
71.5680	82.6194	705.0702
70.2754	24.1260	9.6056
119.7330	116.5985	436.5742
70.4524	52.7814	533.6512
68.0623	80.3123	37.8260
33.9786	103.9760	648.8775
54.7090	49.1434	22.0908
16.2375	46.4552	87.2299
1.3431	120.0562	83.8598
31.0941	14.5709	373.0786
94.9669	82.6433	780.2358
95.8584	110.4117	152.2808
43.1248	96.8881	84.1423
8.2963	73.8944	734.9492
26.0359	105.7003	786.8074
41.7646	1.3423	602.3914
10.1067	14.5621	555.2705
38.8229	94.8734	134.8091
8.2449	45.0654	491.7903
92.0125	71.9674	683.2618
4.8173	129.5589	367.3365
29.7134	75.6881	482.9039
110.0199	79.3064	193.5446
98.9868	98.8409	344.5898
94.0562	79.3850	592.8731
107.5283	130.3516	331.0882
109.1852	74.8911	92.1508
67.9589	74.8330	238.7361
123.8597	86.8632	156.8592
109.4143	94.7740	171.6405
106.9314	50.5118	564.5783
78.9247	30.7955	508.4009
72.9025	139.6813	412.8275
30.7132	121.8019	857.8471
40.8736	112.0159	433.5961
1.7971	114.4443	552.9324
30.3565	128.9300	119.7748
113.0967	68.5946	850.7713
70.1884	130.4324	627.2145
74.8496	70.2177	493.4574
109.6282	100.7282	89.5351
69.7594	67.0523	454.1987
20.3578	125.2116	247.4541
1.3264	122.5266	586.1820
113.1492	119.3319	317.0155
20.4395	22.9793	180.1221
54.4431	96.8569	589.8465
129.2565	55.4524	557.1290
111.9851	32.1794	692.3072
16.4985	131.9185	41.3832
80.0778	55.1081	148.4925
118.3176	0.1234	826.1547
4.8455	55.1251	388.7921
77.6868	71.7687	791.3412
24.0515	115.8201	399.9134
103.4605	124.3781	169.2060
7.0995	118.6729	440.8711
100.8958	22.3010	368.9723
14.7950	120.2037	706.7907
74.1428	27.8685	549.6901
26.7357	81.5515	525.7585
104.6375	120.2448	182.0552
107.3418	93.8370	821.6987
112.5851	69.2941	501.2349
118.1169	116.3005	447.1661
19.8752	104.5615	161.7953
109.0463	79.4737	851.3508
31.3674	120.4326	277.5536
34.9986	85.2933	548.7171
29.4009	133.1727	399.5168
36.0418	44.7188	288.7180
112.1098	28.2709	135.6982
83.7964	28.8568	491.3425
64.5426	69.2386	381.4534
52.9661	43.4786	354.5555
107.2937	7.4418	470.6674
112.5469	122.3525	312.0202
49.4963	45.3617	630.4212
6.5214	34.1024	210.5208
61.9409	42.8932	335.9899
81.2797	71.2596	447.9648
38.6935	98.9570	669.9145
39.8288	33.8908	381.9563
10.7660	3.7949	599.4452
118.9396	121.8139	495.0553
139.6091	31.0319	452.3667
1.9376	66.7411	327.8579
93.7049	85.8382	163.5859
89.2389	38.4768	132.8348
99.1871	54.8965	86.0126
4.7246	67.4686	720.6309
53.6973	94.5041	829.4854
68.3590	117.4259	286.9566
76.7707	68.0944	537.9071
57.7940	135.7018	397.4058
105.3206	48.0650	731.3974
41.9154	100.8269	181.1869
12.3609	128.9903	625.8264
46.7530	69.6996	315.3841
107.4593	52.8153	745.6700
63.7595	52.4417	228.8858
57.5659	124.6256	422.1221
64.4222	86.8459	602.9842
20.7377	6.8172	304.8668
51.6331	38.7153	82.0708
109.7633	86.5130	506.6984
84.5288	73.4151	15.8057
22.8340	62.8246	57.9970
91.3072	22.4980	370.2805
134.9943	10.5777	18.1338
66.1551	139.2392	688.5098
99.3551	70.8990	47.5186
26.3204	55.3957	361.2707
10.8331	22.8039	479.7300
96.3226	105.1571	649.7555
21.3849	39.5475	588.6529
7.5029	45.2697	17.8185
75.3047	108.6420	338.8808
49.3743	59.8028	27.4698
51.3384	131.5058	781.6277
77.9162	62.3209	752.8594
24.1220	136.7438	443.8291
93.2054	25.5102	223.4631
133.5921	123.4025	459.1757
136.9492	103.1197	336.6276
106.2467	85.2482	476.2646
72.3985	59.8743	443.1720
75.0999	63.5111	77.3239
111.0071	35.5650	692.2982
77.3384	79.5377	78.6861
19.0555	106.5233	403.1537
15.2130	28.9086	402.8127
1.4690	131.4554	506.2293
134.5193	131.1966	603.1544
87.6493	37.9415	15.6731
69.2367	127.3932	633.4906
75.6769	75.5228	471.4860
2.7654	26.2402	561.2048
87.5954	39.1877	129.6634
122.4123	58.7250	461.7636
124.7162	30.7060	124.9644
47.2352	84.8237	510.4652
59.8440	129.4816	80.6210
19.2781	99.2641	60.6610
90.1097	132.2536	240.0864
109.0668	40.9745	323.8466
25.4174	118.8287	106.8103
8.8383	103.2232	627.7564
28.3444	91.6810	461.2581
130.5105	121.9366	554.8457
93.4104	29.5119	463.7969
84.4388	124.1840	59.0908
119.9777	22.7791	727.6556
61.8861	112.8931	181.6242
49.9981	63.7825	329.8704
44.0065	101.3288	23.8241
106.8345	97.6908	538.5503
108.5138	127.5325	440.0194
97.9955	120.2244	152.6726
57.3073	66.4232	112.6612
31.5654	41.7067	202.0549
5.1927	25.6790	486.9298
107.9801	43.2365	492.4154
10.5209	95.1817	271.5721
100.2792	52.7321	531.3813
86.2642	84.0245	270.0195
132.1679	113.9152	429.9727
26.6630	124.9018	221.1084
50.4555	10.0000	299.9503
64.2300	36.2913	149.9745
96.7599	109.4946	70.0635
124.1658	31.9303	616.3020
68.1598	76.3780	68.1945
40.0182	128.8198	1.5153
82.7995	91.2680	765.1530
43.2904	34.9331	510.0787
99.3324	101.9427	98.1065
15.9351	39.6891	322.4585
103.3158	101.2639	540.3964
110.6282	83.5097	703.2494
84.9405	61.1132	445.9592
136.1272	67.1790	439.7312
51.3257	119.6791	166.6901
132.0285	56.9608	832.3721
21.8205	105.0323	512.0357
126.7715	69.3499	218.2055
114.2708	90.5799	529.5429
90.7804	135.9364	485.5141
63.7468	73.3493	298.9326
68.1530	49.6464	322.5385
105.0542	16.6923	517.7994
53.1147	61.8710	213.3532
25.0856	105.2397	203.0519
117.3882	0.8681	522.3070
54.5686	129.1705	526.3678
22.8140	109.2957	605.9587
60.5870	26.3330	103.5443
137.6003	75.2457	502.5692
113.4325	1.8091	749.1748
93.0007	64.1468	619.0705
65.7205	126.6622	546.3831
136.1248	84.7943	132.8987
88.8348	21.1343	428.8700
116.4680	80.9739	44.9522
122.5885	133.4275	471.2708
131.8513	74.7328	65.6360
47.2504	129.8420	783.3633
50.4498	42.1073	93.5124
136.9202	30.8971	819.2872
115.1451	82.3674	386.2472
21.1219	90.6705	731.7737
113.3982	117.4901	187.2414
66.5561	120.4125	315.0380
119.3802	135.6771	854.8866
135.9355	3.9863	228.2798
60.8884	42.4918	54.6903
81.6778	82.9091	783.7788
92.9591	2.6452	806.0597
12.3396	46.2527	24.2327
0.8632	28.0263	230.6039
34.0638	109.3941	234.7687
122.6030	9.6247	187.1817
83.7960	44.9963	584.9486
105.1528	34.8868	5.0323
88.4162	128.3148	578.6579
131.3414	81.3526	160.4799
101.4615	62.6440	671.5718
32.2013	134.5924	672.1915
25.5242	57.5051	548.1178
39.3043	29.0612	389.4313
115.7101	88.4095	245.0874
92.3270	68.6163	304.2824
120.8029	117.1399	491.4590
77.7719	97.2171	117.2137
74.6444	55.0614	798.8957
26.0148	33.0404	396.4195
127.6715	28.4142	269.0585
114.1308	83.8641	106.2010
17.4637	87.8276	37.6392
41.2663	19.6168	65.4492
17.9435	43.9009	734.8033
36.9237	38.1593	184.7578
135.3439	80.8557	498.8535
99.5510	84.5715	629.3863
67.6465	132.2689	622.4706
77.9567	98.8412	324.3316
137.2991	111.3128	814.4789
2.6420	54.2252	326.0399
28.5271	125.3177	596.9916
40.3718	14.4308	793.3771
20.9487	80.1752	790.4335
105.4282	121.5794	764.8536
62.2484	80.1284	299.5129
108.2583	89.7903	238.2488
61.4724	106.8918	619.3745
82.5820	139.0347	677.8259
130.8526	125.7410	78.9744
25.1069	31.6839	369.8028
130.3357	49.0286	56.5175
78.9547	84.8308	295.7173
107.3398	83.9480	516.3714
68.2915	19.7845	269.8737
118.5020	43.7501	649.1359
135.0284	86.0653	148.0657
72.6804	12.9296	548.5160
133.8956	111.8322	270.3036
100.3213	103.2060	349.6232
58.5968	87.0276	653.6913
17.0591	69.0681	535.2855
68.5820	117.2147	415.9025
70.4131	42.1058	236.6744
42.2963	41.5928	168.2273
106.4358	16.6551	313.3251
27.3792	109.9785	152.1136
61.0839	126.0768	649.6886
125.6185	124.1340	558.9577
131.9205	88.9124	510.7408
47.6319	85.1278	436.4818
64.2568	56.4659	326.2044
23.3532	21.5852	345.3164
2.5500	99.5700	146.9870
101.3133	77.2783	344.4298
22.5824	76.1676	619.1315
88.6331	101.8464	101.9096
45.9237	104.7826	551.6191
2.5468	70.9119	293.1629
77.5652	101.7644	545.8094
76.4419	79.4551	475.4652
74.7252	65.5990	325.4021
77.4046	124.1966	803.9128
72.3535	105.9747	499.4087
58.8578	74.4627	272.8781
48.1206	40.6773	329.5055
39.2275	75.8937	36.5583
76.6979	63.6992	738.5570
69.7657	73.4339	448.8356
74.9538	32.0525	639.9673
9.5521	133.1773	149.3312
23.2003	64.3746	332.1229
74.7553	66.6240	387.6824
71.1838	58.7063	415.3364
14.5109	86.4154	692.5618
125.2591	35.8254	111.7138
59.6817	102.5436	243.1795
68.3827	118.4847	135.6292
69.3324	127.5330	31.7082
24.5707	80.3908	572.1504
119.3907	59.0767	31.1240
81.5245	33.2597	362.5244
112.4908	64.0148	280.1314
50.6914	105.5246	650.0332
20.8033	36.0006	688.8300
108.5787	84.4497	405.1419
7.0669	114.7106	77.2698
25.0620	121.4325	169.2664
125.1881	19.3191	531.7501
101.7914	45.4762	506.2284
133.3288	62.2576	51.8158
91.0648	100.0916	450.8832
93.3190	51.3866	651.7788
25.0164	74.6586	206.7975
83.8138	57.8210	562.8039
46.1841	72.3750	305.6858
75.8867	134.3886	516.5329
114.7463	99.5211	488.0013
4.1377	128.2866	505.5791
100.8616	101.9774	311.5076
105.4852	139.4927	22.4134
40.6446	48.1901	517.8857
33.8453	26.5842	544.0868
115.0573	97.1639	277.8312
42.3756	82.2548	536.9256
17.6700	66.6743	792.2050
32.7369	108.7825	306.3074
121.0584	115.7519	408.3577
102.3739	112.3716	303.2854
55.4127	117.0239	594.7522
9.7348	89.8775	85.3876
45.5101	105.3756	636.5555
15.9776	28.7841	326.6280
86.9073	69.5237	195.3733
36.6350	2.4034	508.4172
138.3326	102.1991	288.6848
118.9449	81.6510	662.4409
12.8777	52.8465	541.7804
80.2661	15.9813	797.3153
18.3200	58.4441	550.7622
9.2472	23.2148	24.5158
124.3388	53.7719	836.9994
91.6230	95.2939	300.5267
62.6025	108.0445	592.6258
80.5069	120.5288	349.8124
28.0788	77.1623	112.3965
94.5363	86.0179	200.9973
103.8757	80.7659	416.9756
54.9581	127.0796	521.2981
97.6115	3.9363	234.4925
126.2822	6.5984	129.7727
50.8916	41.7231	11.1336
87.9229	122.0341	27.9205
4.0000	4.4907	586.0066
72.6964	9.2478	509.4575
112.3406	116.0308	591.8666
38.2515	85.1685	575.6789
67.7527	83.6427	202.3650
45.7452	74.4522	566.6898
108.0579	95.2335	693.0277
81.8798	12.5945	757.3443
47.8396	29.5302	537.8130
48.5523	91.8514	519.7352
96.5758	27.1342	204.9583
41.0949	75.2975	287.1058
106.4260	10.3753	148.7814
28.8798	125.1783	26.9224
55.4485	121.8412	773.0821
44.6972	87.2256	193.9205
54.2543	100.7397	274.1150
22.9852	74.7987	471.7361
94.4620	6.9034	305.9948
41.1906	14.7474	708.0105
95.3176	130.1255	722.6972
110.9709	4.0955	715.7419
6.0395	135.8706	669.8694
66.9546	39.9189	400.9794
5.5773	50.5593	858.5280
73.9716	6.4196	847.8061
71.4480	31.1497	517.8102
10.5706	72.0205	340.7154
99.6104	19.5231	311.2605
26.9455	21.7066	608.9978
29.9835	38.3243	827.3237
11.6903	124.6750	397.0830
43.7668	10.6326	215.1413
78.7050	89.6651	225.2507
118.5947	129.1492	192.1752
26.7484	91.5591	453.7534
97.8028	22.6853	243.5341
6.4273	122.7472	410.3383
39.2983	16.9579	363.0975
19.1469	51.3759	14.3810
83.1688	50.5563	116.5997
47.7933	0.5115	854.3880
25.7944	103.9554	152.7193
52.3205	136.1022	825.7502
125.5709	2.3960	504.1348
123.1920	54.7822	407.0176
113.3805	115.1299	736.7526
110.8413	102.3319	236.5541
76.8849	131.5293	429.0897
102.2397	123.2282	663.7509
72.4625	137.5340	562.6004
127.4783	95.3348	611.0898
136.7028	130.4192	449.2150
7.5635	118.7112	195.3702
78.3215	61.3313	747.0755
97.2603	86.7142	634.1222
34.6109	79.3833	507.5802
123.9218	57.2393	798.4318
120.3023	124.4475	63.3037
87.7602	66.0767	827.0081
8.8532	128.9513	410.9498
50.4203	81.4032	183.7562
12.8471	82.4003	119.2307
22.0837	95.7132	771.2933
59.8744	138.5099	333.7284
102.4956	75.5067	293.2251
45.6380	112.0433	189.1476
4.4665	55.6301	370.3196
114.9486	84.5966	168.0813
13.7631	92.5151	805.5534
52.6706	115.5674	618.6420
34.2488	129.6299	286.0425
70.8758	128.9531	427.9857
17.1715	54.1841	525.7150
34.5105	79.4556	716.0098
79.3075	16.3017	683.1988
73.6608	13.1010	233.8388
38.5957	23.5894	425.2739
2.1922	124.4292	220.2141
44.0604	119.1058	824.2408
51.1618	11.7659	336.9095
7.1445	68.4912	653.7555
90.2541	50.7102	717.0767
49.9207	73.7234	785.7491
65.5537	117.0193	161.0784
22.4720	55.9622	152.3128
121.2054	9.2279	721.0628
46.9826	23.3331	776.6294
98.6406	120.1810	268.5419
130.0808	71.3526	356.5863
115.6027	26.9628	117.2184
95.9593	17.7485	805.1837
49.3774	56.1819	510.7884
24.1957	35.3161	624.0943
78.9685	90.9298	163.4969
52.1013	11.0657	649.7809
131.7886	122.9893	42.1457
125.1738	80.2636	596.5379
39.7023	63.7207	243.5603
13.5059	37.1449	177.4588
19.4592	57.3928	246.2726
120.4234	27.2733	209.2864
58.0157	94.0001	191.1948
93.4962	89.6644	405.2544
108.1271	127.4324	550.5561
60.3404	41.7463	70.9055
112.1822	136.1824	99.4396
21.2815	94.4201	716.4690
72.4786	125.8988	2.0335
63.3864	35.5761	826.0769
130.5114	23.5483	777.6546
90.1136	78.1871	750.7815
70.7686	92.1618	799.0383
120.6782	64.2429	51.6870
87.3875	126.3088	39.8736
8.8706	33.0222	233.2481
132.7742	75.2057	363.4776
136.8115	29.9697	55.9332
85.0712	113.6719	309.0761
120.8347	35.3748	128.1621
18.0379	53.4240	524.7111
136.9578	138.5807	148.4770
136.9099	6.0279	447.8554
64.0270	120.8922	208.7758
53.8274	137.0599	833.0105
123.6195	129.8425	439.3292
14.8396	23.3079	635.9484
81.8883	125.4428	43.5069
69.9280	37.1793	780.5120
5.3702	60.5352	323.4898
101.5061	6.0002	9.0719
79.9793	107.9594	728.2319
5.2773	2.5290	98.2532
112.7931	132.3384	519.9810
115.8401	77.7262	335.2140
135.9011	110.4498	89.3557
70.0272	91.3257	235.9678
99.2604	113.7891	357.1364
15.7265	69.3886	320.2572
137.7061	25.4488	696.4654
21.2089	89.6442	585.5737
90.9064	37.6250	570.6629
54.7787	72.0629	124.5179
111.1198	94.7842	473.4892
43.8183	111.3944	534.7567
13.7696	27.7756	800.1231
2.7724	22.8012	732.9086
2.9912	17.4914	139.7003
81.0080	73.1748	1.7960
21.2072	43.0347	456.3102
131.1446	42.7278	365.9072
137.6747	68.3638	24.9449
96.0376	5.6878	293.8139
52.8207	122.5731	284.6556
23.7382	78.1464	538.8707
58.9453	40.3178	646.6433
98.1085	28.2809	801.5112
73.5255	8.8036	32.7345
32.0359	121.4966	647.5023
72.1988	81.1844	493.9000
15.3136	82.7935	687.2417
107.6546	70.0756	38.6272
22.7073	103.7769	612.5532
122.4864	57.2778	235.9127
28.3296	65.0413	117.8520
18.2695	76.4381	783.2732
88.0152	4.2817	315.8539
94.6576	77.4781	565.5457
6.7343	100.8735	114.6833
37.9854	129.2518	663.6790
60.8883	77.2627	647.1052
56.1313	84.2526	84.9643
69.4447	53.9952	570.2432
39.6697	88.0247	600.2903
36.0290	102.1851	656.3050
33.4466	120.8336	388.7246
20.0697	109.6685	361.5861
79.2002	106.2611	244.8504
80.9930	72.7993	345.2362
0.8302	113.2238	352.2132
15.9078	54.2727	336.4881
86.2229	76.1870	108.5569
37.5576	77.6885	436.5703
73.5539	6.2422	452.4905
3.8763	77.3084	283.9501
34.5710	70.9424	645.3517
43.0599	92.9242	193.9325
113.0257	122.9680	517.8318
14.3398	33.0649	370.9711
133.5907	78.3740	314.0347
81.6723	109.6918	139.8020
103.9135	81.8354	447.8776
8.7760	0.4426	49.5889
27.8904	117.8844	183.9879
70.8311	34.7472	92.3574
29.8082	48.4745	594.0209
49.8646	121.9867	505.1549
126.9052	35.6584	398.4325
68.4745	45.9720	732.0558
130.1290	11.5920	463.7076
97.4691	34.5445	252.9780
130.8280	87.4072	25.1090
0.8558	28.1392	491.5012
27.1551	82.0605	449.4447
128.5702	2.3908	284.6754
109.4482	27.0044	249.2998
73.3225	64.6954	82.6834
40.2402	116.5220	180.2187
41.2663	19.6168	65.4492
123.4735	61.1170	168.5830
93.7967	16.0439	501.7574
34.4704	16.4438	514.9398
112.0745	69.2567	742.1008
81.0659	27.0224	107.2476
2.2039	109.5334	808.9393
51.7506	78.2910	145.0393
92.8575	51.5636	399.2028
32.7142	103.2244	648.5659
72.2224	48.6210	40.9637
77.0469	75.3710	681.5228
86.8773	31.7654	563.8574
94.4955	91.2908	82.6532
122.3593	59.5730	587.3283
39.5149	48.6482	832.0474
65.4449	30.6016	749.0586
49.7690	89.3743	379.0777
132.7463	8.3459	779.1260
36.4922	91.2267	420.8272
137.8855	65.9915	808.5108
52.9817	52.6490	364.7631
119.5502	134.8057	665.5380
92.2203	56.7955	176.7554
89.3511	80.4316	112.3541
12.9192	124.6282	395.9402
5.3432	120.8997	236.8338
138.9760	58.2496	368.0394
7.8498	23.5039	438.0124
48.8378	1.6349	239.6553
124.1420	107.5844	489.1569
57.1751	102.3540	70.0778
96.5611	15.5637	187.7752
69.7022	118.0870	407.1128
95.8528	108.5148	385.5566
97.2049	98.2387	804.1407
90.9659	77.2712	404.9272
76.1623	111.8138	829.4888
133.4268	47.7226	386.7216
20.3873	82.8711	498.1816
136.1088	23.7726	700.1457
51.3838	37.7382	166.2848
72.3542	5.4804	477.6746
118.9164	38.8888	621.1426
28.6082	139.1369	308.0257
3.5464	123.2567	837.0415
4.4070	95.1730	571.4814
21.3636	38.6059	462.1231
105.9868	91.9130	353.8775
32.1524	79.4426	494.2584
50.3708	78.3508	446.0408
38.6388	119.2648	325.8148
123.4255	125.6384	561.4340
68.5562	36.4037	419.0791
115.1210	129.8839	124.2805
34.5306	7.8197	92.5747
88.8815	20.1823	70.4370
84.6734	106.9377	228.3352
133.5971	123.0200	142.5575
117.9174	87.1993	683.2198
42.6130	56.3668	361.4567
37.9334	121.6284	746.7658
7.3634	45.3248	508.2412
87.5357	77.3888	418.9345
108.9715	88.4889	172.1926
48.7161	44.6983	107.7415
122.2721	73.9369	799.9145
119.5926	76.0777	533.5991
37.6645	122.8769	648.6295
33.6503	15.2302	247.7542
67.4750	40.5211	606.4313
23.9961	17.6801	322.4109
50.4503	42.1044	93.5155
124.4602	75.2911	327.1576
121.5885	127.7273	828.7133
76.0917	60.9533	632.1377
120.9788	77.9060	112.1210
12.9727	90.1790	693.1023
91.7884	113.9740	690.1195
21.0189	74.7562	494.1759
32.2365	124.0850	685.0652
71.7116	47.7888	522.7155
79.6249	1.7270	714.0945
17.1028	60.4186	390.5430
133.5516	36.1831	830.6195
20.6983	95.0371	589.9885
93.7451	71.1570	595.6925
137.1960	138.3192	355.4459
37.8925	2.1312	492.2844
102.7971	28.3667	376.0269
53.3147	11.6070	257.4987
70.1036	40.8362	492.8755
97.8068	131.6060	86.1318
137.0246	35.8518	179.4001
60.8040	133.8013	506.1324
133.5619	21.0562	203.8497
88.2345	5.0622	792.5274
46.4548	100.2676	819.5970
97.7404	100.5229	3.4711
47.9115	36.9750	184.4511
88.8369	111.7680	298.2703
122.2066	67.9024	405.7434
91.6230	24.7300	772.3140
24.8699	118.4071	740.8552
75.9366	115.2339	340.3562
41.1864	18.7531	8.9442
64.5983	25.7588	357.4330
75.2152	20.1467	522.4375
87.1717	33.9498	656.3589
36.4104	79.2732	62.5756
85.7054	116.3840	527.3490
62.8125	11.9884	700.5481
80.3085	90.4959	416.9625
80.3401	66.9312	797.8493
128.8239	133.9871	344.5881
5.1296	28.9620	502.3553
116.2298	93.9589	20.5397
131.1369	111.9635	92.7493
52.2074	89.3734	226.1506
48.1393	94.1045	50.6857
76.6554	56.0308	242.0260
127.7681	84.2517	56.4044
14.2234	8.0587	846.6718
8.0239	74.5102	844.9791
36.1339	125.7155	431.5132
125.9874	97.7933	773.7105
68.1627	8.3146	495.5216
103.2510	48.2295	384.5826
44.7397	15.4115	710.1791
66.6752	54.8574	228.2767
53.9980	54.8339	379.1065
41.2561	47.9402	588.6875
33.7698	79.0929	474.3151
6.3152	30.6259	656.4410
89.3522	2.1033	127.9408
30.4423	78.1939	539.5205
84.7339	5.2071	806.2442
137.7829	91.3703	625.2323
5.8064	81.4653	563.2597
77.5422	116.8295	106.8758
15.8406	116.5365	540.7897
119.0460	108.7646	556.6301
74.2524	89.7970	688.5675
91.7274	98.6047	248.6369
79.0861	7.7339	541.8191
8.3553	44.4916	569.1215
89.0879	15.9779	540.9609
79.0556	42.8615	586.7941
113.9915	38.4985	161.6215
27.9080	45.9196	752.2301
121.6281	23.8884	343.8709
92.6766	29.9057	505.9277
60.1496	14.8874	126.7099
1.9245	107.6746	740.4230
94.0074	114.6115	580.1008
89.1060	75.4396	63.2891
132.6461	95.7162	428.9511
114.9892	70.5290	308.4564
119.3789	28.6795	729.9026
105.3054	8.3254	718.1056
96.0981	15.8573	795.1770
34.9086	21.3655	506.4347
46.3013	48.0154	546.3974
54.3938	117.2932	742.9518
64.3837	126.0012	400.9587
29.7041	20.0572	543.4541
135.0523	85.0889	323.3970
48.9966	14.5006	701.5415
103.7120	75.9993	661.8878
132.1311	83.7332	335.0560
115.8510	29.8877	609.3413
8.7448	28.3256	706.3249
120.0290	2.5192	757.2716
33.0269	119.3898	283.3367
47.0136	126.0165	322.5068
4.7294	64.3688	361.4992
119.9683	71.4804	623.2041
30.1091	47.2262	505.5044
49.0260	105.3873	158.5427
14.5694	98.7079	352.1697
117.7810	35.8606	428.7301
43.8464	54.0686	570.0077
66.8345	72.2800	694.0949
10.0914	133.0018	429.6056
9.6313	23.8985	530.5282
111.5184	57.0469	330.6193
69.2400	17.4125	438.3863
95.2143	56.4293	786.8593
57.9519	54.6342	766.4927
72.7766	21.5688	691.8732
99.3786	12.0557	229.3201
127.3564	19.7134	750.9925
33.5739	133.4068	246.6885
67.6277	89.6258	378.6643
3.1847	87.6435	76.5957
46.5804	46.3113	559.3375
0.7227	55.4431	543.6909
3.8596	16.0714	677.6958
64.6831	120.8669	714.3561
66.1976	81.5679	443.1660
15.7956	77.1291	574.6057
134.3917	130.5669	42.7554
90.0627	120.3574	631.0898
77.8424	69.7993	222.1351
127.5926	120.0946	854.3269
81.0970	15.4098	392.8984
3.5248	34.5350	93.4736
60.7215	89.5477	118.6695
16.8473	38.4039	565.3113
22.1182	77.6461	756.3914
11.0358	47.0605	833.0612
112.6259	67.2951	311.0946
115.5609	104.8984	741.6089
121.7746	7.7942	632.8101
71.6506	96.1926	83.8570
37.2276	85.4567	251.5926
70.6055	115.8762	413.5258
73.1523	74.9136	8.3035
129.9575	130.5100	630.7609
65.6495	42.2426	689.3614
81.3390	17.4698	801.5961
91.3319	95.6969	272.1468
103.9611	81.5085	452.0145
137.8735	26.6257	569.7623
97.3468	97.4006	127.5548
55.9223	10.5703	410.9558
54.0402	100.9657	245.1493
41.2663	19.6168	65.4492
37.9730	108.9767	271.8272
25.5707	36.1531	564.1654
119.7966	88.9112	104.0271
55.3896	90.4419	671.3460
16.8815	110.3193	422.8453
114.9071	51.1235	504.4273
137.0403	72.6908	74.7817
86.0000	0.3357	551.7761
30.3250	96.2874	466.2071
120.1432	17.9856	183.4800
84.1980	70.3284	45.7582
130.5154	137.8563	691.9192
60.0812	8.6581	677.9627
17.0863	103.6935	218.4867
113.5906	35.8234	148.5399
78.8455	20.1750	499.5925
29.2233	93.3373	377.6553
11.3604	78.2240	769.5510
14.7393	43.1210	843.7951
74.6206	92.9780	669.8680
84.1626	33.7434	395.9631
1.4875	130.9910	80.4903
78.4944	119.3250	158.3587
55.0139	100.3935	666.5531
78.7424	127.5019	813.7848
88.0138	48.7013	563.7703
36.4005	78.8657	506.4177
24.4580	36.3798	728.9163
107.7251	133.4262	780.3033
13.7445	33.3989	607.0383
78.0000	113.5980	23.1381
61.5531	2.5019	13.5716
92.5644	34.4122	621.0952
86.5453	70.1346	752.2973
125.4181	85.0745	514.6370
134.4057	103.4133	334.5199
92.3254	129.5547	107.5787
46.8431	119.3947	342.3038
133.9468	5.0166	547.1106
54.3014	91.4029	276.3999
8.0121	20.2725	362.4187
78.5516	96.5791	747.7215
89.0798	21.9027	576.2745
77.0284	66.5476	202.8223
90.7276	126.7765	199.1349
46.5022	138.6971	36.5996
109.0952	119.9063	783.8814
67.8139	88.6059	697.9232
54.5149	45.6787	821.8758
37.3771	33.8836	274.1822
115.9899	51.4345	469.2920
82.1082	79.1130	303.5530
72.1233	75.0600	794.0312
88.6537	39.4941	839.5332
109.0367	19.4941	283.5574
56.4178	26.7044	747.3289
33.3679	109.1244	271.5464
87.4287	55.6996	598.4104
9.0577	16.4624	790.1517
102.9348	34.6261	3.3376
127.8685	80.2602	738.8732
62.9792	37.8593	39.9453
53.5632	136.9200	188.5557
121.0697	110.7777	543.7566
104.9673	67.8865	60.3378
33.6173	111.4043	148.1175
61.1050	90.5774	190.6020
3.8971	120.1446	797.3217
101.6351	115.7596	689.4721
20.3870	80.3332	839.6252
52.1517	51.8606	543.7968
136.3756	79.2953	95.3228
6.3479	64.3858	29.9847
5.0805	11.9837	10.4503
68.4332	114.3336	266.5829
65.8688	35.7140	42.0019
6.8259	106.5856	194.3643
64.0328	115.2271	240.2143
67.3407	77.5302	359.3816
96.1975	76.4972	37.8143
25.7958	46.7967	486.4316
94.1830	86.0902	382.2445
130.6819	65.6733	355.6743
75.9580	115.4817	667.8128
67.6360	43.1425	375.4878
55.9604	51.4147	737.6729
108.9066	1.1823	173.9168
94.4552	72.1757	194.4521
12.5361	60.3127	560.5471
57.2972	90.4020	422.9269
0.6235	73.6958	62.1965
88.0591	50.6470	554.6970
133.4136	66.2393	789.2639
21.6619	117.8980	810.4621
29.4331	37.1212	499.6276
70.5016	106.8192	718.7776
91.2877	8.8203	295.3055
22.1130	81.0570	840.2828
90.0938	105.2357	560.2616
40.2708	104.0601	659.5987
97.3484	78.1137	807.3141
78.5351	39.3860	783.2053
19.0822	90.3793	55.6740
8.3997	114.2302	602.5880
138.2020	102.0098	327.9536
70.4454	54.1155	805.1748
48.8449	12.5589	548.9200
91.9545	19.2642	754.5952
40.4574	74.5517	380.3767
105.1380	111.4589	98.1520
77.6866	47.7054	426.8040
45.5872	93.9604	489.4251
42.7550	97.3953	323.9357
37.8888	49.7285	505.4292
3.3969	107.8596	539.6431
2.5930	119.1437	328.1561
31.0595	80.5420	184.3332
85.7127	116.5368	156.9910
74.3527	19.9297	750.9766
57.3801	125.4896	692.9243
12.4390	85.3425	153.8530
53.2249	96.6463	315.6483
109.3803	10.6352	309.2407
1.2776	81.1217	813.1909
108.3375	87.9371	702.2469
29.8569	30.2709	636.4360
127.3084	72.0848	790.0004
86.5321	34.4314	533.9781
100.4550	35.6498	689.9079
20.0555	73.9903	358.4296
25.9021	41.2948	544.2314
109.4994	11.1489	409.4223
5.1118	95.2728	245.6772
78.0882	16.8522	667.4112
90.9938	119.8564	260.1643
118.1734	129.2884	726.9022
100.9257	131.3137	531.5849
53.6399	114.4590	624.7353
58.3082	124.3062	286.8554
83.2783	112.9897	735.8494
104.4564	121.9264	430.3056
12.9242	7.6639	113.4933
33.5648	12.9253	107.5237
29.2071	133.3021	427.4740
75.1971	130.7265	184.7399
110.7954	96.6779	289.7944
53.3971	86.7939	296.4193
82.3979	66.9454	276.5344
70.6134	132.8617	710.8634
92.7952	127.6148	733.5365
107.5184	91.5854	237.7304
92.7077	26.0585	784.4097
117.6443	115.9152	51.1110
94.9852	135.9930	730.3748
42.8718	40.8422	192.9699
122.6658	100.8802	768.2747
61.9823	138.7594	3.6638
86.5128	21.4305	570.0408
0.1481	100.8558	77.0042
22.5907	117.7678	344.6786
8.3132	114.2222	274.2978
64.9765	5.1944	37.7299
24.6553	104.9914	95.7815
16.9957	61.4698	771.1961
74.1643	67.7893	585.7666
55.2450	129.7319	506.6565
89.8299	37.0574	100.4581
42.1886	64.5296	376.8614
134.4159	106.7411	813.7114
53.1834	74.8472	811.1202
127.8288	103.8967	513.4740
45.1677	53.4703	373.9562
21.7857	111.4731	346.5428
29.4266	57.9335	518.9021
62.3933	66.1375	1.7247
104.8457	121.2950	159.3519
82.3645	66.1234	406.5648
82.9258	80.9671	150.5352
13.6827	98.8360	828.8780
113.1696	52.5991	417.5558
75.5441	57.1332	624.7967
55.5412	85.6412	645.1992
73.7674	27.4430	565.1079
32.6234	64.2923	307.7682
76.5129	30.6903	796.6034
12.4237	67.5725	280.0186
136.2842	7.9461	319.8234
17.9217	99.0300	767.6192
70.4687	66.1087	496.2862
110.7996	12.7606	309.8511
63.5129	12.0991	739.0784
119.1393	77.8264	420.8565
65.2524	83.2639	632.8134
139.3969	40.5044	538.6123
11.4254	15.4146	572.0508
96.7818	33.6117	241.4930
3.7539	5.7430	349.0090
51.8706	29.0211	661.0717
7.9126	10.8048	147.8362
64.2074	81.8133	712.0162
32.3593	108.7356	724.8209
38.3485	108.1699	175.3288
47.7365	38.1745	804.0430
94.5457	17.7059	45.6446
100.9355	23.8543	442.7101
115.4084	31.8116	327.7200
26.3260	30.0988	371.8287
78.8363	62.5717	227.3625
45.9862	3.2007	26.5955
90.0170	13.7174	450.6603
27.6523	57.4876	746.8309
49.5212	116.8507	194.1668
134.0178	3.0172	234.0044
94.9714	50.7755	744.8497
63.7434	120.3252	87.8711
26.5876	46.8820	138.8829
119.5515	130.4313	337.2362
137.9075	40.7111	523.4205
58.3485	54.2834	569.7540
71.8042	70.3938	321.1365
3.5515	89.9898	514.7716
68.4079	99.9534	722.8145
116.5277	56.2493	468.9599
29.8645	130.0443	446.9326
76.3912	113.8227	695.6641
119.4929	90.3338	357.3913
28.2751	85.6324	302.6954
108.7597	30.3499	208.0369
103.9957	80.5776	405.4100
110.1084	36.9526	224.5949
86.2858	91.5691	286.9762
103.0037	74.9960	563.1753
97.1132	18.6997	494.9609
86.5180	75.9849	360.5498
7.2272	32.0602	329.2995
55.6338	136.4821	454.6402
34.6600	85.9849	648.7735
65.1221	41.9872	626.5182
75.5295	28.1165	18.7100
112.8456	53.5225	233.7227
1.9570	57.0099	37.5331
29.3863	11.3266	415.5105
45.6258	19.4048	598.2353
115.1708	59.9560	244.4228
55.7116	40.0789	273.4691
50.7516	127.2469	414.7568
9.1660	97.5627	810.7585
10.4826	45.8185	239.8963
120.0391	93.1147	638.6928
130.8689	118.1337	112.3568
16.9314	86.9194	679.9378
80.6850	50.6983	450.6264
68.6668	88.6124	491.0127
131.9264	101.0398	689.5749
107.6371	100.9383	284.4593
32.6250	65.6359	194.2070
13.7411	111.6438	551.5964
62.2587	138.3860	324.8494
16.1346	72.4387	249.0945
93.7487	104.8133	633.8542
57.3232	56.4385	291.0819
63.8903	139.6079	457.1322
26.1794	78.4536	829.2788
49.4452	58.7213	77.5695
105.6141	69.1767	729.3884
127.0435	17.4015	184.1745
5.1149	70.3269	850.0364
111.8639	124.2925	842.9947
84.4978	77.7749	373.5858
89.3685	25.0891	133.4515
102.0291	9.2815	284.4436
63.2151	103.5163	776.8832
130.6572	45.6358	696.9565
28.5208	136.2625	307.5731
23.8519	34.7457	500.6168
62.1074	3.8566	764.1032
123.8955	104.0805	53.3079
47.7353	63.7851	328.5274
108.5934	89.2351	578.4063
40.3746	129.3455	50.2147
17.6484	59.1678	44.6158
74.1611	37.0222	495.5842
65.7644	50.0121	411.2277
84.2464	118.4476	118.7806
87.4534	20.1010	332.6103
77.6630	135.4634	747.5360
116.1950	27.5987	423.1996
37.2384	93.4722	520.2182
134.1842	122.6488	521.9134
121.8526	83.3528	757.8686
76.0172	29.9345	305.9253
130.8036	105.3370	325.4570
67.4684	1.0006	682.0902
101.6282	79.7124	102.3508
109.9627	68.6325	330.3015
112.1422	121.4342	666.6778
73.0483	116.8096	85.4013
78.0882	113.7655	677.4002
52.4726	138.7732	265.7402
106.3949	72.5401	577.9307
68.3201	7.4507	824.0052
115.7272	84.7217	509.2141
48.5677	115.3544	471.2207
116.0109	5.0500	338.1246
94.3766	89.8904	116.2753
138.0281	115.1463	577.3285
139.6389	107.8135	578.4028
23.0938	58.6526	576.6828
65.9155	64.5533	369.0783
55.1002	11.8726	447.3264
34.0800	117.4351	285.3326
127.4175	138.8945	582.9402
101.3244	57.3286	730.8468
80.5600	65.9537	247.5867
66.7597	95.3625	359.3769
11.2643	24.3542	213.7974
96.5738	50.1055	372.8485
134.2187	55.1035	857.3046
74.8797	87.7102	428.8989
100.6765	78.3106	305.7960
72.9964	104.2271	733.0615
123.1411	117.2560	860.1985
2.9702	63.6917	329.8068
108.2534	87.8569	647.6608
100.5903	124.8491	586.7599
22.4361	101.0408	814.8185
107.0012	47.1193	713.1694
4.6145	101.6797	37.1564
33.7727	40.0284	369.2979
82.5052	116.1188	406.1232
59.9428	41.7004	353.3126
128.4641	96.3641	516.5969
102.8541	66.5557	777.3854
15.5750	119.7622	59.4251
71.3000	104.9172	855.7695
134.1659	84.1243	462.0487
70.1359	25.5283	397.2114
94.2365	82.1303	302.4216
54.9963	90.4363	243.5834
31.6742	18.5334	190.5159
87.1910	76.1812	450.4527
120.3526	116.6098	278.0565
69.5291	69.9385	776.8528
23.5019	47.2095	183.3933
6.5977	29.9856	59.5354
6.9532	136.3622	45.4257
91.6754	110.3251	581.1418
67.2467	9.6632	662.9406
114.2749	101.1924	84.2337
91.7048	91.6293	292.2901
10.0507	48.5844	342.7720
99.6617	2.1357	467.5717
71.3515	76.4563	246.3792
117.1832	112.7239	297.6257
103.7311	21.0346	103.7436
91.6469	88.7138	372.0749
98.7294	33.4620	260.3564
14.1592	29.4944	350.8580
138.3453	54.2285	460.4271
85.4650	51.2717	586.6273
68.7684	93.8729	226.8735
56.2030	132.4072	288.5975
35.2942	20.0670	506.4697
13.7124	87.3949	728.2559
1.6774	33.6211	701.7738
76.9170	122.7923	35.4605
37.3854	13.9636	108.8908
25.8645	64.1384	348.9248
30.3970	31.2251	283.1929
122.4992	53.5044	172.6194
108.8571	131.2156	797.1527
135.9286	61.5583	804.3466
107.7801	95.6465	47.1094
87.4941	83.5247	798.0700
79.1703	100.6779	200.6803
108.2545	48.9150	459.3904
61.0539	126.1373	653.5368
114.2894	136.1428	2.7568
98.9179	20.3062	481.3966
52.5956	55.0174	104.8859
102.0207	137.3407	232.3823
97.2167	58.3312	430.4876
60.9188	116.0290	373.2083
48.4353	4.6740	649.8582
8.2762	21.1095	89.6572
40.8202	132.7308	7.3558
132.3454	114.0016	764.9568
41.2663	19.6168	65.4492
32.2296	103.7717	276.0155
134.7426	81.5923	109.8052
42.4650	19.8778	655.3172
75.0793	128.6153	579.1153
60.9948	47.8070	742.1430
136.8133	134.8074	160.5056
60.3471	40.7275	760.0733
53.0128	38.0917	821.0267
79.3231	80.0493	55.3005
134.4204	36.7095	256.1914
96.7246	5.4006	338.8051
70.0428	28.4440	446.4487
83.6576	17.0039	9.9912
1.5530	92.9041	158.1317
68.8519	20.2037	250.3869
41.7678	82.5795	515.0277
90.0754	22.3973	815.6242
102.9767	107.5841	342.1622
47.3586	54.4212	60.8765
37.0807	105.2375	817.8736
53.6324	136.7485	843.8433
83.7909	110.8913	497.2113
82.2284	7.8965	247.6679
92.1549	44.9157	310.2647
13.8737	19.7716	532.9728
116.5766	95.6955	128.2066
108.5694	136.5690	345.1050
120.5506	90.0915	166.0612
72.2567	13.7057	596.5595
128.1374	2.5659	138.8967
62.9809	69.9898	626.6265
112.1122	115.4997	748.1628
81.7971	102.4760	830.0934
136.4458	19.8722	44.4322
32.3122	81.4016	225.9873
130.5837	71.1665	350.9300
126.7169	136.8037	112.0989
89.1173	111.1830	611.4573
101.9979	127.1591	439.2531
114.3064	105.6717	375.8140
37.7212	28.6390	610.5282
126.5596	18.0377	191.0311
97.6554	83.6292	241.0328
86.9141	79.0308	501.5998
132.0594	116.8173	301.0346
84.7005	111.3923	702.1126
109.0741	16.5728	619.4172
86.6470	92.3625	512.9079
96.8952	138.9916	337.1070
8.0801	45.9899	605.5476
67.2550	120.6531	350.9856
79.9187	21.9644	264.6874
79.7414	71.8289	833.8785
58.8111	45.8562	4.6370
126.2911	109.5729	316.9095
50.2560	118.5942	558.8112
50.8579	59.7117	769.0578
84.7587	17.2724	394.5004
115.3489	131.0526	802.9191
79.5708	55.7298	742.5892
99.0302	133.3022	229.4340
59.2819	46.1642	327.5322
47.2294	69.6797	243.2537
125.5242	103.4418	851.0372
105.5781	136.0465	808.8970
34.6484	134.0537	561.3930
38.7561	21.7628	115.3565
80.7322	79.6045	522.0846
29.5387	37.1457	26.1544
122.5281	92.9263	582.2385
103.0304	57.5157	313.4421
108.8935	104.6774	698.1727
46.6263	64.4361	745.6107
31.1602	118.3913	854.0309
12.2235	103.6624	662.6778
65.1804	39.3994	837.1877
69.2332	83.1249	748.4992
107.1216	104.7784	859.3746
118.2342	109.5197	423.7881
133.7929	125.8629	705.2649
60.4094	76.1751	369.5496
24.4983	52.8999	203.9441
49.3576	99.2458	477.4754
68.6692	139.2194	597.5603
122.2070	23.5825	380.2130
103.5737	80.6893	450.0196
42.8961	13.2713	527.5501
113.4689	50.9220	332.3376
95.2260	103.0341	265.5543
60.7911	123.7902	410.1325
51.6686	101.4629	591.5833
70.4357	71.9702	677.3563
134.5366	71.2682	623.7387
6.6791	52.2302	273.1804
105.0923	82.5594	436.7690
4.2838	60.1159	378.6067
81.4112	64.8115	532.1364
33.7781	67.0938	637.1958
97.2730	51.8921	82.0473
124.1208	4.2849	713.1564
6.7043	129.3142	563.4750
86.0953	6.1645	711.4883
62.5970	21.0649	366.0521
40.2014	127.8004	72.3346
19.9258	50.9140	8.0977
37.0772	52.1400	550.4997
58.8641	62.7499	114.9445
133.4674	81.4735	579.4693
59.0751	53.4147	257.2677
45.6236	43.7886	192.4285
110.0790	126.0667	792.8686
127.9096	118.9649	333.6581
32.7968	116.1232	278.0671
1.0839	98.1109	351.7464
106.9620	9.6155	180.4110
47.9333	58.6390	235.5983
91.9253	94.1517	522.1038
0.0560	94.6881	530.3117
12.7553	62.9232	165.1279
139.1385	73.9905	444.6600
8.5155	57.7670	788.8800
54.4724	15.8359	702.8952
35.7550	91.0186	270.1706
10.5147	135.7942	240.8396
69.0295	86.7871	183.3031
37.8665	57.8680	414.8495
40.0287	81.0809	536.1352
69.1138	1.9917	681.5665
110.4628	16.0446	362.1872
1.2392	104.2091	541.9732
89.3087	0.1160	524.2978
52.0296	56.3912	249.8098
71.6938	55.5459	360.4751
83.2382	105.5895	38.6622
54.6514	105.5014	336.5063
134.0931	42.2921	225.3443
100.8946	96.6305	488.6438
82.7335	70.2509	82.1826
53.3145	60.0913	532.9154
118.4266	40.5538	406.3277
41.9154	100.8269	181.1869
11.7334	7.8794	246.4583
109.4900	39.3916	266.5443
55.9190	87.4644	648.2751
44.2938	90.3699	268.0610
99.4193	137.4202	837.7608
62.2603	105.0936	357.7969
42.4004	59.4794	187.7438
125.7326	11.2308	271.9599
10.9853	57.6382	666.2134
19.2348	85.1402	38.5374
89.9557	42.1452	129.2315
30.5562	37.5797	127.2488
99.8376	51.1652	399.6691
133.1219	111.3290	466.8556
75.7640	32.2005	18.1560
139.1847	67.2029	328.7070
98.6512	88.1993	322.0156
74.1336	39.7253	258.5540
92.8887	102.1775	368.4872
29.7681	96.2788	299.6123
11.6397	57.3567	167.7320
78.9140	65.0427	546.5309
138.4569	46.7897	469.9746
118.0722	62.0603	105.3834
108.7660	88.7710	146.6709
29.0526	138.7256	264.9356
107.2133	135.2784	68.0865
65.4483	94.1032	619.9892
126.1218	92.2787	208.8063
69.3451	134.7826	40.6783
111.2365	73.3879	157.5252
128.0010	21.5682	216.3280
115.1701	118.3753	623.5478
50.1284	128.5108	200.3157
72.8350	25.1302	519.8780
127.5841	120.3936	538.6529
45.4823	135.0446	404.4854
96.1723	24.9710	814.9682
99.1451	92.2770	466.1900
102.0947	30.7682	100.9041
130.3077	57.4463	458.2231
45.2305	84.1780	100.0089
57.8326	3.7686	563.0454
43.8785	137.2277	450.3005
95.5283	132.0865	646.0763
105.8177	127.2118	513.2853
66.2810	76.8436	536.9732
29.9228	125.2923	590.3165
23.0529	75.3110	802.9888
82.3823	23.2841	38.2455
69.4789	79.8453	398.7779
8.8910	131.9528	414.6762
12.0097	98.4483	168.0307
111.3577	105.0041	591.1434
134.9547	12.9351	644.9302
121.6939	127.5957	334.2239
41.2663	19.6168	65.4492
38.0187	50.2879	40.6895
83.2189	57.7339	516.7707
47.2936	99.8014	667.3808
44.6421	95.8969	178.3014
22.7829	82.1011	816.6335
85.6364	73.2763	476.1758
2.1073	69.3982	631.5093
40.6871	130.7914	163.2818
129.9840	100.7549	589.3830
56.6112	25.9081	854.9154
97.0873	61.6055	695.2738
0.6283	22.1280	222.0357
5.2215	27.7951	519.4048
73.4744	2.8942	774.8396
31.1561	81.1617	362.2727
124.0440	100.5383	297.7090
79.6225	77.3553	23.7146
47.3895	55.6152	9.2636
72.5953	62.8328	124.4277
125.9601	74.5641	787.6669
48.3934	112.3418	124.7742
78.5301	116.3276	239.2225
8.3076	17.8503	223.3119
5.7482	46.6319	35.5465
62.4712	62.3815	133.9136
109.2405	45.0690	688.1090
116.8233	125.6822	230.2022
50.5214	119.3479	377.0968
65.9213	136.1310	850.8858
37.0440	119.3719	495.8295
67.9991	127.9059	759.0228
44.4927	98.5376	483.3277
103.9554	69.1392	361.8528
132.3505	6.6176	503.1011
139.0422	113.0834	428.8598
116.4039	23.4788	315.9717
99.6670	47.2436	149.2600
78.9932	94.3679	551.3289
4.9072	113.7278	826.1373
134.9448	72.2748	755.4517
95.9718	78.5259	175.4434
13.5226	33.2378	813.9527
96.4381	73.3242	264.6295
57.1477	92.1953	740.9486
63.0054	40.2606	339.2044
68.2370	30.7711	109.6841
99.9715	122.9040	584.6551
92.6224	14.6561	181.3465
20.8138	85.3617	65.3594
41.3569	134.1207	203.3329
0.4132	94.9171	327.9319
68.4754	97.3381	395.8601
96.7575	1.5236	710.8275
75.4707	112.4934	66.9148
38.4647	102.3201	221.6524
18.0027	95.3686	21.4692
9.1651	42.7313	31.2090
92.1950	4.4947	383.3565
91.7214	60.1800	302.1279
9.1647	111.4468	575.2487
75.8761	33.0529	483.4927
95.9669	83.4341	769.0971
91.3640	44.1192	817.2849
135.7006	8.9247	765.9460
49.1076	68.7008	86.4017
71.0127	119.6505	326.6171
17.8611	51.6535	541.5049
20.9893	91.6127	285.8981
19.3600	23.1691	55.4534
32.2771	73.6101	568.5322
96.1871	83.2505	425.6933
20.5921	132.8767	120.5295
101.8644	88.0721	358.0015
8.5652	92.3122	149.1085
107.6771	105.1649	550.6788
97.6129	29.5039	576.5749
68.2320	29.1871	198.8654
60.2836	97.8913	705.8967
65.1434	57.3774	436.0073
50.0089	51.7745	414.2139
128.8043	72.9132	790.2599
58.4523	63.5067	122.8007
97.0713	129.1582	576.8633
48.5663	57.4089	573.2594
98.6652	107.2415	175.3432
104.1439	6.0662	353.1536
17.5280	46.9093	827.1081
134.6162	121.7103	177.7319
4.5292	68.6303	652.8651
5.2792	88.5900	397.0085
74.8985	95.0651	258.2672
124.1835	103.2798	765.3602
115.5513	100.4980	595.6091
78.4628	13.3639	3.5730
54.0799	24.3965	263.7876
55.3702	94.3925	203.2965
105.9994	115.6079	702.5185
95.0835	94.2894	336.0014
67.0870	31.8484	438.6755
27.3074	132.5046	335.5109
18.4058	89.9745	777.9184
18.8094	70.0734	19.1484
17.0240	85.4161	68.2521
135.9026	62.3132	554.7335
67.3814	63.0600	696.4603
58.7289	108.3365	585.8660
20.0033	76.3565	434.2706
52.5812	105.4165	488.6274
115.5815	77.6704	404.7294
16.2753	62.0015	549.3911
62.8910	52.7837	253.5814
62.3283	32.0352	254.3006
37.7955	115.7631	111.0753
74.8375	42.4535	17.5194
104.8028	28.8396	630.7683
108.3165	52.1906	314.5704
93.5767	83.2539	147.2287
106.3356	62.1765	600.7337
83.6246	70.8761	84.1604
47.8551	10.9773	1.9329
51.0198	45.4588	66.5203
123.7873	79.8697	178.9498
111.2388	41.6107	485.8805
7.0125	58.2121	733.8107
112.2995	77.9881	569.4647
128.8467	73.4413	95.9453
77.7184	132.0387	735.2665
33.5003	79.0218	656.2786
77.5977	71.8704	810.3358
15.2902	101.6400	225.5293
93.9127	127.6370	25.9787
25.3841	138.7910	689.9715
68.1684	60.7627	114.5724
59.2280	71.6549	459.2053
85.6014	131.5422	113.2777
1.6653	62.5987	549.3972
128.4765	28.7132	599.3983
93.9192	124.4923	550.8811
112.8028	7.1114	345.9059
12.0423	52.5348	218.7032
135.4601	22.7248	745.9907
4.7635	2.7072	751.3398
48.3377	40.6914	403.6602
96.3332	22.5978	316.7873
109.8115	66.0208	318.4557
15.8325	125.9942	201.5164
135.3103	55.4789	151.1323
119.8703	69.5287	802.1693
119.0751	81.4417	365.4564
129.9779	37.0627	351.4971
79.9560	27.4282	861.1803
63.9676	79.2069	300.5833
26.5546	104.5566	208.7522
123.9347	106.6024	733.6302
109.8097	0.2876	733.1163
75.1929	115.1399	804.0424
75.5444	70.0771	330.7565
77.3904	60.7090	789.2459
39.8419	0.0965	386.5046
13.4021	122.8384	281.9737
71.6035	72.3566	281.9633
79.7801	127.5312	565.4012
24.8563	45.9658	233.8233
78.0248	52.1225	53.2889
136.8022	115.5853	737.2960
49.5627	53.3279	341.2874
54.0236	88.7316	466.0182
70.5353	92.9105	227.1927
50.6223	116.7847	597.5161
85.3883	96.7894	475.6971
36.9963	49.9403	66.6014
61.7346	39.8955	300.9106
61.9065	106.2317	32.6724
110.2580	123.8316	622.6553
59.1128	119.3594	611.8446
3.8432	72.7201	89.5269
78.9588	114.7138	420.8477
41.0318	77.7424	221.0233
20.8050	91.0464	219.5365
27.7780	54.4823	298.3535
43.7318	56.7469	178.6948
50.8098	57.0362	714.9019
58.4308	22.0050	402.1897
58.3817	29.3734	534.4815
2.2451	116.2592	308.8243
88.4108	24.4199	608.1870
68.8759	25.4363	459.6380
20.8453	45.8455	482.2461
134.5711	9.4226	668.6732
36.9618	106.8048	257.5452
47.3795	22.5320	645.0974
133.4510	66.6456	11.5626
21.8161	102.7960	403.0126
110.4636	18.2551	173.1729
97.8355	82.8677	802.9266
53.5370	59.6624	217.9099
51.8906	102.8844	108.9360
95.4820	93.7113	468.8851
40.4155	103.0614	826.5862
116.7345	76.2660	111.2375
65.8007	98.7501	691.2996
22.6940	2.5197	380.2337
52.4702	138.7378	416.6693
39.8306	87.4409	351.8255
45.7783	93.4242	719.0058
60.7631	41.8613	735.3078
130.0994	4.7355	792.3068
83.7797	113.7687	31.5930
75.3175	94.1369	494.0090
44.1789	58.8339	192.0153
38.9677	54.7780	204.8809
80.6583	10.8063	615.7955
90.3269	92.4618	116.8099
97.8129	27.7860	603.0563
106.3618	86.3171	459.5687
65.7566	38.1009	143.5595
62.9424	17.4034	721.6235
23.1780	31.0690	359.7566
29.9026	79.3292	738.6317
8.9732	65.6205	256.1765
109.2067	61.5563	776.2628
6.6521	75.4885	255.4616
91.9324	127.5962	591.1935
87.3538	15.5155	759.9543
75.9819	120.5151	674.7576
58.5815	19.4146	547.8890
100.3958	53.3015	553.7642
108.5880	35.1644	661.9826
139.4897	62.1685	515.6466
28.2429	74.5431	345.3743
129.9344	70.2436	771.3000
106.4327	65.2417	729.2174
37.2716	59.6793	55.3805
139.5357	133.5830	294.0028
96.3410	21.4310	619.0188
72.5503	43.4740	609.9462
83.1616	133.8540	10.2117
33.4539	110.6816	309.3778
11.6975	73.2205	780.6128
29.5171	54.3209	578.2189
7.4252	29.4662	838.8659
90.2461	108.9592	308.2558
126.2160	87.0659	515.4176
133.3930	121.6941	305.7010
3.2294	95.0305	240.1491
35.2119	103.7619	118.0173
37.3456	84.0732	701.8827
20.9581	108.2109	409.8008
5.4607	22.6824	308.4881
77.2489	128.3786	214.8372
133.3268	74.2304	202.7870
9.8342	77.7026	592.4903
54.3473	75.9347	538.4855
69.5937	113.4444	365.3120
111.5221	74.6702	258.2035
7.4074	54.8349	430.9913
137.3588	139.1207	136.8197
20.0325	69.6926	57.6558
118.3131	35.5926	613.5594
8.8672	107.2434	424.0611
58.2323	113.3925	496.0564
15.7402	111.0726	773.3049
123.6380	72.2950	591.5012
80.3381	111.0192	446.9443
12.3757	109.1946	430.2760
122.8662	109.4024	58.2741
35.4226	43.8089	382.5933
47.9566	108.2920	70.3621
104.2512	136.6420	357.6352
11.5516	24.4351	254.4980
10.5497	109.9131	71.1732
46.9726	78.8371	563.9770
34.1395	26.0562	377.3110
91.1477	104.7960	493.2347
87.4434	22.4941	330.4325
24.3100	76.5092	329.4063
97.5154	80.9205	820.4869
33.6985	98.8356	759.2329
132.3749	11.3704	156.3350
99.4809	87.2024	754.5414
73.6396	134.8503	726.5136
134.6608	125.8548	178.5410
68.2380	56.2389	404.6825
75.5062	122.3156	195.2862
41.1919	94.3749	475.9013
138.2397	116.4506	317.8756
65.3238	97.5366	447.8151
113.8209	77.4825	524.1416
81.2435	113.9682	31.7287
51.0861	111.4969	182.7778
135.5530	118.5491	581.0247
122.5039	41.1406	669.0433
110.4545	128.3479	689.1361
137.3631	125.7083	106.8179
24.4677	54.5086	110.8783
105.3972	73.5449	199.1446
130.1782	34.5019	8.6540
83.6225	27.7810	827.7244
27.2988	26.1270	519.0222
36.9758	40.6900	402.9473
45.8074	56.8777	403.1379
52.7910	82.9959	458.8893
99.8029	39.7091	122.3634
101.8041	104.2280	191.9473
43.3710	58.0806	348.8113
12.8741	87.0980	6.0268
45.9272	29.6241	305.7514
94.4913	102.8961	109.8647
124.8454	133.6009	155.6293
73.0517	66.4059	644.9271
35.1041	138.9329	428.4495
27.5302	25.2686	561.9230
73.1385	125.8472	590.9575
125.4363	48.8120	106.0917
53.9703	97.4318	34.9138
119.8389	117.3951	47.0475
55.4956	135.7249	515.0534
90.2065	69.1260	707.4220
71.6542	92.6686	193.4147
99.3431	1.5404	208.7560
8.6108	48.3640	789.4535
107.4063	61.2671	53.1074
2.1998	13.7451	495.5058
28.6592	19.6489	410.5544
17.4771	110.4601	47.9653
78.9508	16.5516	367.4223
17.2154	48.9089	34.5249
54.6172	102.2337	753.8015
16.1856	136.1773	404.0268
7.6508	92.6944	88.4940
29.4641	7.1703	543.2170
54.0003	0.4075	20.7964
79.3633	102.2585	312.9908
96.1690	108.2615	225.4967
8.9373	60.8185	458.2930
2.4581	65.6486	322.8077
93.0328	22.1530	127.2319
51.2578	56.5482	829.1341
88.5049	89.3842	148.3726
78.7620	53.5812	450.2515
101.1243	113.2955	360.4655
57.7031	40.2893	585.2400
132.2153	110.9898	480.7958
19.8081	49.6389	584.7127
139.5277	89.4161	201.6881
96.6039	72.1158	92.0724
110.9664	34.7858	330.5864
16.3369	18.5082	674.1644
70.5217	91.8431	286.3019
26.6555	44.9534	802.4729
85.4305	138.2204	202.0399
117.6775	129.7463	790.8869
56.2669	80.4308	229.7524
31.8472	14.1933	506.9179
108.7262	22.7259	232.7195
87.8205	102.3954	488.1304
110.7217	129.2101	627.5537
50.5783	24.2330	436.6738
97.7486	99.8723	608.0189
103.8171	87.5357	567.4789
139.0856	62.6869	314.7206
70.1423	30.1017	418.1073
103.4707	11.2259	260.3694
19.3732	113.3869	234.3172
111.7381	124.0537	529.9529
55.2618	87.4882	429.9713
112.1423	93.1936	348.7256
138.1783	61.4008	740.3233
99.6488	36.0481	91.1972
137.2776	21.8174	13.7383
113.1775	117.3672	31.8081
18.3321	103.8505	487.0680
13.9052	13.7571	734.4720
97.0513	86.6360	622.1524
109.2149	21.2872	663.3887
103.4570	23.0691	667.3567
83.4302	123.6775	40.5198
113.0674	79.1991	761.2115
125.8925	94.8629	715.8842
112.2163	130.3821	588.8433
112.0278	66.3553	291.0080
46.0972	47.1381	832.7390
17.8487	40.2785	24.1775
75.8523	54.5889	799.9726
135.3189	34.1934	379.7672
74.0456	36.7434	707.0734
43.2792	20.5375	564.0024
24.1210	24.4149	360.0845
121.7778	83.2349	172.2617
57.2319	32.1064	173.3143
40.5021	136.1024	157.2977
8.9946	90.8819	51.9688
130.3203	138.4243	763.1996
134.2366	128.8439	468.0087
55.6426	65.3214	853.8127
114.7641	75.5699	92.4247
47.9475	86.6010	279.4106
43.7005	31.6974	853.6062
52.9688	58.7080	412.9225
67.0554	47.6470	7.7040
27.0974	85.7263	692.1256
18.4562	36.8934	337.5688
76.9473	123.0842	40.4402
107.1351	13.2331	449.5816
31.1282	111.5344	737.6925
71.6096	100.1402	430.6394
60.5310	30.5595	145.6084
6.9124	19.6375	58.4897
132.1141	100.7724	620.1906
52.2773	83.6859	266.1132
93.5653	105.9679	253.8011
103.2956	30.4804	844.3456
12.4642	109.1910	399.1169
39.7605	119.7763	794.7545
9.6181	55.6607	176.7489
135.4195	54.4082	124.4413
0.5775	76.7941	243.0430
54.4782	117.6921	653.4139
12.2430	35.9327	57.1057
109.8559	112.7989	468.5532
45.2717	88.8115	174.0984
44.6317	61.1853	150.4501
91.8554	29.1571	64.8542
23.4104	33.3543	343.5749
88.4224	3.0153	829.4119
123.1739	93.4040	822.4482
49.5192	120.3516	260.3967
32.6830	65.4232	242.4259
59.2813	138.4786	380.5882
23.7246	115.0523	213.7941
49.0168	131.9419	362.2669
102.9753	122.9484	613.2340
44.7775	128.2541	138.4206
108.0641	101.1415	195.5021
86.9440	20.2356	124.3067
18.5794	117.8449	778.8948
18.9896	113.8873	34.0530
52.8373	73.3613	733.6821
33.7278	11.0246	585.2408
64.1265	40.1171	667.1489
55.9766	93.2648	357.7501
28.9229	45.6693	359.2985
92.6813	139.3363	283.4209
35.4288	87.4333	735.6652
123.4497	22.2785	264.5783
12.6990	88.0328	191.3800
23.3469	0.1519	460.4555
10.3905	56.6604	694.4529
134.6046	18.0753	506.6310
2.6751	113.2968	193.1899
28.5168	45.1581	820.6752
74.0512	105.7918	39.7324
137.1987	95.5663	37.5161
93.9389	132.9870	500.8790
94.6201	48.0166	524.7153
72.4635	68.6282	72.7958
16.9393	86.6846	202.6123
133.3696	33.6557	37.0471
22.3989	17.8919	359.1044
124.7917	103.0472	524.7370
49.8309	139.1827	440.0826
46.9924	111.8433	260.4888
80.8609	50.8128	501.7337
115.6152	107.8974	842.0664
133.5047	111.2946	548.1131
63.9547	96.1591	602.0957
32.3084	30.7762	860.5878
139.2468	61.1029	678.6215
122.7210	74.8096	523.9313
27.9389	118.6305	669.0173
104.0109	112.3142	282.6535
12.8539	46.4680	211.1142
106.5426	63.8328	64.5843
94.3578	91.5704	376.2515
57.2512	10.5383	669.8364
91.8979	31.1334	687.2707
68.7089	3.7673	492.3901
62.3522	61.3018	781.9239
71.7877	50.5286	190.8789
44.1886	85.4039	283.9186
13.6373	15.8132	543.0734
29.3933	53.4302	411.6833
38.4493	52.4855	621.1134
77.2847	129.9533	573.7725
44.2705	103.5394	24.8253
135.6607	4.4109	141.1589
26.8927	20.5795	347.0334
50.3655	112.4393	378.9654
57.9823	128.8276	153.1828
48.4500	95.5121	592.7143
18.6818	13.8806	398.9576
90.5034	41.3095	857.0675
35.9078	129.5861	443.3810
3.6122	24.7822	655.6715
26.7865	51.8530	451.4754
13.9383	6.6078	394.8927
5.2483	62.6199	33.3103
76.5704	15.9668	431.0785
68.1071	68.4566	815.2038
80.2138	126.1432	711.9028
66.5124	75.3697	680.5477
53.0092	7.2536	847.0192
54.4912	108.0455	246.4845
132.3509	51.1742	480.0379
95.2887	69.7816	210.7720
28.5823	135.3389	712.5492
3.1689	98.1183	756.0569
108.7619	88.9895	439.5525
51.8039	115.2663	578.0483
114.9271	28.2758	303.1444
92.0157	92.2613	127.6095
128.0750	47.6643	355.2533
41.5811	124.6999	442.3655
46.7771	123.6923	497.8747
11.7798	8.4831	91.3714
45.4274	111.1524	395.2775
127.4316	78.4527	374.5633
134.5205	137.1563	800.7103
78.0394	123.6739	211.1832
37.9998	10.1014	109.1810
109.3963	68.6073	615.5375
108.3780	60.0489	812.6839
51.9835	9.3639	390.4308
59.7275	22.1675	10.7800
106.3924	139.4361	306.5117
2.8747	100.1711	338.1836
35.6406	68.7204	195.6680
106.4429	60.6857	781.1239
73.5320	107.4416	491.3081
125.3048	123.1373	334.8716
112.7062	6.8192	695.2407
134.1608	122.5844	428.5545
128.5124	127.4900	720.4591
112.0542	66.0112	359.9989
39.3183	68.9125	260.6828
126.6319	0.4378	855.0007
47.0862	8.3416	658.7856
72.4319	61.7468	737.6720
106.0128	74.7064	25.7067
60.8948	26.7119	250.4343
91.2051	82.8150	125.1925
32.9374	79.7419	92.7795
46.6657	99.2394	32.0090
23.9127	48.0690	295.3654
102.7146	116.4117	692.3093
92.5756	86.7749	636.2139
124.4666	109.8943	728.6657
62.1203	67.4240	72.2775
40.0579	135.1448	707.0758
130.2500	53.0332	791.8476
10.8133	111.6603	356.0942
92.2613	106.8442	269.7251
62.0275	127.9357	339.9622
68.1206	7.4623	802.1226
55.3841	39.4920	261.4330
4.4111	117.8964	309.6202
104.3942	91.4354	679.1690
108.6498	64.1997	572.6843
138.7549	43.0798	726.8718
121.3103	136.6489	210.2001
120.7614	38.0244	244.9626
126.0270	36.5965	705.9790
97.8552	88.9510	611.3680
134.7431	81.5894	109.8083
56.2194	32.2386	804.0475
135.4781	22.3132	652.3093
28.9531	129.0127	685.1662
126.7713	114.1333	850.2806
62.9338	23.9203	236.9976
61.5617	116.7071	165.1675
62.0774	31.1255	744.9534
108.1250	137.7285	251.4853
110.5878	43.1216	634.5702
19.4402	29.8958	152.5633
84.3750	83.3636	770.4108
79.9204	135.9360	251.8678
131.5740	71.1920	741.9751
137.7532	136.2415	219.8278
97.7742	44.7844	695.4355
23.4634	121.0491	199.8036
42.4774	126.0316	747.7803
8.3344	27.7964	57.5265
27.1361	78.7580	383.0328
37.6533	48.8494	83.2226
48.5598	34.7454	402.9196
37.2157	95.0722	161.6668
10.8783	81.9421	535.1926
18.0164	110.9349	10.6755
0.9584	52.6585	21.4736
129.9244	135.3160	694.3377
119.2498	31.7721	178.0624
62.9036	130.8910	498.5797
95.9498	91.2961	305.3577
7.7848	12.9343	485.3593
98.7297	75.5146	351.0516
4.5232	94.1173	117.9382
48.5909	92.7649	757.4434
41.5589	81.3632	715.2604
6.0921	46.1094	457.1493
24.6454	105.8624	187.3025
112.1435	24.8960	218.8117
2.5793	120.0759	97.8513
70.9741	53.4454	68.3527
30.2542	62.6357	173.4004
61.0252	29.2879	0.1810
46.8764	51.0136	45.7624
10.1588	54.0497	254.5722
32.3172	80.7272	556.6679
133.0290	139.5864	656.3568
39.1384	91.6592	580.0571
136.2313	121.6044	509.3382
85.4689	29.5669	700.5951
62.0994	122.7973	321.3175
123.6766	35.7761	603.4629
138.4564	71.6651	780.0330
7.9815	106.4650	852.6141
108.9296	30.8525	479.1733
105.5241	40.3397	298.1759
129.1397	129.8407	206.3876
72.9035	74.8515	223.5535
13.2002	33.0780	357.5180
5.3968	44.9112	380.5319
128.8153	33.9730	287.2444
118.4080	121.5230	73.2300
91.3041	69.7391	652.0405
118.6643	64.5891	338.0762
91.7899	91.3004	651.2485
131.4651	21.7705	155.3102
96.6417	32.3799	143.2891
120.9276	47.3552	476.5484
73.0664	17.7264	655.4999
68.3585	34.1004	817.4310
10.5123	88.5994	717.2515
26.0504	66.9687	604.7930
10.6880	138.5080	95.9809
47.3623	108.1947	153.5093
98.4220	139.4602	560.8109
69.3499	29.7246	775.7135
137.1843	61.0477	370.7249
53.8428	13.1147	331.3308
104.8765	1.3735	522.6670
50.5681	59.4657	753.9467
36.2396	20.4706	319.1941
120.7140	73.2843	372.8692
123.7579	108.5821	94.2454
14.0164	129.4713	601.9125
7.6096	10.6750	342.7550
20.5285	72.7390	263.2676
133.1963	53.7193	600.7093
138.2673	81.0023	828.4552
62.5619	73.7296	316.7157
70.2568	97.7467	642.1440
15.3587	33.5238	765.6095
71.3473	73.3928	284.0521
86.8724	64.3693	132.4604
56.5564	3.6494	73.7217
135.8612	127.6380	300.7685
88.6638	118.0353	28.3538
60.6777	47.1713	647.6552
69.6499	119.1948	828.2370
90.5409	16.1042	549.3098
83.3049	31.4107	67.9958
120.4743	118.5095	318.2692
72.2104	45.9690	59.8246
76.2454	124.5200	274.4285
26.7678	73.1136	101.5752
18.2453	123.4224	405.2434
105.7320	48.6807	219.6137
92.4593	23.4810	33.4295
106.9867	113.7187	356.4381
96.7813	11.5002	346.4421
97.5162	104.2709	146.5056
23.2043	7.5449	401.1593
68.4822	18.8637	684.0754
31.6077	27.9061	286.3525
5.8781	76.1871	674.7590
29.3885	41.9548	657.5983
88.0845	19.4241	582.2404
23.5475	65.0702	58.6955
76.7405	120.5940	178.1551
79.8584	102.5530	823.1750
26.4678	44.2256	713.3082
99.4529	127.2864	313.0284
10.5063	34.3753	750.2380
112.4878	47.8495	648.5011
49.6907	13.1703	295.0467
81.4035	64.3053	19.0306
7.2598	8.2394	161.4391
25.8027	41.2970	723.1429
75.8903	101.4582	124.2126
32.1559	110.0131	617.1552
136.8870	89.5492	384.6156
16.7374	67.9687	361.9054
76.9765	5.1449	470.0305
109.6064	84.9850	203.5508
26.5721	133.6850	288.9106
31.2748	58.7623	226.9482
46.9828	136.4910	767.8566
74.9623	51.5281	508.7752
53.0143	10.4219	626.4003
21.6862	73.2270	665.7663
55.8811	86.1132	424.9776
76.7487	85.3685	262.0611
3.3225	23.4845	252.9876
24.4427	104.3193	765.3662
50.7146	117.8501	519.0373
45.5146	3.2692	138.1244
95.2627	132.2764	505.1381
139.4613	50.8525	61.2287
8.5687	27.7073	324.3554
12.7881	83.3175	99.7426
87.1770	103.5141	252.4719
20.6679	30.0376	158.6380
20.8660	114.3143	243.8509
90.0627	36.4203	391.1839
134.2370	88.0012	726.0285
62.4400	17.0062	268.6184
73.5376	25.0697	550.4580
35.0016	98.8165	514.5635
29.0122	75.2271	548.9802
92.9869	39.6973	734.4277
114.5766	23.3874	489.2406
109.7993	55.9809	558.8526
67.1313	65.7327	346.6211
44.7006	28.3078	517.6048
129.8290	8.5008	245.1747
56.8951	39.2215	23.7589
40.1600	79.9611	214.2829
119.8082	45.0987	126.4630
26.5008	54.2882	608.5543
87.0866	54.4289	671.8564
134.8798	127.1856	678.2123
107.6918	55.2210	87.6839
138.9802	29.9975	188.0408
113.2246	99.2835	524.6393
80.3415	92.8270	127.7854
94.0580	52.4788	145.8172
103.1588	73.0255	220.8685
132.6254	44.4482	130.7509
43.8094	95.2074	598.7035
118.9906	72.8849	311.6966
120.0335	116.3645	301.0576
117.8180	110.5093	183.9486
88.0558	17.3077	243.7440
137.6144	58.5420	764.7190
55.8680	93.5431	207.4593
113.5432	31.8735	327.8912
2.1304	132.0074	503.4562
121.2019	4.1139	315.9696
117.4027	73.9164	157.1252
82.8647	94.8990	450.3444
73.6809	64.8179	743.9116
104.7962	72.9640	821.1142
24.8936	39.9537	800.5616
24.4836	45.1066	330.9265
133.9299	72.1968	238.7070
119.7449	40.0840	494.5092
3.6137	12.0341	440.2233
9.4755	101.0279	75.4008
76.9970	111.4788	8.1798
18.5728	76.2937	637.0789
90.3742	51.1161	613.0393
82.0964	93.7391	208.9987
73.9735	56.6237	280.7658
41.2911	97.5129	589.6968
28.5870	135.4123	366.5361
34.1474	13.2887	735.5444
68.2575	4.4306	809.0965
94.5960	115.5318	106.3678
54.0842	123.5123	404.3339
123.3488	103.1444	25.0199
64.7060	39.9345	99.1885
16.0563	82.2329	296.5378
32.7215	2.7353	731.3175
96.9512	103.8360	220.5231
114.8234	45.2915	511.7774
52.7889	108.9115	356.0708
29.6895	100.9434	240.7257
15.8810	103.2166	590.8955
104.9024	89.3179	576.2747
71.9717	54.3160	540.9501
117.8867	16.6261	751.8980
51.0839	123.5579	707.4689
51.4516	100.4190	231.4890
51.5107	59.1641	125.9709
114.7441	127.3670	350.3012
90.0083	128.3314	190.2847
126.8112	72.9851	784.2818
111.1200	137.5103	248.0465
135.1977	91.4346	785.7842
111.5182	63.4356	475.2733
115.1863	119.1927	30.0739
85.0214	29.3376	584.9600
70.3519	49.8083	88.2286
64.1221	118.7707	296.9683
101.8511	98.0652	345.5045
137.0357	118.9060	745.4491
81.2499	117.9255	500.1632
72.4262	77.7245	482.8162
28.8355	102.1742	765.9695
61.3459	59.2042	313.9378
14.0568	74.2101	574.6862
100.9714	132.3363	761.2832
112.1600	46.7673	479.4346
22.7308	139.4940	375.1206
68.6771	83.1418	440.4954
40.9740	22.4065	649.0139
132.3631	46.9471	101.3437
107.5828	62.3821	197.4157
135.7143	94.5345	538.1085
29.4293	104.8623	153.3549
26.3418	66.2556	205.8950
53.7331	17.2720	427.5465
45.8079	49.4742	216.3660
126.7301	103.6567	748.1510
133.2899	18.5733	517.3412
57.5798	45.8621	491.5670
73.4294	40.2885	350.6388
127.9569	112.6899	148.6601
16.5884	37.7649	60.4037
41.9154	100.8269	181.1869
26.1265	110.8584	156.2074
33.3144	81.4769	364.1735
41.1404	37.3413	482.8152
105.9100	12.2691	836.2892
51.3941	133.5644	187.2891
86.9794	56.4043	90.1488
58.7638	40.3126	260.2914
41.5923	93.4040	96.8841
19.5833	106.6732	61.5262
87.2320	10.0834	528.9055
43.1602	51.7414	565.1399
35.0659	135.8660	231.1828
68.5666	139.5086	630.9604
88.7303	28.0307	547.2740
65.8336	73.5861	468.0929
128.4658	41.2596	444.9670
36.0360	138.9626	434.8414
11.0662	86.3916	563.4229
72.8638	4.0375	493.8094
74.5775	81.8411	281.0933
62.9107	130.5073	591.8487
93.3034	97.2257	757.6422
109.2364	83.3295	300.4753
107.4949	1.0823	424.4435
4.9624	70.3052	568.3416
11.1728	21.0180	34.9021
55.9580	41.5904	758.6195
10.9330	101.2175	765.8374
36.1447	115.7640	515.4323
80.5714	50.3915	535.5094
136.7987	24.6433	450.9394
23.4380	20.7885	126.7194
61.0777	134.9658	525.2973
6.4030	35.8216	221.0468
39.7318	69.6021	91.5402
103.5355	61.9580	456.8279
2.9271	39.9480	520.6597
49.7018	79.8729	492.8073
109.0178	21.9277	218.5805
33.8801	92.0374	391.1590
61.6083	37.2317	747.9732
119.9885	71.7639	45.2940
86.5222	112.1265	543.7824
61.9911	124.1450	433.2858
57.3625	44.3957	135.4139
69.2446	13.2472	229.8368
12.7099	35.1051	203.1846
126.4424	107.7070	510.8693
90.2284	131.1647	106.4613
24.0429	1.3940	402.6350
125.2008	78.5091	734.5468
107.8178	84.8619	469.0963
9.4488	128.2591	556.6866
112.6731	108.0943	513.5882
83.8012	79.6889	11.6576
83.6606	130.9396	147.8437
24.7023	135.0326	223.1877
61.4571	18.2466	104.8797
5.8417	113.4619	655.7225
29.6619	9.0684	734.6546
96.1736	0.0369	28.6092
135.2578	107.7153	682.3328
124.0378	71.5133	505.9159
136.5901	27.2568	478.6463
28.1832	49.4173	480.7393
100.6499	34.3704	159.2395
57.2080	109.2269	335.1228
65.9727	84.2260	641.1951
110.4931	77.5760	103.5990
132.7132	24.1239	156.4214
26.9796	74.8493	137.5425
132.1269	122.4298	290.1854
26.7391	110.5340	310.8341
7.7508	84.8292	452.7781
8.3763	75.8171	17.7786
41.7729	115.6311	184.3592
116.2184	85.8817	252.8389
109.4252	27.4120	771.2196
94.7220	84.6613	399.8330
109.7184	88.0497	403.4091
111.5250	133.9598	726.7229
66.0025	38.7738	761.2786
75.1465	44.2527	7.1600
101.6375	98.9989	406.5531
34.6734	110.8121	286.2599
95.1649	45.5448	533.3890
131.3876	81.8045	797.8708
124.9694	48.8582	130.7815
117.7129	116.8522	423.4700
4.3276	133.3233	39.9572
35.3586	32.7814	256.1860
105.7350	109.1624	199.4325
5.9600	58.0498	295.1803
35.3999	29.6931	853.1068
63.9585	50.6169	528.2417
55.7838	33.4121	648.5164
30.6633	67.6837	585.0286
25.0157	36.8822	277.1471
92.7604	126.7226	129.7180
22.6430	86.2081	77.9551
119.3917	85.8995	335.9618
22.8753	116.0081	24.4281
75.4622	1.1796	628.0266
34.3331	30.8944	505.0819
124.0505	130.0669	558.5836
54.2153	103.2962	516.4214
15.1698	3.8113	354.6483
136.2294	23.8513	200.8456
88.9370	103.6437	462.3647
52.7632	2.0623	157.4381
109.2364	93.3674	523.0568
59.0791	9.7864	362.8656
73.7165	68.7017	56.1048
3.8997	123.0253	40.0599
123.0656	48.2807	542.9101
101.4354	60.7894	518.6810
33.1886	106.0783	688.9570
107.3831	67.2630	321.1774
11.8898	126.6363	728.3974
31.2946	14.6087	549.9344
111.9366	105.7997	200.8373
39.6284	125.8092	172.3532
8.0558	127.4083	264.3691
50.5353	16.7438	309.2163
115.5720	60.6213	722.1301
108.1406	35.0441	209.0688
62.5942	37.7414	477.2294
121.8161	0.3325	483.8043
50.8251	99.6820	486.1641
42.3007	80.0758	646.5297
81.8976	71.1257	809.8264
19.8773	27.3439	173.4701
26.3335	2.9565	384.3833
8.2736	62.0296	750.2469
132.2130	86.2109	420.5563
40.7966	94.5146	402.6458
5.0033	27.7661	54.5598
15.2183	75.0457	277.7099
138.6165	92.3037	92.8726
25.2093	79.1978	614.9995
123.0111	109.1884	854.1390
106.7971	129.5332	718.0985
124.1380	53.9471	152.8591
40.4189	116.6483	177.3214
2.6841	133.9449	60.2120
14.3856	78.8629	286.8196
12.2142	58.9141	188.1581
99.8200	100.3423	679.2244
29.6218	80.8540	330.0501
43.0233	103.2779	325.8818
23.0870	76.5992	564.2735
127.0864	112.3459	14.6667
58.2901	62.8354	11.3477
32.7459	-75.3157	1206.4600
78.2300	139.6945	502.3514
137.6301	53.5917	500.9390
102.4028	49.0476	375.5964
2.7769	93.8953	283.6264
139.6095	122.9639	154.0745
31.6370	24.0991	619.7104
114.5772	125.4613	38.0834
32.6220	6.3827	421.0895
95.9989	128.4894	156.3327
7.4758	40.2665	165.7529
13.2560	79.4524	84.6146
109.5804	42.4687	550.4910
36.9902	16.2198	637.8783
95.9718	32.5867	483.7799
131.3871	98.3128	382.5977
79.5606	87.7415	148.2475
81.3985	87.3509	125.6060
49.7675	137.0211	846.2323
129.4825	6.4720	545.5573
101.0560	98.6242	4.8918
120.3210	12.7965	530.3235
9.9235	70.5935	206.5580
76.9248	14.0567	823.1189
9.7724	70.7551	303.8502
74.4903	131.1720	193.8854
87.3540	31.8144	372.5088
128.9322	50.1663	537.5345
103.3271	121.7120	432.5184
85.3884	61.8534	129.3210
88.5359	36.5453	13.1980
94.8134	100.0810	103.6575
83.3409	71.1823	607.4136
11.8450	91.5778	828.7146
131.0980	41.7633	345.9736
41.7719	104.6832	553.8064
121.0844	67.9510	579.9797
9.9528	10.4712	74.3793
138.4451	13.4723	288.5477
111.3035	106.7555	279.2096
91.5777	13.3130	780.0154
136.3252	91.8679	702.4822
61.5310	111.2480	164.0704
86.8259	133.9506	514.1333
113.3494	29.6157	2.0114
97.1189	15.4913	771.5619
96.1982	86.2241	833.2494
117.6089	23.3019	653.5778
13.6175	95.7346	464.1222
88.6323	70.1198	546.3279
134.2329	84.9590	517.7578
60.1834	95.9961	71.0749
100.3176	36.4205	498.0179
106.3898	110.5392	643.3936
44.3146	54.3455	484.7076
132.5801	73.1293	460.3199
93.1759	13.2525	512.1884
4.0610	10.3051	7.6368
14.7516	100.3171	202.7742
54.3183	34.1678	296.2377
59.0570	54.2921	42.2414
29.0763	130.0675	610.7324
10.7852	100.4825	3.8582
46.6972	46.3848	565.3902
132.8736	81.4767	416.2240
90.6440	54.3401	510.6704
67.8053	46.5492	690.0504
118.0502	34.9164	597.8696
39.7008	6.4366	691.2844
0.4007	102.9515	115.6327
44.1710	51.8430	23.3923
77.0922	95.3235	745.8371
109.0684	53.3127	366.1512
128.3084	9.0240	121.9653
22.5417	24.2091	656.8064
126.1045	106.7235	141.3430
82.8773	4.8231	862.4932
87.6761	78.7760	38.1452
89.9321	12.2276	582.0864
125.0328	122.9784	368.2564
124.0304	28.2682	522.0515
126.4546	82.5449	13.3013
101.3977	81.2718	448.9366
110.3278	72.2404	634.1291
83.4694	47.1723	105.0327
34.1225	63.5142	224.2053
9.8551	30.9731	283.7532
114.3093	68.2637	416.9496
34.3194	108.7074	664.6519
38.5752	35.4884	510.6449
14.2855	86.5526	97.1046
23.8449	63.9719	645.9631
73.5349	100.4200	407.5335
5.9520	81.0073	791.6579
132.3421	101.0419	672.4963
107.9621	52.0442	764.7663
14.4065	78.1394	685.6935
44.8607	32.1493	26.4325
56.1490	29.8177	496.7001
60.4374	8.5748	683.0447
125.7388	86.1766	571.6486
136.3598	29.9319	193.5879
68.3596	50.4690	340.1880
110.8601	67.4994	314.9563
56.9801	62.5988	28.0555
49.4275	93.6528	517.3918
113.4033	119.9903	573.6039
72.8752	121.5529	158.6829
43.7586	99.6225	435.3437
102.6375	126.2371	350.7726
63.1125	76.0613	362.2017
6.9590	118.3571	742.6519
9.0888	41.7757	606.7380
76.4574	58.3876	648.3315
59.9389	11.3303	553.0981
4.8783	34.1910	536.1829
64.8543	98.5855	283.6551
78.8972	37.6163	603.9553
12.5429	122.3525	163.1079
30.6403	57.4033	208.8769
55.4435	65.5810	167.6962
129.3784	67.2677	715.1568
119.7042	47.6434	297.5361
103.8557	24.5120	317.3600
93.8255	107.6302	643.5782
119.6101	49.2274	483.7245
120.2587	103.4039	266.1357
0.0397	9.9169	528.9994
31.1495	113.8743	99.6766
8.9547	7.9410	35.7995
132.4882	53.5157	110.4910
55.2390	70.0480	115.1822
133.3352	57.5799	857.8504
91.8944	79.6232	157.2954
29.1635	82.6413	84.0866
10.5773	21.0688	322.4880
58.5833	119.2467	712.8617
64.7515	65.6487	169.6015
117.8600	10.1080	203.7561
115.3332	121.2751	288.9956
100.6382	95.6328	695.8717
23.2641	4.9359	88.0834
72.5403	69.8755	736.3479
9.0446	32.3481	672.5918
36.8090	28.2160	860.9254
104.9259	40.2257	722.4345
112.2365	83.9890	852.2413
87.1978	47.9984	710.6334
41.4260	22.7396	389.0379
29.5705	49.6545	859.9912
122.5641	116.6577	189.1774
95.1322	107.9146	371.8802
123.9999	85.6583	710.1834
138.3446	112.8920	520.9540
115.3548	109.3417	778.8933
114.6583	80.6744	118.4641
70.0395	138.2896	595.0942
74.1963	46.5169	860.4808
118.8424	26.0723	319.2201
105.5778	121.7797	154.2939
98.8299	76.9652	482.3067
115.1284	114.9667	24.2002
4.4682	122.4914	776.9068
32.3494	107.8419	205.0524
80.7425	6.7136	572.9435
4.0248	139.2768	215.4764
52.2610	121.5278	167.4957
61.8281	0.6302	478.5524
17.6081	44.4990	748.1590
121.2337	6.3088	9.4315
64.9705	21.2614	833.6715
69.8672	43.1413	274.9475
90.4311	107.5628	757.9107
71.6508	10.5387	498.2860
35.2314	110.0441	832.3241
137.4448	32.0363	37.8991
109.9795	60.4750	168.8136
62.8751	59.9562	552.3376
97.5454	106.2598	202.6912
31.6663	62.2389	200.8543
14.6318	71.6240	535.6097
64.2380	113.2644	501.5049
43.3373	134.8047	451.4067
0.3269	95.8979	744.2390
52.7387	105.1931	677.4317
6.1614	26.8517	461.9544
33.2590	134.2056	338.5164
62.0216	87.3337	149.6995
99.0359	78.7119	744.3512
90.0626	100.8726	558.5091
135.0075	122.3806	287.5054
125.9237	4.2658	754.8088
65.3262	14.1390	222.5567
110.9035	119.4226	254.7757
92.0488	87.3405	635.6762
15.6293	57.2058	705.7256
51.5252	137.9581	447.7072
11.2388	5.5513	416.3314
80.5913	11.1478	837.4678
137.5262	17.9599	262.4957
133.5088	79.7248	796.4151
54.5182	23.3025	541.0203
132.0246	0.8993	825.9849
64.9132	125.2826	860.2592
77.0542	62.9869	99.9156
109.0924	104.5334	224.7217
123.2274	34.5892	632.2102
80.3584	122.0017	8.2010
97.8338	2.6119	269.9334
62.7585	26.9296	420.4295
26.2086	117.7008	293.2368
118.5713	75.6428	388.1710
72.0959	111.5300	332.6136
117.9040	13.8374	538.9654
36.4663	112.4721	535.1526
48.5483	36.9263	268.2657
33.0547	28.3939	430.0405
21.6639	84.2563	354.7195
88.4870	90.4063	219.2623
97.8616	32.4899	756.3414
85.8712	121.0815	815.1104
48.7113	93.4790	467.5293
22.0138	119.3223	156.5194
64.1494	19.3176	309.4345
117.8442	96.2376	90.1374
10.7886	137.9634	473.2839
106.4604	42.2778	667.4132
65.5795	127.5684	678.7456
102.2798	121.7659	344.4416
57.0515	135.8157	250.8436
46.2143	45.7922	557.5216
88.7336	88.1283	729.1859
119.7088	100.5530	568.5630
62.5176	87.7765	275.2086
60.9838	10.4640	377.4566
120.0733	26.0900	229.8085
109.2782	75.2909	281.1002
94.4435	104.0557	211.1370
104.6100	88.1421	220.4338
106.8873	6.1356	440.2572
1.2346	32.3368	683.2955
38.6608	11.1407	239.6337
36.4330	76.3542	525.1229
22.2447	121.8350	351.8115
30.2370	100.5178	42.3961
122.6529	122.3387	506.3324
84.3892	75.4259	5.6143
135.5983	88.2317	129.1583
0.4810	36.7008	632.2528
26.1674	106.9753	90.8093
107.1241	16.3962	304.1456
130.3735	131.8788	486.5349
26.6902	57.1116	796.4386
5.6191	1.6789	226.2544
11.7261	32.9917	702.9716
78.9271	136.6679	849.9073
95.5685	70.6095	649.5336
49.8528	47.9921	466.9064
121.0637	65.1391	324.1371
111.9056	75.9038	666.4077
116.3440	0.3790	732.8106
116.6392	132.7804	346.1870
59.4636	63.1627	109.4372
5.3905	123.6713	240.6254
101.5936	3.5084	366.1357
13.1763	131.5474	462.9758
16.3113	94.2591	128.4012
67.5657	128.3538	645.9305
69.5058	13.1897	225.4038
110.6569	138.3237	148.9295
123.9434	5.7685	332.3621
92.6428	11.6268	291.0158
35.8127	137.4377	669.5998
38.8172	67.5632	391.1851
55.0647	132.6753	17.9799
48.2732	6.1542	498.3157
98.1302	6.3289	370.5883
34.7323	135.3130	211.5006
64.6769	84.6238	441.9961
8.5408	30.5469	328.4162
68.9047	11.5267	527.6003
87.1669	136.9564	613.0864
92.7339	68.0737	113.6191
105.7361	123.9588	59.5875
13.7908	107.2115	756.5573
102.5342	86.7950	594.5801
132.8033	47.4523	497.1119
61.2655	126.6116	388.1366
102.4047	5.6683	734.0922
30.2338	44.6159	217.2444
59.6263	9.4228	420.3664
113.9605	119.3796	32.9325
89.8655	92.5196	468.6213
1.5874	125.3161	419.2928
73.5161	80.9070	260.3083
30.1146	49.4660	364.8234
55.3027	15.9171	353.3037
18.4377	117.1890	162.9438
7.6410	0.2507	557.6640
55.1496	29.7229	12.3365
33.4449	94.9618	573.5315
118.4197	25.1752	584.0538
138.9335	105.4940	860.1671
86.4934	34.3539	859.3482
81.8166	116.8537	456.4098
3.7549	27.9626	381.1735
32.0352	3.4322	437.0467
130.4363	15.7597	564.1981
116.3539	83.4658	17.5418
49.1093	22.1012	661.0221
126.7859	79.5032	836.5001
97.8299	100.6697	124.7998
129.0840	26.0843	270.6070
104.2899	87.1379	135.9095
99.8589	14.1784	223.9243
108.2080	122.3969	311.8647
71.2388	34.9913	514.4636
60.1032	131.0862	731.0632
7.6490	92.1857	615.3172
14.4948	79.2390	625.7652
134.4658	54.8317	15.3972
59.5209	65.6639	314.9924
134.8630	137.8235	17.7292
129.7178	116.8649	681.0936
9.3763	133.6347	57.5109
68.2468	34.8632	535.1520
107.2286	74.3561	60.9188
59.1113	96.2771	303.6652
103.9475	79.8707	175.9564
54.9283	44.8188	47.1949
108.9923	130.4717	321.4418
75.2067	108.8239	651.5179
48.8874	107.5264	218.8248
12.5299	115.1555	289.1608
34.3663	70.6007	837.3003
63.9301	87.3480	594.1618
11.9540	35.4534	750.5101
135.3675	106.6160	250.8133
98.2929	116.0744	724.6496
67.9581	33.3647	817.7462
24.1138	47.0120	274.5710
48.8472	102.3334	487.1354
132.6956	133.9939	134.0820
56.8603	47.0099	368.7425
76.3650	99.7318	458.6222
119.2718	117.1763	852.6801
70.1014	59.0925	298.9061
16.1240	117.4505	140.6262
130.3098	23.5337	226.8925
8.6553	90.6830	779.8698
8.7237	11.4742	862.1998
81.4820	28.3756	809.1307
2.0411	103.2336	459.7274
6.3299	15.8795	267.2866
38.5659	139.2227	437.1530
9.5526	52.4201	819.3034
1.4137	23.0875	646.3312
138.6637	123.9707	304.7167
118.7340	97.4931	703.8405
38.9917	104.6385	605.3105
49.7401	26.5947	450.3935
73.2795	97.3650	346.6165
128.2543	122.9842	118.6743
86.2750	83.1082	463.2881
92.0084	48.7073	835.0635
129.2642	50.6706	468.4297
78.2378	21.7733	487.9566
50.0680	2.4595	252.8773
101.9172	56.5902	634.6343
28.4030	20.9216	636.1693
121.7432	43.1893	118.0149
50.4270	16.9027	286.1544
25.0983	59.1018	23.3842
91.7760	102.0792	97.4933
81.5645	93.5446	200.3614
127.3751	50.7494	366.3336
38.9181	70.7022	293.5718
133.4196	38.1643	178.6581
57.3829	74.8696	98.6022
71.3758	6.8134	436.9644
7.3394	104.9611	681.1253
72.0624	31.8817	836.5917
77.4150	72.3707	238.0676
48.5705	132.5682	27.8685
67.2766	15.1405	4.2187
78.2504	91.1307	362.9484
82.2835	18.9956	425.6029
59.0624	106.5260	343.1648
105.1962	90.0111	209.8433
14.7861	10.0959	550.8166
128.7424	38.3620	498.9940
75.2400	63.0537	752.5945
19.1653	6.2553	409.1075
19.4270	14.6670	259.7795
103.0770	93.4268	153.1838
92.9759	49.8569	489.7801
118.9409	52.4613	89.1577
3.8471	53.8877	371.8597
61.4310	129.5890	528.9095
118.8668	117.1374	403.0885
12.2621	138.5212	731.9845
83.0705	117.0831	198.5804
91.6009	39.0649	840.7324
138.9503	9.8477	456.0798
51.4494	25.9753	259.4425
93.4901	11.5007	604.9310
16.3283	11.8864	679.4916
69.7284	124.3246	807.0641
75.0861	75.9020	324.6356
13.9325	73.6525	14.0717
87.5832	31.3037	633.7421
129.5434	96.7154	707.1535
127.8061	65.3910	307.4580
94.8091	132.4865	141.6468
91.7924	89.5242	120.5892
121.3915	80.2681	336.1072
43.4907	88.7933	486.9403
139.4336	97.4740	522.3728
23.4777	18.8160	265.8531
43.8212	96.3714	403.8154
89.1162	78.3375	264.3122
125.5386	51.6020	493.0665
110.0749	48.5647	568.6705
75.1818	122.4865	268.2027
37.8907	114.2805	554.4326
122.2204	53.8427	118.9708
94.4236	89.9657	281.9601
134.1940	112.7107	826.9267
36.7081	121.9604	813.4560
39.5317	130.5268	148.2519
128.0661	131.2765	76.1115
34.1860	121.3980	228.0713
50.0442	117.7137	169.5740
15.6020	110.0327	414.1533
86.2021	103.9057	830.7833
41.2361	114.7533	837.1289
72.8657	2.4499	443.9748
18.0413	121.2844	143.0454
22.4603	42.8386	319.2640
0.5207	10.5978	586.7400
73.9677	48.0584	181.4691
52.3256	76.6068	456.0090
116.1825	70.9831	636.1509
124.8479	139.6831	740.7618
98.2088	84.8273	635.5469
16.1639	15.4315	61.9110
96.6333	104.0592	206.6424
4.7228	85.2017	168.4781
95.0056	26.1933	245.8544
118.5913	45.9275	188.3485
69.4216	119.1528	264.3936
104.1895	0.6467	9.1114
10.5515	9.4528	575.8414
50.2544	53.1153	336.4939
70.5366	77.5257	588.0897
21.8316	21.8234	625.0867
108.5298	86.6485	591.0433
2.9531	40.9615	676.9682
21.9751	46.2336	540.0138
102.6790	37.1811	58.3086
126.8437	96.4195	709.9638
82.9913	37.5368	125.6802
48.4240	87.7836	472.9191
137.3331	84.1266	771.1603
116.9973	19.8418	558.7099
103.3803	66.0859	50.3099
5.5412	113.5278	482.8858
53.4262	56.2493	637.7673
126.9473	34.3823	653.9643
87.8779	74.7965	110.5921
51.2716	91.5600	844.7448
66.4712	102.0718	594.1436
19.6567	60.3375	491.0605
10.5513	9.3015	45.4217
41.1580	135.8678	203.7381
3.2124	15.6218	476.8138
114.9790	84.4950	258.2959
40.2273	116.9980	48.3691
58.6647	37.0559	647.7140
117.4938	103.9952	845.6647
77.1958	121.4005	404.6815
130.6057	52.5398	300.1892
42.2121	68.9717	29.4642
5.8978	119.3035	319.2093
55.1366	22.0824	561.7348
36.3484	6.7153	591.9880
17.9446	90.9366	486.8136
26.0580	135.2703	107.6816
43.3659	22.2587	453.6037
100.8089	114.4789	143.0383
26.7723	43.0440	264.0955
36.2021	125.2849	776.8932
99.2885	71.5739	546.6328
92.5899	4.2735	707.3046
19.3967	96.2847	256.2350
137.1044	3.5247	525.3106
17.7727	4.7094	770.8479
127.9498	108.2318	495.0294
103.0875	13.6211	413.0486
55.7163	90.2406	655.4640
42.5595	86.5939	743.7688
40.9800	48.2375	72.9688
100.9630	52.0711	702.2112
73.3129	118.7781	177.4779
40.5805	47.0333	17.5971
28.9543	106.5456	70.8173
104.6977	79.1244	303.3608
108.7133	61.5443	740.4185
18.0700	54.2734	154.6917
82.2780	53.4487	474.4435
107.0352	75.9058	304.0031
116.1585	33.5651	739.6072
111.1973	131.9277	23.0732
11.7331	88.0477	783.4131
116.0259	111.2987	813.1206
80.4648	81.1823	32.4158
1.9853	43.6079	511.3949
122.0140	69.2735	801.1134
61.9679	80.5066	283.3104
127.8405	19.0757	779.0323
60.3926	75.7754	454.3489
20.3163	52.5929	209.3616
46.5058	57.9293	384.1028
132.8839	2.1572	827.1232
80.0561	39.5834	518.5441
102.9747	46.6284	321.2988
69.1463	32.5752	323.6836
122.9112	0.6658	141.3575
17.1827	33.1612	4.4217
89.8596	87.9857	312.9232
43.6887	73.7854	341.5498
87.6905	44.4870	819.7724
134.2517	107.0857	73.4483
12.6103	30.5217	178.5081
126.7595	129.9571	852.8864
108.6089	17.5804	603.1029
43.0466	55.8376	77.4957
32.3931	101.3944	18.9035
110.1242	121.4831	311.9448
13.8658	54.7564	576.3540
86.9627	135.7061	550.6288
70.4578	25.7930	476.1644
91.2314	135.1079	105.0418
65.0309	43.5001	198.1662
9.4920	116.3544	609.8749
87.8388	115.4795	261.0400
101.8935	39.1896	425.7145
1.2426	62.7301	581.3256
63.9158	129.8612	544.1913
35.4748	162.0924	643.6700
105.6782	110.3698	374.7431
77.4150	95.0513	637.2322
36.4948	2.6322	424.0840
92.8058	90.8584	151.4870
52.8181	17.5977	588.0969
111.1641	49.2170	415.9930
61.2450	107.0346	323.3853
110.8528	93.1637	490.7009
96.1187	41.3241	309.4278
6.3438	19.3694	522.8934
123.0098	120.4673	508.6560
126.5235	25.3787	124.9989
79.9108	71.2424	195.4628
51.8317	41.5355	565.2477
28.7896	85.0083	466.7712
14.3039	109.8565	516.5519
1.8485	59.9774	123.7247
100.3984	27.9772	529.4895
110.6831	75.4633	416.8736
37.5986	8.9165	550.5198
4.6669	22.0952	739.1106
51.9121	86.9131	375.8031
129.2826	15.4317	590.6145
77.0812	133.4917	690.3356
68.3010	6.3503	750.1148
58.2548	47.6311	720.0683
126.9546	119.8909	464.9595
125.3145	76.1926	59.4028
55.5918	139.3502	192.0259
136.8102	49.3620	199.3927
42.3819	68.0428	462.8046
65.7741	6.1311	516.0097
18.7440	25.8479	665.7088
10.8343	100.3187	519.9562
37.2290	41.5397	253.2853
85.3588	114.8754	260.9740
74.9987	10.5565	109.9492
109.2379	66.8045	763.2106
105.0750	80.0447	425.9948
127.7262	106.9524	448.0249
24.9783	76.0683	567.5164
113.0079	50.9180	229.6896
49.9897	58.9651	723.7339
124.4501	15.3137	168.2103
43.7113	107.2342	458.5765
133.5156	115.4424	333.9219
104.5581	80.3003	37.0482
61.2919	33.3690	109.5167
51.8657	32.8344	243.1425
4.1723	126.4397	163.8892
20.2130	135.7530	432.5902
42.5280	100.6530	847.0657
6.9984	135.0549	71.2271
38.5235	83.3402	220.7537
7.6731	1.4159	183.9713
54.7128	72.9778	138.3209
108.6681	74.6874	321.0523
65.3147	122.4034	820.1524
45.0751	62.8309	80.5773
96.8602	9.4941	852.7550
138.1449	38.2266	326.8201
133.0340	75.3388	388.3064
24.9018	43.7105	693.7626
138.5277	62.9161	836.6900
34.6031	130.5771	718.5655
83.7782	67.1114	796.5239
132.9133	132.2971	191.2918
108.0881	95.5070	607.3823
95.5019	97.8646	237.1218
120.1980	49.6234	259.7226
35.3559	75.3968	842.8907
28.7762	57.5040	722.3193
81.0315	134.2034	155.5583
25.8761	115.0734	99.8839
22.1767	37.4060	858.0686
33.5294	50.0438	363.5499
78.1911	68.3279	27.8603
124.3218	123.7001	230.9921
109.0214	71.1708	682.2316
115.9788	5.4424	412.6470
92.2805	85.8423	449.1107
131.8097	40.1440	87.2725
74.0084	53.2850	677.5939
71.1634	77.5798	608.8330
122.0296	71.7884	336.3188
79.1887	5.4865	453.7357
29.6746	108.1084	315.8363
55.8688	48.8886	265.1263
10.6002	135.3686	451.0922
52.5523	72.3815	610.9722
41.9154	100.8269	181.1869
17.7075	110.1149	291.4701
120.2682	84.6746	859.9113
33.5529	104.5585	674.1746
45.2332	68.5601	737.0356
26.4469	128.9852	331.1875
81.3795	68.0133	753.7287
61.2136	64.2515	843.1774
56.6927	98.1378	836.1662
45.3886	73.2593	670.6962
5.0688	49.2638	694.6197
39.8767	72.2774	108.9376
121.1173	66.8397	380.1704
106.9679	109.0433	727.6322
84.1560	127.9073	135.9219
77.2573	54.9074	25.5261
94.1713	92.5470	298.8912
136.2811	57.2451	247.8039
88.9449	21.9606	24.6421
136.3718	99.7257	390.8284
42.0557	44.3317	298.1253
37.7929	20.8943	789.8473
100.7289	112.0155	384.1352
67.9884	120.3931	130.3182
22.7416	129.0155	223.3737
38.9162	87.9554	780.7410
85.8645	133.0498	158.7737
11.1424	125.3962	746.4511
58.2162	83.2383	642.3707
72.1272	61.1490	668.8419
62.0320	46.4759	670.7371
23.1237	53.5825	3.5381
46.6372	125.2709	230.2421
36.8892	12.8541	66.7408
0.0910	54.8919	490.3813
15.0287	13.5186	615.3107
135.6809	117.1338	255.2918
28.0173	42.8216	523.4787
26.7920	87.0359	342.1823
109.0515	42.3093	414.3455
25.0458	85.6044	483.2910
127.1408	52.7863	708.2231
113.5921	54.3154	461.1795
86.6300	118.0647	757.8723
110.1596	106.1810	427.4995
102.2504	81.6530	608.6407
75.2951	49.7779	238.2833
79.1936	62.5471	114.5237
100.8252	65.5738	740.1125
103.8735	35.4664	136.4990
40.3205	86.7195	437.5092
109.3425	83.2190	778.5963
71.8748	99.9388	614.8104
116.8894	28.2578	434.9047
84.2268	123.6444	852.6479
102.0970	18.5271	494.3837
83.8619	33.5635	499.2514
126.0323	46.3284	568.4056
85.1853	121.5054	579.4228
31.2861	121.6843	647.5599
8.4602	122.0587	655.6223
67.2829	98.4986	585.6797
137.3365	39.4756	801.2358
70.4434	105.6839	429.9522
68.8928	107.1319	733.3265
112.5965	37.7259	68.3499
15.0879	121.2085	421.0963
21.5437	136.9685	107.4086
104.2114	134.9192	749.2418
75.9308	68.2924	67.7992
11.9981	125.1012	510.2044
96.8970	5.6789	304.9813
137.6723	43.9043	261.7285
8.5470	83.5314	386.8920
8.2535	46.1938	614.8636
52.5262	96.4006	318.6549
36.3092	1.0736	663.1024
74.1176	107.5628	71.3555
69.6729	51.7715	251.7442
53.1347	51.6052	531.5753
89.9647	120.2363	309.3900
15.4769	107.6828	629.5118
99.7042	115.1972	280.1463
18.2346	31.1214	580.3598
63.0057	52.3932	168.9753
74.6312	72.3740	13.7002
85.6699	129.7951	535.8153
9.0174	118.3817	305.5638
75.7630	64.9953	221.3128
111.3941	23.2915	205.6921
38.4650	98.1587	106.4304
87.5133	116.0525	545.3022
4.1922	139.7052	31.7970
52.2091	135.0436	799.6790
34.4413	63.9249	628.8763
139.2311	136.0902	350.4050
127.3588	78.8870	233.4362
67.3283	35.1960	270.7934
73.9539	29.8813	702.0631
57.2634	102.0773	559.3564
130.8504	115.1703	786.5376
23.6308	136.0106	240.1814
116.2436	123.5261	598.7578
10.2154	97.2348	677.8734
9.6369	105.6007	32.1426
56.7613	38.4930	657.7155
94.4292	95.7551	472.0039
14.6610	82.4857	758.8785
114.8183	46.3614	193.9266
8.4279	106.9939	24.2453
115.5285	34.7269	124.6912
61.7596	136.9309	504.7986
67.5238	115.5386	287.8564
53.4763	127.9837	704.9859
18.6974	118.2069	416.2422
113.1830	64.7438	253.8701
6.4987	29.8399	282.8549
41.2139	73.5067	49.5352
94.3212	99.9990	470.1746
62.1194	91.9276	729.2327
0.0165	14.4088	817.5788
126.1155	135.1028	170.6379
80.5999	22.0764	554.9333
114.6409	64.9586	746.9853
86.5746	116.6183	315.3702
92.0762	129.0213	471.0093
84.7596	116.9899	227.6335
114.6606	34.4281	41.6617
86.9791	71.4947	105.1196
41.2429	66.2762	361.0176
20.3628	2.9322	368.4179
2.5290	25.0539	654.7072
87.3559	90.9598	462.8957
97.3957	1.0865	220.6025
41.9154	100.8269	181.1869
113.0018	77.0426	341.3595
63.9229	127.3255	13.4811
57.8633	101.1571	247.9459
134.4100	52.3006	651.6948
47.5456	56.3862	27.0198
109.3442	79.2511	618.6106
24.2483	22.4558	225.7540
8.9860	53.8936	823.2608
23.8622	137.2329	271.4765
138.0696	102.9560	250.0999
19.4977	3.0100	363.5809
46.0431	78.0520	275.8726
97.7214	86.0064	624.4995
62.8414	14.4685	47.7748
124.0033	45.4328	511.0327
102.2555	59.8379	167.7378
83.0857	28.0586	521.0541
75.3157	95.1424	765.1600
103.7129	47.7243	532.5664
12.8139	82.7818	707.8249
21.3259	26.6921	278.1614
90.8937	6.2985	454.2728
44.4859	89.7671	564.0959
129.1938	24.1866	657.3432
74.7906	132.5298	226.4549
124.8992	59.7326	260.0353
80.7276	59.5386	727.1148
20.0218	116.6885	279.2003
96.5152	8.3912	297.4363
128.7912	67.3466	363.8354
49.2272	75.6247	307.8422
115.9697	99.9865	117.5768
137.0292	32.7115	49.0564
112.8786	51.5483	13.1127
103.9578	84.3688	487.4610
81.8098	54.4425	444.6614
85.0653	87.7463	684.4461
109.2212	96.7298	171.8258
85.8523	100.7230	801.9503
85.9782	65.3720	771.3553
27.0476	49.1824	814.4555
71.1447	46.1483	499.2249
136.5449	9.7514	591.1119
115.0226	8.7942	748.7295
67.4627	38.3487	758.3618
65.2670	54.7628	200.5358
42.6362	67.1472	97.1817
92.5741	117.8806	622.5856
81.4999	88.1502	764.9247
34.6759	6.8968	506.4198
30.6055	116.8538	431.9247
43.5000	4.8085	419.0616
85.4560	68.8577	316.0527
26.6466	2.6369	267.2491
87.7769	10.7864	214.9249
132.6836	44.5603	303.0603
76.7815	134.0587	737.6529
89.2725	24.5129	766.7214
10.2849	83.9315	512.4724
23.3820	17.4378	128.0715
48.2693	126.8702	331.8707
48.3728	116.0169	481.7877
45.3586	4.2012	578.5340
34.6693	89.9497	445.2261
29.6322	29.8879	154.5553
133.3767	94.4562	600.2836
84.3189	81.1335	63.4535
112.9647	44.2633	429.0666
88.9448	104.0074	102.2531
19.8075	35.4428	734.9740
99.7877	95.6563	325.3534
114.4685	57.9740	287.6724
33.5476	75.7116	34.0602
42.4800	96.8755	719.9560
12.9005	129.8558	714.6826
95.9882	61.0750	155.2340
70.7722	118.1149	749.8419
88.4752	109.4314	566.0851
125.2550	4.4875	556.1593
59.7144	60.7086	110.2006
53.6653	40.8957	764.5583
4.4566	83.6086	379.9702
75.2014	31.5948	384.1685
13.9867	139.2260	177.6482
129.7812	110.7360	485.5204
7.2883	88.7477	476.5211
116.8312	131.1142	535.5283
91.7010	31.9353	750.2570
56.9790	82.6711	448.3375
20.8477	20.2065	290.4103
129.4101	127.4614	224.8279
108.4552	13.8823	333.7453
23.8115	52.5347	105.3438
50.5449	46.6844	383.7898
38.6503	72.9746	79.1325
118.2342	130.3127	269.5305
18.9420	55.4091	852.3244
40.6628	105.3940	186.3827
23.0406	51.1643	769.4382
39.2171	75.5329	649.7998
27.5400	93.1516	242.3502
70.7161	78.1098	745.7988
112.7994	138.7528	732.8617
39.8751	29.8327	571.3569
72.2822	103.9924	781.5940
58.7506	131.5032	392.8279
103.0597	44.9150	514.4887
23.1674	109.1547	434.4071
22.5183	100.7154	230.4204
25.3442	60.8236	318.3050
53.5156	3.3944	412.5526
123.2132	92.8948	598.0000
27.3478	40.3490	793.0487
37.1833	102.1725	420.6100
10.5761	0.1086	220.5682
81.5995	38.9890	484.5031
6.4315	69.2522	345.7257
88.0584	83.4189	109.9965
75.0103	44.0227	238.6616
102.4328	127.5911	156.5961
130.6784	46.7859	534.5178
122.8383	21.3193	308.7481
46.0283	8.0801	370.6863
124.8167	56.7507	544.7605
66.2301	91.4205	419.6879
35.8190	96.2800	607.6141
32.9345	34.9474	326.9379
124.1410	102.4639	372.1010
24.5725	114.6963	586.6343
138.6170	68.0028	441.9850
66.9003	69.2087	8.9454
130.0946	6.8037	127.4277
112.2844	97.4687	244.4044
90.5436	34.3995	42.8239
121.7679	130.1203	800.2538
92.5234	38.5783	530.6512
7.2132	77.6323	721.9117
101.6247	36.2134	465.8382
25.1421	48.5840	372.9172
69.1678	27.3076	697.0236
22.8571	85.0148	162.9717
101.6607	88.3727	320.0037
95.6355	45.6605	292.2792
15.4269	58.3021	727.8959
68.6160	71.9358	505.9556
136.0021	31.7547	152.7687
92.7508	109.7067	371.8701
73.8858	110.5666	667.1697
5.8034	52.4845	461.2771
71.0660	116.0174	44.6302
29.0710	47.2255	750.4322
127.0236	78.9080	587.9965
82.7206	47.8662	334.0791
26.5496	90.3451	450.8401
77.0784	69.8869	806.0233
119.3347	75.7181	221.7095
45.2286	4.5317	20.7474
33.8454	40.2702	328.0977
4.5058	94.9183	259.3811
5.1896	74.3113	84.6777
73.7992	39.7076	107.2339
26.9223	63.8796	52.0930
74.3748	117.2486	764.9156
17.2937	115.3090	135.1408
71.2810	132.5377	737.1524
77.5224	69.6714	309.5467
111.0451	85.4022	390.1279
136.4224	61.1718	33.2693
55.6477	42.6935	337.6369
0.2682	104.1764	569.5424
53.3019	73.0918	638.2526
100.0722	126.3325	303.5065
139.0128	99.7693	513.7232
95.7082	114.1296	562.8431
5.7915	60.6124	614.2884
43.3213	132.1695	132.1682
27.7790	106.8350	720.2433
77.4096	52.6193	640.4571
124.7469	115.7771	29.0987
36.5797	73.2155	476.7659
130.1103	22.6586	625.3845
69.8049	50.9605	428.1476
74.0001	137.0941	596.8869
11.5059	56.2018	848.9013
123.9590	106.5577	183.3082
42.4377	99.2265	102.0453
67.2164	44.2347	331.8266
127.6682	47.5236	209.2537
16.9453	131.6603	607.6692
87.1646	65.0405	664.0168
87.5657	45.8885	681.7318
59.4964	60.0229	461.7395
66.7869	106.5114	821.9868
127.4131	127.5101	396.5910
117.1243	130.6024	553.6460
122.8643	74.6979	16.8756
133.6488	49.0397	305.8612
53.1557	70.3799	627.4444
132.8857	109.9361	526.0868
17.7309	34.3775	629.5128
8.8005	36.0223	368.3948
74.0613	111.0518	69.8326
135.8204	20.9625	800.5271
47.0519	77.3042	59.3020
38.7624	77.9621	409.2506
96.2096	29.3818	345.1160
114.5845	106.5201	99.5090
72.9300	56.4718	249.8025
62.4860	129.9282	758.6475
88.0330	15.1270	764.4232
77.0012	52.1810	533.3903
18.7213	22.7715	448.9134
128.3262	94.4265	48.0441
48.3830	31.9517	825.3656
11.4745	67.5493	40.0922
6.7289	29.1849	782.0806
67.0137	40.8588	8.7362
126.2703	30.9754	642.2568
14.0521	21.4872	412.4750
64.7721	53.5785	350.3318
100.2709	110.8305	378.8838
104.9044	104.7460	393.4407
116.0016	64.1488	457.0857
91.7727	51.8185	779.7056
8.2847	42.0116	429.3477
6.3298	14.5941	179.3857
42.6274	118.9301	860.6415
83.3489	77.5564	152.3966
84.3994	65.4583	39.5638
119.6347	130.6365	842.5332
8.4361	110.8061	534.0106
84.5209	64.5992	309.3933
7.4861	32.1175	612.9918
29.9802	33.5408	390.0747
39.0642	22.0688	689.0378
33.8510	122.9051	746.9723
32.3909	7.6126	443.4717
9.3724	138.5392	388.0381
63.5039	34.1096	806.8918
27.4984	54.3038	3.1541
14.3168	111.9880	167.9480
112.9370	45.5453	407.0122
129.5848	22.2205	417.7345
115.5608	53.1227	531.9942
138.0685	111.6001	284.7791
126.9666	119.5312	254.8371
7.4595	0.5372	798.6240
136.7601	67.7791	543.3987
102.0201	82.4928	418.7910
48.5679	36.4891	348.5759
3.7125	13.7967	814.3691
1.1893	120.8162	663.8875
12.7853	108.7904	677.6062
5.8880	66.5345	579.1434
53.8217	94.4165	163.2953
129.3206	82.5192	136.3652
38.7633	0.2208	751.1336
26.5935	126.2974	319.0074
139.5107	33.7688	855.5972
101.2124	2.7763	568.8652
125.5687	64.8323	624.2352
47.6390	105.0388	218.6053
26.3344	130.6495	692.2872
134.2647	96.9600	217.9199
11.8497	35.8775	552.6164
81.5106	111.6763	832.2303
60.5809	80.8191	670.5445
41.4309	66.7079	343.7653
83.9599	61.0986	443.5246
21.1027	77.2339	417.2606
42.0379	107.8491	372.4196
4.6978	28.3007	2.2554
110.5450	29.7458	141.5052
87.2738	32.9074	71.9121
24.7397	104.7006	75.9614
115.8137	50.7832	359.7176
1.7632	117.9981	445.5405
135.3413	33.0524	158.1858
123.1064	30.2272	722.7288
115.1287	51.6873	668.2459
50.5740	93.1875	38.5923
74.9921	111.4269	288.0293
129.4299	31.8525	452.1697
84.0238	24.3224	3.3841
36.4935	130.1605	158.1876
134.5975	107.3729	443.8057
50.5594	100.1664	198.5734
127.3953	33.4882	841.8845
53.0772	11.9640	473.2328
20.0480	93.9478	742.7204
101.7229	128.2114	141.3248
86.3614	66.0329	282.9942
67.8351	134.2628	7.9225
103.7586	110.6692	120.3647
98.8905	77.6315	861.4699
65.7027	83.8434	266.6542
85.3276	87.8600	818.0221
70.6327	138.0438	854.9677
40.8007	86.9042	351.0999
77.0473	62.0027	567.8784
131.2738	68.4106	855.3809
5.6529	57.2032	384.8663
88.7157	139.5437	514.4179
7.5880	81.2973	716.2726
121.5049	138.4051	489.0838
48.6052	7.5043	786.1098
53.8511	64.5558	834.9925
107.7195	57.1894	757.2840
55.6274	75.5001	54.0751
10.5420	87.4847	189.6118
130.1072	75.6943	574.1629
22.2782	5.1428	505.1757
74.9708	101.5689	306.7652
65.1413	39.9271	197.0679
33.9617	132.3293	661.1943
95.0915	29.6552	152.5934
64.5720	123.0058	478.7490
7.1460	129.0348	572.5211
80.6834	71.2968	659.7912
35.9319	119.2648	413.3324
72.7114	88.4225	499.6184
3.6765	65.3706	226.3109
111.1759	113.9690	19.8541
16.9904	76.5200	407.8091
124.5820	32.7244	42.5630
76.7503	75.3292	524.5750
5.0828	101.1311	242.3482
116.7764	25.6652	598.8654
12.3067	14.0369	334.4920
64.9440	84.6268	594.1185
91.1355	111.4351	633.7661
19.6008	72.5235	787.2398
93.2706	34.1239	632.1578
4.6918	66.9267	304.0836
50.2425	95.3258	203.8033
109.7766	54.5514	513.8281
12.3144	83.8344	467.0083
48.5060	109.6211	47.5982
130.0084	85.1939	29.5999
8.1309	122.9850	527.8492
120.9007	102.9185	286.4555
65.5706	85.2523	205.5528
51.2774	106.4907	63.6698
50.4172	129.9515	76.4848
29.4823	79.2054	208.4784
88.1663	57.6327	658.9679
95.7454	80.1555	346.7863
32.8052	99.0430	781.3460
18.5302	16.1740	65.0599
101.6740	26.6686	737.0196
67.1095	117.5650	177.2495
61.9385	133.6170	299.5278
126.7351	3.3028	472.9202
36.7405	115.1481	156.9020
101.5894	44.9668	700.8399
70.0337	80.0285	233.1545
1.7675	61.3622	269.2326
25.2981	93.6465	296.3430
39.2722	113.3904	811.1554
24.6021	88.1196	532.0373
107.2317	112.6762	415.3003
51.4852	96.6902	693.4240
96.0828	38.2274	674.4262
45.3458	45.3254	353.4914
33.5801	104.8465	659.7878
69.4651	102.9440	313.8759
122.9722	103.2558	745.1723
112.0661	17.1088	319.2311
89.7542	83.4894	861.4274
39.8464	77.7856	857.9042
108.8706	90.3389	408.0271
96.5890	31.1093	533.7967
127.6036	107.0294	766.6431
27.0006	65.8946	310.1951
138.7947	32.6795	532.7046
5.8254	25.5115	712.6702
137.1494	63.4019	392.8692
2.2785	33.0611	297.9794
80.3141	40.5431	502.1217
106.6839	45.7883	773.7448
48.0292	52.8952	48.4565
137.3828	2.1819	165.6873
46.7760	69.3211	230.3898
22.3876	73.1873	207.7180
17.3775	96.1060	118.5177
49.2702	35.0505	157.2678
47.1903	38.8268	84.3264
50.3534	56.3725	682.4232
48.0569	56.3541	225.1807
129.8978	38.8704	111.6717
129.1296	19.2130	782.9278
23.7674	45.9819	418.3492
105.9958	132.4807	672.5244
7.6275	125.8941	637.4892
98.0649	135.6190	328.9015
23.3591	81.5903	552.0188
104.3003	17.1430	76.6014
103.3984	99.3386	573.4555
85.0544	124.4081	501.7345
118.8884	27.3579	675.9785
23.4938	7.7578	536.1433
100.3877	72.5307	830.7084
25.4057	124.7943	311.8932
55.3510	59.0348	494.6225
38.4309	48.3367	284.0926
10.5283	5.6064	785.6056
6.6339	9.7988	819.3056
12.3954	72.6855	372.7169
129.4597	63.6593	209.4130
107.1044	120.6215	101.3185
68.7441	25.3821	398.4205
78.9148	26.8531	5.4931
5.7027	132.5306	673.8838
9.6473	64.3756	642.9398
9.6227	120.6048	531.0559
137.3609	30.9351	260.3852
106.8538	94.2886	508.0718
2.2963	11.4785	132.6278
103.4800	121.0747	243.9123
33.4479	61.1652	842.1150
105.3868	97.0534	524.0018
93.5234	109.9579	635.4688
59.8532	108.4072	504.2743
103.7337	139.4953	230.1175
106.4392	81.4246	615.5874
47.0962	98.0616	496.7316
80.4468	72.4756	380.4647
81.8550	3.2728	71.9396
93.6497	100.5679	523.1696
14.0170	69.2713	469.3282
22.8152	79.5927	106.4547
134.0206	87.1456	799.2633
73.2590	34.6521	821.4108
106.7752	124.8010	567.5693
127.4290	130.9631	726.9046
83.8468	37.4453	777.7989
130.1620	123.4664	408.9086
120.8765	102.7369	274.1407
133.1019	116.5337	141.4413
62.4654	76.4348	303.7076
3.7100	127.6529	616.0479
31.9764	105.8077	567.6265
43.3951	101.0416	22.6833
19.2033	107.9824	197.8675
22.0488	110.5384	352.7172
138.4290	3.7739	648.6698
130.2381	14.8050	675.4481
62.3243	5.6027	697.7344
38.2263	61.0722	301.4992
27.0858	134.2129	217.5867
135.5559	13.4672	455.0133
107.8753	90.6157	157.3459
95.3020	126.9636	237.4781
81.0700	6.1636	446.8900
109.3694	87.2182	364.7104
73.3585	138.2379	180.1743
98.2429	78.2259	792.8176
40.5965	124.8428	825.7011
82.8995	4.0279	538.9426
70.2783	102.7510	442.6120
10.7649	13.1636	362.0055
117.4370	126.0382	846.3821
130.2934	61.9472	743.8591
124.6773	44.8088	695.8019
38.1214	76.6376	354.4708
52.3451	12.8190	806.4211
103.8368	111.3648	99.8617
33.8573	3.9375	827.6983
48.2618	110.8753	319.3558
25.2704	84.0115	449.9294
74.9311	51.6272	104.8810
32.7999	120.2314	804.7429
97.7909	20.2063	745.1346
71.3014	129.9547	167.6186
86.8689	110.5817	324.7925
59.7380	112.7226	241.3268
25.7865	137.2856	250.7217
105.7608	54.8110	818.7200
40.1747	73.3303	240.8499
89.6531	61.4163	816.6784
117.2427	15.4898	223.2175
27.1415	100.0043	497.3884
125.0133	69.4338	218.3119
7.8895	29.5422	759.4778
112.8050	2.1555	658.2668
21.7727	113.8415	208.9644
103.0700	89.4385	55.5180
131.4860	109.4663	662.2881
53.2645	12.9239	802.6694
109.2675	90.7476	591.4391
1.3171	25.4290	551.5124
71.0891	2.8483	811.4497
53.3550	40.0324	798.1708
99.5505	97.7161	624.6321
94.9728	48.5249	519.9828
103.3970	94.0785	784.4473
134.5099	50.4114	358.5735
35.9772	44.9357	156.5177
79.9269	118.8898	293.6029
106.1001	136.1250	701.6710
43.4064	17.7919	272.1776
104.7341	93.2480	209.7463
69.6150	26.4410	464.6285
3.6381	68.4555	488.0304
65.3469	121.2238	268.8174
39.8365	7.1940	103.8017
71.5797	27.3711	252.3986
113.9492	101.9770	309.5605
36.4508	22.2015	532.1936
38.3822	50.3858	467.4664
96.8544	10.9149	205.8830
48.3649	41.6860	276.1353
19.2719	9.0467	528.2865
71.4727	15.2099	357.9406
52.4686	26.8247	853.2009
61.3821	0.2056	153.5781
85.9164	55.5939	548.5042
8.0433	12.5083	644.7334
23.6493	101.7268	32.5836
50.6372	71.0877	786.7693
59.8720	18.3016	586.1036
59.6683	69.5113	476.1836
25.3153	84.0249	449.1185
134.2895	76.6286	142.6482
94.7564	114.1119	118.3679
5.2069	85.3793	514.7213
70.5239	44.0318	18.6288
85.0404	62.8975	486.2022
134.9778	58.5516	837.0927
0.7432	38.2113	721.6777
115.1711	76.8011	698.6936
104.3109	116.0307	312.3549
122.4426	47.3722	152.0831
13.8473	67.9776	343.5748
121.0933	135.6571	587.1725
36.8085	31.8351	298.1571
106.8255	120.8084	715.5860
82.9716	69.2480	222.4645
71.3281	0.0203	178.1772
68.3492	56.2729	823.2276
29.9872	95.7611	459.0434
125.6317	80.4320	151.5430
90.7086	125.0759	496.4291
33.9825	119.2276	225.0691
110.8872	68.4282	372.2914
101.9781	35.3268	235.3134
9.2593	68.3244	816.2259
75.8878	48.3144	218.7755
74.7715	115.1008	2.4657
117.5751	84.8071	21.7062
74.6690	115.3355	109.4099
85.4921	121.1316	840.1282
52.3513	17.7286	754.5919
19.8645	21.1632	468.2148
19.9450	36.7151	576.2588
128.2717	55.7955	283.4550
122.0865	132.0808	273.9240
115.1427	40.2221	231.6331
85.7581	59.8736	756.9408
36.4876	53.3924	140.6376
31.0216	19.4838	544.7640
61.8276	39.6651	269.8137
102.8176	89.5450	220.0104
117.8876	72.8574	797.2404
11.4986	114.5546	535.1580
28.0027	71.1371	595.7616
94.7886	109.0434	512.0645
114.5242	88.2550	201.3660
121.3475	137.4076	536.1583
133.5670	75.7933	808.4379
35.1109	89.2038	687.7566
39.8269	127.1291	795.5078
133.7727	44.9010	821.9906
103.6548	87.1635	349.9682
130.7249	18.4804	287.7268
123.7302	64.4568	614.3163
46.2988	66.7481	464.5391
120.8642	6.0602	401.0523
132.3552	36.5399	24.0808
116.7477	40.1769	332.7935
77.4343	105.4060	508.5723
20.1024	11.1007	148.8932
16.7783	31.7111	47.6082
53.5388	100.2103	760.6248
126.5351	87.0979	824.5216
115.3877	114.1837	431.2023
23.0579	129.1412	704.8503
20.2621	104.4584	226.0674
87.4300	20.2662	536.9924
98.3081	21.8150	420.7165
42.5171	122.1444	199.6226
75.2468	8.9339	765.8294
115.6966	52.1740	96.2932
35.6606	19.1471	743.8427
61.5129	137.2867	88.7969
28.5542	45.8803	657.7606
42.9762	53.2681	464.0278
95.5808	108.6692	422.3464
136.5367	31.8413	138.3649
129.7280	74.5775	289.4205
46.0840	84.7732	281.9126
94.4741	97.7171	431.3335
129.8398	50.0404	277.0398
96.0105	109.7419	650.3434
39.1932	66.8467	230.5991
135.6964	78.7136	0.0959
98.8303	130.6377	72.0739
69.5831	44.1679	194.9376
69.3748	39.7631	792.4989
6.7566	28.3860	241.6158
87.5402	118.9067	252.4118
128.4309	23.0995	783.8695
46.5968	115.8669	117.0522
13.9656	105.3603	170.3751
139.1521	58.1037	170.6614
35.5865	26.4288	240.2086
108.2467	65.0648	343.7697
88.9534	121.3280	512.2653
77.5911	74.0463	36.1803
91.2676	16.5841	254.2245
46.0052	95.8867	462.3346
46.3321	22.2554	443.1441
21.7408	20.5633	455.8326
84.3935	15.1223	627.2133
8.4928	123.2695	180.5977
1.4244	79.1878	221.9958
23.7064	84.3562	463.4391
31.1824	135.8924	293.6080
100.1229	56.4024	85.0335
92.4108	86.0206	423.2581
137.2201	87.3871	1.0907
53.4465	114.8820	166.5771
10.7236	50.7590	813.8603
57.7106	102.0989	737.9485
62.3293	114.7398	756.4960
85.3885	17.5614	343.9623
61.0752	48.8850	779.5399
88.6134	22.8070	796.0416
4.9303	30.4604	800.4172
46.3422	20.6218	807.8140
123.7772	129.4111	847.4269
64.7775	97.9773	299.6619
125.9727	50.3980	629.4953
27.9013	99.7407	503.7383
34.1462	31.9790	328.9075
23.8208	62.4223	128.9567
136.5974	139.1201	232.6551
11.2603	34.7513	9.6748
100.0193	131.4787	276.9174
74.1451	94.1653	536.0409
10.1993	136.0632	730.1172
57.0691	101.7547	592.8557
15.1942	60.4114	741.7728
75.3649	137.6992	549.9444
2.0777	56.3051	133.0313
77.6171	89.1678	610.5698
13.0808	62.0427	306.1786
26.3987	65.1673	367.6005
120.8837	48.9433	153.2060
68.7105	95.2409	687.0243
120.9867	29.7718	30.8701
100.9129	110.6626	398.4516
42.8385	118.2810	669.8529
131.3660	12.2782	563.2181
117.9919	27.3169	183.1207
7.8796	19.6013	540.0421
7.6566	57.5773	473.5395
34.9767	90.7459	697.5105
126.1445	44.8898	574.4279
128.9460	83.7794	325.6785
125.7241	30.3681	224.3620
127.2134	128.2771	183.0324
27.5753	81.0833	312.2853
98.7833	28.9041	698.4952
53.1309	121.1621	163.9049
112.3556	99.9475	0.7594
21.1776	78.5503	655.9898
77.7667	8.9020	656.7674
21.0817	70.1683	275.1361
72.8340	20.0009	233.7721
74.1813	32.8426	370.2268
113.8626	81.6194	654.1705
25.9580	109.3160	360.7632
9.1478	38.4359	5.9155
112.7066	93.2488	208.9711
8.1833	39.1726	464.5511
62.1044	119.3017	776.6251
42.8428	137.7575	347.6505
119.2900	111.8443	197.9667
126.5864	75.9246	717.4966
114.3830	69.4333	299.8789
125.1218	24.8363	214.6760
66.7502	16.5779	287.6853
44.3359	101.1570	728.7031
107.4817	58.2892	591.3517
106.6201	49.4162	185.1115
64.5107	56.9101	459.5229
93.2880	51.1502	694.4546
14.3776	19.0485	766.2555
108.3200	30.9968	346.4861
96.0908	73.4746	227.9775
94.3535	26.5146	250.6709
42.8134	14.9264	269.8296
110.6535	30.7790	586.8483
105.8012	119.6923	423.8715
52.5250	56.7186	53.6934
101.0592	33.0040	73.8749
101.7614	120.0592	347.1274
55.4977	93.6433	188.7350
63.5560	122.8233	675.5859
132.3625	104.7438	334.2554
39.2787	121.7387	680.0248
65.4785	114.1300	216.3563
45.7222	114.3710	784.6587
80.8917	60.6860	115.0450
50.2956	86.7252	125.7407
21.2500	30.4484	349.7166
91.4343	18.9507	228.2281
18.0731	83.4596	428.7500
108.9578	49.4747	768.2270
60.1404	55.9587	643.3848
102.7130	46.2129	32.4382
68.6295	86.3253	756.4527
57.3436	27.6205	206.7479
52.7362	115.1131	700.0036
117.8375	60.5278	284.9347
62.3883	103.9958	209.2808
95.9857	86.7071	626.9697
111.4666	89.9492	185.7029
61.7826	0.2569	446.0383
87.2285	24.3653	327.7103
61.2294	78.7442	709.9444
124.7978	82.0736	138.1947
0.6271	81.1506	43.6236
79.1813	43.1644	180.7626
104.9571	40.8134	641.4344
128.6904	116.8783	333.9381
38.9197	69.3141	214.6234
9.6914	84.8700	295.0317
85.2943	101.5480	839.9296
52.7428	61.4900	422.0439
125.6808	45.0700	253.0102
3.0403	47.7132	307.8671
36.5226	101.4153	516.0392
78.7716	89.6083	107.9371
58.7712	45.0270	679.0221
99.3497	12.4421	703.5883
47.4689	44.2289	837.7194
82.7709	124.9339	136.4976
128.7838	126.3677	546.3970
17.6921	44.9252	166.7132
30.1867	101.3914	716.1237
100.7097	23.2660	495.7175
111.6101	77.6300	92.7802
68.4406	83.8257	75.9888
84.6514	88.0520	416.2892
27.8649	74.1573	795.3955
121.8658	26.6329	624.8722
13.0658	18.7685	537.5173
10.4640	93.0262	239.5911
103.9881	12.4822	676.6550
42.9094	130.4863	96.7981
108.0669	91.6960	208.3437
134.7343	92.8060	674.8333
6.9148	123.5120	307.9743
130.6831	67.2054	612.1739
137.9036	134.0581	22.8853
24.3986	19.3660	826.6648
76.9008	109.2453	185.1068
78.5640	131.0691	828.9623
3.2750	74.0588	228.2317
47.7350	85.1354	573.4446
22.9705	3.2764	529.8960
116.1754	26.0708	241.4360
12.9351	121.7547	141.3487
85.3237	34.1753	660.3581
14.4974	105.6809	201.2428
44.5830	0.2825	367.7816
20.6275	121.6171	844.4231
66.4317	129.2812	479.0661
90.6898	1.0211	85.9772
82.0464	81.9696	513.2369
18.8544	27.6110	91.2902
100.5501	25.1652	651.8698
36.9320	114.4741	498.2210
14.3806	28.5969	415.3293
121.8441	67.5730	538.4915
102.3195	34.7726	122.5349
49.7240	122.6102	205.8705
69.8653	115.1486	423.6306
47.6027	124.8958	512.8012
43.2713	124.5217	296.6686
15.0040	18.3166	421.5194
74.9843	122.6664	184.2080
105.7664	14.2884	577.6172
26.7250	112.4596	268.1236
41.2663	19.6168	65.4492
125.5103	10.3516	638.9185
116.1478	82.7213	629.0056
25.9686	96.0506	547.7613
71.6104	62.0063	482.1116
125.9369	88.7081	665.9699
44.4885	108.8630	394.4029
59.9935	82.1580	290.9115
60.0456	108.8902	289.0278
108.6671	128.2035	514.9102
79.4606	9.9140	628.6749
15.7939	57.1596	787.2652
67.1329	139.1484	305.4677
59.9596	135.1600	734.9594
127.9130	106.8293	773.9744
63.8812	88.5174	158.1423
100.9422	8.7415	344.1686
128.6967	15.6775	497.3924
86.0352	71.1860	250.3609
116.6310	92.0744	813.6845
66.1379	25.2115	443.8750
46.5183	9.6861	668.7409
24.1071	43.0237	849.9406
101.7563	68.8812	47.9125
53.6208	1.4082	759.9801
126.2636	55.3011	266.5648
59.3524	78.2452	671.7899
57.6659	137.0984	540.9670
92.1569	111.7539	537.7999
60.5074	44.3747	676.8086
19.9127	63.3522	597.8902
0.2796	66.9767	503.6374
5.0861	102.6544	771.1594
55.8544	73.8560	565.7694
41.9601	66.5620	856.8018
34.4569	102.6337	299.8337
12.8355	16.9606	270.5869
118.0411	80.4835	595.6677
81.5652	51.3230	371.0556
4.0980	124.3591	225.7095
97.5005	33.7427	741.7427
89.0833	50.5253	773.1492
107.1643	83.4968	479.1798
112.0079	64.8211	742.4764
103.3496	66.5843	360.9454
5.8631	15.5925	742.3258
29.5918	50.7472	508.3424
8.7611	61.8576	260.1200
41.0125	87.3421	747.4566
22.1843	10.0862	471.9942
103.4451	94.3932	182.5504
46.0651	10.1170	646.8041
137.1457	109.7426	805.2325
65.5776	2.1158	830.9949
68.9310	66.4480	145.6015
120.6626	55.5606	593.6993
21.5126	77.9211	532.9816
94.6559	86.6013	404.2784
57.0419	61.0090	679.8068
59.2013	132.0227	653.1436
109.2009	56.1260	755.1341
105.6453	48.7276	349.6439
21.8874	43.9140	302.3559
48.9196	138.6214	108.6516
129.6033	130.3892	298.0972
41.9158	100.8241	181.1900
