25.0025	58.6766	128.5955
64.6940	148.8005	48.0221
174.7168	124.7243	217.8855
109.0188	103.2807	490.2007
138.8337	128.6612	383.0080
22.6375	127.6002	135.6016
52.2032	81.9036	473.4261
8.2498	7.4714	60.5276
17.2366	60.9172	95.8427
167.3035	128.8874	252.2751
123.3424	164.5201	452.9998
156.2896	173.5176	98.9102
144.9985	42.0781	315.8768
161.2828	165.3150	33.4741
35.0522	171.8275	491.9072
43.6156	82.6079	177.9024
156.0991	151.9338	283.0838
15.8993	102.0623	379.5389
147.8279	83.4735	216.4008
164.6432	34.4135	151.0521
128.4201	79.6897	239.0205
98.6898	108.5886	211.5464
53.2144	123.7922	167.3406
173.8653	32.5480	10.1107
10.6155	22.6818	214.6269
6.0052	102.9678	330.7093
165.4194	132.9452	297.9505
59.4616	106.1375	297.0735
95.7605	131.8294	187.5072
55.7735	4.0680	79.9814
13.9487	157.9494	239.3613
119.5837	161.1570	367.4803
15.6712	73.1244	221.5533
147.9354	133.5704	416.1352
163.5261	161.9521	38.6623
151.6650	80.6300	276.1762
80.0105	14.6091	378.0278
7.9060	38.5616	223.3108
45.2958	146.4641	536.6848
103.1134	171.3072	94.8916
69.0009	168.8817	217.3673
68.4379	37.3655	112.6337
16.0698	57.9924	12.9647
106.8786	100.2537	435.6928
103.8532	141.7251	252.1221
140.3990	15.0798	123.3625
0.8664	20.6410	97.7696
11.8937	126.0016	202.5036
137.9184	76.2458	190.1292
136.6005	118.4589	237.2284
112.6075	168.5897	245.9908
75.2978	91.8664	297.1363
101.4007	128.8125	34.3332
17.6009	153.4261	277.4596
138.2481	104.5265	19.7720
49.7242	40.0538	71.4856
79.8423	18.7561	46.9293
90.4702	104.6600	394.5487
168.6326	43.0515	10.5152
119.9119	136.0050	257.3451
0.3570	29.4157	63.5289
1.9084	115.6614	290.8897
115.9411	45.5904	441.4561
155.0227	40.7151	40.3017
100.1356	69.0453	236.7696
154.9855	120.3590	500.3093
17.8596	151.8080	511.9279
173.3219	29.8533	86.9878
58.1472	110.3090	81.5311
75.9293	102.2320	69.1034
49.6880	30.5930	506.7161
11.6848	124.1033	363.7161
122.2071	75.8892	162.5893
136.2557	139.4687	370.1246
76.4059	93.0622	14.3961
76.4052	52.4847	186.8071
102.8842	164.7253	445.4774
4.9306	93.0675	385.3024
56.9412	117.8580	321.9451
106.6411	88.6121	312.8476
96.3495	82.6563	371.8008
154.4052	43.1384	64.9285
119.6053	104.6920	442.7515
69.4954	55.2072	448.6025
23.2982	56.6122	519.8980
21.2998	136.2426	340.6725
56.5669	91.3827	463.2791
44.4428	63.3166	477.5532
70.7243	168.0515	472.7713
146.9979	145.3993	178.8388
16.6742	69.9085	258.1010
172.6261	167.9228	116.9751
41.3634	57.5813	350.8918
149.1434	108.3750	402.2398
116.6702	29.5574	188.3865
0.4463	141.1235	149.9525
8.8370	36.9270	461.3774
84.1263	166.7471	314.7700
68.8878	85.6836	490.0458
106.3542	88.6839	507.6111
63.1963	129.8040	123.2486
62.8463	131.2354	316.4007
130.3158	170.9295	357.5781
121.3454	16.1934	351.8706
89.7021	47.8019	402.6042
159.0481	164.2800	462.2525
167.1639	64.0100	200.5303
82.0681	98.2268	101.5812
92.5833	26.8434	129.8210
112.1035	26.3659	521.2684
27.8087	103.9411	212.8145
87.6414	106.1863	208.3761
88.0472	10.0647	540.7536
149.3091	106.4760	354.2817
28.1840	138.8301	510.7390
51.8382	148.3349	321.4116
168.6152	159.5415	106.4899
77.1578	174.5564	208.3845
136.3741	71.9367	423.7584
103.3738	3.7958	283.5495
155.7641	56.5869	501.5869
68.6939	161.5062	154.6504
120.2945	43.4501	15.5177
30.1719	20.8789	481.8489
162.9908	160.9973	254.6877
38.2011	10.4390	219.2976
108.9045	64.8113	356.6509
86.8929	131.9530	468.5524
23.6057	34.8111	75.3504
39.5800	65.3058	102.0498
125.2817	74.4256	240.8531
65.2173	104.6247	80.0497
163.9864	21.0607	288.7576
17.9238	10.0522	29.4188
47.0841	4.0663	149.1550
3.6774	67.4072	145.5518
67.4469	42.4401	539.5893
163.5400	105.1124	191.7379
32.5862	3.4653	339.8337
150.3701	40.0756	327.3612
165.7368	157.2723	172.8955
62.0468	144.2322	303.7141
9.9208	48.1359	207.2762
33.6627	136.2420	28.3241
6.4399	96.2734	215.0650
90.4102	17.2309	221.7732
45.8869	299.2924	-1155.6000
79.4453	136.7910	181.4949
12.1639	21.9843	213.1605
45.7266	163.0536	258.5352
58.8073	39.7408	238.7639
87.0785	22.3197	455.4819
60.8591	22.4793	178.5777
145.3367	90.0685	314.3667
8.5355	32.9934	140.5019
161.9582	135.1996	84.6978
130.1057	21.7467	327.7757
157.5090	76.0696	352.5476
158.3598	156.8647	252.2974
24.1842	56.8363	355.0586
4.3845	118.5606	358.2463
21.8894	106.9732	243.8177
21.6463	33.2723	193.6933
98.7556	174.3879	59.4350
73.9537	112.1542	162.3537
138.4307	5.0156	414.5244
36.6776	103.4364	88.2286
67.6834	22.6470	141.1897
128.0650	168.4718	256.2994
97.8934	35.3029	312.7623
101.6090	88.3746	437.3340
57.2612	55.2472	93.7674
18.0873	75.7269	25.8451
39.5437	7.4525	94.2607
108.6200	29.8214	0.2688
32.9490	28.7598	423.8351
132.2536	39.3606	321.2271
104.5132	124.2976	495.0007
135.2899	155.5081	225.7922
96.7953	162.6641	114.7113
147.2464	36.2068	304.4414
170.4160	18.2580	57.9491
95.1079	151.3735	195.9468
94.5104	167.9003	46.3303
25.4085	155.2881	243.7817
139.8083	50.8564	281.6275
136.6401	8.4014	103.6871
146.0036	84.6803	238.0316
38.3542	173.0777	424.4918
127.8360	89.3589	343.0965
63.6283	130.9226	385.0602
31.2524	133.7010	151.7960
90.4012	162.1861	428.1537
155.5997	80.1986	259.5166
122.9201	110.7786	298.4565
164.8041	134.9546	200.9902
46.5505	28.7022	496.9228
59.9426	60.1745	269.6946
110.7811	4.3057	257.0066
60.1295	129.1759	153.9984
15.0343	120.9420	497.9581
63.5797	165.2882	438.5079
118.8630	168.1239	169.4521
156.8898	173.1389	511.9723
168.5904	32.3786	264.4003
134.3950	169.5149	364.8928
111.1417	149.0939	413.6417
7.0839	93.3220	33.6671
165.1319	128.5265	308.8475
63.0662	0.0568	538.7092
27.5549	133.1709	217.0929
111.4079	59.2491	83.9921
78.6952	28.3058	106.1346
56.8090	111.4728	322.7210
46.8676	10.9594	96.5176
159.2593	145.2001	422.2833
94.9021	55.1388	312.5909
103.0296	127.6357	236.4831
34.7579	161.3425	0.6095
89.4637	49.8474	33.0826
85.7748	119.3565	19.0046
139.7514	86.5098	235.2123
120.7080	57.6248	29.4225
129.5250	81.7044	277.9733
123.5406	5.7541	179.6405
157.8649	10.0177	392.2243
121.5372	100.8789	459.8116
133.7015	133.5264	312.7918
169.4546	163.1802	465.5502
43.8203	170.4241	43.2323
150.3714	165.6650	448.2433
76.4824	98.3965	467.2782
82.1125	0.2507	207.2830
103.8350	104.8775	253.2099
105.8236	3.8281	407.0222
152.3114	137.7531	381.2823
133.2358	33.1447	153.5243
141.9599	136.8355	7.8724
139.3557	58.0344	490.7140
45.2235	1.2390	27.8797
128.9668	16.8666	437.1380
134.2708	131.6720	514.4263
114.8064	27.9167	92.2962
81.2709	167.5690	202.9695
54.5861	35.4258	252.0560
136.0795	27.0972	489.7661
125.6748	94.0831	500.8264
115.4490	167.4683	40.3871
10.3054	57.4298	143.3136
51.8549	47.2147	46.8636
141.0150	164.5223	71.2777
139.7373	34.7944	546.9839
76.8713	95.8571	519.1035
5.7519	61.4641	4.0556
160.6409	52.1340	320.9576
143.3001	86.2287	95.6387
34.4152	5.8024	3.6895
36.2300	127.4205	376.9651
9.8444	132.1345	430.7057
142.4874	121.8654	125.0868
169.2607	159.0717	159.7678
47.5870	37.2592	76.4258
54.5854	83.5432	327.9647
1.0254	133.2051	389.8859
76.2592	128.8153	336.1751
38.0335	174.3356	506.5925
51.4122	147.9372	482.1643
110.4836	68.5564	441.4204
140.2124	0.2388	494.6014
2.5476	80.1632	301.4258
174.6156	149.0943	208.7650
59.8099	1.7425	286.2885
101.8420	114.5660	291.2134
125.5098	90.4045	513.1730
165.8957	7.1129	194.4728
90.4705	26.2557	229.0734
146.5343	103.6072	547.6117
75.9799	131.3949	4.2133
24.5676	132.6376	541.2028
152.6256	58.3639	467.8003
114.4781	97.7812	448.9793
128.7676	35.1972	147.5017
71.5853	148.4244	147.3648
68.1811	102.2245	116.9141
121.2378	7.0987	195.6147
85.0063	138.1156	237.3275
30.1229	157.2482	329.8026
69.9323	70.6865	304.9518
43.9924	5.3365	221.3670
35.3920	60.4061	86.3165
56.6561	126.3250	68.7858
79.7762	125.7968	343.6134
44.5286	163.3210	267.6322
131.3322	124.9146	436.5640
150.8122	14.2489	459.1109
152.9346	107.7514	25.4343
78.3518	77.9234	166.3655
80.8724	3.4170	132.2217
83.8622	65.7093	478.5262
144.3886	120.4795	382.6370
106.9825	24.9642	149.6356
74.0579	120.5168	465.1478
76.4066	41.5518	253.4508
56.8302	86.7226	442.5246
143.1374	155.2655	307.4726
43.5638	34.4231	448.7512
8.1745	3.4415	465.0923
132.9527	173.6303	56.8382
58.2077	34.0444	59.6133
8.0301	99.2293	224.1407
33.4367	28.7476	157.7546
135.8378	101.7670	294.2017
159.4463	82.0206	131.0662
134.3127	124.8501	232.5082
162.8792	23.4130	242.5083
125.4564	163.1427	160.0461
166.6829	70.1916	319.7876
71.1155	112.8606	95.2810
32.1030	85.5567	321.7874
144.5128	98.6087	325.5699
96.1120	84.2364	317.3771
79.9296	168.3471	404.9389
21.3012	19.5350	14.0553
130.3832	118.0747	148.8019
131.8956	169.8933	262.3028
86.5846	40.6416	514.2444
68.9570	26.4939	214.3792
83.8731	123.8866	545.5318
32.6677	5.0585	109.4948
75.9546	64.1993	83.4463
110.4985	135.2332	371.5993
129.2325	153.2515	130.3348
147.8429	104.2864	80.9187
104.4463	140.9840	111.8392
134.1906	143.6535	308.6435
162.2351	139.7314	503.7317
163.8278	105.1363	300.6857
70.9529	83.2261	543.2258
147.1385	23.9203	118.8730
118.3967	149.5608	424.1230
99.9941	54.4594	305.0469
133.0455	12.2592	12.4427
67.2444	172.4867	196.0926
8.6289	61.4207	9.4669
14.8501	10.6322	382.3510
111.9988	97.9272	177.3347
9.1296	8.5209	485.5777
60.1370	139.7700	492.8753
152.8155	37.5009	422.8233
153.8452	136.9760	236.9787
110.1013	123.8530	98.8138
55.8909	112.7069	480.4734
9.0817	155.7350	265.6975
95.0206	2.7173	431.4886
104.7346	160.2315	51.7264
109.9482	163.4330	80.5991
16.2470	2.9127	270.3605
103.6246	92.2154	218.4757
129.3287	85.6861	193.0940
118.1415	6.2371	167.0901
82.1783	131.2363	392.5086
125.8503	36.3072	119.6829
8.0946	127.1184	173.7745
32.4246	159.8628	283.9880
167.5407	107.7772	92.2566
110.1479	48.4440	28.6932
63.0641	72.4788	285.0247
67.1012	110.0262	190.4836
173.9862	144.7264	483.5473
97.1937	70.9261	458.2751
75.7988	138.0594	221.4119
121.9959	82.5229	23.9985
60.7746	142.7543	474.5887
55.5360	28.2193	229.6594
33.6082	1.2420	28.9673
108.0772	145.5345	131.0504
173.5746	84.4728	454.0126
45.9591	5.6071	369.7132
147.4552	102.0377	111.0143
97.8562	13.2245	124.2344
137.1596	69.2705	304.2873
126.9928	165.1438	263.2572
90.0745	135.8005	175.4869
97.9712	107.6854	351.4921
146.4273	52.0017	442.8270
138.6587	158.5196	222.9798
174.8566	44.2246	513.9223
17.2086	134.7783	540.7656
55.5754	150.7360	462.3762
21.8430	21.4030	243.4990
10.9390	113.5436	215.4800
7.2551	54.2309	323.8646
30.0431	35.7866	186.9795
168.4604	23.7625	279.5113
0.9132	73.4677	26.7036
23.1016	88.0794	389.9508
58.2855	9.6012	373.9559
73.6067	72.1452	419.1421
59.2361	15.0345	277.8406
162.3464	145.5678	533.3325
154.2111	70.6789	9.5747
91.6875	12.9166	376.1033
160.6492	25.6322	402.9406
76.0890	18.0903	201.7303
42.6361	8.7939	398.6981
80.4113	146.6994	289.8837
71.9447	118.4590	91.9138
71.2467	34.7060	339.8378
37.8493	78.5774	318.3710
113.4579	84.3912	134.5151
113.3727	93.3946	98.6876
167.2042	153.6672	13.2774
140.3241	129.6602	8.2217
136.6451	103.3430	96.0195
24.6740	127.0736	518.8974
98.9278	93.9417	520.0088
143.9236	108.9196	366.2554
3.6904	118.6995	92.1669
125.2699	53.2944	74.4588
66.6584	63.6484	290.0854
89.5411	119.0272	10.5458
133.1152	114.4678	522.3693
12.6541	154.9561	327.3348
107.0269	133.7426	414.7594
167.9089	97.4060	296.5749
124.4420	84.9364	191.6978
82.0986	139.6170	241.8830
116.8660	137.8090	186.6295
31.4635	62.7081	91.1449
169.2955	25.1509	217.9590
79.7530	26.1071	356.2901
57.6513	40.8969	121.7519
14.0286	120.6112	165.6462
61.4043	129.8346	309.1321
123.6961	2.2552	32.9765
60.0067	57.1116	180.2197
41.4984	142.5993	508.8450
97.8812	27.7670	242.8379
56.5867	114.0775	488.3843
49.3610	164.1219	317.3886
79.3943	9.5255	40.3966
174.1783	133.3515	178.5471
18.9550	133.0482	547.1844
51.3658	140.0730	46.8743
51.1221	124.7583	195.0868
114.2101	49.4924	382.6913
159.8334	101.0372	112.4737
72.0833	70.4530	268.6214
169.5788	19.3397	531.7953
39.0332	128.1280	44.9995
95.4899	140.9209	393.5922
107.9074	98.1874	288.1463
160.2893	11.4133	349.2037
145.3692	43.0158	162.5947
65.4485	58.3481	119.4457
65.2143	35.6452	132.4334
106.8458	132.7073	361.8542
141.6387	19.4199	368.4709
53.8868	13.6490	43.5513
74.5363	121.0609	455.0636
5.4323	21.9533	85.1202
46.5658	70.3003	415.6655
93.0715	51.5770	89.9227
105.3111	45.3846	143.4489
113.2285	22.3356	378.8087
174.0170	167.3140	514.0690
119.6847	68.5692	507.7546
86.9197	15.9055	111.4413
149.0510	36.4517	543.3926
125.1245	60.0167	267.9635
76.5997	111.7297	70.8428
24.2657	21.3721	17.9422
54.1716	93.9133	110.1807
157.4415	71.4805	217.3041
146.1445	45.2864	448.6359
98.1247	127.2031	171.2359
44.4251	64.8260	402.7013
142.5752	174.2796	163.0017
115.4957	85.5002	249.6009
168.8726	3.9431	410.8194
59.7643	69.2523	417.7768
6.8788	113.2050	165.2022
157.2864	43.3593	299.4927
3.0114	53.9127	302.8298
16.2057	85.1863	164.5860
16.0324	21.9320	540.7954
91.8219	114.7875	350.5896
44.9500	159.1468	218.8706
54.6594	7.1812	126.4819
51.7849	24.6170	41.5612
16.8134	167.8074	6.7567
9.4068	158.9748	51.6517
97.3145	97.3189	388.5390
104.6873	70.5441	211.3280
97.8755	114.6271	477.5769
141.4775	104.2994	470.9350
31.6057	1.8727	458.1788
112.2551	92.2713	110.9600
8.7457	105.3325	237.3853
136.7090	121.0888	434.1276
71.2241	144.7402	464.8763
167.1162	123.9961	131.6163
23.1261	18.4906	200.1922
165.2220	161.5032	58.5130
126.3718	1.5403	461.4269
80.9178	38.1119	432.3494
62.1840	72.6398	308.8217
143.2781	142.8368	63.4419
119.3512	171.5453	179.2522
60.1356	72.6390	401.1994
161.3292	90.8698	75.9908
55.5088	1.9905	445.3265
32.7657	150.2454	224.0392
10.4166	152.7460	477.8629
2.3819	0.0743	124.2803
33.2491	22.6317	429.0284
136.1883	115.1255	547.1928
124.4063	138.3976	173.2810
132.3897	169.9580	207.8871
63.3088	93.5082	279.7528
105.2782	11.6234	396.9637
120.0544	38.1078	420.4978
40.1738	35.1772	511.3793
126.5219	115.8044	73.2086
156.8109	25.0371	113.4100
97.7613	129.6921	161.1901
144.7189	127.0153	253.9771
0.9594	94.3393	180.6164
99.4619	108.0075	516.9381
87.3116	108.2190	516.3749
3.3364	36.6824	443.4862
30.5084	20.2166	154.5626
58.4251	116.8575	104.7194
71.9668	51.1860	33.8322
73.9375	60.7626	190.0498
75.6713	1.8219	448.7047
98.4892	112.8567	36.0261
21.2461	140.9670	259.1129
9.4250	49.5985	67.4064
86.3314	26.9636	186.3656
90.8424	96.6694	385.3208
66.3870	83.0146	296.4482
157.1383	121.9020	70.5309
106.4806	117.0010	507.3762
109.3182	85.4088	496.7712
81.3398	144.6725	436.2122
169.6135	90.3391	109.8194
5.8838	24.5801	221.7049
74.2280	161.1027	384.9689
57.2889	17.7137	142.8334
61.1690	86.6490	240.3909
56.3477	91.4591	424.3308
103.0844	83.0007	194.4618
79.4182	114.0381	17.0088
159.4849	30.1420	157.9579
114.6344	140.2377	391.2347
5.6058	118.8971	152.9266
37.7593	145.3121	78.8689
43.6083	144.0442	502.2819
4.4317	16.0654	248.9882
144.8430	56.0745	536.4037
5.2416	16.6928	137.6157
131.9842	53.3264	290.2846
4.9821	173.9495	169.0166
152.0520	51.5349	88.0224
154.6474	159.2438	190.0099
120.5983	137.2573	403.8297
34.4655	112.6476	175.7107
151.9813	60.8222	25.5805
87.6270	66.7316	252.5964
50.8227	59.2185	498.6347
161.3115	171.5011	453.6942
38.3806	90.2054	449.1663
71.6894	58.7638	22.4450
114.3368	70.4271	113.5098
98.1445	162.9245	27.1242
162.8649	149.9308	302.7014
61.0729	81.6439	423.7592
169.2765	77.9693	216.5883
16.5699	20.3075	521.6203
162.9328	104.3626	132.6102
62.3479	119.5456	302.1693
41.8410	164.2267	93.1871
83.9758	35.8412	140.7713
49.6877	120.6563	28.2595
132.5599	83.2861	346.2750
69.3405	32.1851	38.3337
51.7700	39.9402	429.6119
132.7092	59.2036	259.8488
82.9062	74.9038	522.1980
15.3853	86.2225	396.3640
68.0033	150.5621	152.1414
39.7505	152.8350	86.7877
81.8121	8.9551	127.8633
171.0645	93.7173	384.1098
68.2222	153.9186	546.1496
85.9757	57.9923	87.8213
45.2713	88.0222	29.8792
73.5447	44.9936	30.5387
129.6899	167.9260	311.2152
19.3051	19.5858	51.4511
126.9701	123.5254	305.1916
90.1355	34.5329	415.3882
158.7538	77.7172	325.8669
120.3421	62.8630	206.7885
18.9376	27.2742	54.6098
19.9631	165.9956	395.5433
115.1112	104.7044	480.6278
110.2239	25.9619	119.7490
22.2235	23.8278	54.6793
64.8940	15.3154	121.1001
78.1754	171.6270	453.3205
1.6472	166.4457	131.1620
117.6067	34.9855	320.9474
128.4638	174.1925	164.3078
74.5448	12.1556	100.0687
121.2171	48.4749	350.7850
69.8983	129.3770	454.9654
26.2990	163.3558	249.0367
121.2508	169.0988	174.7310
127.7322	135.4886	387.2274
44.7106	128.8394	231.9370
128.0808	53.2747	153.5783
28.1233	27.3607	437.7496
44.1762	69.5021	436.4003
143.7433	43.9998	329.5645
21.6698	120.8118	55.9669
15.5462	88.9610	239.6390
172.1506	53.9862	541.5297
124.1409	113.2594	367.3669
31.4103	105.7952	84.0712
18.9778	36.5747	12.3076
159.2632	134.7364	543.8445
151.6821	121.4146	397.1770
12.9410	168.5361	119.1741
12.2234	60.9210	317.1079
86.3792	64.6996	303.8231
16.4434	98.6460	143.4310
113.0437	101.3832	485.9912
109.4787	114.2540	377.3705
162.8085	62.7664	58.4047
45.4699	70.3915	459.9272
70.4395	173.3072	310.7334
145.8794	-71.9124	930.9000
152.2156	28.6695	415.3416
0.6962	57.2762	215.9170
109.9954	102.7987	311.6285
35.3983	45.8705	379.1950
146.3892	83.8049	494.8445
44.7610	11.0390	89.0502
147.0546	24.2049	231.3633
155.8357	76.1697	75.5874
53.9746	102.3718	497.7190
2.1181	99.3785	447.7320
115.8372	87.3787	105.2877
105.6796	0.4116	122.3904
34.7807	162.4790	222.8874
10.6838	111.3782	519.9215
142.2801	2.6545	469.9756
102.8228	103.7858	368.4809
31.7563	7.7468	152.1218
47.1747	128.5242	288.5230
65.7681	122.6911	180.4383
116.7364	17.8739	193.2827
107.8889	35.3494	17.1037
26.7933	134.7384	504.1374
87.2138	33.8835	25.4418
81.8723	118.6658	265.8556
91.6510	133.6403	173.0911
150.3962	23.2709	187.3841
21.7783	12.5896	12.3456
66.3078	105.2541	286.9133
57.4056	33.9284	51.1259
29.4283	81.2300	116.0663
19.1635	88.0671	61.0606
124.3798	93.2621	205.2466
86.3815	168.5996	533.5210
25.9565	117.4214	187.7842
56.9241	47.9818	465.3325
5.4587	41.3751	91.8064
148.6525	2.2303	498.1222
160.8976	10.6055	430.9723
143.3030	134.4375	485.3856
86.9949	66.3677	451.1744
162.6473	84.8494	351.5913
34.8557	99.1771	209.8899
57.8809	12.9597	149.1291
53.5071	139.7918	92.1247
111.8497	84.7488	428.6710
8.2725	149.3005	106.2940
147.2455	121.0295	247.8809
160.2535	137.0755	7.6990
78.5661	116.6887	458.1785
50.4993	40.2419	290.7382
156.8601	121.9557	275.0473
154.5107	28.0823	403.3021
121.3549	93.9873	399.4067
102.7094	79.3766	191.8762
132.4453	158.9481	435.5233
4.2253	130.8648	89.1887
51.2433	47.8255	54.0230
18.1574	35.0671	203.7874
54.2596	146.9643	503.7911
165.4462	46.7075	375.6371
141.3969	23.4401	471.5929
148.6180	172.7104	378.0161
52.9865	11.8001	138.8169
150.0800	162.7363	544.7982
40.2166	32.2342	91.8933
55.7037	65.2470	307.9079
57.8422	115.7887	131.9094
88.0205	54.9508	421.7500
40.8336	57.5110	170.3012
44.7995	173.2701	358.4804
98.0521	154.6442	151.6921
127.5403	2.5204	372.0364
15.5796	148.3635	116.4568
69.8191	1.3560	416.7384
154.4696	170.4043	19.0095
162.0522	24.7269	466.2184
129.3107	153.9287	488.3428
128.0053	48.1042	107.7933
88.4186	164.1089	242.5076
123.4808	1.8763	438.3266
152.8103	124.1034	84.3451
17.8259	137.8363	289.9416
59.8500	126.6553	205.8387
5.0389	34.0586	100.8583
103.5565	104.3195	143.4371
138.8837	102.1058	472.4652
168.1618	2.8415	457.8184
58.0577	86.5404	143.4433
90.9402	114.7639	212.2649
36.9821	13.2992	350.2166
36.1059	132.9538	216.0752
64.3787	50.6811	276.0600
151.5593	49.6404	218.6723
104.2712	127.4746	287.4278
51.9690	48.3593	69.8828
57.4643	76.8120	325.9088
95.9699	15.0419	194.9938
161.4271	90.3924	342.8890
161.8037	133.2872	332.0557
141.3360	52.9010	399.1685
19.5310	78.4953	68.1632
63.8354	154.0231	210.9539
61.2639	71.2340	307.8603
58.5000	105.2905	503.1824
159.1297	73.1052	103.0787
155.7620	81.1459	118.3236
113.9452	23.7754	76.6881
139.3585	57.1652	322.7969
28.3137	34.4283	0.1096
130.2363	9.1833	72.1776
151.3040	106.5532	356.0090
126.7837	13.7440	305.1016
84.9324	72.8728	101.3913
145.5468	80.7695	398.8224
169.8879	18.8071	19.3068
150.5686	167.3619	488.7663
165.0465	17.8168	152.2723
137.6191	145.1713	191.7892
47.0251	162.3460	200.7620
175.0833	40.8899	361.9551
71.3331	8.9822	213.4222
36.0461	118.8034	65.2508
136.3584	154.3553	138.2785
135.4004	91.6479	327.9062
119.0814	175.0218	364.6928
101.9797	88.5381	347.1201
17.1464	15.2463	30.6352
19.0976	171.1938	206.9373
141.2565	25.3158	7.9642
8.8881	127.3270	107.6974
43.9304	97.8241	486.7504
147.8260	156.3747	431.1926
83.1450	77.6621	107.2904
124.8889	90.9733	86.6595
106.9467	168.8569	253.8641
15.6322	61.6546	281.4882
93.2688	57.8220	347.9616
63.3829	123.8297	366.2810
47.9781	168.2746	189.9914
110.1940	65.4320	484.1051
112.8134	68.5742	148.4189
13.3935	151.4668	267.1396
18.1001	173.0930	513.4238
38.9147	78.6368	114.2805
60.5178	8.7727	215.3886
54.0253	9.6696	532.7144
89.3065	102.8463	272.3983
77.3038	149.5769	334.5500
38.3888	56.3980	208.2609
157.4296	5.0326	486.5255
72.5466	92.0432	94.2296
126.2704	126.0957	119.6033
153.8687	57.6125	35.0826
14.4102	11.3598	477.6449
0.2745	136.1856	440.4882
14.5182	170.0463	546.0124
74.6007	86.3262	388.5237
32.9571	172.1736	13.6386
1.3942	106.3595	219.7114
63.5024	57.0888	77.1200
34.1915	80.2421	163.8038
57.1874	172.3035	300.8313
132.0358	22.4377	490.1123
27.8040	157.5947	318.4366
100.8258	81.0807	17.1113
130.2875	18.7903	81.0573
9.1501	116.0643	497.5054
45.6126	109.3625	347.1344
44.0985	21.1269	321.0778
149.1881	118.3590	406.2120
95.0072	30.2126	220.2228
63.2733	167.3909	424.9879
47.5861	51.8540	517.5497
136.4572	101.2680	74.9134
5.4249	116.8622	415.9963
104.4820	129.5214	85.3947
46.8897	59.1421	441.4809
161.7282	102.1321	280.4298
35.2402	152.5781	174.1583
28.0948	105.5972	260.1012
42.5795	123.8490	434.2614
57.1120	26.7895	142.0132
108.4728	167.7039	161.2246
169.9774	42.2213	241.2277
130.0508	73.3733	96.1624
109.9623	100.7388	134.1133
46.0612	122.4011	304.1253
91.8385	12.0370	202.9973
160.4997	69.8229	68.1951
38.8059	162.2093	183.9171
78.8163	91.2496	206.9445
108.0263	79.1359	235.9720
46.8437	28.8876	345.5569
132.3304	166.0719	228.9166
167.0998	76.1587	260.1448
77.7479	55.2706	505.1546
149.2286	41.2582	491.0738
53.7707	0.0245	116.9076
66.5502	19.8994	89.1089
171.5645	122.5578	547.5888
142.2683	49.6562	53.4700
88.9883	151.6880	241.2217
59.2205	111.9905	367.8616
34.9254	36.2419	464.1973
136.1391	142.4576	460.9244
110.7160	15.3229	5.9298
8.3267	4.6367	394.8904
105.0416	131.2193	269.8794
51.1957	116.0545	471.5543
120.4933	27.0516	184.0562
78.3837	34.8779	63.3452
158.1664	130.1657	462.9224
70.9434	52.9864	134.2375
130.7562	3.1815	264.5141
1.6777	56.9544	340.2870
85.9703	127.0441	400.3668
148.9017	60.9030	70.7898
164.8056	54.8697	392.2685
108.4905	164.8860	64.7277
100.0230	164.4362	110.1090
91.1056	110.5106	182.4411
151.5140	10.7781	505.7805
80.7288	164.0604	55.2342
15.9213	5.6614	25.8872
23.2034	13.6614	28.3946
119.2788	165.6259	459.0176
142.1882	71.3148	245.4754
15.3338	106.2577	116.1964
45.3358	64.5252	386.3495
162.9794	122.4748	472.6125
6.1310	64.9122	472.9985
22.7286	44.3843	252.0927
17.9809	72.6376	278.0600
140.6130	38.7943	78.8160
149.4489	58.0300	392.9561
76.7789	32.8142	76.3276
126.0887	125.4606	184.8119
166.9244	3.0711	535.8631
167.2461	119.6262	132.2986
90.7405	103.2830	190.0576
168.9493	30.2519	130.6837
14.4964	38.4196	521.2770
170.5595	91.6019	336.0006
18.6847	81.7507	403.1589
119.1412	151.8038	531.5198
90.2722	9.4765	338.5791
70.6058	64.5132	409.7777
174.1984	51.8080	529.1526
138.4555	32.6152	391.4997
168.3553	29.2510	489.9762
158.1439	85.2392	438.1428
145.4924	19.0451	24.2027
3.8546	174.1034	303.8948
130.2659	54.4597	427.1742
73.3584	99.7288	349.3824
6.9701	139.3723	438.1393
156.1066	114.9039	468.7629
132.4748	76.1608	124.2690
60.2881	83.2252	453.4437
110.0273	100.3417	36.7944
11.0133	61.6239	247.1520
46.5277	2.3244	410.4524
1.8477	75.2783	320.7564
133.7463	62.5818	60.8290
159.0756	130.9007	477.5712
102.8876	79.2395	320.5081
174.3156	165.2503	131.2265
61.8951	174.5477	215.0126
53.2796	29.4154	351.4686
163.6078	13.8628	43.4693
117.1540	134.3566	37.4184
48.0753	168.7592	170.9989
148.6058	128.3083	67.6491
90.6005	81.3512	302.9399
134.3279	60.6128	374.0951
33.4061	85.2110	411.1925
16.1790	20.5504	202.1935
47.2375	128.1852	212.6985
126.6887	12.0824	301.0784
101.5716	58.1744	169.1863
11.2290	5.6097	43.8954
86.6368	134.3478	338.9593
174.5280	96.9472	359.3553
44.6932	109.6031	266.8893
106.2274	172.1902	256.3984
73.1997	46.6325	225.2280
54.2701	45.3245	386.8406
114.3026	170.4396	352.6009
156.8973	71.4708	120.3279
147.4431	32.9214	497.9463
13.6994	102.7101	493.9081
59.1696	86.8142	124.4812
133.2210	29.0068	217.2271
16.4127	103.4917	25.9662
81.6898	15.4262	503.8913
38.8602	42.9673	220.0664
53.9807	73.9296	136.7836
70.9313	72.7900	433.7490
14.7719	142.5857	321.6272
30.3920	0.6505	185.5829
109.9344	140.4190	30.3043
44.8261	22.2954	138.7752
100.3845	76.6809	331.3179
21.0596	29.9594	514.8415
64.1206	50.4195	183.9395
0.0985	90.4310	239.1673
17.8214	164.1432	407.6924
3.2132	27.7270	43.5342
161.4158	141.4930	178.4992
169.1514	39.2937	407.1568
8.5136	84.2602	127.5120
74.2987	35.5660	119.3583
5.7756	132.9043	316.3950
127.3731	104.1825	482.3366
91.6508	104.7011	376.5514
171.4617	105.1849	386.7282
125.2709	62.7707	98.1417
64.6561	95.6028	371.6176
13.4660	103.1111	64.6133
73.0038	52.5356	477.6004
89.4465	158.1634	510.8798
152.3424	51.2714	447.3832
16.6710	112.5524	468.7879
98.7805	20.2924	282.6523
27.9090	138.3925	163.8050
86.6734	172.3946	431.8547
74.4764	56.6398	546.2721
105.5014	105.3081	335.9879
0.3355	104.3276	88.8403
161.1777	159.3004	215.1660
29.7414	130.6111	54.6865
3.8921	70.9713	503.3729
72.2316	69.8258	523.8908
137.6941	55.4830	407.7938
1.6147	119.2319	443.1472
8.7392	83.4341	55.5694
58.8492	101.6035	171.3522
135.6389	56.3328	490.3236
142.3923	118.0548	91.7780
137.8930	9.8211	299.4527
91.0158	95.9135	463.4616
116.9431	132.1464	410.6117
120.1218	36.7695	43.1002
151.1770	37.1504	145.5490
66.0554	158.1455	274.7568
95.8361	128.4388	305.6402
83.0988	167.9806	252.0505
7.2488	145.6111	503.0978
78.8845	140.4532	494.6661
2.7392	103.8696	322.5055
97.0931	153.0274	335.7920
26.7773	13.3161	8.6719
77.2077	9.1076	244.1176
136.7816	143.7837	452.1564
85.1581	86.7308	194.7078
16.4673	1.4720	37.6402
102.6683	28.9635	296.0363
84.1338	46.9639	387.4070
116.7719	94.0193	358.0464
111.1245	16.9773	366.7989
100.3144	162.3671	393.9425
119.0492	163.3612	200.2380
154.7576	5.4240	505.9595
168.3296	50.5775	352.1322
160.6391	66.5381	45.5834
138.8790	134.6302	70.1208
125.0771	153.6102	310.4763
166.6701	134.9982	270.8091
69.0957	47.7870	303.8660
102.3359	141.7325	207.9797
26.6699	126.5983	411.5944
70.9351	150.1404	252.4594
36.7242	45.2389	304.5626
129.8411	172.4163	523.4698
97.8116	117.9116	279.8813
155.3218	117.6885	440.4845
49.9540	13.1264	77.6089
12.3092	44.6778	268.5391
158.5215	164.6215	275.5352
141.8139	65.2636	330.6696
57.8619	135.3591	121.3676
42.2768	161.1610	309.2548
156.9811	47.9275	418.2047
168.1272	60.3145	131.2467
167.3696	37.4997	408.2738
169.9797	170.4448	459.5923
9.6536	96.9703	169.8228
116.6415	122.2868	28.2686
150.5682	167.5777	474.6679
7.2683	166.6903	402.2590
138.0514	49.9379	35.4422
8.0276	75.4951	309.9770
152.4729	51.6742	25.6707
6.7042	58.6988	34.8842
70.5809	124.9127	278.8859
109.9630	68.3769	47.1797
108.0389	29.5905	412.8088
80.5445	30.5801	37.9802
174.4412	15.0349	433.3305
49.1740	159.6184	8.5538
95.5651	150.4410	421.8595
72.5629	2.0057	14.6072
66.7539	171.6802	397.5949
62.0178	149.4298	60.3822
166.6914	1.3225	350.6392
15.2030	159.2563	296.9010
114.0263	29.8891	168.0705
77.7175	118.3557	198.5528
53.4213	117.1753	172.4793
69.4860	135.6668	165.1427
173.4773	133.1819	291.2899
53.5376	42.8445	29.6589
64.0269	121.1813	235.9130
164.2508	132.9790	419.5551
113.9452	91.3879	139.5747
55.5612	173.1334	314.1062
28.0268	141.3583	520.7149
74.4531	163.6550	72.6781
27.3739	121.2206	501.6405
31.5013	59.8302	103.1810
76.3893	8.0755	508.7817
174.7679	173.6490	340.9461
67.1627	92.5761	273.4388
23.4267	83.7371	193.7810
174.6565	34.0646	203.9458
158.5470	114.7922	324.5302
1.3096	49.6256	250.3092
6.3885	22.0385	236.3302
139.5437	134.4353	156.9202
165.0804	154.7780	141.0264
28.1008	141.1318	431.3541
17.9644	29.7524	424.2791
155.1498	109.9185	323.6859
15.9956	172.6162	253.7842
56.6715	12.0414	296.8912
21.6218	173.3715	433.5445
155.1584	148.0994	364.0550
49.2615	55.2640	255.8128
89.9864	164.4742	248.9267
163.8926	127.0853	336.8111
109.1732	113.6500	503.8462
121.6650	32.7558	39.5861
51.7849	24.6170	41.5612
60.3913	130.1364	21.6707
144.2110	155.0353	13.3781
34.7264	125.1881	173.3230
94.9510	66.5685	321.4100
19.4899	80.7756	214.0207
3.6852	96.9255	267.0104
130.5714	49.3514	446.4460
26.1498	153.9535	460.1839
79.3841	59.7528	400.6183
129.8535	157.3671	196.2072
131.4869	151.6164	134.1948
116.5887	69.9118	167.0935
162.2361	53.4799	521.5591
98.9576	53.0975	189.3908
5.3611	15.4324	331.7441
83.2681	8.0289	197.0775
98.4143	16.5212	434.4326
167.7082	143.4892	55.7096
46.0674	126.7580	530.5799
50.7190	155.5873	269.7462
61.1649	3.5217	517.5531
38.2195	28.5078	427.6347
83.8643	77.2382	104.9491
59.8926	104.8719	491.7824
133.7911	86.2581	213.3497
86.3530	40.1665	140.0280
40.2356	126.7195	4.1432
41.2223	23.7678	274.6967
25.0652	127.6818	53.9614
64.8006	40.5506	499.3796
162.1952	131.5039	489.6133
55.4604	145.8255	504.3659
144.1182	11.6241	532.6649
56.7115	121.7503	230.2425
131.4736	158.2980	501.5708
17.7859	70.1465	437.0822
123.6674	69.6091	248.4854
53.9039	17.7853	112.6473
37.2538	29.2669	168.6942
69.4463	158.2130	176.6862
111.6301	160.8885	29.4752
45.4564	61.5992	426.0402
109.4333	144.8783	333.0871
52.7098	158.2730	207.3633
84.2206	92.5219	102.1987
3.0560	94.7062	241.7905
160.0974	66.9275	404.3316
68.6766	160.9507	141.4684
60.6992	99.7893	345.6768
90.4713	19.6229	400.2330
15.0487	135.1095	189.5282
33.8620	89.7586	378.5262
22.0974	55.1796	406.5671
156.5953	158.8831	155.9714
63.7550	4.8642	2.1021
53.4382	91.1268	350.2272
143.1915	147.5828	110.7884
92.6051	150.7683	210.2118
15.6061	86.0768	43.9503
31.8805	127.5233	510.4654
122.3710	155.5802	509.2846
174.8075	109.3689	454.9601
85.7586	14.5758	176.5721
2.4368	39.0899	456.4785
121.0854	3.4397	35.4760
169.8518	116.4730	8.3366
76.7701	114.9978	346.3765
82.6037	140.8925	311.3843
136.3720	145.4453	461.8859
56.8846	174.2536	357.0812
144.7033	165.0246	476.2830
130.4722	140.0715	396.3663
127.7600	161.9493	402.2004
136.8836	37.7144	547.2989
166.4127	38.4874	512.1239
56.8145	148.0045	317.6026
76.1068	159.6788	296.4644
60.1891	143.2116	360.4917
138.4728	134.2596	13.2302
145.2270	108.0437	323.9635
42.2294	64.7698	406.3657
7.9204	84.8340	177.6859
157.0815	160.1361	126.1850
76.2050	174.4659	99.9026
81.7032	24.9468	79.3520
120.5847	65.2598	522.0130
43.1794	4.3046	231.6627
126.3465	145.3644	524.7485
67.3378	72.0972	441.0638
81.5869	73.8515	158.5802
141.3182	103.9908	6.6699
86.0282	28.8427	483.7364
35.4753	110.7081	29.0513
102.4212	14.8857	14.9754
110.2097	133.2862	421.6377
117.0485	73.8025	468.8019
77.9291	164.3456	167.3781
13.2534	127.9186	465.5743
14.4653	85.5255	66.6341
162.5282	49.3493	167.4129
117.5179	90.9569	274.5020
10.3589	37.5774	178.8111
37.9431	52.1743	389.8345
171.9153	8.9217	183.7033
2.3687	50.3572	167.3208
39.0232	158.1487	85.5366
113.0059	170.9477	355.1196
108.1007	54.7323	91.6053
48.7600	46.2058	458.1889
44.3595	110.5834	111.9970
8.5711	145.0233	115.9309
94.0721	32.2853	526.0213
19.2999	129.8701	408.5769
25.8435	57.3656	217.6455
152.2342	15.7121	339.3723
47.4998	117.5315	263.2972
91.4868	35.4053	203.2362
28.0940	88.2724	234.4798
37.0564	169.3027	439.9458
110.5484	88.4200	182.1186
152.4818	101.6477	36.8050
24.2398	119.8201	41.9963
120.7258	144.7742	156.5010
149.4444	33.2807	287.6215
120.0138	57.8717	135.2900
107.2069	21.7655	114.2147
88.5087	43.4350	430.0386
167.3308	18.6836	237.1671
162.1677	164.4014	154.2998
22.9189	54.7935	385.9017
52.8551	70.7911	187.8229
83.4493	119.6733	360.5991
88.8002	126.6699	375.5328
84.0486	65.9175	236.8831
35.7064	44.9726	401.6362
13.7468	144.8073	522.0620
31.6117	39.4639	248.8960
2.4829	72.3410	276.4259
87.8916	68.1439	246.4520
2.2878	59.9392	508.4653
24.6368	119.8862	292.7008
23.3701	91.9733	355.9978
168.6513	69.0187	524.7702
45.9247	47.7960	315.0651
15.2469	96.8083	311.0913
129.5896	65.0068	402.4776
173.1564	155.4912	520.5104
27.9128	167.3951	244.0835
159.0575	153.1650	254.2938
70.3730	106.9721	289.9250
6.9789	99.0091	224.1644
119.0116	158.7641	458.0738
119.3189	7.2377	268.4235
146.5930	37.0075	93.2200
90.1235	109.7753	175.9836
51.0141	149.8498	0.0817
33.5310	162.1275	241.9136
27.3348	101.6745	541.5268
111.9055	66.0054	46.9977
41.4500	166.1008	95.4464
18.9584	150.9638	519.0707
147.4070	163.4384	448.8238
11.6659	129.7167	500.9957
137.8153	24.3959	513.9977
31.1602	14.0318	521.1446
65.4817	160.9705	90.2635
165.6225	17.9666	240.3349
83.0685	39.0248	102.9300
102.3075	87.5358	273.6729
105.3291	18.9649	8.8776
113.4226	59.9582	341.1580
33.8344	33.2652	447.9609
26.6115	139.6335	168.7085
94.6376	45.3592	522.2239
105.8978	74.8717	371.7316
55.8422	116.9659	309.2018
16.8591	23.7129	28.3836
91.3675	165.1364	442.6097
99.6547	173.7864	100.1634
147.2914	170.5635	376.1924
172.0174	4.2613	327.4558
168.1362	50.5045	545.7700
151.9308	20.8725	503.3054
98.2225	108.8914	350.4017
159.4572	12.9081	296.1051
48.4762	171.7466	160.2057
127.9157	71.4415	59.3947
108.3313	120.7101	240.9789
47.6903	12.6891	69.3106
115.6696	155.8644	79.8155
5.1697	156.0681	498.8141
115.4481	6.1909	179.7174
64.9578	169.2478	421.1850
99.8275	133.9352	133.0273
117.4414	9.4970	38.4744
7.5120	24.0576	217.5912
55.6232	112.6800	298.5158
34.9026	139.5169	95.8516
126.0512	131.8849	247.6031
67.9618	169.4906	61.3450
29.9595	116.2506	293.7177
9.7022	9.7979	341.2179
117.6006	97.6919	267.3428
142.0757	28.9617	490.1245
0.4415	97.6660	15.0123
116.3195	6.3974	345.3486
149.4128	67.9753	349.8184
2.8281	41.8361	164.5051
68.0876	60.9028	186.5805
119.0569	8.1254	539.9974
4.3289	96.7341	425.2618
33.2247	75.8100	323.0839
169.5038	0.0327	20.8066
94.7471	170.6267	267.3183
94.1147	54.2502	419.5268
159.4888	95.2989	126.2123
32.3717	126.8254	98.1846
103.3280	38.7379	467.9888
79.9878	111.2671	298.4589
124.2913	170.1630	310.6372
72.3651	21.2450	83.3842
160.8079	54.9463	60.3218
9.0508	105.6176	409.1572
130.8290	82.0536	249.5556
81.2582	138.5818	476.5173
55.5472	18.2770	485.7268
41.4698	90.7988	279.5966
164.7948	82.5764	512.4872
50.9243	80.0972	392.8463
95.4061	10.8343	535.8819
86.4206	44.9573	27.2334
11.2354	125.8886	324.9685
79.9305	75.9586	263.4704
168.3373	26.3392	499.4690
15.8396	67.6342	392.6633
149.0442	91.6181	95.7126
41.9788	89.5271	109.6041
25.9897	167.5005	120.3938
93.8010	20.8305	135.5301
7.9274	133.0988	170.4759
97.1058	170.4127	85.7167
8.4791	40.0857	367.2776
104.1245	50.1677	308.7708
90.2512	100.8189	45.0207
74.1877	69.8158	41.1737
134.3958	64.5688	132.5609
142.9047	25.6472	525.4345
113.6225	36.5496	407.4908
105.6148	126.6659	246.1483
172.3778	59.8035	20.0065
150.0948	16.3613	37.8401
26.9477	146.8334	374.3325
104.4676	167.2405	253.6845
112.3082	157.8781	457.5290
79.5758	29.9798	483.5037
128.0763	11.6830	433.2661
36.4527	137.6104	541.1821
7.8769	124.5715	496.7257
27.6776	41.5820	402.8590
133.8519	50.7902	381.4722
59.4492	64.9466	492.3684
13.1599	143.0372	426.1128
41.8830	56.8478	328.4299
24.9319	27.3596	196.1472
117.6738	33.6306	23.9511
119.8834	153.8627	103.8063
166.0860	36.0757	397.3899
44.8370	79.4983	267.9161
89.1224	102.0729	226.8312
86.1877	52.0139	125.9954
1.1333	63.1279	321.9993
106.5674	91.2206	95.7393
25.6038	4.3915	185.8752
49.4170	149.4641	234.6290
44.7377	46.3562	280.1908
124.5955	40.0713	422.6501
83.4534	43.7475	19.7727
81.8966	161.3563	439.2819
139.9490	57.4906	442.1418
90.7822	126.2078	227.6595
145.7545	48.8839	168.0087
165.8761	73.6721	57.2799
111.2665	43.1905	347.8461
130.2227	138.0227	286.7870
18.8568	127.7579	128.8228
32.3700	110.7932	31.3154
57.5038	167.4018	421.7444
45.3303	54.6012	362.8443
95.1076	37.8170	57.8614
151.3108	45.6739	104.6375
27.4319	157.3770	321.1570
65.0157	95.4132	457.1728
82.5656	117.4289	128.5112
148.4020	121.1391	249.6084
102.1332	108.7997	372.0767
149.5343	135.9423	89.1384
90.2249	156.9854	453.9471
21.0589	21.7329	347.1532
6.7369	25.7617	22.8681
88.5774	64.8661	466.0988
70.6589	13.6335	466.5033
103.2708	32.1518	290.8492
174.7449	37.1780	523.6477
105.9479	15.1002	406.6185
100.2788	94.7603	288.5624
137.5043	172.2956	473.7609
95.7908	32.1427	488.3123
73.4282	105.5421	521.4879
39.0578	148.7441	140.0891
114.9610	101.2697	62.5510
84.7403	3.3447	394.0625
168.7529	92.8970	101.0784
13.7732	136.2919	357.2806
147.1208	107.1104	417.2281
75.1924	129.6480	44.9992
170.3253	28.3177	315.2924
116.4694	101.0752	57.1946
69.1224	68.2500	47.6280
61.1136	126.9170	311.2864
99.7580	98.6567	280.6103
160.2953	70.3499	149.7740
155.2991	74.2132	238.8359
165.1948	77.7424	136.9799
132.8449	105.2886	391.6576
97.7082	34.8459	546.7698
109.1589	74.0922	27.5812
77.4122	36.6540	128.6573
56.2948	45.3338	453.1955
153.7333	135.3646	453.6817
174.9488	155.4684	325.6298
131.2954	152.1564	546.8261
29.6956	123.4483	391.4184
57.6445	47.4525	436.8615
145.1509	20.0224	523.3138
41.8092	19.7481	63.5932
17.3142	89.9258	6.3532
25.2706	129.0874	244.8696
45.4862	155.7321	324.5477
104.5702	138.5232	283.3481
117.6748	125.1058	150.1399
160.6334	93.6528	289.6090
20.6778	132.3700	342.6737
43.7980	87.5009	247.6402
36.6666	117.9247	470.0710
81.8024	80.4503	496.7076
40.1075	154.1792	2.9326
22.2654	74.2327	210.5645
98.4642	87.1242	259.3845
159.1854	31.4557	530.1676
31.8656	131.6006	93.9043
45.7657	17.6356	403.1737
174.6047	141.8282	510.9859
150.8667	120.1349	4.9378
44.0223	164.2550	301.0431
88.0070	131.5648	470.9381
17.1752	9.4398	5.1104
115.5081	174.9544	228.6103
149.5694	168.7633	279.6733
159.5577	168.2807	452.1514
101.1934	84.0626	81.2401
20.5211	121.8619	396.6309
138.4281	13.6394	489.1286
161.8282	165.1770	329.8933
141.7905	72.0078	407.4800
22.0446	41.8189	385.3055
157.9725	6.2141	246.4285
121.5379	116.0762	42.3463
12.6001	133.8279	106.9701
92.6912	5.1041	142.4118
55.8067	157.9152	263.1513
21.7716	134.5918	526.6399
72.9609	36.5190	63.6762
88.1703	78.3730	434.8382
71.9139	13.1571	348.9361
158.3975	3.4302	478.9855
148.9267	160.7734	160.0649
114.8359	42.0540	160.0163
88.1021	83.0577	172.6312
23.8658	117.3259	285.9635
140.8710	44.4335	32.6959
79.4925	57.1118	515.1058
112.6285	104.0971	314.9681
41.1502	154.8447	526.1915
171.1760	69.3996	41.7092
118.4445	127.9006	180.2691
37.5805	3.2852	283.2284
78.2368	56.0363	266.6948
32.9158	131.8151	257.3551
68.1292	26.4571	59.3990
55.1073	80.5049	425.1624
70.2070	96.9994	413.9849
109.7209	104.8181	305.5220
126.2458	55.3400	49.9617
13.8606	136.6090	321.5335
53.5520	9.9838	412.8786
66.8122	84.1272	382.7552
100.7583	23.6504	47.9078
125.3733	78.3133	418.0282
134.4185	173.8436	244.2711
0.1258	105.8095	104.2824
43.0982	51.5608	150.9500
100.7625	6.4453	297.1561
172.3189	16.5509	502.9364
19.0502	103.2599	158.5515
132.7294	49.4266	419.2963
158.5567	150.4328	150.3503
60.5550	44.1321	450.3256
62.3233	15.6542	4.3618
139.7633	102.1260	322.7740
153.5600	8.3728	360.3443
26.8644	133.0743	422.5995
84.3948	170.7502	270.2639
149.1536	96.8376	73.4116
106.9752	98.9138	282.0839
56.8075	44.3648	195.3063
143.6468	100.1091	417.4334
173.8079	24.5200	240.0704
66.0746	145.6595	307.9593
163.7761	115.1129	116.2326
32.4713	57.2608	100.2771
76.3605	133.4393	288.4037
75.7416	11.7183	529.8265
49.6991	83.7200	135.6095
164.6030	62.3826	188.6857
117.2796	22.6169	55.3113
65.6171	153.0397	90.1096
77.9320	1.7606	487.2109
54.8220	122.2739	165.9854
147.9333	112.7750	41.8929
23.0026	29.7104	536.7298
5.5574	150.6103	321.7642
114.7388	148.3083	118.0664
60.8166	57.0008	37.5718
80.6376	94.4448	30.1831
1.0352	40.1828	526.4756
162.1494	23.3810	360.0112
145.3735	147.4743	521.9133
165.0254	66.7158	238.4370
157.9531	67.1166	390.3396
97.0208	136.5981	428.1506
35.7065	166.5828	414.3662
151.9109	93.7022	142.6104
28.4359	35.1552	93.2709
103.6824	103.4144	425.3220
166.7852	81.0031	155.7177
37.1777	110.3959	200.8500
9.5648	110.4990	15.8881
115.6510	100.0696	451.0323
63.2513	98.0917	96.7905
81.2410	103.7496	98.0451
21.1715	58.6035	196.0708
137.6448	97.4562	109.9496
133.7928	129.2894	258.6217
175.2331	173.5842	258.8898
69.6132	5.0928	483.9864
25.5642	48.9061	129.4288
107.0835	118.2709	159.8767
44.1860	137.6232	87.9678
51.4059	148.0041	457.4512
117.5909	83.0398	419.2267
100.9198	78.1422	330.3138
96.9768	55.8685	417.0693
173.6947	161.3156	306.1784
77.4334	79.1203	355.8723
128.9842	56.7283	447.1509
53.2985	156.1500	310.1086
65.3574	19.8528	323.5384
136.0619	37.0041	10.1565
85.6618	160.5093	461.2257
107.0961	135.2383	544.2250
80.2907	20.6306	40.9361
55.4108	162.6790	101.6273
3.0758	26.4879	189.9442
116.7546	48.5349	272.0051
134.1068	32.8563	477.9847
138.1814	48.2074	504.0610
132.4763	160.4043	168.0819
63.0428	124.0693	407.4417
47.6903	12.6891	69.3106
59.3548	160.5107	442.9931
88.2444	154.6489	122.9830
48.2682	71.8422	144.2897
33.4717	30.5808	122.9857
126.9955	109.7712	244.7862
110.3728	68.0822	395.6570
117.4570	87.9627	227.2382
64.3531	71.8263	293.7775
133.5423	59.1634	539.4975
111.2256	55.3297	544.3812
19.9893	147.1328	108.2915
41.7512	57.4652	374.4494
42.9006	131.2895	154.6440
161.8674	127.1297	349.5948
39.0452	43.8372	435.2853
43.4780	79.3761	263.2291
19.1658	161.6204	336.1223
125.5940	134.2630	366.8610
100.0304	34.7282	354.0544
54.2983	64.0782	353.0276
87.6401	91.6214	124.0026
1.7931	78.6604	497.2742
8.4838	70.2819	237.6515
99.5592	0.5546	478.8936
120.5951	159.2993	299.2855
16.2209	69.8325	128.1588
151.2470	125.6251	194.5525
156.4086	23.7871	53.2312
27.7465	169.7920	359.7193
144.4040	168.3892	322.5724
138.2110	23.9434	496.3513
6.4351	88.8102	9.1332
64.3858	17.5619	539.2498
164.1075	93.0345	320.1612
87.4236	9.9983	208.8060
123.2894	130.5463	431.5593
155.7323	85.8730	135.6528
114.2079	97.9916	80.3788
85.0151	119.1606	176.9090
25.3499	174.4546	422.4445
158.5577	125.2477	181.4382
159.2718	24.3648	308.4043
108.2859	13.4577	206.3457
49.1235	169.7298	531.9261
15.3208	30.7203	182.1002
87.6481	52.6327	472.2878
27.9815	158.3039	57.8606
5.7570	52.0313	19.5428
123.3610	57.6000	183.5077
134.3315	127.8143	90.4731
34.6741	155.0221	456.3211
124.2562	61.5300	304.3004
86.9505	174.7009	24.9355
118.6036	167.7838	446.5377
155.5898	19.0842	81.9210
164.6598	152.4539	374.7927
137.4041	76.7500	429.5713
12.2040	66.2181	174.2548
102.8617	33.4527	8.7030
79.6305	161.3095	221.3014
5.7108	72.1899	198.4124
174.7353	60.0427	109.1488
106.2020	129.8029	237.3041
125.1584	110.7942	137.3489
162.7323	134.1100	4.0125
59.0195	139.0431	150.9046
142.4200	11.1067	484.2010
170.2097	112.2824	295.8890
123.3722	111.4846	52.1774
133.8152	23.8415	220.8909
118.7843	64.9411	53.3707
23.6894	71.9025	309.1299
172.5221	164.4712	34.9196
73.0059	11.6082	537.9671
123.3282	72.5926	178.0806
92.7365	86.9726	154.3104
123.3540	6.9005	297.6017
78.9688	7.4887	99.2176
62.3469	140.4843	362.2405
39.7357	93.9769	235.6430
156.3639	156.7538	540.2132
90.5915	131.6227	217.3596
137.8311	93.0956	360.3204
67.6377	167.7330	102.3521
141.4397	123.5235	455.3671
38.7733	118.8688	354.6569
121.0498	6.1186	189.0342
84.4928	69.8661	202.5219
12.7409	98.8728	453.4104
2.2962	59.8167	19.4257
132.2962	42.3392	144.8354
138.2819	40.6504	396.2723
135.6135	101.9255	516.7107
154.1754	128.7612	316.1519
34.2198	50.1865	239.9657
139.7114	142.1324	156.4611
100.8542	99.3323	86.9838
90.5390	23.1916	288.8782
159.5456	94.7893	63.5350
149.6627	161.5179	130.4391
13.6109	70.5482	30.7432
151.2740	83.4858	343.5545
145.4791	84.8746	173.1061
4.3920	109.6839	305.7130
55.1265	164.6791	58.1840
36.5757	113.4021	153.3881
68.1790	105.4679	350.9907
52.5569	112.7415	544.8243
55.1659	153.3105	122.7375
28.1662	31.3931	84.4790
14.9676	111.7580	56.7530
133.3327	73.4613	209.9054
115.2108	19.6065	363.1322
100.4621	134.8970	413.0910
119.9900	173.6418	401.2933
66.7070	136.8953	373.1970
113.6758	103.2564	469.6677
39.7624	40.7579	475.5758
56.3560	167.7338	405.7775
140.9305	130.0245	104.0111
68.2812	107.8348	115.6882
88.3332	167.2411	253.1213
16.9195	137.0765	172.9806
60.6036	170.5373	215.8946
129.1019	157.4567	184.6415
82.7760	58.0437	488.5734
108.0006	83.4110	318.3238
174.9102	121.0801	540.5424
71.7311	54.6740	418.9474
72.8832	122.0439	274.7027
82.8043	58.9045	533.6341
10.2432	17.3283	235.0452
173.3546	71.7696	294.5194
116.3661	174.5928	109.2611
90.3865	2.3841	237.0388
88.1949	158.6801	128.5106
23.4617	107.7303	7.0781
57.3058	47.7862	486.7029
110.3631	34.0245	405.8280
174.2452	88.2603	14.6492
86.4325	38.2699	94.9392
48.7902	94.9086	121.5890
110.0711	100.3441	166.2333
49.6996	43.5570	516.3174
57.5302	87.6818	338.0821
106.3228	28.2500	427.0554
26.2576	87.0660	11.8993
141.7750	131.0428	136.5417
163.3425	45.4012	115.6628
1.7436	152.9812	171.2930
40.9963	25.9302	64.9943
6.9428	97.5949	212.1625
138.1029	88.1304	57.3360
19.5757	53.1024	540.1859
12.0070	6.8221	338.6216
61.2418	160.4682	187.1228
81.0508	0.8584	123.1740
88.1007	95.6642	18.6223
93.7281	98.9045	226.4319
42.3002	153.1148	358.1146
172.3883	105.3418	274.9144
147.8318	59.5951	229.4689
159.0429	107.7066	527.6367
40.3607	53.5200	173.2401
41.2231	146.9589	220.4974
84.4003	162.6848	299.2029
70.7329	19.6642	45.6574
0.0044	10.3821	448.5321
117.0126	43.1380	167.8524
173.7795	92.8254	379.3132
11.1140	84.5163	10.4006
39.5936	31.7483	273.1992
62.5928	66.7534	309.1908
23.7900	148.4142	109.2236
82.7034	112.7538	227.2026
102.7230	42.2738	71.3607
99.3287	34.8759	172.2411
173.5554	99.1639	499.6269
63.7100	163.4154	178.3160
122.2370	70.6086	417.3025
59.6712	167.7313	291.6859
32.6961	78.2962	84.4425
94.0044	145.4789	474.1272
58.2385	48.2392	79.9644
156.5723	38.9961	226.9948
127.9110	22.2767	105.2724
140.8381	124.8022	217.4107
135.5602	126.6294	132.2533
12.9693	36.0095	49.7815
40.8833	22.5049	217.1902
125.0155	45.5825	403.1157
54.5002	75.2535	181.1788
5.4636	43.1012	135.0511
66.2449	141.7527	36.3593
163.5169	6.8273	84.0496
7.6482	6.3511	463.9587
151.4447	102.4194	460.5802
138.3144	36.4033	453.7458
152.6491	64.7191	213.2773
137.5237	123.5917	169.2275
109.8010	28.0299	483.9806
133.3051	160.3791	327.6000
27.1917	134.1602	255.6528
151.5535	142.7307	528.2395
30.5094	170.5789	106.3277
35.8942	172.5427	457.3117
154.7092	168.4283	307.8816
1.2489	112.6948	195.2248
111.1819	124.6506	34.6288
113.8542	40.1605	540.9961
164.4904	41.2082	153.5321
160.8183	23.9151	486.1896
163.3525	158.1446	316.0930
107.9803	78.6807	250.6042
15.6763	6.9031	22.6495
4.5188	170.9170	435.8076
61.0063	33.0682	193.4668
103.3339	143.9033	479.5641
42.7938	88.7385	383.3877
71.6757	146.9466	296.9366
106.1856	4.2611	17.7882
152.7256	86.1922	72.7305
127.9810	161.4609	27.9972
14.8000	4.3080	115.2149
132.3263	11.2549	303.4154
99.7005	8.7868	413.6073
173.4833	113.7562	437.1508
17.8152	55.8236	244.2728
99.8851	1.8005	234.7226
125.9281	46.6136	440.3153
4.4207	146.8414	152.4137
54.1808	102.6257	137.2687
143.7336	33.0292	483.4022
147.2629	65.2499	250.9416
130.2364	123.4845	420.6322
141.0314	110.3939	155.3641
46.0472	60.6975	118.0006
132.4444	2.1700	164.4149
163.7545	159.7171	246.9463
88.0443	124.8640	290.5707
48.4054	27.3691	250.0088
171.9951	51.1344	90.2979
76.5453	96.7150	459.3287
50.1806	71.6288	98.0542
72.0451	96.3026	14.9743
139.5987	158.6651	51.6329
107.0270	122.5954	49.9269
155.7613	120.5026	394.0436
80.8856	27.7483	96.8438
1.3234	101.1749	167.1311
172.6573	94.2550	453.8510
83.7154	169.5368	252.0100
144.6641	125.1164	53.1552
121.6706	94.5505	382.2539
156.0668	138.8340	450.5480
111.2129	22.3098	43.2671
11.5720	92.7014	332.1139
61.0438	114.1985	78.4186
134.6382	122.0875	406.4750
160.3462	27.4633	396.5450
114.7350	42.8581	64.3217
312.3051	187.6570	941.6000
159.1199	77.1176	119.6708
22.0119	114.4671	470.7600
27.8250	112.7880	123.0226
104.4912	113.0817	161.0457
131.4394	38.1220	161.2205
158.5273	172.4683	295.2764
8.8659	11.3103	526.1526
99.6361	1.1257	357.1812
157.8850	117.3633	474.3683
20.1337	38.2691	150.4819
41.4373	8.6825	83.8556
19.3997	93.2936	302.4081
4.0864	25.6572	204.2242
34.5586	71.1561	100.2832
83.8713	130.2212	472.8516
144.2404	69.7266	471.2324
82.8496	143.6883	237.0418
24.5617	41.8666	97.9544
63.1114	140.7041	509.2681
84.5139	47.6642	66.7519
94.5115	11.1466	185.2475
47.6903	12.6891	69.3106
107.6887	60.7707	498.1765
45.3135	131.8945	346.2930
159.8894	153.8622	177.7309
42.9622	80.3024	207.8843
124.4036	124.3374	149.6244
0.5376	170.7885	523.3382
94.6875	25.1915	539.6649
105.9430	96.0717	186.2355
114.1705	88.8806	103.7096
113.2567	126.5325	16.7939
102.1113	86.7149	499.3409
80.1477	72.9968	277.4881
11.5505	76.4665	196.7259
41.6117	165.0557	192.1668
153.1516	148.8300	474.8415
17.8511	158.9202	49.6578
6.6379	10.7103	345.8791
126.0591	126.3313	74.6673
172.6696	43.7449	362.2950
65.4321	115.8648	427.4212
132.7374	148.5796	477.2964
20.0323	86.7642	74.3195
16.4695	172.5089	399.4752
82.1759	135.6500	222.4005
21.6390	81.7246	457.4185
101.5051	69.2283	533.9204
110.1707	112.6178	474.8690
12.4765	162.5164	4.2102
135.7809	171.6410	305.2658
52.4089	19.5544	205.7596
66.6326	112.4889	352.2201
72.2982	134.1048	172.7066
166.2257	158.2353	334.4636
105.7403	158.8430	278.9639
11.4604	165.6960	523.2886
142.1534	46.9323	450.8315
77.3425	7.0222	515.2051
120.0676	118.0217	366.1886
89.4676	56.9662	215.3167
155.2532	80.1412	51.9638
160.6856	56.7145	368.6296
26.7721	93.1280	530.7902
84.6857	79.8761	288.2948
91.6102	100.1180	164.7233
90.8754	68.5043	249.9525
110.7105	125.9862	502.3290
20.3509	5.5486	283.2844
9.5236	134.1920	176.3610
86.0275	174.6722	71.2193
31.9325	109.7320	469.4584
145.0481	167.8152	333.2590
8.2001	19.0485	424.9645
120.0685	83.3009	534.3346
174.5667	47.6701	278.1282
166.6586	64.2289	158.7294
173.8813	139.9803	50.5681
33.0909	111.4928	77.2440
24.0670	144.8249	335.1787
11.6799	14.1892	162.6387
59.8267	51.2800	472.9158
46.1568	111.7282	104.6549
55.8165	105.4918	56.5909
174.4272	72.1869	87.5042
31.3695	8.9056	240.4709
48.7382	86.4766	11.4103
130.2019	150.3545	121.1566
57.1154	71.1637	281.3651
118.7684	78.9239	518.3654
39.4725	156.1095	427.9595
66.4340	84.9411	426.8419
126.3313	14.9271	268.2819
115.6618	117.1849	363.3712
165.9961	62.4222	469.3152
89.9298	106.8998	308.8424
116.3495	143.0568	90.8145
117.2622	25.8277	33.7948
161.2639	2.3904	208.6536
15.0804	162.6002	370.4906
9.5727	64.2956	68.2102
44.7035	144.2564	29.8834
31.3684	95.6165	83.4133
23.4978	85.2962	101.6573
17.0491	83.9477	392.4784
146.9185	115.4672	108.7896
102.2082	79.7983	212.8834
11.7429	81.9070	95.8409
80.5974	164.0509	213.8815
71.4293	120.5492	156.9228
36.6864	119.3032	271.6038
162.4611	126.1364	221.4864
129.3161	173.5859	75.9910
13.5684	140.3378	55.4042
45.5639	87.7156	467.6791
61.8505	59.2347	344.7406
19.3236	130.7950	70.3093
24.4080	63.6768	529.0697
120.7565	126.2320	324.7747
112.2137	173.8769	5.8312
174.0780	94.0296	501.5479
24.6415	28.8808	237.6402
145.7430	46.2305	295.9604
42.2724	3.2597	36.8578
136.1405	65.9774	422.3229
93.1503	131.8477	117.1376
4.1739	50.5649	200.5817
145.2739	45.4687	474.8023
147.8454	22.9415	213.4492
69.6463	30.4382	11.8033
81.8483	131.2069	97.9501
41.6440	152.8736	396.2000
42.2346	124.2716	32.2130
33.0948	69.8628	388.5931
63.5821	103.7569	461.7962
153.5219	31.9042	173.7243
120.7058	23.8263	545.7142
154.8099	139.1304	73.7457
153.2699	121.0294	238.0018
10.7249	114.9565	122.2031
56.6080	136.0637	447.2096
45.6309	82.6064	73.2082
20.2329	105.9630	418.1432
155.8289	172.0079	14.0965
44.4105	146.9816	529.4236
142.3680	143.3744	123.3650
97.8155	77.3801	226.7071
80.5543	109.2672	19.0824
31.0234	57.1406	174.8197
63.7992	130.2693	275.0522
37.3234	139.3155	123.3998
65.5052	153.5457	127.6794
127.5901	168.4183	260.0980
22.4397	151.0597	368.1841
88.4104	89.8010	344.2232
42.0813	128.8930	173.3232
96.4437	26.9178	39.8817
90.6994	88.6499	456.0824
136.7258	121.9663	275.1684
114.8444	67.9419	230.3062
68.7413	52.6069	250.3311
54.7235	168.6174	273.6461
151.8206	71.6605	302.4319
2.3026	88.6225	513.4514
37.7818	150.8584	97.0428
97.4586	73.4549	511.0247
14.7515	79.7597	227.4402
106.5194	73.8938	450.7038
16.8947	78.2017	318.5140
107.4760	90.8307	337.5708
86.0352	51.1482	45.5990
147.6209	75.3135	70.4182
93.6343	99.4241	544.8110
131.0047	101.2839	391.9873
36.1147	90.1586	14.6126
162.7658	161.5874	162.1359
54.0558	22.9548	190.9407
9.1319	114.3743	216.6554
22.4750	13.7570	199.3815
106.3446	163.8532	266.4087
4.2997	17.9042	355.6572
48.8673	16.9323	61.5355
164.1523	57.6607	321.2553
134.0015	167.6551	73.3656
55.7231	130.1274	426.5061
15.0223	98.2131	183.0069
65.6120	17.7610	294.2814
148.6502	9.2492	453.6684
53.3142	157.5843	342.0644
5.8488	102.2969	492.2298
0.5068	148.7589	333.1906
24.1321	158.7195	495.4033
73.9904	52.3123	281.5482
50.5293	165.4761	225.8648
90.5664	28.2762	146.4582
80.4212	10.3520	350.3153
43.3492	51.0122	24.1004
174.7090	22.3692	442.6340
53.7293	4.2462	499.5818
142.5976	145.5315	149.4218
80.6559	66.8819	547.7750
14.5029	68.4245	336.5676
38.2729	93.4555	324.4287
108.3224	93.1759	323.2711
71.8217	22.0510	339.6417
61.6391	173.2629	5.6641
25.2205	26.4316	344.2624
51.0704	107.8366	84.9024
19.3638	164.6203	415.0784
117.0698	18.2786	147.0528
38.2259	138.9141	545.5253
124.9525	121.4644	371.0034
59.6512	107.5046	58.4929
161.0264	133.2481	61.2811
13.4298	171.9451	500.0260
133.7085	20.0579	282.4908
89.1459	22.6377	538.8052
46.6711	155.4745	188.8550
136.6977	160.7852	59.3328
103.2129	0.0986	368.6121
70.1669	61.6260	201.3583
41.5650	51.7860	537.3667
87.5886	83.7118	112.4947
85.2137	19.4973	507.2965
172.2740	73.3327	357.1125
120.6744	160.2621	94.8083
108.9380	123.6387	386.4592
53.6077	27.2299	212.5339
50.9690	82.9123	130.8445
39.4506	129.2575	148.5003
45.7171	91.9224	464.2989
161.9063	7.2744	187.5918
118.5927	108.1951	363.8089
8.4596	4.1876	536.3538
145.1248	146.4635	156.8757
144.1318	159.1902	544.6541
7.2471	165.5424	374.2393
90.1011	160.1852	426.7447
10.7759	47.0413	413.0651
69.1179	141.8886	313.9135
66.7445	106.3298	377.7980
143.0864	78.2100	78.7178
85.5189	114.0932	361.1866
17.7173	21.8880	425.2843
33.3767	116.7192	101.2563
42.0211	72.8597	222.4371
11.7047	89.6977	496.9680
59.4832	157.1919	168.4903
21.9868	62.5544	244.6986
49.8050	13.5286	353.8676
84.2392	83.9089	285.7433
124.7484	40.8822	385.6583
83.0244	67.8306	462.0921
101.7427	57.4396	271.4967
141.1704	21.1122	133.9575
146.0803	150.2492	293.4799
33.2737	49.2304	162.2996
4.7559	21.2833	463.3772
148.6601	117.3295	312.8730
129.3140	143.9152	5.3309
108.1424	137.7577	451.5896
159.2655	58.9821	156.2512
139.6870	171.8351	108.4351
100.4151	75.3388	196.6187
139.8591	39.6633	234.0360
52.1282	60.1072	543.9478
22.1305	144.9614	94.9925
153.9496	113.0599	144.1839
101.5954	5.1680	256.6760
96.3207	149.2878	364.8064
36.5458	19.4968	114.3188
57.5721	14.0726	426.6677
142.6911	31.1419	497.0094
70.5569	12.5082	202.4070
146.4017	57.1356	98.0274
47.4309	95.6776	215.8674
98.5119	94.3964	361.0720
129.4608	64.5596	72.9013
170.7448	111.8894	451.1281
4.2746	135.2094	435.0817
148.7017	168.4692	265.5675
131.8248	142.9212	524.3118
23.3821	155.6441	476.8037
169.3694	74.6824	438.3994
114.1350	118.0321	328.2408
172.9980	18.9051	497.0160
129.5830	118.9639	98.7821
160.5177	89.1280	401.8007
125.7469	26.0546	20.4340
162.2348	25.7235	462.2917
84.0685	116.0857	27.0116
76.9214	128.0518	69.0154
52.8554	84.8262	127.5629
110.0559	37.8877	32.4990
64.8362	126.2624	410.1699
59.4748	65.7569	123.9587
121.5203	157.1716	264.2201
43.0189	42.2385	293.4853
0.9986	82.6063	356.3311
89.6362	100.8787	25.5435
40.9706	30.9319	236.8298
129.7413	33.7238	136.9408
118.7033	159.6358	492.5952
165.4958	144.6499	123.3717
88.6815	85.0436	68.0289
74.9424	111.6889	402.7846
8.5360	106.3002	216.5264
40.7917	54.1443	190.9848
152.4356	91.3132	416.9642
71.8591	109.5585	388.3014
119.9875	142.1810	154.0820
46.5722	46.4397	484.6380
162.2355	152.4026	27.8504
32.8704	54.6886	166.4811
91.2613	133.4164	140.6476
158.5827	126.2466	315.0373
85.7325	84.2421	488.5525
114.6802	31.0552	415.8308
69.3092	102.4600	77.0034
104.8689	88.7754	510.8555
91.6393	29.3796	542.9364
28.2784	164.9245	418.6428
174.3157	75.9696	106.8669
122.0369	164.9523	349.5748
133.2109	40.6127	367.3599
6.5796	79.8720	312.7624
80.8896	15.7632	171.3796
173.3520	112.8627	194.3655
9.3198	39.9496	412.3076
68.9097	56.2061	61.3966
162.5717	150.2727	114.8555
94.0142	45.8546	422.4402
68.3962	56.4674	10.3761
29.8635	111.8378	126.5576
166.7257	92.9052	73.9274
141.7863	150.5150	89.4753
0.4705	142.3693	360.6655
5.3543	86.4068	281.2879
47.6903	12.6891	69.3106
79.5106	68.8429	78.6095
24.7706	78.5453	16.7317
74.0294	17.3199	20.1875
14.2418	168.0016	426.7585
20.5087	88.3372	77.1269
27.3704	121.1387	409.3262
75.4156	149.9036	459.0263
103.7607	133.9155	384.5895
104.7984	150.2170	295.6450
91.3029	93.9658	149.9789
160.4025	13.6717	165.8862
161.1074	39.4278	534.3752
125.6439	62.5061	307.5929
42.5599	56.0410	29.1507
35.6458	153.8822	316.3017
85.3043	22.1020	422.8836
132.4955	130.1599	399.7388
109.2868	155.6671	217.4555
76.8514	60.6703	361.7255
148.7108	73.8753	356.4948
115.2302	101.0882	330.0284
55.3572	156.3797	342.0376
159.0247	87.6209	114.7105
82.7115	140.4319	441.4749
154.8093	111.7193	16.3471
100.6135	69.5744	222.8594
151.5884	55.3094	493.4897
46.2769	145.1277	298.8686
32.4547	162.8791	433.4320
77.3990	158.1088	381.4693
49.7039	129.5624	302.9631
142.7215	144.9801	153.6855
166.7742	31.6494	307.5368
54.2765	74.3004	338.8646
99.6988	149.5033	272.1997
22.9790	79.7319	157.7265
95.3559	149.0822	203.1153
68.0308	141.5071	274.3193
103.4015	15.3719	184.2808
128.3100	163.1957	27.6374
73.5407	36.9540	148.1498
50.9651	9.4569	187.4978
62.7539	164.6445	92.5292
54.1891	152.7495	530.5611
61.9723	54.8567	233.9286
33.5097	20.0025	383.7669
119.8756	124.2512	10.7581
3.2853	75.5426	495.8764
35.3059	172.9787	59.3415
155.6523	10.3598	81.3276
10.0631	41.4191	192.3370
94.7096	34.9811	139.2707
15.8597	20.4825	354.4190
147.8522	32.0427	160.1633
165.6584	162.8799	428.2665
11.3244	151.8110	23.5635
11.6343	114.3681	336.9053
141.0247	67.9873	358.8657
37.9110	144.4958	116.0382
26.6584	14.3617	21.1548
110.0023	101.0012	368.3273
47.4811	44.8031	157.3014
89.8707	21.3121	534.5305
41.3753	100.1250	213.1248
86.5512	25.7228	71.6255
137.5399	91.2647	290.7933
11.1383	94.2208	40.4521
125.3629	130.0844	18.7056
133.0444	161.7780	334.8715
5.3255	104.5249	435.0515
67.1403	56.3776	273.6784
62.6991	164.4354	62.3795
106.8180	83.3992	66.8394
69.4776	42.6266	315.2565
107.0972	135.2415	544.2198
122.8178	48.5452	230.5681
163.2687	144.7235	406.5810
141.6707	169.3496	433.0001
64.0411	150.8305	292.8431
29.2451	79.4202	324.3415
156.0274	137.0370	514.3440
121.3780	167.3870	352.6560
123.3869	76.7391	493.5566
35.9640	20.1680	370.3058
147.4085	79.6559	422.2077
140.8790	82.1649	168.7616
88.3131	74.5046	515.9507
140.6731	147.7189	445.6964
35.2576	35.5181	240.6124
82.4599	96.1071	280.7080
137.0501	52.3839	501.5267
121.7097	87.6612	545.5819
27.0442	140.2234	230.6028
99.0882	152.5255	11.5401
122.5180	26.0649	542.9474
47.7492	1.3088	479.4016
136.4484	34.4676	342.0269
25.4512	14.9665	358.3078
132.0256	36.4542	104.5610
84.4746	36.4111	206.4009
12.0181	5.3404	445.6818
10.4033	72.9004	297.8827
27.9884	30.7540	180.8834
140.6068	47.7268	313.0422
133.1355	100.7257	459.2649
37.4086	40.9520	200.4240
111.2406	128.3770	493.1660
172.6314	111.2331	379.0165
169.8325	7.0770	357.8243
68.4175	45.9686	114.4107
10.0093	119.3617	365.0544
148.6858	164.8478	134.9144
54.1199	31.8882	518.2931
115.2165	144.7699	204.3914
79.2059	33.1530	308.8432
17.4623	67.9208	46.2008
40.1828	82.5808	285.1522
120.0934	170.8470	249.0995
151.0527	49.0694	119.8915
140.2174	135.5508	10.5461
43.1859	149.5914	47.4788
133.1499	155.1303	505.5844
36.7255	81.4128	205.5018
19.6066	166.5138	266.0385
159.3943	1.0776	422.7992
98.9192	172.6850	214.8464
26.9087	101.3796	316.8991
4.8965	144.5055	474.6689
165.9377	129.5220	402.4913
84.7477	150.4822	539.1436
1.9772	84.6176	309.1502
26.3016	84.2894	55.7018
171.8722	23.3566	232.7088
167.0177	50.6214	54.9733
108.5593	120.3499	235.1126
141.1229	162.1057	207.3105
74.8419	12.0343	523.8654
15.3072	54.6336	409.8674
7.1429	51.2238	15.4346
103.1959	21.4858	141.1061
39.0182	32.3228	107.2481
10.9783	62.1473	255.0054
82.7991	123.8691	450.6789
81.0049	7.9033	196.6085
56.2476	46.9291	543.1863
36.6985	1.2908	200.4224
91.7308	59.6274	269.9710
56.1835	102.2908	482.0831
148.5521	98.6110	41.0230
85.1578	163.0870	502.6959
57.8521	8.8573	540.9597
9.8161	106.0582	93.8160
2.4744	6.7718	52.1831
62.2991	141.0717	444.2922
130.4379	59.2089	70.2925
140.4858	116.8203	546.0955
92.0398	67.0477	168.0846
9.7427	170.4198	241.9151
55.1286	96.7531	143.5440
122.9507	138.5487	68.3562
8.6700	22.4905	429.4081
36.5946	129.8510	35.8751
32.8717	46.0123	125.4028
116.6359	169.5465	19.9900
87.5061	20.2330	499.7460
62.6090	132.4903	263.5558
148.6521	68.4490	128.0463
0.0322	115.2188	296.1531
168.6513	135.8238	27.9797
109.6085	53.8195	508.0577
107.4989	26.5211	397.0129
116.6046	24.9186	161.7647
166.5001	153.0254	23.2834
71.0054	141.3689	76.8288
85.1648	4.2644	216.6044
128.7329	34.7152	395.1574
39.5727	33.0973	111.0782
120.7062	172.8188	361.0183
134.0198	18.4864	216.6637
119.3173	3.8200	449.9634
169.9444	144.9621	230.9744
95.2184	144.8115	321.3662
55.9746	15.0111	299.1212
127.0781	97.6991	38.6348
73.4714	148.7526	523.0679
128.7735	51.8841	97.4246
33.6156	27.7452	535.7148
128.7418	96.1038	290.1017
135.6293	113.8192	221.6400
20.5641	168.1707	390.0704
135.7554	56.4635	43.7333
91.1531	100.1255	465.1920
10.9960	55.0141	107.0839
170.1430	105.6907	296.2829
27.0515	24.9131	99.4177
163.6001	123.6844	138.9707
163.4704	46.6617	408.5228
13.1285	105.0276	466.1194
8.0339	58.9028	329.4019
27.5599	20.2435	407.3982
74.4563	105.6561	10.3773
16.8058	148.1103	15.7088
84.0209	108.9428	469.0352
66.6453	21.0923	62.2146
37.6251	43.9935	226.7884
88.0194	162.1124	84.9123
25.9785	44.6945	333.0183
29.6158	11.5065	480.1919
173.8586	122.9692	402.5903
72.5440	157.4169	12.9807
159.2329	76.9354	114.0190
143.5956	144.0147	190.1760
125.6280	81.2708	457.0389
153.2322	168.9448	492.1637
104.9733	103.5789	394.6512
165.3686	31.9236	76.2127
18.7845	63.3599	139.9372
116.3839	50.1251	385.6964
108.4541	50.3280	93.3039
92.4683	46.9908	442.0184
30.4940	93.2009	520.8872
96.0098	172.5188	382.7452
76.2262	36.4694	140.0642
157.2829	152.1948	161.0464
105.9767	83.0823	341.7206
20.5626	54.7480	91.8692
86.3009	104.5392	484.6370
142.4653	132.0576	495.7295
41.5882	145.2424	34.8082
41.8089	170.2090	435.2602
67.7040	10.1063	352.9042
133.3297	142.8441	134.8394
67.2976	155.2051	30.7337
21.9757	10.6816	185.7623
73.7926	33.1515	449.5547
154.7084	44.4519	434.0671
114.1107	93.0455	335.5346
4.9892	172.1351	520.3969
40.6464	1.6482	94.6900
110.8980	5.8021	52.1970
71.8062	133.5097	271.4257
-63.6938	17.8069	-1177.0000
115.3904	65.3491	503.0538
70.6244	70.7255	0.9670
49.9390	32.7493	495.9506
165.8461	42.6231	229.0013
136.3431	173.1468	323.0818
11.7704	164.5636	466.0750
35.1890	47.0126	335.2634
113.1451	22.7379	323.3482
13.0370	74.6643	27.0606
93.7931	6.1996	369.8781
22.2161	125.1964	83.1648
144.6976	30.2324	237.8381
89.8169	67.9992	246.2110
121.9312	165.9112	482.5160
121.0821	64.7930	340.1209
67.8955	34.7746	133.6530
152.0053	40.8683	318.5570
20.8046	13.1511	208.2489
70.9556	12.3816	330.0074
160.8029	103.2313	127.2038
19.5627	27.6672	33.1887
16.8651	6.0180	73.0728
139.4924	82.6865	149.3227
152.3131	27.3482	304.1214
122.7546	81.0055	546.0197
144.7682	96.3384	423.7252
5.9159	23.7706	215.6242
57.0100	116.0249	467.1952
55.9926	97.0219	368.6724
89.5769	38.6507	127.6260
23.5896	162.9977	143.2473
122.7709	106.7533	31.1780
65.8188	106.6060	207.2906
104.4330	109.2516	279.5015
95.9343	124.7411	286.7171
68.2545	19.5274	57.0065
26.9331	106.7565	168.4876
37.7273	153.8291	534.9001
151.2691	172.0943	391.4213
26.3301	91.4137	194.3021
91.9741	155.3411	291.4500
141.7073	20.0572	184.9985
165.8057	157.4174	272.8262
77.5579	51.5850	374.1266
106.1058	126.6879	228.4457
3.9541	59.1668	254.5780
74.8981	146.7120	523.5466
115.1418	27.0062	150.8572
101.5095	32.8676	174.0937
70.5043	125.4266	451.9592
146.8506	128.0093	503.7622
79.2952	95.9551	535.9836
166.4277	24.1427	241.9621
156.1131	72.8013	379.4266
11.9863	139.8086	423.4609
64.1717	160.9951	377.0708
97.7299	148.7268	197.0166
54.9595	92.0209	246.6407
84.4928	174.2521	541.6565
174.0481	19.0070	0.0263
130.5716	121.8534	195.7645
51.3042	14.2330	66.7865
130.7138	1.6820	257.5668
132.6753	114.7748	75.6649
60.5882	60.3490	324.6973
160.9142	92.7966	114.4195
60.6034	51.3261	197.8521
58.7767	125.0976	309.8977
159.3301	11.4375	444.6454
39.6513	135.9280	532.3112
17.4683	72.1266	200.0920
164.1060	44.0618	400.3595
7.6593	58.8616	20.3084
74.9819	145.4297	501.0782
132.3038	127.0185	374.0308
86.8641	0.7052	316.1472
69.5349	49.3098	511.6642
14.7745	18.0657	203.6025
105.6584	51.2383	266.6613
119.7195	133.2898	482.4501
42.7809	148.8176	372.3900
27.7963	118.1104	518.8519
137.6213	57.1024	477.6856
7.8062	20.8642	357.7807
128.8339	44.8549	429.5204
132.9872	95.6563	546.3386
148.1952	165.6539	146.3458
152.0410	52.3797	515.0445
84.1282	23.3953	419.1609
56.7814	142.4668	53.2660
118.1716	149.1125	501.2045
61.9216	63.0858	105.4454
161.1059	25.0310	132.4328
168.9976	31.2449	316.5782
126.9327	138.1422	151.2276
118.1515	17.7230	381.2530
163.0614	109.0468	60.9159
105.3431	143.2230	114.9632
85.1709	158.0998	445.0108
90.5621	30.0328	10.5609
50.5962	42.8896	206.0793
7.6374	58.6039	14.4402
154.2399	32.8726	293.1393
81.2259	36.3353	185.4198
58.9337	142.2080	195.2289
31.2325	123.2301	489.8152
70.6020	55.9431	350.7648
161.3896	130.4220	495.2466
32.4014	154.1635	64.6166
43.1658	174.8232	28.0978
158.4129	110.3772	440.7861
119.5087	72.2717	312.0088
49.0005	0.3998	83.9578
109.8630	79.9765	450.3437
56.5230	167.1671	58.5104
42.7583	108.3330	342.6055
65.3469	40.4830	158.2789
84.0707	54.5326	319.5162
133.7871	23.0833	110.4082
8.4920	114.6295	398.5523
129.9515	33.3267	140.5275
53.2204	91.0474	452.3533
162.2449	43.9316	229.0717
143.0482	61.6363	544.0321
144.1048	173.2975	250.2225
107.3314	92.0333	518.9312
58.4542	29.3513	386.9286
52.1227	120.4139	35.3037
74.1065	33.8707	107.3856
113.6808	81.1843	274.0292
51.8622	57.1313	430.4139
129.2532	37.3702	119.9633
123.7316	113.7262	350.8481
148.0797	88.9418	337.0703
69.0714	163.9551	153.8765
12.3374	171.3343	126.2538
119.7532	49.9505	89.2250
62.4152	44.3924	281.0229
134.8868	83.6262	96.0688
29.4131	41.0852	52.1956
16.8292	26.3259	377.9956
79.0770	86.7295	512.7615
46.6580	119.8195	273.8029
0.3516	120.6648	496.2345
130.5500	157.6848	8.5326
120.4217	163.5150	182.3925
82.6090	122.0878	142.8085
159.1292	73.9535	325.6269
133.1418	107.8993	85.0589
38.6923	143.5435	404.7930
22.7364	130.0530	378.3774
27.8288	7.6519	376.2837
74.5284	47.7512	320.9001
88.8422	44.3101	366.6171
150.7427	2.4875	286.3752
147.2003	155.6530	189.7094
24.7542	167.9351	346.5823
103.1046	85.3873	420.1106
34.1868	79.2384	318.6786
50.4727	161.2650	167.2431
80.9574	7.0378	36.9504
13.2596	150.2858	87.8794
65.2471	45.5698	477.5078
51.7849	24.6170	41.5612
96.6684	6.6750	275.4209
8.8915	70.1083	191.3556
133.6748	143.3385	538.2386
118.2458	158.2185	36.9379
54.9229	85.6894	456.6338
133.4518	63.8947	432.2175
73.8884	120.2493	537.2479
24.4887	131.6795	437.5487
97.6447	103.7233	34.3962
149.8818	166.0308	209.5376
77.9798	55.6718	339.5407
43.6802	121.8831	249.7377
22.3893	132.3233	447.8605
162.0550	151.2666	155.9055
45.7075	13.9949	104.7406
67.6431	151.1556	381.6415
34.3151	3.5268	295.9894
171.2801	92.2806	202.2985
106.4470	151.9135	89.1306
112.8342	26.1270	416.9722
101.3750	33.3100	210.4293
118.2411	56.3947	538.5462
64.3652	17.4686	341.2032
45.5984	156.7263	61.5807
121.8324	39.9565	359.1560
54.9598	108.7867	474.6516
56.5552	1.1548	241.6001
27.9701	35.2770	397.8541
164.8143	101.3369	540.2632
37.8788	32.9069	90.6519
115.5093	114.9744	408.1709
87.1556	41.2382	392.9533
145.0363	46.5722	175.8177
23.4202	37.6063	40.9943
110.8022	42.0718	0.3148
156.8993	113.3910	144.8402
9.5743	17.6117	504.5875
42.3271	167.2257	140.8444
52.1864	40.7583	252.4127
17.6545	14.3073	436.0269
13.6990	103.9818	536.3544
103.6932	8.8052	33.3324
101.7146	20.4264	25.5517
86.2784	16.5803	325.5698
151.6437	13.4746	13.7165
122.0286	10.1969	518.1912
32.9772	32.6600	385.7082
28.6885	93.1745	21.0048
155.7794	141.2480	432.6188
107.2991	111.5232	302.5573
82.7335	4.0214	500.4153
70.2386	117.0950	497.9974
166.1873	72.1986	348.4367
84.5810	6.2479	524.4535
59.4466	167.0017	348.3463
53.6199	82.0321	377.4031
151.2413	33.9560	540.3243
18.8231	51.4965	64.3045
126.4668	147.3735	111.8144
49.8356	121.7943	301.7083
120.7644	42.5434	254.6465
118.9455	22.2311	43.7721
60.9458	44.2571	487.0934
62.8510	131.1125	98.6103
84.7100	73.3538	457.7677
17.2753	112.5159	47.1397
151.5584	156.5275	284.4694
83.0997	17.2889	4.8093
65.5198	134.9991	330.9318
159.9574	40.9556	86.4849
167.1101	138.5972	411.2847
71.6548	34.4354	251.5627
134.1809	75.1760	533.0627
106.2155	85.0698	203.7041
158.3930	41.2875	299.3321
60.3945	16.6790	172.8649
30.2056	111.1382	196.9299
102.0446	111.5454	501.7454
114.4055	56.1818	60.5087
39.7028	118.0312	138.3470
79.5421	159.6686	130.8987
126.7849	119.3667	534.6542
113.8712	2.3831	488.0390
148.7796	12.6119	77.9314
42.8432	156.9350	183.0272
94.5038	28.7237	518.6878
145.4579	53.5814	542.3354
87.4839	16.0474	5.1193
170.3365	154.3623	141.3645
72.5051	99.7264	35.4161
149.5133	41.9118	174.7715
55.0099	153.1208	163.4444
148.8430	115.3327	156.6744
30.5850	85.0526	302.4957
54.6602	149.4253	513.1610
146.5876	62.7988	264.0405
86.6662	160.1965	322.2734
39.6286	26.0531	69.1913
119.3682	170.4507	349.5605
70.2919	40.1909	114.6737
0.1021	172.8331	381.8154
159.7120	88.1383	271.7934
124.4264	104.8626	106.9834
164.2223	25.0821	144.4440
34.6121	122.9830	245.2370
168.4928	3.2725	89.2155
120.4351	164.5220	511.5728
123.0137	9.1278	259.5383
90.1074	130.7350	82.8368
152.2013	11.9048	216.1749
81.3586	80.5552	422.4956
123.4850	134.5578	391.5032
66.7645	1.8250	135.6274
37.5302	167.5875	342.6814
148.5888	48.0428	10.3184
86.4559	30.5205	499.4089
89.0267	62.8095	354.5369
119.9587	4.2174	96.6712
26.8086	141.9963	238.5512
120.8722	171.2044	150.7806
5.5246	124.1774	408.6798
51.7849	24.6170	41.5612
15.2666	135.2042	508.5661
155.9510	121.8092	254.4028
48.1189	122.1358	282.8499
71.5933	91.6147	32.9108
113.1375	169.4999	160.4736
116.5695	128.3045	356.2992
21.6383	88.0432	12.9288
47.6819	148.8859	362.9266
62.3344	109.1601	120.2134
126.1742	105.4602	415.7583
101.5629	22.0931	41.7581
57.9004	95.0912	355.4971
92.0989	62.0432	530.7820
153.0289	7.7966	403.1561
154.1481	79.4182	140.1728
108.5452	70.6115	428.8821
43.6678	14.0229	362.5698
99.1948	30.7175	496.4497
62.4312	96.0246	317.9036
115.9096	118.9324	183.4066
120.4512	36.7639	289.3875
59.5695	84.5614	402.0747
96.6686	170.9260	413.9807
145.3216	81.1177	365.8205
52.9570	87.4257	168.7138
68.6544	34.3939	139.0356
172.5702	110.2735	113.7070
153.6034	119.0301	379.9606
93.8072	88.7228	363.7994
128.9573	60.3465	251.8263
60.5115	133.6006	187.6853
138.4420	149.5175	178.4495
152.2265	140.3023	532.1109
119.2919	143.2356	167.8492
154.5579	29.8370	540.9231
161.1544	57.5721	296.6816
161.2445	11.8709	378.7164
33.9308	153.0041	374.4858
57.1597	32.9362	151.4089
77.2826	23.0704	514.8603
32.2066	109.7302	475.3234
46.3246	101.4428	84.5529
40.7735	79.6960	114.5415
6.1913	24.8570	199.4614
53.7591	131.4460	273.4103
122.6936	162.5112	346.5041
141.0976	57.9045	247.8015
127.6076	147.5256	437.3653
156.6765	20.0823	408.9393
91.3878	129.8587	279.1244
46.0435	173.6080	181.7370
67.0580	136.3419	37.8362
22.7711	158.0620	426.3839
137.9294	130.9551	478.9928
157.4959	8.5111	441.9528
139.8101	27.6340	446.5707
150.3437	72.0475	335.1582
52.9722	99.0622	223.2394
145.6819	133.5232	221.3421
28.6806	41.1449	74.4250
165.5423	147.7081	24.0320
52.0929	139.4922	270.9398
49.8503	44.1609	44.5356
173.9772	117.6389	164.8702
152.3862	147.7702	134.8448
126.7771	104.7215	182.0363
19.9698	107.1927	264.5543
12.4589	61.6843	531.4837
157.3944	25.2721	258.8423
8.0484	108.2934	335.2344
10.6334	97.7649	409.8180
50.6992	57.2114	7.1572
30.7848	123.5660	82.5228
63.7224	128.3506	367.6113
83.1770	128.4977	66.4380
132.7756	34.0390	408.5022
40.8040	131.6314	257.1087
74.0279	27.2683	400.1054
57.3659	162.1859	302.5643
165.7306	75.0532	166.6810
80.0562	174.8269	296.8837
103.2137	80.3175	291.1585
172.2484	131.2984	333.4182
155.6695	89.4142	477.9779
116.1144	11.2184	344.0152
162.8848	92.5862	301.1900
21.0750	107.8593	21.7225
153.9194	36.2682	129.9808
104.8572	95.2953	271.4184
77.7736	120.7718	75.6901
23.9471	137.1759	113.1952
2.6557	151.8306	27.6032
28.9960	118.2157	485.0718
57.7885	157.1005	84.4155
20.4641	97.7261	213.9768
134.6124	72.4452	146.5065
111.7584	151.4138	432.1992
153.3305	5.7317	184.0051
151.2545	28.3925	15.0141
150.0761	37.1848	504.3728
106.6901	100.6101	174.5905
168.9528	150.1100	127.9113
118.1904	70.5373	268.8818
159.8053	63.6786	331.2036
60.0210	126.5593	316.9313
169.8760	124.8293	123.3019
52.9973	33.1898	141.4451
101.1167	26.0875	452.5118
58.2762	10.8120	389.1972
156.6109	150.7427	469.2955
174.9573	0.4835	132.9636
161.0086	135.2221	449.8880
168.7205	106.4665	529.9143
78.1746	35.7621	488.0776
79.2599	110.0608	4.8762
125.6218	16.3454	220.8379
13.9692	48.3324	414.6801
151.0232	45.6015	20.9245
173.8090	18.1241	99.5941
16.1758	6.9313	15.7680
1.1994	128.5507	148.3710
113.6946	139.0695	109.7947
0.7426	14.4322	290.1582
164.0205	132.1160	477.2875
12.2622	150.2649	541.5195
148.3888	145.3388	55.4257
90.5361	83.0210	259.2589
64.2290	126.5878	378.6151
61.3349	11.4205	118.7064
19.2616	64.5893	177.7928
23.2440	164.5351	136.9576
174.2845	113.1293	358.3675
25.1708	135.7123	255.1074
2.7457	24.7583	530.3597
7.8492	166.4645	430.3981
3.3376	43.0460	524.8873
132.8933	40.6579	301.6833
6.2991	123.5862	285.7713
26.0945	48.4071	115.6092
39.6316	6.3973	218.9260
26.3573	18.2117	342.2157
170.9004	39.1951	230.1986
113.7515	175.2791	66.8451
12.8175	153.7180	140.7820
91.0658	120.6981	108.0103
12.2436	152.3318	139.3128
139.0472	18.2013	444.5448
12.9679	83.4128	203.1811
170.2126	39.7130	113.5575
155.1827	14.7927	281.5320
171.5816	32.2905	151.7919
144.7224	68.0104	119.0901
55.9982	132.5684	463.3538
46.0702	128.1271	259.0082
168.8307	28.0467	63.7151
41.1038	106.3461	72.3428
12.0559	50.0071	395.3002
134.4439	15.2689	106.1149
82.8865	41.3940	226.8308
12.6629	12.2343	534.0401
144.4954	148.7863	498.6368
24.5553	139.0037	415.3373
173.7838	106.4863	531.9412
115.6892	120.1254	165.5489
79.0887	10.2445	212.1492
45.5901	112.0328	117.9912
109.8207	14.2139	451.7169
71.0570	10.0781	78.5793
120.7862	107.0692	474.4716
87.8918	159.6299	504.7728
22.2025	167.4781	545.1833
13.5866	65.8744	262.5529
173.4626	40.8682	282.3961
164.0480	79.8058	193.0590
101.2185	100.7758	44.3502
94.0449	130.7150	393.7257
51.0391	77.0784	162.3174
135.8264	158.4347	16.7237
133.6870	53.3323	442.8085
44.1491	48.4311	242.9233
46.9256	146.0638	87.3658
17.6231	72.8282	54.7810
134.8952	83.2501	172.4344
81.7259	127.1345	331.1866
19.1572	147.1216	332.2879
20.0768	164.4368	484.9685
159.4735	144.8665	181.2921
107.9603	134.4146	9.0206
160.5744	62.0698	203.7095
40.8557	165.3444	280.9371
105.6458	69.5292	284.8727
24.3100	13.2980	53.7783
71.9564	138.4116	342.5406
34.2231	78.4859	222.1759
74.2066	152.8476	356.6668
153.1330	98.2721	361.7409
15.9844	118.4906	262.9783
24.3004	169.2584	90.7427
72.1517	98.5460	366.5241
46.2406	60.6144	354.4444
118.9391	27.6280	163.0665
130.4247	152.7479	424.6333
84.0005	161.6595	337.9337
27.8480	149.9614	510.9284
1.0158	6.6696	184.4400
115.7218	112.6093	466.8925
74.6786	27.4932	220.6559
42.5566	62.2541	345.3517
1.3022	91.9099	298.5455
161.5927	23.2230	196.2375
163.2017	135.0300	516.7720
76.0502	29.2785	486.1432
84.8958	56.4509	524.1957
71.0866	0.7185	513.6825
121.6704	151.5619	324.9339
66.1373	141.6433	28.3984
132.9966	32.2776	451.1971
7.2587	82.7084	359.8928
20.8077	153.3644	329.1361
28.6246	10.7644	26.0786
171.8081	40.5220	5.7641
163.5442	124.3323	32.7240
125.7381	171.5332	181.3504
26.6411	171.9698	138.0634
25.0614	116.2065	452.0001
74.8446	10.0717	65.3205
116.0895	103.4133	172.0028
105.6530	87.5922	439.7575
39.4261	14.3886	307.4309
168.4860	90.1021	249.7713
14.8632	147.0401	82.0576
6.7938	32.9745	277.8969
166.4257	-6.1639	455.8200
150.8899	163.3503	121.3501
145.7224	103.9813	318.4977
11.7884	85.0591	200.9593
23.1554	168.9528	419.7934
12.0286	122.7624	462.7573
163.7822	41.0647	273.6945
106.8287	24.6786	27.8088
151.2203	62.7249	57.5152
149.5921	79.9751	155.0826
124.9787	155.4257	223.7448
162.8560	151.5162	290.0156
17.0070	85.0745	534.8933
11.0551	87.1425	42.7290
101.9486	35.7977	120.8363
65.1638	155.5713	431.1655
1.9828	81.0766	294.4441
134.6844	51.0297	435.5186
4.2152	49.7807	81.0553
145.6077	65.6808	301.2706
166.7569	82.8424	326.9901
57.2482	37.2737	109.9641
151.2220	20.8248	450.1152
8.5147	94.2401	248.6549
59.8807	98.6874	482.5709
150.3377	159.2837	113.1428
119.5787	29.3703	38.7760
46.8595	49.6396	513.9029
93.3748	146.5768	269.1374
138.8229	56.4263	424.9870
67.2208	121.6885	136.0521
157.2802	10.8096	291.2010
79.6477	109.2517	417.2332
140.5120	34.0678	53.0331
116.3865	112.3504	402.2405
98.2565	127.3451	64.6060
73.6519	55.9354	335.5445
83.6628	78.9068	101.6882
27.5314	126.3690	473.1610
175.2218	27.8457	518.4757
71.3630	84.5992	19.1440
5.1466	27.3436	69.8081
157.5619	61.3531	16.7766
130.4373	114.0056	91.5890
57.0623	17.0087	415.8042
108.2515	38.7172	332.6115
90.3988	94.7526	344.9422
95.8498	102.0674	331.4153
3.9133	150.6090	484.2864
70.7318	82.8635	297.2620
76.8445	43.7373	216.3320
109.0849	69.5625	452.4847
146.4364	112.8534	540.9214
45.1594	48.7643	401.3760
7.5262	96.1627	526.6418
70.1905	15.1667	7.2341
12.0462	161.4243	456.1837
130.9313	130.0651	463.9480
126.7534	78.4591	263.2897
55.1206	69.6012	430.9416
136.3204	132.2026	105.4316
58.0706	154.5979	353.0724
161.0609	136.3242	73.4514
81.0057	150.8059	338.5755
159.2113	96.9645	96.3429
29.1144	107.6798	484.6196
8.3553	59.3179	496.0908
71.0690	1.3787	134.1850
8.3284	148.4432	252.8040
45.2600	165.6360	302.6931
173.6122	1.0791	280.0994
55.8112	42.1386	420.6722
101.5476	166.3758	464.4667
13.2563	85.3124	272.2508
104.7333	70.9728	314.1560
157.9876	126.7293	474.3422
1.2399	34.1521	260.1535
77.0063	92.7680	544.8151
15.1404	64.1028	39.5247
96.8862	161.8110	94.7265
6.8614	149.4378	173.9833
125.2739	140.2679	14.8202
96.5959	100.5152	285.8585
94.3584	31.6566	542.9234
40.0082	82.3944	78.0790
29.5163	150.9540	1.9578
58.2649	97.2677	101.8723
20.6003	16.4084	434.6475
88.2372	18.6342	530.5808
67.3716	140.8850	503.6424
29.9673	162.4218	113.2701
24.2261	129.3445	70.4008
155.2705	83.5207	85.0275
136.4700	51.9782	273.1198
106.5283	92.0692	259.6493
110.9341	108.6477	294.3408
168.5450	97.9359	91.1048
28.1413	158.1407	391.9510
12.1902	99.1463	162.6012
156.9840	64.5966	151.2526
136.4463	29.0690	473.4365
25.7475	161.2134	289.4305
76.3388	123.5462	173.2114
80.7014	155.3711	326.2487
35.6362	37.9862	513.4009
134.3463	59.5208	28.0376
122.1318	79.8337	237.7563
8.1113	168.7443	74.5948
75.8656	108.5828	340.0721
39.5071	111.5547	319.0736
51.6641	53.8190	235.0535
80.2592	153.9582	191.4450
101.0706	46.5939	413.6311
16.3813	162.9054	10.6490
144.0595	149.2106	147.4557
70.1047	134.0796	403.4491
111.6296	119.0582	135.2381
130.6650	76.4286	26.3125
73.9068	34.9547	296.2114
57.5789	82.2126	154.5687
101.5157	120.7461	251.4223
82.3980	75.7849	76.0595
168.9370	128.0915	18.6477
87.3350	32.5210	513.2973
114.4217	116.3454	417.7186
15.3660	88.6159	302.9098
165.8188	23.4967	93.6644
69.6837	138.5436	180.4796
132.2365	121.5415	214.7904
116.1795	32.0922	404.0426
139.6796	104.0264	349.7996
44.4742	41.9021	519.2307
167.9530	64.6321	481.8612
3.3357	126.2880	264.0660
11.2850	143.2446	327.2139
32.0697	70.2753	296.3745
133.4864	53.1071	435.8863
135.6401	158.4285	355.2043
72.9547	47.1584	199.2252
162.1732	157.3209	338.8157
42.8842	137.2233	23.2930
41.7437	126.8196	260.8945
45.2646	120.2006	38.4939
57.2701	128.9147	209.0693
168.2175	124.2415	196.2889
24.8693	68.3258	204.4152
125.2743	127.8669	368.9270
150.0887	91.0046	428.8854
59.3999	134.7361	288.6764
18.4119	111.6563	20.2238
124.4441	62.3300	286.7402
7.8594	131.3630	67.2589
62.8638	65.1382	277.3472
128.1572	174.8322	167.4444
40.2344	133.4203	127.4760
161.8740	96.4395	462.5079
7.4679	105.4448	105.7014
167.7689	12.8680	301.8315
48.9731	11.6194	538.1131
56.2193	129.7495	207.3348
16.7323	153.9176	391.0933
106.3869	31.7653	90.1655
22.2090	27.0470	85.9047
73.0665	50.4980	201.7240
111.7465	10.5297	408.9495
18.9693	37.3051	86.7980
132.7256	126.8347	110.7907
174.9607	8.7529	126.7381
25.8862	4.6253	133.7771
119.6025	10.4757	188.6410
56.7356	117.0191	438.7232
77.3849	55.3896	226.5694
128.1400	171.9277	461.4283
140.2857	35.3519	531.2411
136.3919	75.6976	159.9789
118.1722	47.8243	232.5942
60.4504	39.6210	285.6635
0.0531	96.6168	347.8637
140.9804	54.4157	32.4099
118.7997	50.8465	163.6123
69.7265	65.5039	24.7143
61.8095	169.4421	514.9289
162.9361	67.3323	356.5862
139.6996	47.1053	469.5794
108.9491	48.3863	78.6161
8.4892	42.5897	180.8785
174.3982	167.9613	56.1323
76.0046	16.9384	475.9337
125.6559	157.8192	150.4954
127.2210	142.8907	512.2442
75.1959	77.6323	317.8142
160.3623	173.7738	306.0398
10.5729	88.5855	285.0222
87.4636	20.2363	188.3344
1.9852	89.6018	502.7283
83.7868	69.3453	268.9562
162.7723	73.8682	181.7864
69.3125	126.3857	198.8629
130.7838	172.2343	345.6047
173.0280	39.8452	3.7541
113.8954	24.4195	355.4655
130.2396	134.9195	22.3045
91.3746	157.0893	455.4977
47.6079	97.0375	254.9139
21.6190	141.7187	526.9375
41.5932	16.8318	140.8396
124.9549	153.8686	541.9148
81.8074	104.8352	135.5057
53.5021	130.8208	234.8426
172.9021	168.5807	87.2525
90.1245	155.8142	256.7197
126.3717	101.5172	200.7877
63.8484	6.2278	381.5834
53.6661	142.1763	158.2403
146.0112	88.3226	106.5692
44.7713	84.6802	265.2444
40.4590	59.7057	244.9740
144.2855	30.8868	220.3296
67.1111	146.2324	516.2860
82.3753	7.5031	523.3025
150.3678	40.0008	88.1798
150.1923	27.0655	97.0484
143.7305	148.5625	136.3586
6.5703	61.9703	261.4870
64.2353	17.7656	82.4618
141.8282	18.7896	445.2095
130.5624	55.8429	412.8207
87.8919	74.4109	294.7116
104.8798	109.5163	15.5965
162.1373	110.5147	314.5004
118.1272	142.8693	171.9244
94.2117	98.0853	315.3513
48.9291	154.0885	525.9008
45.8215	93.8145	471.5291
34.9433	111.8468	148.4071
138.9030	102.8021	49.4181
103.0377	24.6738	541.9089
165.5194	71.3345	215.4323
30.9544	95.6850	10.0000
9.6848	105.5611	102.8255
114.0061	143.5691	405.0109
80.8120	23.4396	259.7937
1.3036	143.2439	518.1266
160.2571	49.2335	539.7865
37.6550	161.8051	267.4612
81.5540	122.2746	183.5227
151.0072	63.6275	295.7456
12.2020	104.9124	362.8389
127.4695	30.3025	471.7204
138.6853	110.2798	76.8422
147.7480	52.0991	473.7028
47.8440	136.9538	256.4057
74.3437	45.2332	492.9023
151.3479	16.4282	102.8778
116.4776	13.8499	339.9829
106.1024	125.3811	324.7403
144.9487	85.1428	299.9833
103.8230	42.8025	236.2823
18.2241	135.4065	89.0619
153.9367	97.3869	266.0514
63.0730	160.5639	343.4725
88.2027	26.6447	384.1630
27.5638	132.7045	156.9115
34.5223	110.4789	261.4629
169.8685	104.4509	104.1403
10.1321	55.1774	270.2577
12.3338	116.4874	336.6135
13.5363	24.0819	503.1202
127.6370	124.4398	74.3236
34.7718	69.7531	407.1327
73.2869	31.6816	391.4458
70.3750	38.5873	435.1769
86.3592	138.6246	405.9574
86.5906	77.0675	459.0202
51.9849	71.9243	382.9287
103.7172	90.3934	206.7778
65.2382	149.7109	397.7062
171.2533	56.3481	270.1908
5.2131	119.0884	282.3553
28.2846	23.0015	5.6379
0.0213	99.7033	540.0077
144.2421	143.6158	45.0057
117.0740	128.4363	497.2998
87.4806	94.7168	276.8769
17.1924	159.9754	300.1615
115.8748	127.0115	2.6205
84.9681	173.6588	392.0542
134.9601	108.1876	65.2053
38.0190	30.5967	176.9610
32.3954	3.6658	70.5718
131.4840	117.4269	271.0466
163.4699	84.1920	189.0522
57.9134	169.0026	302.7909
5.3140	162.9762	270.5171
65.9581	155.3973	134.3249
44.0979	25.1281	243.2792
125.8262	44.2390	150.2612
147.2038	36.6068	494.9575
91.5462	91.1459	319.8789
42.7640	56.0812	326.2058
163.3971	53.3335	418.0225
78.2789	167.2202	190.3087
82.5816	115.7343	471.9174
52.2953	120.2562	306.5572
110.7574	136.9637	419.5078
52.4538	28.2650	247.3363
90.4244	59.4938	285.1183
54.3858	141.7281	336.5934
23.1397	8.9733	169.3269
152.0340	68.2506	460.5668
0.8559	57.0276	329.7051
118.6313	48.2679	231.2288
78.9248	110.1300	242.7826
113.8205	19.9189	263.5007
61.2679	51.9312	11.9946
27.9256	9.1004	201.0592
29.5574	20.7780	515.0295
77.7195	145.1160	469.7042
81.6724	63.1839	248.1231
105.0387	140.8731	33.3363
54.6777	97.1965	255.6054
10.9952	49.5377	85.9232
148.0442	48.1803	393.3376
40.0225	166.1834	93.1000
85.3964	11.6292	535.7571
68.9519	170.1559	186.3928
62.9743	43.4957	130.0682
112.7643	37.8534	175.0733
62.1760	5.7843	152.4140
152.1600	124.4744	251.9988
102.0342	91.4482	276.0801
73.7266	147.7376	15.2678
97.1552	36.9517	455.3184
124.8141	3.6075	166.1888
67.6594	7.6120	65.1340
17.6233	95.5324	348.0075
80.3231	116.2580	125.7994
163.6819	52.1905	317.5432
13.4597	45.0306	48.2672
2.4695	26.1406	69.2486
114.9424	76.7171	135.1961
48.2317	121.4799	35.1272
79.0075	66.6580	375.3990
45.6748	169.2404	31.9929
73.5137	96.0754	20.1834
101.3635	169.5902	133.8777
121.8553	62.1428	44.7731
40.8918	164.2566	188.8772
8.9875	173.8063	233.1986
115.7404	62.2694	61.4217
11.4269	146.3598	25.0380
10.4591	161.2816	140.3222
74.1205	146.2272	327.5420
154.1462	39.0772	58.1362
166.3813	163.3133	288.8772
137.8434	144.8335	363.9693
18.7176	123.6509	537.8062
9.5765	72.5522	312.3773
21.0678	110.6306	27.1179
154.7655	150.9238	539.0734
17.9597	90.9581	219.0917
70.1052	8.2673	75.6873
57.1266	121.2167	176.1296
15.8176	147.8112	373.8308
136.7990	69.2085	149.8003
101.9139	35.5238	101.5353
77.9231	83.2032	207.4229
97.9806	95.6093	194.6172
89.0249	34.4961	393.0058
110.5275	60.4550	117.3546
13.2752	73.9166	308.5273
13.3022	88.5712	246.8007
158.4163	162.2099	326.9618
48.7595	145.7017	117.7301
39.8006	86.8269	237.5039
72.9423	113.2766	211.3621
80.9411	146.4313	388.1664
32.1996	155.6135	281.7260
103.8790	162.8500	534.6185
83.0352	51.6994	486.8343
59.6024	166.2787	75.0002
169.4452	41.3081	228.9414
39.1723	12.8998	377.8380
140.9682	13.6784	538.7490
97.4265	18.2982	394.3622
101.3080	133.6771	456.3793
121.1310	104.8293	391.1566
11.9503	78.3401	496.1261
161.9502	69.0385	44.5735
160.2029	114.0190	107.5618
106.6381	27.8833	28.4938
93.8288	10.5008	199.0047
151.4780	153.8717	134.2266
76.6562	152.7894	1.6636
65.8437	119.7142	133.8229
61.5790	137.9892	14.4490
169.5628	0.0776	367.0606
37.6704	115.8960	281.9649
173.9452	129.6641	130.3081
56.6240	94.0105	376.4501
96.6767	171.2431	26.8900
88.8482	30.2517	528.4555
46.0446	47.0922	198.8545
100.7407	82.7102	216.6573
147.6917	29.5458	211.5131
84.4307	14.2989	43.9818
129.2488	151.9488	339.9577
144.8514	43.2308	434.9888
78.3731	9.9159	221.8928
160.1661	115.8930	419.3154
126.9914	100.9590	475.2491
20.7966	67.3889	533.6033
20.6827	46.2288	243.2414
140.4453	20.6312	51.5468
129.9588	74.4573	417.7654
96.8845	145.9521	505.6739
11.2124	69.8290	521.5979
35.4700	153.4618	42.4190
11.5325	40.9299	61.4717
49.1925	20.4838	315.2294
121.0643	7.7925	59.4383
124.2906	117.7983	280.3120
35.2563	3.9565	434.5120
12.9173	117.1440	489.9566
135.7073	172.4055	313.8083
91.7756	151.7820	488.7428
159.8354	166.9188	49.2996
16.8926	36.4039	528.9009
80.1392	106.8090	418.7732
8.8297	108.9757	308.1091
151.4769	73.0845	387.0290
52.7693	74.5638	101.5037
122.3915	68.8184	110.4692
97.0525	27.5832	159.6353
80.0293	122.6974	127.3604
142.5830	128.3490	466.9365
40.3365	110.9261	240.8558
40.5650	83.2262	182.1379
44.8354	18.1573	118.9822
94.8615	52.5042	432.7253
86.5071	127.5059	88.3625
68.3293	134.4023	348.0662
68.8384	107.5292	405.5335
123.8709	2.2835	57.6799
147.5058	136.5280	481.7176
133.5766	7.2512	516.8235
15.7420	166.9841	237.2184
24.2425	50.7740	257.9477
37.2178	140.4501	194.9433
93.8212	54.7496	354.8159
28.1799	53.5365	238.0664
98.1182	155.0656	406.0328
40.2545	133.5759	287.7987
11.6543	82.7488	403.7597
131.0053	91.3058	112.8257
66.4513	6.4677	397.9589
86.6932	39.1193	256.9048
36.1473	138.7024	32.1350
69.3952	146.8382	503.2632
19.5153	110.9387	463.5155
42.2617	101.3652	295.2625
119.2473	157.5323	532.7488
100.2635	148.1831	10.8385
52.8995	24.7195	445.1429
106.0867	65.0492	511.6157
50.9553	14.5314	63.8237
158.8655	146.2076	81.0506
18.5348	82.8424	212.3235
151.8422	4.8624	341.1515
41.3008	148.6467	337.1383
124.1187	14.3381	166.6739
1.3452	114.5772	235.0075
43.7971	96.0541	315.1056
85.7955	145.4949	188.3631
109.3539	106.4867	424.1045
84.6623	89.6670	301.5696
100.5164	40.7583	168.0560
33.5611	163.1898	121.7216
13.2189	152.1966	83.5747
151.3793	160.8015	301.9281
19.4415	75.4724	172.3086
7.6521	77.0538	301.5847
56.5703	111.0763	109.0497
53.5288	110.5868	334.2266
132.6728	27.5300	400.5046
7.6505	74.6795	316.8054
27.5285	162.4823	133.3761
121.3794	21.0993	484.6129
99.3847	63.4674	348.8325
26.9803	123.5364	335.8298
53.2839	140.4656	425.7659
173.4695	0.8784	208.0571
61.7607	107.0848	257.7457
152.4712	143.1501	238.4413
123.7517	74.5322	112.0386
38.4515	45.9895	363.3394
102.6325	32.1773	69.4010
168.9167	135.5984	10.8830
115.6583	15.7713	373.4656
98.8530	168.1515	100.6825
76.0136	125.6347	422.5634
41.1481	147.0659	523.2226
147.6882	108.2487	16.6909
20.0080	112.9896	316.9593
148.6941	103.2053	186.0507
126.5554	30.5198	233.7582
128.0679	159.2773	491.1167
119.4190	157.8816	352.9494
16.7662	90.5330	128.5815
120.3672	144.7671	166.4094
101.5509	13.1405	36.9172
155.1928	151.1984	452.1702
70.8730	80.4223	0.1534
131.7243	56.3902	19.6308
118.2445	119.3649	35.8433
96.7614	49.4778	287.4100
168.9742	101.2923	275.4506
107.6318	169.9838	292.4459
14.4600	106.8619	485.6265
134.2055	60.8178	20.4743
1.9193	50.2389	276.4289
163.6911	147.1942	73.6283
28.2358	65.3183	385.0435
41.8011	97.6913	536.3266
140.0966	141.7132	37.2918
134.1203	66.4134	13.7556
137.7798	101.9730	415.2920
8.6203	26.8307	348.7984
87.9569	128.2987	381.2956
4.0728	56.8876	84.7966
69.7278	53.8156	477.2949
32.0069	71.3670	26.1907
138.5720	53.7582	500.0283
146.0772	68.3382	361.6346
108.9750	67.3091	475.4478
172.6025	166.1619	481.3179
102.1638	133.4613	313.0165
83.0932	7.0471	14.4825
1.7432	95.3751	275.6780
88.9821	36.8018	45.8618
123.9112	75.6196	239.3436
15.5378	104.9930	83.6599
139.0783	101.0905	295.7566
63.4593	38.8219	421.8410
83.0780	28.9290	118.5329
102.7799	97.9668	405.7376
152.8677	41.9541	223.2702
139.5327	72.5839	85.3293
100.0141	28.7587	521.9212
106.9111	43.9858	27.3256
100.0670	68.3220	300.4885
87.1760	104.3946	438.3859
68.5122	3.5984	432.6662
161.7373	72.7709	198.8581
79.3092	83.3167	31.8604
170.5785	158.0644	274.8481
82.0875	76.7812	41.2796
1.6464	41.4080	53.1339
135.2204	11.2877	244.7264
68.3871	169.4033	417.9463
158.8950	50.5329	13.5800
124.7886	32.4601	400.6770
66.7617	107.4961	531.9430
55.7360	147.1302	0.1681
136.3995	163.4880	285.2981
123.0166	4.3954	197.3500
38.5837	127.1758	83.5872
156.4215	136.0404	527.2877
137.4783	28.0598	245.7474
12.3470	87.7175	237.1692
141.3508	30.0909	544.5961
0.6542	172.7416	461.1606
118.9679	76.5930	538.4504
46.7987	74.1262	468.6346
47.2474	87.6508	473.5462
139.2267	145.0536	139.1757
161.5388	95.7842	445.8470
88.2400	72.3856	255.1744
99.1779	152.1250	319.9629
27.3909	155.2579	163.2942
38.7382	20.4469	130.0394
77.2924	52.0511	323.6210
148.8848	99.0026	468.9196
136.2844	126.2108	5.8145
64.7374	19.2319	27.9771
70.2857	36.8394	317.7610
8.8901	65.3113	397.1987
156.5667	77.9506	458.9145
148.5400	151.7418	407.9813
158.1046	15.7196	506.0695
71.1524	52.0065	17.7056
155.7952	99.0896	279.0881
1.2904	111.4021	421.8967
55.0608	2.3944	219.2673
9.3426	46.9226	353.5526
21.6798	160.4422	459.6249
43.0107	140.7058	50.0807
2.3988	124.9531	467.6705
159.9980	140.5578	202.7511
18.7074	136.8959	534.1750
150.3696	32.8249	498.6283
6.5688	78.0184	40.6182
83.4608	124.2030	130.4951
89.6056	112.1631	369.1086
74.5640	124.9012	282.5587
82.4055	150.8436	410.7664
37.0287	155.2553	30.0917
68.5230	145.9135	524.5274
119.1088	134.3375	5.2505
65.9839	61.5613	302.5118
47.9483	76.0916	320.2460
1.7405	42.8039	215.2038
174.1204	111.9719	169.2509
26.6489	115.9447	402.9478
36.9666	38.7808	405.7155
39.9297	169.8909	296.2364
147.9443	114.3601	225.5305
126.1526	36.3247	426.4217
39.2587	41.7282	450.7054
11.8626	106.6705	506.3254
27.4639	135.0343	368.1257
157.0409	135.0252	314.2649
161.8963	136.5551	102.1835
133.7181	83.3862	358.0221
100.9960	164.4098	538.4958
5.7271	4.3839	360.8656
28.9354	8.5588	515.9829
56.1348	8.5234	93.3910
168.0164	59.3039	526.9327
88.2857	127.1582	421.8574
28.0159	131.7594	3.0762
52.4701	20.4648	241.5288
1.1129	142.0535	185.2546
102.2517	36.1747	122.0826
49.3082	21.9491	163.9916
44.0851	123.9909	474.0862
26.7973	37.6579	81.2581
161.4107	165.0548	470.7354
80.8693	25.6290	479.1063
114.9283	60.5309	92.8782
83.3414	12.1142	47.2626
46.3831	144.4854	118.8368
114.0584	129.6926	488.6583
36.4933	64.1494	412.2377
140.6629	27.4737	503.7212
48.9817	109.8613	65.9869
91.4262	159.5881	508.1311
99.4267	122.8193	288.3392
10.3106	2.8029	465.3549
108.8647	73.4731	360.8226
143.1692	103.6834	403.2590
5.9433	158.3824	205.5925
156.5220	91.1975	122.0242
65.5134	47.1158	409.0362
99.9344	41.3216	529.8204
172.2075	121.1170	215.3899
42.6547	51.1993	523.7447
43.0953	70.0380	482.2590
163.2996	144.8887	166.7353
163.9222	140.1069	490.0753
0.0040	66.8087	286.9008
19.6679	166.5445	148.5962
42.3217	144.1590	481.6603
79.5471	53.5634	362.4939
79.7590	166.3657	372.6506
53.9084	144.1281	453.1324
88.5518	16.4348	364.2504
23.0053	147.7967	146.4282
89.2286	77.1904	519.0560
42.0690	14.1976	335.5706
63.1870	171.6287	361.5845
7.7078	164.1420	375.6302
66.7265	5.4961	411.2647
99.4088	36.4433	40.8421
144.0810	46.2116	490.0911
137.6031	128.4071	324.7203
17.1536	66.3865	181.7810
36.1959	129.0209	259.7920
32.6904	124.9448	327.7075
0.3817	93.5087	3.3430
86.8114	23.0716	374.5468
98.3078	94.3635	448.4568
78.6293	162.7286	58.1131
92.3892	63.6959	361.2359
5.2577	121.2768	327.5080
110.5898	44.2979	329.1298
51.9003	56.6733	121.9826
84.2467	23.5450	496.4776
67.7147	154.8872	538.9790
16.4943	104.5328	266.4917
129.2488	43.9527	40.1359
131.1583	152.1734	392.6944
129.3031	126.9785	13.7809
32.5065	134.3463	530.6295
101.4740	113.6166	42.6584
62.6375	58.1272	307.6921
64.0942	95.6745	419.4399
141.1850	131.9711	3.9430
97.6010	94.0572	372.8864
20.1488	153.9699	459.1646
37.3345	107.9560	159.1315
102.7237	59.0623	195.3125
155.8850	105.3701	316.1765
107.2348	67.4366	88.6449
133.7268	162.8548	44.8988
5.7655	131.8783	273.3335
79.9261	80.8631	233.8717
135.0836	30.5406	154.1587
165.7635	135.0060	1.3632
108.0093	15.6538	22.4498
170.3770	160.2442	101.2589
141.2558	122.1055	1.7072
76.5551	3.2410	435.0531
103.7787	173.4552	401.7863
41.8473	171.4678	440.4270
133.3650	53.6134	336.1711
106.9235	127.1105	71.2308
64.7931	66.3785	74.0546
134.7071	173.7478	347.1638
104.8032	90.3989	17.6945
23.0462	51.0775	106.3375
14.1826	66.4256	34.4364
97.5086	96.3089	4.2341
78.3232	80.1607	165.7181
154.7930	49.9802	235.6489
24.2286	48.6971	19.7289
137.4898	2.9456	297.1168
137.5468	136.2435	155.0379
167.1415	33.0768	507.0980
157.4356	43.9153	221.4589
139.6525	104.2467	463.0860
112.0464	159.4480	172.7409
53.8790	132.3206	207.5426
67.7242	171.7974	429.9577
69.1868	84.6542	196.8209
77.0251	73.6074	191.1093
93.7307	163.3145	137.6733
17.5098	15.1038	121.9409
147.6231	59.4269	233.3053
45.7641	83.8209	258.0237
162.4671	85.2485	477.2039
158.9611	65.8441	476.3166
44.4914	28.2613	471.4210
171.7968	112.7684	295.6360
67.9900	115.3791	427.1395
38.7659	148.9287	106.8591
34.5314	164.2023	270.9081
114.7749	99.4488	449.2406
162.7124	44.3227	146.3184
159.3530	119.9477	104.0369
33.0996	147.2980	287.0833
65.6836	56.2284	482.8620
75.6440	131.6540	5.1825
38.6369	102.2629	90.1277
12.9689	61.4462	239.1233
86.9731	41.8425	314.3913
46.3857	11.5410	45.7048
73.9182	35.8775	312.1392
148.0695	34.1215	409.9139
141.9778	24.0565	193.7352
29.4617	56.8150	229.3429
154.6973	137.2468	471.1120
121.2165	78.3220	11.9653
100.5946	67.1365	188.4831
32.9865	58.4019	178.1658
85.1313	135.0594	467.7993
93.5597	164.8201	445.8589
23.9326	10.3005	302.5868
68.3553	52.5546	512.5048
47.6903	12.6891	69.3106
57.9080	97.6377	247.8599
9.7871	9.4943	478.6228
98.3728	28.6411	295.9496
154.5264	144.3199	346.6470
34.3535	136.1286	48.1459
47.4682	170.7463	481.4515
144.9764	162.7301	93.0653
14.6518	172.0822	217.4550
48.6375	56.5574	431.9238
161.8549	168.2409	25.3038
118.8620	30.0713	473.3998
0.3265	63.0390	310.7334
143.5363	65.7364	159.7957
29.1877	164.1237	132.1591
174.2034	134.6036	176.9942
81.6151	104.5476	254.0295
168.2884	32.6811	326.7330
109.2995	155.4584	315.7396
138.0373	145.6553	123.2248
58.6905	67.9643	259.5162
156.3008	65.6755	432.7922
144.0692	106.4866	469.4152
30.0756	1.7043	184.4343
136.2530	42.8346	72.8554
62.2627	112.7880	397.9738
140.9139	128.1244	251.4083
147.2451	16.6647	420.7781
14.1028	110.7032	240.7431
80.9830	68.7376	296.0554
80.6253	47.7285	70.4968
81.3302	10.3580	422.2220
52.2733	172.6785	94.6469
124.3221	134.8449	322.8163
29.3116	144.9442	133.2662
95.1668	58.0431	297.5008
16.5607	162.6551	320.3542
121.9889	58.9507	455.1242
116.3494	21.8364	273.2265
29.6072	154.0248	486.7257
9.0855	172.6929	408.4565
108.7397	92.2388	315.0398
170.3605	36.7613	211.6953
71.5972	34.6841	469.0864
164.5716	129.3966	529.0627
58.0248	157.6812	246.7036
111.8523	100.0739	224.5635
112.7926	36.1977	393.5831
164.6773	106.0906	103.8168
28.8067	129.7925	145.9372
53.8996	59.5526	443.8716
96.3634	101.2442	435.2191
146.3993	51.1650	485.2342
83.3034	31.9443	98.5178
54.0608	148.7638	526.3574
84.1146	125.6074	140.3999
148.8481	146.6904	314.2681
152.8171	26.5421	17.5432
53.7253	143.9297	432.6292
21.6072	27.7856	150.8316
71.2096	105.4896	38.4971
103.7846	108.2447	328.6347
83.6346	153.5645	203.9581
48.8524	34.8693	375.0731
67.8370	103.3899	532.0847
62.3542	16.3851	155.9640
163.3304	162.9059	468.7940
24.7941	42.4471	354.5718
114.7107	119.9193	151.8731
71.9691	134.9291	292.5565
141.0038	76.0696	241.4116
114.5244	119.5072	351.8490
92.5635	160.1098	133.0393
152.8987	140.5972	426.7072
158.4671	64.2391	486.6333
54.3070	63.1411	468.8472
46.4755	94.5901	533.7570
73.2857	89.0765	10.6324
129.9973	106.4967	527.1950
108.8535	148.8322	300.5855
18.9234	85.3695	347.6937
152.7958	62.5534	68.8648
37.4553	118.0718	202.2416
153.1621	147.0905	81.2252
139.6844	46.9604	347.9693
54.4672	94.4673	130.5234
132.7029	146.9885	251.5129
139.1910	135.4779	498.7926
161.9054	160.0827	210.5419
89.9222	129.1825	241.7419
95.7980	134.4327	142.3672
138.7876	121.8749	215.9248
62.9359	66.6529	307.1300
0.6204	149.5568	223.7597
62.2301	23.3592	292.6234
173.3510	33.5491	147.5656
22.4440	47.1913	248.2840
47.6903	12.6891	69.3106
139.6222	145.5223	143.4604
18.6479	34.7025	3.2518
70.1200	95.3250	434.1815
28.6294	86.5513	80.8664
50.4951	10.9290	130.8959
127.2497	92.5825	472.2241
88.6068	175.0214	403.5164
85.7586	85.7979	243.1468
116.7148	155.8563	434.5805
91.8110	35.4326	384.5554
54.2485	152.0237	69.7640
63.3732	102.2298	377.3382
120.4567	169.1214	242.4340
144.2784	59.9634	392.4278
84.6105	21.7492	379.6732
91.8328	32.3391	88.8965
59.1085	87.6037	358.0810
80.4915	168.1458	85.8293
160.5469	107.2391	341.0871
170.4809	32.7017	314.8260
55.0256	119.7670	129.2948
90.0468	42.4004	75.0767
82.2661	93.3889	431.5531
113.6138	59.4706	263.6040
134.7862	55.3039	545.4561
62.1267	16.9839	61.0013
157.9907	46.3930	71.5598
160.8046	6.8326	101.3442
89.7808	151.1012	201.6376
118.9704	142.2297	180.3751
134.4415	99.0223	269.3371
140.2697	73.3540	369.1549
95.2154	156.5376	206.5456
58.3518	27.2420	120.0108
172.4368	170.2071	380.4237
157.5577	142.3436	476.0425
112.1607	1.3716	175.5908
156.7057	167.1913	296.8546
96.2524	53.7942	358.1787
31.6365	69.3387	85.4297
142.3898	64.8921	226.4526
37.0395	161.9556	236.7244
110.6125	98.3114	172.7339
56.2122	89.6939	535.4817
85.1994	150.1074	165.9185
77.6740	162.8378	110.4958
86.0156	77.2131	453.6559
151.1372	49.6468	163.3385
145.9887	57.2782	511.8227
172.6459	145.0155	522.1215
139.5373	93.4697	410.1051
152.6427	81.3523	245.4802
166.0383	29.7155	330.2587
88.0001	37.5327	131.6683
28.9120	145.5953	461.6495
26.2661	9.6415	31.7485
92.5082	117.9939	469.5582
35.4653	129.5700	2.4120
85.6032	13.9496	207.1918
73.4482	85.2432	502.0958
53.0782	19.3845	524.4473
142.3199	135.7292	126.4480
100.0968	132.6543	105.8236
4.5101	116.6820	539.4194
131.9203	55.7550	500.5110
12.3975	56.3707	529.5461
167.3638	109.3987	269.5805
124.8987	41.6993	57.2078
90.2290	127.7946	108.1064
28.9569	78.6780	66.0296
118.9536	31.2020	288.8978
77.3573	56.7655	208.2781
78.5450	124.8834	286.2420
165.1616	72.9089	442.7618
103.5113	65.3330	353.4957
2.0058	109.2424	263.5964
143.9742	172.1217	143.8880
72.4706	1.5086	220.8004
138.3340	98.6177	54.1106
24.3371	118.9612	436.2989
86.1561	117.3697	193.3006
113.3561	23.5124	398.2182
73.9376	84.1992	160.7077
12.5036	121.2431	158.7847
65.4519	49.6021	439.3860
31.6549	155.2676	542.2823
120.9275	116.2766	42.8604
34.3527	130.1322	153.8448
74.0936	94.4789	149.5004
104.8729	50.2607	313.3477
51.6688	12.6827	541.3619
120.3162	49.1571	166.2397
16.2768	41.7633	67.4394
139.4426	157.8870	287.3394
10.4456	169.1125	235.8622
10.8018	16.1769	107.7061
32.6015	49.9926	231.2093
25.1217	146.5818	380.3946
88.0275	127.8001	435.4319
74.1815	67.1882	294.9292
53.4306	77.5156	424.8029
158.7097	142.1240	31.8851
85.6980	46.6751	481.4565
64.3092	139.0313	42.1452
7.4544	1.8048	524.1438
64.0661	34.6818	59.2853
96.1866	62.1178	281.2847
100.9501	65.4978	244.2493
31.8847	153.9977	514.3978
163.7008	55.1322	474.7220
171.1725	92.0229	477.4107
43.3024	63.0304	94.2917
113.8908	46.3753	144.6600
169.1492	19.3129	319.2700
168.5558	120.9301	545.5364
16.2613	54.9320	122.1006
164.8134	66.6679	334.9805
164.3109	136.8350	528.8092
165.2228	112.4109	22.7517
96.8148	13.4471	13.3029
108.7424	87.6088	483.5755
46.2260	120.6438	24.2395
165.9861	170.7902	526.6112
98.0833	38.7666	273.3743
7.5959	36.5184	441.9552
70.5693	94.3225	255.0966
84.5629	152.4459	202.0081
128.4763	1.8098	456.0083
126.3853	4.0740	307.3123
21.7233	111.7724	547.3254
118.5931	129.6859	250.6412
102.4510	168.3142	29.4705
122.4773	170.3136	481.3783
75.8329	140.4247	21.7095
161.8260	88.7512	438.6747
78.6032	169.3545	255.2205
137.8996	46.9392	501.8519
43.1472	26.2513	120.6220
10.9992	43.6764	267.2861
58.5600	97.5567	61.8556
122.2897	50.3311	155.0189
33.2361	165.6073	72.0435
59.3822	117.9858	530.8311
139.8182	121.4553	274.5702
150.5239	20.5125	439.6216
77.7003	34.2572	179.2357
10.8487	77.3539	181.7001
109.7880	103.4802	393.3591
108.8927	10.7495	93.5955
132.5968	148.9577	275.0079
85.6465	96.3107	502.0045
116.6332	33.8350	411.8171
145.3342	96.7932	141.2125
36.7673	19.5858	364.7568
84.7151	24.4823	290.6923
14.0009	98.9195	287.5266
103.1122	23.7692	60.1669
128.8103	62.1674	9.8952
172.6107	170.0925	230.9787
161.6967	136.0455	316.7939
94.9848	55.3160	342.9388
36.2459	102.1707	93.4303
77.1673	91.7709	150.8724
166.4803	156.6985	164.9600
144.0253	115.0058	382.2572
7.3420	81.4915	107.7503
82.4499	95.2736	46.8028
62.8925	117.1366	472.4359
68.3079	96.6754	409.7189
125.7107	168.7519	251.6546
16.7774	113.1138	236.0445
86.6452	131.4939	432.9855
122.6412	67.8688	512.8388
90.2392	155.8042	149.0241
55.5948	32.9098	236.2152
173.2017	118.0830	489.2468
26.2174	89.0023	53.7423
20.5821	109.7351	378.5032
155.0239	53.0345	162.4018
114.3058	168.8164	487.5005
132.1059	42.4467	447.9152
88.4207	30.6183	491.9108
1.3781	151.2376	444.7157
93.2956	0.1164	330.8017
129.4073	27.8838	421.9603
157.2444	73.8249	368.1951
44.3347	56.1350	251.0510
124.2912	96.1272	377.6071
58.8845	139.6423	496.9523
118.3033	46.0643	388.3904
160.8728	24.7874	435.4070
107.1256	113.4675	34.4210
135.3874	120.9569	305.8016
70.3754	59.4925	285.4597
165.0041	72.5333	185.4756
25.7005	84.1070	329.2208
108.6019	66.7646	150.2124
46.1911	22.1667	132.0062
30.2055	152.1965	321.5090
151.3130	108.7742	297.8929
80.6318	42.7644	422.4640
164.0988	46.3985	148.0878
103.3932	10.1765	127.0082
167.3443	108.4774	298.8340
159.7448	6.3196	237.2173
151.5063	28.8694	529.1060
22.5385	155.8108	403.3265
97.6970	48.7379	433.5874
65.3843	92.5258	282.6891
91.2283	88.7858	302.1415
96.5688	40.0658	366.9253
34.0740	115.9974	109.9338
62.3435	173.8610	532.7704
6.0045	141.8698	38.1325
59.3045	107.9275	14.4600
113.7379	106.3956	531.8412
82.5411	66.4721	525.4689
140.3191	62.8808	427.7530
45.7148	139.9663	20.1963
62.2152	18.8621	278.0837
84.6988	14.5586	456.7417
27.9799	110.0192	301.5039
113.9831	101.3218	450.5273
45.0433	129.2425	0.2818
29.7443	88.8263	244.3171
72.9654	151.0943	455.6033
92.4482	151.9744	447.7084
172.5058	68.5683	40.4610
58.3038	54.7579	538.0977
117.4681	35.4251	90.8113
108.8356	57.4371	362.8063
162.7598	129.5287	297.3665
110.7792	147.8351	408.5655
51.2924	35.2644	485.0279
83.8088	168.4617	109.2043
153.8438	35.9202	512.1284
94.5080	92.1204	387.4368
73.3108	145.8205	484.5289
40.6695	34.9032	69.6760
87.6558	82.7831	111.3035
153.4275	4.4378	410.7703
14.2474	38.0650	384.8726
37.8383	3.0989	379.9110
57.7637	129.9161	127.2393
33.1392	60.3710	193.0495
134.5416	162.5180	467.4273
19.0119	63.9916	311.0167
34.1940	32.8546	65.7454
21.9120	77.7365	74.4687
143.5232	170.6785	497.6180
165.4563	121.3068	224.9832
105.1950	171.5083	189.6052
6.0585	151.0936	178.4654
152.7185	94.3184	442.0972
81.3348	156.5305	412.6085
133.1798	25.0661	151.4468
98.7998	10.1710	212.5143
121.8347	164.4796	429.3144
59.9343	26.4484	334.1148
147.1966	114.1348	62.5049
109.1144	67.8441	42.8172
13.8461	107.2568	147.6694
100.8480	38.8654	402.9333
142.7054	68.4014	493.7905
145.6711	87.5716	264.3252
116.1631	159.1987	63.9212
47.0686	90.7060	277.8389
146.8764	148.2160	484.0252
21.7048	87.8819	172.9730
77.3380	19.6062	184.2560
53.1228	112.8146	59.3966
145.5782	50.9453	108.1244
31.4613	140.7654	441.1127
141.7926	111.6623	406.4968
5.0885	83.0195	353.0513
128.3744	143.6415	50.5208
139.1498	38.3848	387.6550
94.4053	11.6334	356.4266
79.5201	89.5343	149.7054
166.0129	112.1190	350.6527
2.2527	36.7178	119.5834
92.6124	168.0070	158.7038
67.7370	105.4502	263.7031
21.2876	120.1751	63.8500
63.6840	92.9047	511.7235
114.0260	118.4706	381.4022
41.9193	46.5124	536.5382
130.6002	80.6494	104.4991
64.6860	64.5997	507.9160
116.8109	22.6554	209.1448
118.0891	129.8888	506.5023
155.9148	125.0852	508.1257
60.0710	71.8141	296.5870
142.4288	161.7426	385.8117
11.1890	120.4061	459.8845
124.9368	125.7621	219.7904
47.7676	68.9967	466.2127
69.0917	8.9043	523.3121
168.7075	126.7423	420.6819
171.0381	132.2296	389.6373
144.9768	172.4967	500.8057
67.9427	60.7719	322.8335
83.7427	47.2628	63.5587
79.3095	77.6721	94.1801
154.8168	67.5599	144.0681
122.9639	103.6646	238.5564
89.6068	136.2119	467.0324
162.4182	141.8148	511.3717
145.3266	116.4044	100.3494
41.9421	124.5066	7.8177
15.4804	106.5119	169.4493
167.6757	126.6168	136.1709
59.6699	173.7480	490.4203
28.2300	99.6731	80.8435
76.4673	118.5060	405.1145
36.9973	159.6311	47.3961
99.8588	55.7093	282.1658
72.5812	132.9016	219.7758
132.6833	1.4973	290.9627
72.7888	33.5606	122.7312
114.4067	122.0637	20.2251
74.9173	64.6681	380.8288
123.4047	126.4466	139.8230
0.8948	17.8168	439.2975
153.4061	174.3066	198.3438
172.0748	98.0567	491.6139
130.2805	153.3812	102.2654
119.4604	149.5304	547.0968
14.6594	159.0494	131.5410
87.0967	41.6594	373.7713
125.9285	148.3087	46.7505
157.2331	131.9388	222.7613
164.4684	70.9755	222.2874
133.1024	7.0101	89.4769
83.5905	62.5813	312.9526
96.1734	112.7084	132.0709
128.5508	140.0067	52.6953
109.5829	4.1230	129.8685
110.8103	12.5536	141.0800
140.4374	146.0703	159.4597
100.6934	157.3567	532.1105
166.3039	106.7412	350.0914
49.2418	96.0124	472.6318
63.2706	130.2731	399.3322
99.1060	143.8617	29.5658
34.2968	61.3354	540.0733
53.3796	91.1088	438.7438
15.6869	134.6096	3.6282
42.1624	59.2751	153.4017
97.1668	103.2624	539.7190
151.2917	33.9028	186.6782
157.8061	140.5771	289.6752
148.1940	159.2260	517.7627
4.6710	104.2091	202.1582
30.8811	19.8418	48.9499
43.2720	132.4421	547.7851
39.0462	62.4125	428.3680
28.7710	141.3985	382.6518
170.3561	57.9975	120.3723
23.1938	151.2777	127.3604
97.4825	53.0728	292.8136
90.0351	130.1321	529.4392
76.7575	109.9735	28.6067
90.4170	7.2608	217.1640
143.1439	59.9288	85.8100
144.0843	105.8695	257.1992
62.1775	50.1060	540.5825
156.2088	39.2760	490.9449
109.5366	98.7796	283.0376
36.1140	130.9645	427.8961
48.0315	144.1571	104.9111
7.8174	3.8260	314.2353
158.8852	86.2385	298.4360
154.1622	27.7884	537.5874
170.7024	28.4660	246.5171
73.7261	8.9616	16.6290
73.8261	4.5914	199.0138
138.4171	110.6407	172.3802
114.9143	17.8312	53.4461
89.0793	11.1643	219.6243
147.7247	96.4990	152.1982
152.2786	18.8551	121.8915
61.2131	11.5757	263.3610
53.2600	55.8183	32.1651
159.0021	33.6762	242.6401
56.6560	58.3954	505.9074
25.6855	123.0161	251.3216
68.8869	170.8316	101.2225
68.4744	29.0499	357.6567
83.4395	44.6765	420.1223
37.2204	54.2813	356.2865
101.0800	119.0406	224.1953
107.7103	151.8697	336.3473
53.7916	40.7150	462.1670
113.8867	68.3666	117.9532
72.8069	49.1843	492.9358
66.0500	49.1086	488.5211
110.7409	44.4280	300.9531
91.7539	153.2448	165.6733
115.9736	34.3141	76.0431
92.2990	67.3410	210.3226
87.1879	77.6965	325.5059
123.9270	76.8780	425.3633
20.5503	126.8894	129.1576
19.5934	106.4201	375.2313
79.4594	132.7011	429.1484
112.4958	138.9542	312.6183
66.5452	112.0074	213.5959
11.0153	125.0906	426.4250
4.3872	57.7248	325.5691
106.9512	60.3778	319.2430
171.1074	31.1368	150.0065
100.5324	60.8397	294.7994
84.1340	11.3556	411.3027
50.7288	83.9378	366.7531
161.0411	136.5601	355.9214
119.4568	167.5534	105.4865
30.5096	5.1196	254.1463
4.8077	27.5580	61.7125
62.7425	146.1630	10.3301
45.3368	89.1663	473.5087
69.8348	65.9383	498.1666
114.4502	38.2898	544.3189
7.3418	29.3969	36.0443
39.0686	82.7975	223.1253
30.4914	69.9447	133.7992
11.7591	57.2291	266.3073
167.4606	152.8185	2.9003
80.1858	98.7960	244.4866
119.5936	174.6197	468.9071
38.2998	131.7783	49.7171
172.2521	52.6892	374.1640
170.6465	143.9441	380.7576
171.6786	66.7323	505.4167
85.3768	46.0971	406.7780
150.9984	57.1386	394.9858
62.0321	106.1548	77.3240
160.2706	92.4751	486.7425
173.5395	165.4628	458.5403
50.0539	91.1291	253.8281
143.1602	134.3706	298.8281
26.8336	168.6330	351.2044
88.5276	109.6901	189.3090
52.8292	131.3325	333.4253
23.7560	139.0048	340.2936
151.2736	123.1915	522.3867
112.7830	152.7171	47.3109
153.2740	132.1866	384.7411
39.9294	169.9691	162.5215
171.7667	174.5892	387.2659
73.4364	163.7498	93.3148
158.3576	122.9132	368.6383
104.7594	52.3468	515.4794
37.6911	153.2430	298.8023
34.9480	165.4406	66.4371
170.3884	32.2482	311.8870
146.5470	160.4170	150.9541
166.9984	38.5742	493.4623
138.6083	169.7635	397.7289
64.4555	42.4674	111.3093
31.7886	12.3358	396.5705
65.3545	161.7761	270.0744
14.9854	93.4709	249.8957
71.4500	57.4980	490.4325
109.6923	99.5789	47.1901
167.0758	78.4611	514.7616
57.3731	113.1991	462.8373
79.9422	44.0247	541.8115
41.7264	36.4346	248.9256
0.0468	132.3083	491.6880
83.7222	55.8395	383.4379
115.3753	76.2285	233.3647
106.6551	102.9065	53.8051
152.1146	153.1402	177.4102
11.1605	148.3073	477.0097
120.8958	148.1001	539.2483
22.7279	158.3587	458.7146
21.4346	119.9282	87.2043
58.3551	10.7112	400.8983
141.4543	119.3877	383.6464
64.3717	121.4697	384.0420
132.7635	60.5728	59.5577
61.2650	74.0443	212.2475
43.9657	36.3907	288.1210
147.0124	157.3068	528.5779
128.7065	65.3444	389.0441
11.0213	145.9810	8.0506
169.6950	127.3332	29.8182
108.4908	109.3873	141.2656
90.1497	5.9776	372.1379
54.2644	61.3141	118.2834
1.3541	74.8005	472.6823
119.2480	102.3866	175.2235
0.8914	23.8237	4.4138
165.4261	31.5460	96.2790
32.4790	59.2365	11.3564
170.3876	77.7482	347.2124
93.9743	133.1826	225.1983
131.2424	24.3206	434.6223
161.7465	47.2473	405.9903
104.2703	83.3505	81.8404
57.9896	38.6179	82.2133
155.0926	53.4815	390.9828
141.0063	22.4323	11.7888
35.5512	79.1573	318.8820
46.6919	17.9165	383.7596
25.8892	31.8678	231.3018
114.4501	99.2684	475.4307
39.0870	118.2192	210.9775
57.4779	94.7014	137.9881
69.6666	130.0835	113.5862
146.8819	56.5388	502.1170
115.7139	51.2510	271.5758
62.2454	53.5304	13.3047
84.7320	103.1507	136.1186
106.1845	138.4396	465.9619
129.5619	47.8556	299.7877
19.2873	11.2617	94.0976
154.8375	77.7032	2.0985
144.3285	109.2650	391.5643
72.9338	136.4391	420.1222
39.9338	87.5066	170.9393
103.3706	73.7585	350.8495
73.0152	29.9279	81.3554
8.9773	145.2185	280.3919
107.4154	8.9153	186.1855
76.7847	42.0069	539.8964
147.1328	53.2827	118.0124
161.4851	49.4590	293.0211
110.7246	105.2805	326.3721
93.6917	65.7209	475.9345
25.7848	56.0975	244.6035
5.3745	110.3884	337.2705
129.3035	155.0266	339.8535
9.1718	107.6604	205.6089
79.3541	131.9993	333.3350
4.2023	4.7987	316.4474
171.4125	152.3224	11.3841
128.4732	59.8082	174.1786
37.8003	22.6072	463.9041
123.5509	26.7115	178.8359
146.3811	79.0751	94.0187
137.8651	76.2872	344.9407
18.3016	140.3592	495.1225
77.7825	82.1232	93.3674
171.6793	99.1971	407.2322
87.0998	110.4175	213.2405
151.1089	71.6230	366.0931
25.9824	135.9541	161.0970
60.7806	153.1994	461.4307
58.5778	155.7864	399.8282
18.8471	73.2344	210.1639
76.8115	159.0326	130.2051
87.3908	111.7160	317.7912
54.2996	138.5258	59.8797
80.9232	3.2638	460.4728
159.5597	171.6034	429.0470
15.1713	23.4319	358.5517
92.0198	147.7125	430.9919
44.0975	104.7043	258.6958
114.3923	174.0996	23.1349
70.5407	32.8722	326.7419
112.3480	59.1365	396.7163
140.2062	107.8527	160.4852
17.7531	33.8910	441.8614
7.7945	127.2590	444.0988
158.4195	56.7544	531.6397
44.8352	160.9009	287.8102
128.7749	165.3276	437.0266
92.0204	132.3415	11.1296
107.6414	146.5279	59.5463
69.1700	75.8343	407.1334
14.3999	92.1403	488.5276
90.4134	149.9014	519.6511
107.7014	144.7913	109.4428
171.3959	43.7174	467.0279
40.7146	151.1003	163.5573
76.4506	62.7549	292.1589
87.6712	105.1802	212.9733
81.3485	134.9894	334.4447
84.1307	73.7807	257.0602
154.4255	137.8393	222.1138
88.8578	88.1775	193.0810
87.8237	134.9033	397.7831
5.4728	15.5546	215.1690
64.2962	130.8714	269.4981
79.7505	159.7320	212.0295
173.5730	137.8840	110.7087
160.7496	78.4572	125.4287
92.0267	42.4845	469.1485
149.2569	85.4439	136.4076
152.1055	152.9251	321.9216
53.7561	29.3141	203.3613
139.3075	146.1642	470.9363
56.3838	140.8054	543.9059
86.7459	13.6713	229.4394
151.2198	135.4704	218.4525
22.8339	85.6379	539.3439
170.4448	139.6511	154.8235
49.0638	30.7648	449.1245
83.3069	113.9576	409.6196
81.2429	18.3021	481.5129
141.6221	170.5048	183.7273
19.4647	65.9462	177.4497
91.2655	39.5532	373.9648
155.1198	29.9350	425.4924
47.6903	12.6891	69.3106
19.4725	27.1815	432.5209
147.4903	50.8994	487.0312
72.9091	114.8956	364.6108
6.0296	3.7162	374.5271
153.5606	114.3213	276.9006
147.5362	15.7489	510.0433
46.1952	34.8712	372.8308
150.0490	127.2189	205.4742
102.2624	22.3436	239.4702
124.1568	24.3244	230.1250
15.0050	35.4970	370.6313
103.1223	83.3329	343.0479
136.3974	95.7188	14.5191
107.8613	125.4056	467.9262
110.6146	40.0663	366.1162
41.8535	158.3875	540.5756
1.0178	21.0605	322.2808
55.8182	61.6339	472.5355
9.7461	139.3027	377.4029
37.1127	157.5155	45.9772
83.9271	6.1520	270.2923
61.9444	74.0947	262.0164
136.6757	54.5513	485.0937
72.5545	91.1307	496.8467
7.2352	5.4172	479.8267
127.2455	64.0851	218.4611
64.8421	138.2274	27.0070
159.3721	50.6418	61.3934
152.8840	82.2040	253.8183
35.1914	33.5196	325.1454
166.7294	167.2904	273.8394
6.7525	137.0439	402.8644
149.1565	14.7465	126.3675
10.1067	10.3565	461.0796
112.3358	119.4213	222.5697
45.8301	47.2484	523.7460
81.2747	67.7804	253.8472
133.5865	24.6030	498.2976
93.6912	175.2736	337.8626
6.7897	96.8130	501.3413
116.9742	45.4142	91.2848
119.4923	173.5793	133.2804
169.6524	91.6401	539.7609
160.3400	49.5789	326.6275
2.6439	108.2303	272.2592
36.3451	99.8543	158.7332
82.3651	5.3927	118.3475
14.3397	72.3157	299.4592
75.9848	148.5573	285.4873
144.6231	31.1294	499.8804
36.4563	145.0839	105.2219
18.4528	162.9432	510.2623
126.1663	90.0005	126.2931
114.1144	146.3107	243.6166
68.4621	133.4304	226.0082
107.2739	44.6654	540.5703
77.9596	160.0233	378.7473
59.8987	46.4123	57.1825
96.8392	104.6587	539.0512
40.7917	57.1430	367.3635
122.9019	110.2190	0.5299
140.0172	25.0047	111.4017
34.0090	25.9755	421.0159
39.6064	56.6828	185.5570
77.0875	28.3971	8.0081
91.8233	90.2883	98.1821
65.5564	132.2090	353.5189
74.5617	53.4160	370.7663
68.6447	64.1863	370.3839
174.0804	144.6492	290.1239
116.5273	36.4531	167.6386
24.7379	81.4460	33.6910
7.8625	105.1629	76.9835
34.6985	166.8157	53.7057
163.9413	83.0645	370.6613
142.2801	2.6545	469.9756
57.4337	96.0294	429.6996
165.9710	72.7511	67.1702
37.5662	50.0738	383.4371
37.9158	108.4792	283.2196
33.1281	111.6858	492.5143
115.9025	134.1385	265.6062
122.8923	116.2987	67.2848
147.1656	152.9792	334.9699
30.6732	27.7212	237.4891
32.3749	21.0606	172.7621
34.9611	108.5067	155.2074
120.1586	98.2748	387.2144
26.5386	87.1296	397.0209
91.0362	75.6672	209.2419
131.4806	115.6489	382.9036
110.1478	16.6705	318.2988
75.6439	114.3119	100.6263
39.6726	128.0744	55.9534
157.1238	81.5943	147.1597
88.0356	45.5066	258.7166
16.8133	28.4208	40.6451
128.0227	58.8655	511.0927
100.7555	37.3492	256.2589
97.1070	152.5840	302.3068
118.8406	138.9255	19.4093
110.6226	7.9019	494.8247
129.5490	9.6851	319.5193
149.0110	169.9116	400.1855
124.3100	60.6413	524.5061
36.8322	18.7350	351.3173
15.4247	66.0971	223.6919
173.1257	16.9277	536.5137
64.9148	10.0680	7.9851
113.1896	55.0343	519.5618
65.4132	72.3023	315.5468
0.3228	95.9058	545.1667
96.0835	89.9477	486.2708
172.8720	153.4827	221.6915
96.2093	75.8491	357.2539
155.0135	156.1515	114.5187
71.4005	173.3805	19.1068
134.1575	161.2275	383.0811
117.5077	156.7057	88.1228
151.0742	110.9042	474.2404
61.0708	23.3670	214.5779
23.4689	126.7699	507.0240
113.5720	38.9855	433.6116
70.3824	135.1147	372.7153
95.1655	98.1672	221.8870
32.7997	92.1857	378.4409
17.4528	26.0431	534.8302
101.8594	127.7542	29.8874
98.4926	85.8098	449.2218
64.0120	154.7145	121.5198
135.5477	138.0454	153.1660
80.1777	152.8009	461.0553
153.5582	118.0986	406.8823
18.0437	2.0225	413.0426
60.5717	7.2597	392.2587
38.0105	13.9397	351.5697
172.5632	149.8343	505.4323
15.8831	107.6501	311.1643
151.9896	43.1036	470.2172
156.0650	3.0585	91.9099
9.8005	158.8226	242.5290
94.9264	40.8872	252.2430
133.3169	114.1551	250.7038
171.4398	58.7272	169.1004
62.9873	127.2201	536.5134
119.0759	167.8304	268.0979
8.9130	126.1156	475.7448
84.9404	82.5562	512.6976
109.1953	166.6334	518.5600
37.7985	25.1734	67.6696
166.8789	1.1484	387.8577
29.8054	19.5228	86.0581
103.4828	35.8236	118.7438
101.3796	86.5341	280.0311
151.4788	63.7866	154.2544
91.1256	67.9062	277.8601
20.8614	77.5702	370.9535
20.1728	101.6936	23.6732
170.1166	102.7611	138.8756
157.7647	65.7061	52.9139
134.9907	10.6298	505.0121
5.4391	65.8139	430.3799
21.9794	86.3958	208.2554
59.3601	128.3058	239.0456
8.2257	112.1304	398.0525
85.0065	112.8922	140.0062
109.9487	157.2279	55.4839
102.5960	102.5807	184.6490
82.8294	126.9374	12.9102
103.6038	0.6118	219.7890
11.6230	134.8036	539.7829
56.5306	132.7467	251.3182
1.3762	53.0468	378.3815
43.5312	22.2111	518.6030
161.5655	101.3260	270.5690
14.4046	172.6472	480.7522
75.0859	147.7984	478.0354
0.5521	152.8174	194.8041
45.8232	97.8084	469.9781
96.0440	5.5684	34.9846
149.7046	140.7396	8.0921
80.3131	80.9441	70.8188
116.8084	59.4377	86.7838
174.5857	15.7268	354.4332
8.6765	95.0657	108.9763
0.8270	153.3862	213.6630
22.7079	20.3033	503.5648
64.7001	75.7285	349.3922
94.7324	7.9217	96.9477
144.3363	98.8678	284.0501
61.3223	164.2129	243.5260
96.5164	27.7587	19.5320
8.4829	44.0312	190.3675
151.4112	126.4290	10.5579
155.5069	7.6311	83.2078
9.1905	104.0180	129.9758
112.4211	72.0373	6.8331
171.6458	6.6112	423.7010
108.9208	46.2733	43.6440
94.7093	68.4845	336.9449
159.9107	120.2039	77.6463
30.0644	124.8969	427.8800
92.6384	67.6632	374.3769
3.6411	105.5053	416.1745
120.4064	123.6977	38.3315
51.2690	18.9343	166.0288
127.4072	28.1045	205.8196
136.7652	48.0621	510.4127
4.9186	116.0177	267.5410
62.2720	83.4460	368.2476
128.4900	38.1970	334.3485
67.5383	1.2135	143.0588
46.6763	56.3177	163.7480
104.0184	128.5088	307.1090
119.1822	167.9638	222.5675
105.3004	40.1763	486.4777
73.8677	34.6529	249.7155
88.1286	86.5386	400.9935
117.3158	147.0662	321.6534
78.4285	63.6835	284.9171
131.4663	12.5104	314.9432
88.9751	13.8724	435.3898
31.2410	90.2037	21.4044
9.5158	92.3308	252.4780
18.7397	110.1308	544.6505
136.4912	46.9986	34.5313
17.9321	67.4028	267.8289
128.0121	72.1421	363.6343
19.2342	79.9503	259.3004
113.1122	153.8828	469.6565
172.0223	154.7130	178.6315
159.4241	144.4858	365.4333
92.5490	17.4764	25.5310
41.6209	128.1388	272.5071
90.9507	112.2331	459.3155
12.2902	58.9922	323.4765
88.2031	149.3439	94.9136
174.9743	98.7263	6.3515
78.2153	71.9282	65.9874
118.1814	155.2320	479.2888
9.0093	44.5675	217.8193
126.7409	50.6074	390.5300
51.2029	46.8781	460.5154
119.3119	84.8556	344.4153
118.7110	78.0577	509.7158
90.8063	121.6846	339.7821
87.5422	146.5133	294.0549
0.9531	153.4759	36.6840
30.4590	74.7333	335.4976
123.7113	159.0545	419.7818
5.4947	126.7535	513.5480
82.9583	10.8704	335.8698
60.9875	17.6280	390.8152
100.6829	138.0710	396.7285
125.0548	2.0765	365.0661
52.2491	140.6619	489.3108
117.3236	126.8661	363.1887
127.9843	81.2184	130.7605
0.7146	138.3219	123.2810
10.6069	23.0951	368.6673
16.6603	3.8645	502.8202
161.3936	23.4340	290.8136
151.9219	14.7675	149.5058
40.2982	159.7267	17.1135
153.5858	78.1374	38.7754
19.5929	128.9741	51.8277
139.5864	150.5064	261.2384
65.6154	75.4321	242.0145
23.1160	118.9301	47.3757
132.3184	141.0209	403.6744
67.9044	95.5257	471.6459
134.2822	2.7050	180.7674
88.2793	4.7800	459.1703
116.5226	8.1834	183.4524
115.2617	69.7914	171.6154
175.1482	1.4647	360.8240
128.8593	127.4248	546.8093
30.5865	17.8836	326.1884
57.6540	86.3804	358.2483
12.3039	70.3212	299.2648
9.4719	41.0010	332.5941
13.0667	138.9240	174.9391
25.6216	79.4970	294.7648
95.8856	126.2202	311.0210
0.9129	13.0255	82.4929
131.9011	104.0658	367.0977
0.0655	39.9171	367.4328
88.8375	48.5325	504.5239
23.3007	148.1931	203.4516
171.3506	47.7377	57.2083
148.0973	94.2505	119.3041
16.9425	24.5057	460.7347
36.0149	50.7675	93.0239
89.8780	90.5036	108.9554
111.5521	166.8358	248.7515
90.1923	94.0098	94.4984
56.5791	12.0404	156.7209
51.7849	24.6170	41.5612
35.2921	10.2500	132.9030
142.1240	5.8431	339.0580
132.5405	110.9480	333.7959
134.4240	37.3997	435.6538
164.1907	136.6086	117.6241
107.5398	114.4796	365.5072
131.9212	130.2162	320.8867
144.3401	47.4087	31.1860
141.7574	88.1472	125.6694
66.1743	173.7242	391.6298
2.7474	108.6845	21.1102
130.4414	37.6604	116.7857
82.0890	18.8035	146.1677
140.2701	97.3457	509.8716
63.7661	29.8263	165.5625
25.0718	74.9816	30.5552
39.7222	116.4106	41.0896
101.3702	118.1930	199.4250
166.0609	60.0114	38.4120
151.2990	113.4059	63.1493
58.8684	63.1236	21.6978
122.0463	40.7363	431.5185
54.9607	42.4826	251.3968
15.6388	98.8802	251.2974
5.8380	65.5893	78.6587
57.3920	144.6245	351.1646
114.7336	50.8863	383.8888
57.1024	169.2739	49.9488
170.5876	131.3166	354.2645
47.2189	90.3743	323.1826
10.4567	135.4490	498.6786
84.8544	151.2046	205.2285
34.5009	148.0499	415.2213
136.6226	144.3403	170.9359
52.5779	55.2718	173.9269
45.8026	97.0981	147.5473
31.9817	11.3946	230.7888
119.3912	44.3123	288.4177
116.9998	166.9856	243.6868
101.6932	152.9274	10.9144
173.1896	70.3740	323.2653
110.8195	56.4117	178.1355
93.9625	93.0260	103.9317
153.2693	99.1280	140.8416
138.1574	21.1948	431.7477
77.8381	67.6115	218.1558
66.5070	148.0013	322.9170
136.3448	51.2216	304.4612
24.7428	84.3362	182.0185
161.5603	47.8942	64.1628
111.7664	24.5148	72.6384
154.3234	18.2789	312.8464
114.0816	6.3667	201.9094
119.1986	146.6847	79.8444
51.0252	46.9222	17.2512
48.6645	124.3273	489.3167
172.0903	89.2711	400.0029
52.7026	4.4997	251.2253
108.2106	81.6950	192.7538
33.4960	45.2979	336.8435
135.6669	48.5790	532.5253
68.8459	88.7837	501.0293
48.0298	137.5498	252.3002
148.2900	91.7396	167.5566
62.0844	154.1195	544.1135
65.3322	156.9786	50.1101
130.3259	130.4853	379.1813
139.1154	9.6382	311.6350
114.7590	109.1353	22.1841
7.6467	88.8606	199.4938
63.2999	93.5784	261.6648
67.6129	156.3188	74.4966
81.3268	161.8161	109.2927
21.7591	17.9536	333.1027
40.1999	157.3476	203.2338
51.8617	38.0390	163.6632
170.2031	130.9690	318.4315
32.5537	124.1635	547.8342
76.7387	100.6035	17.5287
107.4391	139.1935	404.5688
93.2725	40.4372	9.9824
11.1724	22.4278	536.4746
9.3096	94.9063	189.3916
13.6492	92.9509	287.3882
53.9246	162.2685	215.4279
145.2031	108.7777	358.2748
79.9326	9.7447	63.3812
139.7691	51.6404	102.9788
13.4571	137.8644	267.0829
15.4611	90.6427	85.1600
39.9200	16.9117	98.7060
61.9498	132.6313	366.8777
79.6629	168.7403	532.0801
40.9538	152.9135	380.1578
164.6799	165.8401	11.1111
150.1668	12.2196	340.2975
128.4298	101.0716	216.2218
173.0074	149.0329	1.8299
107.4306	80.6691	149.7692
166.9875	28.9431	96.1308
81.3796	50.5262	407.3843
167.7805	86.7073	511.6367
153.1138	19.5821	4.8120
56.2493	28.8894	238.4656
1.7002	50.9668	2.7626
55.7155	115.0472	21.7337
72.0622	143.9195	47.0291
83.2335	41.9675	420.6232
85.0894	100.4491	190.6975
164.8207	13.5730	339.0610
24.2537	171.7069	421.1137
50.3542	12.7161	78.4443
106.2286	104.9349	397.6001
66.9897	125.6573	370.4953
123.0569	22.1787	290.1495
169.9679	59.4734	373.2018
157.1552	79.4285	441.9674
124.6228	15.6293	293.4110
10.7185	27.9617	258.5105
105.1002	128.2569	102.3134
93.3942	136.4492	203.7889
22.8734	4.5781	362.3874
68.7994	42.2429	62.5806
37.3748	66.6204	135.5066
94.8526	80.1292	371.0470
5.5711	120.6346	392.9679
139.6571	24.3356	89.4768
163.2623	121.8400	10.8615
121.3161	32.5039	418.8789
38.5642	136.5363	208.6080
75.6424	81.5549	132.2793
36.6241	74.2962	48.4169
26.9525	172.2320	399.1698
151.5282	107.4446	332.2922
115.6431	98.5097	268.8928
109.1171	63.5207	28.0601
174.6841	143.2769	539.4554
78.6030	24.4273	428.7952
158.7300	72.0864	75.1928
103.0732	17.2701	131.2692
9.4770	10.4235	57.7755
38.8469	67.3847	42.2905
25.0191	164.2948	460.8242
120.0679	142.5272	254.6295
65.9956	122.4702	399.6315
121.3420	113.8273	399.1991
136.3405	97.1171	173.7120
82.4133	82.9396	268.7930
36.4048	100.4947	318.7095
158.6426	1.5245	63.3591
107.2204	161.4129	39.2659
71.5006	22.5074	368.5632
164.5949	69.9164	221.5552
35.7142	48.2297	8.2248
0.3036	147.8170	207.4114
100.3168	62.1157	285.2729
69.6144	34.8824	61.8486
42.5955	75.5664	396.9168
58.9664	90.7712	308.7829
149.6399	92.7879	370.9722
158.7008	5.2323	77.0766
23.0753	103.1103	44.7891
175.0035	100.0712	425.1240
27.9698	130.4677	241.2849
97.1050	23.5782	170.4848
115.8493	118.5611	67.0455
137.7141	62.5701	357.7337
104.6732	26.7650	143.2326
81.4374	49.8988	353.4860
73.3749	113.0982	392.3957
152.2764	125.0985	294.2216
6.5595	138.7606	470.5927
19.2130	58.1804	68.7960
43.2254	80.8064	113.8219
102.8100	7.6868	193.2581
70.3709	134.2960	507.1169
127.8380	86.7167	175.6447
120.3115	126.4701	533.5310
69.6426	41.1526	201.3340
160.0742	99.8858	227.5874
165.2762	49.7769	0.3235
163.6734	119.0269	207.1635
40.1915	13.5072	131.7741
112.4522	138.0076	325.6528
129.4693	60.1209	243.7487
24.2995	153.5063	227.6230
146.2654	22.9973	456.4395
135.9384	136.9623	310.2268
92.4218	30.4806	137.7086
112.5994	152.9420	136.2820
156.4271	13.6766	377.8827
75.0093	160.3011	436.5691
19.1442	11.0099	205.0350
21.0489	145.8431	460.5269
104.9654	174.2394	80.9098
136.9870	156.3254	522.8366
43.6282	4.0605	25.4355
53.6516	88.4024	421.9455
14.4115	98.7051	313.0437
8.6475	89.5260	143.9804
33.9223	151.4300	384.3158
116.7238	121.4607	72.2145
34.0462	155.2524	432.8093
104.6231	163.1371	179.3249
43.1439	7.0859	276.9135
134.3932	92.2426	88.7951
83.8147	33.8092	79.6200
125.4043	115.3396	129.1174
115.3098	9.4473	93.7410
108.1665	168.0839	242.9837
0.7079	132.1338	67.2737
83.0892	79.8958	512.4989
128.4764	38.3056	233.3913
151.9543	100.9993	84.9541
95.2792	60.4738	139.0185
110.9467	124.3153	410.5039
70.0606	171.1015	414.1535
160.2277	133.3838	50.1177
27.5887	69.8471	436.8050
46.9332	94.9173	272.2413
109.9383	124.2025	7.8249
165.1093	71.9211	339.5647
4.9549	55.9651	68.5779
136.4063	44.0312	515.3032
56.1032	40.8805	457.1709
121.0997	132.7233	320.8327
85.7255	172.7127	85.0435
68.8412	114.7026	483.9273
41.4702	53.8427	244.3019
42.6719	73.6808	494.4946
86.0379	44.2766	49.5699
104.2523	10.8352	141.7286
90.9685	43.9171	390.8241
133.8913	77.8778	71.6271
17.9227	22.2980	530.4571
84.2697	141.0899	253.9259
45.8595	3.7424	244.5747
161.1046	142.8949	205.2969
83.2373	3.8703	60.6873
52.5293	168.1833	142.5565
144.4195	169.9510	326.8043
2.8611	58.3176	242.0622
59.5384	130.2645	264.8936
48.6270	163.4561	97.4019
160.0156	108.7100	325.0528
56.8624	108.8649	446.4357
159.0060	51.8181	227.6225
144.6941	19.6547	473.3793
59.4823	132.0997	477.5021
15.9432	163.0705	495.4226
9.0649	23.3729	216.1038
25.1772	136.2180	537.2546
133.0349	141.9333	274.0932
120.4137	140.5626	157.1785
99.6437	150.0003	134.3476
70.1189	0.3823	35.5021
120.1912	6.1230	280.7152
75.9163	95.1136	425.3131
62.7937	0.1823	313.4503
79.3282	90.3085	246.1173
131.6245	168.1397	141.6633
143.3087	132.6111	280.6952
11.7350	85.5572	82.7340
157.4648	100.9626	202.8746
175.0217	0.1030	138.9548
102.4015	90.7355	534.9174
128.2459	154.2483	444.3971
25.8159	104.6533	278.6311
88.6418	129.3860	460.5247
142.5755	170.7481	1.4291
91.0935	88.8725	143.3455
167.0916	161.8073	75.7481
162.2587	140.5507	319.6631
109.4335	107.8874	305.0263
137.4528	54.5789	506.2893
160.2999	31.0379	101.7022
171.5857	87.1727	362.6367
127.0793	160.4524	452.4694
112.3082	125.3418	372.2643
14.3065	81.8046	228.5286
71.0908	119.1392	316.4036
76.6101	44.7072	223.9361
139.3474	136.8652	468.0282
40.3031	58.8857	184.8502
39.2025	128.3362	25.9426
147.3691	85.1625	154.7516
66.5809	26.1935	486.6620
109.0787	15.9847	125.1666
60.2028	38.9658	490.8620
87.9930	133.5449	6.2038
144.1814	24.2205	524.6738
8.3385	66.3285	240.9980
160.0530	95.5051	328.9302
34.4883	88.2275	94.5421
133.1987	173.9675	321.8397
154.3879	15.1076	443.6979
91.3807	110.9936	539.2649
37.7558	63.2363	411.6731
170.6450	73.1420	36.2298
59.2618	110.3940	60.6570
124.5708	91.7488	354.0977
99.9222	11.6022	345.7255
106.9091	128.5605	357.2276
146.6042	154.3925	452.3267
85.8377	28.2190	431.2349
71.8768	172.7075	319.0513
96.1323	68.8485	252.1105
137.8778	161.8777	359.5300
58.9261	123.8300	532.0507
166.3667	85.5003	147.2779
168.7542	106.7963	54.3679
23.2260	121.2902	31.9795
8.2878	33.0338	410.6856
139.4822	173.1314	475.6731
33.0298	133.1481	308.6046
37.3450	75.7358	491.0337
23.3697	115.4148	313.9603
20.2688	32.5398	30.9280
74.7705	40.6321	280.7081
55.8595	133.3727	288.3234
75.0320	171.9603	406.7766
96.7212	40.1687	298.1133
48.1415	20.0070	94.6303
10.4726	109.8396	135.6533
96.1217	119.8781	346.7965
59.7222	145.9071	246.3342
174.2383	75.0220	104.6974
96.0481	123.1439	250.2658
20.4310	42.6800	89.7463
103.3028	87.3997	49.4261
98.9099	162.8052	378.6066
105.7278	33.7985	20.3485
75.1621	12.5128	344.3812
58.8348	116.4778	469.7202
23.8173	155.3476	469.5086
50.9190	167.6252	166.3159
16.8481	30.4880	464.2706
42.9138	49.5219	59.8821
19.9182	16.0527	434.1190
143.7645	165.4376	303.3020
61.5821	36.5065	185.2758
69.3887	49.1243	518.6325
135.4155	47.1639	284.8481
171.9313	131.4351	227.0478
29.7841	128.6768	468.2248
156.4230	47.2035	25.9106
46.6862	113.8474	52.2523
71.1707	64.8112	237.3631
115.7875	67.0776	418.2729
94.6520	133.7313	340.7129
138.6398	169.3126	488.8359
168.2974	151.7267	530.4804
162.1312	62.7784	300.6043
162.3781	49.3078	371.2392
85.9957	49.0087	440.2267
12.3179	72.6072	243.1196
127.6843	124.9904	481.3214
84.5698	72.7838	266.8994
169.0681	53.8383	498.3907
151.6712	42.9069	116.4588
149.1060	105.9984	174.8730
148.8535	73.6571	491.8438
53.2702	96.1576	143.2796
16.4543	143.0986	2.6726
38.1704	44.9674	23.3402
109.6539	36.3657	24.0863
69.3124	111.8077	129.5420
13.7370	39.0356	43.3429
174.7645	134.8854	521.3470
56.1297	155.1613	185.3852
1.9705	27.9962	315.2767
127.8982	18.1887	190.4466
147.7760	134.1106	50.8482
39.2938	152.4400	41.0969
92.8255	68.8927	258.5841
112.4159	96.5178	514.9451
49.1832	58.0708	470.9807
72.8358	128.5107	403.1449
130.7798	170.8435	243.2850
106.2173	119.6069	33.4609
79.3484	107.5360	378.6563
61.0748	131.3806	264.2195
20.2063	143.0299	292.3928
8.7947	120.7154	485.1400
11.9163	21.2487	347.8734
102.1359	115.0591	26.7667
119.0037	120.2880	521.8401
166.4267	100.5561	516.8277
136.7702	50.3125	330.9234
3.3929	118.0441	395.9863
163.1599	5.6194	305.3438
15.5369	107.2119	234.8278
97.5123	10.1208	231.5462
32.6533	123.8118	68.3500
169.0955	20.9895	500.1870
33.4364	158.3470	284.6739
161.6367	80.4344	352.8470
105.1953	18.3757	270.1457
0.0037	69.8061	31.2766
146.9692	53.8202	243.2435
150.6730	103.1184	235.3343
159.0670	166.9362	500.1885
152.8038	17.2087	432.0607
34.1243	134.6278	463.5749
120.7157	57.7890	58.3428
122.8385	41.1568	126.9941
91.4790	106.4708	174.7145
67.5395	121.2347	392.3197
96.9095	75.9322	3.0542
73.4875	167.6032	238.3547
35.7614	59.1150	296.2539
132.1883	127.7584	237.8715
79.8002	63.8170	171.2317
119.2211	149.8696	116.6748
133.4222	55.7212	473.3449
6.7225	102.5160	411.1567
147.3106	42.7412	26.5516
89.0666	150.9793	203.7025
53.2543	134.1868	249.1010
100.0020	29.3444	7.5497
39.9745	99.0839	291.7536
170.6334	165.0784	238.4451
40.9291	102.7544	323.2127
39.9985	138.1190	498.3970
146.4201	7.0068	332.0095
93.6665	41.7907	531.8879
138.2627	7.7900	293.4335
110.1538	105.0299	506.7204
30.9969	161.9587	477.9014
90.6609	164.1357	402.9702
3.6597	15.9885	169.5409
5.9893	129.9095	379.1240
77.6768	71.2726	443.0472
33.1766	147.3776	114.0769
57.1977	138.7262	54.3015
21.8905	106.9764	243.8125
142.0809	109.7228	171.5109
112.4076	147.2931	141.2291
153.9039	156.9900	330.1461
28.6328	160.7416	498.0180
159.2779	140.4078	538.4967
118.9973	99.2282	139.7909
53.1100	26.9174	108.7032
15.1623	2.8270	498.7381
53.4160	81.2879	423.3245
121.0376	117.7313	124.7218
125.8485	21.8778	61.3600
1.0135	102.0878	541.9559
45.7313	16.2240	148.8962
154.3036	123.7827	113.9427
43.1054	90.4718	206.1901
70.9645	145.5485	464.4618
16.3380	17.1206	94.0480
14.2016	157.1572	407.0837
124.0972	130.9619	43.6077
172.5398	118.0345	57.1269
102.7069	142.2725	25.0872
12.3195	125.1445	503.0153
64.5998	97.0542	259.9503
37.9878	109.5994	103.7488
99.2485	69.7028	175.4050
153.7140	58.9015	431.9320
158.3601	130.2639	369.9202
130.3666	12.2179	178.3360
168.2004	88.7611	130.0024
90.1839	36.1408	213.4640
20.8556	96.0554	110.4049
111.2273	125.0063	241.3242
36.8159	63.6904	220.5100
9.0199	147.3178	46.1405
122.8439	145.8471	136.0005
31.0659	122.9810	362.6515
49.4556	59.5021	458.1022
5.3223	60.2730	324.0539
28.2674	61.4654	395.7418
0.0120	151.2008	144.9621
65.4784	118.4690	306.1984
83.5763	38.2114	138.8869
48.1533	8.7166	422.1212
16.0586	31.0789	116.4653
74.9362	40.6533	340.1134
18.6976	15.1172	281.6194
150.2804	83.3807	318.1478
163.0084	131.1703	464.5034
74.1915	1.5609	194.4800
50.1468	130.3247	533.4393
37.4811	40.1996	59.3391
132.0781	132.7148	186.2495
116.5113	65.2315	159.7435
119.5165	137.8364	468.7741
99.5973	36.1998	111.7092
158.9237	88.5338	161.7092
14.4182	152.2464	384.3203
87.9594	52.7780	81.1109
149.3536	49.5259	531.9404
171.6894	66.6106	102.8810
113.1317	98.2950	224.0478
146.4806	167.9220	417.6389
5.5145	63.0663	0.1791
147.8238	160.5743	189.5314
72.6564	142.7613	161.6574
18.4490	127.5239	59.5666
22.2157	28.4806	218.5112
32.7807	92.3472	506.7653
15.0304	15.8605	88.6168
14.6048	24.6541	117.1444
152.4768	56.8114	305.4868
83.0171	146.4826	380.5819
63.5619	150.7019	547.1512
170.4575	52.5116	241.9240
158.8350	20.1984	416.0703
38.3895	91.7296	270.3532
28.1992	87.3593	78.3405
2.2114	84.9034	132.1983
36.5599	109.9224	173.2660
165.2287	168.9820	66.4604
166.3612	147.1116	111.9108
154.1550	35.3961	290.6365
36.4738	151.4877	180.9504
23.6732	41.1872	87.0995
21.1724	130.8525	334.4707
47.6903	12.6891	69.3106
100.5683	148.2886	534.2677
160.8668	14.1315	446.0399
165.2013	41.1078	293.5967
119.8536	109.3327	230.7285
148.8650	164.2705	516.1296
44.0550	114.8044	439.1384
61.9931	107.5001	466.5513
19.3372	111.2817	181.4673
167.3256	90.8631	236.6658
49.3806	89.3742	317.6314
31.6515	172.9165	133.3443
76.6601	164.7913	360.5807
5.1816	118.1488	296.4277
170.9163	66.6763	46.3364
88.1345	8.7479	395.9554
167.1640	103.4265	399.8563
22.2277	50.1970	37.1647
8.5652	77.2732	115.3254
102.9089	38.5678	65.3042
29.1215	32.6991	488.9131
168.8441	139.5909	63.5308
83.5162	166.3402	364.1699
102.2052	128.2700	448.6311
89.0295	70.1956	250.6874
97.3520	47.9894	447.8047
27.8884	150.5734	502.3710
165.2125	38.8335	178.2798
145.7489	40.5148	129.4747
139.0603	95.1532	423.3352
28.6097	82.2116	124.5782
89.3060	1.2925	226.0893
69.7965	45.4047	485.1998
149.2193	45.2459	150.7386
98.6227	192.4512	460.1000
84.3022	31.9698	290.2248
105.6641	49.5145	39.0135
21.4631	0.5959	233.7361
79.9073	171.8107	384.9865
20.8916	103.4425	292.3975
64.9842	58.8801	267.5067
125.4475	81.6280	288.7486
36.7336	14.6839	524.3698
160.9707	23.3370	539.6969
109.9831	110.2940	150.6951
142.6681	93.2886	331.8977
113.7475	153.4823	298.8968
16.7058	120.7171	458.5813
60.3176	124.1247	357.1643
135.5093	10.3565	476.8777
98.4465	35.5063	130.6606
94.0866	56.4836	330.2710
36.5594	72.7645	16.1205
164.2411	167.7747	57.4517
16.4744	67.9728	228.5377
144.3064	55.5015	86.2339
24.9654	94.2344	21.8978
82.3318	40.7170	214.2049
4.1752	145.3082	441.4223
87.1776	73.9602	302.2583
110.2691	141.4247	342.9117
122.9442	162.3685	369.5134
109.4528	134.1088	362.4347
31.6130	54.8513	231.9698
126.3772	147.7890	334.4800
124.2443	12.4508	369.2879
151.3128	153.0556	331.3610
52.4469	126.2695	495.2954
133.5361	5.5980	513.4772
166.0537	141.6828	269.4859
120.8490	122.8446	175.2272
98.7361	3.9693	501.5855
75.4133	83.4588	104.9059
77.0709	61.2023	525.1056
155.3176	87.2357	142.3653
73.2328	4.3703	435.4951
170.4698	3.4375	184.5418
7.6468	152.7457	294.4316
138.9416	144.6986	482.3603
159.4494	120.3524	301.1902
136.7251	166.6196	196.8283
81.6703	166.2191	403.2888
105.2411	79.8296	79.9127
147.7813	138.8061	526.7814
61.7645	5.3979	120.3718
71.1267	133.6967	53.3505
157.6768	4.9365	312.8099
103.7635	59.4070	523.1899
0.3189	20.2001	287.4221
12.9564	158.6049	489.2364
131.8783	36.2277	19.9724
155.4347	169.9458	422.0389
8.7942	58.3278	260.6930
22.9564	127.3259	292.6850
22.2811	155.7930	272.8973
132.4347	139.3590	414.4458
166.7919	50.7986	251.3544
104.4262	62.2605	335.6885
130.5156	64.9748	459.8832
52.3776	28.2146	144.5441
168.6775	107.4829	354.0398
83.3726	34.1210	23.1658
151.6338	145.8163	339.7888
126.5013	92.1008	120.6444
26.4977	141.0373	197.3461
75.9046	117.5158	284.6851
83.9831	46.8202	377.3545
153.3686	80.0704	186.5540
38.4924	125.7438	261.5727
3.8363	146.7765	433.9186
29.5532	85.4789	136.4473
9.1553	47.1676	326.5420
96.2500	25.6932	144.2518
90.0677	56.1028	297.0542
108.7429	171.4927	29.6519
129.5605	49.6478	438.4464
140.1253	72.8187	71.0352
74.7324	146.3541	320.3995
117.6350	3.2364	212.9457
87.6177	23.8462	399.4989
46.8645	59.3589	106.3230
84.9755	118.6723	153.3392
123.0663	46.4505	67.1278
65.1510	139.3688	300.2645
23.5558	14.3431	497.5426
134.3971	173.6646	215.2955
75.8837	111.3898	2.8722
119.2962	43.3518	258.0680
109.7661	37.6173	111.1576
96.7259	7.7188	178.8554
3.8956	50.5850	543.9077
120.0926	8.9092	180.1141
104.6272	146.1875	217.5414
127.9069	81.2002	77.9473
45.0335	169.5698	545.2781
75.2343	51.0716	314.0552
124.2262	163.3824	479.6728
16.0552	171.5398	50.3504
64.2927	25.1931	116.1125
39.9954	3.3082	39.8738
64.3695	152.3452	301.1718
123.6987	173.2976	257.9367
145.0098	2.0581	339.5534
113.2472	172.1281	165.6972
175.2193	25.1425	278.3583
163.9658	152.2968	36.9093
43.1869	48.3239	28.5360
60.1369	7.5596	419.2902
106.7087	35.8187	230.5695
163.1759	53.8365	486.3117
20.4206	118.3260	207.9137
13.5272	0.4446	483.6526
122.1156	80.4621	289.4613
59.0148	88.8237	146.8646
4.3202	17.9708	131.0159
5.6408	155.7261	266.3094
29.3723	20.4892	534.9924
10.6959	95.9173	205.3250
126.8723	17.0511	64.2544
1.4425	29.9122	140.9125
155.3734	29.8664	268.0550
14.5328	133.3536	445.3544
131.2371	80.7401	194.1380
2.6830	75.6874	321.3032
56.3519	141.8306	133.5121
58.0842	62.1316	364.5866
84.5051	115.8853	533.7147
161.3253	22.8136	98.7160
54.3409	30.0722	219.5456
9.4220	120.5816	286.2168
43.0327	55.6303	115.9435
172.9907	25.7777	96.4868
139.4383	22.7790	469.7747
136.7390	8.1833	50.2349
164.8243	2.2897	237.9854
86.7831	96.0340	307.0467
156.5701	29.0131	203.8966
150.0815	143.7150	67.8909
5.1515	29.8463	368.2975
123.2704	156.3228	31.1651
107.9755	74.0377	237.1235
85.8083	145.9419	55.6103
85.2095	31.8002	25.5424
130.4664	99.5590	375.7514
38.3339	15.8236	204.4309
42.2979	3.1458	83.3891
147.9342	155.2517	73.5905
2.0588	172.4976	241.0171
108.2920	115.4960	410.6305
27.6649	35.6497	41.8702
136.6549	78.5419	186.6512
112.2836	11.8100	268.2018
45.1642	163.5292	290.5276
136.1179	32.7016	337.2967
48.2861	58.5260	20.9164
166.9825	29.7109	529.9361
90.1269	81.7108	164.0099
32.8037	53.2701	47.0275
67.9003	167.7216	302.4223
32.7679	150.2518	224.0287
154.6374	152.7749	271.6039
57.2147	139.7442	40.9440
142.8868	102.3310	447.2784
168.5884	158.4399	102.9614
118.5254	127.4170	219.8726
82.2743	118.9582	360.6027
87.3904	66.3068	264.3460
5.8314	43.5797	214.6209
16.3524	133.2706	169.6739
115.9245	104.6520	23.1446
23.0545	114.0561	470.6052
135.4595	125.8238	233.3044
164.2975	62.2983	62.9423
146.4298	57.2994	530.2472
4.8825	155.9019	397.2668
122.9370	157.3600	170.1245
22.3893	100.6422	56.6164
41.8762	54.8630	184.7340
0.7888	136.5418	335.1274
111.5629	111.1453	426.2087
127.8798	32.6560	183.7896
113.8663	57.5161	499.2877
78.9938	50.4314	294.5971
127.9888	152.9501	253.1920
37.9388	40.4349	211.9481
84.1137	138.1665	475.7496
76.1348	130.3565	103.9342
162.0356	12.1751	383.4534
25.5215	125.1964	505.3988
125.2298	153.1828	122.0385
0.1222	132.5857	59.0004
132.0854	142.8983	426.5167
26.2054	13.9925	443.1623
120.1685	104.6690	486.4749
101.9878	120.0801	540.4704
82.3432	81.5538	267.6886
138.5364	54.7268	349.5277
155.7924	174.1163	424.3454
164.0513	147.0197	224.1947
132.9255	12.5257	189.3883
28.4038	161.8281	376.2409
18.3339	29.7414	515.4802
149.7990	28.2321	286.7788
49.0999	154.9010	191.0838
66.6025	109.1961	192.9822
123.9280	168.5554	326.1061
175.1063	158.1111	93.9238
82.2305	96.9094	477.4315
92.1792	9.4562	337.3194
33.6058	130.0563	42.1938
9.9681	155.7385	230.7227
82.5089	2.2963	323.0681
171.2919	24.8750	305.6456
41.2824	166.7880	30.7841
145.5633	0.3520	322.7165
116.2408	111.7189	299.5724
118.9776	146.6785	392.9946
91.6784	161.8041	508.2442
9.0925	58.9691	150.9408
11.9407	32.5761	430.2492
79.6914	12.2467	112.8920
4.1494	121.4579	135.5887
160.9153	23.4595	220.6388
140.0238	42.2040	302.9677
164.2129	3.8174	462.3847
152.8241	118.0845	132.5421
113.9509	45.8263	327.3743
7.6648	61.6134	79.6401
7.9568	157.0637	218.1524
105.4180	148.8034	437.0709
73.5986	172.8969	426.7092
14.8544	164.7308	474.6376
57.4991	38.8946	294.8815
149.1992	35.6209	313.2083
50.3901	117.2243	171.8974
50.9814	34.4026	155.6951
144.4032	21.5552	185.8719
126.7602	128.3249	339.4177
165.9543	157.2335	318.9501
158.5393	134.0479	296.2489
39.9188	33.8756	100.6837
49.8848	154.7149	214.7339
5.3567	28.6894	413.5468
106.9005	56.5223	288.4508
97.5662	86.2167	369.5927
159.3814	84.0461	250.3243
56.2742	29.9323	284.6926
80.5877	147.4512	25.2056
98.2959	86.8183	188.0136
27.7059	168.2229	324.7133
147.3759	160.6718	519.4205
145.0691	31.8805	510.9286
152.6016	15.4809	85.5891
146.8373	136.2750	484.1011
12.2335	164.2185	68.2778
53.4627	40.5702	252.3468
33.0164	104.5219	210.9903
65.5026	29.2303	497.7553
12.6936	17.8865	391.9641
11.5985	79.4995	435.9890
30.7615	94.5020	421.7673
97.9801	117.4477	258.7886
155.0833	87.4918	128.4573
12.8613	174.3102	383.4813
141.4325	114.6579	252.8558
170.8416	105.2723	348.6917
124.8848	35.3352	258.4757
39.0259	4.2423	252.2361
47.8233	134.9650	185.4374
159.5158	154.4721	131.1040
62.9267	31.3310	57.5527
41.5781	130.4450	2.4698
77.0806	161.9823	406.3280
127.8722	64.9392	304.3981
125.5853	58.8043	441.7623
42.6161	9.6055	313.6870
110.1420	126.8141	368.4244
168.2696	134.6794	5.5599
22.2898	121.6317	63.8780
36.6775	107.7272	225.9178
56.6048	87.9669	415.1565
116.8383	4.7645	27.9658
62.6418	17.0000	162.8545
28.5670	5.1661	435.9710
131.6934	65.3943	423.7545
168.0930	54.7673	57.6999
156.3298	169.4564	296.7947
78.2130	97.4934	11.2128
21.1448	28.8650	484.6847
120.5284	33.8887	38.2390
137.0810	55.4405	398.2162
133.8666	53.7405	283.7970
127.1702	151.1185	90.6042
10.6682	74.2442	170.6606
146.7943	171.6923	534.0128
71.8045	147.3918	474.3918
49.0877	144.2343	535.5199
24.2494	1.4458	314.7619
22.2724	168.2151	425.7651
13.1961	36.3895	68.4699
68.0399	23.8099	51.8486
92.1939	66.9175	228.1678
2.1464	157.6627	253.5579
51.3565	31.1376	389.1070
161.0882	126.0123	33.2899
38.1860	10.8060	297.0030
91.7384	22.6576	401.8501
170.3343	158.1728	144.7317
174.4272	62.5199	214.4404
65.9068	161.0042	65.0435
74.4453	73.7133	262.8934
131.4038	70.4580	254.3511
42.5546	39.7959	245.4430
37.7379	13.6700	223.3646
77.7273	28.1255	91.8054
108.9683	136.9386	475.9255
10.8026	5.8636	373.0219
142.1065	77.6529	86.4535
38.0724	16.3722	158.7860
11.5276	101.7720	194.4067
51.0044	165.8755	362.2538
71.8240	61.7391	488.7322
85.6929	78.7424	120.6010
130.7828	93.8199	504.3738
155.2304	26.4612	169.8569
110.0899	161.1867	478.0378
79.1857	39.8224	280.6823
130.1285	45.9235	90.9364
8.2849	56.6620	327.4125
60.4497	18.5190	40.6971
18.4974	102.1203	102.6309
46.3897	140.7872	199.1305
21.3015	79.8069	73.8553
63.4809	60.0662	32.7773
32.8830	84.0237	225.1201
113.3452	127.2829	35.2560
82.5114	24.2161	485.5370
41.9007	73.8888	252.7883
81.9350	33.1045	90.1565
169.6328	0.6724	368.8889
173.8341	21.8668	79.1113
122.5662	128.0242	40.8302
108.6409	111.1547	149.7487
50.2003	17.4992	530.5623
34.8716	110.1672	30.0729
80.2491	37.2888	138.9891
15.5341	104.4691	301.7483
4.6112	136.8052	125.0080
95.0502	39.5734	386.3043
113.4798	78.1392	334.2444
164.7172	53.0732	383.2888
168.2498	48.5695	7.4104
112.0489	10.0696	90.8950
77.1099	110.0440	236.0080
122.8437	4.8859	474.1634
141.7518	55.2288	257.3479
38.4191	71.4066	137.8116
69.0629	35.9936	145.9072
114.6507	142.0934	193.1213
126.0468	31.7704	118.6656
108.9543	108.7095	530.9817
3.4722	149.7361	9.0714
37.0419	83.6561	105.3589
75.5560	33.8048	69.0069
131.5045	10.3445	181.5307
39.0531	112.2323	495.3231
35.2550	83.3490	474.4887
125.8682	125.4859	2.6011
124.0759	109.4098	130.6392
72.3633	28.0475	66.4597
7.6212	86.9866	206.0758
12.4051	61.5369	199.5218
55.3334	4.8207	501.9063
87.5338	163.4937	16.5878
120.1197	51.5241	140.1107
60.8035	133.2145	228.0725
145.2685	131.2142	183.8429
16.2826	154.2193	300.0475
82.5021	48.0879	472.0488
41.3648	128.1777	280.8399
128.1198	5.9363	216.0913
89.2438	171.0057	84.3179
84.3985	147.7493	38.3961
6.6105	75.8690	167.7318
172.8164	71.6770	1.5660
168.9827	136.4344	486.3795
76.7201	7.2111	69.5316
11.2558	36.9371	143.0279
36.5205	151.3534	355.5675
155.8673	63.0478	411.3848
114.6531	167.2336	432.9577
41.8176	102.7545	336.4628
116.3993	159.3456	522.4543
116.6886	3.5203	115.8931
78.4030	55.0676	102.0173
33.0526	84.9164	101.0745
129.3751	170.3385	242.7646
102.1818	70.5866	295.7291
143.4338	158.5797	24.1529
62.0781	32.9283	297.5465
43.2068	43.4165	462.2842
141.6985	97.6365	320.6453
17.3206	62.2024	451.0432
6.8074	151.7465	440.4686
150.8337	117.0873	125.4459
70.7593	9.2637	355.5324
137.5875	14.9313	136.5212
143.6326	94.9471	88.9068
77.3405	45.2500	202.6042
130.8360	165.3607	425.7409
150.4711	166.5166	468.4995
30.8059	160.7357	294.1078
126.8289	147.1575	138.0703
169.5360	40.1391	513.3111
145.4981	155.5629	195.3171
2.4691	117.4719	195.2598
73.1949	87.0793	491.7568
140.9865	58.5500	267.4171
73.3167	7.0940	520.5013
170.2174	1.9471	375.3946
143.0578	139.3398	276.8809
160.0310	83.9141	466.0111
153.6441	20.3722	278.5204
170.9691	50.8380	230.8352
166.9874	61.9221	139.4357
66.0202	74.5507	326.8637
38.6459	5.8068	476.7462
56.8918	3.8271	102.8480
71.0946	153.5260	276.0109
44.1409	136.7816	31.5544
2.6140	78.8347	304.3431
149.2278	76.3070	257.7863
31.7633	140.5870	34.6288
90.8855	173.3281	355.7519
110.2716	19.3803	399.1272
19.9686	117.3140	191.3936
80.5912	129.9278	497.2778
99.3072	108.4306	383.4969
111.1618	62.8112	264.7600
34.9348	4.5278	535.1792
36.0503	5.6583	133.4843
126.1186	140.4561	63.4287
158.6135	47.0187	258.0122
50.9197	156.8272	206.5830
24.0732	5.8728	402.5895
4.3877	97.8450	264.5129
22.3266	114.4138	56.1756
123.9874	173.1502	207.3235
129.3953	61.7234	176.6568
74.8571	7.0602	329.0359
143.5912	3.7364	316.3806
34.5383	59.3088	17.6661
93.9806	169.2719	62.6247
97.8722	77.7329	477.6800
11.3443	56.3059	58.6104
131.2191	60.3147	439.6790
64.5050	3.0705	488.0436
122.0515	155.0319	468.4785
17.3170	96.3280	11.6110
1.7170	17.7962	472.3221
15.0785	56.4196	89.8021
96.5331	164.9028	396.8968
171.9164	8.9249	183.6981
169.2326	12.9951	94.3961
52.2369	6.4676	257.3604
122.0413	160.1949	199.3322
153.1725	117.9297	23.0379
123.9759	14.8805	237.7084
42.4264	143.1061	45.0332
35.1163	130.8891	120.5002
56.2136	89.1438	129.7157
172.2643	34.3967	105.8622
112.0904	14.5339	151.9032
126.1090	27.6289	216.0349
103.0257	167.9591	11.0148
118.6578	2.6269	16.6609
48.8346	172.7732	438.6110
58.2565	156.1196	97.2843
131.0418	171.6709	174.0987
111.1546	37.3340	62.1168
83.2440	163.3881	400.5757
127.2512	8.0621	441.1795
59.7689	80.3237	303.1247
129.6289	39.4656	139.6735
169.8287	21.3816	496.2601
105.2181	71.4197	208.1880
76.1963	41.2249	111.7425
52.7911	47.9063	185.1820
152.7182	81.6549	457.0778
23.9167	111.0924	451.6557
132.8949	52.2443	437.2897
40.4912	143.1202	64.5228
87.6410	109.6001	368.3631
16.1782	56.3996	261.3802
14.7773	30.6051	47.2597
111.7124	79.2234	136.6747
138.4110	169.2751	449.6432
154.3831	5.1178	380.4678
85.8283	155.7314	530.3579
166.7024	116.1300	291.9344
140.9988	166.2512	515.8397
73.6756	103.5305	546.9185
55.9734	56.2824	106.0187
22.5500	147.0623	374.5060
151.8038	122.3250	68.7270
67.0695	45.7595	488.7520
120.1811	63.9608	448.6979
49.7319	47.5710	408.8387
159.6803	81.6934	534.8212
173.3405	26.6244	36.8170
51.5210	143.7313	39.4767
29.9597	59.4393	532.1117
75.6264	76.6250	482.4297
43.7783	95.5658	314.6228
138.9886	116.9344	222.3200
29.9735	86.1735	404.1015
19.0214	125.8222	501.6947
66.5697	9.5338	189.2356
142.2144	89.7628	363.1745
14.1889	109.7411	511.6762
124.1860	55.2943	105.3105
85.7542	11.9013	147.9210
19.1885	69.1134	172.9049
111.3104	107.9245	154.4441
2.5590	142.4372	125.5549
152.1428	159.1612	116.1501
99.2431	125.0215	332.9942
150.6103	151.8183	222.8664
42.8781	130.0264	137.7396
19.3330	85.2955	33.6843
92.9375	127.5835	94.4918
135.8667	46.5414	70.1541
120.1914	19.6365	539.7374
127.0340	46.4038	543.6750
36.2508	155.4147	83.0805
112.0948	165.5502	180.6605
161.8123	38.2462	348.0989
125.5082	62.6295	305.1427
13.8627	97.9742	328.0150
38.6507	138.2381	524.5499
78.8181	128.0910	186.2729
111.7012	101.5322	413.0559
127.6427	19.8577	409.1663
30.1495	39.9678	328.4139
47.2505	31.7767	260.2160
50.1522	94.2442	462.3416
126.8653	62.2662	523.8070
105.6982	61.9537	464.8092
101.6964	85.8323	426.2035
79.9587	68.4731	502.9137
27.7650	93.8312	260.2476
132.7914	8.7838	534.6594
145.8835	62.5046	335.2443
87.4385	8.0074	375.0867
32.2094	160.1017	517.8541
96.4749	26.4462	275.7125
22.9651	118.8609	295.5650
102.9961	44.5732	7.9525
10.9718	26.1645	451.0748
61.3039	94.6164	429.1637
40.0667	131.9979	301.1088
52.1223	93.6225	354.8678
167.7961	175.2968	32.3976
33.7339	54.7686	167.7201
26.0410	58.9111	440.7555
138.7531	121.7461	267.7235
1.5583	73.0415	312.6862
144.0100	113.2203	541.5621
102.8964	12.9861	295.0562
63.4163	146.5793	141.6094
50.4665	156.5033	371.6365
80.2585	62.4417	291.1510
18.5133	100.0170	40.9710
154.3416	138.2832	440.9160
94.5081	44.2228	58.1552
31.4879	7.9581	451.2688
132.9454	48.0789	465.2189
104.5113	33.9289	39.8515
53.7642	97.0019	33.2719
37.2569	35.7457	437.2181
5.4777	100.1410	45.4890
132.6258	167.5937	336.0075
17.6467	25.8250	501.8457
20.3669	92.5879	64.1425
107.1334	103.2420	47.8239
150.9981	138.5994	161.3804
144.6386	62.7482	37.1439
72.7653	121.3728	35.0142
7.1905	154.5655	213.2796
174.7613	65.0286	334.5083
130.2115	34.5825	355.6211
35.5315	149.2950	518.5810
38.4032	141.5803	112.6841
116.1575	150.1430	5.5965
28.4198	47.5564	224.4199
131.4238	20.7415	134.8171
64.7832	96.3550	397.4704
142.9601	98.1974	312.3114
52.6111	161.4362	192.0463
20.4095	72.4997	210.3315
84.4037	171.5461	66.1498
17.8979	169.5994	133.0166
173.3197	81.9093	85.4570
47.9446	64.2272	362.8376
137.1744	102.8997	296.5406
22.2893	114.3192	166.0232
54.8140	117.3857	20.8358
165.7226	14.8874	379.5103
159.0954	121.2175	440.0616
2.6489	26.8853	405.3631
55.0221	129.8430	323.4862
40.0267	117.2485	479.0389
162.5419	80.5126	196.3081
84.8540	108.4613	231.4487
103.7132	164.5599	11.5644
151.9896	128.2689	249.7989
106.3465	172.6695	244.0126
14.8102	13.4306	67.3976
151.5190	61.6112	47.0755
143.3933	82.8915	57.7749
133.4267	68.3599	62.1752
77.4962	161.5832	86.6045
52.0543	82.8738	465.1150
98.5313	151.2525	20.1831
121.9717	100.9487	495.1561
112.6450	39.2469	183.1476
23.2896	126.4072	129.1710
17.8591	56.6035	44.6221
171.1714	89.1123	4.1670
62.5682	82.1739	445.9759
167.3728	12.4435	121.1960
11.8018	170.4449	58.9215
52.8611	119.8116	265.8704
100.2394	93.1876	229.2886
100.8132	97.3533	512.1708
114.0046	157.5787	116.0708
154.8294	99.5196	391.5618
31.2023	132.0651	495.8002
123.2815	143.7081	516.3905
138.3455	147.9260	432.6203
157.4246	137.8044	301.9648
23.7922	166.3629	378.8284
0.7351	23.2136	201.6716
68.0396	166.4186	357.0605
132.0896	97.2368	33.1340
102.5880	121.7707	214.1267
84.9042	76.1200	526.9909
31.4593	167.0965	29.5797
59.9999	24.5404	174.0987
138.1570	9.3070	524.2941
87.9719	114.8020	198.9892
128.8155	86.7122	77.7844
55.3859	124.6407	14.2829
100.7863	158.3180	241.6355
110.5931	172.8892	43.1624
20.7478	104.0733	62.9847
122.5063	64.6643	505.3922
116.2983	138.1807	42.6640
153.8344	84.0836	88.3787
66.5027	94.9703	460.1891
166.6506	16.7044	192.4860
123.3449	12.2047	381.7045
162.9563	111.6918	353.3135
49.4819	30.2706	60.0532
16.4695	171.1481	490.6449
83.4695	148.2706	510.2734
73.8757	113.4472	120.3799
99.5708	147.1480	501.2187
166.1015	130.9755	479.1965
120.7592	157.2739	34.0463
123.1803	27.3872	545.8703
29.6646	138.0021	42.0986
51.1415	119.8262	21.4024
170.8383	26.0183	466.9236
136.8720	140.6771	511.3312
9.7664	11.4063	19.3131
168.8030	48.1076	539.1076
122.5341	114.6622	313.5233
68.1639	124.2511	380.6120
149.6102	3.3693	507.4378
84.4286	172.8888	377.0029
154.6508	106.7673	131.9071
29.7389	67.1581	425.1781
92.5637	43.7878	88.8252
86.4388	85.2472	184.2452
74.6810	49.8247	193.0109
20.9013	151.4110	498.2536
54.8725	40.2446	143.8014
47.7912	146.3884	422.1782
39.5225	110.2785	108.5758
121.4694	37.0062	190.2882
59.5784	39.9357	68.5548
25.3643	16.2805	400.7976
52.1132	43.6012	253.5428
60.6724	12.9682	280.7557
69.6687	128.3325	153.8225
70.5126	14.1614	144.7563
146.2577	87.6124	77.1919
128.5534	29.9606	169.1177
30.8173	127.3441	520.2648
172.7430	94.5852	241.8447
144.1480	95.1386	498.5772
165.7814	134.9345	514.4841
60.0594	73.7825	357.4089
161.6864	98.9580	53.3366
135.4049	30.7819	369.8731
3.4092	136.4185	128.5326
88.5518	121.9164	417.0763
117.3521	56.1443	13.1554
63.0134	25.4958	129.7079
128.4653	99.9920	38.3340
31.7039	144.9587	110.2994
24.0116	146.4487	120.2243
23.1868	118.3985	45.1064
146.5592	49.8471	264.8866
61.4050	63.1485	485.8955
122.8730	107.0043	102.7116
10.4239	57.3955	42.7940
26.8776	85.8754	190.1713
51.2802	125.1207	494.2735
116.9674	33.3697	20.8673
153.5525	94.5165	492.9712
72.7812	46.0505	182.2973
100.6910	97.6428	208.4795
134.4237	166.2898	189.8011
93.2436	99.4059	150.3769
119.1150	45.3647	253.4678
86.5557	51.3645	520.2520
153.5991	17.7087	456.3551
174.4308	40.3456	369.7785
169.1737	75.0587	223.2139
163.9898	116.6135	311.8579
85.5617	53.7328	314.6716
42.3652	88.1966	265.7666
132.8090	129.0392	138.8449
142.9628	38.9496	81.9302
106.8858	131.9516	303.2824
112.3392	112.1859	31.7088
173.6917	126.0199	69.7494
42.7735	80.9097	107.2922
16.7389	164.9910	368.2394
169.3712	92.6477	387.4624
157.0808	114.8203	501.6691
84.6626	40.5819	218.1919
25.8756	116.0174	67.2059
72.7359	84.2193	22.9936
117.8268	80.5197	155.1155
35.1871	141.4752	103.6678
5.0389	53.5808	324.5643
130.8730	168.9220	409.3308
169.6205	112.4887	432.4523
110.1464	78.2147	297.9758
61.4086	53.8600	116.0967
135.9419	156.6754	508.5436
169.5258	169.9840	334.1376
137.8354	38.4957	330.9872
39.2903	67.0014	411.6246
128.3764	125.9801	166.2373
49.2182	60.0195	343.6794
158.8212	87.6886	18.3482
131.5112	85.7635	43.7156
75.5928	168.7141	257.3056
80.6730	96.4945	409.4320
110.3611	126.1740	439.9129
35.5267	47.4126	393.4660
12.5853	104.9603	30.6601
9.9347	19.0450	246.2665
71.8091	11.7235	179.4500
60.6025	51.5034	266.6618
140.3729	167.2922	446.2113
20.6664	76.5366	78.4160
9.9298	92.5172	177.1043
31.2017	51.7653	128.7370
166.1427	84.9688	169.8928
156.9824	107.7707	306.5688
71.1428	134.5054	444.3613
47.6400	92.8152	499.4426
168.2606	69.2896	170.4078
68.8493	148.0007	194.2189
115.6931	5.7371	284.8403
98.5980	120.1697	187.2937
4.2703	22.0597	513.8869
137.9892	111.2624	59.0793
172.7258	138.8266	402.0804
93.1326	109.0959	505.3734
80.7382	83.0608	367.7704
32.7731	164.6937	76.3404
20.1426	132.9787	171.1107
14.2809	102.2068	414.7313
9.5990	58.3461	214.2333
31.5046	154.8106	275.6490
148.6296	124.1233	136.0774
83.7530	147.7539	150.9449
153.9376	105.7419	20.2243
92.4276	127.6741	33.1418
111.1297	50.6027	281.1767
11.5180	130.2420	401.5154
134.0881	26.4937	258.9513
72.8521	58.3222	283.1049
24.4401	105.9161	180.8142
69.0937	82.8747	164.8679
173.4806	35.0077	128.8048
156.2766	77.1911	220.6905
139.0326	60.1102	355.6060
32.4387	31.9034	158.6704
101.1712	132.7231	372.5221
169.6667	43.2843	363.4192
35.2532	52.1556	27.6990
17.7395	53.6247	329.7073
52.2893	96.6480	343.2479
25.2877	61.3060	169.2079
4.3560	150.1790	18.5328
28.6785	100.2979	435.7945
1.0792	46.1640	305.5735
89.8845	51.3781	67.5413
82.8558	88.6226	339.8337
61.7718	168.1169	401.5980
40.7192	170.8005	227.4125
135.6568	169.9906	125.0440
24.9439	112.6442	479.4101
31.8290	28.5749	80.9529
132.1114	166.6585	375.3227
167.7155	97.9600	20.7195
107.3834	163.8544	208.4811
36.5392	46.3372	231.2476
83.7921	33.5346	148.2496
73.5035	108.0550	443.1214
9.4747	78.0214	251.7226
52.1148	114.7892	161.9276
131.1730	109.4125	353.7435
20.9963	16.5400	484.5520
0.4077	81.0967	285.2987
1.5939	11.7273	359.9162
68.8011	153.6840	469.8538
137.6224	141.6605	463.2663
5.3540	151.8854	192.2784
37.5288	45.7661	87.0573
46.4549	173.5962	439.5276
169.9610	27.6265	106.4796
34.3834	82.1759	82.9602
164.3738	157.6587	31.7062
25.2738	158.7067	502.7910
169.7794	170.1602	15.2277
91.5679	114.7196	369.8646
155.4356	3.9724	297.3241
18.0431	35.2208	531.9180
103.8224	170.9427	537.9119
35.4781	4.7632	446.2802
157.5507	102.7318	99.5544
150.6831	95.8486	135.6611
163.5924	128.7317	356.5590
4.8589	72.4287	148.7762
148.8611	82.1294	264.0028
131.3260	124.3972	107.3271
93.5951	63.4780	292.6862
119.1966	166.1683	460.5520
118.9930	41.5896	400.1467
5.6965	151.3917	6.9710
45.0942	130.1428	322.1187
48.2342	160.5081	12.4125
166.8520	29.8845	211.0263
112.0469	41.6721	148.2666
107.5754	37.9059	316.1232
154.9416	156.0995	423.7467
43.2333	34.4212	109.4408
78.4044	44.2227	524.1890
15.6510	157.0733	93.5174
157.6987	89.4874	272.4843
141.5985	173.8156	475.2600
70.7620	174.9410	544.7644
4.1869	45.4210	340.6302
101.1382	112.7537	420.8935
108.5319	106.6776	297.2296
105.0801	117.0397	214.6726
85.3958	127.6334	115.6931
45.5685	159.7549	298.5020
16.1247	24.8780	349.9450
75.3277	110.5874	317.7273
52.5884	71.5793	257.9589
42.0832	28.4071	205.0136
39.7546	24.4705	234.0797
147.9106	82.4048	148.6779
81.6736	105.5373	301.4673
168.4694	153.9721	331.1835
171.6940	169.2403	235.1460
39.7643	124.4713	40.2924
86.4644	118.0663	91.5841
17.2740	64.8860	447.4113
18.6830	116.4014	201.5820
136.2437	55.5751	183.1754
53.5550	62.9965	532.9089
61.5855	14.2344	380.0206
81.1205	78.9745	503.8134
114.6662	25.1906	26.7136
118.0736	101.3941	453.6851
50.9975	100.6064	5.6329
82.9866	149.5502	21.1923
101.6281	106.7339	0.5609
66.6274	142.3150	377.8190
147.9067	4.9692	288.9005
170.5145	71.5080	378.8754
126.3765	111.3268	46.4139
38.7862	70.2510	113.9013
29.9461	7.5234	286.1557
104.3411	136.7305	414.7244
155.0568	26.5693	193.9780
61.9977	74.0859	454.8995
16.0241	77.1354	425.4048
155.1314	148.8032	202.7590
79.8758	174.3491	283.3890
47.4042	92.1557	194.2492
90.9462	83.4707	328.1875
170.5508	7.7539	348.6490
39.6679	24.2227	62.7420
94.0320	123.7113	533.2308
106.4067	149.7693	465.6941
26.7272	171.2563	417.2374
34.3305	11.6344	24.8770
1.0944	24.5624	488.6109
87.9366	27.4819	542.2501
0.7833	171.1984	221.0032
147.3172	124.6690	392.4437
168.3219	2.7198	472.3344
33.1811	139.5412	191.3669
41.8709	144.6492	179.6878
31.4947	95.7768	1.8010
95.4111	44.6110	44.0245
85.7117	99.3696	189.5840
104.3210	35.0226	225.6489
61.9977	90.0961	263.3898
36.4635	102.7156	320.5823
105.1651	40.2211	16.9250
125.0225	146.7769	104.8961
134.5087	99.3558	359.2117
143.7983	63.0281	114.1742
175.2769	13.6702	304.0971
104.2998	156.6577	464.7882
124.5295	89.3215	397.3118
105.5135	91.2404	268.0893
145.6375	56.6901	533.3202
3.7807	8.0152	62.3205
3.0831	53.4347	336.7723
73.0923	40.3496	346.8769
26.6154	71.6433	285.9443
132.4112	44.8042	45.5374
128.6217	172.5432	271.9954
56.3586	166.8307	21.9028
32.4558	91.9733	309.6518
163.3703	96.5645	531.5952
166.1718	15.2587	236.9216
35.8908	41.9057	2.2703
145.9090	98.7407	86.2335
37.5360	143.6720	105.7826
113.9874	0.6755	272.3649
63.5996	98.6193	145.2563
146.7895	121.1707	132.5852
159.7341	60.9753	162.8496
124.0632	82.6910	274.9587
56.6676	110.5385	47.9547
0.0712	27.7635	202.2429
47.8786	132.1198	111.4233
100.6461	11.1680	209.6298
100.1267	30.1879	244.3893
38.3296	128.0174	281.1752
112.6324	9.8385	454.8623
33.3446	107.2901	186.2788
158.0456	88.9200	106.2069
172.9101	89.4560	189.5086
36.2242	114.3915	109.6359
174.4228	41.9226	219.8949
95.4031	161.7028	156.0967
2.0504	48.4519	112.0158
155.7752	153.9053	281.8547
6.9667	40.6932	145.5492
31.0329	60.0860	397.6063
43.0001	99.1009	92.2921
35.3648	14.3413	246.9443
23.3648	103.2062	313.3819
80.7734	135.9002	104.7495
78.0687	45.7863	181.2828
102.9064	111.2787	507.1465
94.1526	169.3613	413.5277
29.1820	15.8385	161.7842
53.7842	55.8239	476.6404
53.0539	119.6080	309.8418
117.2817	155.0314	452.1407
59.8554	122.1762	169.8514
56.5199	163.0040	137.0727
90.9165	131.1410	261.7992
172.1680	52.9935	33.7975
61.5707	160.2308	316.8202
115.2690	86.8013	527.4150
149.2792	49.5713	528.5072
20.5177	27.3859	233.1459
77.5301	28.6288	391.9852
4.5595	5.8162	440.5561
58.1265	15.1635	224.6506
152.6491	137.1690	323.4984
135.1415	66.6596	404.6159
60.6164	21.8187	57.9720
174.8359	40.5153	133.8285
118.8260	72.5045	176.6118
134.0006	72.3779	392.6556
172.0750	139.7861	203.9790
25.4942	8.9693	274.8693
96.2582	22.2347	174.7278
115.7186	108.6328	348.2024
130.6106	95.1229	122.4023
85.6100	139.1137	238.5101
32.8550	143.2728	103.6262
119.5283	125.8583	416.4941
92.6469	151.0752	130.2526
60.4589	101.0229	494.7255
92.4424	93.6167	278.5327
141.0730	81.4707	43.1577
30.8894	170.5524	420.0442
47.4477	150.3246	393.6109
49.7235	44.9540	51.8760
144.5543	2.2153	505.9389
59.4399	8.4974	270.0953
110.7901	156.5965	460.3101
77.4327	70.6127	204.6273
140.6526	37.7628	157.1311
126.8202	144.9440	393.7444
105.6569	100.8113	265.6979
124.4992	8.6676	447.8659
174.2558	116.3629	287.0706
49.2328	32.2779	424.2386
6.5238	48.9298	93.8788
93.9308	57.4079	100.6972
158.5713	57.8844	46.7815
138.6934	153.4169	251.8091
90.1306	146.4639	518.0507
42.6460	20.0527	296.6781
84.8397	156.8315	138.7132
169.0236	24.1656	96.6761
119.3378	132.7751	26.7937
156.7642	8.8480	377.9330
84.8837	39.3808	50.4801
35.0853	161.1439	73.5117
94.1297	149.2485	302.9154
114.9557	56.8920	176.4836
72.8096	0.9882	321.4588
171.9129	83.2531	240.6463
59.7653	85.8377	458.9314
154.8801	60.4650	309.7437
171.0248	40.4878	523.1846
41.0358	50.7762	22.9180
168.7857	105.9018	350.1793
168.3088	173.5106	352.0990
115.7578	102.0876	93.0175
26.0610	84.9445	282.4201
174.2287	67.2210	39.6494
93.8776	116.7263	469.5691
1.9892	5.9363	48.5830
123.2623	45.0129	55.2413
2.5944	99.7851	292.7340
123.3370	46.1085	196.2331
144.5966	67.8843	45.7508
118.0651	14.5012	509.6348
21.7608	129.1950	299.3052
64.0333	98.7687	436.4065
125.3334	77.0426	251.3114
5.9535	36.8684	229.9028
69.8306	148.8870	525.3123
130.9000	37.8197	156.6719
129.3942	1.2893	394.5495
17.9428	126.1154	284.6413
158.6508	165.8789	205.5172
46.2234	45.4418	275.0676
12.9379	117.0802	232.7125
27.7173	11.9533	468.0362
58.6112	158.6431	354.7974
119.2836	75.6144	97.8671
161.0971	21.2951	373.7201
63.8672	14.1067	9.3089
53.8639	91.4220	382.9561
14.7760	112.2664	493.1327
167.5274	40.7801	443.5907
142.0613	99.1424	312.4686
28.8986	158.6814	143.2521
104.2343	154.0125	25.0693
17.0489	57.3142	136.3956
151.8856	152.7721	73.0639
57.1426	6.9989	1.9621
108.5778	38.7272	2.9795
75.9433	125.3383	43.1173
129.5986	120.5837	537.9147
82.2672	84.7569	101.1705
14.4761	144.6031	511.1475
28.2563	165.8876	484.0767
111.6699	162.3320	303.0300
143.9085	21.9867	529.5389
136.7104	29.1321	500.9066
93.3750	47.2018	68.8047
175.1260	0.5782	278.8372
53.3142	28.1425	87.4508
138.5875	103.7939	109.0512
71.1278	51.2572	280.8634
113.3911	78.6089	161.3436
121.7892	41.3904	383.0035
104.9292	103.2396	383.5232
115.0867	27.0449	81.5112
65.9143	18.3644	171.5509
62.9816	68.2099	273.4977
30.2147	123.4802	472.9332
151.4914	70.9431	394.7082
147.1335	156.8294	158.4659
46.8386	48.4677	355.4518
101.7978	160.8337	442.5503
171.7011	156.5849	153.5489
28.6443	162.2033	292.7795
172.2570	138.7251	269.8838
156.7449	70.9471	370.3517
5.0785	23.4682	432.7142
130.6664	120.8592	540.9010
173.5105	67.3364	228.7996
157.1836	65.8181	90.1099
86.7463	34.7107	214.0909
58.2408	103.6871	224.8638
5.5913	52.0143	204.3259
31.1237	124.0407	219.0397
58.5455	130.9856	136.4436
131.0326	146.8511	88.8337
122.9349	96.9591	403.4638
173.1127	44.5828	518.6798
116.3656	75.5348	232.6075
94.1752	26.7561	158.4486
23.6742	9.3895	221.2558
159.0229	95.1627	494.6413
31.6615	1.4178	284.2780
14.0762	148.5143	500.6704
8.3546	66.8062	424.0383
129.8682	150.8232	417.2520
151.8015	39.2294	155.8849
14.7372	140.3801	2.4580
149.2721	150.0411	341.0716
81.6824	41.6107	218.8847
136.2252	161.2946	111.4042
144.6672	105.6005	344.6534
43.0840	163.9651	308.7804
67.8478	82.9564	395.2995
76.8021	40.6360	294.2867
36.5785	14.9431	361.7206
8.0817	153.9058	12.6483
0.8439	88.6676	16.3813
38.8721	161.4566	244.5803
49.1126	170.8856	428.6040
82.0371	82.5716	192.8824
4.6469	92.5755	304.4803
0.3214	99.3286	308.8402
130.0502	34.0718	419.4130
134.3771	43.6831	360.0487
170.3190	38.1708	14.1647
137.7221	14.3015	521.2762
124.2395	40.9723	379.5101
105.4775	63.9902	488.0714
136.2781	99.1359	139.5484
73.5309	37.1530	113.1635
23.2019	171.2885	213.2925
8.5042	62.9614	89.7134
129.6671	31.4724	49.3036
14.6306	128.9967	277.3272
1.9727	89.4947	26.6141
30.0665	131.0600	18.3772
42.2769	81.3511	295.0844
151.3456	134.2977	198.6478
110.5746	155.4859	481.5235
84.8683	93.9626	258.3728
71.5791	130.9031	363.7005
157.5609	93.9415	274.7373
79.8043	48.9816	364.2240
112.1941	3.2212	480.2953
122.2576	90.1317	489.0292
20.4588	112.7373	329.5561
12.0369	133.0357	60.2369
12.3983	55.1550	18.8557
123.2738	96.5468	169.6500
162.7150	150.7714	220.3598
132.4697	101.4833	390.8797
82.4422	103.1320	468.2193
158.2551	141.3844	415.7139
119.1775	109.9392	243.1567
49.0378	82.1279	146.8384
170.8839	83.0703	536.9095
30.0084	24.0953	412.3546
149.1299	139.4552	430.2831
171.6224	139.4964	307.0858
128.8819	66.5900	366.1306
161.7894	135.3880	473.5769
41.4474	152.9655	118.2951
143.9063	60.8529	45.4073
65.1429	160.5403	83.2865
18.7324	3.1617	105.0356
51.5266	33.0664	514.7467
72.2372	153.5316	120.0202
21.8561	120.7617	13.3882
87.7383	97.1282	434.3056
63.0504	105.0878	60.0965
40.5824	142.1971	507.2776
75.7817	90.4730	405.0016
85.5892	85.6396	302.6497
69.7895	64.4886	475.3709
91.2961	78.2988	422.1211
145.0027	75.2688	221.8864
14.4406	0.7678	52.0586
119.3826	23.1058	55.4236
107.9107	82.6248	286.0595
139.6308	102.0179	312.5291
134.2849	137.1369	56.1765
113.1024	157.1440	537.5566
137.2649	33.6894	209.2570
101.6357	99.6496	346.7386
110.4218	13.1918	2.2455
97.3546	47.8561	120.0160
84.4591	79.3015	433.3056
51.7852	151.8937	120.8922
154.0459	3.4021	332.7014
69.7130	149.0473	362.1278
160.0377	115.7140	515.2790
121.4363	28.7657	122.1890
10.1632	58.9507	326.4340
79.5237	34.1441	161.2051
50.1507	45.5399	79.7262
121.9328	152.6180	415.2310
128.0013	85.0983	293.2887
172.9183	166.7966	26.8967
149.8959	111.0208	507.1521
110.7009	78.9501	198.7468
58.4941	121.4575	339.5841
169.4774	27.7410	342.4345
76.8407	60.5245	235.5843
121.3998	84.7032	248.6502
55.6731	18.2087	74.4331
146.9909	23.0803	432.8510
99.8923	35.4723	508.9481
174.6872	126.3546	483.7372
23.6952	89.4325	355.9193
0.0619	147.7548	343.1180
159.7260	143.7731	190.3196
110.7928	111.2163	317.2837
49.7989	31.4117	220.5994
88.2480	116.1940	18.6680
103.8498	120.8483	156.1721
167.4493	85.3911	498.4497
90.4722	154.5244	276.3150
142.2596	87.6343	281.0176
174.0343	152.2260	409.7211
131.9516	8.4954	114.4712
73.2588	160.4396	145.4202
0.7092	104.8288	400.3120
109.7004	102.8425	429.7981
25.2043	60.4289	149.0539
128.1258	53.5124	140.3120
76.6407	69.7139	375.5140
17.8309	4.0602	62.6252
40.4873	162.6383	106.9300
92.5722	32.8810	23.3640
68.1814	82.4963	249.7429
147.4323	124.7319	146.0813
43.1483	154.3027	372.6429
17.2743	118.3030	130.5673
152.6364	51.0072	491.6606
91.3220	130.4543	541.2132
89.0392	159.3738	360.8640
73.5312	139.6354	26.9788
40.0963	54.6971	167.2166
83.2374	102.3297	90.9582
116.1684	48.0476	148.3776
138.1760	91.9683	147.4957
31.6142	29.0230	190.0026
118.8757	17.7853	160.1982
148.3791	114.9874	397.4574
170.6073	40.1634	203.2280
161.3088	74.1399	58.9504
163.0564	168.9669	47.0261
6.1442	12.4355	75.8172
135.3870	51.8226	337.0450
34.6495	10.7840	114.6625
12.8128	151.7838	146.2355
119.4668	50.7909	2.4164
170.9526	62.5304	388.5372
3.7903	139.3527	433.3519
128.9666	86.4203	56.4695
100.8850	10.8702	203.1633
35.2926	26.6559	150.5470
59.0498	128.0056	171.3639
153.3098	92.2300	199.1973
129.7759	28.2663	518.1620
56.9589	61.5776	537.4518
47.6903	12.6891	69.3106
31.9863	32.3692	79.7976
165.8206	8.6231	208.8046
99.2677	10.0093	108.1192
1.1148	97.6261	93.9350
63.9717	58.1543	443.9594
57.5314	32.9136	71.2296
79.4319	40.9845	310.1532
109.6455	147.6746	411.3586
112.8572	18.8931	28.0140
27.1876	134.9686	525.8699
58.6800	28.1434	169.8641
75.0728	48.6053	417.6560
65.0091	56.2387	169.6049
77.8362	105.8913	72.3107
130.2940	56.8447	498.7446
5.6348	113.9295	200.9503
0.2445	125.8967	343.1364
1.9806	129.3809	173.0575
141.7473	134.1130	377.4746
62.7602	174.2112	547.4470
96.6785	45.0458	349.3973
81.5956	147.2292	508.6080
142.7584	147.3964	340.6694
115.2113	140.5558	343.3657
121.7032	117.2467	223.5016
53.4904	133.6787	410.4212
165.4269	19.4588	198.3097
174.9259	77.8199	255.9657
9.2228	52.9802	19.1547
9.0970	68.1248	400.0001
142.3182	53.5202	29.3113
36.9338	56.3271	242.6256
138.2411	47.3360	518.3279
33.7868	80.3231	116.2654
147.9519	76.4111	156.8505
146.6423	30.7855	351.9257
82.7542	154.4918	372.2424
61.6097	145.7572	404.6184
88.3405	146.6533	305.5046
166.2906	99.1820	278.2299
72.1967	88.6472	538.9448
3.4187	92.1783	49.0000
68.9464	132.3697	161.2785
157.5061	59.2831	41.8326
17.5607	66.2509	378.6679
13.0861	23.7074	120.5768
142.2769	140.4763	453.3779
135.0419	157.7595	166.2738
103.8244	86.0975	99.3904
170.7615	141.8852	360.8517
116.9364	79.2188	146.9860
118.2179	51.6592	145.5977
113.6593	167.9860	509.5637
61.7520	6.4613	218.2944
144.5980	153.0225	301.9914
14.4637	99.6408	391.0043
48.6496	73.3099	498.0546
144.9476	11.9611	20.2332
156.3212	167.1581	32.0083
85.2942	48.5849	343.7724
113.5251	149.3693	108.7568
72.9667	115.8828	359.7495
102.3374	83.1919	485.1259
56.8935	75.0777	439.7250
93.0073	33.5210	376.3441
0.0278	29.6406	156.5966
38.5524	90.1347	279.3146
116.9093	18.4297	334.2110
157.4461	114.1226	21.8051
43.7609	101.6692	135.7919
71.7064	34.8548	348.8798
168.6780	167.5647	408.8657
118.7679	30.3798	530.7490
45.3000	92.4143	248.0011
149.4416	49.1433	105.2261
41.7081	69.0198	101.6274
85.8342	111.7308	166.2891
32.3473	157.0803	404.2487
13.8842	66.4448	51.4597
43.4325	24.4077	363.3162
108.3317	115.7745	424.0535
105.8538	81.2222	457.8558
140.6478	146.7431	336.5656
148.9964	43.9298	494.8132
30.2292	119.7144	460.1102
95.6388	8.7625	354.5192
43.9562	4.2616	184.4919
142.8115	91.4069	125.1634
164.9491	109.7445	490.7569
124.6140	168.0592	246.3190
166.2798	11.6007	59.7266
14.0247	91.0781	82.9722
80.5355	123.5112	412.5357
37.0861	31.6233	507.6290
131.8347	168.8608	285.7672
144.4031	130.0645	183.0030
71.1974	58.1657	295.7753
48.0372	159.5147	257.1603
65.5729	159.4447	160.3857
26.5116	21.2627	404.3514
22.4802	11.1428	421.7985
77.0617	159.1031	12.0465
139.1007	47.5933	443.8735
78.8873	109.1873	382.3308
134.9379	60.6252	6.4404
114.1697	91.9220	213.3961
10.7502	83.8486	193.6695
104.3881	13.4163	269.6280
89.2797	68.8072	161.0326
40.9994	1.9886	216.1230
125.5125	62.5016	227.7128
132.5416	24.5090	215.3724
25.2979	116.6613	475.2855
62.8625	126.3640	343.2569
99.3854	21.8222	182.3865
51.4761	44.2066	279.6734
83.1265	20.8309	77.2101
87.7007	172.0402	60.6433
90.5563	143.0063	533.0934
5.1340	70.2049	330.7332
26.1112	159.5066	324.0867
121.7230	31.4035	78.7224
147.2565	132.0034	502.7535
136.2164	104.1323	392.2023
168.0238	58.0702	230.7023
69.0102	57.9891	285.8812
170.9685	16.7154	52.1486
4.9068	64.7165	153.2126
1.5983	39.0558	137.3023
6.6574	169.5587	127.5656
32.8126	59.4811	322.9669
16.8950	75.4736	325.5229
145.3392	145.0396	44.6759
30.2143	35.6395	493.7740
103.0214	2.6196	94.2713
163.5475	131.6913	151.9538
136.5287	142.1971	432.0365
172.8487	35.2724	149.8022
39.5864	172.8343	266.2861
75.3606	40.5765	145.1630
161.5250	68.6532	146.3112
72.1864	6.2226	512.1259
8.1282	172.6176	475.0593
82.2677	142.3762	386.6178
94.4350	112.0902	425.4223
50.6588	142.5249	394.8132
79.3766	11.1078	407.9777
48.0082	91.4802	470.5988
170.2707	48.0155	66.3795
109.7906	149.6594	423.1885
140.8552	99.7530	117.0075
103.2719	6.8554	100.3310
52.7192	134.5848	485.0262
157.5363	30.9902	453.8605
72.3028	147.0615	110.7012
96.3480	120.3769	26.6858
116.2105	158.5940	367.7038
128.5833	154.5198	299.1358
20.9463	153.8228	214.4736
39.5558	95.2379	451.7547
146.0173	12.1272	234.7404
48.7070	13.9040	317.0747
105.0813	129.7566	435.9163
168.6862	87.8359	418.3948
55.0106	138.0195	109.9818
151.3328	164.6539	248.7808
78.7900	114.4795	99.1741
142.4542	25.2089	113.8615
16.6239	27.5016	533.6548
143.2764	60.0514	503.0574
1.1943	148.2450	167.4970
32.5321	32.1865	192.7557
39.5103	85.9258	469.6104
16.7211	117.5720	485.5688
59.2010	156.7887	243.0281
30.7439	122.0253	63.4402
95.4358	33.0947	152.5579
54.9547	12.7607	521.6772
17.3896	66.7203	176.0839
143.4477	158.4656	22.1923
34.8687	167.9467	394.8431
79.5226	34.1409	161.2104
98.6377	172.7416	422.8902
46.2354	23.8752	206.9638
15.9145	124.6307	59.2062
72.5365	148.3197	313.1558
69.9342	81.7866	142.2810
134.4356	47.1442	445.7129
13.5707	120.3495	77.7670
20.2526	126.1368	177.1601
68.3001	123.3435	472.4999
124.6013	65.1336	211.0821
80.0737	31.0147	524.0243
15.0878	83.1130	195.1026
74.5909	94.9809	494.3824
172.5949	133.5999	26.4518
16.0600	115.0626	194.9717
53.9244	121.5576	208.3564
136.5959	162.8624	297.2428
143.2759	20.7711	341.9342
62.2975	122.6236	291.0453
120.7954	115.0710	146.8203
55.3589	100.0268	360.9051
31.7272	92.3805	511.5414
44.7758	125.5910	302.3411
61.7773	104.1459	75.5126
116.6374	123.8824	439.2094
65.8115	100.3512	429.6357
151.6978	119.8775	465.3179
124.4687	8.5799	375.6539
41.1614	26.1447	375.0883
146.3636	91.6853	309.0908
91.3044	102.9105	5.6936
71.1656	144.9330	519.0501
11.6593	147.2580	526.1909
153.5045	76.9727	141.8987
17.9890	87.0948	140.6236
166.6210	1.8506	23.0598
152.5191	144.1170	174.3656
58.4281	68.2810	316.2326
135.9228	100.8565	165.0950
120.9073	119.1198	385.4761
54.5671	68.5249	418.5650
118.3058	67.5543	325.7344
128.5362	6.6800	382.1666
108.1810	162.6921	330.6657
151.3827	69.9463	467.2778
48.0520	90.2504	364.3847
66.2429	51.6664	438.2037
161.6783	160.7795	145.5816
38.1839	64.5557	454.0565
119.0061	134.8885	395.9622
72.6715	141.9261	267.5517
163.3820	26.8466	527.6996
149.5165	159.4208	508.9651
174.3534	15.2223	287.8400
151.1539	86.0587	441.2625
110.8932	7.6627	439.2393
5.1572	80.3648	176.3362
146.6239	75.3771	165.4586
103.6499	168.4146	167.8860
95.4118	79.1203	521.5236
147.0239	29.9298	355.0998
173.1177	68.4883	417.0599
42.6942	84.2104	149.8570
19.0907	40.5334	362.4000
53.8486	55.2436	211.4221
68.9821	71.1995	428.5470
120.1688	26.0028	530.8122
52.3815	20.7757	324.5322
17.0325	57.0814	264.3733
62.2893	136.3273	38.4438
38.6189	36.6269	223.6124
159.5220	75.8812	29.8370
71.3895	48.1396	506.9362
78.6374	115.2779	489.7553
120.0032	52.2126	181.5618
47.5694	49.6590	447.0904
59.5575	54.8174	60.1920
119.9871	34.4293	404.1963
61.8218	25.6837	112.9004
74.8462	147.8658	287.5709
95.5327	18.0712	295.6868
174.8134	13.6568	487.1294
63.0566	23.4761	446.1468
155.6758	37.4598	170.8661
82.6951	170.9671	48.7172
168.5594	157.3318	99.4434
97.8777	75.9820	228.4360
103.8239	10.5090	134.3632
11.2358	70.8932	317.2182
55.7694	120.1909	56.2297
14.8906	58.8236	39.1613
167.5968	155.1465	155.6831
97.4135	140.1174	251.5387
45.1617	34.8529	262.8068
38.6281	50.6741	82.4990
81.5473	82.4884	503.8682
51.7892	127.7419	523.1987
90.5508	119.6658	506.2955
99.2485	42.7616	27.1160
32.3574	147.7268	335.2307
20.8294	129.4660	503.1950
39.1797	157.7064	408.3509
129.1175	15.8463	314.6188
101.1235	102.5061	375.6816
17.6764	52.5947	229.4628
57.5050	133.5495	156.9981
6.4228	133.3690	77.7619
3.2336	161.2222	265.0260
38.9226	55.6233	137.5736
149.5173	25.5742	232.6153
49.7646	95.9807	324.7141
103.0880	41.1670	78.6467
109.9653	58.9075	309.5931
161.2563	109.7150	295.4255
116.4369	0.9933	116.5696
98.7152	6.8669	68.1520
140.8706	1.2303	330.2042
41.9815	26.5959	454.7806
60.6750	132.2577	51.9975
152.4552	129.5481	269.6073
171.4360	170.2909	197.9449
91.5677	47.3981	400.0044
24.1544	36.5300	385.0078
32.9005	81.9118	73.3072
52.0819	70.5035	198.4504
63.2651	156.4422	295.6038
59.8503	10.7791	8.8685
140.4878	133.8504	458.8296
66.2405	171.6322	353.3773
24.5869	165.4898	312.5343
95.8482	1.9958	205.5048
157.2326	155.9225	361.3482
93.1730	115.5953	256.8349
124.6941	34.0939	161.7809
131.6177	91.3341	75.5375
149.7742	100.4333	40.0948
129.7205	46.6409	47.2793
42.1165	123.3749	307.1365
101.9730	79.9872	12.2509
142.8047	17.3131	115.7256
39.2195	56.0058	88.3616
88.9271	144.9364	376.4191
15.0903	63.5872	211.6155
97.0112	63.9136	256.1031
15.3495	100.0666	163.1491
16.7720	87.0926	75.9309
44.2798	144.9878	167.1910
26.9283	100.9870	8.5958
54.3620	66.0689	67.0126
162.8387	126.3849	227.8752
113.4081	101.7541	4.0319
57.3314	129.3094	232.4658
30.4015	119.5717	212.6798
144.8188	53.1896	178.2964
2.0715	84.8736	156.2933
26.6552	115.5659	404.1848
26.2255	163.9397	307.5164
130.9270	153.4955	161.1178
93.8680	59.4436	304.2619
96.5273	2.6827	173.7865
110.2237	88.5874	480.7293
21.0313	146.7175	498.7658
14.4233	128.3516	88.8495
16.2095	20.0965	203.8764
19.4222	64.8227	280.5592
117.2750	10.0500	201.3584
168.7076	175.0588	49.9195
156.9794	153.4305	254.4201
107.9667	60.7625	183.8429
173.3129	84.5536	498.4189
163.4205	88.1747	122.1793
94.3454	95.2319	355.1484
109.7207	17.3604	61.7615
104.2136	175.2266	31.4943
109.4429	162.7968	249.5842
135.7933	171.1657	82.5159
83.1821	39.2321	172.7466
62.9028	67.8692	80.9094
42.0263	157.1532	383.5466
123.5424	119.0702	59.9171
77.1629	15.8287	89.0755
121.2177	170.1503	359.6116
163.4659	103.2191	238.9638
31.9325	92.7925	83.7358
33.7624	42.6334	288.0021
133.3918	128.7484	371.2651
68.9801	147.0848	467.7021
29.2127	21.0408	36.4356
10.3280	144.0303	498.6164
102.3318	39.4749	535.6455
142.9537	158.9503	204.4159
89.7007	39.9532	72.4438
147.9417	9.4972	223.9081
18.7114	160.3245	123.6116
89.9895	16.7094	468.7266
33.9000	107.6283	171.8832
10.9041	152.1939	303.4801
135.0612	146.2001	468.4445
96.1022	145.8325	72.5922
29.9796	149.0720	380.8345
162.2150	77.3421	125.4942
93.8360	39.0466	258.6936
4.8603	24.2513	299.2218
139.8854	98.1424	347.6867
78.7970	134.6724	57.5013
21.8333	20.0390	104.6241
156.9486	65.6831	490.7512
20.6591	143.1488	256.6889
36.5707	25.1599	247.7458
78.8841	93.8792	146.9814
144.3207	60.5758	67.0003
49.2743	161.8035	132.2125
53.7940	38.0459	431.1261
5.8607	53.9462	121.1916
26.2237	18.1411	27.0507
129.4946	11.4398	502.0716
13.5204	12.3592	462.4001
119.9467	116.4063	433.0711
112.3066	101.2404	357.5440
60.4496	51.1726	81.7816
92.6257	59.9787	328.6094
31.0637	2.0234	190.3867
164.9474	52.8503	105.9695
164.7972	122.0560	111.6073
164.5199	80.5167	415.1875
101.6767	35.8364	29.6971
47.8959	0.7357	501.6016
119.1460	35.4628	285.8796
81.9509	114.0367	447.5844
158.8706	117.2408	379.9326
66.4840	3.9714	174.0459
109.3195	74.0742	470.7330
76.6546	6.6503	21.9582
20.7318	165.9978	463.3013
59.7237	142.7468	4.8350
43.9637	118.2152	35.5136
28.9066	135.1833	427.9431
95.8131	65.1903	318.0360
174.0871	9.0914	509.7010
98.0436	168.4462	152.8623
135.6142	40.1956	338.9635
150.3823	21.5904	122.5078
99.5214	132.0338	476.8425
52.1552	171.4641	90.5308
92.1782	60.1681	302.9036
142.5190	168.0358	120.8273
151.8618	142.0227	536.3261
119.9848	25.0572	85.9268
140.5692	23.7856	269.8487
161.6237	56.7745	40.3526
135.8353	85.3925	160.4821
86.5990	77.2752	496.9032
15.9777	131.0929	397.2042
44.8912	96.2782	274.2636
143.0419	51.1719	444.7928
88.9743	143.5175	163.9458
172.3014	25.0428	1.1608
169.2868	99.8247	498.4191
24.8326	61.9645	122.3986
55.0634	162.9744	62.7207
60.2643	144.2158	383.2965
147.9219	54.6040	293.5826
132.3769	28.6231	334.6474
160.8806	116.8422	348.8863
163.8769	162.2202	223.4640
107.8286	8.0668	361.5427
50.3861	45.7695	233.2584
35.1889	9.7020	530.6612
48.9887	11.1380	33.1622
157.3070	157.2166	453.7436
30.0460	47.6254	84.5651
144.8663	151.3766	356.2872
91.4757	92.0874	372.1589
81.8614	172.2449	68.5650
76.1634	171.4961	29.5852
103.5450	39.3882	460.7033
144.6597	82.7972	221.9047
152.4781	16.0522	419.3186
156.0850	54.5070	369.3727
171.3401	45.9331	79.5190
63.9476	11.5456	152.8140
147.2236	104.1213	474.4448
110.4170	71.5439	231.4890
133.8506	92.3540	317.3731
87.2869	89.5569	405.7097
33.2222	34.3669	153.9357
50.7905	151.6811	237.8090
80.4849	152.9203	341.5685
72.8887	8.7088	324.3608
72.4371	128.4022	408.2157
3.8274	8.3698	456.2402
13.2886	33.4079	38.0556
19.7865	79.1012	196.2902
46.9803	145.2194	392.3839
67.8302	52.1504	380.1742
14.7030	171.2923	522.7010
86.5504	148.6116	101.1535
90.1122	137.9095	510.5246
82.3744	4.5090	185.1302
140.2592	143.6382	56.6569
57.0050	41.0175	81.2982
99.6970	84.9501	199.7133
134.2663	131.4267	234.4832
77.0055	51.0585	287.0301
65.0376	36.6081	426.1025
139.0052	8.8950	530.4236
76.4991	115.2741	395.7958
131.7795	134.5492	208.4228
152.6791	52.4035	193.2803
62.5640	139.1062	351.6831
120.8838	116.6241	356.0909
77.5703	13.6943	132.3120
159.9065	25.7911	218.4067
44.2912	55.2639	129.5228
129.3779	163.6249	383.2395
65.6971	95.1379	112.9739
93.7980	44.3697	383.7013
101.8292	76.8125	304.0203
48.1595	124.5032	325.4998
28.8469	134.2734	508.1246
115.1695	72.4283	394.6756
88.5238	91.6636	521.6380
111.2476	170.1888	154.8151
128.2565	97.9724	486.8506
99.3605	171.8083	151.2608
89.5449	141.7565	8.7234
106.3566	10.1289	130.5753
78.7481	88.2527	134.1482
84.7456	55.7804	75.8630
5.9511	80.7502	194.8239
163.0956	42.8524	188.4143
3.0800	122.9145	255.3320
101.1846	156.0003	17.8759
171.1103	21.1115	11.0627
132.8897	167.8605	196.3630
109.4044	66.3808	265.8329
64.4460	134.2956	516.8075
155.4046	85.2302	490.3701
109.6337	120.5677	383.2778
29.6680	6.5573	514.2252
68.6228	37.2306	410.8094
134.8642	131.9245	417.2665
170.4228	140.1384	467.3556
40.2802	130.8615	320.7585
105.1499	11.6935	109.9925
145.4435	148.3541	14.8514
167.7908	132.4629	308.8726
20.1234	68.4233	202.2276
48.8058	68.1459	95.6395
21.8103	134.0458	207.8956
133.4611	82.6541	186.2489
59.3441	14.1174	99.9150
1.6851	88.3518	395.6218
97.4675	71.5290	358.8983
76.4448	68.3571	535.8277
11.1851	4.8358	16.2973
7.1112	12.0747	482.9427
135.4631	112.9150	343.0916
125.9243	2.8191	42.4389
150.8633	102.3179	76.6733
149.9310	77.2154	165.5277
75.8269	111.7085	161.2592
131.0388	105.4254	180.9495
159.5688	18.6733	393.8914
84.7575	37.6541	35.9359
100.5175	158.4934	393.9376
85.2575	8.3011	425.5075
170.1989	149.2606	71.4276
36.2138	58.8869	128.5879
140.9049	84.5956	438.4562
50.1271	98.9612	487.5228
169.2047	32.8301	276.6975
131.6007	54.2207	10.0186
12.6974	85.8418	533.0549
15.2543	6.8614	172.7661
103.8435	83.5339	289.9727
95.6524	169.0799	346.4788
8.1086	74.4486	177.6356
131.4323	171.3440	221.7850
47.9428	169.6852	62.6256
134.4413	37.1789	349.2772
145.7387	19.9681	135.6501
159.8289	1.4665	268.3397
108.4377	159.4367	359.9681
102.5357	43.5537	123.5734
8.0758	117.8000	504.4942
145.3564	95.7621	166.4946
165.8667	100.5801	344.4289
59.6661	36.3985	96.0508
32.0150	128.1297	26.0357
36.8032	147.1089	31.7788
101.0542	80.9549	394.0367
99.2113	84.4026	501.2128
126.6766	158.8093	202.9039
80.5114	34.0876	101.0039
163.4814	104.1893	528.2153
135.6066	36.5662	407.8936
65.0905	21.7891	59.0570
85.0156	47.0338	70.7354
15.7432	10.9950	154.4985
138.2524	94.3467	128.4325
69.2975	21.8097	441.4258
77.9807	149.7699	117.7532
68.7108	20.3105	515.1480
108.3605	125.7412	226.9713
124.3560	125.4790	425.4497
76.8601	7.4406	124.7362
135.4789	13.9441	130.4212
1.1966	146.1939	156.9684
168.3459	121.2607	140.9205
171.6119	79.2909	272.0862
102.3578	77.6828	400.8159
32.0893	123.3201	462.8857
164.3499	108.8148	488.6430
53.4446	146.0071	423.4274
96.6019	167.9176	405.4336
146.4818	102.6276	74.9668
77.4138	49.1758	340.5547
147.2318	156.6884	181.0743
17.9134	111.6072	211.0932
160.6099	11.0187	390.5659
110.4980	168.9857	14.7147
118.8218	139.6428	427.4152
69.1454	173.2949	157.1308
19.6105	78.4392	53.3211
154.1661	156.1255	333.1346
149.4933	105.6140	427.6748
77.9573	97.5687	307.0265
139.5016	0.3938	278.3548
46.4566	162.5586	293.3415
43.2308	151.0809	162.9141
70.3320	9.2490	162.7162
154.4799	92.8561	502.8823
42.1466	30.0117	142.2150
166.2552	100.8029	56.5977
102.5113	155.9642	221.9496
106.4101	82.1726	8.1752
58.3312	169.7969	310.9377
12.5919	71.7346	315.4495
155.1084	26.9765	506.4716
13.8033	48.6777	256.5803
114.4896	132.0376	6.0902
120.1976	150.2308	90.2554
140.4100	47.1837	71.3192
20.2089	112.6141	292.5208
102.5407	118.5372	459.2448
1.0854	21.6689	294.8869
10.3239	8.8120	484.7313
32.7986	88.4129	301.9858
134.1079	32.8595	477.9795
11.8746	2.1663	13.9003
166.0439	56.5601	527.8049
149.7519	93.0500	102.8729
21.2468	93.4618	73.4082
106.7613	73.3381	352.3801
53.9710	134.8796	298.4275
71.7651	93.5977	369.1507
102.1137	26.5301	465.6780
25.0200	173.9682	230.8696
32.8423	88.6997	407.7506
28.9754	23.2433	62.0610
156.7317	13.6742	529.4062
51.6406	145.8722	197.9288
16.6453	27.6889	370.7370
21.5926	63.0580	241.9641
149.8833	135.9164	395.0524
107.7010	107.4589	152.4101
59.2046	54.8486	462.6242
23.0911	43.0052	80.2174
38.2094	41.8791	387.6792
147.8395	150.4195	85.1697
134.3112	127.1962	533.4443
150.3379	160.2124	261.5884
5.9658	68.3275	509.6540
1.1359	82.4667	77.8245
129.6315	32.9753	431.5746
132.0291	7.5251	216.7215
110.6048	47.8432	260.2029
165.6088	30.6975	380.0337
87.7795	31.4754	509.8844
52.7610	50.6905	56.1805
74.0098	49.0728	356.7591
97.1017	71.0373	490.7468
162.4006	44.0647	297.4944
94.7325	30.1490	368.3040
9.3180	39.0295	307.5718
173.3068	171.1283	32.0569
45.7188	39.9947	511.0267
145.0664	150.5345	41.9837
128.5012	153.3382	38.8378
129.7547	50.3896	343.3624
165.4635	118.3072	292.8458
73.0481	46.0762	362.7528
52.3649	7.3012	507.8464
119.1811	122.9145	217.1061
31.4309	175.0387	243.7057
63.5812	161.2433	153.7906
68.5881	52.8886	328.4840
114.4269	61.6839	477.5603
119.0633	165.0005	498.7697
100.0518	145.1440	255.7606
10.7291	67.7844	166.8966
83.7079	6.4276	536.3881
48.7124	168.4224	293.6596
17.8787	90.1586	285.3587
74.6368	88.2205	383.9985
47.0154	40.3963	49.3349
132.4583	53.1753	466.6472
8.6720	106.3072	181.9758
85.7419	14.1487	345.0268
3.6800	41.0609	212.6193
63.1558	167.9257	71.3950
83.6052	112.0041	197.4596
3.5913	54.8222	174.4089
153.3610	87.7345	436.7895
59.9167	175.2576	251.7323
53.9023	31.3918	194.1993
16.7032	66.3253	280.2272
1.5441	164.0587	268.3256
74.0808	132.9371	410.8259
0.2412	83.9433	372.7751
6.1994	29.6052	384.3152
83.0232	158.5854	93.3043
105.7263	0.9036	392.9342
152.0229	124.6437	23.6963
47.6772	26.4943	206.0749
32.8011	113.9733	476.9236
54.4065	158.9583	338.0382
56.4982	88.7569	447.6225
134.3245	87.5573	426.0679
119.5479	19.4010	83.8326
142.8492	111.8831	237.8934
0.3653	26.3121	225.5928
9.9781	66.6428	390.1500
46.7229	129.0228	172.6163
145.3284	167.0922	152.2808
131.4364	67.9746	268.6427
91.6510	102.7548	210.5333
14.6683	166.3016	427.9676
72.2496	82.4121	170.3254
79.6892	107.2002	265.9634
0.3332	52.4863	324.7662
67.2001	106.9438	474.4616
81.0071	45.8576	370.8714
51.4971	32.0154	85.1541
60.0027	137.2917	358.9892
135.7944	128.5243	390.8174
26.4508	50.0208	418.0418
157.4296	153.7335	411.3443
31.6347	33.2441	466.5023
97.3146	101.5251	384.4637
136.2035	142.3520	123.4065
28.3342	41.3206	520.1024
21.3222	167.8525	263.4801
73.0813	104.7750	462.8267
168.8653	128.8399	1.6902
131.4881	175.3056	247.9110
83.3909	57.3066	327.0531
40.9714	90.5710	452.1565
169.7690	59.6198	375.3657
128.3699	29.2885	260.8367
69.1406	28.0088	59.5200
10.8446	63.4839	270.1477
102.9469	24.3578	145.6687
98.0740	174.7547	221.2442
6.8096	111.4286	257.9822
120.6545	46.9740	29.4315
141.5565	156.7364	301.9249
103.4188	17.0060	64.6956
140.0566	19.4533	124.2990
60.8263	43.5334	418.2596
129.0107	24.5172	102.2181
64.5394	121.9605	495.5659
91.1758	56.1313	328.6919
147.7596	78.0213	435.6994
24.7630	113.1930	444.7246
162.3262	37.2541	152.8383
50.5287	59.3893	533.9435
20.6725	137.6351	390.3969
57.6005	113.8036	82.3481
159.0375	120.4423	23.2236
103.1305	37.5274	306.1135
40.2165	142.3990	120.0246
85.3799	108.4528	14.9540
24.7160	79.2889	65.2583
101.1465	61.2643	415.3697
54.8994	125.9569	339.1804
56.5812	44.6872	481.9126
130.3228	140.7521	47.1422
122.2197	16.2483	246.0651
59.3101	151.9948	3.3189
93.5917	139.9997	365.1265
98.7770	36.5425	515.5649
53.6796	41.4437	427.5727
169.8505	105.6675	314.7477
99.4002	3.0426	273.7949
40.2886	100.9227	286.7294
0.5202	17.3378	521.6096
3.5274	17.0165	291.8312
149.1464	151.5935	362.6225
18.5882	59.1192	149.5301
74.7671	78.1881	245.0857
115.3652	111.3345	50.4166
16.5612	31.9062	53.0090
48.7630	110.6850	353.4066
4.2641	164.0944	482.4192
138.7372	54.1229	13.0063
2.0788	122.7904	278.4414
58.4620	75.6930	140.7414
133.8400	37.1657	393.3781
136.5345	173.7356	88.4190
35.4946	128.5628	100.4329
43.7501	12.4813	71.5865
148.6058	29.2391	204.3517
31.3055	84.2957	309.5085
86.8320	115.7018	360.7478
49.8918	102.0624	227.1119
7.3114	50.7891	110.0211
60.7299	73.4744	279.3277
1.5115	8.1821	361.6373
49.8432	141.2882	217.0794
152.1360	49.2163	508.6744
118.2871	21.2227	80.4895
65.9423	108.3380	361.9233
133.1585	172.5364	168.3652
142.8509	100.1157	166.9433
110.1944	7.5294	217.5434
171.5790	67.3279	250.2729
111.4129	97.5949	314.9760
114.2113	115.2531	390.5168
81.8244	105.7583	407.9590
135.3220	44.7071	36.4312
49.3044	39.9540	280.1820
130.2104	171.9627	72.4424
174.4417	139.2987	387.1381
33.0278	26.1454	415.2916
81.4143	139.2164	132.5611
164.2493	131.8982	447.3080
42.9248	93.1983	465.6429
130.6498	59.4605	435.5182
168.6375	1.0277	367.1374
162.8380	141.8550	437.2515
52.9839	91.7657	309.4472
150.7904	32.3992	302.6078
30.2468	52.8386	381.5715
37.1072	15.7975	202.0975
114.0862	149.4052	79.2266
112.1584	47.4326	75.8921
35.7578	20.2612	511.4927
152.1241	172.1394	456.9858
52.7449	33.0175	201.5450
171.7663	22.1563	317.0507
139.3337	92.3493	308.4771
116.6081	68.4758	189.3691
15.4288	18.3583	320.5417
71.4201	51.3748	300.1853
152.9659	69.1940	444.7366
160.0298	29.8866	87.1531
168.1990	11.7968	513.3336
39.8330	118.5581	28.9160
81.4488	34.0984	142.5005
122.0985	5.2261	88.4880
62.4129	124.8283	25.2367
163.4797	76.0978	497.9588
34.8498	22.3201	58.7055
99.7967	165.5526	162.2222
96.0659	10.7546	419.9596
55.0352	105.8924	326.6413
48.1515	102.8617	99.8378
164.3818	106.1834	85.0343
33.8482	147.0845	459.4042
163.6350	6.1636	519.4798
33.5008	92.5116	346.0709
15.2140	102.5161	496.0869
21.3819	121.6765	277.4213
21.1043	171.1722	273.1895
148.9422	174.9035	101.4930
133.9478	17.8986	118.0304
0.8302	142.2176	217.3217
98.1766	113.9403	332.3460
1.4360	38.6771	224.5536
120.5744	10.4683	44.4957
168.1673	23.0692	427.1973
10.0655	150.0357	102.1598
18.3746	110.0382	298.3621
148.2085	170.3444	495.0410
0.4255	56.3758	338.5333
65.8731	80.5079	419.2472
105.3462	149.7180	393.1513
143.0461	165.1758	406.7931
56.2179	79.3222	405.9590
12.3225	101.0218	31.4340
148.7282	34.3458	521.6912
142.2852	104.1286	150.3634
160.3863	150.4100	282.1976
128.3639	47.0801	233.9414
20.1704	143.3803	77.2604
109.0351	33.1439	5.9496
1.2169	56.9600	104.2361
37.4159	89.6125	384.3568
109.1172	37.8507	174.4495
55.8370	33.1239	254.8703
64.0259	151.2001	442.7835
88.2959	21.8590	482.0347
95.8496	164.2242	494.9339
88.6577	0.8290	93.6218
44.4057	25.7362	366.9122
8.1479	113.1864	337.9405
31.6966	42.3949	113.6086
158.2665	37.4670	82.2161
63.0360	52.7900	13.8000
45.0153	45.8118	501.8703
79.3347	25.4450	295.8614
95.7772	157.6598	322.6223
34.9268	73.3449	232.4293
28.8368	113.9683	273.2756
158.6066	56.0705	333.5780
101.0024	120.5229	468.0511
97.4402	134.7325	21.5582
154.3126	45.2728	496.3595
153.6171	120.0689	159.1830
89.2690	148.7594	534.5848
139.7826	40.1806	392.7941
76.0352	156.5773	393.9852
77.7511	38.2522	176.0711
37.4990	126.4779	198.3802
164.3640	114.3621	376.7084
118.1898	170.3000	357.3987
91.3508	168.9123	433.7756
137.4507	162.2032	300.5711
131.2706	30.6624	157.0491
97.7817	162.2745	497.3015
81.0291	32.1483	79.9311
30.7338	143.2201	29.3278
120.2422	19.3908	371.6446
69.6810	52.4272	127.1257
115.5303	126.7564	384.3886
27.3017	116.2929	151.4147
75.3234	147.0763	341.3260
95.6050	73.3806	133.8929
116.5420	164.2526	224.9496
153.7648	122.9922	239.4415
123.0218	155.8572	43.1334
14.4013	17.7317	429.8008
119.8375	89.7036	180.5454
28.3048	127.1470	235.6716
77.9267	83.1469	467.0761
135.8076	17.2358	151.3999
69.4431	75.7716	426.1919
58.8684	169.8376	88.6551
60.1772	8.0184	147.4441
47.6481	132.6661	126.2284
121.4372	174.2886	202.5714
173.1868	33.2631	167.5573
162.2756	143.0652	120.6342
117.2577	121.9790	547.0013
47.5641	81.4066	326.1503
115.2012	36.3027	425.9249
8.9388	61.7614	491.2146
34.2476	124.5013	122.1857
134.8058	52.0683	479.8844
102.2705	30.3325	432.8488
114.1843	37.4576	401.6352
1.4638	62.6054	388.4182
8.0802	111.3722	87.8618
157.2599	131.4315	268.9281
109.5400	129.7665	80.1037
113.6953	63.5206	5.9364
91.8151	174.1569	432.1799
5.0769	18.6343	544.9956
53.3260	85.5921	116.3001
111.5951	145.8889	119.7713
166.6220	161.9257	269.4299
157.7594	61.7479	151.3486
143.5272	119.0947	58.9170
48.5229	130.3327	116.9742
10.0102	71.6317	22.1536
3.2505	14.5582	521.3333
29.8618	144.9256	40.9439
3.3186	103.4143	55.0342
13.4228	116.5798	291.4311
61.1671	116.4345	446.2828
101.9101	21.8086	49.8457
14.2717	140.3534	501.1515
10.4893	22.1036	219.4917
133.3176	76.9730	129.9335
95.0578	167.7559	34.1549
74.3286	144.7297	495.6936
76.5256	124.9485	150.3118
17.1138	33.0988	41.8874
16.1213	25.5945	113.7225
139.4824	26.3866	464.2527
25.4162	115.0934	182.4365
118.8104	4.8562	137.5942
147.0485	6.5897	437.7215
60.1505	0.8445	530.0303
103.3805	137.2927	102.2926
0.0123	63.9831	172.0832
105.3317	87.4095	297.1837
170.5627	105.4891	440.5978
115.5287	28.0835	301.9430
9.8945	55.6340	284.8806
68.9163	149.8080	469.0279
41.6350	39.4116	25.4518
39.5131	127.7378	25.2396
59.1669	15.3986	408.3441
108.0498	131.9262	445.8769
113.4293	91.0294	327.8335
104.3318	67.7051	332.8641
102.4840	80.0794	145.8747
106.0671	0.3125	223.7040
104.9006	113.1470	299.7955
172.1366	10.9294	27.0711
76.3676	78.0816	56.0022
6.4026	43.0264	58.5285
105.4731	88.2987	528.1408
124.3076	55.1301	207.5560
40.8340	6.9927	378.9632
33.0385	158.8971	84.0700
43.5624	16.4299	494.7724
115.1617	163.5288	202.9805
93.3743	57.0055	300.0474
86.7606	27.6121	447.0533
124.6863	65.6042	320.4981
50.7231	123.7424	326.8957
128.3287	51.1284	459.7003
123.0188	30.8767	233.1544
36.5267	27.3167	81.9563
123.2634	93.1107	218.5499
170.5893	130.8578	85.9485
74.0928	173.3671	426.4974
24.9614	57.6928	91.8879
58.4142	3.9753	386.1891
58.7194	117.9977	530.8987
1.9932	25.7838	199.5155
135.3720	17.3209	105.2268
52.5702	112.0015	490.1713
56.3464	154.1946	136.9057
40.1766	127.5711	457.4166
162.5524	74.0405	331.3386
23.7276	139.9683	274.2089
42.7945	169.0282	58.8008
43.2840	14.4134	63.3287
112.6046	28.7291	121.3900
139.6046	29.9053	258.4470
2.3147	118.2929	291.6484
24.8285	152.9370	125.5654
35.3401	113.7469	65.6786
16.7646	159.6477	10.4482
79.4459	65.6560	136.7523
5.1074	95.0945	35.7783
88.5838	75.8024	96.7815
113.2399	161.2362	176.9202
49.4413	145.8558	2.3175
82.6789	38.5184	324.9152
19.8118	19.7223	129.2982
87.9045	18.7340	260.5905
78.8231	93.6096	13.5739
127.8128	149.9019	39.6198
155.3879	130.7815	326.9465
158.2222	21.3682	432.8393
164.9589	75.0810	166.0804
116.4277	77.0663	143.6774
99.6627	24.4568	309.8820
137.4260	10.1588	175.5090
119.8714	99.5305	206.3414
66.7123	44.0356	136.2864
145.9274	11.8195	329.7777
70.0153	42.1654	263.2082
51.3651	8.0994	283.6413
55.1255	128.0400	269.3706
155.3149	97.5537	134.0516
148.3836	167.2381	267.7415
168.7974	121.6969	224.3047
108.6732	102.2871	388.8995
136.7351	140.7486	196.1080
102.3059	69.5597	531.7074
75.6908	24.1805	367.1413
115.2720	55.6925	411.5642
25.3225	76.3955	52.3531
160.0101	136.3322	84.2117
49.4074	5.0768	124.0712
174.4144	118.0645	510.1066
103.5837	118.2671	469.4665
134.5200	165.4138	140.5545
127.5628	33.1388	387.5489
71.4975	16.5910	95.0829
124.2048	59.6223	6.3609
10.0797	43.3149	421.6597
52.2888	62.3924	212.8720
57.9011	167.1099	293.0934
51.2064	82.0211	152.6641
115.8271	18.1569	22.2353
66.4709	160.9609	273.0084
166.0227	142.5634	467.3335
96.4707	122.5551	177.3401
120.4526	98.6378	398.3462
28.9022	172.0039	437.1692
18.2198	98.5028	376.6884
54.8315	62.6397	161.9706
38.3249	30.3981	197.5993
169.6140	152.7741	174.7945
87.3963	42.2533	533.9659
149.4216	157.2241	514.7465
32.5759	0.7195	525.5092
101.7047	134.2134	392.2547
160.3689	136.6893	523.8789
76.4903	61.5038	6.2615
16.9623	97.6364	364.2425
138.6875	142.3612	172.0109
21.5244	159.6641	453.3656
122.9260	116.7492	50.5234
167.7800	81.2179	474.3381
67.8230	28.0860	46.7012
99.2104	113.7792	181.6278
170.2115	126.8470	319.0951
40.9025	144.0753	154.2573
74.3781	164.1798	5.3311
132.3615	22.9723	496.2633
158.3039	141.7459	21.1235
173.2873	152.1317	101.7949
20.2109	165.7548	499.5017
164.2133	36.0472	512.7104
110.5598	79.5513	241.6696
149.2402	163.6789	503.8548
81.6685	129.3725	346.4016
160.8199	42.9789	270.8634
60.5776	155.8318	285.8892
92.6490	21.2951	454.0085
19.1298	149.4387	371.0022
77.4952	17.8396	535.6154
70.5731	143.1924	528.0413
125.5664	158.5178	193.9210
2.2113	164.9102	201.6538
162.7153	169.7405	388.3114
138.8483	150.6291	478.7783
63.2643	71.5544	106.6819
163.8239	0.0066	294.6773
78.1172	74.8100	172.1806
45.6376	109.9783	339.1128
34.4848	42.7597	316.3198
115.5002	122.8429	41.3002
9.9197	169.4337	59.5554
63.0157	134.9410	535.0771
167.8040	69.2154	497.3822
74.9267	49.4901	487.3751
27.1738	58.1369	233.2289
171.4934	145.9037	218.7919
157.3711	134.0473	527.6777
23.8186	163.6754	500.7906
57.0001	58.4296	49.2301
166.9627	102.9974	23.4559
14.7836	54.7826	398.1248
107.0122	25.5546	90.8505
32.8706	168.7866	349.0653
83.9553	167.9845	134.8746
79.1243	101.5182	79.9903
73.5385	83.8623	23.8215
151.6386	46.6116	219.3603
47.0723	106.3578	76.4808
124.0192	169.2831	174.4322
129.6429	111.4164	232.7995
15.4433	92.0713	515.5421
162.7361	98.4666	232.6959
168.1291	22.6685	320.9504
148.8701	167.5652	447.6232
66.9258	79.9236	244.8972
8.0072	147.3625	510.7177
85.6207	49.8451	73.1445
107.5650	63.5068	385.4929
144.7085	130.5967	136.9759
17.4946	167.5347	122.4456
107.2060	97.5113	436.4349
118.6855	164.2335	366.2968
70.1130	93.0965	537.1790
8.1029	97.4791	535.0717
106.2923	102.0588	510.4956
103.9760	30.0701	71.6256
122.6489	19.7356	192.5669
157.3572	82.4523	286.0171
101.1325	60.6824	251.9077
114.7679	82.5127	274.5510
118.7784	154.5578	428.0882
68.9178	1.6051	134.9010
79.6734	14.3182	191.4894
11.8114	95.2183	147.2350
29.8760	19.7184	456.6989
120.1334	63.3311	247.8122
7.4734	24.1263	82.3475
124.4515	49.7236	146.6566
134.8577	108.4197	281.5431
90.1542	39.0134	60.3113
150.6287	150.7408	268.2789
168.2719	145.9723	221.8153
120.6297	106.8146	225.2949
93.9949	172.9279	230.7438
157.5613	35.3966	119.3603
92.2173	63.7493	365.1535
91.0718	166.5052	400.3105
38.3012	150.5803	386.6539
17.7045	100.2592	391.7367
158.7326	113.7819	491.8689
153.5926	79.5959	140.8801
60.3717	10.7523	141.5046
127.0175	79.2891	157.3252
86.7685	125.4465	243.3409
62.3965	163.3556	198.5738
118.5982	78.0618	219.1576
146.7783	25.7013	366.1680
132.2205	61.6102	503.3203
93.3535	24.9216	117.7666
7.3468	119.2915	396.8469
170.3523	111.9894	173.1306
95.7464	168.5568	111.4389
20.3856	23.0915	98.0299
50.9016	131.0201	350.5952
77.2515	135.7912	295.7940
143.3734	16.9907	15.1098
32.5084	140.5096	53.6351
21.2489	24.7978	25.0458
144.6414	107.3524	390.7183
119.4977	78.6014	212.9133
154.6994	24.9601	180.6140
83.8206	35.0647	13.4157
123.2498	119.9494	412.3829
158.5494	162.9970	388.7756
83.5430	24.4373	407.6142
117.6326	159.8248	306.4065
55.7802	116.6712	68.0082
21.2928	116.3451	264.3936
104.4804	2.5398	359.2864
108.8403	118.5393	437.1305
80.4433	156.0822	173.1926
126.1401	174.1879	182.9600
28.3350	66.7879	437.8415
134.7685	9.0795	243.5978
23.6898	69.7680	169.5595
162.1387	58.7763	388.6385
84.9732	12.4793	418.5126
61.3110	166.7321	295.6651
16.5593	2.0369	297.2452
63.7659	161.3699	65.2989
8.2739	123.1112	451.2786
71.0005	100.0148	100.0631
26.5447	82.8546	92.6789
74.5057	80.8459	166.8140
31.5548	157.6635	201.2633
67.8849	137.0517	381.1921
142.0910	139.3908	124.1357
12.1826	12.4524	287.6039
107.1819	40.0106	129.4926
66.6587	96.3905	207.5982
55.9130	165.0337	171.2982
14.0390	84.1121	233.2445
54.4130	78.5609	113.0897
39.8482	106.1609	211.5578
154.9257	85.1692	361.0016
123.9134	119.7174	59.2493
129.6363	54.7389	498.2865
154.8514	165.3369	170.1635
159.0254	116.5048	199.2447
163.9498	143.5449	270.7379
105.2241	50.3614	493.1936
94.2670	3.3647	463.5946
121.5704	16.7229	225.9023
93.0650	170.7197	243.3791
121.0707	173.1148	113.5603
5.1490	168.3095	411.9382
11.6641	35.9014	307.1570
161.1409	169.1149	439.3832
2.8722	166.4690	417.6036
80.6152	56.1592	32.6822
25.7749	38.5401	49.6489
78.3226	29.3289	411.2703
8.9665	49.2948	346.3598
135.1781	78.1412	177.8927
171.5516	158.9238	79.3348
172.3053	23.3306	300.7024
101.2344	86.2014	208.4549
61.2911	158.1050	319.5594
157.2967	25.5416	466.8520
103.0373	6.1120	90.7143
120.2759	115.0248	150.0669
155.5510	132.2589	438.8149
45.4273	161.4589	281.3481
17.3562	21.1128	117.7026
151.7456	147.7247	2.0121
38.0828	120.3486	314.9449
97.8654	147.7730	1.0601
2.4854	172.8317	539.5692
125.4867	26.3053	266.6402
88.0953	127.4061	361.4587
37.9112	78.3260	227.3714
29.1341	107.5738	278.7766
97.1173	117.1121	26.0602
1.7358	159.2473	234.2325
116.3818	35.5371	403.5481
141.2864	34.7854	24.4211
40.0835	160.8901	218.0254
167.4561	124.9737	6.3188
31.0568	38.5607	175.9575
107.9273	108.3240	336.6770
69.8306	142.3381	469.5572
115.4045	1.8140	444.5083
126.5495	3.5896	95.0336
86.1240	1.9922	213.7201
15.5622	168.2940	7.1764
135.2531	71.9289	383.7117
50.5999	22.0031	49.6003
112.2626	168.5108	118.0051
156.9837	105.8221	21.8967
116.5030	128.0828	523.0549
70.6286	14.3314	212.4797
153.3062	15.9823	540.8465
18.0055	71.3258	56.8567
169.6133	117.6702	426.6780
48.0244	48.5248	485.0049
28.0396	75.1881	180.5935
42.1192	59.5647	424.7741
114.5759	144.8239	172.8865
50.3186	7.8633	156.8889
92.3307	90.7941	440.9817
141.1276	55.3292	485.5031
3.3717	37.6362	380.6434
8.4914	113.7742	355.0163
112.1561	17.2276	467.8668
157.5900	40.2917	185.7859
62.7720	69.1799	428.0263
8.7939	56.5010	34.7641
74.5191	18.2399	483.9371
64.3771	164.9175	532.1532
48.4047	57.4343	205.7505
119.7804	101.7895	284.3074
130.0841	83.3710	73.7936
59.0249	80.1149	310.4547
35.4184	119.5945	226.1778
31.5024	87.5114	314.9653
13.2982	148.3687	92.1945
71.5121	57.3246	0.7209
34.7534	138.6477	225.0145
173.6753	60.6678	254.1700
25.3126	86.8416	13.8124
37.5836	57.8303	168.8081
59.2339	94.9356	224.7740
93.6185	20.0335	39.4184
128.0075	33.8752	434.2601
28.0776	23.8228	338.4438
161.7721	70.6414	230.2824
124.7237	132.3442	43.3394
43.9256	44.6480	29.7332
149.6163	125.4405	335.5855
162.2106	164.5400	422.4762
108.9817	151.0289	526.0155
106.2798	46.8286	459.8094
149.5182	131.0298	269.6997
153.9914	123.4348	53.9151
80.4770	126.0046	325.1750
12.9647	3.2466	370.9527
108.2898	78.0437	213.1308
48.4043	86.5885	212.4596
89.6283	124.8167	21.0235
138.5098	103.0282	67.0738
89.6259	175.2847	290.0488
121.9543	83.0373	202.6717
15.4554	27.2484	20.7589
154.4045	24.2459	435.0497
34.8252	127.2070	266.5267
107.5051	76.1067	339.1378
44.8384	106.9015	72.5876
157.7713	78.3080	336.9105
165.7765	37.2210	199.2625
5.7927	160.8498	496.4039
168.8504	166.8250	541.4185
173.8620	83.0291	462.4480
22.3234	91.6006	168.3944
9.4251	40.0867	179.8396
38.9035	74.2756	224.6940
111.2918	148.8849	274.3167
70.1356	138.8002	435.0239
126.4285	173.6378	206.0695
112.5919	76.5665	147.3736
105.4446	79.8617	291.5386
172.7023	143.4338	285.3075
112.1760	64.7059	476.7365
112.8771	18.5323	68.9491
119.7985	13.8076	517.1006
54.6226	18.5604	393.9253
132.9059	169.1014	279.5710
111.4590	173.7873	22.4866
36.7993	1.0870	401.1530
112.4094	99.5036	502.3252
28.2764	28.9851	362.7151
10.2365	23.5240	480.4076
50.0811	22.4990	389.7197
170.4861	33.8667	293.2890
53.7467	130.1851	374.9228
165.9642	135.5062	485.8841
173.5581	27.9001	131.2635
14.6854	41.3869	400.6023
175.1349	27.0433	52.7151
73.7153	64.0711	477.1160
122.5154	123.5322	20.1182
151.8285	152.6509	445.1494
113.1840	74.8784	491.4470
91.9053	167.5641	78.4799
78.9862	44.6005	339.6905
77.3199	27.4360	492.2898
167.9391	144.1645	180.5878
63.1104	6.9087	163.4297
103.9379	42.5682	303.5634
117.3087	129.4942	458.9891
74.7306	32.2680	308.7264
18.5284	162.3630	9.2940
60.4976	16.9515	504.9612
157.2765	87.8237	142.6591
38.0549	51.3683	316.2464
70.2019	140.8243	9.0591
91.0370	143.0631	362.8999
134.5518	51.2444	295.1165
32.8595	2.9656	344.4320
77.4141	82.6072	169.0344
103.7849	100.4927	130.9539
121.7525	59.0099	525.2157
59.1714	37.6755	137.3361
160.0155	114.2559	174.5855
7.1682	117.9829	232.8120
95.8115	74.4208	497.9288
150.3620	40.7247	364.7213
163.9044	130.0307	482.2053
8.4497	24.5483	215.5285
158.1357	46.8219	410.3366
87.1681	9.4160	427.5752
98.5447	116.7036	512.0619
121.8917	31.7295	237.9551
166.4459	20.9205	394.3467
117.5923	167.2571	453.3236
70.3244	139.9371	238.6320
162.5723	149.1696	231.6286
99.6509	131.2465	25.7175
17.4067	138.4357	520.2815
100.3347	39.3956	182.9126
58.4888	153.9223	363.7280
74.6256	123.8542	381.8951
58.9755	47.6776	249.2369
43.7128	56.3531	544.8623
90.1335	88.0815	333.7942
146.3238	165.3457	531.4365
174.4154	156.6987	179.4215
45.5857	107.6053	176.7080
87.0409	89.5515	266.3185
52.6058	49.0311	439.4277
90.3647	63.2068	488.4758
124.2368	121.2971	422.7872
75.2103	149.7444	252.5298
94.8395	164.4808	20.2538
174.9750	53.7347	27.4471
10.8803	108.4085	323.3907
26.5257	17.0449	360.2678
102.0646	55.1277	183.2332
72.6128	108.1244	385.3337
55.9930	167.2517	192.5048
71.0232	97.5205	98.5307
89.3163	119.3537	182.9755
1.9562	96.5680	543.0942
98.8913	1.4708	205.5422
17.0520	92.3045	471.2721
175.1135	75.6328	217.1851
52.7972	174.0951	85.1801
41.7339	84.9084	23.9281
21.3727	7.1681	75.2550
48.8589	124.7770	181.7097
17.5818	27.8846	61.7796
174.3290	49.4003	535.0108
91.1941	100.8135	336.1671
48.3291	99.3365	446.8802
73.0728	60.7511	288.9094
142.9816	39.6470	504.2032
124.7832	160.5812	477.6473
65.0293	54.5061	358.2511
64.7812	56.6132	358.3842
144.1967	135.2757	182.4628
66.6438	59.1583	492.4051
160.3409	118.1471	180.2121
51.7849	24.6170	41.5612
11.6350	68.2307	171.4587
148.7401	168.6812	335.4397
94.8807	175.2362	227.1831
141.8691	67.6718	347.1051
11.8721	154.8097	141.8213
39.9813	137.4949	545.0310
95.2873	97.3267	501.4928
147.9081	32.4304	248.7403
130.9873	158.9405	27.0673
29.6922	126.5470	200.2422
4.1589	43.4521	9.9393
23.7251	92.9199	24.4080
65.8546	123.6717	365.1667
71.8909	36.1884	79.8922
167.2067	143.4252	485.1649
31.3740	159.9493	110.2180
36.1311	105.2819	318.3759
109.2369	169.2977	239.9805
137.4475	11.1920	122.8359
132.6848	82.5581	286.3865
142.6812	1.1945	119.3629
112.3007	18.9777	430.2873
6.3647	12.5457	115.4154
87.6537	129.0873	328.4244
120.2084	48.4806	66.2435
95.7555	31.7251	529.4781
60.0743	22.2201	311.4609
150.7760	86.5399	514.7396
48.6020	163.8119	366.9122
169.7777	101.5881	532.5237
59.9114	122.6596	361.4370
100.6502	168.1787	137.2091
135.5872	144.6557	147.8910
15.5682	59.0951	538.8108
89.0249	14.9713	448.8167
61.1328	91.7169	467.6955
172.7547	72.7782	99.5162
35.0527	120.5575	72.5462
68.0680	138.1829	285.4278
111.6418	39.0669	419.1704
167.1670	69.5438	252.4692
46.2355	35.2530	178.1280
124.2903	55.9648	461.0622
144.3605	91.8808	72.5715
119.8232	100.5152	283.1585
74.0103	35.4035	223.4709
141.3615	122.1330	531.6957
57.3406	163.4605	492.4701
75.1505	28.1289	377.9658
127.9407	17.2933	225.6143
19.1930	12.8346	149.2991
3.5470	13.0072	153.0552
110.3617	145.1115	100.7907
17.3761	87.9577	126.4035
113.7802	124.0427	385.0449
32.9578	20.8053	8.6339
26.3236	124.3935	263.5065
91.6541	46.1794	356.9311
172.5210	145.4544	401.5368
22.0939	107.2756	26.1765
122.1275	50.2446	71.1800
39.1261	120.9441	218.3880
58.4907	19.2967	70.8622
62.8547	52.5232	16.0713
112.2515	103.9647	432.4163
22.3855	112.7750	39.0240
116.8805	136.7912	279.5320
148.3873	137.5484	362.9431
14.0054	15.1742	422.5265
126.5466	37.9182	63.0179
57.7082	68.9830	481.2917
124.7989	141.6687	64.1972
11.1689	158.4517	427.8092
27.3245	3.6200	521.5234
88.4315	3.5536	11.2173
120.0311	83.3270	456.3580
165.1665	66.4387	471.1223
144.0543	159.1763	435.3663
105.5785	40.4709	11.1766
54.9642	63.7054	147.8976
75.8602	158.4258	194.1669
83.7078	94.3448	131.4179
110.2415	9.4020	138.4352
83.2127	19.3292	190.4373
158.8787	130.2964	115.4699
153.5857	149.2822	276.8524
126.1440	25.7441	52.7238
13.0264	14.1876	402.0515
69.5975	46.7529	504.4658
92.5637	166.2658	85.3092
156.5951	19.6187	279.8342
79.1361	33.2993	512.9920
37.2490	124.3382	3.9007
73.7166	81.3358	310.3292
39.7954	149.7775	256.4071
104.3734	55.7512	539.2254
27.8431	126.8650	509.1405
69.4454	40.7710	209.8242
81.5475	149.4807	455.1117
18.0093	154.5023	463.8556
125.7648	134.6714	473.8190
119.6361	34.9327	206.1590
107.5585	110.7272	422.2338
38.0492	22.2935	117.8468
73.3209	103.0916	453.0274
153.1498	172.0299	10.3062
169.7788	49.8647	365.7695
143.8519	128.9725	409.7697
30.5946	62.8603	512.6776
29.2236	72.0569	201.7820
128.8146	38.3311	112.8002
49.4494	8.4862	179.2736
105.3586	155.9001	442.2669
59.2574	96.5619	120.4391
107.2140	115.8376	26.1199
55.0219	40.9111	504.5497
129.7359	0.2803	359.0698
153.1074	106.4831	43.2996
0.1831	120.1361	108.5349
38.8407	157.4029	533.8690
96.8361	130.8802	313.9258
115.1605	161.6039	313.7406
156.5030	152.6497	426.0392
61.9622	115.1553	523.2790
132.0697	32.4232	409.2253
109.1205	81.3895	421.9321
1.2182	31.1553	53.1472
92.0260	15.7132	226.9275
93.1484	75.9641	94.7300
12.0108	104.1053	348.6199
158.4819	109.6170	340.5054
26.1486	94.7269	115.2975
148.0039	96.4473	384.9672
30.6808	143.4577	476.8830
33.2844	7.0389	386.5672
4.1439	123.7466	388.0095
86.8540	27.5781	466.3098
104.8214	55.8659	235.8024
129.0478	73.3204	16.9380
77.6740	125.8415	517.5434
95.0665	85.8138	167.0032
137.2362	85.6090	316.5108
146.4697	154.6945	415.0079
51.6375	92.5428	275.8389
147.5277	135.6730	532.4855
175.1180	8.8218	469.4997
13.4013	157.6488	375.9443
155.1688	103.1914	232.9224
173.7701	107.7280	275.7969
139.1057	3.6202	162.0275
155.5130	57.2061	320.1511
167.2329	136.3592	520.6270
115.8267	10.2742	189.8931
86.4590	68.7795	279.2586
15.7023	58.6556	387.6127
125.9665	25.3490	521.0392
123.2831	152.7149	479.3947
131.5407	103.0024	408.2336
31.6831	132.4898	195.0157
60.5104	14.2558	430.9607
79.5818	11.8697	54.9642
47.7626	154.4744	186.3651
144.4486	71.1354	243.2568
76.7990	111.2788	498.0960
142.2779	2.6481	469.9861
23.1009	145.5620	448.8835
59.9602	53.1968	49.9840
64.9709	126.1874	417.2987
170.5773	47.1168	168.4683
5.6892	66.2253	101.1483
175.3249	90.4480	374.1132
98.0815	35.0091	218.0921
44.4323	44.9336	487.0746
60.0024	36.0154	146.3790
86.2266	132.2066	189.3502
49.1042	91.1450	170.5150
118.4840	169.0475	451.0336
125.1389	105.2807	497.9891
88.3649	14.2950	209.7833
153.0665	56.9784	391.4703
64.6592	48.3826	469.5822
117.6471	166.8111	366.1931
7.5592	67.1049	311.3460
113.9976	79.4765	537.6698
95.8261	60.2022	331.9816
130.1413	39.7500	383.1105
143.3783	27.4930	504.8579
36.4074	79.8009	30.3667
62.9861	121.7700	427.3334
162.9550	100.5060	545.5238
5.8077	71.7861	103.9565
146.2227	76.4287	168.2205
147.8803	42.7372	289.0422
34.5870	99.9440	507.7298
129.0372	73.1090	380.8723
85.9242	117.4017	194.6060
107.8332	174.6979	152.6636
28.1975	123.7740	176.5343
78.2343	64.2732	263.5858
132.4737	51.8221	42.7674
131.6711	7.9551	165.0134
145.3727	56.0310	291.9850
153.7039	107.5475	141.2933
118.1934	72.0240	430.4521
117.4106	35.9004	50.4041
147.6706	40.8374	525.7726
63.9117	170.2983	4.8568
116.4812	68.8110	210.2866
119.0723	29.1122	29.9494
55.6842	67.6948	197.0569
57.4890	9.5424	415.0447
10.4511	8.4150	454.0077
42.6119	2.6387	371.5130
78.1865	139.7688	185.3777
141.4212	100.8684	183.0041
12.7837	14.6372	425.6742
97.9937	164.9417	525.1754
173.1365	159.0200	155.4711
170.1907	37.0329	328.5910
58.6428	103.9275	475.7676
162.7280	155.9104	32.9020
99.5344	38.8233	25.9026
91.6743	128.5633	1.0404
23.9859	168.7255	512.3778
161.9337	97.7666	343.3236
76.2875	94.8158	253.0494
143.6224	28.8267	495.0589
106.5254	132.0392	364.1723
54.5869	14.3287	282.1560
149.8623	99.4604	176.7413
122.4166	59.0726	228.0597
41.2257	80.2107	143.7909
11.7838	12.1099	495.2003
109.1912	169.7810	282.6947
119.2506	129.3342	385.2743
83.2320	173.8604	297.2075
132.5353	46.9288	324.1520
58.0889	77.3632	132.8922
48.1554	167.9543	61.8088
48.0374	41.8754	401.4842
123.5981	53.5426	444.5665
134.5004	113.8570	259.5904
173.2284	108.8101	400.7111
167.6449	111.1494	158.7448
113.0497	173.7234	52.2757
152.7986	47.6192	522.7328
106.3178	108.5818	391.4446
69.2425	2.9609	139.8176
73.4242	45.2730	164.9080
71.1475	45.1944	523.3020
126.5661	73.0846	154.7199
170.0134	21.7965	311.9190
83.6733	128.4658	318.7703
117.8516	110.4269	370.3299
92.7031	35.2463	376.6889
65.6302	104.2389	118.2485
107.0454	53.9414	331.1998
122.0457	84.7139	342.9495
106.2244	28.9755	95.2695
111.9701	42.5822	107.0818
56.0627	77.9088	356.4998
13.3544	92.2030	461.5235
134.7648	124.7659	455.1075
151.1951	155.4592	183.2214
54.5412	165.7994	402.4134
64.9242	53.8440	165.3912
141.0475	25.4943	271.1889
108.4815	114.2126	339.7265
47.4489	32.8362	60.4250
88.3393	159.3939	19.9506
38.9156	45.8075	397.7543
133.9277	108.7777	62.9808
18.5783	140.2862	514.7578
34.5869	113.1330	177.2300
105.6977	9.8373	148.0722
143.8482	51.8682	182.0499
8.7808	132.9783	458.1009
107.7476	147.1307	445.4241
163.4021	81.0824	139.9358
131.8670	6.7151	334.1112
37.8371	86.7152	358.7461
72.3260	113.6591	442.4525
77.6940	64.3277	140.6882
110.1827	115.6462	313.4307
122.4835	114.0243	294.6696
52.2639	60.0583	446.5848
168.0046	165.2472	49.2898
34.8001	144.7169	51.6885
97.7942	135.9963	295.2249
114.5014	24.3426	13.7006
12.9473	27.3748	65.9073
32.5167	138.4081	521.0713
14.3264	83.9572	17.2526
40.1260	145.7830	508.0720
104.2274	132.3034	457.7797
73.7871	53.1690	308.4040
164.9635	148.9948	103.4443
149.3108	110.0944	405.9662
8.0455	38.5344	57.2063
162.8040	165.2215	262.9034
174.2529	128.8333	231.5708
19.2447	73.9454	290.4067
3.0624	94.6395	523.8146
74.0375	117.2948	350.4846
121.3335	21.8252	157.7736
46.1869	2.6595	336.4597
130.5629	107.8051	211.1202
82.2384	79.2907	89.6389
28.8752	60.4203	161.2015
62.2857	37.5139	66.1025
133.1746	105.5172	292.4842
156.1665	117.6543	26.2918
83.9502	165.8694	519.1510
15.1768	58.9515	58.3195
62.1879	126.2009	190.0053
73.0092	28.8915	264.7001
83.9881	114.5700	296.1753
16.9925	158.8413	110.2734
156.2733	95.1827	254.9471
47.0565	169.8618	307.0388
172.4999	167.1621	116.2434
145.9842	157.8862	80.8961
171.3604	75.4027	281.8836
44.8539	19.3240	136.9687
18.9268	15.0887	418.4179
125.9125	40.7017	58.0171
36.4550	91.4153	225.2753
9.0966	46.8221	313.4664
145.2282	114.4706	22.2625
131.6610	53.8050	394.4766
126.4194	27.1679	543.3602
26.3024	103.8950	179.0966
37.4860	116.9606	67.8241
64.7715	5.9055	393.7926
43.8782	87.7740	461.8225
141.2054	97.7398	188.9885
0.7395	84.1961	281.9620
13.2726	173.2910	520.0575
168.8933	124.4197	373.9785
88.6742	102.5207	139.1103
161.2978	130.3677	283.5139
143.9651	150.2595	245.4253
172.3572	165.3585	90.4298
132.2687	57.4017	398.9687
63.6775	72.4138	479.5245
78.4224	150.7432	306.5370
2.0613	22.7387	525.5600
50.6805	10.7322	133.1171
160.5233	86.0510	235.5504
7.9445	33.0257	49.2309
104.6610	111.5487	341.8810
12.4374	97.4232	200.6335
34.2868	107.5804	64.0299
45.9878	35.5872	228.6754
135.8255	35.5596	319.2258
51.8688	86.8502	473.7836
12.8224	10.6435	513.8586
56.9088	110.2542	7.5737
60.0012	3.5666	143.0152
136.0062	38.0338	201.3537
54.5436	60.5648	309.7170
22.8853	135.2610	92.1478
90.4909	94.8030	403.8427
98.5364	26.9835	243.8467
117.6448	89.1262	189.2682
39.9791	96.2599	279.0229
23.5891	134.5699	149.9217
27.8414	97.9000	419.1042
13.1268	133.4457	353.5410
46.0590	48.1736	312.3193
50.0550	149.8403	425.4010
161.8998	124.8845	192.3654
36.5591	66.5744	225.9409
29.9790	126.6437	242.6360
117.2537	69.7799	291.5872
28.9626	151.3520	535.7316
128.2377	141.7945	7.8086
31.9393	174.3134	516.2720
159.3930	102.6008	23.1603
12.5808	78.0823	233.7576
18.0434	52.4371	250.8248
61.6987	106.9309	113.6245
64.7104	141.4140	20.9259
174.7110	93.6637	284.5225
74.6680	32.0049	91.2841
74.0275	136.5935	451.7585
125.0267	107.9209	9.0741
32.3950	110.3174	72.6524
65.1847	163.8529	274.3835
30.0004	140.8241	498.3233
163.6333	60.0048	526.0304
38.2939	87.8582	234.1464
121.9337	155.9618	471.7925
157.4763	106.9868	102.4317
109.7429	135.7897	342.1277
84.0640	23.8380	280.3220
157.5479	159.3901	209.2293
164.6878	69.7299	302.0495
39.1051	44.6288	314.3691
68.6346	53.9307	201.1976
116.4462	95.8975	70.6314
152.1939	80.7111	447.1303
76.7539	83.2189	125.9351
120.1213	107.1209	11.7037
18.8739	104.0179	215.4357
45.5709	13.7061	123.0599
18.2107	126.3917	51.2449
144.3253	118.8067	47.3556
138.0213	134.6966	296.4560
66.3216	100.2906	101.7670
103.3213	154.2866	533.9064
115.7097	41.9780	527.2128
162.4735	15.9482	330.9809
127.5309	40.0887	118.8423
55.3451	6.9214	179.2410
6.9258	7.5321	491.5868
26.8409	130.4682	220.7111
33.7275	81.0967	403.8414
98.1506	44.9077	285.4524
131.9330	112.8315	180.5306
130.9331	109.8237	228.1076
109.7986	69.6121	474.1191
118.4998	117.4736	35.9176
158.5460	60.8187	314.6521
84.7996	171.6666	365.6085
65.8615	64.8997	473.6363
173.9908	132.2975	33.8902
17.9362	164.8917	483.2106
95.5368	128.3146	422.8377
112.2598	166.3750	475.7367
43.9708	105.2188	135.5158
100.7899	42.8842	543.0814
114.1930	40.8714	93.3551
2.9331	50.1201	137.3988
163.9705	42.5116	61.5644
59.8941	141.0566	448.4220
110.1554	60.7051	305.2409
173.2207	94.5072	289.5352
163.2485	71.9094	223.0480
67.0294	113.3755	361.5560
2.9882	31.4703	416.9918
63.7433	82.2220	161.3171
49.5988	47.6698	511.1880
100.7419	11.2000	324.2856
73.1551	0.4468	45.8698
60.6905	63.5426	541.7618
123.4436	114.0123	356.3077
63.3539	47.9938	397.8156
5.9977	52.1346	13.6956
94.8837	13.5884	209.4881
0.7402	27.7127	204.9423
52.6695	164.0426	353.5168
64.5311	47.8655	458.4726
79.6920	40.5461	59.8347
173.0331	79.9945	476.3139
172.3178	16.5477	502.9417
127.5879	112.9622	411.7379
173.9463	129.6673	130.3029
5.6502	159.6894	245.7072
123.4063	168.2186	246.7980
145.5251	48.1389	130.0796
25.8721	11.9389	463.6421
122.7464	130.6613	136.8854
54.5082	39.8256	53.3887
139.2287	155.4576	27.2782
0.8699	92.8138	279.5203
153.8373	163.5675	339.5976
148.0360	99.5175	273.1058
95.5845	98.1853	460.6898
92.4259	100.3936	387.9398
142.9314	97.1138	379.4015
44.9110	49.5050	484.8151
17.7218	154.6962	161.8623
103.6450	60.6461	142.1242
132.1519	19.7427	19.6576
10.1255	151.5433	80.8854
10.9052	87.0210	12.8161
127.8439	24.7377	119.9774
28.7473	20.9223	419.1934
149.6197	105.6520	28.6079
156.7924	49.8743	267.5537
171.9147	144.8050	207.3446
116.1989	11.1192	105.0647
112.7239	118.8846	486.8955
8.3198	135.6424	496.3069
123.7577	127.1451	318.5755
107.0931	132.2475	447.7238
16.4733	21.9168	491.9809
6.4607	87.4343	287.2945
55.1291	146.0947	495.7714
116.3147	69.0162	314.3032
33.7928	43.0295	37.7627
128.8226	161.5247	440.7326
30.7673	141.7772	459.2568
146.4905	139.6399	405.3743
11.3714	63.0849	301.1473
152.5880	160.6022	96.9834
39.0381	32.0936	84.4378
78.1961	125.2626	394.6452
11.7709	71.4393	175.1400
87.4596	23.7798	338.5291
51.1855	111.6717	277.3450
41.2550	135.7176	322.9877
159.6503	145.7817	182.6620
64.8265	17.5113	536.9571
1.4392	41.8836	184.7577
28.7874	46.6116	158.9275
86.2296	59.8921	293.0879
164.3610	133.0066	297.7407
117.0163	116.7920	14.5049
60.3519	32.0928	401.0926
43.9762	48.3313	140.6723
54.2778	121.0038	328.0322
135.9599	49.1725	444.6378
35.1205	44.0310	99.5935
163.2394	21.3707	170.1816
82.6287	86.6139	318.1324
9.6029	28.0369	113.0467
23.9008	155.7586	35.9342
107.9387	69.6861	197.2321
42.9072	7.3308	75.3356
112.4838	95.6477	149.3436
42.5004	163.9961	295.5328
60.4567	46.0039	151.5640
30.5882	93.9974	165.3990
122.9025	106.3726	513.6521
11.7612	77.1052	170.5220
91.2854	33.7368	386.2210
140.6742	102.4378	376.0284
20.5654	119.1162	491.6382
93.0942	45.2103	272.0793
135.3634	108.9756	64.1887
0.4332	169.6385	30.5774
84.9793	122.5719	535.2698
109.6253	130.1980	245.2568
88.5284	146.1505	271.1548
174.7732	101.3576	334.8429
173.5127	61.6957	268.1813
83.2195	166.0323	518.6351
144.2427	109.0094	357.8660
118.9293	49.0043	24.3770
37.1503	27.5396	132.6587
85.6823	108.0029	287.8215
25.4293	77.9873	274.3243
32.6239	97.7192	115.3647
90.4781	152.9784	516.1966
79.3994	150.4293	456.0975
111.2935	59.2464	431.0537
134.5489	88.9801	0.1614
48.6564	37.7707	258.1447
137.5959	25.2379	426.9882
164.3018	1.5512	179.2902
151.4919	158.5389	186.7404
28.0485	148.4307	333.2980
112.0999	61.8307	311.6025
173.3265	130.9612	86.0380
7.9311	137.1182	277.1397
23.2993	56.6154	519.8928
169.3305	2.7828	276.4189
2.6871	140.4256	25.7321
18.7402	122.8189	444.2469
98.5562	76.1752	186.2238
154.4635	137.2765	356.0568
81.3335	101.2907	310.8851
85.2402	25.1377	132.9762
2.0135	10.4328	94.6360
67.8474	140.5837	516.8432
116.8028	114.8435	395.0269
121.6957	0.3863	93.7284
63.2804	64.0400	65.3481
69.5571	164.9752	87.8034
163.0506	26.5688	92.6390
60.0122	30.0778	289.6046
156.4794	48.2612	542.0623
96.3305	141.4146	265.7771
158.5871	116.6131	289.3619
102.8483	8.7650	451.1095
130.0221	33.7107	120.6393
80.4319	131.9560	294.9069
28.4946	42.2734	230.4275
134.8941	44.1065	490.9729
138.4576	131.8722	14.7516
122.7397	34.9105	436.9668
2.4445	33.8324	141.3771
56.1250	109.4708	293.6576
161.4945	174.8082	58.4886
146.4695	90.6205	210.5200
75.0780	7.5284	19.7389
57.8819	96.6079	130.7824
71.8875	91.2777	203.5170
35.2361	108.4276	46.9766
100.0824	29.2436	203.2126
4.9415	53.7744	310.3455
115.1472	53.4832	349.8860
127.0048	151.2010	133.0660
47.8444	145.1906	336.8606
123.5385	61.1574	523.9012
116.8530	85.5534	489.2984
157.2698	39.9461	170.9367
84.6641	15.0099	210.6860
84.6828	48.5572	68.3464
138.7993	97.7293	80.9888
73.4383	94.0620	534.6743
48.9361	139.2116	476.8342
7.4457	1.2945	350.6897
153.1428	39.0653	295.9301
50.2925	144.4762	8.2366
109.8706	65.3552	264.5749
120.5820	165.4138	457.4612
71.2475	158.3756	356.4610
10.0806	43.0504	40.4188
42.6568	127.6876	313.6207
86.9456	49.2324	243.3623
45.3772	117.0871	166.3740
165.3330	127.8469	141.7798
52.0473	47.2922	198.0261
96.2465	136.9148	496.9407
120.1009	100.0028	385.6308
40.4529	83.8512	480.4071
57.8809	49.4003	392.4735
173.4914	111.8455	94.0728
14.4933	128.9372	281.2657
77.3907	146.5107	508.3803
76.3289	101.2363	193.9618
125.4589	162.7804	247.2143
35.3725	143.3178	103.9939
168.1653	4.8106	90.2476
63.4079	160.2235	310.1061
119.4546	88.6463	121.5763
89.6293	136.2899	168.0408
67.0039	57.9279	212.5343
122.3020	143.3030	431.8010
14.5253	103.3986	356.0335
107.5651	132.3949	453.7403
61.3456	6.7658	208.4801
108.9123	159.4592	197.2710
114.2281	52.6989	308.5549
61.6773	83.5183	424.8480
63.1848	61.2190	264.1888
106.7096	10.5657	107.0779
90.9048	147.6854	527.7459
9.8482	97.8684	30.2639
87.6421	16.1447	151.9172
150.2779	48.0933	248.5288
29.7376	165.2192	167.1269
144.5020	58.0319	416.9251
71.6789	126.0257	119.9879
71.9874	147.2076	485.6487
30.8930	82.3584	33.9973
4.3392	142.7564	326.3845
80.5910	154.4577	226.4566
105.3669	104.4858	232.8633
2.8227	25.7962	211.9296
147.0689	40.5757	234.8050
74.1763	163.4321	192.7572
74.0976	150.7717	471.8074
127.7634	79.2227	433.6655
39.7395	172.1676	392.0858
161.1952	6.3093	341.8970
84.6283	99.2816	231.9949
23.0681	108.9853	458.5973
36.0777	111.8136	33.7775
122.1580	169.5671	171.8885
105.5405	20.2713	117.8665
12.5320	58.4244	258.3622
57.7954	48.8162	449.2546
106.3894	74.1919	325.0457
81.2280	122.4884	522.8844
34.4265	161.2552	83.7009
131.1369	158.5862	344.3186
18.3985	67.9786	164.1553
51.4633	38.9080	61.5836
85.5837	119.2430	464.6087
61.0966	50.8784	389.5927
80.6084	142.3603	157.6976
29.5808	119.0356	87.4697
19.5419	62.0203	196.5755
6.7709	25.5094	98.0766
111.0719	106.6999	133.9982
10.3977	89.7122	257.3746
66.0919	53.7810	194.4131
171.4757	51.4239	188.5011
85.7974	120.5611	415.7333
158.1477	21.4056	422.7410
51.8281	119.0251	303.7024
130.8979	154.2172	483.4746
141.8687	17.1077	143.6412
5.1889	139.6765	126.3233
81.4399	2.8823	275.1726
41.1173	24.7131	469.5693
148.6532	18.6640	546.7057
172.6337	137.5603	319.4280
91.7148	137.3910	447.2368
25.5937	127.4379	84.5043
92.1868	15.1243	254.8547
64.1036	49.5454	74.8194
112.2137	141.6379	146.1866
116.0678	154.3672	530.8280
157.8997	115.6129	151.1598
10.8820	115.6860	237.8207
99.1711	94.6024	1.6529
46.5540	150.8879	395.7201
58.0912	138.4731	428.9052
125.5920	47.8159	232.2495
24.6879	78.8744	68.5659
150.7739	11.1636	56.7630
132.5354	21.3524	411.3586
149.3795	130.0680	276.5532
72.8271	6.9846	251.5669
147.7116	109.2596	379.7275
104.3124	113.4849	503.7750
2.0996	0.6834	190.1413
131.7045	4.2145	107.6276
78.3347	145.7684	395.5444
35.8361	144.7654	433.2733
109.5417	64.1359	37.7306
34.0372	113.8394	73.9764
34.7515	160.1311	250.2587
22.7324	90.4019	111.1910
6.9030	98.8974	160.4412
124.2648	137.6344	48.0819
26.7407	13.4547	412.5919
7.6311	18.7601	241.6373
51.3730	141.2128	354.4428
102.0710	67.2413	374.2031
1.0220	100.7362	27.6144
165.1381	138.5544	443.9070
101.7347	164.8177	46.1889
91.7392	93.7588	154.7426
6.0083	62.0315	127.0849
143.9722	112.5081	535.7219
119.7926	46.9409	414.2598
27.9936	52.0289	88.1508
51.5488	60.7361	19.2213
160.0929	68.8039	372.3677
43.3876	164.4519	305.9854
156.9335	79.5214	316.2442
46.9193	82.1575	115.1296
78.1565	151.8587	458.6815
150.1061	32.8762	521.8283
119.5953	163.5355	478.1009
113.1500	38.3719	413.5764
80.3938	120.8007	412.4923
139.2387	28.9661	281.8285
47.1302	82.3607	125.2511
50.7511	116.5081	286.3850
121.0805	131.4055	516.8829
40.3201	60.2514	266.8818
63.1125	120.2569	226.0741
148.9981	30.8336	428.7206
14.2699	21.9013	420.5033
53.8103	7.2029	114.4192
112.1274	170.5801	353.0045
168.4228	20.1907	430.1430
12.2494	132.7503	426.1478
16.4332	153.6003	137.4983
65.8844	141.9289	481.6574
140.7724	148.3681	473.8144
174.7195	152.8733	443.6867
167.6101	169.3945	303.6884
93.2682	100.2580	235.7026
30.4033	103.2998	205.3146
110.6891	162.9708	545.3940
39.2721	135.3068	142.8161
53.5981	127.1443	318.6795
97.2383	132.6756	255.7366
33.2790	142.8253	62.1008
3.4037	26.5578	445.2558
164.1460	96.4290	441.9263
52.5231	37.2115	422.4502
0.6061	137.4352	307.6143
25.5478	22.8578	8.4736
51.4235	141.0485	101.8154
89.3131	149.5891	200.9735
75.3150	27.6654	42.8312
164.1436	168.9777	56.7380
160.9471	71.1161	447.1557
124.1185	6.8425	11.9940
47.0069	2.9490	230.9660
110.8138	61.6451	52.0058
55.2352	51.8067	72.9773
127.0365	170.8136	454.4405
152.7872	84.7268	251.7632
33.3591	18.7390	375.2838
151.8541	56.6832	509.6661
23.8022	50.6778	9.3937
0.5134	74.9225	197.6369
123.3010	166.3793	337.2419
24.5337	137.5748	52.9836
146.3338	38.6450	312.8178
1.1680	78.0013	501.1664
78.2370	72.5967	185.2636
37.9647	25.3614	74.2012
107.8043	7.3281	309.8407
105.1439	43.3214	532.5654
97.7915	125.1493	213.9846
115.0678	74.6736	437.1750
120.0746	157.8664	413.4233
55.8218	135.4115	537.6672
115.8727	19.4892	383.1452
157.3362	76.7668	49.6603
46.4988	122.7012	84.4846
140.4548	137.9486	122.1982
158.3062	52.1002	89.5937
106.0634	54.1568	61.8943
39.2776	131.5643	162.9949
118.6019	157.9050	456.7303
138.2721	106.1622	351.0831
26.6403	116.3170	401.7214
141.0040	143.5271	516.1903
46.3515	154.8899	291.1191
23.2052	159.5700	326.4573
121.3835	77.3787	415.3427
110.7321	22.4044	111.8813
153.7571	7.6961	78.5124
44.5682	92.9907	365.1706
148.6424	118.1143	61.5067
5.8942	82.3377	47.7737
136.8572	10.9626	478.3574
94.8646	95.0980	9.5845
128.3653	64.4166	90.8431
136.6132	154.4937	106.9944
121.6248	164.1328	257.0570
3.4626	150.0656	54.5070
152.4004	90.2489	377.4549
120.0764	71.9945	509.3318
32.6026	166.5178	33.8208
8.7425	139.6722	476.3341
137.6925	73.7629	441.9526
90.2424	173.0014	154.3253
88.3915	82.6475	265.1584
43.6445	153.3096	336.0818
20.1900	141.1847	350.8217
80.3415	132.3329	409.8437
14.7862	78.0957	253.0106
149.4018	122.0538	244.4721
24.6872	79.4323	53.9949
95.2148	31.1434	44.4847
123.5858	162.0623	300.5869
90.4019	31.6711	398.8662
96.9650	34.9009	514.0516
120.6834	58.1798	468.1957
90.0077	159.0263	73.1572
27.5054	15.5308	213.8441
33.1857	151.2643	348.3747
98.9202	116.3590	168.4043
67.8184	133.8688	401.0579
172.0425	93.1167	464.3171
155.6093	117.0595	421.6510
61.9988	143.8381	149.1336
78.0206	52.1207	482.2121
130.5519	88.0396	174.5811
29.6566	118.5882	261.6118
40.8834	140.8415	55.7425
145.6153	40.4428	337.7924
144.4341	163.3393	161.3032
139.9016	12.1890	330.8151
11.0310	143.7839	375.7829
41.2411	115.6135	124.4179
107.3937	24.2600	91.3394
75.5809	111.4741	73.7547
13.6102	84.1772	536.0381
55.9133	17.6239	263.9661
147.2609	134.7233	148.4854
132.9219	53.2672	36.7725
62.4287	32.4977	282.2383
72.0592	147.2589	241.4421
65.7213	103.5000	371.1874
125.2581	168.9907	252.4173
12.0508	89.3371	380.6536
18.1934	112.1175	299.7584
46.5590	8.6595	72.5230
128.8917	42.1498	361.9888
89.7205	173.1898	273.8727
43.4987	155.2935	8.1137
121.1494	148.2395	142.0599
16.9052	134.3377	422.1467
57.1275	96.1158	539.1491
6.2401	97.9440	109.5443
59.8038	118.2569	527.0593
38.0059	25.9296	168.3486
1.1323	170.2147	385.6315
147.0459	70.5219	233.9587
166.3781	149.1418	458.6933
8.7080	52.5283	60.7677
44.5052	109.5666	239.3716
97.6891	28.2073	518.2714
12.8399	82.0495	243.1063
66.8807	63.9874	225.8116
49.7869	160.7371	64.6648
127.5214	53.5386	544.3142
42.6840	135.2551	137.1173
113.5563	72.4988	447.6639
91.1960	130.4137	167.4233
46.6240	116.8228	51.1427
41.6764	156.1698	255.5568
96.8288	21.5497	245.7192
132.8701	47.6211	451.1999
99.7953	167.8904	328.1384
81.9242	62.5331	275.3758
164.5732	122.0836	404.8437
60.2830	51.1465	13.9199
60.1535	166.0006	347.0842
105.9397	61.2787	373.0991
123.0239	15.0118	42.5683
17.1936	128.1442	296.5131
151.2272	162.4720	508.9090
122.8972	9.7548	239.0816
67.1696	135.2475	509.1695
57.0446	73.8622	379.3664
84.6067	145.1976	500.0029
162.7305	165.1136	280.2911
3.9209	116.7389	406.7066
89.4245	141.2202	72.1284
153.0456	44.7377	168.0422
83.5310	144.0577	270.5348
164.6610	11.8031	517.8454
114.7562	37.1922	53.1594
5.9732	58.3132	247.3965
63.6184	167.4577	421.7740
141.4387	148.1688	65.0072
135.1144	137.7133	466.8017
3.5281	8.6969	170.0081
55.5718	162.8815	154.1741
112.8022	99.2016	88.0641
47.4941	132.2603	433.6768
138.6920	107.5272	171.9501
145.2770	155.8603	410.9794
40.5238	93.1306	6.4932
96.3403	51.3921	278.4326
53.4721	11.9299	16.2389
102.8819	155.7884	528.9069
148.2176	129.9331	154.0511
110.0409	131.0725	26.7653
47.8034	73.7955	105.3976
50.3075	140.7020	185.4780
147.2864	172.2097	415.8793
149.7725	106.3977	35.2931
87.8117	35.6895	539.5957
146.3648	151.7721	283.0564
139.1678	25.0676	495.3985
22.8209	123.2135	70.0099
116.9192	70.1339	163.9133
53.5974	53.5362	229.5463
34.3040	68.0761	430.5307
78.5198	140.8390	270.9375
122.4845	33.9560	311.4415
9.5891	126.2831	89.1443
47.7010	22.2690	308.1584
82.1421	115.5265	219.3687
55.9994	51.5993	78.9224
149.6721	96.1825	153.9691
4.4816	150.5396	332.0973
52.7571	76.5241	412.8217
69.6490	155.7029	159.0678
72.4023	118.6623	130.2773
82.9404	112.5979	85.7497
162.6939	1.6035	253.0465
122.4506	166.8265	1.2751
60.3116	165.0812	125.0178
17.6771	12.3354	439.8047
21.7346	109.0392	24.6223
81.6946	4.9858	288.2752
4.4870	98.5285	471.7598
155.0234	32.7413	307.4447
170.4796	154.7738	184.9208
32.8125	162.2614	531.0588
54.0369	72.2908	40.2948
166.3345	26.6804	241.0780
174.2371	107.6043	70.0708
119.2894	108.4977	12.3081
51.2103	165.5892	240.2548
26.7538	120.0726	186.5761
31.3202	159.9379	258.8756
27.3489	156.8527	323.5852
128.8739	35.7711	226.2792
88.2196	6.9742	467.0938
35.7889	156.6643	298.4502
102.9686	175.2362	113.5282
1.4144	27.7814	66.3835
29.6713	46.5858	94.8106
161.1165	137.4138	504.1482
97.5125	91.6011	278.1757
164.3157	13.8220	316.0152
78.2214	107.4683	257.8872
106.1863	113.7095	448.5098
99.3766	77.9466	363.9076
44.6839	20.2462	178.0835
155.4938	22.6753	447.3194
150.7592	119.8515	265.7061
30.3672	48.5486	394.4470
175.2824	141.6143	124.0467
163.8430	129.1820	28.2130
117.6081	53.9756	88.3466
126.1800	164.1004	360.7917
57.2484	58.3768	482.3625
70.0178	71.8847	414.5876
46.8385	25.3509	277.1384
54.6678	31.6475	97.9426
14.3323	106.7999	360.3444
106.7136	162.2443	210.1686
122.7894	82.1141	2.9356
135.2183	84.8554	117.8061
166.6441	133.1657	8.2486
172.3471	40.2075	333.8049
174.4082	74.0750	157.0818
114.0872	166.8218	365.3544
88.5407	57.5333	234.9715
86.7590	42.9213	4.3230
27.2923	117.7189	391.5832
72.0922	147.1347	119.7438
19.0394	116.9467	488.7037
48.3396	14.5054	66.4135
9.3557	51.1776	117.5090
39.1851	0.7828	542.7468
166.1150	71.2888	509.8493
59.7897	35.9147	296.2087
89.6687	135.7297	433.9556
65.9330	126.1157	255.5030
11.5928	132.6623	275.7750
112.8859	122.2023	406.8316
44.9577	78.5032	524.2534
38.2648	11.0305	352.3000
148.9732	92.1546	265.9938
53.8424	77.6359	320.8674
99.2092	28.6469	145.1693
96.7784	6.7551	471.1218
153.1002	45.3092	73.0740
59.4882	1.9496	319.8492
63.6812	37.7300	478.5256
10.7770	47.0445	413.0598
173.0510	121.8742	390.6977
137.4817	166.1417	331.1802
85.5549	33.6534	514.5068
109.8724	86.7719	542.8996
167.6182	44.1355	546.4197
132.6719	160.8257	368.3530
47.8100	42.6987	438.4820
133.7437	34.3094	451.3916
74.7772	76.0361	285.2259
110.6404	74.8836	286.8770
158.0199	149.5383	262.2081
71.8044	42.7763	174.4256
81.5048	109.4883	406.9753
38.7274	88.6490	207.4912
129.7400	126.7179	376.3611
149.9095	18.5568	115.0662
56.3862	108.1874	485.2285
129.8685	75.9857	423.2991
131.7806	62.4230	344.1906
47.4933	16.6646	469.6358
21.9284	83.6607	185.9325
65.1554	142.8484	402.0803
145.7251	2.2196	472.5571
15.7199	6.3298	7.8448
137.8773	4.6499	487.0162
57.7052	129.9050	374.4653
12.7567	116.8366	318.1227
26.7635	124.9976	197.5296
144.3454	157.5775	13.7893
93.6352	82.9879	176.9412
161.2887	67.0345	493.3749
59.4502	94.6647	250.0508
99.2190	4.5022	238.8751
107.7899	89.6677	528.7362
4.0698	95.2019	27.6330
132.2996	1.5199	288.5196
166.4633	40.8698	394.7392
22.9633	158.4929	235.6317
52.0166	1.8827	479.0026
73.9928	61.9835	463.6092
155.1327	151.5021	398.2051
52.2794	70.0600	153.3069
28.6789	18.6220	73.9041
87.1663	158.0362	476.8802
59.8671	62.7692	314.9191
47.4168	58.4591	252.6301
116.3886	104.9084	499.4072
145.4528	148.7830	399.3120
152.5145	34.5786	214.0511
80.7612	22.7604	412.7505
104.3914	146.6187	279.7766
88.9087	22.8650	79.8379
63.4568	137.8071	545.2042
149.4642	122.3899	524.4775
159.3907	71.1865	465.4266
54.8986	166.8981	474.1616
49.7795	173.1292	177.7614
13.5261	25.3419	150.2458
90.8601	36.2014	261.4334
30.6473	126.2155	402.2931
67.4672	114.4595	115.6241
49.7405	3.0501	547.3204
59.9402	128.8353	156.7564
104.8293	39.2662	524.2001
149.9551	12.3730	540.2842
149.1678	62.0264	104.0383
168.8759	28.8540	55.7235
65.0871	170.2362	421.5409
149.5992	23.1589	468.4190
48.9150	55.3672	471.0207
130.7178	83.6394	52.2589
28.5153	161.7669	364.4130
138.1198	125.1471	530.2289
138.2101	153.9331	292.1937
168.1885	36.7871	263.8118
121.7198	84.8716	130.1944
153.0771	3.0477	460.9841
58.1744	3.6772	258.5517
33.9241	57.0752	168.5708
31.4790	6.5478	283.7836
13.3614	70.7259	277.9564
56.4288	118.3444	145.0140
109.0742	69.3120	277.4878
92.8745	116.6347	76.1193
64.9071	11.1416	322.6968
169.3883	6.0860	459.6845
95.4343	136.9022	442.4327
159.4996	78.2527	208.7037
103.1174	90.1319	89.1084
142.0900	118.7942	239.7014
40.4040	43.5734	248.9628
161.0331	155.6375	226.2411
127.6917	45.7496	129.3030
5.4613	170.9755	470.9753
107.7652	9.0402	282.1011
78.4745	154.2242	141.7629
116.4327	37.2296	38.4357
18.6078	30.0590	172.8020
175.3124	16.6074	201.2351
163.5047	146.0694	247.6486
79.9302	83.6529	309.6867
33.9866	72.3546	128.3007
27.5290	129.0935	243.0464
161.4788	117.3152	410.6770
18.0628	72.1141	350.8706
106.2815	90.2094	288.0721
40.9629	91.7903	485.5211
113.0599	55.4142	260.6521
168.0561	138.4172	291.8194
88.6145	38.5826	527.3581
64.5541	37.0531	139.4252
121.9697	129.1794	516.2401
165.5575	55.9057	149.2048
121.1652	151.0377	302.5674
166.6298	124.9102	376.6315
24.0324	155.1781	324.9656
121.1850	160.3626	176.7327
26.1944	82.6339	203.5212
96.1883	83.6156	73.6803
167.9134	18.9245	150.4768
19.2836	25.8012	162.2398
167.3025	43.7912	522.7321
167.4038	136.7247	364.0797
152.2996	50.1051	211.8065
116.0965	150.6020	250.0334
156.6863	168.1760	105.9865
171.9505	120.8711	219.3097
116.7556	13.4971	354.3994
174.9428	33.3473	223.4098
56.0960	123.0350	1.0214
120.4581	105.3319	111.0297
163.9694	62.3232	336.7680
158.6698	41.0460	85.1983
134.6212	74.7771	236.5805
140.8599	131.9798	121.3443
162.8761	126.6887	292.7444
107.0629	39.8316	475.9492
59.6463	82.1562	143.3096
77.8300	3.3747	537.9002
156.4474	19.4442	463.8512
21.6487	27.9502	101.6692
104.7162	114.1280	415.7568
23.9950	119.5193	60.8305
29.0708	2.8362	163.1421
117.1256	103.5759	501.8211
78.9143	118.4078	174.4517
39.8358	151.9723	439.7347
158.5453	20.5965	87.6096
151.4681	88.7275	52.7799
157.4298	117.8051	97.9222
25.2514	123.1970	200.8464
131.6891	74.9685	181.1863
47.1020	171.2566	420.0994
4.3888	36.1080	146.4098
150.8136	153.7870	175.7768
159.0495	85.0097	461.4678
113.8685	25.7394	79.6198
62.3489	128.5392	396.3719
125.2891	3.2863	327.4677
20.0611	82.8957	188.5924
66.6239	58.4988	332.8818
100.8683	81.0592	425.6878
76.2819	133.1671	241.2076
125.7934	49.6876	2.5773
74.5490	51.8904	18.5573
26.5948	129.0836	412.9299
92.3164	120.8092	54.3001
148.6886	109.1447	58.9733
56.5936	9.5865	258.0823
162.2214	131.7373	426.0591
27.0266	22.6556	428.2989
22.2604	41.0046	230.7222
137.1965	99.8210	23.2470
86.7553	38.2738	306.4013
94.0494	169.7284	388.0726
98.6808	76.7017	11.4765
131.2128	163.1430	92.9860
164.1738	153.6853	458.9209
158.9997	165.5392	332.0777
157.6757	89.7175	275.8527
83.2420	107.7136	493.2996
20.2179	99.8868	87.5528
29.0263	162.2698	150.7586
41.0892	62.4731	455.0182
109.1259	142.6801	44.4549
120.0089	54.5509	36.9255
64.4503	169.5459	259.2619
31.3569	159.3082	408.2003
127.4423	97.7908	409.7683
18.9438	117.2383	324.2121
112.2372	67.2320	427.4067
133.1212	82.3973	171.8231
137.2026	144.9589	296.8343
42.6765	171.0909	224.1663
22.1723	101.9574	12.5136
170.2973	85.6877	503.9967
81.5583	13.6505	149.4693
139.6649	145.6702	208.3671
53.0992	27.8502	81.1965
91.0257	52.9578	90.8536
154.9159	49.9448	410.8303
113.2108	3.0146	21.7219
51.3310	116.4718	291.0927
84.7358	18.2737	217.0853
116.1830	173.7891	117.2566
4.3529	147.4605	495.2550
137.6875	125.3562	390.2406
28.6090	11.6720	238.6051
104.4048	155.4471	393.7916
110.2588	86.9714	239.2714
89.7120	39.6920	78.8987
103.9913	142.7304	456.7932
93.3874	152.0134	501.7525
82.4215	166.5376	500.6294
163.5188	115.5194	195.4769
108.8713	25.6867	314.6446
81.0550	64.2910	239.8283
171.5294	15.0017	297.7972
132.9297	124.7562	360.2589
64.3589	127.8114	118.0975
61.8601	160.2888	297.0856
91.2938	142.5692	534.1884
21.1461	163.8485	499.7994
39.1913	91.9122	90.2147
68.4241	36.8133	167.1692
121.5364	142.3336	15.1347
52.5014	8.2416	425.8424
123.0738	93.4123	322.7972
33.6550	123.7038	126.3669
8.2192	90.8300	307.2437
105.1214	105.3946	348.0538
78.3909	144.7229	493.4404
30.2860	145.2345	392.3089
4.2941	93.2312	539.7384
86.4760	122.6192	67.1307
86.4970	114.3093	504.0839
108.5689	60.4199	160.7439
171.8829	24.9778	377.1557
103.1146	166.7566	532.3004
104.9690	110.8548	463.9525
172.9106	162.2848	136.5992
60.2294	113.9642	166.7838
14.9632	36.8222	61.7730
80.3399	167.2183	245.4449
33.3709	135.6863	176.5704
97.5143	173.9716	360.4245
163.0297	155.9151	242.3761
133.4833	171.4597	152.4794
131.0800	152.7485	533.6319
169.5843	3.0709	438.9378
13.3529	136.1420	505.4983
167.7905	140.9907	226.5651
171.0172	112.7431	486.7593
149.0985	170.0643	408.4377
139.9824	102.9774	158.2786
123.3188	70.5366	411.0642
113.8282	145.7356	338.6868
155.5181	77.6660	211.2949
127.0469	168.7311	462.1800
52.3782	55.8092	457.3273
27.7003	170.8505	466.1813
55.3747	155.2894	229.7412
57.9222	144.4799	260.0927
116.8634	53.5653	41.1436
56.5733	31.6812	45.1833
20.5205	18.5091	392.1010
11.8462	15.1061	522.9655
147.9743	25.4867	486.7334
41.5956	37.1943	291.9552
114.4721	146.9112	345.5114
78.4549	7.3874	1.8565
95.7417	32.7271	30.3093
139.7030	136.7136	33.9722
8.2793	62.5342	81.3834
37.0757	112.1567	155.6016
71.9230	25.4920	536.1336
91.4799	93.6624	89.0172
164.3371	168.9199	209.9298
28.8790	50.1935	180.0372
162.5160	172.4048	240.6289
151.3064	146.8985	289.7704
166.2873	111.9609	170.1821
174.2288	49.8346	348.6768
75.0083	34.9703	470.3743
146.5838	98.2753	106.6627
104.8249	61.2852	544.6376
18.4509	134.7728	544.7158
26.3360	144.5428	145.3049
172.2485	100.6192	293.3808
95.3461	95.6745	467.8132
36.8048	10.0500	221.3635
72.1124	85.8348	254.2316
70.8829	110.2629	363.3998
155.8753	173.8107	424.4105
164.5712	6.5491	360.4867
57.9888	56.6339	176.6188
60.8850	17.4060	138.1146
107.4475	86.1001	203.1532
89.0937	4.4449	431.8439
45.0482	142.1385	100.9344
75.7407	132.8308	533.6172
48.4004	91.6372	264.0867
50.0164	54.9510	201.7583
52.3470	124.5117	0.3425
46.1907	1.5961	157.1274
147.0525	136.1957	470.1685
4.6415	3.4714	69.0099
131.4506	38.3211	347.0233
66.2366	129.5891	470.0198
64.3498	80.5201	128.7523
84.1456	41.4182	388.0224
84.7133	7.1165	1.9004
145.0518	93.8901	379.0537
92.3267	155.3273	106.8770
46.4984	122.8163	443.4618
120.4258	4.3507	505.9339
40.5222	127.3814	194.2362
48.1445	70.3470	506.9756
129.9708	144.5227	490.6121
159.8970	34.8177	227.8556
22.4835	166.6114	515.8034
68.0389	107.5664	360.2372
20.8236	163.1345	385.3276
140.5851	91.2052	51.8105
53.0297	122.2305	91.1387
119.6794	151.1488	417.7951
133.4692	167.5226	175.3487
28.8435	35.1859	496.0556
38.3148	36.2536	495.3389
70.4159	69.1554	399.8728
164.2966	70.2642	355.9378
101.3077	3.9774	222.7366
144.3271	109.0554	135.1012
144.5880	101.1239	106.7244
82.9497	124.0504	118.9667
170.5129	26.0084	416.0342
172.6895	108.6607	508.9386
107.2682	129.4240	235.4018
129.9867	149.1110	367.2500
62.3822	143.6369	354.5918
173.3917	164.0445	491.3807
4.7438	106.1122	362.7863
98.8710	123.0698	246.8088
67.5240	109.9862	393.0722
148.1646	92.9989	98.1608
98.9890	24.1601	28.9145
165.6425	144.4998	467.1391
71.8919	63.6383	249.0480
67.3527	3.1935	373.0400
123.1047	15.8559	83.7962
118.2865	52.8517	169.0033
27.4708	17.9230	72.9500
126.2480	127.4855	337.1772
74.4370	36.6652	135.1137
68.1273	151.8251	465.8576
156.5771	31.6310	252.8092
82.8911	70.7907	173.9014
144.5800	6.8873	149.0459
78.5033	44.2513	213.3630
17.6104	15.3597	516.3097
153.0672	118.4947	35.5013
80.2705	156.3745	342.6421
1.2868	75.2780	166.1044
117.1553	147.1508	169.8829
80.4805	131.5359	359.4415
157.1632	49.3128	389.3537
70.8884	69.0169	545.8626
4.9630	39.1594	147.3415
18.6689	169.4863	70.2291
123.1534	114.2920	361.7779
125.8917	136.0008	422.8634
132.8879	108.0198	173.9113
161.4223	13.1496	60.7893
137.3378	128.0268	401.3852
146.0987	62.6063	40.5312
102.8255	87.5767	321.8667
103.1605	67.2481	130.8400
141.8691	47.5504	321.3470
24.2709	115.3519	41.0998
123.6869	48.0146	194.6467
30.6870	61.6197	509.7944
33.8745	27.0139	158.1133
4.6782	37.4787	123.3764
79.1567	61.6785	474.4763
74.0521	38.2290	352.1977
35.4815	12.6210	387.1990
142.9016	119.2034	181.2782
58.8682	71.9704	371.7809
3.5168	91.4053	308.7260
36.4763	161.6946	90.5533
149.0406	23.8890	422.1952
139.6830	125.2794	220.4941
102.0454	84.5520	362.7004
13.6987	7.8534	214.0208
47.9417	0.7017	230.7505
44.2625	125.1958	142.6888
95.6417	7.7850	129.9760
122.6635	132.0969	449.4247
95.5159	94.9892	372.0898
150.5549	163.9468	112.7050
86.4159	82.5829	384.9766
63.7949	10.1444	142.6305
57.8117	14.6429	424.7779
78.4384	169.2325	136.2674
85.3185	13.5499	407.9919
95.8276	24.5717	483.3396
153.2430	113.1079	80.5932
19.6539	168.5387	299.1127
12.4823	43.4748	189.4881
20.3186	71.9520	20.3018
126.9332	2.1040	322.2207
155.6479	118.9697	77.7312
117.7180	80.4749	142.3712
156.1608	27.4073	30.3698
29.2843	36.8502	109.8311
17.9056	156.6273	314.0411
172.1983	11.5792	199.7390
166.4791	23.3283	131.8319
133.9375	124.1342	249.2884
131.1647	54.0388	33.1132
55.9940	77.0901	375.9494
27.1284	109.7954	424.9136
28.2261	104.7475	354.8429
29.9031	41.3344	154.8321
80.5118	135.9138	402.0108
47.1654	104.9169	348.6804
0.7698	165.1313	481.8633
62.4151	33.5827	189.4627
70.7767	144.8618	15.7319
136.9325	4.6333	376.7792
168.2175	99.5505	83.1713
169.2794	137.9008	263.1653
132.9385	111.1689	96.1151
110.3451	99.3934	409.5038
151.6083	79.1947	77.2731
123.7379	17.8452	55.5445
149.1531	52.7405	357.7604
132.8196	19.6021	131.6420
116.6474	91.8484	523.4525
93.5953	89.5915	359.0811
38.9970	110.3740	165.3648
58.8262	7.4802	406.2334
139.7795	101.8890	58.7466
82.7736	112.4750	58.7589
106.5762	88.0140	95.1995
154.6324	23.6139	169.6223
68.2476	32.2292	257.5537
68.9177	160.9752	267.8711
106.9464	69.8548	496.3924
112.5136	14.6301	318.2413
168.1663	7.2010	374.1337
154.7475	99.9481	97.3121
23.8083	33.0672	493.0535
80.4099	155.8145	267.3667
105.7635	106.2307	157.3723
96.4196	99.3430	519.9064
155.7589	28.6892	83.7302
26.5238	118.9636	62.9741
126.0444	153.8719	430.7768
30.9449	108.4439	42.3119
142.7058	56.0191	314.8957
2.7613	160.0823	449.1797
144.8597	112.5743	180.8172
138.8846	54.9916	293.3019
82.1037	95.2053	80.7801
66.4560	4.3759	502.7726
72.2224	58.4190	457.9719
55.3265	159.2420	239.0144
55.3798	151.7178	417.5821
108.3297	24.1018	308.7670
64.9557	40.6355	266.3231
119.9747	144.6483	405.5553
27.0202	56.8906	416.0315
20.7522	121.2629	175.0463
70.6085	61.3953	23.9602
136.1496	5.8683	325.4184
26.6937	135.6661	168.8564
155.1086	172.2027	186.2891
67.2613	75.9069	494.0953
143.7148	5.2546	473.5526
79.3885	80.2152	90.9727
69.6887	45.5383	113.1533
129.5762	151.8831	405.6033
147.1753	27.6444	155.8934
61.8788	41.0292	417.5900
117.3540	22.5777	140.5783
25.6468	95.3914	84.0015
82.5951	59.4787	490.1135
105.7249	81.8965	538.9314
73.5597	89.7438	353.9660
156.6070	159.7001	172.6254
167.5115	119.1473	398.6209
168.0337	93.2941	361.5129
26.0455	116.8504	473.5101
146.3165	59.5463	183.6222
87.2948	87.5791	268.8783
0.9323	156.2797	233.8154
129.6387	75.1862	404.3986
87.7167	137.5731	13.1784
53.0156	137.2995	63.2209
3.3992	78.9396	524.9167
97.0518	61.4330	292.6160
49.1660	93.5620	253.9384
70.8047	8.1500	544.2287
161.1565	65.0967	127.3868
78.2291	5.7657	24.1879
33.8487	78.6097	123.4055
55.4890	132.1255	359.5246
41.2544	43.5975	4.5034
162.5532	144.1030	90.9631
172.2323	131.9767	513.4690
49.7697	95.1204	272.2172
109.4675	97.6530	518.3698
163.0572	149.6475	210.6593
148.7660	130.5102	16.0599
33.9305	118.6730	60.0028
15.5271	80.7475	185.6281
21.0864	14.6319	513.3051
114.4096	39.0005	130.0821
81.5817	45.3041	256.3511
32.4038	162.3550	93.1746
117.9810	22.4489	524.7709
96.0719	25.2396	249.6818
172.1070	168.0309	94.3145
83.2109	23.8397	12.4685
92.0141	152.8852	457.8149
112.5769	38.5997	9.6939
12.6615	123.0202	140.2742
155.0673	107.6534	325.2079
174.5781	173.2814	286.4086
95.6624	10.7750	132.2797
50.6803	89.8515	500.7432
125.5685	137.8401	384.1291
82.5381	117.6848	481.1730
21.6574	102.4628	397.2458
23.4068	24.9191	158.8494
172.3301	0.1254	153.6399
74.6164	42.0487	400.8836
143.8272	49.6850	403.6741
48.2046	166.4429	402.4373
92.5075	162.4227	327.3854
136.4028	163.1298	151.2407
42.3797	28.7567	59.4988
35.8695	6.4236	219.3728
150.6785	48.9248	71.6280
19.9942	89.3456	539.6002
22.6672	120.1836	59.3723
131.4372	83.1963	371.5475
136.1001	56.2928	402.5489
10.8971	139.6382	517.2168
152.5600	163.6794	515.0951
77.3518	115.3153	500.8757
145.7255	114.6338	64.7803
111.1799	175.1954	422.1950
83.4484	151.0728	156.1970
54.1831	136.2182	384.6340
54.6387	125.6880	84.5262
111.3417	109.6652	438.4164
174.5712	5.3071	199.2170
157.3062	130.0066	478.5773
111.6678	31.3830	311.2274
105.4771	65.0520	178.4972
155.5448	60.9501	19.3383
2.3004	74.3941	474.0703
29.6422	19.6998	238.0419
38.4395	27.7026	203.0460
170.6361	26.3233	492.7016
158.6493	151.6771	36.7242
62.6356	127.8839	135.4115
24.9960	44.8811	158.8783
4.3171	138.8286	198.3740
11.8396	104.9450	318.9158
142.2483	8.1436	492.1797
58.5845	169.6991	327.0075
144.1340	54.8876	368.9148
133.4870	136.9262	170.2900
162.2180	27.1051	210.3533
173.6443	166.5564	465.2310
117.3076	35.0065	342.1094
60.4189	169.2852	217.6963
47.2453	85.0333	93.2276
13.9174	81.2970	25.4836
153.4657	130.0684	303.8580
80.6615	171.1623	356.0556
48.5596	25.0398	208.8708
55.8297	31.9481	226.2245
8.7983	110.3807	206.6514
74.3973	60.7208	481.4041
109.8412	75.9639	221.5613
6.2672	102.9663	91.9491
105.7930	124.9962	287.7774
0.7388	56.5553	35.1765
98.2734	41.2201	277.3185
66.6013	83.0077	212.7275
151.7257	93.1241	390.5959
7.9506	66.0712	456.5689
113.6407	72.0800	150.4205
31.3800	12.4472	209.5539
89.3832	129.0891	172.3100
171.1809	125.9948	378.1301
143.4207	123.0376	298.8035
109.4610	15.3417	117.0879
59.0503	149.4751	165.1912
143.6031	93.4986	353.4276
115.6385	73.2020	536.2476
135.2694	22.7590	497.8438
49.8182	82.3986	128.3147
68.6280	156.5643	421.4916
154.6814	110.1657	61.3903
106.4502	42.5235	429.7509
80.9484	169.3400	423.2760
155.8102	11.3810	435.6466
168.0603	165.6068	370.9622
145.7086	169.0197	339.0470
123.9236	30.7594	268.0940
139.3305	30.4476	110.3867
58.0822	113.7515	474.8872
53.8111	120.4529	491.7443
57.6931	158.3829	269.1030
9.8211	67.3317	162.3449
41.0676	60.4668	36.1745
165.1718	0.7002	547.6415
128.7742	51.7097	116.1719
45.0663	110.0235	159.7484
46.6995	14.2768	139.7628
128.8224	138.6592	164.4960
173.4727	26.1635	445.2315
153.4136	14.5686	163.3114
88.7617	122.4767	72.3678
4.8574	149.3926	382.3623
66.6506	57.3682	504.3241
91.6684	145.9775	20.6380
50.8917	162.0648	510.5188
0.9377	78.6682	281.0828
85.8803	49.7780	368.0172
161.7505	162.6636	279.8444
52.9438	37.5383	60.0809
107.8362	16.0456	120.5563
0.2920	154.4797	266.7781
151.4042	136.2716	228.1769
4.9352	80.1383	174.0020
135.2035	67.4961	409.5227
54.5454	7.8018	243.1346
102.2351	69.9595	118.2647
65.1958	154.2566	255.9279
125.3049	157.5918	274.8401
72.6790	131.8876	323.4429
142.9087	159.1377	312.5848
37.0409	105.2516	80.0212
84.5138	35.4528	178.0489
21.4664	89.7702	117.5193
151.4353	55.8774	154.4384
146.2975	65.2492	91.9356
134.8399	15.5446	156.1926
113.4820	102.1054	467.1654
126.8731	114.9065	55.4762
56.2089	8.5597	395.1622
92.5162	14.8394	475.3960
23.2763	170.4217	262.8499
60.0286	53.5138	96.7973
165.4310	70.0420	30.7783
51.7849	24.6170	41.5612
3.1719	118.3098	394.9819
64.2270	4.0525	319.5555
113.6713	13.9920	208.1285
161.0619	76.1910	75.8696
87.5550	34.5961	2.8581
11.6230	25.6115	15.6405
167.4613	14.2847	277.5187
107.6688	24.9268	300.5480
10.9479	33.0535	197.1487
108.4001	135.4511	248.9068
57.8775	169.4411	324.2471
164.7258	28.3645	84.9043
82.2629	53.7257	69.6843
93.1446	136.5767	371.8541
112.3889	5.6622	343.4856
108.6313	87.0754	538.7334
148.7779	22.9925	434.5686
128.4998	143.4649	139.7304
32.9296	56.5485	172.3182
66.7650	88.8580	42.7133
78.6156	79.8299	379.1502
46.0816	43.7348	396.4569
60.4231	68.4002	311.6494
114.4170	100.2842	388.0517
70.4553	139.5009	162.9562
74.7692	56.1293	545.0455
168.4999	9.2069	59.7137
6.4492	162.6252	490.3788
108.7141	91.4933	200.6683
77.1595	14.6765	184.5401
75.9059	107.4741	380.2663
62.6596	29.7280	340.9487
69.3239	101.5009	88.4493
68.3865	85.7903	418.3483
110.4484	89.6765	527.3033
71.1182	148.8627	365.7840
111.7479	76.5512	201.4070
60.6505	21.4858	329.5063
172.9972	110.6928	23.7089
87.1293	87.9561	505.0900
98.9434	93.6898	234.9367
128.8460	131.2715	417.8739
89.5766	149.9814	170.9373
134.3005	150.0535	294.4179
70.0669	34.2140	111.1115
105.7231	174.0730	103.0567
85.1444	45.0886	48.6606
80.9733	67.3515	360.7598
153.2270	145.7588	187.1633
128.0738	33.7900	299.6795
35.8549	6.5846	150.3772
104.2195	24.6860	395.5828
93.9406	109.7509	330.5989
113.9760	26.0594	293.2300
3.4658	148.4686	349.1074
51.3309	68.8112	123.7438
9.0002	134.6380	285.4367
144.4096	137.2293	125.6501
138.2460	56.3862	277.2991
53.5563	91.3068	130.7861
100.9518	148.5326	212.3981
7.6346	96.8612	35.9543
154.4742	12.1550	415.8435
137.6051	110.5474	209.5024
87.4721	158.6645	470.6297
149.3277	170.5890	511.8168
6.4925	101.0598	371.9991
20.5160	28.4127	46.4609
169.5636	50.9530	317.8662
40.8838	108.1422	259.6596
62.8346	96.5578	368.8024
65.8143	162.5960	545.8327
111.2611	6.9911	27.8988
77.2990	87.4378	335.4547
143.9807	157.7248	74.1276
88.9299	157.7018	345.3544
52.8426	22.7613	362.9592
129.0008	32.9613	454.9884
40.7752	111.3213	357.7044
61.7551	2.8996	532.0888
157.8128	53.2244	204.3985
140.1684	42.8536	249.7778
60.3102	109.4084	166.6279
56.5092	70.5268	386.6048
145.2515	173.4099	510.4398
10.8204	148.6723	184.4088
23.5672	171.5313	306.9906
45.7502	78.1344	275.5998
109.5559	13.6085	199.8827
84.1274	18.7691	420.3705
143.1880	24.1184	430.7732
70.2382	147.8382	520.5275
5.5693	6.7396	449.0571
64.1025	132.2125	391.7594
117.0068	171.7261	348.5020
150.8452	138.0201	117.6555
93.6645	151.4599	414.8205
138.1000	119.3476	86.5086
14.2799	139.0588	339.6207
92.6466	57.9160	86.1135
24.5491	28.2895	119.5594
33.9896	155.1465	460.8515
3.2084	174.9619	420.6739
15.5780	59.4873	88.7082
127.3045	85.0777	464.4322
70.8573	23.9170	417.9423
170.0533	31.7487	192.6051
17.9008	10.4950	108.8779
54.9644	163.7117	534.0067
105.1754	108.8658	246.3227
42.0467	34.6829	223.6311
51.5788	103.4048	499.5097
99.7061	65.1277	533.6704
164.9968	24.9667	494.8439
65.3906	84.6757	466.9032
109.1827	174.7305	204.3904
75.1380	159.9780	161.2736
89.2685	151.7589	249.2076
173.2178	128.0385	116.8260
42.4036	67.8504	108.9622
114.2795	82.4512	463.0969
114.2759	170.2340	51.0732
85.3144	57.2130	487.5346
98.2001	73.1976	375.3175
14.7955	45.2304	229.7089
71.0514	72.5636	400.6386
111.7181	83.7132	274.3776
46.4245	115.2377	328.0784
41.4043	36.2233	392.4150
8.9527	113.3947	146.6828
110.2674	68.6027	347.8223
72.0731	116.5173	473.4605
114.0202	172.6673	148.4160
166.5251	2.4389	380.9263
11.7738	77.9280	114.2332
90.2998	118.1246	31.1307
58.5383	27.1648	161.7763
113.0766	1.9614	239.2345
121.1589	68.6480	321.5486
35.1920	158.3762	125.4324
58.7786	19.1249	106.7333
84.3038	82.5679	246.3492
0.0909	100.2288	279.2167
38.7338	115.0057	117.0217
145.4104	164.7899	284.6747
144.8186	2.6517	87.6962
3.6274	94.8183	114.9602
116.3149	37.6506	419.3638
49.2474	111.2898	499.8797
140.4633	51.5914	47.3923
137.6324	112.5332	546.7752
51.8154	90.4902	260.4852
124.2165	40.9723	375.1725
65.6816	114.9690	430.9893
93.1393	12.8820	462.3400
98.9940	141.2104	20.0170
62.8543	122.3000	342.2361
128.2791	26.6117	100.2298
63.8195	38.1350	89.9415
70.7810	112.2654	389.6781
14.6296	43.3755	364.8048
162.0628	3.7381	347.6427
175.1767	56.4668	47.8947
92.8333	96.9703	379.1752
14.3520	20.6883	207.7963
23.8769	81.6557	266.7812
24.0371	168.4410	435.2322
94.6807	137.7944	306.2604
101.8392	40.3849	355.3317
9.2951	109.7975	222.2685
84.0393	56.0323	99.2881
15.5657	71.6291	176.3413
85.7031	67.3480	541.1311
148.3965	68.8778	57.8091
159.7783	174.7210	8.0603
55.0561	56.3381	505.0473
110.9169	98.3062	125.9690
67.2917	175.1114	5.0531
9.9984	39.3384	274.7338
121.0971	24.9295	404.3527
17.4312	13.6125	112.3225
40.0714	137.9542	137.1048
121.6167	57.8460	336.1899
49.0450	36.0954	472.0464
156.0647	76.3466	358.2941
67.1658	52.4479	279.0625
131.9990	18.0826	320.2581
164.7387	20.6436	367.0947
33.4981	5.8419	281.7730
112.2979	160.7589	504.3462
73.5336	70.2319	156.9202
5.6304	39.6703	328.1760
54.8670	133.1692	192.3783
27.1670	138.6019	466.4853
115.6408	53.4653	0.2083
122.6107	102.2930	43.3992
42.6301	80.7488	114.8129
158.0888	164.5546	53.0528
171.4814	150.1208	483.5278
35.5478	32.4432	158.6371
20.5432	165.2694	132.8412
142.5551	106.6427	410.8883
8.6083	21.0593	158.9696
47.6903	12.6891	69.3106
48.7410	160.7856	61.4708
80.8980	21.7603	412.0625
131.4098	31.8222	214.3656
34.1818	142.1310	287.5417
26.3057	146.5520	459.3070
132.8820	126.2411	192.1568
149.2744	25.2831	503.6519
170.6871	155.7362	368.2350
88.8086	76.2608	515.0698
146.2207	53.7474	537.1748
105.6608	109.6878	30.4058
164.7309	79.8609	224.2696
73.0844	62.6499	497.4951
140.4348	97.0691	328.9898
143.8234	112.4198	423.9680
171.2223	9.6306	355.5620
127.4614	114.8980	143.5355
76.9649	100.3686	444.9130
93.4126	82.0042	482.4980
76.9510	155.9801	405.6409
148.8299	74.8260	82.0932
156.6808	113.8527	12.6412
143.5771	93.2316	388.7216
50.5471	157.3998	195.9898
18.3327	95.3565	63.8838
75.2877	21.4247	302.8554
44.2949	1.0364	361.7717
45.8514	15.1105	112.7671
109.5443	169.7762	149.5495
4.0329	32.6076	157.7815
96.1148	174.5525	337.4843
60.3917	86.1410	247.6071
163.4028	169.8602	52.8759
119.1478	45.1517	76.0389
46.3490	158.5311	537.3242
118.4960	141.8740	257.9168
58.8873	114.1860	93.5915
142.8386	122.8294	546.0374
106.6617	173.4969	84.3407
140.1278	46.0561	73.0878
73.4178	162.6619	87.9514
133.4311	151.7727	435.5456
10.6587	123.0119	316.4218
102.4102	5.3132	137.5898
10.5122	63.1178	21.2977
164.6587	152.4507	374.7979
34.0052	52.3980	398.2639
31.7302	165.0319	246.1375
155.6001	136.0361	162.0970
67.0959	125.9130	7.8438
82.3718	61.1381	246.5965
82.1868	12.1804	165.5933
40.9048	43.6364	498.6199
97.2764	157.2908	138.5678
24.1814	151.7669	155.8370
116.3824	9.4172	357.7733
97.9864	163.7564	484.8147
154.0522	27.1332	54.2614
73.9391	56.3791	284.7503
110.4557	39.4032	40.9221
102.4228	150.1780	186.9513
79.4682	38.3137	170.1919
95.8110	17.5181	417.7355
99.5993	110.8868	521.2185
33.4583	50.1198	207.2080
88.0118	145.0372	285.5471
71.8193	42.4266	137.9683
44.8065	2.2056	166.8274
105.2249	120.6168	491.8941
102.8899	150.0217	201.4301
165.1533	91.8049	421.1368
171.9874	135.3078	354.5144
106.9972	0.2700	21.4498
20.9257	167.1749	501.3776
91.5333	93.6080	178.2690
136.9765	163.9099	165.5327
75.3022	68.3580	478.6894
106.6697	148.9177	411.1938
111.0874	49.7833	332.8979
7.7765	109.7593	173.5838
135.0998	101.6821	424.9972
76.2005	5.5272	23.7603
126.1800	40.8516	370.0274
2.3568	27.3200	68.3767
51.9421	45.4000	74.9843
29.8820	102.5165	427.9926
147.1700	150.1192	221.8068
118.5610	139.4322	151.2455
72.5467	114.8893	259.0590
25.1896	113.3877	454.5382
49.7096	19.3869	54.6610
159.7103	118.1262	485.4348
174.4027	75.8933	249.4335
55.9544	74.1921	156.2208
88.6320	63.8855	373.3218
25.9605	116.0256	408.1908
98.8736	100.6152	543.9012
94.8906	21.0684	93.6734
24.9032	9.9967	311.3976
127.4883	158.4188	429.5316
152.5088	139.5128	250.0987
112.5254	98.0192	75.6881
100.8250	22.0861	210.9231
123.5396	21.7466	72.3696
30.4770	70.2324	257.1188
55.5734	140.5021	113.3287
148.4004	56.2215	542.3161
63.3386	112.0220	485.8843
57.5940	173.2424	415.0428
130.8116	67.6826	285.5149
172.0045	15.1129	287.6662
67.8986	36.3463	449.6252
16.5321	45.5379	9.3548
4.1132	59.8681	546.3844
42.2006	124.8590	17.5465
120.0069	17.1959	271.4423
90.4897	20.3904	466.2204
150.5501	166.1002	324.0958
5.1171	60.9480	69.1091
89.6472	107.1432	91.2994
114.3930	145.9327	423.5860
139.9949	53.4994	122.1134
14.5258	95.7643	286.0004
79.9076	29.1222	406.0151
139.7937	0.2975	483.1324
151.6411	80.4483	55.3863
4.7520	148.1175	3.9622
121.1621	8.3453	168.0802
49.3973	117.1740	150.7052
134.6458	111.2250	272.9004
108.3277	12.5467	224.8564
89.7999	132.8782	114.8109
147.6680	61.7228	56.8543
130.0379	68.0885	273.6231
130.7027	133.9516	48.9421
143.2751	59.7311	266.1791
97.9128	22.0821	362.7511
123.7240	102.9854	192.1312
77.0951	44.2084	496.5520
39.7320	136.1968	24.4666
0.3173	85.5828	246.8397
9.3018	70.9318	402.8121
149.0693	3.8308	176.8559
21.6495	134.9862	423.2669
98.3490	60.4838	302.6193
6.8685	3.1520	86.2607
92.7849	103.3574	455.1867
93.2287	130.9337	16.4581
149.5840	29.3059	486.8058
119.6024	139.0709	34.0851
129.9517	35.1449	150.7251
163.5754	77.3064	535.0463
142.0565	153.0078	213.9199
120.4690	3.0285	544.8852
160.4388	86.8836	450.0660
142.6928	95.1008	61.5074
169.8249	135.8640	394.2499
21.0501	91.6736	522.4837
89.3792	46.6497	63.3205
122.9911	108.0191	123.9399
9.6861	34.0361	55.8945
120.5351	64.6831	375.6388
111.7331	105.9402	133.4833
101.3190	106.2518	521.7378
134.0013	86.5760	33.6246
126.7045	158.3481	15.4840
46.0281	63.5470	271.4454
130.9768	161.8257	230.4911
66.5186	79.4116	32.8322
169.8855	131.3524	482.0450
71.4821	57.4145	519.4915
81.5395	151.9286	434.9698
77.2669	54.5117	314.8391
83.4856	97.5750	223.7516
162.2427	126.5854	282.7067
56.9156	61.9202	355.4052
172.2082	133.0000	538.0658
68.2144	15.8773	541.2961
62.0009	27.0085	537.1105
108.5482	23.2415	383.8467
24.5062	117.9890	478.0150
161.7092	145.2527	206.9759
64.3932	96.3329	293.5940
42.8285	20.8754	133.0655
61.9318	172.5333	227.4893
32.7637	149.9839	390.8794
133.5765	90.9069	324.3131
41.1059	172.0986	48.8166
47.7170	24.4547	224.0814
2.3735	32.7523	399.6685
28.7141	98.9104	355.1170
20.3024	135.8684	286.0298
128.3426	83.9356	43.4701
168.2030	118.5377	207.2402
112.6495	24.5625	320.8526
32.6204	137.9528	456.8746
16.1334	171.5947	405.8740
112.9521	66.1712	143.1144
103.9763	47.0252	123.5846
132.0895	150.9468	450.9319
10.9668	28.8016	128.3467
112.3153	159.7727	262.6619
44.4511	87.8174	213.4316
10.5343	100.6572	278.4921
134.3820	12.1837	139.0944
115.7867	14.5496	244.1601
64.3029	107.8774	209.6779
67.9232	142.9865	131.3206
81.2876	30.0103	146.3811
152.8358	34.1126	261.4139
68.2060	113.0065	174.4098
53.9074	7.2020	311.6112
116.8455	36.4217	170.2277
47.2246	90.6494	371.6786
98.9195	67.7434	163.4671
128.3458	133.9458	384.3422
38.1307	139.8985	128.1324
38.5347	2.5126	264.6397
69.3360	68.4169	262.0989
87.6047	114.7829	212.6556
107.1995	78.2890	130.5596
37.5284	57.3028	240.8123
137.3010	174.0247	284.9250
27.4226	146.5103	274.9215
124.5439	28.1828	199.4489
151.6765	74.5676	155.2654
0.0217	80.8272	281.9093
132.7146	174.4274	345.9398
65.9132	169.2236	240.2321
79.7989	0.9792	99.1345
106.6097	29.6520	445.1971
144.6551	7.0597	146.1328
141.3012	29.0314	217.4955
94.7555	38.5680	486.4221
30.5023	16.4358	50.0657
132.9745	156.3955	285.2445
128.2259	132.4944	46.6539
153.9922	49.1062	520.7775
159.2454	152.0226	155.3686
76.2384	77.6021	432.6368
161.8573	12.8330	183.2222
54.5185	59.3084	183.1699
137.4792	135.8335	16.2099
85.7207	25.5334	234.8665
24.8219	2.9244	485.1423
92.9186	27.3836	541.1206
44.3589	8.4137	462.1472
135.1040	16.3799	365.2480
68.0761	104.3183	461.4370
93.7770	105.2321	301.3981
27.8482	125.7236	104.2276
4.7289	132.9336	524.4697
142.9318	151.0023	91.1795
14.2172	121.0929	465.4454
62.6553	128.8203	387.5013
69.0741	136.8515	494.1209
172.4108	25.5641	439.8863
62.0637	124.5866	310.0854
138.0584	136.4894	59.3422
0.1594	31.6131	159.8844
166.1414	76.8959	29.7294
31.5624	64.7999	84.2820
144.1376	127.3284	504.5676
38.9815	20.1550	343.3595
25.8855	140.7247	350.1613
45.1260	55.1352	368.8106
152.0089	49.0587	84.5350
144.9772	111.1578	75.2153
166.6263	20.5814	540.7365
118.0826	131.8350	361.1856
86.1377	13.8533	201.3415
77.9184	153.2101	542.1875
88.9506	43.4494	473.3782
161.8006	105.6770	273.3474
73.4791	7.2665	399.4210
76.7112	59.0529	137.0385
52.0556	171.6334	523.4321
61.6701	19.2972	154.3337
43.2372	80.3417	217.9291
135.0755	61.4829	71.5972
65.3584	3.0502	512.1140
160.5890	137.8867	503.4048
120.9017	111.3429	255.8262
66.4280	76.0744	328.7085
154.6121	165.7576	474.6742
30.0143	132.0799	46.0571
171.3650	11.6261	300.7279
102.2943	171.0057	344.0862
44.1796	167.1973	250.9398
133.7453	64.3693	412.6518
57.4126	51.2442	464.9575
53.1783	31.2697	163.9196
98.5009	24.1856	59.2673
50.7071	106.3495	74.4807
131.1425	155.5517	13.0215
170.6785	31.2770	216.4587
69.1610	174.9710	428.5128
87.8342	48.1994	405.2144
3.5734	78.3963	263.2515
56.3369	70.7121	282.6992
161.2534	76.9839	80.3418
56.1133	147.9982	527.1759
16.2397	59.1179	329.3430
52.8365	46.7536	445.9968
116.5795	90.4027	159.1929
118.3547	164.4059	467.8454
36.5508	77.7315	114.6498
167.8206	174.9349	539.1358
117.2006	9.4667	490.5672
9.3217	3.5011	144.6700
120.0264	128.5138	530.2003
135.6188	38.8849	349.0198
20.6869	85.7545	394.6412
127.6552	131.7027	426.6305
141.2567	47.9340	476.5946
31.2111	18.0067	89.0501
107.2985	9.6505	430.0243
55.9879	81.0044	362.8554
6.3940	29.7217	131.4731
82.6070	25.6153	414.4441
173.1549	35.8246	270.3372
104.1469	113.2321	247.3734
132.0063	175.0870	157.0886
72.5682	63.3940	453.2450
70.1519	34.1494	11.6218
91.4021	155.4742	527.2550
160.8212	19.5241	273.1588
114.6257	27.3643	413.9361
17.0163	168.9838	496.8182
132.6609	49.2967	262.6434
112.0857	105.9443	534.7288
90.7921	86.0872	411.8783
88.2539	148.0294	371.0455
93.2120	143.6389	283.6705
116.8940	11.8724	39.7990
32.6367	3.6392	312.1496
42.4638	36.0394	279.6003
65.5492	13.8926	510.8525
130.0334	51.0149	270.0731
119.5795	97.5507	436.5971
25.3650	126.7655	170.6533
126.3785	56.5964	480.2367
65.6657	156.4957	545.7569
75.9307	16.6548	121.8955
38.0716	73.1368	251.6374
175.1711	38.6061	314.7485
93.4255	127.1534	520.1030
69.6167	118.2236	347.9823
140.6841	173.6626	452.5408
108.0898	151.5726	400.4029
77.4072	174.9624	335.4804
147.5875	72.3719	251.3237
13.5845	43.8555	328.8093
90.3667	146.1900	370.9355
64.0455	98.6500	110.3653
117.5633	111.5698	388.3732
70.7198	11.5258	56.0687
160.4623	140.8458	445.8823
35.4510	48.6745	235.7173
95.3548	11.7719	508.7923
175.1445	89.9566	2.0304
98.7384	163.0923	24.4441
67.0997	170.2739	243.9965
54.6351	137.6218	432.8771
86.3693	132.0369	237.5655
162.9429	45.7397	94.9028
41.8464	3.8952	377.9682
131.8885	113.4243	0.4607
43.6146	173.5471	256.4354
96.9046	155.2570	257.6165
74.1736	93.1529	504.8444
113.2697	79.6085	142.1687
59.7123	100.1535	342.3305
43.4482	96.7729	497.6827
166.0142	45.9125	28.7873
130.8146	44.4688	281.1316
15.2662	17.6311	320.5263
156.6320	60.7304	465.2744
26.2695	158.1977	129.8931
88.9549	20.3320	244.8554
172.0208	45.0610	64.5885
15.5141	133.7872	429.8646
46.3336	35.5807	284.2972
85.9854	169.1237	519.6622
140.8323	0.0160	466.4615
154.7141	10.4476	91.9942
101.4033	8.0407	532.8597
31.6915	3.7353	143.0837
94.3414	79.3668	337.5345
70.4188	119.7770	307.5107
81.6734	15.5616	1.2110
19.8988	15.5364	358.0476
8.8034	125.9029	234.9014
13.7793	45.9323	236.0327
129.8852	40.6692	390.6042
60.6420	145.5414	510.0896
152.3199	49.2918	122.5606
135.6323	40.6764	390.5007
167.8214	62.6715	510.0550
131.7483	56.3013	492.1069
133.9908	5.9535	300.5842
137.2739	43.1189	328.5983
91.1212	49.3925	332.0292
100.6236	34.9418	4.6067
68.3278	100.8829	108.3843
19.5772	101.9464	370.0135
155.7585	121.5315	37.2308
90.5355	33.9874	533.9727
22.1903	68.7280	80.1308
75.7836	160.1924	130.3831
1.3293	151.6340	463.4449
118.5785	128.0930	456.7592
0.8795	6.3363	197.9453
22.1739	5.4885	208.6676
17.2858	131.2823	546.6179
158.3911	147.9377	535.2339
167.8241	18.9471	498.5669
119.3401	97.2996	434.9009
61.0473	172.1408	520.7770
169.8774	9.1094	357.4115
100.8219	12.0406	232.0336
73.7125	85.3257	10.9563
7.3154	122.3261	134.7678
128.8572	158.9614	264.4268
62.5467	11.9387	395.6972
135.0946	71.5830	240.4490
69.8531	138.3210	16.7515
72.4825	97.3096	89.0908
21.5879	91.4808	211.9215
98.5397	28.7043	67.1785
48.2547	51.8064	87.2981
44.0337	162.7569	66.3003
26.9473	129.3871	82.2523
20.0856	136.1600	273.8893
4.2662	52.1936	536.1356
2.1893	30.0061	130.7333
160.1039	146.3557	290.2460
56.7986	32.7956	85.0692
62.7878	62.3933	307.4058
159.5116	60.9229	362.9742
31.7705	151.3739	358.4538
18.2800	90.8208	390.9320
12.6036	4.1921	443.5149
103.9814	170.2949	12.6164
166.8135	150.4439	307.6166
40.8119	140.4765	162.6807
52.0273	104.8842	66.4137
174.8639	14.2032	267.1167
25.5125	172.9557	271.1798
133.6381	47.1207	275.1723
112.2557	124.2894	461.5155
17.5141	0.8970	518.1481
31.2879	20.1274	171.5730
32.7679	150.2518	224.0287
69.6473	37.6456	97.6802
112.2072	94.7327	109.4076
132.1741	59.0654	290.1631
90.8346	147.4694	455.6826
164.2392	71.6546	362.3065
8.9972	30.5800	475.6113
21.7861	104.9426	95.9008
31.7309	70.8914	50.4588
94.9775	161.5342	407.1046
68.8051	109.0644	160.8932
86.3116	150.8345	250.6997
39.0820	42.7486	513.8037
106.4923	1.8095	244.3299
35.4801	54.6175	358.0285
117.6225	156.2154	291.9358
172.2101	78.9989	264.6786
95.1946	128.0271	401.3934
40.3311	123.5448	35.6195
88.6975	127.8715	392.4928
143.5635	31.8773	373.2476
162.1728	49.2918	4.7585
52.9645	97.6355	266.5626
91.2116	145.6738	286.3275
133.7216	28.2125	370.0931
145.6902	4.6103	523.3794
160.4321	54.1899	369.2016
174.0184	72.1853	493.1652
164.0766	116.6234	532.3768
156.6627	22.9046	92.2009
130.1460	79.3429	153.5072
87.4851	162.4500	493.7942
134.0184	15.7751	123.6212
5.6411	117.1234	163.6781
161.0845	75.3898	60.5556
38.4219	65.8424	117.0349
104.9833	121.3397	441.5204
46.0184	49.6910	51.3378
110.3761	28.6153	182.7667
138.6414	81.0518	174.9670
97.6020	27.3769	39.3692
51.5486	30.9021	312.2470
21.9373	100.8743	25.3845
42.9890	65.1804	376.3127
95.1017	145.1311	474.9588
31.6915	96.7929	248.4767
14.2578	54.9253	386.3927
38.9546	129.1258	139.2282
87.9074	69.9548	252.2762
94.1672	51.5423	323.0380
129.0266	173.4421	325.4097
29.9374	94.5238	73.2678
130.4314	57.3444	508.2970
19.1140	159.7074	441.1567
36.7950	134.5116	186.9161
134.7595	62.2083	292.4506
44.2799	163.5667	188.8745
136.1546	134.3196	142.8925
105.8599	60.4609	104.0999
108.0731	109.5096	396.9138
161.8882	116.7405	189.3543
164.9888	75.3696	277.3272
67.5545	126.3496	278.8227
5.2957	119.2660	337.5052
50.1230	13.9534	398.3138
95.9245	32.8026	366.2289
116.4846	10.0302	502.6189
100.8319	27.6425	213.8869
82.2248	153.1693	300.9792
91.5374	155.6476	115.2031
102.0447	21.9473	162.8020
41.2880	20.6504	377.0671
39.4797	30.6968	505.5711
149.2291	14.3469	534.9167
27.8922	121.7422	330.2976
123.2719	29.3493	98.0506
55.6359	164.2722	326.0073
106.1771	156.9699	12.5495
102.8882	28.5837	434.0148
14.2732	129.3201	496.7759
94.1107	3.1390	94.2883
67.9935	33.9447	296.8737
5.2748	159.8664	126.8182
8.6009	55.3720	107.0427
55.0946	64.7646	133.8351
76.8365	37.9698	318.1080
64.2482	79.1514	245.2648
59.4325	131.7908	407.3402
161.3450	140.4168	405.1802
98.0077	150.6632	28.4521
38.8410	56.2669	168.0071
119.1407	58.0287	245.3559
144.4326	119.7062	238.5884
11.5775	85.9218	38.7610
168.9895	72.5196	436.5001
111.1052	167.9327	369.9081
37.7175	164.1993	303.1970
40.0149	1.0296	266.1247
72.8250	26.8257	317.2736
138.4317	54.9533	487.8028
105.0394	23.5623	311.5618
76.7397	41.2901	509.3355
64.0370	117.0378	355.7147
83.3900	21.0829	153.7424
126.1760	141.9789	395.4401
54.6542	103.9302	229.9902
20.6240	83.1629	33.2714
164.4234	171.6964	456.7947
70.0701	21.6172	114.1353
44.1206	92.3535	487.8602
164.8967	34.8658	542.4668
21.0937	150.8954	204.8294
48.2331	5.0064	247.6666
63.9913	51.0380	529.5722
109.4047	160.8735	29.5864
165.6875	43.8879	473.2776
3.3494	150.3424	381.9236
77.0906	107.7813	470.2853
6.7575	8.4512	69.7481
128.2623	163.3647	222.5315
103.0539	61.5013	268.4092
103.8854	45.7643	32.7330
88.4899	114.2836	252.2667
35.5110	77.7471	51.4880
69.1314	6.6744	110.5058
143.6556	121.3185	360.2147
48.6598	33.9619	497.7978
142.5068	67.9903	270.4068
155.6388	24.8094	442.2382
143.0412	117.5028	381.5018
151.2460	4.5433	459.8994
76.6012	137.0369	285.3045
57.7167	126.2417	544.6750
163.4867	11.3483	371.8971
112.3331	30.1836	452.0136
122.3076	12.1719	29.6025
73.4295	98.9713	402.5665
158.0358	54.5882	480.1184
88.1803	74.2454	107.4274
106.6526	24.7102	332.9799
56.7488	3.9604	0.7860
110.5667	173.6324	6.1251
62.1146	166.2373	386.3640
5.2618	24.2158	253.8642
136.1883	170.5898	315.0883
69.6041	56.2730	483.3713
10.3946	35.7969	392.4552
52.9614	1.1093	98.0768
66.5473	59.8125	448.0525
81.0862	93.3867	489.5769
40.2680	16.8510	514.9891
35.8395	53.6384	538.2198
131.2858	134.8746	14.1831
138.0662	96.2568	48.6312
17.5198	15.4772	283.6941
135.2921	25.3873	87.0881
93.2443	148.7180	373.3984
128.4749	168.4247	39.7072
130.2207	168.3639	172.2162
154.2950	144.7973	168.3026
41.6263	116.1886	183.1031
130.5122	50.7188	355.2930
68.3034	98.9033	101.4694
144.3425	0.2663	488.6400
23.1555	78.9299	70.5318
109.3164	154.9121	283.4521
57.8757	91.4136	48.8536
170.1508	132.0184	337.2159
37.6644	47.9458	135.5597
10.8765	92.3903	535.6308
105.4866	126.5461	295.7595
80.6361	54.1419	303.4171
140.5511	96.4847	154.2984
171.8955	101.8895	397.9845
54.8229	127.2898	525.7427
163.3551	40.3054	8.5719
40.2575	46.8301	241.8755
98.5164	53.8934	109.9628
5.3331	2.5543	367.8858
174.1140	167.0923	50.9179
55.8031	51.4982	459.6432
119.9640	76.7679	393.7047
137.8912	50.6795	331.0659
122.8954	134.5464	197.0463
57.3102	111.1793	506.8653
108.5148	161.5956	470.0095
22.8145	79.8206	21.7808
137.9968	127.8778	117.3405
20.9231	17.8872	209.6559
16.8412	107.0562	156.4401
136.1951	131.7436	149.6906
77.8047	0.6488	347.9518
112.8533	155.3664	322.9488
28.1998	49.8775	166.4179
134.6670	17.3526	206.7743
133.0099	58.3165	25.5173
144.3868	45.5644	76.0319
139.9113	21.8543	544.5477
2.3844	91.9144	529.2484
26.5238	120.0894	60.6645
162.1687	43.8948	385.1511
130.6852	111.2468	251.0283
82.9451	96.3931	158.9090
151.2612	78.4529	46.1283
142.0347	149.5016	79.5801
0.0675	1.8816	275.0673
167.3855	93.7911	233.1445
113.3048	126.6478	13.3948
150.1756	159.3112	465.4399
45.9610	83.7585	171.3266
96.7244	165.0777	154.4743
55.9274	168.9917	84.0491
38.1843	78.2782	542.9759
5.2786	97.4344	387.2472
150.2332	119.4444	390.8701
88.3803	74.2636	279.2563
24.9037	143.9581	370.5800
141.6453	67.1518	345.9311
3.5650	145.3542	21.2208
27.9135	105.6503	381.2526
0.6242	76.1543	334.8426
71.5782	132.5642	206.6004
89.1722	78.3403	307.6481
90.2795	143.6508	434.5737
4.7419	9.9535	14.8532
156.8454	128.6552	96.3971
161.1922	28.4038	35.5291
57.0311	71.5808	295.4441
113.3404	48.4842	119.1610
70.6439	114.3134	546.4810
149.8908	159.6113	442.1312
65.8412	0.9836	227.0027
134.2934	146.6508	509.0262
116.5276	174.3018	98.2151
163.1137	171.4547	421.9022
81.4485	100.4815	286.3267
104.0670	115.1983	462.1419
84.6991	63.7538	377.0570
1.0922	45.8678	330.3748
91.1999	27.0369	146.0632
4.8870	162.0485	395.9631
58.4929	69.4554	381.1085
96.1642	123.7088	507.1278
157.5310	162.1130	89.8052
10.5912	64.3457	193.6234
61.5836	48.9937	263.2976
0.9446	112.5454	382.0185
119.8294	33.9062	29.0256
19.8219	33.7878	246.8386
31.1941	63.8378	130.9272
134.0540	126.6302	421.2083
146.8552	142.1629	59.4119
174.1907	90.6011	32.4785
8.1891	59.0184	297.7056
152.7897	129.2696	59.7169
75.3545	55.4660	266.1255
75.1686	66.9331	152.2307
73.2501	47.4204	317.8281
54.6393	85.3561	251.6941
67.0702	112.1115	410.9456
50.8766	157.3517	323.9883
92.4403	8.5260	153.8860
156.2396	47.1348	418.7232
100.6496	105.4259	289.6691
167.7836	74.4997	245.6958
149.3390	94.5262	423.2424
132.9240	28.0115	325.0890
53.3791	14.3192	196.6485
130.3509	162.4035	297.0311
37.4659	107.4180	122.0411
166.7000	74.0446	243.9963
30.6441	36.3803	319.9386
84.1878	53.7946	91.0009
85.6570	68.5288	362.9506
96.9054	52.8143	196.2413
51.0094	55.5587	541.4748
127.1921	80.9274	211.5726
106.6107	48.3875	108.6031
146.9599	66.7072	151.7699
154.9999	87.7694	351.4432
23.9880	94.3499	371.5905
119.2521	154.5998	338.4289
101.6511	11.4625	21.0707
116.8566	24.3599	167.2375
78.1197	2.0805	407.8801
165.4267	131.3013	528.0155
137.5239	53.5063	458.5459
171.5804	102.3448	28.7811
67.3836	41.2571	421.1334
75.7920	136.7647	8.1094
171.4520	92.9787	353.8464
10.4225	52.2745	91.5580
60.2311	63.6133	328.3846
75.1900	160.2066	363.0149
166.6864	133.6166	54.4487
163.1314	68.7245	59.0789
158.4083	28.2049	266.6408
42.3997	25.8215	247.2842
64.3963	16.5875	187.6049
73.0571	104.2998	169.0563
161.5839	67.4230	87.1474
107.6443	21.7328	8.2407
22.4401	57.2618	192.5861
21.5858	19.9282	22.3788
170.4250	88.2486	58.8755
132.2889	156.9938	216.5507
34.0423	74.7964	143.1703
126.6421	160.5849	391.1666
78.3752	75.6891	314.4494
51.3903	153.1482	249.5180
9.1389	118.0876	349.1239
13.8924	73.2053	176.1566
34.4895	13.3504	146.2818
23.2838	166.6455	514.2316
71.7584	32.7822	330.7144
94.9448	148.6152	13.5783
63.8649	72.2762	314.8171
157.8209	73.9263	470.0382
33.6504	124.0135	23.0457
28.2240	101.3558	12.6346
47.9507	41.3466	157.9832
30.6773	31.8653	86.4616
157.6521	8.3896	413.4922
14.4160	82.6180	284.5564
28.9662	170.3153	92.6679
60.4937	17.8084	55.5730
111.1028	90.3854	443.3447
92.7476	85.7908	164.9159
147.6718	146.6195	305.8762
57.9178	135.3595	321.7706
69.8696	1.2915	431.0411
126.7993	3.9401	75.9030
1.5910	48.5162	170.9104
174.7702	109.5951	427.5760
133.8789	51.1027	424.8586
35.5146	37.7425	384.9699
100.3301	170.7722	19.7480
155.0431	104.9350	108.3817
18.5233	111.6025	399.4992
157.9994	158.1501	148.4956
53.7125	1.2052	510.5369
84.7848	78.8692	296.7294
151.2382	115.4023	142.1549
144.7215	146.6263	95.2168
143.2137	74.4401	143.1786
25.2249	152.7201	172.3809
161.2993	4.1070	275.7918
75.2940	168.7423	268.7153
106.7904	145.0241	265.9889
149.4017	162.5338	141.9680
129.1484	147.9410	162.9775
29.5190	46.9975	151.9052
174.0216	30.3809	420.2465
3.4840	14.6928	142.4839
18.5565	167.3400	259.7859
168.8860	50.8744	264.5263
24.8063	56.5340	99.5686
171.4238	3.5358	58.3068
117.1147	163.1571	290.1326
84.8763	74.5682	517.5754
65.7816	168.6505	0.4350
6.3067	51.8402	241.6000
69.7976	14.3558	404.8071
168.7101	92.0796	469.7271
129.1886	25.5445	236.1453
15.7434	25.2869	220.2844
150.2813	97.6559	404.0501
95.3123	81.2712	436.9892
143.8077	157.9794	497.3382
129.8850	3.9310	340.8588
33.2183	22.4586	107.4852
20.8109	15.7814	211.1393
174.4760	91.6071	92.2846
13.5688	1.1789	28.2961
21.2582	21.6491	173.5969
59.2519	66.1429	467.1120
116.0087	168.9039	185.4508
55.3236	122.4449	131.2938
96.8262	78.5934	377.7644
97.8876	167.7507	256.8279
42.2935	138.7042	126.8222
121.9045	40.0350	381.3723
129.2273	91.5645	295.4468
173.6557	133.9562	189.1003
87.1585	155.2574	160.7811
148.9601	149.8244	302.9622
69.5964	110.6272	159.5522
10.8105	136.5737	420.8196
56.2356	84.5676	456.7724
150.8713	21.8660	535.5281
90.3051	19.2127	230.2698
98.7464	84.2593	385.2275
37.2591	128.6211	338.3633
166.6580	68.8253	230.2239
39.9614	35.6669	272.4722
102.1698	147.2250	503.7324
79.8295	10.7090	19.0741
142.8638	55.9345	501.4278
58.3324	22.4741	170.4672
95.0508	127.8404	460.5779
40.3233	2.4457	249.9689
140.3320	1.1845	88.7336
16.8200	118.3907	241.2895
115.5813	170.7334	137.0007
141.7458	0.0936	85.4695
57.2361	26.6971	117.7870
172.2172	26.5373	362.7712
65.5053	133.8258	136.6822
4.9319	10.7732	528.7557
159.6173	71.9942	90.7472
4.3558	174.3023	20.7107
8.4793	112.0692	322.6065
85.0856	97.6889	520.9841
21.7389	95.0459	157.1365
77.6878	99.0677	452.4141
71.2272	1.0333	365.6554
58.9059	85.3324	448.5252
125.9316	159.1540	195.6472
92.1823	49.5671	67.9133
89.0016	60.0836	385.1074
51.4969	31.4007	251.0272
63.7641	103.2481	265.9508
15.2400	123.7171	272.1168
79.6759	172.0893	203.4576
63.7693	45.8473	27.4274
169.4561	76.5250	254.3322
51.4704	170.0349	200.0552
123.7374	80.3781	217.6022
86.5733	53.9636	543.2168
95.2217	84.4153	303.9016
0.8016	173.9868	302.0515
171.3126	170.8605	519.3389
175.2113	94.8407	96.0110
51.8166	130.8083	223.9449
3.3867	134.5849	296.1998
132.1696	28.0084	12.2073
13.5614	44.5754	360.2385
42.4976	88.8627	279.8494
55.0280	89.4948	434.9393
54.7769	48.7883	121.8620
19.2509	67.0178	197.2296
135.4479	114.6174	55.9039
12.1287	71.1565	381.6520
36.4681	150.0553	273.0404
28.1781	26.4071	350.5742
16.3236	89.8095	20.7262
125.6997	143.3255	311.9599
162.3888	86.5027	136.5843
39.1034	168.1330	24.4610
43.7121	83.7103	400.8471
152.6890	75.9690	27.5143
113.1358	128.2532	118.8139
4.3347	144.6461	321.6986
86.3185	83.8136	189.8534
35.6545	166.2394	415.9603
111.8135	20.2363	132.1729
126.6517	155.5150	20.2188
55.0134	87.5613	205.7011
8.2302	157.7080	505.2434
140.5738	8.5604	269.9613
147.1016	137.5307	140.8260
172.1107	163.7232	482.9305
146.9379	163.3307	303.1895
59.9637	145.2422	476.5173
76.4427	13.2762	101.0675
162.2123	173.0291	160.9922
15.5750	83.7827	457.1389
97.3356	159.9220	139.3137
9.3666	58.3762	300.8139
76.4328	108.7327	493.3059
151.2014	134.5210	298.5315
158.5673	99.6758	80.6023
161.5117	50.8961	362.5926
25.3078	112.2706	430.5338
153.8790	41.2862	289.1706
45.2547	45.8030	463.3734
133.5281	99.1028	430.0962
55.0553	150.8638	465.3219
21.0832	108.0660	455.3072
144.0556	87.3463	54.5747
125.3681	22.2734	56.9857
172.5487	20.7459	360.1449
5.0002	93.7928	386.1739
71.5501	20.4578	64.5155
108.1750	133.7181	79.8454
44.0884	8.6206	22.7836
99.9866	64.4292	186.6171
71.2430	111.9684	133.5684
167.4056	77.4091	132.7179
171.0968	17.3534	229.4706
8.5553	8.5812	94.0617
19.8370	173.0284	224.1570
139.7930	166.9390	375.7911
128.4954	103.7311	501.2168
49.3730	139.7491	198.2165
11.8101	108.1858	85.7556
64.3217	110.4675	92.1212
111.6645	35.3105	128.7550
54.0631	124.8098	302.1639
119.2114	125.7149	175.4503
167.7138	14.6885	282.3355
14.6790	163.5307	304.2801
29.3582	131.1274	537.4454
54.2776	74.3036	338.8593
148.0561	60.8568	86.4966
100.8070	20.3758	285.8277
82.8124	100.7533	122.3389
12.8220	80.1538	14.8921
155.9986	8.8592	90.9560
16.0053	78.7706	217.9485
156.0140	141.2207	484.7015
26.0668	13.9804	92.9770
7.5226	150.4055	429.5887
137.4138	102.7022	128.0580
96.8337	172.3201	47.2309
75.0090	64.6211	189.4213
38.2729	141.9936	114.8564
163.6343	117.5763	246.3609
83.6167	172.5604	218.9052
21.2174	98.1512	73.5652
29.7390	166.7081	113.3680
5.3341	24.8091	381.0321
115.9129	90.1864	473.8554
28.3840	159.6427	320.4029
107.2782	72.9004	279.4388
108.2744	30.3274	106.7634
171.7181	123.0542	411.8179
10.0954	160.3706	426.9607
37.9910	130.2958	16.6987
92.8828	91.2608	333.3066
129.1763	165.6505	468.3044
157.9723	118.7042	74.2583
52.2379	50.2693	183.9509
110.0364	32.3438	392.4428
33.6078	37.0520	539.4739
164.3874	93.9734	284.3952
165.6386	62.2026	211.6339
161.5510	47.6384	65.8548
58.3297	95.4665	125.5203
171.7639	27.2519	72.2947
95.0895	92.0170	456.8675
56.0048	128.2050	297.8028
171.7336	149.2836	102.4627
20.9289	0.4774	58.7029
171.3369	117.1847	411.5698
104.4016	95.1501	464.2149
84.7377	38.3560	151.2742
41.3812	76.3383	226.2405
89.8321	124.8777	451.0716
53.2535	5.3704	310.5467
92.7571	136.8279	249.6431
26.0942	12.9926	416.0534
71.8546	137.8357	399.9017
160.8077	20.7501	334.0020
102.1354	73.8978	213.6251
32.8411	71.2650	464.4324
112.2012	161.6600	202.6423
159.4912	87.8590	425.8888
56.3279	88.0942	420.5801
79.1559	97.4904	469.1082
1.1254	148.8606	227.3085
56.5992	72.2527	352.0425
11.1163	142.9969	168.8669
82.9598	20.7660	349.4309
30.1065	167.3858	88.5538
114.8813	141.5096	1.6445
159.8171	117.3417	90.7392
55.5474	162.8089	238.5987
42.2252	172.0543	87.9447
134.6163	86.9868	440.8658
98.1505	93.4323	347.6496
29.7133	157.1001	84.3560
114.5512	59.7932	479.3644
77.7674	12.2994	203.2112
57.7739	7.9652	332.1541
92.1040	92.5439	134.8486
109.9574	111.8987	305.6328
26.4081	68.4947	260.0845
147.3066	82.2375	434.8309
133.8893	174.4628	42.3432
61.8681	51.5878	279.6712
64.8317	130.4522	377.0375
9.0654	102.1303	297.2359
144.4316	2.1148	163.8848
102.8915	33.1603	450.9152
58.4369	22.1015	350.6348
94.6835	150.7989	429.6741
85.3611	119.6899	543.1147
14.0873	163.4600	396.5954
95.1893	129.5309	200.7640
108.2816	83.7488	324.1673
56.3542	165.1596	183.5122
118.3169	21.2034	81.0116
125.1306	158.6697	222.0482
134.2598	107.6669	146.4569
165.2476	159.7406	171.3651
105.9786	2.4682	87.8466
3.6490	89.2542	182.1914
95.3073	116.0444	31.2583
121.7807	51.3264	422.0770
164.4221	139.8004	436.3908
110.2540	30.0846	373.6603
132.5907	0.6066	159.9464
122.5449	91.2480	72.7515
18.8478	85.9078	151.4629
165.6112	46.8930	537.8150
20.5520	126.8281	514.8659
79.5024	97.2957	473.7317
2.4569	20.5190	451.4867
146.6680	167.1037	291.4825
128.0602	32.6908	413.6463
123.7258	136.6309	4.4213
8.6566	21.1305	439.0996
98.2112	145.0408	432.9568
139.6080	51.1833	414.0211
32.2491	13.9825	60.2432
165.6198	151.4139	114.1663
97.2841	116.4043	142.4225
32.2026	6.0809	245.0012
153.0692	29.8862	496.6664
23.0954	23.7726	527.1452
118.4412	68.3314	163.8421
83.2388	160.9940	274.0704
131.4632	98.4298	276.0576
125.4564	89.7679	406.1688
145.5270	67.1008	66.1971
153.9573	68.7152	144.6467
120.7627	2.1716	35.8794
86.0443	98.4334	199.4354
144.0254	115.7815	519.4616
48.7475	5.7942	119.0614
116.0100	39.8096	7.2985
41.4084	149.5217	139.7916
166.5134	39.8562	107.0751
151.0752	94.9634	359.1994
55.7307	9.3420	259.4849
106.2295	151.0843	158.6722
42.4470	159.2444	396.6374
107.1898	159.1493	284.4990
66.7265	92.3048	478.4995
27.2248	93.5183	377.2199
94.7257	129.5207	438.3650
125.2399	120.5123	111.3341
171.1814	23.3109	221.3210
101.6219	39.7256	299.5123
165.2508	133.1651	129.6052
141.0434	100.3882	520.6939
8.6144	144.1384	331.1759
70.8320	51.5051	191.2836
2.0737	15.3382	228.6350
145.6441	108.6414	417.0806
63.1198	20.8684	178.6454
162.9548	133.9543	2.1213
5.6523	69.7839	121.4171
115.1010	124.2748	428.3448
137.5193	131.5559	168.4633
45.4352	134.9158	246.4192
65.7401	20.9150	425.0522
23.1712	1.8923	476.5913
124.2539	1.8151	181.0349
134.0929	60.3539	292.4322
62.6023	20.1567	369.4504
44.4980	1.3602	505.3432
162.2010	132.3986	542.1249
137.2550	156.2715	12.3974
41.1239	74.4381	345.5799
156.7483	29.6389	448.7243
42.4887	30.7384	184.5259
76.8076	82.3686	192.4839
27.1881	89.0007	281.8854
99.1230	33.5467	410.8912
88.5824	140.1522	316.7683
171.7795	13.3312	63.6859
81.6075	25.6636	323.4102
156.3017	159.1360	357.8019
100.9885	114.8029	346.6436
133.6374	53.9419	465.9607
116.1491	47.3052	50.9294
81.6173	67.3911	285.5447
81.4674	145.1395	38.9936
18.2191	103.7007	318.5653
114.3273	147.8512	341.1272
12.3007	43.8052	376.3630
80.5620	85.2950	307.1292
3.2611	22.4809	498.1826
74.6134	137.7715	311.9228
113.9684	97.7640	217.2049
114.8779	8.1089	251.8317
69.1655	58.1132	135.9930
33.7459	85.0921	230.3370
89.0905	90.7028	194.9922
123.0005	1.8942	388.3960
139.4523	156.0663	297.5445
5.7681	52.7492	122.2155
10.6006	45.6733	38.6229
172.4042	122.6057	233.3905
43.9422	145.1793	420.9128
91.0389	143.3047	2.8735
15.7335	49.2684	71.4525
12.8291	162.3115	432.9145
26.5559	117.2476	417.1566
82.4325	69.7994	301.8697
103.6007	63.0360	291.4778
114.8605	95.1988	455.5171
53.9610	65.0383	349.7958
18.4354	124.1172	494.0526
68.6850	121.9475	504.7581
64.3362	7.6485	526.8936
164.8924	115.6955	15.9025
9.0094	126.6186	311.1329
155.9134	50.9684	413.7018
49.8094	171.0583	351.9616
41.6141	165.3746	47.1194
37.6740	11.7324	95.9135
8.4650	138.6300	499.6542
53.4401	28.2518	59.4914
84.6482	125.2411	392.0466
129.8766	2.3833	109.1260
55.7966	91.4331	109.0810
14.1303	52.1915	330.5377
169.0752	135.4166	400.4557
50.9888	132.0080	231.0562
2.1028	122.6975	110.2403
120.0252	1.8939	473.0787
110.0887	49.9948	110.3362
19.9639	168.9820	392.3460
49.7437	11.5738	220.4925
68.6441	11.0471	155.0493
82.6342	60.9760	227.2345
114.3460	82.2632	456.0875
147.0383	101.4425	385.8137
138.4350	107.4816	115.2011
143.2808	81.3000	232.5317
128.2847	16.8276	174.4083
152.9652	157.4902	69.1060
15.0839	173.7662	450.6110
14.4044	170.1900	411.3273
60.0344	153.3258	331.0785
81.0081	143.0128	1.4303
165.7129	32.0824	329.3890
45.8970	83.9695	374.5184
50.2461	20.2826	173.9105
17.8448	23.9756	83.7445
78.3940	58.7591	468.8785
15.6775	108.3300	227.5656
37.2461	154.9910	20.9911
27.4133	122.3400	180.2274
59.4587	42.7195	466.5183
6.6220	38.0705	160.9886
66.0694	170.0925	540.2278
118.4264	163.5598	368.5416
115.7706	108.7371	131.1083
65.6246	136.0370	147.1793
146.4039	28.2489	178.5307
20.9828	0.1450	12.2988
4.0607	152.0117	168.7744
169.6399	5.0277	344.2571
6.4356	20.4721	327.0244
73.0864	38.9547	471.9403
49.6272	147.0116	190.0582
0.2266	37.9968	115.7642
81.7603	23.1963	409.8620
67.6316	2.0201	166.5224
113.2208	146.4318	329.3493
98.6497	162.2591	19.3701
11.0075	146.5527	355.0141
51.4253	9.1280	506.5267
39.3887	116.4858	301.4533
58.3122	7.1502	304.3265
137.9588	51.1536	36.0015
107.5905	114.2555	312.1475
107.4633	14.1161	472.5576
124.0817	111.0055	380.8116
42.7778	82.1008	152.1861
157.8254	80.0037	73.2498
83.6286	132.0028	161.6564
9.4689	51.4203	105.9349
93.0412	19.7624	203.9376
129.1248	30.3101	207.2784
19.3430	77.6493	324.2005
76.9249	107.5195	438.8291
38.8055	33.7130	150.7367
135.2235	54.2038	485.0988
105.9536	9.5542	247.9421
154.9707	48.8916	382.4421
115.7649	1.1587	223.9255
60.2738	58.6934	482.6742
43.1766	72.6518	472.5479
58.1233	120.7798	538.2689
98.6842	22.3682	497.4913
100.9764	21.6509	150.2468
38.8945	141.6900	219.2965
3.7917	147.7035	163.4420
84.0758	100.2138	251.7158
56.1027	149.8793	171.5493
68.6778	60.0506	228.1171
56.2065	3.9039	415.5655
119.3851	158.3565	102.9447
2.2818	7.6011	282.4637
164.1929	66.1022	41.8018
19.5523	13.8352	444.0023
102.5892	7.8851	270.5892
64.2611	53.2807	383.3797
27.4752	164.9702	518.7818
143.2273	77.7194	219.6259
118.0542	145.8781	159.2653
119.8816	2.5329	28.4715
7.9910	58.7859	528.5818
36.4455	158.4041	85.7681
11.1099	65.1113	59.4581
162.9416	25.4723	488.6019
50.8319	93.2837	423.0032
30.4229	17.5292	438.6644
39.4848	170.1502	15.1592
167.8651	158.3370	528.3380
125.0123	155.0027	283.4919
3.8155	18.2471	81.2957
54.5507	106.5301	502.2045
17.9073	19.3676	0.9085
116.6832	62.8480	540.9414
137.8182	67.8319	153.3016
156.7233	62.3533	503.4309
166.2295	8.4765	393.6119
93.6484	135.9533	397.3758
102.6151	50.0601	26.6137
10.3531	46.2455	379.0691
36.5197	109.8695	108.8355
67.5888	34.3704	317.5537
20.5695	14.1378	350.4925
26.3733	27.9931	153.7358
12.6064	62.8451	208.8245
60.5990	48.5340	113.8813
130.4715	37.3431	150.3204
61.4270	1.7008	370.3663
68.5501	65.7464	511.5198
97.6034	159.1039	142.7438
92.7406	0.3903	218.2072
30.5216	55.3477	131.9001
89.7626	42.5214	224.0173
61.6425	65.5105	222.2937
74.6133	53.9587	373.1188
175.0944	142.3889	390.6075
62.3169	131.6571	114.7582
43.5009	156.0996	505.6953
355.4525	-70.5426	430.1400
21.6522	62.7410	453.3808
138.2901	52.2980	335.9503
167.4796	151.0997	109.8611
17.2610	28.4109	146.1149
83.3840	70.3942	278.7644
56.7314	50.3095	83.1729
168.6121	22.2925	6.4425
136.2724	123.8248	372.0381
125.0673	91.4289	188.9833
83.1529	114.0033	474.6386
27.2904	171.8490	119.5454
32.5704	159.7844	219.0778
55.4831	32.5885	249.9396
157.2892	51.8082	256.6061
0.7715	83.7670	487.4782
42.6206	163.0883	196.3640
74.1053	8.8434	7.5844
59.7290	65.1822	216.3787
104.9607	76.2792	317.5688
60.4756	15.3108	300.2477
6.0277	100.9999	118.2266
52.9725	40.3880	250.3794
54.5156	168.2675	429.2531
35.6524	89.8727	9.9256
72.7790	50.3591	49.9693
20.3271	145.7965	462.0844
7.4149	26.9828	467.7428
27.6160	1.1603	318.0556
76.6810	155.8487	162.7392
59.9706	85.9563	384.0084
71.4967	110.9953	78.4527
128.4157	25.2079	466.0788
10.8850	12.0284	500.3099
49.3004	166.7141	370.5732
118.7209	171.8154	236.6079
85.1959	13.6532	149.4936
25.9924	65.9097	119.3721
57.8242	1.3426	133.6269
21.6873	71.4065	102.8899
144.8093	88.8180	491.4043
58.0839	11.4618	531.2208
12.9801	67.1636	247.6539
70.2086	24.7578	125.4494
75.6754	173.4640	254.6924
88.7912	22.2246	264.7931
28.5204	92.1370	513.5916
0.4427	98.6852	20.9969
115.8608	168.0353	111.7405
36.0659	43.8463	165.0987
16.0107	94.9983	52.8824
107.9174	29.6945	389.5710
163.9985	140.6879	520.5326
131.1503	34.5399	377.8269
140.6374	133.8486	404.5761
24.7103	148.4391	449.7406
5.4727	47.3340	44.6831
6.5850	173.4984	288.7767
143.1507	106.6481	22.7733
83.7123	33.3578	21.7872
55.1825	58.4102	514.8544
72.3470	108.7350	536.5860
56.5229	166.3713	114.8509
115.5564	121.5337	377.5918
149.9309	108.2876	389.1067
78.6693	60.7671	294.7824
166.4118	135.1902	436.1654
50.9823	28.0818	126.2644
10.1515	21.1069	287.6919
47.3625	169.6155	143.1013
84.3341	51.5504	82.7242
101.8956	109.2916	424.7582
90.9243	133.7098	188.6388
9.4109	81.2543	530.0450
172.3142	16.5071	52.7717
77.2764	160.2924	176.6598
118.5290	17.5137	66.2329
121.2538	32.5620	406.5771
121.2895	59.6805	284.1113
56.7189	18.8767	310.2580
166.3949	134.4096	198.8171
30.9829	37.6348	509.3152
162.9309	24.1412	236.2325
61.5163	58.6774	496.2504
110.9335	82.8452	476.2347
149.5500	19.2596	261.9143
14.8985	72.0302	303.7102
53.9417	6.2156	518.7896
162.9582	32.8738	32.0598
100.8153	16.5019	74.7270
86.6481	121.0916	207.9407
105.3487	68.2390	193.3374
149.1826	148.3217	99.3442
158.7108	142.1272	31.8799
78.6994	165.3953	116.3620
3.8482	7.0064	298.9394
40.6252	16.6755	320.1329
147.0813	158.2143	536.3864
153.9005	34.2607	509.6019
67.9752	96.4724	393.5579
142.5544	2.4365	151.6486
43.1913	10.3310	481.7479
84.6867	24.4569	495.3852
54.6880	131.1676	212.3103
64.9911	138.1611	38.4713
148.7122	24.0005	105.9405
70.4385	33.7559	248.5568
154.4596	128.2129	490.3705
61.5131	57.5635	56.3063
54.8356	78.6732	127.5768
3.7196	71.4663	317.8160
50.8328	67.2400	379.1630
18.1711	19.2767	520.0472
17.0020	11.7647	117.6840
25.8854	69.1360	434.1179
139.0367	1.9789	183.7619
81.2759	15.0614	150.4994
152.4414	56.8687	292.3226
0.2907	142.5393	514.5510
1.1149	32.3738	144.3379
44.1379	4.0100	217.6247
89.5846	67.4431	89.2005
20.0656	23.5999	530.1880
5.6872	30.7203	145.8509
132.7699	58.2015	85.6791
129.2329	140.2023	243.0871
140.8146	169.3457	498.5754
114.6395	88.1159	167.0221
32.4669	8.3075	437.9634
98.1309	125.6341	283.9898
24.5376	46.0669	57.8910
49.6113	161.7206	79.4067
110.4446	149.9789	120.3505
159.8595	2.3428	161.4161
23.1421	116.0321	293.1858
156.6450	105.0044	32.7564
33.7923	0.4536	407.3571
23.9751	119.0706	71.3843
121.9298	98.6789	227.2914
52.7975	139.3118	318.8454
122.6637	64.3584	336.6669
60.2924	153.4009	172.5252
39.6206	164.7621	409.7148
135.9481	166.7772	321.2093
111.5521	73.3209	398.9229
110.9034	97.6638	325.1607
148.3345	4.7056	11.1740
116.6168	159.9085	174.7315
109.0434	64.3974	18.3601
159.7514	101.4545	78.0019
79.7777	4.3746	356.1711
54.1529	13.8227	391.7861
42.3988	79.4245	266.9884
4.0904	55.1645	154.2020
126.2100	130.0630	71.0138
115.3401	137.4043	345.3166
169.9614	111.3025	533.0418
152.5288	134.3693	288.5905
37.8441	103.4237	241.6928
171.9422	101.9423	86.0005
147.0255	166.0597	358.0280
71.7646	118.8918	343.6331
120.1945	130.0551	447.9395
134.5424	27.8652	486.7887
142.1590	48.0434	336.0362
109.0503	164.2374	498.3344
29.3003	19.0819	124.8855
151.5667	42.2720	89.3940
88.8747	7.3186	11.6844
166.2106	12.3687	47.7226
73.6614	94.8365	435.4131
130.9525	163.2699	294.1609
164.5641	167.4704	497.7897
55.8252	57.3768	169.8580
67.2763	78.9544	388.7151
48.7975	16.9599	180.3003
86.9496	9.3203	429.6863
113.3434	96.1300	82.3403
114.9281	161.1050	469.9416
128.1116	15.5855	390.6395
79.1989	4.7359	391.3203
120.8772	163.3598	220.9161
21.0395	39.5490	531.3346
146.9106	2.1877	334.2517
15.0394	140.7568	20.2775
48.0093	48.7509	146.7526
65.8824	123.9688	456.5129
95.0626	44.5114	64.1444
30.9976	173.4326	301.7449
32.2349	28.5565	123.9136
134.7303	96.2124	210.9619
127.0589	105.3548	18.4487
83.5654	162.7888	285.7186
101.7779	70.8512	280.0417
167.6401	93.9223	493.6751
47.6775	101.1516	489.8054
1.2801	97.4593	183.6555
104.7466	31.2589	184.3300
162.4382	105.1343	343.7686
165.4509	141.0833	142.8317
109.0602	62.7585	26.1235
117.5409	160.8052	378.9377
93.3612	40.0881	191.1239
82.0498	126.8564	146.2341
24.6889	75.5857	447.4112
119.5829	97.3141	457.0896
0.5934	29.0355	539.6254
61.9329	130.2501	107.5741
125.5534	144.9564	216.0029
47.6508	146.6545	10.5692
59.1152	6.5457	455.5965
66.6727	147.3392	529.1547
111.5798	90.7939	434.0867
147.2237	162.1406	308.4986
93.6082	96.6753	113.6197
26.4319	6.7917	87.3496
160.6353	0.2865	529.5024
13.0940	120.7674	187.3115
146.0970	132.3993	235.2911
167.6529	73.7923	512.9137
109.5916	71.6763	166.6574
105.3719	8.2458	14.1372
127.8714	121.8839	426.8987
158.1491	55.9929	166.8989
81.6074	94.0991	465.1126
88.6470	92.3823	307.0283
142.4924	166.6105	408.9901
67.2191	23.4487	67.8899
38.2692	123.9447	299.6953
70.9159	0.1054	386.3628
90.8961	136.0229	1.4974
44.7800	22.6092	502.0930
75.3426	46.1657	162.9943
67.7279	74.4971	351.7949
54.9133	137.7615	406.5357
0.2018	84.0800	433.8428
99.8396	123.4810	167.8763
96.0415	6.2530	459.8829
41.6465	52.4872	544.2497
38.4504	8.1074	456.2644
141.9774	68.4192	471.7850
17.8451	35.7679	367.8392
57.0128	1.2094	301.4663
47.2406	89.9710	36.4843
119.6872	56.4019	76.5912
28.4080	105.2179	64.1688
137.3367	161.4202	400.2203
100.3024	139.0683	417.1167
57.3564	61.1164	501.4318
91.3875	112.4391	360.9034
81.8888	109.9007	427.7664
9.0396	81.0444	532.0672
56.6817	90.5319	361.3178
125.6199	155.4949	18.0232
119.8991	49.4736	115.3001
18.3208	80.4843	52.0850
31.1848	62.4442	89.6213
132.9205	14.4389	297.4721
104.0297	20.9755	318.8972
165.8282	123.7257	233.6370
140.0642	152.1574	399.7532
55.2751	39.0724	461.3510
10.3461	170.3085	510.8134
144.0169	147.1953	410.2413
48.4643	84.2479	184.7728
112.0076	12.1788	393.9610
38.0072	58.9198	416.8376
71.2708	160.4963	46.9230
94.4917	27.3644	498.9594
151.2085	131.8353	314.8056
171.9535	51.5534	363.5625
60.2092	156.0309	358.4932
34.7595	138.4673	482.3416
144.2765	103.9738	453.3346
71.8514	115.8784	527.5864
102.7699	149.2997	310.0478
114.5053	160.4198	274.1197
131.1226	162.0241	459.7792
28.0458	143.1798	450.2952
85.3868	125.9119	116.3369
144.1636	142.4078	199.7042
28.8042	163.5842	501.4836
93.1796	83.3397	466.1660
68.3646	30.6436	447.8657
109.4051	39.4446	132.7510
14.0390	110.5113	123.0631
84.6271	148.8778	275.8762
91.8238	164.9774	6.3110
161.0082	97.5141	443.5626
131.8029	22.9950	393.1775
99.2386	34.6892	257.1691
158.6866	144.5219	492.9897
132.8664	120.3897	8.8352
164.5364	60.0539	321.9026
171.4789	20.3166	301.8309
102.2991	45.1216	62.1627
87.4381	22.3495	36.5364
85.5608	118.4266	465.0607
87.0887	171.8490	258.5855
14.0520	90.9393	388.0571
136.1166	47.4782	293.1498
112.8381	16.6972	253.1603
27.6110	169.4195	305.5811
108.6924	80.2850	344.2000
163.5098	138.1937	136.8927
153.2490	11.4630	403.5869
16.2590	174.6037	29.7614
89.5896	9.1053	207.4914
75.5140	141.6716	493.6728
83.1470	7.5294	193.2446
130.4659	59.4519	189.0952
131.1910	83.1080	437.2604
135.0893	97.3848	505.4422
149.3776	135.7082	345.6976
148.0612	99.4933	213.8340
146.4835	80.6507	345.5098
88.1896	29.2530	489.2232
41.9662	4.6898	192.9410
109.4190	86.8797	315.6181
63.8249	96.1458	37.0233
30.1304	67.0251	85.2276
9.9569	86.4600	202.7037
2.4006	35.6492	466.8696
149.9705	19.8466	523.5642
165.8173	17.9948	546.0314
62.0018	152.0552	127.8326
134.2901	158.0942	450.2395
22.7042	85.0696	201.0130
119.6295	28.1729	515.9207
173.3170	135.2687	290.9224
129.8463	125.3156	333.9419
29.3576	156.8127	43.8620
81.6439	76.7213	502.5846
7.0869	24.2019	35.3946
78.4149	153.9847	171.5364
12.8755	161.1096	333.4573
77.9647	148.6360	465.3912
3.6634	150.3163	198.7487
62.7834	127.3553	378.4565
76.8597	143.1422	121.6259
105.7280	72.4818	320.3157
139.5540	93.7539	346.9348
137.7410	103.3135	44.1885
83.0705	86.6315	504.7189
71.4884	57.2803	23.2166
22.3754	169.9253	311.8470
117.7241	156.4124	511.3947
19.5320	11.6810	142.6616
36.5331	127.0041	115.9440
59.5424	18.7059	66.8296
33.9877	138.2980	173.5817
164.9981	158.4374	349.4841
89.5655	126.9132	203.3184
28.9567	115.7108	476.5251
170.5693	70.3464	518.0297
47.4879	117.3785	204.9925
128.0537	144.5049	497.7771
7.8028	81.4961	187.2541
11.0835	33.0310	386.1555
43.1080	34.7804	130.7948
52.0106	99.5450	142.0958
155.4887	1.0099	431.5502
40.4105	53.7280	321.2209
40.8434	134.4468	200.1613
142.6132	144.1709	205.1336
7.7851	151.1057	537.7894
163.4189	7.7147	341.0853
172.0300	164.3101	247.4014
87.9799	71.8309	283.0897
22.3957	16.7980	25.3815
121.7289	108.8956	129.0790
83.0353	59.6594	247.3686
89.9053	120.3927	116.0377
26.0623	91.4121	97.2177
13.3347	164.7820	527.3495
145.6333	58.1817	68.7810
90.1697	107.4934	266.0394
39.2244	32.3126	121.4831
76.3545	109.6505	505.6094
170.4225	173.9467	7.0879
96.4499	133.4719	105.6673
35.7777	13.1757	248.6399
74.2146	26.8560	444.9118
42.4365	119.2816	126.7507
41.1256	47.9903	155.9286
140.5041	142.7971	533.0084
155.0171	85.0443	266.9680
96.0824	129.5082	262.6740
109.9693	103.7648	526.2672
63.2287	167.8708	74.0732
170.9527	152.1756	179.1248
91.4680	105.5370	31.8864
7.3579	120.8864	93.5721
130.7626	48.0677	73.6519
54.7172	56.6347	505.6197
130.3358	110.3660	93.0258
23.0380	107.3553	239.6248
147.3462	107.7119	9.1614
152.2877	44.5496	286.6934
162.2626	148.7625	243.1111
8.1379	59.4608	147.0867
39.1024	116.1842	255.5951
163.4151	26.8799	268.8816
25.4181	123.3415	291.9006
125.7831	25.4469	384.2593
86.0464	42.1407	473.7801
32.9583	161.6846	1.0634
107.4159	72.8769	228.5336
10.6121	54.6972	534.9626
62.8193	51.0369	249.1933
73.0915	66.0416	418.4001
88.6606	81.1756	103.2805
117.4538	25.6338	288.4186
23.9629	168.2052	281.3601
115.2637	103.4958	340.6233
132.8206	70.7768	172.7668
89.9633	19.5314	376.6095
136.0640	83.1131	489.8479
147.1337	158.4865	513.1558
25.6958	109.1801	213.6381
72.2199	147.2165	151.9618
155.3311	129.7238	160.7092
98.0891	132.0976	31.9110
63.0835	104.0505	428.1165
166.0031	3.4513	396.8835
136.2743	47.5268	383.1276
160.8773	125.4451	147.1983
83.2384	83.9140	530.2934
41.9934	30.0299	69.2366
51.3778	67.2195	397.0395
109.2044	173.6699	59.5720
48.4173	129.1846	327.4717
6.3099	19.5943	293.5146
13.8935	57.9007	57.5140
83.3197	36.8283	110.5984
20.0049	99.7936	61.5453
117.0686	73.8919	71.5892
170.5600	76.6974	333.4791
23.3104	11.1649	18.8315
49.0179	168.8093	65.8302
39.0229	32.1543	499.8293
98.6797	76.6985	11.4817
109.4995	44.8489	5.6999
20.4600	139.2424	345.2479
35.4574	65.0231	98.0303
84.0329	129.2546	146.3541
139.2069	173.6722	61.3562
74.0491	55.4073	258.3311
129.5878	23.3407	161.6911
116.1964	128.3013	389.2106
49.1801	18.0772	177.3523
4.3891	44.1632	49.4172
172.6397	22.8769	38.1806
2.0425	116.7828	86.3883
56.9083	102.7678	127.7860
46.5475	107.3606	487.0504
62.8300	77.3204	406.9475
9.7614	35.4752	361.3899
4.2210	65.8984	454.7541
54.7630	75.7550	201.4206
125.3847	93.9812	208.8116
35.2539	45.1699	116.5253
133.4676	131.1665	435.9520
140.4081	158.5557	309.5253
5.9514	165.7186	480.8274
3.0391	40.4208	330.8965
45.3006	81.8319	127.6422
50.9053	115.6225	61.7217
71.3932	40.7941	329.2630
128.3623	135.2899	66.5496
167.2982	174.2382	15.1841
158.2836	23.4181	147.1368
31.9666	142.9807	45.4993
38.5837	153.8068	540.8769
2.8984	29.7207	73.4150
-189.0268	149.3038	907.3600
63.3637	109.5394	157.8557
60.8583	164.9932	345.8326
40.3749	131.4373	26.0418
55.6549	89.4777	359.3815
1.1008	21.2793	492.5812
159.2267	5.8746	416.5619
75.8444	15.3410	165.0827
145.7791	90.1435	289.8332
109.5458	41.4221	165.5044
103.5801	87.9413	345.4726
13.2887	154.2628	105.5497
156.3705	6.8592	20.3708
101.6341	26.1893	126.2754
97.2577	134.5436	377.1084
42.2525	57.7964	253.2919
44.1842	11.9282	488.9744
104.3695	31.2551	7.6622
73.2870	162.3447	279.2949
110.6383	4.7903	104.0076
101.5663	65.5494	294.6071
39.2576	18.3977	500.4717
164.3976	63.7716	131.8910
92.5960	123.2240	49.6465
33.2426	168.1958	98.5938
31.5598	36.6742	512.3164
144.3113	126.2441	253.6914
60.1887	173.7266	279.5849
75.0025	66.8093	240.5708
10.7160	153.8619	433.2242
86.3886	23.4435	418.9049
71.3873	87.1423	142.8463
147.4125	120.7030	113.6512
154.6195	31.0207	420.3453
96.4908	58.6793	278.9564
74.9247	58.6610	243.6871
99.3692	23.4308	458.9853
70.2614	161.3549	121.3518
116.9639	5.0095	259.2318
153.8516	104.0189	8.0100
34.3076	20.1767	112.0373
4.5843	19.3873	368.5019
77.3100	142.3388	260.7946
12.6886	131.5740	353.9800
69.5439	151.5574	539.0351
159.8985	153.9813	531.7421
128.7998	66.8812	516.3274
167.0501	141.0059	397.9931
124.4376	57.9268	522.6674
63.3264	75.4587	457.2277
162.9707	100.1877	237.7781
98.2347	165.7609	442.8441
126.2587	115.1091	151.5694
105.7274	141.7604	424.7992
104.4591	88.0153	27.2447
172.0494	112.1183	107.0462
164.3814	9.0501	80.6222
144.2449	67.4755	375.3625
114.9301	14.0992	87.7943
160.8495	8.3822	332.0819
172.3520	2.4173	63.5274
6.1377	131.9499	46.3662
48.0277	119.1439	67.2505
92.1270	33.0512	417.8081
119.5274	57.3896	318.8887
32.2361	116.3159	385.8417
73.3172	73.0340	80.8159
38.3731	4.2616	375.4225
103.5361	61.2489	472.5722
134.5350	34.3257	81.5069
138.7850	139.7170	4.6409
10.5453	61.1618	189.7354
34.5097	171.6293	482.6484
18.2645	142.0571	449.6952
146.9475	146.3613	200.3956
112.2659	18.0470	246.2186
149.6519	50.5387	532.5595
121.6491	152.3564	322.8761
1.3611	16.3380	283.7092
131.2996	10.6174	89.3226
129.1565	110.4515	226.1052
35.3226	161.8134	47.4269
120.0915	60.5416	509.9228
134.7848	149.9803	389.8756
22.5609	129.7361	528.0291
104.8702	122.4604	493.4422
153.4155	92.8168	380.0185
50.3770	122.5242	53.1982
108.8629	80.6480	293.1119
133.1512	19.3895	129.1590
107.7857	32.1258	404.9255
69.3535	5.8801	346.9152
66.2578	97.7673	434.0070
53.7326	146.2098	186.4994
35.6654	47.0388	367.8157
170.1182	169.1702	274.7594
96.6056	20.2499	495.2493
153.7890	172.7450	256.1844
35.1627	2.1682	321.9381
24.0536	77.0887	21.6717
116.4489	17.6906	91.5944
162.2962	142.5114	448.8049
38.6764	5.1282	324.1807
13.9091	37.7514	439.7126
16.5019	104.1280	409.5171
157.3036	35.9544	303.8902
173.6674	60.0209	342.0055
57.0400	28.1821	104.5709
120.5961	83.5479	249.9944
15.0234	16.8187	46.7660
87.9178	121.7488	75.7051
108.8316	132.5689	343.3192
36.9196	114.0640	9.0930
42.6050	162.7779	262.5117
164.7706	146.6380	172.9463
33.6099	28.1765	69.1313
143.0668	128.7009	392.7665
46.8830	28.6774	79.0455
126.7477	105.0657	239.5117
104.8845	142.8610	480.1326
147.0954	132.8580	286.1615
39.6011	106.2002	341.1647
132.9185	106.0917	545.7164
126.4262	115.8367	117.3836
62.5813	130.9022	389.1316
111.1239	29.9797	220.9401
63.3729	63.6703	435.9876
162.9147	17.3350	514.7914
134.5235	84.8417	22.4374
98.9741	58.3141	32.2857
35.7322	31.4786	349.0421
144.5225	90.5399	94.4333
38.4854	67.5113	517.2787
24.4900	101.8764	71.9088
12.2912	25.5771	61.5228
24.7673	139.2398	312.2013
94.9834	25.3816	187.1051
123.7133	139.5733	374.0687
72.1689	147.7471	372.6741
110.7512	106.6716	519.6979
149.0129	105.7874	505.7798
32.5488	122.1586	55.6129
90.3794	10.6439	471.8308
147.8821	84.2332	40.2668
142.3890	8.2151	43.3045
93.5666	96.1180	306.6873
84.2021	56.0009	414.9177
167.9451	1.2605	539.1619
102.5146	90.6093	457.4797
62.8338	106.8195	121.7125
37.5007	14.0539	366.9644
78.4512	26.4740	264.9266
119.7721	104.9503	544.1706
67.1798	131.6985	403.6060
174.5537	108.7537	294.9356
22.7972	167.9541	259.0040
90.1620	161.7043	497.4104
80.6363	118.3833	469.9412
44.3313	26.2778	283.9247
33.6453	129.3648	223.5528
8.1214	98.9640	150.7872
107.7066	156.0156	426.3552
107.8023	145.3162	202.7545
89.7175	57.0169	427.3281
137.6366	18.7811	333.5996
166.1087	23.2446	167.3606
32.7489	116.3684	200.8837
168.8895	131.2092	413.3139
145.0685	7.4446	291.4363
108.5361	70.0696	318.3636
137.7534	18.0877	495.6173
102.7099	27.7076	142.2293
116.3469	41.1258	278.2801
131.2849	36.6954	348.2673
36.8055	65.7479	226.8458
132.5085	166.1350	182.2037
49.5784	29.0885	542.8198
22.2981	18.7467	241.8360
127.1637	61.8729	287.5510
97.6049	174.1409	431.5031
168.7274	145.1099	532.6332
3.2216	33.9499	148.2648
89.0701	125.9261	502.4837
37.1042	10.7431	344.9585
49.5347	5.0437	395.1220
169.1502	44.4013	45.0415
110.4356	25.8312	415.6105
122.9168	152.6234	25.9350
33.8207	133.6466	164.1234
10.5717	26.4155	545.3569
87.4042	156.3303	156.4469
98.7488	2.5245	366.0248
163.7781	170.7712	322.0132
39.1180	106.9726	488.4922
54.7230	103.0253	353.1484
146.7330	150.2458	536.6937
121.7327	13.0069	360.5530
24.1027	11.2935	117.3647
165.5857	35.6993	409.4013
137.9058	155.2029	186.1955
7.1208	90.0906	182.3446
149.6927	102.3765	129.0089
138.6110	126.2164	209.6859
131.8952	35.8512	100.7298
11.1573	118.0516	475.1138
172.3229	10.7545	177.3879
115.4820	95.4210	245.8182
119.4393	43.2378	421.1901
164.2343	99.0664	501.1322
3.2535	139.1111	367.8741
7.4326	109.5411	99.6143
113.3861	104.0180	310.1867
158.2777	4.3401	321.2437
40.4712	85.2322	148.2081
172.3929	126.4252	234.4434
80.2105	45.8156	233.1560
9.1102	102.5576	349.8334
66.9448	156.5263	167.4398
112.6322	79.5179	121.8206
122.2818	76.3349	214.6675
155.4821	57.9648	320.7802
90.2996	150.1981	19.5251
166.1938	51.4999	255.8703
94.0569	137.3359	155.4394
173.9945	36.3324	431.3111
141.2595	83.0774	297.8547
121.2782	152.5493	491.1803
174.3927	3.4885	310.6650
70.4175	156.2081	153.2889
59.1122	101.1886	60.6489
147.7030	12.0714	523.4525
86.3062	149.1065	412.8127
129.9331	114.0298	67.5347
172.3467	42.9016	537.8610
46.2100	16.4617	410.2153
20.9669	109.3941	195.4545
56.0362	129.1838	363.3975
85.6696	63.7053	241.3529
132.5422	131.5158	316.5417
21.8331	116.1814	461.8965
161.8017	64.5404	352.6483
0.3072	131.7169	497.3527
28.8123	137.6359	130.0284
57.8974	37.1309	254.9313
93.0464	68.6488	242.2386
157.8986	60.8198	528.5058
3.3768	154.7559	188.3888
161.3931	14.3608	102.7532
159.9367	27.3440	174.0101
157.9822	7.0428	358.4382
95.8988	140.9949	34.5147
108.0585	15.4990	25.9453
112.6695	35.9404	274.9259
139.1486	105.3018	87.0822
131.8724	131.7531	195.3696
57.6118	134.9793	55.3474
103.9542	170.0938	364.4212
145.5755	69.3113	127.0932
66.7019	124.7313	327.0115
50.8467	38.5418	146.6776
145.3599	56.0833	392.3651
88.3106	117.4224	261.2972
16.2458	2.8394	512.5458
138.4843	156.6443	523.9079
87.5373	113.2851	135.7309
120.3137	6.7675	65.1370
96.1201	54.7572	361.9406
15.4132	134.6204	98.0108
112.8796	119.1393	159.6512
134.8315	141.8862	192.1607
165.1655	83.8459	388.4112
174.1261	48.4767	167.3951
123.2945	154.0795	516.8507
162.8479	11.4877	453.6548
36.2069	23.9785	393.5773
151.5839	18.1755	432.2597
115.0873	76.0437	515.4854
58.1683	11.8713	112.1747
53.7204	35.3838	480.6608
75.9456	14.5335	324.0758
19.0117	82.0500	396.3053
5.2295	35.7112	353.4729
35.8959	24.2731	333.9814
51.7597	101.5623	196.2666
83.3721	4.0372	382.9144
63.2117	4.8204	168.8060
67.4573	83.5847	74.8345
52.4047	15.3294	293.6549
70.6045	37.0516	74.2727
102.3849	150.9261	188.0959
16.4991	164.3743	122.3106
31.4538	174.9190	373.5384
39.3862	146.0834	26.5452
152.9334	172.2558	540.9114
63.5485	117.5666	534.6889
109.2552	43.4221	21.7696
25.4186	80.4182	225.1758
91.9307	28.3058	247.6908
101.1617	29.6735	123.6970
111.6814	38.1325	215.2361
36.5460	149.8569	367.2645
142.1294	156.6898	471.1510
74.3432	55.0410	273.5876
113.3698	39.3155	132.6876
59.4977	22.4713	194.8056
46.8669	82.2283	141.0231
62.7772	132.0445	158.0651
118.4530	107.4264	390.3236
48.2712	47.6180	291.4642
97.6098	48.7776	119.3258
85.3893	163.6389	253.8135
150.6821	36.1621	510.6360
101.3993	66.2764	365.1062
150.1624	48.3837	199.6456
128.8995	65.9530	388.5849
91.1523	167.2159	459.2737
108.2218	92.2784	431.9229
126.6214	155.8790	69.4065
136.0242	27.0450	203.1209
32.5335	12.5597	76.2757
55.5965	20.3630	525.1748
36.9257	126.5180	484.3238
9.3593	122.4415	151.2097
154.9128	50.8401	254.1620
65.7138	41.4899	246.5539
124.6086	25.4399	66.5629
150.2877	61.4477	19.2628
151.4151	68.2107	28.0411
24.0990	150.1385	537.8993
39.8389	80.0160	112.1880
7.2703	31.0963	72.6127
48.6420	159.7602	380.2747
14.8486	108.8863	323.0493
142.3674	71.1072	365.9095
148.3739	132.8535	541.6694
1.1016	139.2394	425.0794
57.8552	131.7151	74.2131
95.3798	73.3907	10.7440
140.7699	15.9372	533.0398
111.1920	59.8415	106.3116
164.0441	101.3309	454.4316
113.8503	28.3195	20.6642
132.4221	142.2758	21.5388
142.2561	111.6232	363.1681
18.1550	94.5144	204.1062
13.8100	110.9428	402.1333
65.3724	129.8966	404.2696
26.5463	105.9194	70.4248
117.8317	67.1028	284.6588
69.3290	21.0417	170.2494
160.2019	36.9748	544.9197
72.3756	105.9290	70.3979
137.0522	129.9571	232.4199
104.4878	91.3763	320.8640
162.8729	18.0519	107.2361
9.2361	105.0288	316.5530
98.1824	34.0663	510.4527
40.8196	1.7990	361.8552
82.6752	1.9906	82.5671
13.6541	88.9290	109.1756
74.0786	120.7088	448.7382
7.2671	84.2452	176.9900
16.8399	157.4709	320.5950
166.9229	70.3982	135.7660
119.6585	117.8332	155.5693
69.9584	140.6623	503.6025
84.0067	107.3790	273.2680
150.9203	146.5138	303.5773
104.4100	102.0975	69.9130
137.7102	52.7633	479.8741
155.6122	98.5679	85.3263
12.3286	48.5550	62.8566
141.0245	25.5048	470.5006
113.8516	48.7178	319.4862
114.3918	173.3155	223.7030
112.7846	131.0573	448.7521
141.9937	118.2766	103.7623
74.4042	60.1362	471.2532
110.2985	51.8688	67.7070
30.3787	64.9424	545.6193
109.3657	111.9695	494.9119
152.4684	48.4210	515.6984
100.5667	120.2771	314.5869
29.8110	7.5685	243.2056
39.9616	56.1032	308.3698
154.3502	168.8949	487.6908
32.7858	27.7314	538.2664
121.6953	174.5076	244.8636
78.6118	158.7504	112.3048
14.4150	59.0273	320.5294
147.6536	77.3142	275.7159
170.2725	80.6604	229.6671
40.7536	0.4085	203.4585
68.7972	85.6861	247.4164
90.7341	26.3554	401.0818
0.7020	27.7030	42.1787
20.2945	91.3833	159.4895
165.0959	151.0512	476.7890
49.8107	15.7877	351.7450
38.2707	150.5121	54.8763
35.1063	24.2561	58.7778
69.5006	1.2173	192.5651
167.3223	143.1506	160.3869
85.8695	96.2348	528.9176
62.0549	170.0253	254.4139
142.9866	90.1852	292.6785
129.9637	26.9157	205.5269
27.2198	156.9541	289.2266
165.4175	36.1031	353.0209
44.9117	63.9473	404.4428
5.6147	46.7451	218.2128
93.8894	76.2922	481.8455
27.4104	139.3067	448.3569
152.3465	160.8913	179.8204
73.7088	108.2262	369.2112
169.6164	148.9067	499.5215
38.8080	104.6159	63.5309
91.4921	134.5335	409.6051
48.6405	111.1306	136.9746
171.5525	35.6874	276.0046
106.8780	13.2148	130.2038
149.3186	23.9229	537.0859
11.0919	100.3165	319.7849
88.9131	53.4849	67.9915
48.2699	51.7472	40.6451
144.3512	71.2601	75.6798
22.6027	8.5875	145.1462
25.1053	13.7073	226.3332
80.3290	81.8092	503.8234
134.7568	79.3383	268.4052
68.9484	169.7730	325.8445
98.5182	15.9354	255.6457
69.1092	55.1547	38.3397
173.0647	35.3753	295.2889
115.7005	166.6788	274.9149
63.7607	22.1432	115.6109
8.9807	113.3064	84.6093
139.2177	84.6273	224.3104
60.8101	103.3304	307.1277
151.9821	7.8686	500.2923
175.1252	143.6456	23.8916
65.1152	3.9848	156.3510
166.3156	21.8539	287.5393
105.6824	137.0280	98.1968
89.9938	50.6713	467.8111
77.3197	146.4809	485.5436
45.9380	7.2109	268.8905
71.6425	95.3719	29.8646
86.3448	134.9870	101.4978
11.3616	122.8064	77.3229
107.1291	16.6930	16.8822
84.7253	165.2873	403.8609
82.6115	92.1162	510.7699
145.2664	32.5795	233.4058
83.3037	128.0442	295.9270
80.3632	162.2998	526.8602
37.7035	16.6910	369.1029
63.5518	123.2647	517.1294
15.4090	119.8788	10.0275
172.1465	36.7633	8.4855
34.2169	79.8904	193.2057
114.1180	165.2945	452.2306
114.6066	24.6393	51.8924
49.4017	7.6365	7.6807
5.5204	154.4332	425.9643
27.9778	18.6213	455.8107
47.5452	63.3201	339.4296
7.8486	79.9356	310.4836
43.8709	5.1704	39.8247
5.5465	118.2473	269.0846
110.2788	152.1140	390.5640
1.1895	48.8301	189.6604
32.3571	156.6550	262.8959
132.9508	161.1847	77.8848
119.0992	10.3003	173.3285
112.8167	161.0966	331.5473
129.9411	49.8853	166.0863
131.6168	154.9007	34.6505
80.2151	155.4913	105.6537
149.9511	170.6821	57.9058
132.2023	5.1940	63.5881
128.9527	125.2951	315.4924
93.9612	100.4555	279.4341
86.4659	61.6113	218.2668
35.1896	37.3457	508.8073
46.2656	26.8222	231.5249
172.6646	29.8761	308.1921
33.1876	48.0845	31.7150
136.8798	147.7627	497.1286
82.8916	49.9288	355.1821
88.8492	149.8515	269.5838
132.3428	12.5954	11.3440
82.4965	145.8484	244.6901
20.7215	43.3162	112.7571
172.0751	40.0354	329.8575
136.9853	36.0087	156.8811
20.7482	90.4393	68.6995
63.1356	7.8703	332.1823
157.1647	131.3542	310.6037
133.8797	103.5706	400.2127
15.9028	51.5855	530.0331
95.2247	130.5251	45.2705
143.2671	61.7731	480.1854
1.2202	130.8363	202.3776
92.4696	151.6987	458.6420
25.2815	31.5895	210.0575
124.5807	42.3302	62.7930
3.9988	35.1688	236.5052
121.6245	89.7332	190.6864
13.7237	37.0244	405.7232
87.9449	96.8200	306.2251
28.6071	164.0074	290.3515
126.0774	37.1430	70.8069
129.5492	3.9203	478.3285
136.1840	148.6412	274.4536
143.2119	32.2233	240.1170
20.0982	17.3480	57.6390
131.8876	161.3343	496.4732
34.4763	37.3576	131.7045
38.9210	168.7254	305.3066
32.0022	53.3882	210.7670
40.3665	117.6759	137.6690
135.4189	97.3844	42.2288
100.0891	98.0179	268.5368
75.9609	148.5253	197.6641
61.5712	116.2273	180.4059
129.5399	71.1308	254.1669
136.2132	39.8031	153.7428
57.0985	118.7405	358.0441
3.2977	104.4208	88.8020
72.8058	115.5109	168.2687
96.9285	151.1184	240.2454
43.4492	10.4613	383.3315
45.1690	104.1320	198.2111
8.6445	66.4050	339.2180
144.2134	39.1726	270.7897
170.3539	100.6094	243.6910
172.8508	145.4077	162.8914
112.4019	169.3244	57.5828
106.2181	109.9148	41.3926
119.2159	130.7113	9.3539
0.9874	146.3759	415.8698
62.2379	4.8012	483.8500
80.6361	33.6057	137.0900
91.2283	147.1951	298.2439
67.5485	56.5987	208.7502
126.5652	122.5832	422.8082
47.6903	12.6891	69.3106
10.6897	48.0898	355.1371
53.5958	149.0538	154.1424
129.4948	128.3119	431.5920
74.9675	127.3899	98.8598
67.1720	42.6659	224.1893
75.7046	170.7059	340.0474
21.2121	70.0819	149.1980
59.6737	110.1844	6.9624
132.6427	170.1934	277.8845
101.1600	153.7379	512.0049
23.7575	140.3236	538.8146
109.6323	89.9598	191.3882
164.3912	74.9008	514.2796
77.7673	61.0240	394.0847
119.7694	150.6604	532.1106
28.1941	131.1097	184.5441
8.9438	90.2779	262.6694
115.6844	18.1873	369.2165
22.0879	111.3994	332.0057
4.3812	118.4573	514.0034
89.2239	22.5345	170.2860
56.9922	136.5238	519.3265
59.3052	51.1111	453.0261
92.6900	139.9590	434.9362
25.4326	57.8634	239.2339
111.8521	93.8626	97.0935
162.7195	41.1251	248.2409
166.9681	15.5842	170.0126
128.2556	168.5718	257.9722
85.8235	136.8634	237.3996
89.0987	141.1913	2.4268
129.7738	110.2752	407.8687
91.9396	161.3680	4.1012
19.0093	19.9427	211.8703
14.3517	97.8296	212.0482
172.2628	51.2508	278.7982
163.6126	51.0438	343.4298
104.3464	109.8965	516.0073
81.7059	46.1004	359.1542
89.8801	156.4980	255.9707
173.9527	94.6703	314.4502
104.3997	110.9373	37.4192
148.6162	135.4715	249.2731
151.3603	100.3770	35.1621
54.2561	168.0800	280.7695
69.6933	48.4695	8.0777
19.4236	10.5033	537.6949
107.9568	52.2632	108.0022
131.8662	113.2177	161.1846
27.1314	35.1746	23.4383
6.1842	15.7716	355.5374
30.6410	1.3545	248.9049
158.6549	39.3591	310.9603
112.1487	98.8334	250.9884
100.4356	42.1795	539.9344
144.9231	90.8268	419.1407
72.5724	27.8557	70.2366
57.7828	141.6555	164.2372
50.9506	12.9756	514.1920
128.9600	8.8036	298.1396
131.1337	46.3379	235.6437
117.8206	37.3971	50.0366
66.8823	144.8614	25.2918
34.7053	113.9175	82.1993
1.7015	93.8807	266.3249
130.4148	116.0732	269.1364
8.3189	5.5894	128.3245
120.7019	128.0288	294.2054
103.1576	167.0551	125.5020
160.9239	29.2079	229.2844
28.6123	42.9527	95.8588
58.4285	74.1855	145.7421
75.4788	107.2195	49.8141
115.7846	23.5666	547.1621
150.4531	101.9448	347.4525
80.5051	157.3773	545.6346
45.3933	47.6770	505.4885
98.9417	0.7187	444.1764
49.4578	105.5834	281.2162
119.2588	14.1303	16.4762
15.5034	110.6867	156.6078
124.5418	13.2938	299.6232
133.6198	166.3216	403.9652
101.5193	138.4234	239.0525
165.8894	146.0241	234.7267
59.4546	36.4332	60.7176
160.5999	133.1839	484.4195
22.4679	18.0691	281.5309
153.5411	149.2045	87.2846
138.2904	175.2366	292.5222
108.8476	56.9093	264.8264
74.9456	153.6498	144.3049
80.5461	123.9837	159.5136
126.7173	82.7056	286.0185
61.6432	139.2061	89.1513
26.6413	18.2211	83.8642
142.0972	62.9477	285.9092
63.4012	48.3914	292.1451
23.7222	23.3994	341.7796
70.8257	94.7651	21.2824
167.6914	156.1426	274.1751
136.8738	64.0099	433.1777
111.4691	142.3441	350.0607
77.4009	45.2237	303.9450
165.7505	168.0076	39.3874
106.4855	88.2896	228.5495
141.1741	163.1311	533.1459
148.8122	53.7792	255.2314
160.7820	155.0093	1.8207
54.3111	48.9887	454.1042
58.2401	114.4105	13.5660
166.6666	100.5810	476.4201
139.7838	165.0160	198.4547
21.6781	0.0230	423.1773
137.1349	33.6541	74.2792
78.4308	37.3679	155.2141
144.6101	56.4578	497.4989
165.6786	66.6003	100.6285
71.1915	114.9469	537.6696
97.5547	165.6011	455.1576
110.9285	65.0666	469.8683
10.4636	119.6665	518.3085
171.5297	96.8021	101.8661
37.8521	23.4777	103.9776
148.8276	73.7644	74.6796
99.9268	118.3830	328.6176
125.7182	107.0286	509.7472
105.7644	47.3111	324.0574
159.6614	163.6970	58.2418
122.1083	140.4597	383.4914
35.5014	55.1860	382.7135
27.1455	133.8660	304.9871
44.5081	98.0930	203.2575
140.3565	172.5358	109.2558
110.8091	147.8397	147.1480
146.5728	33.2750	268.6502
92.3681	8.1779	28.6286
88.4938	130.9220	464.1826
27.8984	103.0178	207.5265
155.3293	97.3672	127.1342
138.1523	166.8046	23.1587
17.1483	171.5555	524.6072
51.7849	24.6170	41.5612
17.4511	116.7784	423.7775
41.4190	109.4704	70.7199
164.8089	163.2196	270.3284
119.6356	167.7121	357.0590
79.7290	52.2712	352.3047
92.3133	10.2321	159.6309
167.4450	25.7545	474.2927
173.7935	129.6294	161.6697
30.9261	43.5048	335.9065
45.4886	79.7377	459.5635
21.4544	162.1032	457.6702
126.7725	38.6520	443.3011
73.0301	162.1327	144.7335
130.8368	174.2797	105.3765
71.9857	20.3628	350.3193
98.2221	60.8559	387.7948
159.2243	43.9143	5.1876
26.7675	101.2410	190.0870
158.4290	123.3127	539.1025
93.8997	168.0553	141.9075
129.5896	166.9930	284.2571
80.7816	86.5583	125.8330
143.3245	116.9300	369.6470
164.3102	169.6527	48.6735
86.1223	77.9756	305.2740
163.0704	26.5688	127.2516
120.8038	15.7817	176.9997
68.3529	171.0092	371.3406
16.5247	148.3699	296.7507
80.8645	33.3210	219.9068
83.3014	114.5122	104.1233
48.1494	113.7216	60.4725
128.6960	82.6257	155.8948
29.5648	24.1311	51.0768
71.5454	44.4185	369.3045
152.5789	42.0963	311.5010
160.5622	173.2045	280.1196
54.7454	168.4612	233.4450
75.6593	132.5144	161.6983
24.5248	88.6314	174.8983
173.6107	11.1060	48.5702
122.0972	158.7782	173.3680
23.4173	157.2762	350.8957
105.9331	14.0221	19.0968
52.5847	17.7506	307.1700
173.6073	150.5941	141.2960
92.1629	14.0621	302.7944
90.8208	161.3585	258.1361
88.7384	143.9804	161.2707
91.4277	41.8166	468.3822
85.7147	18.8355	277.1447
68.7893	155.0205	127.3301
55.5213	112.6788	164.2116
44.4233	156.7134	526.6312
91.1611	141.6619	425.6167
82.4814	153.8924	242.1199
88.7612	102.0262	363.3224
7.1176	53.3037	50.0551
24.2505	142.3755	165.6346
88.7820	145.2887	201.3959
84.3175	135.3826	219.4952
13.7087	170.9402	426.0837
152.0231	106.8197	26.6999
69.7694	14.8698	108.8957
80.5542	34.8270	41.6383
81.3729	46.0959	524.8273
25.8873	162.5845	320.6220
144.7187	135.8616	524.1108
97.3615	103.5111	185.4255
133.3125	144.7881	100.2511
58.3985	18.6968	370.6185
21.1735	106.8534	394.9866
131.2719	167.6590	212.4363
4.0157	30.0425	4.4622
26.6778	38.4983	63.0375
151.8183	85.8720	292.2044
122.5814	118.9041	277.6527
162.3274	139.7203	536.9101
109.1640	11.8450	242.8895
111.7651	126.5033	371.5310
26.3858	155.2967	84.6524
99.9978	134.3868	314.2288
52.9483	152.4055	148.4685
90.1379	54.9648	284.7492
138.9598	11.1316	265.7452
0.3035	47.2572	278.3403
121.5560	14.2233	152.3763
126.9634	61.3786	518.4065
45.8141	122.1011	284.3191
37.7898	95.1446	304.5419
139.4078	8.2176	131.1654
48.1665	164.9011	297.6786
17.2311	145.2144	458.6527
36.1496	22.7304	149.8073
146.9381	31.5222	215.2516
123.3705	27.2632	147.8897
64.4340	33.0464	334.3518
7.4189	174.1839	9.3471
52.0345	18.4824	361.4865
15.3179	97.5481	162.2710
104.0015	148.8694	77.9329
41.1525	64.6523	280.4214
168.7326	14.2908	140.7087
144.1284	163.8913	376.5426
11.3290	128.0393	301.2428
94.5303	82.9713	465.1051
18.1013	135.0422	306.7203
6.4320	90.9993	519.1743
150.9176	129.2572	488.0474
109.7945	5.8550	144.7355
73.3908	21.8046	333.2731
95.9002	37.4853	177.8221
30.4039	158.2918	25.7452
113.4378	169.5602	80.7333
125.3650	163.3582	222.3571
63.9326	45.7439	288.1193
117.4218	66.6185	104.6388
153.4207	69.9299	37.7284
58.5843	113.9270	509.9837
99.6173	37.4116	530.0999
0.0272	67.3543	331.6751
86.2016	73.3332	280.3981
135.8328	31.8644	332.2579
43.0082	168.5293	322.4164
79.8957	166.5148	82.2489
52.3748	155.1354	316.7933
130.4380	5.7177	397.0302
97.1733	77.6984	438.3769
55.0952	98.7689	298.8056
55.8909	1.5555	286.6904
115.9469	95.9492	86.1418
46.5166	156.0514	135.8533
128.3076	74.8477	50.6310
31.8637	42.6975	523.5761
64.4573	38.9760	447.5889
51.0673	170.9579	76.7333
62.9512	12.6251	128.5941
23.9164	155.5759	255.2274
113.5723	70.3567	150.7632
46.6048	80.1665	405.8621
113.8866	49.5804	416.7739
133.6745	66.8797	412.3515
2.6378	56.8358	383.4936
79.0699	111.8292	210.3649
1.9748	125.0913	500.4591
87.1872	69.8155	495.8845
84.6064	100.8872	285.6023
8.3713	151.9931	171.5663
120.1024	86.2493	154.3594
29.1023	88.9113	346.4019
32.4784	109.7220	481.1989
9.7910	42.7019	208.7556
49.9943	74.9628	91.6680
93.6152	174.0923	96.9393
143.7735	48.3143	77.5028
28.6424	1.2022	243.9899
117.6833	90.2745	110.1873
3.1893	40.2806	217.0448
44.4892	82.8870	186.5252
19.0261	126.0436	511.8778
99.1136	125.0902	27.9913
54.7201	62.1004	499.0315
27.5967	16.5731	51.3589
60.4042	56.8789	481.1130
152.5306	64.7273	276.2381
149.6328	130.5463	214.3869
137.0733	30.6278	424.9750
134.0382	14.6850	105.0590
91.4097	51.3549	228.6006
123.0328	40.8457	378.6750
85.8344	58.9233	314.1310
154.9282	5.8374	344.7444
166.6371	49.9349	241.8991
4.6481	35.1170	79.6118
93.1786	138.7165	431.4031
116.7488	170.4190	360.1554
38.4732	161.2801	278.8300
150.3390	133.6567	463.9049
145.8731	42.3193	543.0882
105.2662	144.6986	482.1923
6.2531	48.0710	217.5565
58.1905	163.6693	69.9858
11.2240	164.8024	28.2770
22.9026	6.2484	446.3624
70.1769	60.1422	167.4383
123.5368	156.5419	139.9633
52.3700	26.8387	74.6165
0.7433	131.4619	190.3761
138.9542	167.8132	63.2218
12.4445	2.1580	465.6279
60.9988	31.2270	349.6826
38.0971	48.9164	137.3429
83.8029	48.1046	227.8527
16.7477	129.7180	291.2886
38.3276	161.2612	411.0935
94.0518	82.3300	390.7848
87.4592	78.1617	103.1840
43.6169	91.2554	226.6804
173.1929	42.3475	95.4090
50.4548	35.4156	480.1904
59.3133	76.4017	169.5279
4.0804	147.8400	377.4077
107.9671	125.6396	413.7468
57.6538	154.0334	454.3918
77.0872	33.0235	57.4862
23.2769	131.7794	50.7101
146.7860	73.4121	415.2491
53.7258	90.8890	449.3089
118.6724	37.0980	125.7745
158.2762	151.3005	181.1410
139.8054	95.7748	30.5501
114.5090	84.6054	469.9058
56.9498	132.2683	281.5250
25.4968	106.0863	353.3664
93.8092	0.3558	56.9237
60.3987	75.6051	369.5817
160.4185	40.4204	529.6682
151.9526	162.2117	335.0517
44.8493	141.5243	108.3307
12.0436	108.2000	67.1556
19.5734	133.5089	110.2787
146.1248	96.0149	89.2664
67.7184	4.1411	75.5271
112.2469	174.1473	212.6960
130.5506	46.2246	306.0013
70.5293	114.0089	547.7632
135.6552	57.1644	17.6345
21.8444	4.6932	412.1805
85.1835	43.9764	506.3952
74.1518	106.3179	480.8076
158.5882	91.4220	449.8405
108.0118	159.7494	433.3455
83.8356	1.8164	465.5642
146.3826	142.2710	537.0115
101.8279	43.9165	532.7928
6.2709	103.0053	103.0829
161.6744	156.0775	185.8756
166.5810	99.3658	538.7421
101.5984	28.8299	151.9287
146.4914	106.2180	37.1651
17.8363	128.7509	290.5406
166.9298	60.1335	49.6338
166.9136	69.1878	241.3413
75.2761	37.9723	87.4410
62.1617	58.0084	486.1594
150.1994	49.1884	236.0197
13.6799	90.9556	361.2627
96.9773	43.5551	531.5479
82.5607	108.7921	456.3175
1.8801	137.5444	159.9447
121.8302	69.3471	510.5409
95.1591	21.5769	420.1207
1.6680	64.7512	17.6680
136.4669	52.4047	286.6713
140.3837	159.3012	167.7781
165.6281	24.7258	12.4270
82.6483	0.8061	103.7693
119.4643	29.0590	182.2300
14.8407	148.6818	158.1543
167.9442	93.8676	403.3943
21.6892	174.1285	328.7714
108.8159	109.1632	319.4756
63.7147	151.9422	32.8517
134.3977	5.2027	256.4908
49.9269	26.0458	296.9433
11.8051	96.4420	458.9552
173.8254	90.3851	423.2915
174.1221	83.5856	43.8341
96.6039	153.4200	504.2901
21.8540	115.6399	246.3392
159.6713	115.3375	187.9899
167.7874	147.1838	515.6733
115.5263	68.8287	142.9979
61.3235	40.1367	135.4429
24.8548	159.7764	298.9133
68.7305	112.4490	368.8077
117.5011	97.6902	467.3043
86.6038	73.0387	525.9156
35.5664	38.6778	364.1133
85.4947	163.6088	271.4564
14.4791	165.8500	404.5358
130.0960	149.5437	528.9129
23.6062	16.4633	345.7000
148.6004	133.7127	103.3790
30.6520	143.1297	28.9082
18.0709	157.4087	452.8731
105.4917	67.0475	156.9176
113.6228	158.8494	315.0438
3.6157	12.7009	27.9374
44.6635	48.1447	349.3546
71.3103	158.6016	367.2262
65.4916	167.2021	8.4926
82.0056	129.5843	319.5639
44.7578	172.0961	338.3205
40.2533	14.4502	373.8781
37.0152	37.8960	203.8403
20.2806	23.8568	185.3997
94.1457	19.5578	110.0011
96.5811	153.0120	173.8142
171.4701	28.3216	179.5442
15.2518	129.5017	167.7276
103.0907	157.2072	23.1071
42.1856	159.1395	233.1307
87.3172	69.5261	243.8842
175.2930	158.5231	136.2238
38.3677	150.7163	367.0415
48.9640	2.7739	76.2317
136.7632	40.6174	285.0291
13.5351	102.3895	188.1177
162.7188	159.9947	154.1296
97.1338	23.8131	43.6502
125.3651	164.4766	240.7434
5.9832	62.0397	532.9761
30.2004	34.1019	71.8814
83.4954	105.3117	14.3095
32.4339	122.5074	333.8951
57.0739	39.4252	285.4731
154.3825	106.4811	209.6053
80.8117	119.7564	425.1015
158.3791	76.1108	252.3797
117.2530	105.1543	116.0941
160.0918	170.3078	530.3578
171.5264	96.9754	268.7977
29.1468	164.6238	241.3319
156.4485	64.6121	136.9884
132.3567	95.6753	114.6347
86.9205	142.7308	6.2452
45.8742	32.6686	68.0863
51.7849	24.6170	41.5612
149.8148	138.4712	61.3300
112.6107	81.8962	275.3741
38.5059	82.3446	285.2532
135.5801	148.6037	428.3186
95.9793	95.4745	28.0020
173.3087	23.4711	471.2255
59.8974	159.7529	45.6956
111.5041	126.4903	208.9460
36.0983	15.7635	368.8238
85.3610	122.6729	529.1607
91.5723	156.3116	389.0224
103.8084	101.7626	315.0890
113.3516	0.7751	6.9244
148.4039	136.4824	329.8526
44.3596	122.5745	483.2406
76.5487	99.8958	430.7128
57.3447	173.7361	196.1863
161.4842	72.1760	451.2649
40.8155	0.7515	223.0744
168.0333	144.3888	468.2891
61.5645	127.7222	186.8825
144.7480	55.4887	380.6348
110.6047	132.9501	66.4758
107.0053	162.5159	25.6075
11.3442	42.6391	207.8480
1.8384	37.9127	105.9776
169.5049	134.7823	188.9869
5.0740	91.1168	234.8726
56.3973	63.7100	107.0939
150.7975	21.2547	266.8739
66.7973	14.5090	547.1898
116.0267	81.2908	74.7267
82.1878	34.4015	214.1614
115.1487	22.4260	200.2880
116.8433	9.4293	467.9187
109.1043	158.6885	212.6491
90.1441	26.2816	485.3960
162.5714	121.6017	201.5285
20.6545	165.6813	272.3016
165.6841	91.6703	402.3281
59.4576	108.9525	59.5697
85.8018	68.5669	260.0919
143.7547	110.9221	351.8349
31.0488	60.8476	151.3881
175.2348	40.4194	488.9096
0.5850	5.7651	318.6699
22.0514	110.0902	250.1494
128.1695	1.6437	178.5268
35.3954	161.3538	270.2525
58.2043	159.9149	239.7609
43.5282	35.9059	162.5121
149.7301	44.0922	311.8236
81.0568	107.4235	222.0151
139.1883	49.1818	34.4248
38.3047	71.4692	14.7571
105.8729	87.5229	1.9964
100.9670	20.4142	99.3806
162.7134	40.5451	45.8789
142.7920	170.9382	391.1494
48.5738	132.3525	184.7617
42.7812	38.6374	430.9777
4.4486	118.5882	279.7020
104.7800	158.8070	221.5955
131.6807	172.6173	64.2706
56.0993	117.6549	22.6122
148.4550	154.3768	464.8186
144.9764	157.0300	294.8297
42.3244	40.4335	368.0799
37.3967	80.6612	112.0179
79.5005	112.6944	342.2789
25.3258	83.7179	160.1724
58.2390	114.4073	13.5713
151.1914	156.2343	162.0928
147.4344	46.4699	482.1588
90.3477	138.2893	358.3066
146.7091	159.3365	27.7809
11.5425	175.0609	407.7405
109.8995	29.2345	395.2006
21.4916	155.4957	270.1399
35.5709	41.8818	391.1925
84.8916	121.7972	289.0836
94.4106	63.9814	410.9683
16.6159	137.4557	203.4812
162.4775	107.1984	483.4389
21.0640	5.5528	331.2165
112.4429	150.9090	334.0184
167.2939	59.8322	181.9209
42.8033	64.3758	273.0282
124.0457	97.3397	195.2207
61.9882	76.2204	118.4962
82.9406	113.0256	269.5566
117.5004	51.7095	8.6418
166.9884	106.6383	68.8892
71.2715	54.2091	278.3851
162.6507	88.0984	85.0082
104.9230	68.2862	461.4241
53.3622	11.8791	476.3559
117.2760	12.2689	506.1216
55.1738	107.9910	70.7912
106.2940	26.4841	144.5432
148.3616	146.9751	213.2405
104.5867	100.6544	457.2544
26.9270	34.1576	429.3822
90.1357	30.6980	172.6923
46.3000	85.6624	511.8428
76.1583	94.0412	182.2770
89.3177	87.0726	288.6562
103.9184	104.7234	374.5275
40.9943	160.9431	543.7211
102.3799	32.2760	291.3683
73.5812	76.7478	401.6391
94.9226	175.1297	218.1191
95.8318	145.6512	463.1941
156.7514	54.4032	174.8872
1.6106	98.0074	275.9394
140.8032	4.0709	517.0162
159.5849	26.6363	14.6125
60.4744	173.6780	98.0257
55.6252	4.1500	534.3649
91.1589	131.9639	107.2871
155.3210	167.2635	539.8925
12.3686	71.6678	484.5260
5.1513	155.0016	491.7782
40.4260	44.0398	230.9376
153.0741	8.8833	447.8054
80.5426	72.1523	271.5422
124.5578	122.3488	199.9094
51.0102	81.0295	406.5673
78.6008	130.4367	98.1400
62.8282	130.4685	196.1765
45.3083	121.4153	323.4825
37.4164	160.9173	257.4335
3.0217	100.2106	374.9382
106.7790	64.3266	37.0963
33.2491	159.8032	299.3533
100.5474	68.4266	469.9567
167.9538	0.9093	353.5036
2.3104	164.0833	312.9082
91.9038	32.7485	23.3702
14.9927	32.4914	300.6234
144.3290	22.7295	309.6880
88.0468	174.2838	393.4008
109.8933	10.0016	111.7790
94.1211	71.4774	301.0816
6.0546	117.6934	321.0066
106.6326	81.8655	300.5208
94.0167	115.6679	329.8238
137.8896	110.1374	58.2310
29.8775	119.2053	433.5837
148.0531	91.8556	179.3166
111.1636	99.3654	277.9394
70.3351	80.3719	35.9554
172.8561	21.2776	427.2260
112.7805	30.0502	325.0733
106.7890	156.2611	542.6211
161.5149	6.4187	228.0166
139.3077	150.3780	150.4485
144.2086	98.2270	420.5741
126.3459	72.1531	415.2966
114.5655	82.4387	463.6253
39.0547	88.5306	279.4844
52.9467	121.9207	302.9279
63.0965	33.2749	428.4850
75.7239	44.3833	210.7134
32.5972	86.8151	303.4522
164.5628	168.3799	160.5788
56.4215	79.8766	402.0777
124.9297	157.0435	377.4375
160.8790	166.7008	167.9462
139.7842	99.4107	340.8975
5.9419	97.2829	406.0890
145.3233	64.8963	438.1357
36.5529	36.0506	135.2768
54.0311	44.4185	160.0699
1.0439	142.4460	184.7439
145.2405	151.2339	353.7863
33.0258	121.0101	278.5977
56.5544	18.4108	55.3417
13.3856	10.1070	179.1927
142.8104	106.7503	228.4813
49.9785	129.6277	319.4395
78.7888	152.3477	397.0410
7.8355	53.1580	229.9177
7.8874	91.8522	297.8041
134.9640	133.4140	165.1487
81.9605	83.6101	234.6479
114.2948	132.6989	457.5586
67.6159	130.1913	442.9712
85.9203	88.9659	396.8323
119.6304	76.8611	101.3741
154.4480	86.7184	433.1996
37.2610	53.6599	112.1325
79.6457	174.0072	196.2530
174.4811	171.3878	4.1042
53.3895	119.8294	311.8215
171.3133	131.3126	302.3202
0.6247	82.1264	398.8886
75.9457	37.7947	410.0378
77.9771	163.9925	238.0823
14.9226	158.4812	322.2987
163.7414	49.9586	529.7272
107.7543	37.2278	357.4640
92.6342	149.1887	94.6162
155.1254	36.7327	498.1863
96.9080	81.1334	204.6412
174.7253	105.0115	14.4151
71.1897	173.8510	29.8266
16.5582	109.9925	317.7261
22.8780	158.9709	436.2917
8.7958	120.7186	485.1348
136.2417	146.3617	151.1371
139.9031	17.8022	427.6448
147.3766	71.7101	360.3851
84.8054	6.8713	8.4109
41.7004	168.7720	113.5556
83.2255	31.6198	217.9782
86.7964	155.5522	508.1259
157.9524	50.1129	359.5799
77.0192	114.8759	395.9008
96.3561	83.9845	466.9366
109.2909	6.3760	126.3437
125.4155	163.9606	242.6619
168.0089	95.1380	318.7311
116.8119	8.4597	34.6221
65.3024	74.9526	216.9033
62.7272	12.8958	110.1782
51.7849	24.6170	41.5612
42.6933	22.9582	127.5506
27.4138	107.1745	316.9488
145.2812	173.1042	21.7334
64.0544	175.2715	385.8179
16.2799	24.6949	224.6954
139.0621	125.9870	276.5450
167.1147	152.6352	4.9519
102.7630	62.1198	307.1964
33.1138	7.1290	251.9412
145.7114	84.3059	72.4026
100.6301	149.8785	531.5510
158.6832	59.4501	400.5442
70.1862	72.4535	386.4757
16.5794	16.2908	93.9204
137.3423	106.8633	50.2034
93.8920	87.1016	274.0151
31.7333	3.3899	195.2010
9.3479	159.6805	444.3018
13.3922	115.7649	491.5356
88.5460	2.9776	382.1428
100.6006	104.1130	207.3781
172.3018	50.4853	6.0238
93.2046	35.9432	55.7982
63.6295	12.3503	382.4135
93.0461	46.0748	474.5402
105.2618	122.9994	314.9260
40.7151	160.6297	278.1029
24.9981	107.1198	416.2190
129.6981	53.6488	453.0139
12.4367	103.6465	343.4129
91.1298	28.1534	520.8394
71.7693	64.5726	513.5967
110.7496	105.2100	351.5764
103.5713	149.7260	434.2243
152.3578	168.3505	282.2629
163.7693	15.9764	168.4111
110.1136	48.7177	24.5207
53.7237	36.0718	172.8655
163.1058	67.9784	304.5374
63.0197	0.8996	129.9842
5.2682	86.9994	186.0883
93.3445	7.4290	431.4506
106.5145	89.4074	323.0031
91.6078	145.1184	82.5167
108.6570	45.3620	81.7909
53.1612	60.2285	527.6445
131.4965	36.5614	455.0943
80.0011	172.8128	399.4101
63.1499	118.9793	478.2893
42.0525	104.1052	128.6458
140.5252	126.3478	254.1898
97.9283	160.9106	146.9302
85.4997	155.7366	459.6350
105.6963	111.7839	492.5947
131.9865	86.2418	137.8467
64.8075	94.3630	424.8748
36.9572	23.1526	127.5191
104.5265	131.7481	336.9841
6.2867	82.3902	458.7946
123.1595	106.3107	508.4806
155.4589	162.2954	425.9845
73.7209	109.1517	529.3165
62.2073	58.1198	75.0512
146.8740	25.2709	301.3679
126.7061	146.7667	543.4901
37.3867	25.9530	48.6964
71.5754	175.1807	75.1827
0.2817	36.6079	463.9074
122.2731	31.4361	394.9566
20.7594	162.2017	486.7052
60.4200	126.8381	302.4223
166.2057	160.9668	17.1568
3.0001	142.3409	522.9832
1.3192	76.6620	508.4837
80.6872	29.6954	124.1205
77.2524	106.4383	531.6268
3.6649	19.9175	78.7820
75.2592	30.8462	107.2631
79.4127	158.9652	184.3895
116.1259	157.7816	522.6309
27.8207	120.4817	266.9204
113.1219	169.7240	198.1205
159.0489	144.1717	180.9452
90.0566	31.0098	379.1372
79.9355	115.8627	193.7151
65.1034	126.1060	424.4381
131.5233	63.1785	66.2264
113.4847	152.2174	76.8984
10.8343	137.4028	313.0422
66.7836	175.0402	224.6549
171.1755	153.9831	543.1543
105.3550	125.4203	309.1165
162.4166	144.7630	457.5985
23.9327	32.3980	479.0872
32.3016	108.3266	275.3092
83.3842	20.1455	414.4624
109.6228	72.7785	144.0972
23.0476	163.0640	487.4955
107.8851	18.2748	312.3668
45.3849	16.8633	377.2629
117.1924	159.6233	469.3357
93.1860	111.4715	456.2592
19.1994	174.8316	538.2027
5.6541	29.5924	339.8736
168.5364	14.2225	164.0907
83.2414	129.6066	467.8988
57.7637	79.0506	317.4672
108.8305	87.6635	439.0224
45.8244	155.1736	197.0400
126.6742	26.0865	17.3260
92.4805	121.6145	226.8547
52.1550	4.2289	267.1086
48.5993	8.4423	160.6600
42.4138	124.0352	276.5191
174.6569	21.6194	299.3321
173.7079	35.7316	164.3495
34.0538	162.5667	71.0331
102.2800	32.4688	54.6409
87.8522	86.8740	434.5120
66.8574	43.6646	397.0188
10.7174	168.5319	51.5721
61.6449	7.4668	155.4317
132.7545	75.1843	158.9796
172.0145	163.3083	472.3157
130.7198	171.8813	403.6158
32.5004	99.7297	361.9999
154.7784	152.0574	458.4966
103.4171	105.0658	295.8327
120.3572	107.1112	396.5740
20.2750	154.4662	182.7755
27.7934	113.5849	303.7190
134.1956	73.3100	249.1091
1.6084	5.3790	115.1979
92.5691	83.0088	380.6949
108.9832	36.6416	120.5095
143.0273	48.4496	419.7789
121.5192	51.1356	293.8461
62.2114	29.8410	353.8462
68.2116	42.3394	136.8140
99.1254	27.8686	424.7445
126.0521	39.2837	229.3396
11.2551	71.2431	27.2913
35.8909	80.4713	35.8320
31.7268	53.5798	229.9040
89.2110	50.3040	72.6451
134.0234	7.6025	138.8581
61.9203	170.4502	142.9969
98.2915	145.7076	129.2192
83.2795	52.9706	408.3420
110.5714	45.7834	427.2682
129.8826	1.2093	105.3316
109.9326	95.9174	457.6364
142.3276	31.5620	535.8963
113.6305	57.0324	421.4533
48.8849	112.8064	76.1636
148.8759	12.7555	444.4169
72.3632	60.3300	506.9927
103.3447	88.7557	319.1047
170.6618	12.6462	4.5364
23.4598	34.0132	174.9557
5.5635	29.5347	129.9013
76.1140	68.0619	528.4335
26.5402	17.6762	12.9369
16.3608	138.7197	445.6328
87.9394	146.8396	328.7864
64.2254	49.1048	280.1713
106.9500	108.5326	14.7832
48.0432	142.6174	194.8350
163.8711	19.9531	474.7187
61.7584	155.4243	470.2920
155.4177	16.6103	282.4028
51.7652	128.7616	192.9899
22.4477	26.1201	175.8864
32.0519	134.4045	286.3466
73.3236	144.4504	502.8179
125.9704	38.3091	57.0259
98.3230	144.6947	213.4328
98.9114	163.1995	49.2534
12.3681	10.0891	481.1829
137.0148	127.8176	221.0012
89.6561	133.5090	353.7237
64.5662	169.1233	366.7872
87.4680	96.3180	316.2150
36.0236	142.2654	149.8402
90.4327	100.5755	464.0975
10.6963	146.3932	132.4242
166.1697	71.5826	159.4713
17.6976	10.3572	443.5929
83.3724	144.6708	271.5337
134.2696	77.6745	155.5875
74.3557	76.8476	425.6430
144.6048	159.3665	222.2848
76.7715	166.1176	357.9021
170.1386	112.6077	299.5744
9.4719	81.0051	321.0845
116.3582	104.0005	108.8546
175.2057	68.8007	177.9760
59.9997	98.1234	376.8889
4.9850	75.1759	48.9830
75.4937	164.2765	408.8948
35.7974	22.5000	417.3443
43.2580	21.9196	65.9743
54.5964	109.4781	465.8983
113.0025	84.0791	534.9604
121.6659	91.6942	237.9656
140.0295	101.7349	166.1911
28.3702	99.1011	190.7630
93.8636	140.1557	98.1060
52.5158	65.5696	521.0809
108.0044	78.9115	243.2829
29.7575	133.6377	429.2763
57.1661	32.8578	78.1442
163.2705	65.3787	104.3211
113.9914	125.7677	434.9990
74.5991	37.0942	11.8390
28.4431	120.3945	42.1948
145.0778	49.9507	170.1754
168.1231	112.8235	288.9011
68.0480	130.0454	320.4135
85.0577	149.9734	158.5638
174.8532	174.5976	282.6177
80.7313	11.5217	414.6122
141.2056	132.3837	253.9422
32.5571	49.4616	241.2425
90.6313	28.9456	398.5127
145.0217	174.9786	181.9047
30.5352	169.0111	147.0514
131.3561	99.9433	88.0169
125.4472	162.8594	212.6196
133.1133	108.1893	98.4020
103.1098	1.1775	136.3714
124.0531	155.7495	314.5077
116.7845	85.2303	271.0901
103.5051	157.0348	183.7052
4.2648	101.8220	164.6417
64.8264	57.5985	246.0773
38.4953	169.5311	369.1684
76.5531	114.5346	355.3249
89.0264	96.9561	519.3396
136.5216	128.9455	102.7872
172.7738	133.1726	527.2252
32.0655	75.8268	220.8019
52.6473	86.2504	340.5096
139.0934	137.3659	105.3767
65.0159	111.9686	127.6965
58.6823	45.9545	219.9099
6.6694	8.5158	470.0237
8.3140	118.9983	106.6983
145.5430	3.0292	362.0973
159.2333	34.4199	26.7060
16.3841	170.6991	390.1189
96.2241	125.3872	242.2057
81.0164	0.0984	306.7844
160.5822	12.9955	395.0201
130.0249	12.9346	135.4765
36.0020	143.9002	77.0756
12.3491	26.3661	307.3333
73.2125	60.0248	161.1624
15.3415	152.4726	112.7312
112.4251	17.7015	359.3094
66.9574	132.4482	139.2666
75.1923	61.5229	246.9402
28.2138	159.6943	479.2751
57.0941	135.1282	2.6247
127.4251	148.5531	420.2033
154.3845	83.5570	72.4635
1.4854	149.7847	495.1147
135.1102	42.1516	491.6951
100.9167	159.2607	192.0871
106.6431	93.4492	41.6121
123.0655	73.3427	136.9909
74.1742	15.9790	449.6135
158.7047	119.2248	400.1125
30.9311	57.2460	151.1788
25.2090	105.3021	275.6347
72.5842	66.4305	442.1182
150.4724	16.7197	537.8449
54.9164	141.6479	163.2025
131.0963	173.3996	322.9476
45.6890	48.3978	535.8951
17.2090	135.7626	530.3418
88.0161	108.2495	271.2140
77.5602	124.4665	216.8761
100.3252	34.9647	29.6642
104.8541	86.9681	167.0074
92.0238	56.2642	431.8738
140.8927	96.3261	225.9335
41.7331	3.6091	286.9034
163.3708	40.2308	288.7408
147.8719	166.1526	437.8602
90.6352	99.4605	147.1056
159.2411	18.4097	162.3776
79.4053	62.8990	389.9388
122.4220	161.6045	21.0299
132.9134	148.0323	163.9643
135.5321	38.6115	380.5733
86.0700	32.5555	10.6433
92.7160	28.8885	386.8084
60.9343	60.4574	123.7212
128.2686	152.6688	324.3111
80.2611	70.9649	480.2789
140.1114	167.7018	277.6525
55.8735	31.0029	255.7541
140.7455	67.8762	173.0247
113.1831	174.3875	27.4950
168.2587	30.7604	323.8719
170.2795	21.5527	324.2900
24.1129	135.2929	323.2651
77.7042	142.6614	189.5743
64.2775	76.5994	240.9863
37.8827	33.6160	136.4846
154.7950	60.6829	327.4372
121.8846	133.8643	421.8207
96.0133	144.4277	110.8552
78.5113	5.7975	183.9838
9.2095	92.2224	90.9969
116.1777	124.6707	192.0813
163.3806	130.8505	500.2188
88.8279	171.7171	229.4591
121.5390	160.0043	147.0282
86.5530	16.8845	423.2586
149.4428	33.2409	501.7925
174.1645	141.5702	164.0613
130.6098	171.7838	368.4294
121.0298	42.9521	329.3673
23.3777	12.8709	473.1376
128.7533	121.3363	411.0347
0.9777	13.6557	526.5148
37.6055	111.7548	189.6605
98.3466	31.9364	213.6670
70.3111	114.0143	179.5575
156.2072	7.1851	283.9795
124.0682	145.1983	451.4569
14.8795	36.2505	541.3260
83.9539	17.6270	499.9814
163.3819	167.2181	248.7512
83.0803	93.7642	208.0465
113.2615	164.7287	146.0579
63.9348	175.0122	109.1390
34.7611	85.0399	76.4528
104.3249	157.2964	241.6545
146.0528	32.5654	132.1867
82.1705	149.2119	447.0146
24.5910	120.8047	70.3176
3.1593	99.3813	540.6036
3.7800	57.2514	530.8643
109.8611	24.6856	325.4505
79.1829	73.8562	378.0027
138.2797	13.1719	9.0730
109.9375	1.2698	139.6681
7.7962	122.5496	172.6069
120.0186	64.3542	253.4598
84.4555	157.5381	110.4842
142.0649	27.6998	144.4333
124.5804	88.6980	23.0853
110.0721	172.9526	190.1314
118.8308	103.8086	120.0335
13.0769	98.3875	177.5538
168.6964	129.7730	248.5388
102.0697	126.2008	329.4694
81.1751	4.0175	98.2369
65.5537	52.4664	138.4366
39.5548	86.9202	279.6646
12.3593	171.2092	419.3678
172.4549	104.0068	403.9664
90.7509	40.0659	527.6445
41.3213	80.3455	30.0416
27.5883	142.0870	176.5589
33.3388	100.7062	134.3255
148.5676	128.9139	62.8452
131.0270	50.5737	465.3055
165.5459	138.8967	466.5476
130.1268	6.1938	533.2852
105.2192	166.2982	467.7200
94.1199	12.5544	81.6406
130.7856	123.1959	247.8166
71.4870	44.4534	370.6309
138.1424	57.0647	505.2784
119.0581	87.2556	262.2429
60.9737	130.5897	20.4850
122.9324	58.7164	103.1713
116.9283	134.9851	229.0161
70.8687	31.7916	191.2770
56.0016	67.6257	369.1108
5.3052	88.2667	12.1504
46.2914	52.7015	509.2841
161.1254	29.2385	443.8861
51.7849	24.6170	41.5612
35.5188	16.4268	130.2951
164.1074	163.9089	24.8657
48.2946	86.6178	373.1883
89.0562	47.6856	324.4043
71.3417	121.6665	427.8090
166.7578	55.3874	57.3426
70.3066	112.5860	437.8423
61.0322	109.3183	477.3757
94.4593	162.0288	536.9925
163.7902	107.7581	118.3010
116.4207	68.4549	171.6465
82.9353	97.4506	239.8048
98.5915	84.5453	513.0614
172.2809	2.7684	56.2911
81.7923	87.3708	109.8433
47.4202	165.2791	283.6195
105.5509	93.0897	479.1691
124.1425	21.2698	172.3991
54.4489	129.7912	539.5617
41.7437	18.0712	474.9491
61.9796	57.6722	492.8034
99.9755	25.3428	272.2956
98.1555	71.6093	112.7798
110.6337	118.1254	152.0766
12.7256	86.4638	297.1557
141.2102	6.3004	36.9648
131.2919	57.6829	175.4543
146.1101	174.6479	61.8365
85.5162	78.9564	335.8109
155.7791	64.8253	43.5682
73.9423	149.5329	354.5854
135.4712	31.0890	432.1512
97.5467	14.6805	485.3818
166.1722	86.6433	531.7669
35.5388	163.7146	97.0598
158.9213	151.0864	178.1471
153.9723	57.8687	25.7724
106.6137	25.7148	345.0341
122.9615	45.8638	235.1650
138.4945	18.8757	193.9372
42.4129	97.6115	345.5819
153.8304	84.3629	77.2992
117.4965	166.5701	107.2504
103.9203	160.8392	274.4337
160.8195	32.8168	146.8902
100.9973	25.9822	402.5527
131.4175	82.7745	350.5322
103.5915	2.3000	281.8722
116.6034	60.7466	170.2056
5.4815	119.5205	343.2810
79.1248	37.6402	177.9419
95.4400	89.4200	121.5690
95.1336	151.7798	484.6585
68.6007	119.1531	506.1327
153.5441	23.7517	156.7446
57.9728	35.0563	312.3278
58.7719	136.5305	444.3142
101.4511	83.4406	206.1898
139.4533	50.6275	466.6847
94.6993	131.7641	428.9130
119.1560	53.5854	101.3938
69.4739	119.6084	162.6703
54.2114	148.9934	107.6971
152.5330	15.9419	496.8108
127.0539	56.9537	470.7651
38.6599	54.4864	313.7329
43.3929	89.3837	30.2953
96.1767	161.5885	288.3446
31.9837	108.2357	519.8708
148.6758	2.6882	324.9803
124.3215	133.9918	152.7573
131.4874	17.5403	400.0677
53.3217	142.4053	428.6764
37.3064	31.4248	514.9987
10.4621	16.2941	377.6752
76.4876	111.1857	488.2059
81.8469	165.8365	431.2722
129.1507	17.6142	501.7768
143.3819	23.7053	225.0481
162.9389	44.5429	416.4819
70.7432	157.2256	190.2227
25.8415	127.9342	83.3286
56.7928	10.8108	259.6806
81.0646	61.0408	336.4648
148.5766	91.3349	199.8832
124.9216	163.0032	241.7685
49.0265	78.3577	292.6744
137.4584	125.8249	167.3687
114.2388	15.5336	123.3360
71.1469	41.6061	216.2408
59.7501	13.5948	332.6808
83.2666	152.0330	386.4834
163.8209	151.1242	353.5192
3.4923	127.1601	128.0424
126.8167	165.3035	232.8100
0.5042	137.1179	195.8700
97.0476	143.0918	294.4646
37.3689	145.9151	362.1540
116.7395	126.9874	6.3283
150.5617	67.1323	409.8282
3.5221	48.5729	316.3032
102.4259	69.7805	409.5513
73.6628	88.1483	187.9071
45.5682	46.5476	1.6142
19.9994	125.4377	507.1580
41.2900	127.0499	305.0184
68.7950	140.2157	26.1793
162.4953	163.8511	324.4494
69.1475	128.6493	117.4741
52.3195	116.5081	75.8724
132.8102	44.3781	460.2572
155.5988	35.5274	167.7771
36.2655	31.9500	131.8462
171.9098	8.9057	183.7295
129.0872	73.8086	70.3518
55.1793	135.1556	103.4364
110.2158	4.3873	287.6436
170.4510	5.1406	292.6604
11.0604	140.5500	58.9132
169.6379	154.6749	236.3854
5.6941	134.1304	457.1367
63.1714	81.5521	403.0450
39.9113	0.4198	126.2657
8.3370	56.6493	108.6284
81.4890	170.4514	70.2159
42.6528	134.2656	219.3164
45.2406	163.4100	297.1871
81.4581	64.1482	389.6742
133.8451	81.9187	188.8558
171.9436	17.0481	300.4759
106.9602	61.8432	289.6157
60.3210	132.3573	112.6379
84.9671	131.3994	183.9698
99.1073	18.6194	528.6351
63.3120	18.6105	168.4370
163.3117	114.7633	97.9218
121.5210	7.4990	266.3527
98.7841	149.7467	6.3133
61.8478	137.1975	295.8384
143.6519	112.6580	214.2820
47.6903	12.6891	69.3106
9.8740	71.4462	111.8689
132.3875	111.2422	124.9424
65.0295	171.4230	368.7428
50.5543	174.9360	124.6283
119.1883	58.7914	488.6988
68.9283	17.7241	170.3251
48.2371	136.1807	72.6560
152.9008	75.7386	129.3046
8.8552	134.0521	380.5811
19.3773	168.2595	527.0871
107.1709	114.6557	30.2652
33.6632	108.5144	26.3788
120.2730	126.0018	209.2543
162.1186	25.9481	252.9448
89.5268	102.2421	517.0516
169.7456	146.0618	164.0208
118.8518	172.3074	158.4917
87.9967	111.5351	118.5977
111.3509	14.4732	189.1730
32.4277	7.0342	145.3367
9.6850	133.5346	60.6747
93.8910	143.3861	303.7278
168.8334	120.4235	254.5140
143.0745	139.5830	22.3260
131.3944	172.9558	48.3831
31.6138	60.3172	123.5148
129.2148	56.0176	547.1137
76.9315	4.4148	350.8335
153.2708	2.0273	87.8891
81.4317	55.2711	530.6641
134.4390	153.7508	55.4543
155.6584	88.7326	92.8473
139.4063	34.8013	352.8193
58.1072	47.6879	81.5490
86.3424	93.3289	286.9163
155.0526	37.3838	299.5542
52.1301	55.7565	213.4103
114.9745	93.6115	475.6388
119.3307	2.0971	252.0424
122.4265	100.9697	21.5119
158.5792	133.8576	247.0960
51.8051	167.1138	17.7562
67.6445	66.4508	315.2496
49.9393	58.5501	246.7427
114.5655	52.0727	367.4095
127.6926	45.9444	282.3056
78.0874	158.1552	298.0425
32.6703	43.4934	331.8334
24.0877	155.9887	465.2288
97.7388	91.2289	528.4726
82.0734	161.8303	209.0512
6.2957	51.8494	220.0654
10.1978	9.7024	61.5518
134.6338	17.9466	331.8219
164.1079	78.0987	369.0435
147.7627	46.3823	168.1172
51.7849	24.6170	41.5612
42.5944	124.6013	527.4703
99.3238	134.2337	284.6752
53.6964	11.7416	385.3954
51.0792	6.4863	67.0483
23.7927	164.4927	474.1942
102.3635	153.7007	257.7259
173.0300	148.8007	358.8019
46.1686	50.4427	58.9045
158.1133	12.6574	330.7821
65.7336	94.1831	498.9293
116.5694	139.2198	398.8145
171.2168	89.3903	96.3714
1.7953	96.5963	287.6011
86.7598	65.2659	449.2038
34.1583	163.4414	185.2573
150.7072	12.4072	144.4106
95.1086	158.7364	516.7536
54.4990	131.1732	506.8346
86.0205	140.4051	33.0305
153.0725	155.1329	456.7527
57.0087	28.1492	28.6853
93.3950	32.2072	106.9660
5.5166	84.0377	97.2118
2.1566	120.1821	526.0363
73.3585	139.8168	38.7899
130.2063	119.8846	398.4772
141.5759	43.9651	101.8297
58.2446	36.0115	194.9400
76.5147	56.2534	500.9237
41.5210	36.0686	272.0587
79.9039	46.6060	439.0935
50.7964	9.9329	263.3526
125.4410	148.7938	185.6151
161.1216	69.9633	276.9631
169.5816	28.1537	228.6387
143.5514	92.7065	190.4510
119.8163	121.0288	47.9822
93.9293	5.0233	305.5534
1.4228	28.7008	481.1951
164.3369	152.3154	435.9634
115.2311	160.1646	65.9365
11.8387	103.4398	473.7284
116.6863	153.6207	116.7333
66.6826	1.8456	426.5083
74.1521	112.2132	170.4111
80.4080	100.3402	24.8038
120.2705	40.4934	328.0042
111.0724	80.1426	70.3395
21.3178	168.5331	543.5734
47.0112	54.6005	84.2588
171.1983	4.3545	174.1087
79.4289	8.2886	202.5778
115.8864	63.7294	409.1240
89.2182	27.3107	545.6021
43.3437	14.5826	95.3611
17.8778	5.5614	511.6996
6.4617	115.2763	522.8475
110.7778	67.2717	200.6602
110.1217	137.2521	145.0977
6.6034	26.1099	322.3718
90.1787	103.2698	263.7312
115.3932	166.3117	444.4095
109.3099	117.4625	478.9814
165.1627	72.9121	442.7566
56.6949	147.7255	9.5284
83.9723	36.3755	162.9313
17.6372	126.5641	301.7480
21.4424	1.1198	137.1909
19.1833	90.8029	538.3332
35.5202	154.1070	318.5776
115.6589	166.1513	225.8040
20.9447	53.0366	32.2723
122.8283	172.1832	182.0963
5.8416	2.0168	49.2795
130.0271	18.1966	306.0996
117.1472	99.0218	323.3857
80.6151	98.3650	80.3799
70.5333	8.9555	403.5849
76.7469	133.7182	232.8411
57.8466	126.6447	218.8954
156.6327	153.1475	459.5140
68.3232	141.2150	31.6786
116.5620	48.3052	323.6322
55.2621	134.7720	331.6691
118.5137	20.8527	65.5294
125.7870	69.3044	181.2893
16.9408	120.4731	480.5794
163.9942	38.9217	68.3543
0.9647	149.1461	403.9335
1.6388	173.1026	204.4842
88.4486	5.4926	117.1060
150.7967	15.7618	442.7838
139.8885	12.2743	334.4857
92.8122	78.7673	507.7183
62.9554	92.2787	122.1582
64.4107	4.6425	83.1779
127.7660	31.2432	402.9417
114.1669	4.5996	167.7301
79.2213	101.7098	234.8014
29.3950	52.5186	169.3838
18.2877	174.3498	449.5666
18.7465	149.3849	514.1705
16.5689	168.6050	545.6729
165.5683	139.9301	308.8985
79.4243	140.8443	398.7724
68.5962	22.1504	329.2332
20.1892	157.4833	231.3875
60.8774	18.5472	266.9079
140.0747	159.2483	212.9118
15.5639	139.5062	306.0043
73.9182	127.8725	115.1608
73.9418	102.4374	108.6745
42.7365	31.4097	25.1446
88.4612	115.0837	515.6891
125.8913	98.3741	357.4038
130.9091	127.3001	154.9105
112.2432	166.0841	47.0610
128.2092	139.8468	338.5643
99.8789	150.5266	7.7311
54.7944	75.3526	505.4135
58.9352	118.6150	544.7487
150.3362	161.8381	68.8563
134.4316	114.0240	264.2682
3.8150	134.7286	422.7327
135.4520	159.3954	320.7011
156.7017	153.6823	17.5794
92.1198	51.9217	424.0895
37.0718	160.7918	373.7718
92.3426	151.8075	470.3739
14.2884	13.7222	98.2631
112.0659	46.3098	521.4887
26.8400	60.7202	390.2217
80.4645	137.8230	26.7714
69.3092	151.5995	248.0480
102.1144	51.3847	27.5887
172.4908	140.3038	305.9256
155.9963	97.9692	337.7097
112.6691	42.4590	306.6215
136.6090	70.5678	176.3680
10.2203	127.4929	93.2887
164.8507	90.3376	430.4330
0.8964	65.0796	434.1559
55.8023	112.7620	212.4008
115.9524	90.1071	157.4743
132.4362	145.0154	153.0259
15.0751	44.2521	83.6563
164.7908	131.2953	50.7184
145.4708	148.9141	465.7167
144.4986	163.9041	187.1698
158.2648	108.2404	179.6438
94.7534	96.4362	504.4952
75.1862	160.9812	145.4046
28.4735	17.3586	87.5930
150.4799	19.9430	422.8042
132.1986	61.9181	424.0798
87.8897	30.1018	469.4168
89.7704	149.5927	164.5426
92.0127	137.9345	458.0820
45.1146	61.7394	201.9857
11.9608	40.3652	134.7389
84.7710	152.4096	133.2645
94.9495	46.3210	315.6463
26.3250	119.2348	102.7042
92.6781	127.0860	537.2168
166.7481	31.3417	429.0669
57.2698	128.5616	171.7446
62.6019	172.8876	252.5685
83.3906	2.8153	98.3768
58.4431	32.7695	336.5224
102.0159	7.7126	258.3502
41.4241	124.2261	544.6681
72.5707	111.7613	145.3954
72.6356	19.2797	524.1120
133.1626	41.6525	352.3630
69.0837	36.0029	345.2474
175.1940	152.7765	12.4395
93.8433	30.1702	222.9552
45.4675	159.0589	83.6736
21.1255	0.4597	93.4270
30.0161	129.9133	143.8426
49.8536	132.7485	66.3018
58.6463	133.2242	410.1840
68.4078	89.3095	211.6392
68.4444	98.8129	297.8484
173.2710	32.1065	151.9484
105.5810	92.6320	343.5550
81.4570	93.6755	248.2824
21.3919	119.2027	263.1424
163.3636	73.7717	386.8139
41.4434	20.2286	118.4092
54.4276	89.9552	366.6797
162.4610	145.2391	511.1883
22.4628	15.2858	211.4732
133.4634	84.7213	65.9617
117.6745	165.5536	466.2670
62.1672	136.4437	92.1119
60.2808	15.2129	23.4327
114.7051	3.8510	253.5169
46.3858	14.9336	482.0323
141.4775	157.2470	27.5504
77.4532	9.8658	391.5350
23.6541	64.7505	198.0312
60.7434	60.4440	223.8729
44.9880	171.3117	178.5321
52.3477	3.4768	413.8542
70.9954	114.1841	423.2488
158.2186	67.5719	458.1732
98.1231	28.3466	526.1130
89.3966	4.2219	276.5205
50.3640	135.3706	74.3409
43.9652	130.2660	82.8249
95.9055	75.4511	348.2111
107.7583	2.3344	24.6228
117.3260	96.9266	340.4381
128.4115	169.8887	247.0731
77.3517	109.4630	45.5691
73.6626	83.5965	415.2859
24.3312	100.4956	183.7458
32.7527	160.9056	423.3895
6.3499	143.9530	117.1547
131.9152	139.1013	449.7780
3.3867	156.3391	116.7373
110.1774	46.4021	332.0385
103.2855	82.5906	441.7967
90.0826	37.3828	384.6435
68.8088	86.3862	307.2328
120.8161	128.7564	308.4993
130.1434	106.8007	379.2679
170.1068	139.7508	284.0791
30.5391	155.1414	174.4564
158.0622	149.7658	446.1504
128.4396	143.6053	420.6080
41.8482	136.4063	537.5606
170.2382	53.8722	142.6636
115.3847	89.0464	350.5147
85.7978	116.4846	344.7315
98.6230	54.1280	511.8367
37.0509	25.1107	151.8334
9.7707	153.4248	451.4204
32.1103	129.8853	324.3280
4.1838	98.6785	487.5446
108.0920	22.9632	150.9281
153.3351	170.7075	281.9858
162.5058	38.9446	149.9528
174.5964	4.9766	112.7555
39.6729	16.1763	27.1641
41.8658	167.0799	402.4717
21.3929	22.0549	216.2534
2.0451	90.0149	151.4477
91.7817	47.3433	91.8295
161.3905	155.6495	73.5479
7.4172	159.2802	334.0856
63.1446	156.9494	298.9044
82.0855	28.5380	187.5540
135.2071	155.4727	115.8795
4.4286	130.4944	229.6178
167.4256	60.8128	42.1962
20.1957	148.8684	536.5735
143.0708	106.6409	346.2997
6.2189	20.8719	225.0488
67.9502	28.5443	271.7963
14.9607	25.4909	447.0686
149.9651	152.2535	332.3258
95.6335	25.3396	241.2969
10.6312	23.2827	229.3805
149.0933	23.4302	540.5601
39.6250	116.5825	198.4754
55.8074	22.2477	545.6077
125.8375	57.7777	183.2812
9.6903	92.1498	116.3609
8.5549	23.8960	0.7510
53.8957	160.6422	314.9351
38.0379	94.2878	195.4007
109.2637	17.7559	269.3604
104.7657	89.9468	165.5514
25.5614	157.6110	163.8892
117.4283	163.1796	476.6837
37.4453	10.1148	439.1218
161.1342	75.9274	54.8240
119.7083	171.0133	435.4842
86.9731	55.4936	418.6084
164.0564	44.1314	68.8733
80.6256	132.2865	212.5835
89.5431	39.7051	79.2905
46.6635	4.7262	258.4034
168.5925	32.3568	157.6683
76.4265	8.7770	243.9181
137.6773	158.3624	285.2254
96.3086	29.0500	524.3844
59.2256	26.1709	70.3547
165.0676	35.0648	327.0438
148.1654	113.8064	382.7216
133.3101	47.3218	395.1305
167.4691	43.8468	22.8881
25.7661	129.9568	24.7009
127.1657	153.9979	81.0832
158.1608	105.1650	509.3654
99.2223	96.9355	485.2906
29.6409	94.4664	288.0328
41.5787	112.6643	211.6188
52.5786	133.0261	211.7271
61.1691	165.7676	247.7159
119.7546	111.8263	33.9494
122.5635	17.0312	76.6056
49.5102	134.5002	176.4992
11.1901	170.3192	493.7553
52.7770	98.7984	149.1103
113.2476	15.3430	24.3176
151.6519	53.8698	54.2347
86.5196	145.1083	365.4915
39.1848	60.6300	229.3094
29.9155	93.3169	317.2942
86.6141	44.1880	331.8515
152.2996	123.0241	22.5838
62.9155	8.3261	524.4214
145.2945	33.4547	533.5058
64.6261	56.6493	285.1826
108.1113	148.5396	406.0621
84.7592	2.4984	76.7782
119.5220	63.6251	88.3616
5.7424	122.3771	457.5023
129.6741	138.6407	537.0909
173.2617	78.9212	272.5241
31.2112	86.2166	217.3719
17.2944	24.5749	533.3148
94.3995	82.7027	186.4968
16.6071	122.9560	524.5447
63.4465	14.4325	435.2641
15.4631	57.1477	213.3249
4.7833	2.4012	11.2919
32.1816	70.6024	302.9195
62.3580	61.8585	518.1250
92.7718	14.4478	148.1488
115.5438	22.1962	97.1980
6.3443	138.0190	247.2344
173.5153	144.0536	160.2028
111.3676	89.7354	37.3239
59.4812	132.0965	477.5073
105.8265	173.7382	47.6380
93.7968	128.9989	241.9254
121.7781	28.4370	184.1711
67.3255	112.3196	328.6317
160.9711	25.5238	261.8861
20.0592	124.0486	329.3362
170.1621	173.7048	83.5838
116.1746	152.1395	12.9609
134.3527	105.4371	166.6567
16.2183	85.0883	394.4159
83.2197	1.4636	135.7754
28.3024	118.0423	466.3403
102.0511	59.7664	83.8419
142.4270	48.9558	459.2945
65.5547	162.4784	100.0582
35.1925	79.4756	279.7492
131.3595	90.3116	103.8077
105.0486	14.7658	265.8374
133.7152	48.4415	355.7530
58.6502	92.1385	234.1396
117.4776	11.5159	342.1351
125.1018	171.4369	316.9496
169.6011	140.3692	154.5171
83.0639	99.5143	221.4468
124.8487	75.7909	121.5554
19.4556	28.4775	104.2016
135.1248	41.9902	292.6977
64.1756	171.4114	229.7198
135.8241	3.2290	175.8216
168.3797	138.7485	426.9097
119.3708	107.5030	14.8356
167.1987	89.0941	512.3543
136.7981	33.4265	524.0975
18.0837	16.6087	265.4823
12.4814	78.9631	423.7832
116.4755	170.2927	352.2077
131.4793	88.8522	379.4230
124.1851	91.1405	381.9991
98.5815	41.1887	530.3809
136.7934	160.9563	440.9211
153.0057	5.2108	411.9061
135.6470	49.9390	330.7913
135.5025	145.1371	138.3118
52.5613	120.7216	484.3152
17.2765	112.1267	516.1895
90.0124	130.3155	464.9651
164.9395	104.5781	197.0406
87.5234	108.0546	406.8293
49.7117	87.7242	318.2791
25.5509	92.0786	183.9995
147.7878	166.0447	64.5045
66.7731	101.9347	64.4530
45.8701	57.0857	55.5101
6.4706	0.1212	536.0956
158.5028	59.9755	441.6860
163.5257	47.9668	253.9370
64.8803	143.4263	496.3385
138.4831	156.4317	19.1503
55.1194	170.2184	131.8148
49.6033	101.3771	497.3892
61.5274	135.3383	218.0350
78.9089	121.4507	508.3702
29.0806	169.1746	397.0448
18.4080	107.7672	169.2004
90.9229	40.6642	529.4899
129.5548	78.1571	244.4725
34.4450	25.9017	424.7575
85.2986	8.1248	258.8097
70.8498	99.9987	47.0326
3.6210	86.3015	539.6442
160.7937	12.6784	350.6511
60.5645	166.5710	123.5947
112.2739	19.2613	115.4810
123.6913	100.9503	494.5077
10.7539	23.2666	209.5384
45.1403	36.2651	461.0347
7.1224	131.4553	66.4779
164.9177	129.9515	33.8802
171.0736	157.9674	109.2241
63.2476	33.8799	371.8531
10.3274	106.7369	538.3371
132.8139	27.8112	253.5898
51.7990	172.9363	64.0838
51.0466	138.3009	49.2491
109.3425	99.2746	546.8019
24.6335	103.3483	173.2584
105.2424	65.5550	484.4771
149.5529	3.3799	478.6031
57.2522	37.3759	119.7595
36.0327	143.6525	107.3950
69.4285	60.0996	197.7725
24.8714	30.5737	90.6580
56.5615	51.8477	186.0591
124.0342	40.5397	346.1652
51.2393	47.2032	43.1653
130.4790	13.1890	78.7616
103.5917	87.3130	36.0446
18.6245	33.8751	451.2813
19.3563	28.6672	526.1314
61.2442	153.6407	421.6661
37.5068	75.4557	329.3422
75.2426	112.1204	380.7972
64.9751	3.1643	182.7791
31.4931	118.8987	183.4163
111.2989	61.2119	135.3545
39.5457	171.2266	423.2927
150.0427	89.7138	125.0777
11.0652	171.9162	77.1249
24.4773	61.7838	249.7434
8.0863	132.8094	398.2546
163.9702	84.3528	278.5521
173.8126	28.2996	78.4817
30.6431	118.2772	477.6521
87.4078	18.7723	529.0921
167.3504	5.9829	528.3480
112.7939	53.1988	274.5799
113.5991	122.0911	289.8059
85.8448	147.6537	0.2341
16.3118	170.2463	83.1350
162.2257	104.0461	527.0895
23.3367	84.0017	183.9703
151.5834	15.5328	289.5409
57.3608	61.0323	240.7635
53.9157	26.5590	120.1912
96.3796	125.5667	275.1181
139.9438	21.5212	490.8637
162.5683	25.9143	304.7009
75.0705	6.9980	339.5539
35.3730	100.2599	502.2933
169.7344	138.3663	387.5502
148.9446	155.4682	288.2854
30.2458	35.0174	381.1507
125.4047	27.1911	134.7489
11.2529	119.8651	88.3504
128.7233	141.6981	546.4490
113.3402	1.2179	194.0699
66.7027	74.9460	382.1411
109.3710	101.8652	395.1602
81.2105	66.4243	269.5168
73.1683	138.5338	452.4521
84.9590	124.9822	74.5507
50.4420	168.7199	134.8317
12.3871	81.4788	303.8836
32.0333	128.6846	217.1788
43.2196	127.5682	351.3099
91.8278	49.3805	320.9969
52.1787	15.3132	508.1385
165.2776	67.1340	45.0180
28.9479	87.3905	176.0938
58.0028	27.3275	196.0351
67.5826	47.8308	53.1222
55.6999	6.1682	333.5934
18.6791	78.9859	210.0909
108.0455	114.0698	503.5284
40.1020	48.8939	239.1908
174.8976	92.8600	374.3491
28.8275	126.7377	243.1200
12.6883	69.8825	207.5518
1.5953	140.1846	524.1877
91.1244	81.7775	230.2215
80.5117	147.3620	471.7665
95.2636	44.5085	409.1346
78.3753	156.1887	387.8889
61.1836	70.6272	494.4322
63.2443	21.7794	111.0219
161.1470	125.9530	261.2454
114.5337	149.2444	86.7876
30.8414	56.2742	406.0001
174.4167	9.2729	436.5932
131.4613	173.3280	234.8428
59.9517	30.8647	323.6607
139.4145	97.2968	150.4268
109.1093	2.2277	24.1052
155.7744	121.5730	180.7857
47.1667	42.7554	238.3791
52.9320	41.6088	285.6429
9.7971	72.2955	13.3209
51.9389	25.7315	206.8422
154.9999	160.1339	192.5922
163.9831	58.1728	464.1482
92.7433	41.4153	89.4712
47.6903	12.6891	69.3106
132.0786	147.8314	347.8787
130.9071	137.1847	475.2645
60.3202	73.4068	204.3928
69.6126	89.4544	510.6123
128.5577	61.2688	151.3314
174.0644	11.8457	171.3905
39.7920	147.7630	78.1600
128.4035	137.9855	453.7247
87.1199	21.0739	268.5990
152.3306	40.7787	168.5262
135.8531	70.4549	398.8213
163.4341	40.0946	228.5127
156.1966	46.2842	416.8084
135.6298	144.7363	184.2530
44.1599	148.0330	117.4183
154.7639	61.6790	485.6505
54.1042	72.1436	374.9858
85.8227	139.2059	425.4711
128.0739	155.3651	519.7595
71.5019	95.2245	113.3046
109.2727	165.5395	32.7140
36.4805	161.5199	13.1923
54.0317	10.4769	521.1636
25.1665	121.8971	142.0957
123.6236	32.2584	396.9471
110.7605	170.5785	361.2071
151.1411	24.0777	419.8120
72.9431	146.1013	547.4875
45.2769	55.8304	405.0237
158.3096	128.3506	459.4043
8.6819	26.3681	181.9087
110.5029	20.3229	125.5691
72.7772	46.8342	171.4967
80.0386	70.9839	466.5005
64.5970	111.2214	120.0464
0.6663	34.1655	152.4160
125.8110	0.9674	388.4285
131.1763	142.3418	320.4631
169.0453	115.8485	418.5808
147.2657	57.7451	89.7998
146.5470	109.4639	110.8717
152.7541	108.0829	406.8012
117.5358	173.1530	344.8068
164.1063	163.9057	24.8710
65.2887	102.1919	467.6038
164.8508	89.8663	372.3645
31.4134	48.1555	391.0005
154.0510	29.3494	496.0660
74.1342	91.8165	103.6821
72.1705	32.6512	59.9039
71.8161	99.8409	423.4583
130.6854	59.1316	116.2986
133.3861	116.1705	360.4410
19.5441	99.0575	48.8305
102.0940	165.9640	457.9259
95.2128	56.8933	115.2914
160.1361	151.1256	432.0305
167.9665	57.2020	95.1880
117.1791	118.3882	399.8433
24.6290	38.0725	82.2141
48.3236	44.2425	431.3141
5.3029	96.6684	539.2617
29.1387	160.4440	198.5263
42.2014	122.8253	6.5042
56.0936	105.2902	211.9479
41.8242	5.4587	56.8334
8.7056	164.4801	296.2742
17.9507	25.1703	509.7994
171.4936	127.7451	517.0203
157.9042	56.1420	399.3681
144.5691	101.6603	68.9734
73.8850	50.5418	273.5700
115.3344	0.8683	147.7528
4.9596	77.8669	265.9614
118.8593	156.5251	177.2162
0.7978	4.2532	29.9919
56.0372	2.5440	437.2510
47.1348	163.6997	411.2167
2.8220	119.5347	246.6085
26.1088	18.9911	73.8141
135.6432	93.0561	95.0001
173.7072	36.7825	17.4977
83.7419	128.4182	542.9135
33.0446	140.1238	63.9057
71.2153	98.3964	504.3901
53.7868	125.5272	530.7307
7.8604	129.4106	115.9099
35.5605	163.0188	310.7255
160.9272	61.9178	384.5678
44.1118	1.3291	325.2056
165.9955	38.8935	280.2598
101.7554	99.1956	402.7787
72.7967	40.3547	159.1957
149.9816	106.8369	340.4303
168.7736	151.5415	451.7934
5.2419	19.6360	496.8522
131.5801	100.4768	260.2994
127.4122	112.4292	144.8492
157.1124	49.1586	86.6774
86.3874	155.5204	95.7257
11.7775	103.0786	182.5501
1.9748	117.9509	197.1221
156.7582	104.3346	138.2223
143.2260	38.5603	1.7162
109.4226	149.2855	370.7114
143.9325	142.8588	169.2897
109.9171	0.7862	369.6958
159.9728	89.0091	53.9288
115.7760	102.7061	47.1610
146.7411	121.2060	258.8756
86.4163	84.0836	373.4904
80.2282	104.4720	476.8932
8.3834	172.8935	417.3296
27.7274	145.7264	341.1083
8.4779	60.0683	16.2516
54.4986	21.9567	52.1909
118.2838	61.4241	312.3195
81.5384	99.1713	449.9369
167.2481	138.3290	190.7574
62.6803	78.1103	165.8849
126.4766	63.4586	288.0484
58.3929	136.2346	434.8158
40.6566	87.2675	158.0316
146.5324	153.7342	192.2336
150.2522	22.4042	15.4669
12.7461	48.7194	339.9981
4.7486	74.9833	174.0042
20.8053	152.8534	121.2158
162.1172	129.1496	338.1193
168.5933	163.1387	481.7907
73.4535	154.1288	155.7267
82.9582	8.9439	364.8847
14.0473	103.7685	443.5966
84.4588	153.7070	134.6835
103.9491	142.3318	38.9199
65.6999	66.0974	3.1952
165.6154	46.4083	146.8961
85.2039	26.6508	7.6196
70.9367	121.0506	369.2524
81.3275	35.2084	484.7194
108.4329	82.0327	305.7126
95.7798	98.6388	34.9058
146.2006	34.9687	157.8111
85.1686	119.1593	539.0254
90.5702	42.5181	129.4863
28.6553	153.1952	17.3501
17.9873	41.1353	214.2370
127.6000	122.8646	94.3988
110.2027	91.7970	527.0800
129.2094	28.9709	181.8620
116.5460	76.1229	176.7662
116.8402	17.0761	46.0481
24.3069	71.0657	211.5134
80.4226	85.1500	389.2973
34.8441	96.5748	136.5063
2.5036	157.4003	389.6777
31.8525	114.3468	374.3842
105.2550	86.2923	326.9105
24.6574	143.1447	539.1276
91.0674	37.5388	68.3997
95.0326	14.7631	480.3836
28.1547	117.1545	408.8050
119.7559	46.0241	154.4429
8.1139	104.8896	433.3847
135.7531	122.1094	369.3367
57.4726	78.1611	142.5277
97.0639	142.3842	515.2822
4.1919	71.9313	57.6900
27.0937	113.4202	414.6337
90.0388	13.5094	33.1985
35.3848	24.2846	349.1060
166.8778	173.9275	200.2623
16.1413	146.9204	184.7410
91.6024	68.1402	255.2620
132.4630	168.3008	83.6325
28.4847	54.0095	139.2200
34.3202	135.2907	97.8885
53.8771	57.4348	443.9129
88.9711	126.4930	280.1438
61.6006	74.8319	355.0969
22.3036	153.5531	380.2795
65.0217	169.6584	225.8848
91.1163	168.7210	120.2331
174.6390	91.0470	115.9290
25.9295	16.9375	442.3581
58.5103	34.1548	287.7196
52.0864	65.7207	42.4621
114.4560	52.3108	277.2328
169.9790	125.4718	541.6758
5.9725	96.2917	161.2664
11.2172	165.9955	18.0911
104.0100	16.1350	114.0602
21.0040	99.3462	55.0232
21.3480	29.6500	110.0802
108.0266	107.4723	204.1808
163.4825	171.9513	417.1816
73.4527	83.0575	125.0787
87.1613	93.2843	306.6640
38.9621	10.3000	282.9906
31.4622	156.0939	305.5412
111.1300	112.0712	424.6162
138.6075	90.9472	266.5919
132.6206	132.0916	311.6227
79.2270	144.1313	175.0050
51.2139	97.2373	286.0178
158.0146	72.2912	111.6981
66.1035	110.8553	519.4178
45.3935	161.8694	89.7531
145.1212	118.5122	35.8047
28.3207	129.8562	343.8796
103.9866	130.2663	384.1115
164.2621	45.8811	389.5587
129.9750	131.0692	11.5550
169.4679	99.2867	74.6115
137.0101	10.7986	289.0206
95.6293	2.6917	35.1640
112.3628	127.5606	36.3819
124.3468	153.4088	94.0132
161.4071	117.4873	38.3273
49.9141	5.8630	336.6893
144.3213	153.2408	152.0595
145.6659	32.2632	146.7736
142.7593	24.9180	71.9958
105.5331	83.5158	109.4115
167.6712	135.1595	442.0222
65.0331	3.5760	85.7350
137.6774	101.8198	166.2043
173.0844	51.9480	277.0069
147.2529	66.7609	158.0994
142.3001	154.3834	55.5565
98.5652	5.3124	241.1370
87.3793	143.0104	428.6374
126.5540	153.2205	477.5789
25.9488	111.7466	464.0870
25.9306	118.1319	164.6522
162.9911	152.3072	105.5170
145.1653	112.0912	270.0919
175.0208	76.7295	236.5701
7.1139	12.8293	2.4034
91.1279	25.9336	509.6467
18.4104	157.4657	363.4148
108.1233	126.1008	346.5771
97.7758	3.8631	86.4702
87.7918	132.7017	132.3420
46.7840	8.8110	330.4022
31.0192	56.1844	189.2284
37.1550	79.0904	410.9161
80.1612	67.1519	471.0535
113.3214	31.5576	19.8998
62.8199	41.2600	212.8261
149.7674	15.5694	519.8154
75.9884	111.7732	17.7956
15.2450	164.7179	143.7510
35.8207	65.3895	415.1731
116.3850	16.5269	94.7792
138.9802	118.6647	281.4392
60.9462	22.9086	180.8370
32.3756	12.8304	107.7290
15.0176	15.7874	332.0918
126.4271	173.6232	322.8099
85.1316	130.0958	301.8754
143.0030	82.6228	427.5464
59.0447	41.2149	405.6191
59.4472	12.1935	101.1022
59.6409	135.7479	33.6055
139.0165	46.1137	178.3530
107.7668	47.3336	76.1183
154.1337	153.1688	454.4562
134.4626	58.8535	114.1578
164.7141	0.9283	455.6419
134.8922	141.3718	257.9843
139.3478	35.7073	522.8516
101.4465	98.7172	328.5215
82.7002	123.4526	3.0186
75.3734	35.3207	143.4026
122.8259	9.3466	174.0593
167.0603	35.3644	431.2084
96.6661	34.2366	273.5781
85.7763	159.2445	263.8332
31.4604	14.2857	441.7327
71.9909	135.9317	153.8637
12.7286	154.8157	322.0224
120.7643	52.2006	441.6040
135.6844	120.5036	260.7158
23.6878	61.3026	194.7626
81.0596	165.9764	236.4878
46.4325	89.8074	369.1742
161.0334	120.6414	19.5604
129.8986	139.9947	80.2754
165.3489	4.9004	297.9685
32.1556	17.7403	51.9009
28.1454	144.6778	84.7672
62.5850	83.4025	228.3344
52.5518	123.6625	90.8455
154.0214	16.2355	431.8721
162.2763	84.9846	285.1748
67.2723	119.2893	268.7368
87.1822	112.2785	177.7565
155.5952	27.5703	49.9654
15.8042	108.9972	539.4516
47.6903	12.6891	69.3106
28.0796	25.2215	53.5170
36.8606	163.8331	186.5198
46.7953	108.5989	263.7987
127.3165	77.4018	488.3020
59.5545	53.9305	73.9815
103.8617	132.4512	11.2602
68.8346	112.2668	119.1789
47.3984	3.2944	15.7249
19.9843	19.7344	542.3069
104.3374	74.4104	292.7567
49.1238	126.6787	316.0332
39.1213	56.7630	102.0555
80.8748	61.3715	357.4719
106.1455	97.0653	304.4541
77.5610	154.0608	254.1868
156.2597	113.4890	238.5545
40.3805	60.6708	232.9839
8.9638	170.0980	314.1070
86.4175	66.7692	270.5043
88.4367	164.2958	132.5647
73.8611	50.0482	332.7527
111.9180	8.1929	438.5450
132.0635	166.2710	145.3932
129.8875	63.0302	225.8507
1.2951	149.9621	318.7773
8.6407	88.0679	521.2625
64.4261	113.2020	434.5738
8.8915	13.1225	442.6632
40.3749	31.5417	284.6578
95.9784	125.0711	296.8504
166.8007	92.5812	242.7509
24.3834	87.8533	35.7806
71.6213	55.6888	290.8527
3.1532	106.5277	95.1557
45.0069	148.8264	12.9123
124.8780	139.5622	246.2320
174.1730	111.8655	287.7769
57.3142	161.8705	269.5575
131.7116	89.3110	94.8003
37.5473	1.7727	203.7960
72.0115	108.3991	431.4332
145.5456	151.6623	532.8773
103.3944	26.9409	301.7922
72.6490	42.0531	231.1581
66.8637	117.2697	39.6841
81.9295	78.3319	100.5671
11.0914	105.5797	83.2893
153.6762	21.3993	280.8809
107.8482	50.8820	23.3454
25.3249	63.3389	212.9376
152.0724	160.1176	423.2154
130.2399	168.1232	253.6025
7.0273	47.1717	311.9786
136.3392	21.8868	282.4018
100.1129	161.5577	510.7871
99.7284	50.5987	49.4375
26.1392	55.6835	97.2029
71.9310	84.5699	22.1761
2.4203	28.6013	373.5897
32.0929	73.0473	420.7382
115.0534	61.7608	522.9688
164.7718	21.3867	390.9316
150.6269	151.4199	277.1382
166.5468	95.8848	260.4852
30.5178	123.7037	261.9333
120.8758	105.2105	57.7761
65.3103	23.1724	163.9085
77.6486	167.2757	362.7198
133.2331	158.9495	23.5685
161.5445	91.9607	54.5908
28.8961	155.4255	40.8486
160.9006	39.8656	140.1258
28.6454	24.9211	152.8792
4.5465	169.1006	232.9614
5.6224	156.6086	514.0296
47.6870	31.4612	71.1326
140.9843	169.3784	113.9920
131.1759	97.1355	448.6054
113.8111	167.8998	209.1055
132.6963	172.1498	211.3850
134.4986	54.2717	419.9141
77.5421	110.5294	441.6976
88.8495	117.2269	510.2056
122.5140	10.5027	213.3661
38.5893	25.2780	136.9838
114.2767	119.0081	295.4931
159.9564	164.1479	463.5846
151.7242	123.0770	37.9589
142.7190	32.9103	224.8342
0.6550	53.2809	528.6022
39.5054	102.7332	117.2764
127.4307	23.2007	81.7838
2.5904	134.4524	141.9741
39.2598	98.8873	497.2349
75.2068	125.2754	292.1032
64.8754	103.6390	368.9231
33.5030	146.6539	328.7809
26.6578	107.6227	129.5714
110.6237	45.1771	38.2424
23.6105	169.6071	3.9073
144.9668	169.4372	167.6309
24.3209	31.2581	520.5136
89.4640	63.1786	355.4509
38.3134	100.4737	278.2067
150.6081	49.5582	311.2755
62.9584	15.8786	284.7226
14.2144	66.3547	181.4743
166.0339	91.5045	82.4398
106.4529	16.3239	249.3431
61.1306	64.2170	55.5392
131.9882	3.3949	288.1719
69.2153	73.9359	186.1642
87.4371	147.7830	537.5602
0.3225	40.1268	529.3600
149.3467	122.3816	301.1918
122.1774	138.0727	285.9660
36.7399	19.2607	394.8653
129.3755	146.5803	154.1642
10.1090	45.1107	419.2345
35.0711	79.7285	315.9016
135.3614	19.0297	82.3993
44.7826	44.0810	64.7314
5.2546	46.0916	123.5941
58.5462	82.6514	151.5585
139.7720	137.9637	415.9456
130.5767	105.8343	88.5787
73.5831	109.1189	259.6779
147.8491	62.0838	263.7187
58.6718	11.3548	265.3773
47.9760	162.2081	367.7167
97.8141	150.9368	469.9645
20.0733	95.8878	63.4127
28.2231	65.3022	200.7988
5.3776	139.4618	432.4497
160.9660	169.8362	222.3269
46.1841	4.8670	211.3670
1.1969	96.5416	537.3926
14.1869	155.7557	130.9862
169.0726	1.9395	14.6738
26.7035	161.0598	347.9182
149.2866	23.1377	498.5021
128.4898	48.5463	415.0862
150.7184	129.4139	52.0363
45.8958	32.6444	67.1822
173.7518	54.2764	541.3812
13.1498	160.5399	136.9384
10.4082	135.4975	73.8989
120.0612	12.0993	387.8805
32.2433	163.0463	164.4844
48.9488	15.8243	162.0557
24.0446	157.8289	315.6390
154.4872	27.0622	513.3036
68.2008	140.2771	508.6055
41.0928	-94.5134	766.1200
93.1206	61.6430	275.7576
167.7835	128.9800	274.4582
123.5164	123.3904	194.3651
174.6533	1.2613	164.6136
170.3049	40.4662	53.3100
34.8459	91.9671	351.7430
138.5368	43.5816	527.7799
36.1241	69.6201	224.7914
115.1649	47.5413	54.4343
4.4507	112.1339	60.0718
11.7284	161.0665	4.9924
132.3100	115.2045	306.3949
41.4990	82.0001	362.3422
115.3517	102.7202	263.8823
159.9431	9.6832	198.0439
94.4346	171.7236	45.5340
96.9706	171.1723	33.4270
57.2249	58.0283	494.1357
157.4643	69.8227	303.4794
121.5520	9.9103	506.9260
145.8707	77.8131	293.5136
7.5285	150.1634	85.6527
90.5658	80.1265	480.9989
7.3603	150.4258	147.8741
88.3312	50.8713	78.4193
104.6261	101.6972	192.3019
156.7518	124.7425	297.9252
124.6270	39.0116	230.7554
102.0392	139.1646	36.0490
105.0031	108.8711	515.6125
113.6358	11.7865	20.6317
99.4456	151.1812	341.6818
10.0280	0.9616	479.6204
159.6371	114.1201	175.5313
47.4123	17.6248	308.5002
146.7737	146.8605	324.9694
7.4842	74.7810	2.5533
168.8964	78.4774	139.0402
134.6423	20.2145	132.3887
109.1390	78.8084	453.4999
166.1297	1.4929	402.6276
72.1274	25.7772	59.1283
103.8629	54.4142	283.1223
136.6408	99.4113	506.3473
115.8320	81.8234	449.1413
115.4418	169.6751	485.7049
142.0975	91.3264	373.1506
12.0778	6.7656	247.1493
106.0984	149.7820	303.0520
163.4728	168.2621	284.4932
70.5917	6.5337	0.0512
120.7690	107.5138	272.7284
128.3497	24.9195	365.3162
50.6429	129.8890	264.1583
161.3991	153.5065	247.4998
111.8176	78.3931	282.0156
0.0400	74.5176	505.8824
13.6258	12.0625	83.6548
63.2699	104.5477	142.8172
69.0067	129.6917	529.1274
31.6005	49.4911	344.6471
8.7023	12.1824	506.1634
53.2668	119.8296	314.2391
161.7942	163.9059	219.6078
108.6460	130.0330	280.9370
79.7631	120.3930	397.1637
142.4544	106.0383	336.8763
44.8028	69.7575	394.4496
170.9405	15.3254	28.9012
50.3631	126.5756	517.1450
92.8195	5.5650	441.5192
131.8664	128.7365	187.7300
155.9705	72.9854	32.7171
23.3505	92.1005	374.4424
153.2528	20.0774	45.5304
98.3246	67.7917	505.2159
105.2642	160.7028	519.4844
107.5867	77.1934	326.5942
151.9676	40.5867	189.8283
148.1651	95.7078	254.8905
153.7150	165.0908	513.2059
122.1933	163.7100	241.0461
133.0414	152.2978	361.2070
99.4692	120.9273	21.4888
37.8519	141.2487	95.8181
7.7783	99.8965	132.8130
138.4363	147.5444	220.9981
38.1740	22.5901	378.8792
43.5832	106.2609	281.6417
13.1407	170.0295	17.0691
24.9994	141.9262	367.0199
86.5417	12.1610	213.3476
2.5658	163.1782	459.0122
161.1032	13.0038	384.0591
129.9919	127.4821	443.7367
13.1834	159.6724	392.5954
51.1362	101.9943	520.3043
65.7653	99.4050	274.1665
70.6236	72.4164	389.5762
152.7105	169.6589	318.9190
166.1892	99.1555	77.8004
80.8087	125.0244	170.9115
133.9490	146.7331	152.8715
66.4856	140.1078	520.6622
56.9517	3.8316	285.2089
137.1947	36.8476	321.0267
86.0456	38.6251	56.6005
49.8550	11.2875	232.4654
123.7618	44.6986	178.5856
74.1284	157.0661	185.0778
4.2337	34.2685	430.5043
6.9208	114.2826	344.8184
90.7526	135.1653	369.6377
70.2951	76.0168	309.1615
1.4183	104.6772	298.4874
75.9951	9.8697	134.1827
93.8258	109.0754	340.6142
10.9219	39.6825	58.8929
33.5360	133.5683	85.9727
64.5576	143.8206	60.2839
157.3196	146.1122	411.1838
145.2031	121.5939	143.7517
125.3023	92.5318	157.7154
112.5210	21.2454	365.4332
145.0559	123.5372	263.3033
145.9446	15.9936	124.2392
170.4389	74.1031	293.5110
34.3399	28.9916	18.2568
6.1150	71.5345	523.7071
161.1926	128.8859	25.0816
64.3609	149.4141	27.6130
162.2518	133.9353	500.2090
110.0227	161.5459	52.9612
31.8217	165.1569	8.6891
8.5809	87.7339	159.1666
68.2596	35.7931	409.9996
76.1172	143.9423	60.4785
142.8622	74.3786	85.2673
139.7419	38.4353	139.1947
121.1416	6.2075	398.8170
23.8869	68.5302	14.5042
86.0200	149.3331	424.5023
6.3935	102.3449	384.8689
40.9916	97.0497	502.1847
124.6879	113.9730	420.4387
135.8441	166.9362	498.0809
104.0862	122.2723	409.5255
47.1582	90.1684	203.0774
31.9598	123.8487	500.8588
148.7493	32.6022	75.6007
114.2812	21.6635	191.7943
150.5512	168.9413	407.6953
168.6677	27.9253	287.5931
139.5921	23.3530	451.1189
138.7463	162.7973	31.3285
82.7487	59.8611	334.7321
87.7847	120.1209	503.2785
144.4327	94.5275	161.9750
127.2421	39.0668	53.2517
118.9251	158.2808	262.1506
139.2755	30.3785	519.3389
1.5026	39.0199	454.0435
35.7502	21.5297	84.8599
96.1366	70.1429	320.4682
0.1684	61.0173	92.3530
60.8668	38.9806	60.1124
72.6109	62.4590	260.7435
16.9783	117.5142	431.3293
146.9195	69.6533	509.2347
76.0179	88.3848	486.0719
82.6884	115.8107	128.9550
108.1160	21.0527	438.9554
84.8980	74.9466	273.1579
39.8268	23.7026	486.1870
167.3670	101.9836	527.5174
132.8892	137.6029	62.1470
73.7861	137.0405	308.0759
117.2079	19.5822	83.3675
34.8117	139.6335	81.1445
13.4448	151.5917	297.1056
75.4976	28.3693	275.3215
49.4310	55.4544	244.1369
170.8315	6.5072	429.1122
60.8946	18.2913	388.3601
2.9586	95.3486	250.3057
36.8647	54.6690	170.9964
72.6927	171.1039	48.6272
119.2741	160.4313	428.9925
107.8458	12.8047	311.0985
164.5275	39.7990	138.4205
152.9666	67.0227	434.3905
77.0311	79.4741	95.4420
134.1256	36.1141	117.2048
110.2186	171.3574	359.4590
14.6357	133.4466	404.8943
59.6357	59.4525	242.6127
9.2751	68.5499	221.2008
95.4200	75.9606	489.4924
167.7065	84.1436	122.3241
162.5768	161.5815	461.8784
63.8988	91.4302	304.1468
160.8629	62.5469	476.7776
75.0701	42.3923	507.2796
91.5251	140.5867	16.7477
131.8111	17.4419	97.5361
149.3593	105.3533	358.8266
94.2228	38.8280	511.2695
117.7628	64.9495	127.7716
73.8156	95.5129	223.2151
28.0139	33.9196	141.8111
143.8374	156.7175	202.3294
85.2367	26.1512	166.4027
142.7446	79.1875	298.0729
40.7863	27.4101	296.8539
56.0377	107.9747	124.6623
36.7258	97.2592	229.7738
22.2801	167.3127	180.6806
105.8379	175.0434	92.8661
116.5408	103.8339	439.7442
101.4740	37.7745	476.1108
56.0712	3.5828	253.2174
22.8416	35.8653	54.7153
75.6233	85.9798	151.1005
142.8091	6.9524	13.1057
8.6895	59.3992	258.1011
126.6661	116.4422	385.3279
77.0716	46.2161	387.3977
123.3006	39.0732	174.4280
66.6266	56.7553	114.3987
52.6770	119.0858	309.2613
106.2659	172.1729	419.6959
145.1492	12.3574	316.9350
73.3153	171.7005	129.0204
71.7109	74.8845	194.5367
145.7101	94.5064	102.3215
132.4346	156.3296	130.6204
113.2117	16.7948	88.7985
126.2382	172.2079	94.3512
129.1250	69.3674	236.0186
171.8574	102.3534	391.2382
43.6356	75.5673	107.1779
40.7485	157.5041	290.1248
23.0320	39.1295	179.4511
34.6276	11.5628	518.6874
148.8922	39.8199	278.4019
100.9965	156.3395	504.3754
165.0611	172.3648	36.3221
171.0172	107.9153	359.5862
28.3383	20.2005	10.6626
129.8093	82.4427	154.0790
158.6356	51.8021	265.6976
28.4389	133.2648	462.2467
2.1741	63.6812	99.2114
9.7206	103.1389	403.8538
93.1592	57.8088	497.0009
114.7718	150.3705	369.2250
57.6292	121.9904	253.4897
146.9453	143.5735	160.5440
135.1976	156.8635	380.6933
140.5157	62.1938	422.7725
141.4295	52.9093	175.9471
69.5504	140.7339	22.7414
1.9123	41.3767	108.4808
122.5431	66.0717	189.0946
11.6865	51.3383	251.1588
15.6647	4.3851	36.0168
79.5911	47.2735	367.0647
82.2699	78.2801	97.6088
133.7151	59.8988	50.0070
150.6688	68.8659	168.0686
111.3320	76.3140	141.3584
40.0028	58.7857	380.3219
43.8108	146.4233	204.0456
63.1445	51.9342	518.9588
55.7267	69.4347	274.3484
118.2343	69.5829	192.5871
38.7140	56.0559	89.5964
76.0261	168.3168	244.8356
5.9289	99.8922	164.0093
81.4693	76.2365	292.3597
104.1174	58.2227	346.2570
111.5254	146.7359	30.6338
127.2745	41.6988	541.4539
12.4897	20.6726	436.7954
123.4490	170.3857	333.3859
161.7183	121.2784	272.2700
71.8206	45.1517	202.4609
122.4629	68.4193	427.9790
33.0693	117.5337	91.9171
69.9193	73.5135	223.2746
137.8379	36.0024	524.5985
107.5730	2.3572	253.1947
172.4267	43.5253	222.7714
87.1278	163.1175	119.3279
32.9824	123.6778	187.0098
64.5267	81.6556	180.0958
18.3429	33.2009	58.7687
4.6801	61.9724	313.0432
63.9398	98.9452	511.4748
37.0125	5.4518	320.8851
143.1532	93.5402	327.0453
169.4885	18.4802	502.5858
102.6330	105.0305	508.7041
97.5144	32.8164	246.3818
175.2300	96.7051	198.0937
35.3424	65.9173	235.1231
158.5568	81.4985	315.1956
140.9977	166.2480	515.8449
56.6355	89.4621	377.3039
154.1304	161.2879	488.5588
117.0475	12.6081	29.8967
157.0977	94.4205	127.9985
125.7568	170.8948	41.6998
120.2570	79.5459	97.7124
130.7649	39.8769	153.5425
84.3254	105.7585	284.0793
70.1255	50.5428	420.9785
4.6787	1.9785	347.7651
13.2887	161.1334	355.2833
163.6932	130.4958	513.1307
69.6881	144.0177	154.5409
164.2980	58.7561	502.3774
157.7686	32.8523	390.0425
6.8715	53.7975	539.3747
80.5426	105.5879	297.1981
129.5835	154.6724	547.3697
68.9444	7.0072	147.4282
125.2898	161.8850	65.7029
63.7744	117.8403	532.9043
131.7952	50.0143	160.1396
89.1556	22.8001	369.9289
56.3303	21.1331	93.6777
10.8648	30.7187	139.2181
38.2121	150.0860	486.8076
75.0919	171.2337	334.0205
9.9807	106.2006	433.6811
164.9890	19.8850	116.0141
117.9992	31.7827	417.3496
79.8392	103.7568	476.9412
25.4634	120.4631	128.0761
56.1910	14.6844	265.9753
161.5532	54.3582	40.4647
66.4355	120.6721	189.4587
90.6522	11.3657	247.6353
144.5306	33.1471	497.4861
82.9329	135.8064	144.0617
15.4798	33.4751	44.5490
158.5828	91.2171	99.8055
6.0033	175.2509	450.6387
5.8268	76.1313	502.8117
96.5559	97.7984	472.4487
172.9815	15.7815	248.2884
3.1420	81.4129	124.7623
43.4389	61.0117	235.9360
6.9469	127.4139	475.7964
172.0382	90.7745	368.5323
169.1318	41.7981	149.4256
143.9104	8.5308	403.8042
43.8843	17.5781	341.8186
57.5899	95.1061	242.8815
84.0654	8.2084	166.5204
155.9164	40.4842	30.6613
103.0556	165.9203	249.6675
110.2735	123.1365	492.0403
157.2460	125.3217	253.5665
93.1511	89.1098	266.5650
57.9371	64.7366	115.5211
122.6660	132.8836	360.2391
30.7686	87.9551	361.8182
147.6644	115.9720	30.5607
58.3946	82.8539	136.7446
26.5903	135.6283	516.7564
109.8124	14.2958	16.4209
97.0890	3.6177	80.9457
154.9035	125.4396	187.9901
43.7568	150.2929	139.5045
162.4238	109.6067	68.4283
67.0048	155.4635	16.9253
84.6091	70.2464	234.0387
4.3220	17.9237	389.6791
84.9819	101.8547	488.8302
92.0869	152.4214	104.9044
55.8026	52.4591	521.9800
78.9985	80.7014	507.0648
92.6591	0.5686	184.3787
98.3273	85.6086	226.3234
68.8059	19.8999	172.7821
126.9493	174.5481	87.7219
13.7405	74.2817	308.2694
156.5406	109.8384	272.8314
89.3341	140.8286	434.6661
19.2379	69.4399	216.6768
19.5510	79.9435	120.0222
124.1729	3.4831	51.7454
111.5802	124.3740	267.2956
144.1320	127.5976	12.3314
175.3063	129.2780	191.4257
72.0115	48.9229	293.3502
144.1733	33.2657	211.9669
10.3743	60.2269	420.1184
98.9925	33.1542	81.0574
109.3446	111.2896	493.2402
169.4805	73.9817	246.3861
59.6592	94.2483	119.3884
111.9768	76.2905	341.1214
15.5713	76.6065	388.9734
81.8617	41.9849	470.0391
89.1499	156.8767	160.8204
12.6157	153.8806	511.3376
104.4846	101.3605	359.9734
157.5676	7.5622	406.0055
155.3607	143.8293	149.4525
113.7157	52.5733	45.3721
106.5404	174.5798	545.0284
147.4213	162.4187	168.1312
49.5359	173.0587	265.6330
170.0187	8.6152	287.5021
24.6447	85.1554	123.7651
49.9416	7.1936	212.1509
106.7913	159.9394	121.9293
152.5356	126.5252	269.4338
132.9111	122.8399	318.0102
89.2288	39.9525	125.5509
42.5470	29.6622	309.4465
148.3285	129.2645	31.1550
113.3703	174.5258	133.2843
163.4682	27.5658	481.7145
41.4435	38.9475	472.2593
44.8520	50.2786	48.8854
155.6840	50.9319	3.5055
38.0237	38.5892	100.0016
58.0889	34.0750	61.4912
14.6946	24.3295	219.2126
101.5436	16.0174	486.2895
46.9947	29.9075	488.0929
86.4292	64.7474	238.3070
17.8387	38.3433	45.8279
23.4717	115.0939	156.5534
170.9948	75.0552	331.5463
87.6414	121.8816	68.4781
60.6393	157.7834	245.8896
140.1213	150.5034	364.5963
151.2201	61.6665	428.3303
117.8910	168.0307	361.4726
15.2060	81.0415	541.8383
116.0701	16.8439	85.5757
1.0279	168.3797	62.5959
114.1204	94.6924	111.6278
143.7481	119.3892	74.6052
81.9792	35.7577	122.9142
125.2993	62.5692	510.0989
8.4349	73.4806	324.9277
58.1303	128.2905	168.6472
83.4080	158.9861	329.5825
22.7625	89.0866	358.0122
130.7429	170.1774	334.2024
173.9606	113.2495	387.3752
22.9933	119.8056	301.3180
123.1537	109.1107	542.4523
154.1635	7.1865	407.5050
98.6830	108.8993	34.1772
55.6889	171.7700	256.7972
167.4037	167.0867	445.7816
141.5292	86.7827	311.5564
124.7228	144.6538	534.5955
2.0632	28.7054	263.4814
61.9381	132.3175	361.9054
154.0492	105.0997	373.0102
105.2140	155.4432	24.6261
59.3946	1.0418	492.1113
78.2623	14.3900	334.3336
19.8370	137.4054	268.4480
8.1567	73.2870	530.4049
46.7525	56.7811	84.5304
174.5062	81.2457	259.7928
139.3293	167.6824	118.1141
45.6778	32.8282	534.2138
68.4394	108.2099	368.1619
142.3399	16.6442	493.1012
91.7451	38.5931	212.8680
158.9448	127.6656	145.2713
48.0923	148.0436	521.2875
2.5371	35.9314	158.6214
64.3124	89.5359	314.6839
40.7911	70.0500	333.2461
17.5916	0.4199	265.1370
27.7426	56.1759	24.9639
49.6284	89.6700	245.4615
120.8585	29.7787	46.2369
28.7979	115.5123	121.0085
40.7110	43.1701	449.7792
119.3988	151.4896	303.9714
110.5687	67.3227	407.0710
19.4288	7.0206	117.5438
167.1151	66.0804	291.6711
17.2251	67.5631	443.7898
155.5860	22.0704	270.7353
124.4014	78.7576	219.3095
64.7648	174.9302	373.1746
48.4873	170.1836	428.3905
46.3302	122.0298	546.9622
121.2783	127.4421	403.7933
86.7861	35.2581	67.8658
45.5654	120.4811	512.0943
31.7339	19.6855	546.7686
132.1521	159.9991	105.1063
131.2113	139.1022	427.4447
17.7432	129.6775	52.3840
98.1836	128.8497	257.4977
129.6599	157.1801	145.3717
139.8986	104.6047	427.8787
134.2873	51.7895	518.2465
9.8880	172.0076	454.3912
140.4262	25.8091	472.7381
95.8660	163.4120	523.0806
172.9377	116.4228	281.1724
148.1129	148.5764	465.2688
72.6723	162.6005	134.2692
155.2475	85.8036	449.9201
70.7236	156.7294	244.8187
20.5897	127.5631	87.0411
53.4365	134.3431	199.4221
161.7129	64.2678	480.0410
95.3628	111.4930	285.9215
124.2211	120.3209	159.3819
81.8628	102.6069	160.2145
149.1699	62.4357	45.2104
16.1737	103.1844	501.2942
107.6906	172.0256	153.0008
49.8355	154.1886	171.7636
104.6245	117.9907	479.6987
163.5637	20.4770	2.5212
10.9270	99.8824	67.8406
153.9701	49.0464	492.6366
130.8159	84.0991	339.0616
49.0252	131.6004	3.4309
37.4245	12.5823	503.2502
133.1646	38.7181	153.6289
12.5495	130.4874	324.3944
103.9805	56.6203	306.5063
83.4372	94.1369	259.0072
108.9600	55.8773	22.6509
76.5243	116.1952	79.7039
7.0262	32.2639	344.8062
105.0646	31.1533	120.9278
122.8369	110.9646	226.4023
171.9537	140.4708	326.9772
75.1289	49.2426	302.4239
44.5172	203.4092	408.7400
127.5616	24.7714	193.4497
91.9176	5.8167	358.3757
40.9131	64.9203	226.6055
110.8730	0.3220	46.7316
61.3581	83.8398	331.1924
134.4940	123.5750	220.1323
71.4495	20.5017	159.8111
134.0545	3.1678	267.3403
115.6083	113.6582	151.6624
3.1608	85.9834	290.2196
149.3295	37.4706	279.8129
153.5609	93.7621	35.1617
95.2068	151.0079	77.8637
60.0130	113.8729	315.9633
31.2050	168.3314	252.5033
13.0322	24.1243	284.3854
172.6157	136.8628	31.9166
120.7979	96.9712	293.0689
133.8989	156.5344	220.9749
42.3806	72.7795	308.4258
0.8175	89.4331	425.7621
60.0186	170.6472	193.9814
157.0479	81.1275	332.3327
91.3480	53.7654	395.7809
80.2854	69.7129	433.4472
67.8492	121.4079	413.4855
154.3538	36.7141	252.0269
152.4409	156.9681	544.5414
64.7050	61.1139	77.3915
166.6876	123.6349	81.0380
48.2289	147.0547	250.1173
77.5885	69.4659	285.2932
18.6307	94.1565	380.7818
8.6604	12.1960	286.1837
41.8460	113.7132	115.0899
101.9357	30.3776	120.9121
88.7348	75.0892	26.0066
132.0275	145.5396	442.0393
126.8362	162.2078	226.4711
155.3282	20.4760	240.6272
26.4137	157.1551	317.5529
136.7206	125.6819	100.1533
57.6318	135.6332	415.8348
151.1488	80.9461	62.7516
49.8070	20.8255	247.6822
162.6522	31.0973	167.9656
126.1034	162.2457	530.1265
71.7282	103.5206	24.4301
60.2225	102.8726	108.0062
0.3521	44.8476	59.4539
20.5057	56.6217	231.8445
48.9066	12.0340	494.2743
3.8894	55.6250	0.5810
43.3081	166.1147	93.6347
4.7422	63.3336	72.1135
63.6414	153.1038	41.8189
131.5116	155.9840	160.5067
76.3179	39.4840	478.4660
51.6168	140.3274	5.2283
115.9253	73.8590	498.9458
168.4910	109.6279	162.8458
162.0145	156.2532	201.4864
26.2335	116.5690	397.4571
168.8305	140.5763	486.8023
38.4789	50.1879	409.9227
100.1160	145.9546	462.8352
161.8606	52.2395	77.0052
130.4732	6.0539	342.3314
114.6549	9.0683	104.9691
145.7980	124.0438	119.3435
39.5800	156.0564	490.0782
31.0787	133.7788	415.0169
96.2517	54.6392	54.2932
27.7620	30.4464	18.5492
22.6876	108.5657	499.5769
37.2558	124.4113	186.2117
93.0779	147.3589	520.1241
151.0206	41.4571	102.3141
131.6508	151.0345	390.1974
140.8360	68.1390	223.5599
110.6983	169.3461	240.8174
160.3186	112.1233	11.1572
87.7356	128.8119	388.5817
84.1807	159.1017	342.7503
148.1692	152.0012	169.5226
94.3945	68.5524	244.9697
32.3203	21.8865	155.9719
65.1803	122.9968	122.1889
8.4437	56.1468	243.6046
60.8741	152.5276	344.9561
47.6903	12.6891	69.3106
17.3430	24.3763	140.8345
145.8891	167.7327	503.7733
37.1833	17.3994	385.2349
51.6380	147.5912	423.4542
28.3294	48.1035	166.3813
97.0919	147.0546	435.2385
71.9447	141.9518	487.9642
66.0857	9.2433	487.0923
51.9167	153.5872	382.4473
1.3550	123.5876	398.3942
45.1416	152.1931	23.5022
147.0778	146.1164	200.0072
128.9849	22.9832	418.7236
100.3464	46.7869	41.7215
91.7507	130.5903	520.0372
113.0328	2.4279	144.0376
166.0586	133.5143	111.7654
105.7749	89.9359	521.4431
166.2138	11.4265	203.7399
47.9165	117.2124	143.6781
42.1903	87.8260	455.9764
121.3176	26.8274	199.4952
79.9915	37.2001	38.4663
23.6832	48.1104	97.2739
44.1534	171.7659	449.9492
102.4586	53.2395	56.5303
9.1481	43.5540	429.9994
67.8973	166.1269	364.9489
85.3526	138.5150	381.3526
72.5313	120.2571	384.8368
24.0143	128.7855	505.2160
53.8299	43.6763	99.9602
40.4254	79.4905	6.1174
170.5563	130.6246	268.0769
15.0280	78.8508	362.6684
165.3609	33.1965	117.8331
30.4261	115.4870	290.2701
28.6910	170.8005	172.3307
131.8456	114.8866	219.2229
26.4819	169.0896	262.8076
154.3601	128.1079	406.9738
137.5142	129.9983	249.1357
103.0936	34.1989	438.9253
133.2239	19.5098	227.1290
123.1290	164.0522	342.9926
89.4279	124.1010	105.1240
94.2683	140.0391	26.9248
121.4476	144.0826	426.9305
124.9313	106.5813	42.9725
45.6098	170.4412	233.7905
132.1057	165.9757	451.3791
85.0105	11.7031	347.3335
141.6990	97.1985	232.7641
98.0198	40.5394	501.6065
123.0561	84.9941	271.0543
100.1484	103.9368	273.6285
152.9635	120.0164	317.7271
101.7057	38.7206	324.2417
34.4483	38.8917	366.5911
5.7444	39.3712	374.1025
79.2724	9.9250	329.1276
167.2544	111.3171	465.2138
83.1463	18.5544	231.1025
81.3420	20.5540	422.9327
135.6683	109.7788	0.3758
14.0454	38.3527	223.9466
22.0098	58.3609	24.5811
121.9531	50.8491	466.0233
90.2197	147.2806	545.3530
10.1913	43.2465	281.3326
116.6861	68.8071	150.8254
167.8472	116.7620	121.0931
5.8148	166.4869	200.7225
5.6651	119.7686	349.0673
60.7160	7.1558	157.2730
40.6297	62.9961	377.4342
87.6614	21.0740	0.8428
82.4226	126.6086	113.8772
61.6531	126.5013	294.4056
107.7737	37.1294	151.9424
14.5299	21.3622	356.7899
119.9802	30.8245	132.9423
18.2405	100.8153	327.3031
73.9562	127.2482	60.2559
88.6338	152.3856	511.3141
102.3599	49.1834	296.8556
6.4535	34.7701	149.8814
90.0165	143.1610	94.1121
134.7216	91.0168	86.6661
43.4820	9.2555	21.8411
104.6470	31.8711	302.8369
0.3298	61.4533	522.9338
60.2992	55.5757	464.5272
38.1896	141.9669	357.0540
169.8572	57.0381	178.7837
154.8380	160.6403	102.9724
79.5739	105.8926	125.9655
87.4498	99.4123	403.6261
66.6764	14.4064	313.2217
159.1810	30.7306	456.5344
24.7986	56.9179	108.1476
140.7508	41.3020	337.0479
7.9456	8.2684	388.1152
7.3439	18.5329	523.6724
66.0200	110.0182	374.3860
113.4004	6.4666	255.7157
13.5262	165.0613	438.7764
138.9811	119.9721	78.1848
5.8082	20.2995	518.7744
139.7223	105.5325	35.2120
72.4858	58.1869	278.0637
79.5584	31.2431	137.3961
62.0767	46.7280	404.3609
18.5737	34.5854	220.7319
135.8997	144.0417	103.1595
3.3262	99.0469	134.9908
47.2287	153.7308	537.9387
113.2375	11.7200	254.4604
72.6283	1.6968	421.8578
170.2372	79.7839	474.4793
153.2231	55.7804	64.1089
95.9863	89.5405	309.3453
138.7832	143.2484	431.4833
103.4984	32.5803	155.6287
110.4605	48.2049	255.4107
101.1592	33.0412	99.6053
138.3975	105.4096	531.1655
104.1203	151.2084	21.8619
46.8246	144.7836	184.4673
20.7306	65.2611	190.4166
173.5315	93.2289	373.8148
104.3627	0.4023	249.3934
117.1162	63.0313	95.7061
47.6903	12.6891	69.3106
136.8353	158.5284	171.9573
72.6739	43.7479	523.4201
67.4992	13.1397	111.9289
163.6163	127.3970	371.2986
54.7849	132.0472	517.0118
131.4593	160.8973	354.0733
25.5562	89.7897	98.2000
6.2590	129.2538	478.1504
25.0924	58.4621	128.1464
168.4424	15.0443	117.9970
19.6421	65.3597	187.2476
52.7230	159.5058	128.9784
117.2942	169.4962	353.8745
73.5380	79.7665	534.3245
150.5785	118.7977	280.9802
122.7353	136.7328	50.2058
99.1558	97.0426	287.6750
89.7032	5.5046	445.5408
124.9853	121.7494	294.9013
11.3014	165.7035	413.8974
22.0048	94.9171	130.9591
109.0568	69.5967	245.0838
50.7789	174.3459	314.7646
156.8173	92.2974	374.7460
88.7438	52.5800	99.1197
151.5979	136.8439	117.8552
96.1586	136.5294	419.2240
20.2605	32.6402	132.8906
116.1634	72.2210	145.1681
156.6696	146.2938	186.2310
56.7613	156.4776	150.0963
140.4314	11.6784	30.1136
166.8523	102.8120	534.5038
136.4337	126.5653	513.4121
125.3669	167.5432	265.7836
97.6267	130.0753	238.2979
101.6228	171.8050	390.7555
131.9287	7.6330	63.9545
102.9034	12.4446	470.1893
102.9441	143.8251	446.1604
28.8298	123.3434	474.2087
84.2258	119.6978	273.6824
165.9733	74.1212	337.0609
138.8325	72.9122	432.4742
79.3463	110.0539	440.0540
76.8445	130.3171	80.6859
48.5681	145.7763	15.9613
110.9179	34.1062	352.3906
97.3135	172.1746	442.6689
38.8324	70.1451	282.3612
33.4697	32.9139	231.0171
49.7065	67.6779	223.0589
102.1883	148.1023	154.8711
28.5943	64.8770	125.1444
105.0378	75.2647	91.9873
161.6179	117.6055	147.7211
90.9198	54.4725	425.7036
104.3701	96.1114	448.6188
7.9899	166.9970	281.5104
23.3835	85.6366	46.0360
55.5821	45.4687	166.3234
55.6015	31.8511	263.3035
52.0628	66.9288	324.3171
38.5085	174.5052	238.5858
32.2477	99.1098	51.8950
162.3880	4.7576	337.3720
100.7053	163.4599	539.7922
136.7624	117.3305	228.6535
106.2691	16.7142	19.6472
19.8075	106.1754	425.1761
120.1679	6.3347	161.2007
138.1901	134.9800	131.9373
40.1104	156.5625	5.7121
48.3108	7.7481	414.1555
11.2545	49.2162	410.5151
115.2931	138.2791	51.6116
83.4817	34.3192	433.1496
105.8487	23.5469	315.9915
152.1236	67.3362	310.3184
69.8302	137.6296	22.8961
61.6640	112.6645	442.7413
0.6628	166.6480	195.6380
89.4282	101.3993	199.4068
12.7054	60.8886	67.8276
157.9005	25.2093	264.8220
3.9538	174.0112	248.0136
141.5146	50.8655	296.5652
109.2929	102.5503	435.5429
66.4244	165.3681	241.0624
21.4878	86.6229	138.3503
157.4646	46.1679	98.5075
131.3084	79.1767	170.3766
24.9296	127.4730	20.9420
58.5326	120.2570	199.3297
43.7268	153.0556	5.7809
143.3976	49.7868	126.9922
18.7784	131.0828	496.5771
46.1376	18.4442	72.7297
23.3643	125.6455	442.0744
43.9886	156.5526	371.4209
29.5580	3.0815	107.7504
83.8277	159.5575	430.8007
136.1061	60.4542	422.8539
45.1959	99.1806	320.9465
85.4030	16.5895	453.0870
68.7187	51.3124	205.5491
124.2030	118.2109	283.2887
24.1561	23.2548	232.0504
23.3779	12.5191	101.6818
26.9489	137.9017	156.7743
62.1556	65.9177	219.5724
149.5290	2.7333	336.1222
29.0656	112.3435	462.7482
41.6704	14.4786	223.0742
8.3975	61.7125	95.5801
97.3376	110.7320	264.1808
3.1605	148.5593	174.4809
104.2779	166.5218	11.8940
89.0623	116.8812	105.3752
123.2542	46.3914	54.5834
158.9657	120.4668	295.8902
149.6401	88.6814	157.8695
52.8809	71.7661	191.4704
151.5813	132.9528	302.4890
77.9394	0.9668	222.4390
39.9490	7.1114	342.8898
36.5178	105.4157	162.6051
150.8263	14.8734	191.5159
25.9198	30.1883	329.6900
168.9996	147.0794	235.6081
78.9773	148.3764	508.1935
158.2457	70.1487	35.8096
135.8901	8.5697	109.9604
107.4966	106.2070	533.4275
147.6356	49.4894	464.7160
110.9406	110.2764	293.7653
4.1871	159.2270	420.5790
122.4767	107.2468	252.3180
26.7598	122.5383	192.0476
81.4359	96.1471	400.0636
23.7926	168.1619	57.6882
122.6163	172.5595	157.3101
114.9694	119.0599	140.5225
14.3902	134.7828	418.6012
81.0315	151.9269	278.1918
165.6460	101.5653	52.1388
111.2546	23.9134	191.5443
87.5082	24.8614	379.3497
2.4143	127.5557	249.1779
83.6765	31.6012	532.4859
31.2454	120.7374	431.8516
154.3350	160.5622	329.4848
98.8077	121.8032	167.1116
28.3944	175.0119	242.0598
91.7025	149.3422	467.5970
144.6690	156.7291	96.1067
51.5746	67.2952	517.3429
37.6477	112.1082	163.2301
1.0116	4.3250	130.3997
1.6207	154.7147	9.4487
87.2972	111.5382	22.8252
28.8833	141.6604	535.3433
87.5450	33.0364	443.3193
16.9646	30.7630	41.2610
84.0433	52.5225	425.2485
92.2365	149.0843	150.9116
134.3885	168.8439	202.8539
166.1806	138.2934	522.3628
64.9353	115.2431	169.3666
170.7206	16.9879	318.4257
61.8049	153.4123	362.1995
120.5245	44.8616	148.0826
169.4931	11.4556	282.1631
114.9408	29.4712	313.9012
2.3744	137.9017	350.2471
49.4374	52.1282	39.2760
30.0605	20.1375	414.2388
91.9806	127.8803	363.9209
151.4818	31.4001	521.9760
40.9486	153.5525	259.0318
158.0260	90.3214	355.2453
82.6038	125.6831	227.7578
87.6836	58.3781	335.7491
9.4421	132.1354	494.8967
150.5307	19.9194	71.9012
48.4781	10.5959	19.0348
79.3868	117.2026	165.6046
155.1846	121.3932	87.5641
16.5027	51.4519	344.0879
104.1820	143.4606	378.7225
104.5444	119.6264	390.9081
69.6627	137.0300	249.4998
78.5545	19.7338	478.3840
154.9585	46.2809	208.0265
141.8476	50.2468	307.9458
149.3244	155.0209	520.5384
162.8076	123.2182	149.1359
61.6181	150.0336	355.4889
161.7828	24.2238	290.6032
17.3949	104.8815	357.5392
6.2899	106.7157	189.2174
87.5735	25.4650	547.7074
165.3743	88.0390	463.8031
54.1971	158.4937	540.7901
43.6947	159.4614	215.5582
115.7177	98.6565	175.1952
138.5476	19.8121	18.8341
86.4730	132.4965	112.2741
73.0745	49.1394	438.6433
104.7479	81.0352	443.5687
91.5214	127.3001	295.6245
18.7432	90.1981	242.1193
156.5828	4.1210	540.7417
55.4621	101.8035	481.1817
9.4137	146.1065	523.3312
3.3361	98.3579	452.6218
78.7537	113.0357	509.5687
153.0996	100.8618	365.5203
12.8550	88.5632	218.6558
76.3089	128.9225	177.4278
120.7506	25.3462	196.1516
126.5942	17.7100	205.3521
140.5121	142.2901	246.3040
110.2973	127.0899	464.1506
5.5819	114.3584	228.6477
3.0155	79.9385	69.1300
48.6239	35.2169	502.3298
99.4443	158.9108	50.5021
100.8807	143.8096	527.2467
144.9429	50.0691	489.4420
5.6817	25.3101	295.8448
101.0149	142.7617	150.5144
4.5198	102.0412	347.2263
32.9061	103.5754	203.1132
43.9088	89.3537	393.5085
37.7279	40.2497	430.7550
35.8256	71.1626	238.9192
6.9225	60.1074	202.9726
74.1533	104.3983	469.1598
29.5077	129.7102	505.5206
13.1563	26.6546	62.0288
136.7348	118.9413	214.4495
157.6732	89.5452	221.3837
139.9121	128.4664	294.3619
168.3805	26.2181	136.9294
154.3960	36.2083	117.5344
4.3109	62.2587	462.6460
166.6499	146.7701	301.4721
122.9860	165.2092	221.3527
56.0862	107.4406	176.6762
174.8804	79.0382	473.7867
171.8952	37.8242	379.6583
11.1880	22.7057	387.3479
2.4555	145.2111	324.7974
62.5303	4.6522	58.1734
157.2306	165.1207	42.1571
43.4959	62.0124	430.3613
28.5105	44.7242	158.5119
169.9715	104.1192	498.9016
121.8077	65.2030	318.2211
152.4279	142.9939	353.6259
54.7896	18.0002	93.5350
28.1115	50.2538	395.0739
163.5529	7.8265	94.3354
10.3761	106.8564	310.0246
96.3918	26.0631	485.7523
70.9456	163.0342	382.2281
47.0581	145.3171	173.2375
100.3084	138.4158	237.4794
21.5993	158.6156	220.3190
47.7121	21.5782	192.2544
0.7563	97.2334	504.0064
133.4008	99.3080	46.2171
103.4117	104.0735	3.3705
26.8545	17.2050	546.6736
140.4087	125.5513	184.7482
172.6508	34.3226	239.5678
164.8382	103.1671	55.6162
148.9486	100.1178	416.4499
139.0910	126.8823	381.9064
58.5803	3.0228	527.4155
88.7794	26.0680	137.0905
157.3555	101.6344	242.1042
99.8123	92.6090	507.6701
40.9518	49.6640	55.6313
163.9951	20.9409	238.5489
58.4415	11.8769	80.5332
154.6455	103.9042	490.8766
61.7705	76.7716	258.2809
20.3155	4.0873	428.9058
122.2671	47.0909	45.3606
103.3184	144.5463	133.3499
79.4840	54.5278	510.2191
124.6086	24.9679	32.0500
119.1215	159.0543	502.8955
77.3091	166.7823	123.4216
102.3029	171.7353	478.5667
82.9725	59.3432	500.4579
46.2119	170.6355	178.1333
91.5650	139.5860	317.3063
159.7653	147.4116	499.5538
2.2304	133.4449	199.7752
106.2270	61.4675	283.2971
4.6691	163.7714	416.2533
147.4777	59.9716	267.9349
55.7933	70.9923	455.3917
62.9697	141.9479	478.9021
129.8680	133.7667	438.3794
64.8565	156.2379	537.0785
8.3210	171.2278	75.5377
158.1797	156.5543	321.0582
23.2099	67.9845	279.6408
88.8312	13.6496	149.5284
76.6949	111.7711	79.3880
37.7596	52.2984	375.6483
113.9364	99.2585	53.2224
75.9303	40.5920	260.7799
4.0925	48.1983	321.7584
96.1197	151.2397	375.8718
40.0946	35.9308	219.7561
86.0864	172.9392	279.0212
174.9731	143.6818	98.0082
134.2279	29.1520	516.3701
16.4231	157.6969	214.0025
151.0560	103.0269	531.1142
91.1810	156.3941	288.2767
1.4834	13.0698	109.7447
141.0229	94.2516	337.0581
10.6940	79.0503	167.7126
76.3610	168.0075	335.3054
109.1043	26.0040	359.3531
19.7281	152.4942	455.1989
111.4541	105.0501	359.4370
0.9809	145.6230	147.7811
57.9769	5.7973	83.2054
132.6403	130.2915	282.7556
10.4957	167.0268	250.6421
56.3089	23.5682	532.8838
160.5794	166.0483	3.7614
5.3302	40.5881	292.6601
146.7467	15.3916	137.2103
77.1677	168.5163	84.5696
59.7075	19.7612	542.4805
58.1227	49.1900	4.7798
32.0464	160.8977	86.2676
105.4965	134.1690	375.7741
115.1247	162.3279	174.8661
36.3623	10.3576	452.5804
18.1405	82.0507	544.2775
120.3600	97.1309	430.0917
79.0531	33.7284	67.6664
72.7319	53.9857	145.4768
154.0517	65.8207	256.7412
41.4914	30.8545	53.5006
121.4965	119.0279	404.2568
82.7723	162.0008	101.9443
172.5398	138.7221	124.6300
26.8276	3.7225	143.2976
44.4925	28.2645	471.4158
25.9446	172.2318	294.3920
129.5067	27.6591	219.4644
57.4560	8.5014	413.0608
114.8610	110.3401	386.7667
52.0320	118.5040	179.6544
37.2105	17.7721	376.0771
81.8517	15.3516	154.0816
149.2554	15.7404	429.9118
135.9235	83.1997	162.3783
107.4964	166.2879	503.0664
45.2370	159.0638	500.2932
131.6043	175.0059	214.4912
115.9895	100.9219	295.6685
155.1348	20.4503	443.6985
28.9833	144.2765	151.5181
169.3347	102.7594	295.6914
2.3024	93.7542	410.0181
167.1928	141.2759	204.6013
173.3541	103.1296	144.8975
95.7116	112.6904	275.4958
128.3532	119.6577	449.5270
55.2363	127.8907	532.7681
167.4707	64.3096	60.6052
52.7775	148.5140	90.6577
23.0562	153.4870	84.9593
17.0074	6.6984	29.8606
56.8304	105.5710	53.6692
54.1417	110.3175	8.1955
58.0745	132.4094	389.7499
55.3459	132.2854	96.9015
157.9303	110.5448	26.4001
156.8569	85.9658	453.0839
25.0530	119.3377	221.7435
127.2807	52.0015	388.3205
4.7266	44.2465	362.9647
118.0588	56.4986	164.9450
24.3806	164.0859	307.2097
125.5146	83.3817	5.1246
124.6101	10.8741	320.5639
101.5784	42.3865	274.9325
143.5118	96.6066	386.9723
25.3048	70.3990	310.3983
120.9438	152.7010	484.9805
27.0177	42.8345	153.9275
64.4520	135.8052	270.6780
43.3506	122.2419	134.7145
8.1513	68.7167	453.9771
3.2445	73.9813	475.4688
10.6656	152.8736	191.7697
157.4659	141.5642	87.7488
128.2575	37.2704	20.8868
81.3460	93.5775	208.8236
93.4161	95.7162	509.1417
2.3871	52.6333	388.0002
7.1682	142.4845	365.5156
7.1946	37.6090	294.8082
167.5179	100.4873	121.2336
129.0040	4.5702	278.6814
173.2289	76.0391	39.3509
124.6239	38.1822	110.1413
37.0716	138.2058	489.5445
127.1503	8.0096	288.7441
112.1397	24.1813	360.2577
70.0088	22.2545	277.1525
125.1048	61.3816	102.3249
128.4139	163.7207	347.0742
54.0506	9.3376	271.9030
95.8849	152.6188	196.6668
97.1908	65.8301	2.4546
112.3917	12.4180	289.1730
12.6840	148.6200	253.8228
23.7769	161.3220	21.4092
163.2415	170.8685	464.0101
86.5065	105.3275	480.1090
128.8406	42.8907	316.9970
154.8256	50.6388	419.4197
99.7650	109.0853	453.0464
158.4201	41.1932	215.9605
146.7328	15.1626	129.2745
162.0671	32.4039	45.2832
73.3040	157.5063	147.2549
175.0612	46.4796	349.6537
35.1851	19.0401	317.1801
49.7892	12.8425	516.6973
19.2504	21.6648	80.7849
22.7775	24.9462	179.8550
168.3723	66.5978	373.9751
158.1274	80.4904	387.1735
72.9811	68.6594	399.9427
43.0617	138.2259	146.0226
29.1639	54.6325	93.1556
165.1743	78.5151	245.2760
130.2563	175.2926	54.6647
114.4621	45.6046	106.2704
96.7773	69.4057	240.6599
132.3251	171.1272	186.3566
86.8371	59.7574	69.5834
118.3451	159.8473	458.8145
46.1717	42.6052	480.8376
98.8886	66.7853	299.0595
82.9193	15.4031	237.5465
8.7128	78.0920	186.1196
142.1408	44.3087	493.9129
158.4320	139.4661	429.1724
151.1551	118.1968	399.1414
42.8935	157.7682	180.2643
60.3609	77.6181	468.2926
125.0117	25.9235	18.6057
37.3195	66.6925	479.7554
55.3561	25.3476	157.5004
26.7969	167.0770	241.4594
88.5059	125.7839	13.8970
36.5631	36.7224	467.9989
116.3418	88.2002	433.1314
84.2771	49.3135	61.9990
103.8409	25.0011	161.3191
69.7979	27.6632	107.8083
27.4856	58.5506	114.9438
127.6459	130.7089	481.0540
44.8148	153.5491	100.5407
107.5995	138.9262	479.2311
142.1277	81.1527	97.8444
29.1144	11.7800	272.1481
151.8581	148.8335	93.2368
4.7167	98.7674	437.8768
136.1411	64.5025	375.1980
22.4746	29.0319	87.8568
124.2839	173.7640	538.4465
160.0025	23.5755	377.7344
61.5289	77.7826	465.9359
131.8668	175.1737	330.8650
172.0606	93.6416	307.6564
83.6276	65.1812	472.7075
61.6702	111.7975	462.4505
119.7275	8.8297	353.1008
114.0351	122.7283	286.7009
124.5955	4.2501	454.7001
163.9362	125.1033	184.3618
40.2962	117.8519	49.6280
95.1748	35.4359	141.7202
127.3131	56.6589	406.7169
49.6168	83.9370	127.7257
126.3217	3.2870	87.6577
82.3802	94.9368	251.6171
174.9803	147.6427	265.9875
76.9069	38.3933	125.6506
44.6769	71.1720	24.0133
84.9320	96.1362	113.9528
137.9964	14.2410	151.6428
40.9973	89.6154	296.1484
43.2279	124.9081	253.0689
116.3915	75.4342	86.6860
55.8136	113.9515	129.4836
19.6743	72.5832	298.7252
84.8535	80.8730	181.9893
60.4885	95.2233	497.1968
71.8703	61.8606	53.1088
102.6797	131.5909	305.1121
5.1659	77.3816	367.4146
25.5846	13.3733	517.9298
58.5479	150.7159	454.8762
70.1472	84.7582	329.9076
69.8441	148.9153	258.8038
26.8480	167.0823	240.9330
163.5099	157.7311	46.2814
114.3784	30.8472	20.2514
1.5958	168.7971	282.9256
83.1775	116.9573	515.7329
101.6299	140.6908	265.0256
164.3372	135.1556	487.4197
171.2201	109.7286	415.4093
139.3944	157.9914	400.6127
125.8207	31.8687	153.7545
148.5785	121.1924	51.6614
12.4969	146.9240	173.2322
146.5773	56.9475	325.3758
41.3562	101.5200	144.1144
128.7123	37.7451	411.9970
99.0672	148.5239	95.1160
84.3589	61.6343	68.5519
80.6548	132.2990	478.9114
32.6801	6.4622	247.5095
152.2523	162.5712	54.8531
108.6802	43.2420	271.4829
37.8269	35.8773	97.7988
134.1842	147.8940	193.1969
122.8957	106.1435	104.9681
6.6996	147.3117	474.2034
90.1257	122.2209	92.1631
88.2219	30.4234	506.4819
142.5654	167.9488	518.0853
88.2343	30.7717	25.3972
101.4353	37.9973	491.2391
60.3242	83.8995	433.4812
20.2475	88.1661	255.1237
20.3474	107.8516	324.0194
155.9660	131.7964	134.2279
148.2557	52.0073	129.8284
139.4540	112.2547	102.3547
102.5394	136.9617	437.7046
40.8270	128.5251	42.3334
34.3563	85.9867	307.2496
72.8668	111.6320	123.2198
123.9681	173.9649	94.0346
142.9105	153.0639	463.8197
9.5382	30.0117	296.8237
30.1896	150.9621	335.4172
113.8242	23.0822	281.4182
138.6929	172.3455	82.5746
147.2067	58.8101	296.9767
162.6575	156.6514	469.5663
39.0618	173.5261	393.9001
45.2770	45.3742	462.4417
162.7567	118.1324	478.3932
125.4508	171.0039	174.3354
159.2660	84.9331	140.4959
150.1084	142.6067	347.3387
53.1425	145.4227	251.3490
146.7223	69.2312	211.2516
160.9304	107.6884	518.9861
141.7150	112.2846	169.5281
91.9997	18.5647	279.4477
20.1801	75.8132	50.9848
15.9018	101.4318	532.1096
62.0652	11.9264	440.2641
153.9616	170.6637	482.0026
139.7888	29.5560	229.7406
24.0977	48.2149	403.6009
20.5621	17.2515	98.7095
104.5565	87.2697	297.8634
118.3785	89.0977	223.8382
48.4594	39.5404	81.6589
88.9305	72.9632	443.3621
140.0622	127.2278	16.9141
39.6510	85.6690	428.1948
71.8823	58.5768	12.7546
30.7682	119.2356	374.0649
48.9789	128.5238	250.8255
114.8636	22.6344	224.0852
166.3337	101.6642	43.2096
157.8202	155.2876	138.2624
52.8032	167.9307	133.4531
113.4688	8.8882	229.9146
157.9718	124.5416	130.4543
115.2291	23.8839	369.8483
44.1865	145.4313	99.8190
165.3223	160.2773	503.4313
118.7071	50.2247	1.4477
82.2088	116.9935	76.7543
81.8331	111.9961	463.4881
3.6023	97.2186	108.4582
104.7117	35.4662	115.4155
155.8420	90.9134	454.4381
53.8347	31.5850	28.2302
12.6962	18.3537	63.3551
169.6360	134.5602	62.8390
39.8147	94.7153	106.5493
130.7183	143.6423	172.2085
106.4671	38.4886	281.8458
92.3256	154.4529	525.0071
109.4887	82.5572	117.0003
52.6336	6.6045	249.8236
53.3328	89.6305	238.3065
22.5814	87.3806	247.2879
100.5424	80.9234	355.6190
5.7980	40.8653	70.0854
172.1365	160.9405	96.0383
24.8237	167.5214	249.9633
34.2549	56.7784	142.0992
120.4374	132.5351	9.1910
110.8781	169.5888	224.1951
167.2731	171.1169	504.0739
62.0034	30.3350	60.9236
8.4327	125.3473	472.8061
67.3017	14.3133	426.0665
73.0763	30.0791	437.2302
102.2520	83.7523	174.3797
71.4630	123.0574	452.0077
104.6500	92.0693	465.1467
1.0978	99.9540	464.1697
52.8613	87.4561	468.3254
150.2182	48.5575	493.7192
76.0731	9.1053	145.2845
152.9299	125.0911	356.6592
30.0706	11.4469	276.2018
38.0599	101.6375	163.6385
24.9735	139.8691	36.0617
166.5087	60.8303	103.3636
9.0546	105.2712	508.6130
120.4450	51.2784	131.6016
87.8131	5.0077	296.9091
7.8215	57.0390	420.4383
66.5077	13.9598	333.4695
14.1017	137.4292	427.5635
89.4926	59.1415	306.1527
172.9393	132.2730	38.6511
92.1454	174.0396	340.6587
11.5489	139.4612	149.1474
28.2563	143.3879	188.6839
146.6224	123.1576	52.4031
81.0777	3.8098	363.1731
146.4682	99.4085	523.8262
121.5667	25.1304	208.7123
48.8226	34.5994	381.2076
159.7341	77.1199	314.8338
142.9618	96.0909	72.1972
5.2753	86.3473	302.3675
4.7422	133.9654	257.3144
38.9605	0.0827	399.3524
153.1661	118.1364	321.2431
156.8766	166.7584	162.0760
152.8723	99.8922	99.3484
154.6620	47.1933	71.7313
29.6672	163.3093	153.1660
118.1781	98.6468	401.5121
61.7082	38.2991	58.9878
135.8348	11.5606	504.5930
21.6818	160.2669	375.1224
92.2034	73.0524	374.1529
21.5569	149.6120	129.1658
86.4417	86.8519	102.7344
88.1505	102.9479	190.4612
137.4476	163.8970	374.5393
27.6534	23.4147	185.0979
6.3332	109.9642	508.8728
136.3642	3.2696	87.5137
5.5686	110.7504	251.4063
72.5379	35.7206	450.4620
48.8622	59.1503	176.7345
144.6286	26.6425	80.6705
153.8188	156.9048	412.3800
138.5028	149.0066	144.6249
152.0165	92.9031	92.2029
78.9402	82.6085	136.3596
50.6462	13.0868	419.6628
129.6848	134.9804	332.4740
128.6847	123.7754	72.7345
75.9444	133.1412	248.0013
111.7498	126.2012	399.0625
12.9190	85.5863	442.6481
130.9652	100.6653	176.3083
115.5961	153.8857	97.3597
113.2551	95.0972	115.2680
48.8655	80.3369	126.3897
133.5341	100.5819	329.6497
127.7418	36.4754	225.1797
60.8815	132.7034	536.1865
120.7499	104.4208	5.0679
122.6256	36.9342	176.0126
64.5967	3.6918	74.2098
74.5825	40.2150	384.2143
161.2007	17.6587	168.1583
44.2517	39.0131	388.6004
77.0271	29.4331	92.1450
52.4948	29.5118	455.0526
96.3506	137.7784	27.0119
58.1252	170.3005	33.9647
21.8928	99.7437	177.4152
109.7345	85.5773	99.5104
17.7483	166.5034	226.6678
131.2923	124.1997	445.7416
70.2803	131.9765	365.2946
123.5493	120.0397	525.8261
81.0056	169.9097	437.2598
67.0108	96.3359	85.2960
60.8936	30.7139	402.6424
142.5773	138.0588	131.1899
73.1695	16.6727	87.5480
115.1597	170.4432	355.1964
134.8421	174.4725	72.3768
72.5594	61.9801	239.8349
104.5088	92.3087	163.8079
71.7774	160.4203	407.4652
150.4105	164.7125	53.4176
171.2851	163.1809	530.7710
93.9703	115.8446	67.1160
126.1705	113.4352	365.1212
156.5748	32.9145	167.8334
43.8541	148.5106	89.8434
7.2589	168.0349	142.8592
101.6290	13.4877	490.5396
61.2367	138.8288	223.9561
152.7230	118.3073	115.5893
174.3107	121.4250	149.9390
40.8552	13.5378	284.2564
93.7147	173.9980	22.3454
68.5594	118.3018	388.6159
118.8377	77.8730	405.3326
54.0668	116.9927	486.4349
98.5061	42.9957	42.3076
156.5498	44.9313	303.4548
17.2729	117.9807	60.0669
33.0199	13.3901	411.7392
121.3093	90.9413	271.8808
134.8918	158.9076	17.6847
80.7783	166.6808	2.9263
101.0665	172.1091	219.8183
30.0708	154.5532	460.5124
147.5871	95.3464	353.6389
11.6538	85.2105	299.7225
8.2632	2.7970	108.5635
124.8201	77.7398	387.8590
48.8971	49.9601	17.1084
130.5428	1.3414	86.8379
164.1149	2.7046	385.7268
3.8161	41.2229	151.4390
158.9422	146.0268	345.9658
168.1131	54.3104	515.0940
24.6497	85.7959	467.7212
91.2436	23.2793	72.2200
92.2063	50.4163	484.6713
173.6850	155.3201	90.3031
54.7859	168.5924	321.0009
24.0998	65.6062	296.0521
140.8172	94.4881	109.6700
11.4440	38.8989	44.9337
101.5295	105.1212	377.2467
13.3327	18.7850	82.9924
51.0460	61.9764	189.7315
25.6529	33.7867	517.6772
78.2623	48.5243	260.7524
108.3205	63.0399	10.6767
97.8162	164.5227	282.0706
18.6404	96.2762	12.3620
120.6108	93.7565	371.9437
41.3727	29.9214	273.3724
13.3036	97.4599	220.0452
147.8261	146.4387	298.1863
122.8940	105.8021	34.6848
58.0251	40.6689	82.8605
82.4843	30.7284	224.8881
54.7211	43.0050	282.9719
49.3357	42.5133	143.8520
14.0711	84.5842	224.5469
88.8380	40.1089	72.4614
127.3688	79.7807	322.9256
28.6653	27.3243	125.6072
51.7849	24.6170	41.5612
151.5658	75.1521	370.2869
140.5456	165.2577	356.1271
27.6483	6.8296	304.4893
84.8114	139.5511	262.4745
153.0002	172.8791	379.6341
50.7833	22.8558	206.3725
70.1699	164.6623	139.0894
70.1586	22.8724	138.3819
131.2603	47.2104	283.0893
94.3975	74.2963	356.3832
14.8082	133.3223	455.5983
79.2459	60.9341	149.3958
69.9589	55.7629	423.7413
155.5258	20.2026	448.3038
75.0855	172.5841	54.6106
121.8491	72.5612	176.9893
156.4796	81.3287	272.7616
103.0465	150.9601	111.7338
141.3179	1.7286	473.1188
78.0435	93.3820	238.2025
53.4641	73.8646	380.9733
25.1472	115.6318	496.3159
123.4007	147.2826	545.5036
62.0732	63.2765	439.1147
153.4201	131.1942	123.2927
69.3673	159.8382	383.4934
67.3686	58.3684	300.7406
110.4960	26.4786	298.0518
70.6920	117.4424	386.7491
20.0833	141.2127	337.0698
170.7435	145.7836	276.0802
1.5228	14.9525	446.2215
65.0301	154.3761	315.9819
47.7669	145.0042	499.0172
38.2923	15.0243	145.4433
11.3204	82.7539	126.7047
142.4874	162.2340	337.4751
97.3361	126.1387	190.8029
0.2723	42.2554	98.9200
116.2284	105.2719	430.1448
106.5109	125.4329	449.4546
129.3911	166.2386	258.8437
135.4354	143.0766	428.9948
124.6775	145.4059	184.1318
2.2879	81.3127	428.4558
32.3051	125.4110	280.0523
6.0757	139.2441	119.5732
46.5593	171.1088	430.5850
23.1028	74.2267	258.0619
124.6476	4.7045	70.5248
52.8651	74.3986	367.6402
167.1737	23.8665	468.2194
76.7749	64.1327	484.9478
81.4151	144.9485	45.9337
146.2513	131.5128	333.9588
22.0588	159.5265	294.7457
113.7215	170.3832	212.4595
66.4523	138.2833	388.5249
69.1906	51.9128	371.5142
131.6689	132.4698	437.1604
127.5660	122.9590	177.4863
22.6837	116.5665	146.1732
56.1466	60.3963	25.8934
157.7282	49.8723	145.2540
47.6892	12.6859	69.3158
